Date,Open,High,Low,Close,Volume
2020-01-02,71.34405442839761,72.39408555090253,71.0911838210517,72.33387756347656,135480400
2020-01-03,71.56321309934685,72.38926493117573,71.40667380039741,71.63064575195312,146322800
2020-01-06,70.75401351048198,72.23994237629597,70.50354624985978,72.20140838623047,118387200
2020-01-07,72.21104883104543,72.46633010238772,71.64268897397623,71.86184692382812,108872000
2020-01-08,71.56559876638666,73.31885447118653,71.56559876638666,73.01781463623047,132079200
2020-01-09,73.99320996049889,74.76146451044018,73.74275001069596,74.56880187988281,170108400
2020-01-10,74.80239504412852,75.30091887725054,74.23643856809193,74.73736572265625,140644800
2020-01-13,75.05287082554342,76.36058652225458,74.93485817482635,76.33409118652344,121532000
2020-01-14,76.27147857331117,76.48100118582082,75.18051017572739,75.30332946777344,161954400
2020-01-15,75.10344034713454,75.98247543934815,74.54952248725758,74.9806137084961,121923600
2020-01-16,75.52249718552835,76.03065646802948,75.16124922768141,75.91986846923828,108829200
2020-01-17,76.16790133072386,76.76275640961391,75.86204746774389,76.7603530883789,137816400
2020-01-21,76.3894803308505,76.83019952815127,76.10288974668396,76.24016571044922,110843200
2020-01-22,76.72423978617735,77.06381371935198,76.41838585398544,76.51231384277344,101832400
2020-01-23,76.56529382668359,76.96025438766408,76.01860061750638,76.88078308105469,104472000
2020-01-24,77.12644008388187,77.86819933392093,76.46896614550444,76.65922546386719,146537600
2020-01-27,74.67234921705278,75.08416976822737,73.42484155700832,74.405029296875,161940000
2020-01-28,75.28404668634916,76.68086864175731,75.18530473421498,76.50988006591797,162234000
2020-01-29,78.1379073772642,78.95673430952284,77.39855173256706,78.11141204833984,216229200
2020-01-30,77.19627050016777,78.05122092954578,76.76517927864235,77.99823760986328,126743200
2020-01-31,77.29019066933044,77.71164655303768,74.24607885109228,74.5398941040039,199588400
2020-02-03,73.2851511845041,75.49839714349714,72.78422401879573,74.3351821899414,173788400
2020-02-04,75.93672133535755,76.97952779146334,75.53212542449515,76.78926849365234,136616400
2020-02-05,77.91395235806485,78.21258898353346,76.81335589638837,77.41543579101562,118826800
2020-02-06,77.6851684350144,78.32337167005116,77.12884718583062,78.32096099853516,105425600
2020-02-07,77.82123854389138,78.06988383321008,76.76630651671353,77.25635528564453,117684000
2020-02-10,75.8441484328751,77.623291015625,75.7644885208781,77.623291015625,109348800
2020-02-11,78.11817322586252,78.19059132825674,76.93770658748598,77.15496826171875,94323200
2020-02-12,77.60400616945556,78.99207670101356,77.60400616945556,78.98725128173828,113730400
2020-02-13,78.26060628866534,78.7506551305069,78.05782821966719,78.42475891113281,94747600
2020-02-14,78.39337649475979,78.6927218682662,77.93712767417983,78.44407653808594,80113600
2020-02-18,76.12900107799734,77.1887659353896,75.94794846047884,77.0077133178711,152531200
2020-02-19,77.24911404532844,78.3523297233802,77.24911404532844,78.12299346923828,93984000
2020-02-20,77.88400744802773,78.3716398349872,76.81700080414447,77.321533203125,100566000
2020-02-21,76.91598466630131,77.35775721221363,74.95578935685651,75.57136535644531,129554000
2020-02-24,71.75960237227564,73.43011036441114,69.82113268068633,71.981689453125,222195200
2020-02-25,72.65038734565039,73.03180163978591,69.07278565467855,69.54351806640625,230673600
2020-02-26,69.16935530367469,71.90928692764982,69.16211349223191,70.64674377441406,198054800
2020-02-27,67.85852928583456,69.04140503149553,65.89350114490772,66.0286865234375,320605600
2020-02-28,62.10346116385855,67.20914325476264,61.88860853206062,65.99005126953125,426510000
2020-03-02,68.14337454443714,72.76866613954134,67.04257525684778,72.13377380371094,341397200
2020-03-03,73.30699080209732,73.38665070115958,68.99310485052062,69.84284973144531,319475600
2020-03-04,71.56164999828624,73.24181619852034,70.76260504877715,73.08248901367188,219178400
2020-03-05,71.33956494467967,72.31242082695749,70.34740002247567,70.71192169189453,187572800
2020-03-06,68.07580613740882,70.20498737405435,67.889928042293,69.77287292480469,226176800
2020-03-09,63.670179502443226,67.1319051551366,63.48912685930832,64.25437927246094,286744800
2020-03-10,66.90257561810807,69.14762542571471,65.0268655374001,68.882080078125,285290000
2020-03-11,66.96293286366341,67.8875051992336,65.62796418784407,66.48977661132812,255598800
2020-03-12,61.784814276675704,65.17894700154001,59.86806983845157,59.92359161376953,418474000
2020-03-13,63.94536649521935,67.57366022928257,61.06300489011421,67.10292053222656,370732000
2020-03-16,58.40758108532822,62.542820889319664,57.93684495675963,58.4703483581543,322423600
2020-03-17,59.749772593000145,62.187945473114404,57.550586794967394,61.041282653808594,324056000
2020-03-18,57.881318208922394,60.35087498179023,57.24159672400037,59.547000885009766,300233600
2020-03-19,59.72081110917334,61.036459434063396,58.566902685612334,59.09074783325195,271857200
2020-03-20,59.67010772190427,60.79263606329375,55.03999095282429,55.339332580566406,401693200
2020-03-23,55.05931255400759,55.16070158535809,51.32479999006741,54.16370391845703,336752800
2020-03-24,57.05813597182242,59.793238287645494,56.56084531140466,59.59770202636719,287531200
2020-03-25,60.53193331315153,62.34245973328567,58.97488132854125,59.26939392089844,303602000
2020-03-26,59.510798931904375,62.44626304168301,59.47217348326275,62.388328552246094,252087200
2020-03-27,61.01473571142301,61.767913466106,59.638736473627105,59.80530548095703,204216800
2020-03-30,60.529517371062305,61.68342585318123,60.206033868463194,61.512027740478516,167976400
2020-03-31,61.702735358357586,63.366001623216455,60.83368129501873,61.38649368286133,197002000
2020-04-01,59.50596558883749,60.04188167908633,57.726822887688364,58.15652084350586,176218400
2020-04-02,58.01891951220774,59.18006982201146,57.188490836952404,59.12696075439453,165934000
2020-04-03,58.61277240805976,59.31284110700112,57.68819653151743,58.2772216796875,129880000
2020-04-06,60.568138982385115,63.51567376682207,60.201208300554335,63.36117935180664,201820400
2020-04-07,65.37206051111131,65.58932954032026,62.52350234713508,62.62730407714844,202887200
2020-04-08,63.42633937506472,64.54403851459621,63.06182517929843,64.23021697998047,168895200
2020-04-09,64.86511973614601,65.19584133375365,63.899505790640596,64.69371795654297,161834800
2020-04-13,64.77097468626023,66.07214313145124,64.17229133387406,65.96350860595703,131022800
2020-04-14,67.59299914714502,69.58457858630197,67.12225924197793,69.29489135742188,194994800
2020-04-15,68.17235045630129,69.12106449233013,67.7450688913163,68.66239929199219,131154400
2020-04-16,69.37454631683273,69.57249897577765,68.16028687860133,69.20797729492188,157125200
2020-04-17,68.72516946310567,69.27074378183441,66.83497575491855,68.26891326904297,215250000
2020-04-20,67.09811926901436,67.99854979022932,66.83257389218826,66.85188293457031,130015200
2020-04-21,66.69498771411664,66.92914950571688,64.07575712569414,64.78548431396484,180991600
2020-04-22,66.05041994300701,67.08604320648949,65.7100474299754,66.65151977539062,116862400
2020-04-23,66.59598178954948,68.01543553598502,66.35457829164004,66.39320373535156,124814400
2020-04-24,66.91705617630512,68.31960998543786,66.86877252729914,68.30995178222656,126161200
2020-04-27,68.02748643097968,68.68893686603447,67.58089596071159,68.35821533203125,117087600
2020-04-28,68.81932926175669,69.00038194653797,67.15847882168735,67.25020599365234,112004800
2020-04-29,68.73481966758834,69.92735352024151,68.53204161617626,69.45903015136719,137280800
2020-04-30,69.99737340670072,71.1005894315717,69.6087172156617,70.92436218261719,183064000
2020-05-01,69.1017567929507,72.17965163700352,69.00519685948858,69.78251647949219,240616800
2020-05-04,69.8066465413913,70.8977876030395,69.11864515995262,70.76984405517578,133568000
2020-05-05,71.2285224464027,72.66245995311394,71.0836788601292,71.83203125,147751200
2020-05-06,72.53208591439893,73.2031872790944,72.14825527383692,72.57312774658203,142333600
2020-05-07,73.19837114485792,73.66911092684012,72.89661676334377,73.32389831542969,115215200
2020-05-08,73.98228898395239,75.12237513838589,73.65551062741005,75.06912231445312,133838400
2020-05-11,74.57776663572473,76.74417245398942,74.36959376483475,76.25038146972656,145946400
2020-05-12,76.93296900656856,77.38319884408511,75.25793879153254,75.37896728515625,162301200
2020-05-13,75.55807493186354,76.47789576756719,73.39408522317618,74.46881866455078,200622400
2020-05-14,73.70879908605315,74.9868600913296,72.98746637441403,74.92634582519531,158929200
2020-05-15,72.70180935336562,74.52933644505968,72.66791783323735,74.48334503173828,166348400
2020-05-18,75.80498172029709,76.611028150083,75.11511790410643,76.2382583618164,135178400
2020-05-19,76.25520568719914,77.09998213452099,75.76625327530091,75.79772186279297,101729600
2020-05-20,76.65460843756124,77.34204942619355,76.6158784313997,77.27185821533203,111504800
2020-05-21,77.13387754437865,77.67366726497515,76.4585365069764,76.69575500488281,102688800
2020-05-22,76.43435100426484,77.27187370478033,76.33269118133187,77.1895751953125,81803200
2020-05-26,78.30541740950063,78.48453717513182,76.61101888750217,76.66669464111328,125522000
2020-05-27,76.52391007078806,77.14599099987917,75.78563172544763,77.0007553100586,112945200
2020-05-28,76.67639044487011,78.29091382648822,76.4004493161322,77.03463745117188,133560800
2020-05-29,77.27669643163954,77.73660324937043,76.60377827424547,76.95960235595703,153532400
2020-06-01,76.91360886615988,78.02707250180976,76.78289602270274,77.90604400634766,80791200
2020-06-02,77.63976650286615,78.2909002875674,77.19922108217762,78.26669311523438,87642800
2020-06-03,78.58621903033732,78.95898884323296,78.01496072344597,78.69756317138672,104491200
2020-06-04,78.5208656190316,78.81859097042819,77.6470360985682,78.01980590820312,87560400
2020-06-05,78.26911957554665,80.30239656428226,78.24007392223491,80.24188232421875,137250400
2020-06-08,79.93930785149966,80.75020011255444,79.2300827598663,80.71630859375,95654400
2020-06-09,80.39681304328083,83.6573136410901,80.36534445233356,83.26518249511719,147712400
2020-06-10,84.2116096226659,85.87453965160508,83.77348714351568,85.4073715209961,166651600
2020-06-11,84.55291522831224,84.97651490391192,81.20527075656385,81.30693054199219,201662400
2020-06-12,83.4418608157305,84.1873928706366,80.9002631844279,82.00888061523438,200146000
2020-06-15,80.6654845616587,83.6742509001126,80.50330314287096,83.02311706542969,138808800
2020-06-16,85.07334504214955,85.49452921505798,83.44188334314991,85.22341918945312,165428800
2020-06-17,85.96651946571197,86.02703369979835,84.9837688951085,85.10479736328125,114406400
2020-06-18,85.06123476532262,85.55503301794639,84.53112944713651,85.1386947631836,96820400
2020-06-19,85.84306093201357,86.30780603447573,83.54593597147135,84.65213775634766,264476000
2020-06-22,85.04429286253834,87.00979422869749,84.99830144840965,86.86698150634766,135445200
2020-06-23,88.1087341820106,90.1371727058119,87.6899729783668,88.72113800048828,212155600
2020-06-24,88.3508144843821,89.26821268122214,86.78228229668392,87.1550521850586,192623200
2020-06-25,87.3099530977363,88.35079512662277,86.55231359048508,88.31206512451172,137522400
2020-06-26,88.20799170182455,88.42826445687878,85.45095894340278,85.59861755371094,205256800
2020-06-29,85.50661981464565,87.66577111516035,85.02976731524565,87.57136535644531,130646000
2020-06-30,87.15987418081895,88.58801627360432,87.14051287267962,88.30238342285156,140223200
2020-07-01,88.37983297329643,88.9220381809634,88.08694613026117,88.1353530883789,110737200
2020-07-02,89.0406511103845,89.67483914156468,88.02159341265586,88.1353530883789,114041600
2020-07-06,89.56107543992535,90.96016437699369,89.5296068531223,90.49299621582031,118655600
2020-07-07,90.87062222466152,91.64762315168353,90.10088271239697,90.21222686767578,112424400
2020-07-08,91.18769953716944,92.34473152661032,91.10055518911935,92.31326293945312,117092000
2020-07-09,93.20403412942578,93.2572869587544,91.66455533300416,92.71024322509766,125642800
2020-07-10,92.30600881208682,92.93051996359854,91.69602787555728,92.87242126464844,90257200
2020-07-13,94.1746987408597,96.7792345052281,92.23098126624099,92.4439926147461,191649200
2020-07-14,91.82674120591236,94.16501274371473,90.89482765300735,93.97379302978516,170989200
2020-07-15,95.84487913129125,96.09419752364778,93.42430934647335,94.62007141113281,153198000
2020-07-16,93.49451766571708,94.31024858615012,92.85790656415841,93.4557876586914,110577600
2020-07-17,93.90598633783999,94.06089892749817,92.79493855947327,93.26695251464844,92186800
2020-07-20,93.35411815070974,95.37044953138843,93.01039399095433,95.23247528076172,90318000
2020-07-21,96.02158177786353,96.09661884897764,93.66878769091768,93.91810607910156,103433200
2020-07-22,93.62038702393836,94.86214066616996,93.53325004616464,94.18196105957031,89001600
2020-07-23,93.91568941051719,93.99314942038049,89.08665688068213,89.89512634277344,197004400
2020-07-24,88.0966309470678,90.016140810345,86.31266499943915,89.67241668701172,185438800
2020-07-27,90.73261189357382,91.88964363599959,90.50992367152858,91.79766082763672,121214000
2020-07-28,91.36925259131361,91.54595685387366,90.28483461346657,90.28968048095703,103625600
2020-07-29,90.77137079362801,92.20435141750036,90.73506372270917,92.0203857421875,90329200
2020-07-30,91.19498617960477,93.23794810661174,90.78833214151663,93.13386535644531,158130000
2020-07-31,99.61612680199143,103.03397001244983,97.62157236005555,102.88389587402344,374336800
2020-08-03,104.76227769682667,108.09056179793535,104.46455228309469,105.47634887695312,308151200
2020-08-04,105.66514250286653,107.26998160372126,104.9438099795325,106.18072509765625,173071600
2020-08-05,105.90233336993235,106.88508394782573,105.43758079842524,106.56556701660156,121776800
2020-08-06,106.89720218347466,110.77737527223312,106.30900549573542,110.28357696533203,202428800
2020-08-07,109.80586023116359,110.26174899503663,106.98081367668276,107.77619171142578,198045600
2020-08-10,109.21902314455248,110.35874505613272,106.69709332777636,109.34269714355469,212403600
2020-08-11,108.60794103965802,109.10504953060087,105.83138875527999,106.09085845947266,187902400
2020-08-12,107.17965891895842,109.87376452711321,106.98566715289093,109.6167221069336,165598000
2020-08-13,110.99406946976315,112.55815472074357,110.50665541102485,111.55665588378906,210082000
2020-08-14,111.3820725095563,111.54696624880587,109.65066604650143,111.45724487304688,165565200
2020-08-17,112.57755783182,112.60180865121056,110.54061480830164,111.16624450683594,119561600
2020-08-18,110.91893054414521,112.5169615015718,110.58428839700858,112.09259796142578,105633600
2020-08-19,112.49996719549999,113.64453639963617,112.13865437861999,112.23322296142578,145538000
2020-08-20,112.27446284451047,114.83762028422797,112.25748652761663,114.72364807128906,126907200
2020-08-21,115.68148161330981,121.1181872782855,115.66935990258521,120.63562774658203,338054800
2020-08-24,124.83315898862654,124.91804055011356,120.21609046422509,122.07843780517578,345937600
2020-08-25,120.95329871627834,121.42130925505194,119.35768781992573,121.07696533203125,211495600
2020-08-26,122.39128067814039,123.17938430241111,121.32673099966804,122.72349548339844,163022400
2020-08-27,123.32488497435537,123.65709978806709,120.11426694187719,121.25641632080078,155552400
2020-08-28,122.22880256231407,122.64589153107447,120.83689273182479,121.05998992919922,187630000
2020-08-31,123.74922926791106,127.06653708598974,122.2166692582802,125.1653823852539,225702700
2020-09-01,128.77371625173845,130.75247109042868,126.61067882372832,130.1510772705078,151948100
2020-09-02,133.45869988967056,133.83698910317142,123.18668026100194,127.45455932617188,200119000
2020-09-03,123.09934328509381,124.97138507910603,116.88180945410002,117.25039672851562,257599600
2020-09-04,116.46473461185484,119.98573625952378,107.56037630423063,117.32801055908203,332607200
2020-09-08,110.52849400857393,115.41716207276087,109.29663073421304,109.43242645263672,231366600
2020-09-09,113.73911382379356,115.56266164657546,111.79916649731042,113.79730987548828,176940500
2020-09-10,116.74602745349068,116.88182317054356,109.12203408038299,110.08230590820312,182274400
2020-09-11,111.12986314395623,111.77004920348398,106.69708456311906,108.63703155517578,180860300
2020-09-14,111.27536620520715,112.4490333059739,109.41301877590674,111.89614868164062,140150100
2020-09-15,114.7769823425134,115.26196916143692,110.1987055878256,112.07075500488281,184642000
2020-09-16,111.7700854383201,112.51696201625585,108.67586661477294,108.7631607055664,154679000
2020-09-17,106.42551466292394,108.83104527474275,105.4458391619844,107.02689361572266,178011000
2020-09-18,107.08509999522968,107.5506832359034,102.90450823656477,103.63198852539062,287104900
2020-09-21,101.40104892896447,106.88140167582651,100.0042844680874,106.77470397949219,195713800
2020-09-22,109.29663089711133,109.47122644967507,105.8823269140235,108.45275115966797,183055400
2020-09-23,108.26844522282775,108.74373016788621,103.56406780634413,103.903564453125,150718700
2020-09-24,102.01212791770884,106.93959588038079,101.84723417179123,104.97055053710938,167743300
2020-09-25,105.17425574034796,109.06385261398287,104.43707360612179,108.90865325927734,149981400
2020-09-28,111.55668035738763,111.85736984450415,109.39363569114487,111.5081787109375,137672400
2020-09-29,111.11048577797068,111.84766043177646,110.15990833447874,110.66429138183594,99382200
2020-09-30,110.37330565840851,113.73911550361659,110.20841190929694,112.33264923095703,142675200
2020-10-01,114.10769446919807,114.18529413378772,112.35204460964711,113.28321838378906,116120400
2020-10-02,109.50032515653433,111.90586307346008,108.85044458473479,109.62641906738281,144712000
2020-10-05,110.48970949498322,113.14743540361185,110.14051836534591,113.00193786621094,106243800
2020-10-06,112.22594886007512,112.63334341918222,108.87954271233731,109.76222229003906,161498200
2020-10-07,111.17838574960963,112.08046156708008,110.70309331868141,111.62457275390625,96849000
2020-10-08,112.75944080327828,112.90493833599005,111.14928093514196,111.51787567138672,83477200
2020-10-09,111.8185743074938,113.48693036528995,111.46938316049868,113.45783233642578,100506900
2020-10-12,116.45502931013961,121.42129686008033,115.69845107798898,120.66471862792969,240226800
2020-10-13,121.50858655705257,121.62498605023444,116.05733979847938,117.46379852294922,262330500
2020-10-14,117.36680433445795,119.33584953717633,116.02824344500344,117.55110168457031,150712000
2020-10-15,115.15527240046332,117.56080289760202,114.60238771843201,117.08551788330078,112559200
2020-10-16,117.63840102761567,117.90029805270329,115.24256497002679,115.44625854492188,115393800
2020-10-19,116.35804207693808,116.80422908289772,112.1871596819352,112.49755096435547,120639300
2020-10-20,112.71092747344602,115.40746025257594,112.15804282671203,113.98159790039062,124423700
2020-10-21,113.16680256328638,115.14554932303267,112.95340721660145,113.36080169677734,89946000
2020-10-22,113.92339674553574,114.49568501963495,111.14927164811971,112.27444458007812,101988000
2020-10-23,112.89523260157101,113.05043193781697,110.84858760677534,111.58576965332031,82572600
2020-10-26,110.58669317293085,113.05042702646372,109.49061825916863,111.59546661376953,111850700
2020-10-27,112.02223630461869,113.75848974001332,111.10076444910626,113.09890747070312,92276800
2020-10-28,111.59548115439539,111.96406850952522,107.76408046155812,107.86107635498047,143937800
2020-10-29,108.99592666867332,113.41900353400632,108.83102554669962,111.85734558105469,146129200
2020-10-30,107.72527053869118,108.6273463236584,104.48556211975591,105.5913314819336,190272600
2020-11-02,105.8338155489353,107.35667373960923,104.09756199136386,105.50402069091797,122866900
2020-11-03,106.36731546450528,108.14236164402186,105.46523966166725,107.12389373779297,107624400
2020-11-04,110.71279021468385,112.11924902667879,108.97653651830575,111.49846649169922,138235500
2020-11-05,114.40838980980128,116.02825144019144,113.36082388514865,115.45596313476562,126387100
2020-11-06,114.96528648231298,115.82033327578648,112.83737692583377,115.32479858398438,114457900
2020-11-09,117.08348880826458,118.53124107554257,112.75966168887598,113.02200317382812,154515300
2020-11-10,112.27382528066764,114.25597883957684,110.8940807658282,112.68191528320312,138023400
2020-11-11,113.86731293234887,116.23812654293447,113.13857769111563,116.10209655761719,112295000
2020-11-12,116.22842646880996,117.1126214574974,115.20819406878398,115.83004760742188,103162300
2020-11-13,116.0535360017511,116.27701069114,114.52805029862242,115.8786392211914,81581900
2020-11-16,115.54825966136949,117.55956865833653,114.80009473182567,116.8891372680664,91183000
2020-11-17,116.16039565890526,117.24863549686008,115.58712010448728,116.00492858886719,74271000
2020-11-18,115.24705160870013,116.42274359265693,114.65434634387621,114.6834945678711,76322100
2020-11-19,114.25598215062608,115.68430461397098,113.49809857736044,115.27621459960938,74113000
2020-11-20,115.27620565626937,115.40251710432108,113.96448361868471,114.0130615234375,73604300
2020-11-23,113.85758770837712,114.28511473034199,110.52483843743296,110.62200164794922,127959300
2020-11-24,110.6803017783766,112.56529172077765,109.39772075566353,111.90457153320312,113874200
2020-11-25,112.27382503154757,113.43979858279869,111.90459439029078,112.7402114868164,76499200
2020-11-27,113.26489496698315,114.15880846315034,112.92481998616722,113.2843246459961,46691300
2020-11-30,113.65356330256418,117.54015173092947,113.49809620715159,115.67459106445312,169410200
2020-12-01,117.57903133531022,119.96928259001577,116.60738412219025,119.24054718017578,127728200
2020-12-02,118.56035832864589,119.87208764992158,117.46239993689542,119.5903091430664,89004200
2020-12-03,120.0178419599632,120.27047227200518,118.74498667961886,119.45429229736328,78967600
2020-12-04,119.12394191020984,119.37657225081612,118.07456118438024,118.78386688232422,78260400
2020-12-07,118.84216630124308,121.03809104227989,118.78386984160453,120.24134063720703,86712000
2020-12-08,120.84375871454999,121.43646406909802,119.60004413555974,120.85346984863281,82225500
2020-12-09,120.99921619827668,122.37895334699282,117.56930300737729,118.32718658447266,115089200
2020-12-10,117.08346263085474,120.35791566525569,116.74338766599487,119.74577331542969,81312200
2020-12-11,118.95876836655133,119.27941372539408,117.13207427816091,118.93933868408203,86939800
2020-12-14,119.12393693642923,119.85267228564851,118.09399334838469,118.32718658447266,79184500
2020-12-15,120.81458769248664,124.27365614702585,120.610542706532,124.25421905517578,157243700
2020-12-16,123.79757294273104,124.73034594931227,122.97166689471923,124.18622589111328,98208600
2020-12-17,125.24529078778322,125.90601844904018,124.40967378529018,125.05096435546875,94359800
2020-12-18,125.30360828671483,125.43963827870924,122.54412684965975,123.06881713867188,192541500
2020-12-21,121.47531311924551,124.67203286094654,119.94982751976666,124.59429931640625,121251600
2020-12-22,127.87844404273568,130.59905822032985,125.97400967057341,128.1407928466797,168904800
2020-12-23,128.41289904268606,128.67523311498164,127.07202114631367,127.2469253540039,88223700
2020-12-24,127.59672197110412,129.67604646021374,127.38295839338778,128.22828674316406,54930100
2020-12-28,130.1910087492954,133.44601785068772,129.72460743607215,132.814453125,124486200
2020-12-29,134.13589678161503,134.8549062093824,130.53107920371312,131.04605102539062,121047300
2020-12-30,131.73592955161843,132.13430846309575,129.61773093964035,129.9286651611328,96452100
2020-12-31,130.27841448791915,130.91970498226274,127.98532727499882,128.92782592773438,99116600
2021-01-04,129.7343224533574,129.82176713240116,123.16598610776015,125.74085235595703,143301900
2021-01-05,125.23562928189573,128.00483022472457,124.78866496691505,127.29551696777344,97664900
2021-01-06,124.0987683518539,127.33435496235823,122.7967573877346,123.0105209350586,155088000
2021-01-07,124.72060913109178,127.89789896268525,124.2347856325796,127.20802307128906,109578200
2021-01-08,128.67518495872093,128.86952618923627,126.53756485844092,128.30596923828125,105158200
2021-01-11,125.5270809622862,126.47929089114106,124.85664214589357,125.32302856445312,100384500
2021-01-12,124.85665049211372,126.01291289609365,123.26314986487158,125.14814758300781,91951100
2021-01-13,125.10925836684517,127.72299108513502,124.84692436009828,127.17887115478516,88636800
2021-01-14,127.09143240514113,127.2857588427231,125.10926419379747,125.25502014160156,90221800
2021-01-15,125.1287025525268,126.52787663913662,123.39917203606663,123.53520202636719,111598500
2021-01-19,124.15705738304294,125.06069683837403,123.340877429049,124.20564270019531,90757300
2021-01-20,125.0121142129877,128.73352422939956,124.90523244341398,128.28656005859375,104319500
2021-01-21,130.0064001294405,135.7099645282226,129.80234769109845,132.98934936523438,120150900
2021-01-22,132.4160646907934,135.88485193048166,131.19179469063414,135.12696838378906,114459400
2021-01-25,139.0135690829673,140.97628571065687,132.6686993609781,138.86781311035156,157611700
2021-01-26,139.52849439587914,140.20864422957436,137.3617112330404,139.10096740722656,98390600
2021-01-27,139.36333253146313,140.20867556656404,136.4289690465183,138.0321807861328,140843800
2021-01-28,135.56422012291074,137.9641898687069,132.82416793009364,133.20310974121094,142621100
2021-01-29,131.97883669271752,132.86303917443942,126.51818434944722,128.21856689453125,177523800
2021-02-01,129.95775878259116,131.54154780221725,127.2177077051634,130.33670043945312,106239800
2021-02-02,131.88168346118144,132.44524067254102,130.79344323298977,131.1626739501953,83305400
2021-02-03,131.9108002272906,131.92052618668296,129.82176496768204,130.1424102783203,89880900
2021-02-04,132.43547630144383,133.50427900274144,130.77395356806818,133.49456787109375,84183100
2021-02-05,133.65514858435046,133.72325779067754,132.20522578325316,133.0810089111328,75693800
2021-02-08,132.37065786118401,133.27564766652046,131.29051736028654,133.22698974609375,71297200
2021-02-09,132.94475664834664,134.17087067010365,132.1954812442837,132.35116577148438,76774200
2021-02-10,132.80853804149436,133.3048279995829,130.7844904817518,131.74786376953125,73046600
2021-02-11,132.24414858851415,132.72097244544923,130.17145780866096,131.494873046875,64280000
2021-02-12,130.7358433658653,131.88409294253404,130.09359452723146,131.7283935546875,60145100
2021-02-16,131.84518629017936,132.35118706954955,129.2178071626484,129.6070556640625,80576300
2021-02-17,127.7192408682256,128.66314806479286,125.98712587517291,127.32026672363281,97918500
2021-02-18,125.72442823138826,126.502910651213,123.98258699491187,126.22071838378906,96856700
2021-02-19,126.73642239782728,127.19378012757379,125.33515742569439,126.3763656616211,87668800
2021-02-22,124.56640502266376,126.23041094448011,122.22124015432108,122.61048126220703,103916400
2021-02-23,120.43073670834654,123.30137584564321,115.20519230196524,122.4742431640625,158273000
2021-02-24,121.57899194807914,122.18230857916163,118.94189453786483,121.97795867919922,111039900
2021-02-25,121.32597453863157,123.05808944115938,117.29734557401017,117.73523712158203,148199500
2021-02-26,119.29218643059886,121.49139194672976,117.93957960066368,117.99797058105469,164560400
2021-03-01,120.42099709481208,124.4885510714253,119.48682297794498,124.3523178100586,116307900
2021-03-02,124.95564701355688,125.25730532990295,121.64710890595583,121.754150390625,102260900
2021-03-03,121.45249652917722,122.32828720569532,118.56239100874602,118.77647399902344,112966300
2021-03-04,118.47478400264606,120.27501537535014,115.4289873001609,116.89836120605469,178155000
2021-03-05,117.72552038212189,118.65969453198089,114.40724922583529,118.15367889404297,153766600
2021-03-08,117.67686731260757,117.74498394850409,113.08383865170997,113.22980499267578,154376600
2021-03-09,115.82796105806665,118.7764495417566,115.59441940046939,117.8325424194336,129525800
2021-03-10,118.4164168777091,118.88350022910564,116.23666982400522,116.7524185180664,111943300
2021-03-11,119.24355264557505,119.89552719538874,117.99798711036199,118.67915344238281,103026500
2021-03-12,117.16111263936789,117.9103955487277,115.95447204511132,117.77416229248047,88105100
2021-03-15,118.14395127784391,120.66427408423421,117.18057793774676,120.654541015625,92403800
2021-03-16,122.31853204805573,123.7976465733389,121.36489925795071,122.19203186035156,115227900
2021-03-17,120.71292450730932,122.47423118424491,119.04891881379946,121.40382385253906,111932600
2021-03-18,119.57440169521924,119.86633436304555,117.08327064661763,117.2876205444336,121229700
2021-03-19,116.67457827406234,118.16341864155612,116.46049529392347,116.76215362548828,185549500
2021-03-22,117.0930131834112,120.5377847911862,117.024896545298,120.07069396972656,111912300
2021-03-23,120.01229458916613,120.89781076796868,118.8543044696532,119.24354553222656,95467100
2021-03-24,119.51602254128295,119.59387224546333,116.84000020937296,116.85945892333984,88530500
2021-03-25,116.32425877519718,118.38723138862223,115.79878440882977,117.34600830078125,98844700
2021-03-26,117.11249015232345,118.2120970271745,115.72095796469546,117.94935607910156,94071200
2021-03-29,118.3775042989523,119.28248673827066,117.48225492917581,118.12449645996094,80819200
2021-03-30,116.87893335491496,117.16113298447573,115.66255948137214,116.6745834350586,85671900
2021-03-31,118.37748709188328,120.19717735139929,117.89093762370798,118.8640365600586,118323800
2021-04-01,120.33344161440051,120.83944989383653,119.19490999339443,119.69119262695312,75089100
2021-04-05,120.53777850848313,122.7661761594041,119.75929632134557,122.51316833496094,88651200
2021-04-06,123.09702657327624,123.71007628588559,122.26989388745704,122.81482696533203,80171300
2021-04-07,122.4450511751175,124.47882455845117,121.7736104771957,124.45936584472656,83466700
2021-04-08,125.4811068462127,126.88237171232534,125.06268142419076,126.85317993164062,88844600
2021-04-09,126.30826602843275,129.46109760648577,125.9871415439433,129.42218017578125,106686700
2021-04-12,128.95507626413877,129.276200697575,127.11591985323048,127.70951080322266,91420000
2021-04-13,128.87723269707828,131.0375136441806,128.38094270892825,130.81369018554688,91266500
2021-04-14,131.3099933958929,131.36837696548068,128.1182295730411,128.478271484375,87222800
2021-04-15,130.220150823009,131.36840082898902,130.04498523411246,130.88185119628906,89347100
2021-04-16,130.68718234573052,131.0472241792983,129.6946173321828,130.5509490966797,84922400
2021-04-19,129.91842322109008,131.82570351653897,129.75299819698287,131.212646484375,94264200
2021-04-20,131.38781245275527,131.8840875267871,128.2641585737153,129.52919006347656,94812300
2021-04-21,128.79937448295544,130.15198139662152,127.76789199677557,129.90870666503906,68847100
2021-04-22,129.46110142550572,130.54124205126504,127.87495994409139,128.3907012939453,84566500
2021-04-23,128.60476763173878,131.4851323617936,128.60476763173878,130.7066650390625,78657500
2021-04-26,131.20295824690538,131.42676689058607,129.9671181870508,131.09591674804688,66905100
2021-04-27,131.3781122600293,131.76736083305914,130.5023289552631,130.77479553222656,66015800
2021-04-28,130.69694575341165,131.38785269000346,129.5000379446019,129.98658752441406,107760100
2021-04-29,132.79885429572334,133.38271977828063,128.88699119854815,129.8892822265625,151101000
2021-04-30,128.23498319758693,129.96709820494203,127.54409123252586,127.92359924316406,109839500
2021-05-03,128.48801399046965,130.4634190600625,128.2836714700979,128.9745635986328,75135100
2021-05-04,127.66086008438737,127.95279275381809,123.29164023246338,124.41070556640625,137564700
2021-05-05,125.72439172337612,126.94076551104096,124.5274840738415,124.65399169921875,84000900
2021-05-06,124.44964624226809,126.25961120491856,123.71008883004946,126.24988555908203,78128300
2021-05-07,127.54628013792039,127.9459170756659,126.21086004578889,126.92243957519531,78973300
2021-05-10,126.14265555263232,126.26936319427197,123.60829449035425,123.64728546142578,88071200
2021-05-11,120.38186236478138,123.08192191649415,119.67029018955704,122.73101806640625,126142800
2021-05-12,120.284401882613,121.49309231644543,119.16343556175418,119.67030334472656,112172300
2021-05-13,121.43458279999426,122.96494285084451,121.12266251691543,121.81473541259766,105861300
2021-05-14,123.06242504546209,124.66101753625983,122.67252280548946,124.23212432861328,81918000
2021-05-17,123.61804864388507,123.72527195908786,122.00970635261075,123.0819320678711,74244600
2021-05-18,123.36461716765379,123.7837608469623,121.62955970713838,121.69779205322266,63342900
2021-05-19,120.05043995950335,121.76599784022277,119.75801143334377,121.54180908203125,92612000
2021-05-20,122.06819413421118,124.49532449020155,121.94147161685788,124.09567260742188,76857100
2021-05-21,124.59280216593018,124.76825782596866,122.04869881375613,122.26314544677734,79295400
2021-05-24,122.82849229292907,124.70976380781524,122.76025995557121,123.8909683227539,63092900
2021-05-25,124.59279202902988,125.08017543327662,123.1306641265909,123.6960220336914,72009500
2021-05-26,123.75450877268065,124.17365241574042,123.228141818366,123.64728546142578,56575900
2021-05-27,123.24762857840483,124.41732784538095,121.92196544288971,122.11691284179688,94625600
2021-05-28,122.39961299184344,122.6238092325372,121.40536918625511,121.46385192871094,71311100
2021-06-01,121.92196296159237,122.1851426884376,120.81074644955004,121.14215850830078,67637100
2021-06-02,121.14215297391479,122.07791381305455,120.91796422365286,121.90245819091797,59278900
2021-06-03,121.5320769508381,121.69778300232346,120.02120840977952,120.42086029052734,76229200
2021-06-04,120.93746915555829,122.97470451422886,120.72302254551224,122.71151733398438,75169300
2021-06-07,122.98444744531308,123.1306617200527,121.67828344764422,122.72126770019531,71057600
2021-06-08,123.4035896495703,125.21663622404847,123.02343700167279,123.54005432128906,74403800
2021-06-09,123.99819373222839,124.52456067367201,123.32561251203367,123.92021179199219,56877900
2021-06-10,123.81298472926724,124.95345011953233,122.76025831506651,122.92596435546875,71186400
2021-06-11,123.33536251537065,124.22239035571975,122.91621888119515,124.13465881347656,53522400
2021-06-14,124.59279446771667,127.24411353581664,123.86173050218788,127.18563079833984,96906500
2021-06-15,126.65928803562127,127.30262798000346,126.12317141530278,126.36685943603516,62746300
2021-06-16,127.07839924257492,127.58527439037435,125.2166344350542,126.86395263671875,91815000
2021-06-17,126.52280804022224,129.20337594415264,126.37658632134162,128.46255493164062,96721700
2021-06-18,127.40983331102534,128.1896229684165,126.95169870686416,127.16614532470703,108953300
2021-06-21,127.0101523182265,129.06687904605207,125.94767651117064,128.95965576171875,79663300
2021-06-22,128.79400746985203,130.69477120433336,128.2968743499232,130.5972900390625,74783600
2021-06-23,130.39256533356104,130.92868185123652,129.8661909803765,130.32432556152344,60214200
2021-06-24,131.0553765632134,131.24058178501798,129.57374966230876,130.04164123535156,68711000
2021-06-25,130.09040620403312,130.50954241745376,129.4568084909208,129.74923706054688,70783700
2021-06-28,130.04165459260284,131.83519451956099,129.98317185834844,131.37705993652344,62111300
2021-06-29,131.39652484834153,133.04385750975646,130.9578895823714,132.8878936767578,64556100
2021-06-30,132.7319822442512,133.94068011687085,132.439553660315,133.50204467773438,63261400
2021-07-01,133.15113240638843,133.86269721920397,132.33232940247316,133.80421447753906,52485800
2021-07-02,134.41825327969627,136.46523779604922,134.272046474327,136.42625427246094,78852600
2021-07-06,136.53354710734317,139.53577077954614,136.53354710734317,138.43431091308594,108181800
2021-07-07,139.91585290212097,141.23177365056304,139.05808151749494,140.91986083984375,104911600
2021-07-08,138.0053823208354,140.42276298269945,137.11835448019005,139.62347412109375,105575500
2021-07-09,139.1458282969305,141.97260274724476,139.04834716131978,141.4462432861328,99890800
2021-07-12,142.51847096001342,142.62569425576672,140.36426288116348,140.8516387939453,76299700
2021-07-13,140.39352411006757,143.7369310790402,140.00362927408963,141.96287536621094,100827100
2021-07-14,144.3607540301203,145.79364043052715,143.95134516697595,145.3842315673828,127050800
2021-07-15,145.47202235618528,146.2128286669575,143.37629622116938,144.731201171875,106820300
2021-07-16,144.7116829108476,145.97884856339024,142.1968210625346,142.69393920898438,93251400
2021-07-19,140.12058929133983,140.43251704679776,138.0931035014654,138.85340881347656,121434600
2021-07-20,139.83793618290784,143.38603306380864,139.35056015600642,142.4600067138672,96350000
2021-07-21,141.8556653977963,142.4405225803077,140.97839449756518,141.72894287109375,74993500
2021-07-22,142.2552494146691,144.45818265344855,142.1285269484485,143.09353637695312,77338200
2021-07-23,143.82463382519293,144.96509166825837,143.210535419876,144.8091278076172,71447400
2021-07-26,144.5264642055409,146.04707474588002,143.97084849928373,145.22828674316406,72434100
2021-07-27,145.35498894389306,145.44272791296905,141.87513262554674,143.0643310546875,104818600
2021-07-28,141.1538434950934,143.2593115153304,138.94115215326465,141.31954956054688,118931200
2021-07-29,141.03686397561236,142.84990322262558,140.92964066468824,141.96287536621094,56699500
2021-07-30,140.73467853831747,142.63544169374407,140.47149137109437,142.17730712890625,70440600
2021-08-02,142.6646895204393,143.2397895751834,141.582714310116,141.8459014892578,62880000
2021-08-03,142.12859665195967,144.30228959895823,141.51449808960257,143.63946533203125,64786600
2021-08-04,143.55170433223327,144.05856456840556,142.5866946784069,143.23977661132812,56368300
2021-08-05,143.26900294123843,144.1072900112852,142.47945643165977,143.34698486328125,46397700
2021-08-06,142.86867690985883,143.61059289976055,142.16580285802874,142.66366577148438,54126800
2021-08-09,142.72226739584752,143.21037365568,142.05845003246944,142.61488342285156,48908700
2021-08-10,142.95653516321173,144.19632898598317,141.84365370926938,142.1365203857422,69023100
2021-08-11,142.57583309295842,143.22989365517753,142.06819844175104,142.39035034179688,48493500
2021-08-12,142.7124810649403,145.50444888855472,142.37080079552103,145.34825134277344,72282600
2021-08-13,145.4263255685366,145.88514647193662,144.74298004086066,145.55323791503906,59375000
2021-08-16,145.0065628373872,147.59353426907154,142.9858112009547,147.5251922607422,103296000
2021-08-17,146.6563820290242,148.07188700426227,145.5435005089824,146.61734008789062,92229700
2021-08-18,146.23660593235846,147.134719463398,142.67342208980006,142.87843322753906,86326000
2021-08-19,141.5800696426097,144.4794213850425,141.0626783117476,143.21034240722656,86960300
2021-08-20,143.9327425154178,144.9675251601663,143.28843882859866,144.66490173339844,60549600
2021-08-23,144.7820517027598,146.61733569322215,144.37204430196212,146.1487579345703,60131800
2021-08-24,145.89489777853456,147.2713604372929,145.60203116452846,146.06085205078125,48606400
2021-08-25,146.2464073920847,146.74428535198763,144.28422542630764,144.83090209960938,58991300
2021-08-26,144.82110951404735,145.57278230599707,144.00107981111,144.03036499023438,48597200
2021-08-27,143.97177197062845,145.21156564308194,143.33723999505236,145.0651397705078,55802400
2021-08-30,145.45561079403902,149.8388087234133,145.07488865020937,149.47760009765625,90956700
2021-08-31,149.02859613337498,149.16526528048843,147.69117494824357,148.2183380126953,86453100
2021-09-01,149.1945209265185,151.293371319359,148.71617155840954,148.8821258544922,80313700
2021-09-02,150.20979354918074,151.0395800272227,148.77476016459727,149.99502563476562,71115500
2021-09-03,150.10241459437898,150.95172951907767,149.44835406806936,150.62957763671875,57808700
2021-09-07,151.2836060822293,153.5191254698615,150.71740121777114,152.9626922607422,82278300
2021-09-08,153.24581573453693,153.3043860941943,150.31717858511598,151.42030334472656,74420200
2021-09-09,151.79126431107525,152.39651120399355,150.28788894400816,150.40504455566406,57305700
2021-09-10,151.31293648668662,151.78151431271888,145.1627947987088,145.42637634277344,140893200
2021-09-13,147.04688016056696,147.818081410703,145.21159606216116,145.99256896972656,102404300
2021-09-14,146.77355269563384,147.47642687466802,143.4153793726529,144.59658813476562,109296300
2021-09-15,145.02610332343372,145.8851749521173,142.88819590848047,145.48492431640625,83281300
2021-09-16,144.90894501042473,145.4263362978241,143.71796490468603,145.2506103515625,68034100
2021-09-17,145.27992686740734,145.27992686740734,142.29270460935308,142.5855712890625,129868800
2021-09-20,140.37932278347847,141.39457695669392,137.90950701335717,139.53977966308594,123478900
2021-09-21,140.50627954269768,141.1603551264203,139.38364095370108,140.01817321777344,75834000
2021-09-22,141.01386330488788,142.94675948187773,140.28170408222925,142.3805694580078,76404300
2021-09-23,143.16153904107028,143.581318108749,142.1755699033987,143.33726501464844,64838200
2021-09-24,142.19513310697567,143.96207555718027,142.09750588712538,143.42515563964844,53477900
2021-09-27,142.00959923062172,142.48794860245857,140.39885495340664,141.91197204589844,74150700
2021-09-28,139.8424227657557,141.30674132874793,138.31953384357482,138.5343017578125,108972300
2021-09-29,139.08095132289213,141.01384728022984,138.65141557774692,139.43238830566406,74602000
2021-09-30,140.24265523549735,140.94552924628812,137.91926531672686,138.134033203125,89056700
2021-10-01,138.52450892126643,139.5202495626883,135.80088336468526,139.2566680908203,94639600
2021-10-04,138.3878720570302,138.82717957779718,134.98090012736012,135.8302001953125,98322000
2021-10-05,136.17186716291496,138.8564511470798,136.0449547897289,137.75332641601562,80861100
2021-10-06,136.15234566592073,138.76858776803195,135.07850605934124,138.62216186523438,83221100
2021-10-07,139.65691457441454,140.78932429837576,139.32500600229986,139.88143920898438,61732700
2021-10-08,140.60385709315267,140.7502829805711,139.16882381318146,139.500732421875,58773200
2021-10-11,138.88573944232053,141.36531233280488,138.43667519346084,139.4128875732422,64452200
2021-10-12,139.82286975119803,139.84239816609858,137.68496264197734,138.14378356933594,73035900
2021-10-13,137.88022678873125,138.0364094315763,135.88874541033104,137.55807495117188,78762700
2021-10-14,138.72957195503378,140.457472412584,138.1438384418846,140.34031677246094,69907100
2021-10-15,140.35003767716657,141.453147377337,140.09621296187518,141.3945770263672,67940300
2021-10-18,140.03763996851194,143.34699879821167,139.75454497889402,143.06390380859375,85589200
2021-10-19,143.51297237963328,145.62159463310732,143.06392303976392,145.22134399414062,76378900
2021-10-20,145.16279603857302,146.1878221446277,144.59659100003023,145.70947265625,58418800
2021-10-21,145.27017952577518,146.0804376870695,144.35253739380764,145.9242401123047,61421000
2021-10-22,146.12924283758312,146.60757740087539,145.1042167942401,145.1530303955078,58883400
2021-10-25,145.14324421012236,145.8168331110648,144.10846150842693,145.1042022705078,50720600
2021-10-26,145.77782316934065,147.25189877039264,145.46542800058126,145.76806640625,60893400
2021-10-27,145.80708231384622,146.16827612937263,144.9577823061733,145.30921936035156,56094900
2021-10-28,146.25615073002083,149.5264533730465,146.15852353048365,148.94073486328125,100077900
2021-10-29,143.7179583128391,146.3732566337639,142.927228830471,146.23658752441406,124953200
2021-11-01,145.44586537540286,146.13896771640327,144.28417043944881,145.4165802001953,74588300
2021-11-02,145.12372094423125,147.96450225059075,145.11394928812004,146.4513702392578,69122000
2021-11-03,146.8125588879088,148.35497602206758,146.25612565424197,147.8863983154297,54511500
2021-11-04,147.97426542713765,148.80403696262286,147.0566234619275,147.3690185546875,60394600
2021-11-05,148.49333201847526,148.79639720102944,146.70425393179946,147.89697265625,65463900
2021-11-08,148.02402320404659,148.18044870579655,146.80197694204415,147.07571411132812,55020900
2021-11-09,146.84111017051336,148.04359979638906,146.7042415538898,147.43746948242188,56787900
2021-11-10,146.6651351263565,146.77267581374304,144.54366421842147,144.61209106445312,65187100
2021-11-11,145.62882237351127,146.0882980655143,144.37743321812488,144.5631866455078,41000000
2021-11-12,145.11069182006318,147.03663842202138,144.18193940351156,146.6358184814453,63804000
2021-11-15,147.00727451410145,148.48351596746593,146.08829332480207,146.6455535888672,59222800
2021-11-16,146.58689139053743,148.1022316953491,146.00030323462437,147.62318420410156,59256200
2021-11-17,147.62317383397615,151.5337214852073,147.61340283516802,150.0574951171875,88807000
2021-11-18,150.27259510761894,155.12166644396783,149.62735108476016,154.3395538330078,137827700
2021-11-19,154.12446895909494,157.41911583313842,153.02952027938457,156.95962524414062,117305600
2021-11-22,158.06434223873075,161.9944471367291,157.39955624235793,157.4191131591797,117467900
2021-11-23,157.51689191338718,158.18169292863084,155.502961782972,157.8004150390625,96041900
2021-11-24,157.1551520319611,158.5140669022848,156.0699743356913,158.31854248046875,69463600
2021-11-26,156.00157185337474,156.8618824271744,152.8633499442556,153.30328369140625,76959800
2021-11-29,155.8060008585356,157.58530732404222,155.23896961955737,156.65655517578125,88748200
2021-11-30,156.41217318635103,161.8185054389282,156.34373142534065,161.60342407226562,174048100
2021-12-01,163.73466976035556,166.49161375206606,160.8506430799377,161.0852813720703,152052500
2021-12-02,155.19011206164845,160.52800204808736,154.27113083970096,160.09783935546875,136739200
2021-12-03,160.3520050545032,161.27098610748033,156.14816349171144,158.2207489013672,118023100
2021-12-06,160.61600581977925,164.12573463510114,160.60623481829575,161.62298583984375,107497000
2021-12-07,165.2988995417756,167.74299254141582,164.57544264356054,167.3519287109375,120405400
2021-12-08,168.28069194116756,172.02504411674911,166.882663021836,171.1647186279297,116998900
2021-12-09,170.9984899495763,172.7973384356804,170.03062395661757,170.65631103515625,108923700
2021-12-10,171.29179439045112,175.61294836881706,170.78341894665584,175.4369659423828,115402700
2021-12-13,177.06966076335496,178.05708397110837,171.60467190567383,171.8099822998047,153237000
2021-12-14,171.3308817563336,173.76520322122326,168.35887188331523,170.43145751953125,139380400
2021-12-15,171.1940123824784,175.48583813344078,168.45662585148168,175.29031372070312,131063300
2021-12-16,175.27076132354634,177.08916675225177,166.9315188519041,168.40774536132812,150185800
2021-12-17,166.12985777423478,169.59070130648584,165.89523442801953,167.31280517578125,195432700
2021-12-20,164.51676029378936,166.76532847471316,163.71510567618958,165.95388793945312,107499100
2021-12-21,167.72343104614094,169.3267554134747,165.33799395674112,169.1214599609375,91185900
2021-12-22,169.17031112645324,171.9272548095711,168.300214735498,171.71217346191406,92135300
2021-12-23,171.9174833311616,172.89512039322665,171.35045204505695,172.33786010742188,68356600
2021-12-27,173.12975263201184,176.3852860059842,173.1102106304085,176.29730224609375,74919600
2021-12-28,176.1311025117923,177.2749361221624,174.5375492742612,175.28054809570312,79144300
2021-12-29,175.31966069433915,176.59059189162147,174.15627017338588,175.36854553222656,62348900
2021-12-30,175.4565540145469,176.53196092937984,174.10740987004013,174.21495056152344,59773000
2021-12-31,174.1073900997929,175.2218958133562,173.29594950484335,173.59902954101562,64062300
2022-01-03,173.8532415771097,178.7903128894999,173.73592987558766,177.93975830078125,104487900
2022-01-04,178.54585013474667,178.84891521802436,175.11433471652768,175.68136596679688,99310400
2022-01-05,175.5934060632604,176.14088047095728,170.7345483186125,171.00828552246094,94537600
2022-01-06,168.83795333412328,171.37981619996555,167.80166021603034,168.1536102294922,96904000
2022-01-07,169.02367835082143,170.24572473108867,167.2052727402814,168.3197784423828,86709100
2022-01-10,165.29890311477462,168.6424206204467,164.40924966346103,168.33935546875,106765600
2022-01-11,168.46644539148625,171.26247339503044,166.99998962694013,171.1647186279297,76138300
2022-01-12,172.1814317936139,173.21772467571947,170.91051556767007,171.60462951660156,74805200
2022-01-13,171.84906951188285,172.6702811972984,167.9482916298187,168.33935546875,84505800
2022-01-14,167.508353425533,169.8937905683483,167.2639441267619,169.19967651367188,80440800
2022-01-18,167.67455895666092,168.68152412823068,165.62152968734614,166.0028076171875,90956700
2022-01-19,166.19829964047344,167.25414945182573,162.22909557704548,162.51260375976562,94815000
2022-01-20,163.24583471657064,165.8854518373375,160.50844792121475,160.83106994628906,91420500
2022-01-21,160.74309086318223,162.61038131219433,158.67050497614542,158.77804565429688,122848900
2022-01-24,156.44151145113545,158.67052310978175,151.24047430258736,158.00572204589844,162294600
2022-01-25,155.42476587834435,159.12023349113454,153.5086052215586,156.20687866210938,115798400
2022-01-26,159.84366081362626,160.7137572085088,154.29068942101793,156.11886596679688,108275300
2022-01-27,158.817126094803,160.17604091465265,154.7403816352541,155.65936279296875,121954600
2022-01-28,162.0042414218655,166.5404767176366,159.1593140383979,166.5209197998047,179935700
2022-01-31,166.3547206203823,171.0864802658057,165.71924760028926,170.87139892578125,115541600
2022-02-01,170.11858160517104,170.9300219746101,168.45660195631405,170.70516967773438,86213900
2022-02-02,170.84207875406224,171.94681342176997,169.45383589849953,171.90769958496094,84914300
2022-02-03,170.57813105955574,172.29878204430065,168.27090671710556,169.03346252441406,89418100
2022-02-04,168.05455952783922,170.42346859121156,167.0756769166009,168.74957275390625,82465400
2022-02-07,169.20965988540354,170.2766384169295,167.33999039041194,168.03500366210938,77251200
2022-02-08,168.1035342150904,171.6471000057892,167.80986639624405,171.13807678222656,74829200
2022-02-09,172.3322952525055,172.91961588647231,171.20657123174874,172.55743408203125,71285000
2022-02-10,170.4626223841964,171.7743215374217,167.92731993059743,168.4852752685547,90865900
2022-02-11,168.6908451580762,169.42500712943504,164.49143031742815,165.07876586914062,98670700
2022-02-14,163.83558309476697,165.99892030677,163.04269054419584,165.31370544433594,86185500
2022-02-15,167.3595849608588,169.29776862360237,166.65478818594016,169.14114379882812,62527400
2022-02-16,168.22100455291906,169.67953027359678,166.45901263665095,168.90621948242188,61177400
2022-02-17,167.4182971510757,168.27971865617212,164.91235997613748,165.31370544433594,69589300
2022-02-18,166.23384762062662,166.93862933962222,162.68049906023276,163.76705932617188,82772700
2022-02-22,161.4960419882263,163.16993775264925,158.72580252665216,160.84999084472656,91162800
2022-02-23,162.04421705709984,162.64133603328534,156.37649344425944,156.6897430419922,90009200
2022-02-24,149.35793777917277,159.411068207212,148.79018396900835,159.3033905029297,141147500
2022-02-25,160.38012393186045,161.6330924831591,157.47284137265066,161.36880493164062,91974200
2022-02-28,159.61662156600548,161.92678549313706,158.99992064321486,161.63311767578125,95056600
2022-03-01,161.22197083806662,163.0818568508139,158.5496253630897,159.75364685058594,83474400
2022-03-02,160.91852050375005,163.82580321014547,159.50892707803538,163.04269409179688,79724800
2022-03-03,164.91235266773373,165.3430634011942,162.05401727070716,162.7196502685547,76678400
2022-03-04,161.01640589639365,162.05401907314567,158.67687705595137,159.72427368164062,83737200
2022-03-07,159.91028134097652,161.5352302369313,155.68150083148916,155.93601989746094,96418800
2022-03-08,155.46614292973925,159.44040392728598,152.50991327214726,154.1152801513672,131148300
2022-03-09,158.0699979293642,159.95924959082657,156.04371820337047,159.5089569091797,91454900
2022-03-10,156.81697023000987,157.00296029096637,152.6860849715575,155.17245483398438,105342000
2022-03-11,155.57379764949783,155.91641251914996,151.23735509056115,151.46249389648438,96970100
2022-03-14,148.25179027503273,150.86540543880508,146.93030751756515,147.43931579589844,108732100
2022-03-15,147.713390079557,152.28478532825997,147.20438184151632,151.81491088867188,92964300
2022-03-16,153.73352378158447,156.6212246232631,151.19822129277074,156.21987915039062,102300200
2022-03-17,155.26060037752023,157.6001296550613,154.3012994227279,157.2281494140625,75615400
2022-03-18,157.12048709519416,161.0066533584347,156.38632492863587,160.5172119140625,123511700
2022-03-21,160.0570681157996,162.83710569668534,159.56762687828217,161.88758850097656,95811400
2022-03-22,162.01487524148183,165.84231029999864,161.42755456550663,165.25498962402344,81532000
2022-03-23,164.44251031244588,168.99430889731204,164.1096788423283,166.61563110351562,98062700
2022-03-24,167.44764277770662,170.46260275503545,166.6156015912022,170.3940887451172,90131400
2022-03-25,170.20815276689837,171.57858276640368,169.10201037950475,171.03041076660156,80546200
2022-03-28,168.53422465828777,172.0190445148475,168.36781639958284,171.8917999267578,90371900
2022-03-29,172.95880948102644,175.22980987775352,172.61619451618012,175.18087768554688,100589400
2022-03-30,174.77950323773482,175.81711647524634,172.96856432856262,174.01597595214844,92633200
2022-03-31,174.08447018974397,174.2704602652505,170.71711180695456,170.9226837158203,103049300
2022-04-01,170.35495761395958,171.18701389593227,168.30909632537671,170.62904357910156,78751300
2022-04-04,170.8835430731966,174.72076108227714,170.75628355518236,174.67181396484375,76468400
2022-04-05,173.7516811601631,174.53479031608524,170.73672061862993,171.3632049560547,73401800
2022-04-06,168.7202226513366,169.9634078617043,166.537318414103,168.201416015625,89058800
2022-04-07,167.54556668896316,169.69910564386342,166.26323274049562,168.50486755371094,77594700
2022-04-08,168.15246782773184,168.15246782773184,165.62694868711696,166.49815368652344,76575500
2022-04-11,165.1472853633742,165.46052001953282,162.0050657338506,162.24978637695312,72246700
2022-04-12,164.4718899777678,166.2828141709391,163.12102695263263,164.11949157714844,79265200
2022-04-13,163.85514371182387,167.4280589196407,163.24824133176645,166.80157470703125,70618900
2022-04-14,167.01694559853848,167.65322825491936,161.55477886000992,161.79949951171875,75329400
2022-04-18,160.45844346214486,163.08185675186522,160.11584349387897,161.58416748046875,69023900
2022-04-19,161.53522902332887,164.27610359926777,160.44866861751814,163.86495971679688,67723800
2022-04-20,165.1962674744082,165.31374357546795,162.59245039656437,163.69857788085938,67929800
2022-04-21,165.34310914814608,167.90777748771538,162.40646053829403,162.9056854248047,87227800
2022-04-22,162.94477668345723,164.32498956486253,158.08951323432865,158.37338256835938,84882400
2022-04-25,157.71758646013552,159.72429911751857,155.11376965466397,159.4404296875,96046400
2022-04-26,158.82373899686115,158.9118348666905,153.4105181477024,153.48883056640625,95623200
2022-04-27,152.61759051221244,156.41564486229873,152.0987839265491,153.26365661621094,88063200
2022-04-28,155.88707729102597,161.04579354437072,155.57382764277364,160.1843719482422,130216800
2022-04-29,158.42238298865084,162.6903124384376,153.9293146853147,154.32086181640625,131747600
2022-05-02,153.40072515321864,154.8886162063275,150.03336604127583,154.62432861328125,123055300
2022-05-03,154.8102670522691,157.31621889046943,153.01892515604405,156.1121826171875,88966500
2022-05-04,156.29818841895514,162.964376768375,155.8968429541357,162.51409912109375,108256500
2022-05-05,160.38990141926735,160.61504020896953,151.6778383257631,153.45941162109375,130525300
2022-05-06,152.93984857664353,156.30235682996496,151.1458596477854,154.1848602294922,116124600
2022-05-09,151.8810971374127,152.7633948486293,148.50880608897836,149.0675811767578,131577900
2022-05-10,152.45952464307157,153.6555174482576,149.92048190900607,151.46939086914062,115366700
2022-05-11,150.4792343504193,152.39085681137783,142.94056542836282,143.6169891357422,142689800
2022-05-12,139.9604210928437,143.32291464808353,136.06854586723028,139.75454711914062,182602000
2022-05-13,141.744613679471,145.1855500570958,140.2937427481442,144.21502685546875,113990900
2022-05-16,142.68570084334092,144.61693408926746,141.34265112461745,142.67588806152344,86643800
2022-05-17,145.9305738468132,146.8226694807634,143.7934664467187,146.3031005859375,78336300
2022-05-18,143.960147405131,144.46010573899827,137.1469043666091,138.04881286621094,109742900
2022-05-19,137.127274568989,138.87224434894858,133.91182362893935,134.64706420898438,136095600
2022-05-20,136.3528361484188,137.93115346240322,130.00036063657,134.88235473632812,137426100
2022-05-23,135.07841705772444,140.44077384848245,134.94117272312687,140.29373168945312,117726300
2022-05-24,138.03898075989613,139.17615657107172,134.62746828487894,137.59783935546875,104132700
2022-05-25,135.70580258630076,138.99968110716551,135.61757730341805,137.7546844482422,92482700
2022-05-26,134.68629593603174,141.49952360823445,134.44121569632296,140.95054626464844,90601500
2022-05-27,142.52890153973556,146.73447299067598,142.40145499444458,146.6952667236328,90978500
2022-05-31,146.1364342695409,147.69514080945274,143.9503080341332,145.91094970703125,103718400
2022-06-01,146.95009283292427,148.75389460714223,144.7737792988703,145.7835235595703,74286600
2022-06-02,144.92085472708317,148.29316134885798,143.96994216366954,148.23434448242188,72348100
2022-06-03,144.00911981753086,145.05807025566116,141.61714962601158,142.51904296875,88570300
2022-06-06,144.13656879270374,145.6462712304333,142.0484806619193,143.2640838623047,71598400
2022-06-07,141.50932395629872,146.06781003090646,141.26424373812605,145.7835235595703,67808200
2022-06-08,145.6560729457736,146.9206802540853,144.55811838609154,145.04827880859375,53950200
2022-06-09,144.1855888973648,145.03846322934638,139.7251261469218,139.8329620361328,69473000
2022-06-10,137.51940103001422,137.98995082700978,134.36276684809005,134.431396484375,91437900
2022-06-13,130.25520640425938,132.53935542645704,128.853354985689,129.28469848632812,122207100
2022-06-14,130.51011351307002,131.25515193955982,128.8925752102517,130.1473846435547,84784300
2022-06-15,131.64728162043858,134.63726323315953,129.5592083618082,132.7648468017578,91533000
2022-06-16,129.48077097128098,129.78466802101963,126.50058741056863,127.50051879882812,108123900
2022-06-17,127.51033981148552,130.4611001773296,127.25544681769559,128.97100830078125,134520300
2022-06-21,130.79442925101708,134.36279718069025,130.69640612370614,133.1962127685547,81000500
2022-06-22,132.13745484401576,135.04900927487205,131.2747825760473,132.6864471435547,73409200
2022-06-23,134.12750324123766,135.8626603415122,132.9609190593017,135.54896545410156,72433800
2022-06-24,137.14689423988725,139.1173489130396,137.01946268880786,138.8722686767578,89116800
2022-06-27,139.89179587794544,140.6662578013618,138.19584483125837,138.8722686767578,70207900
2022-06-28,139.33302894232776,140.59763645444562,134.61768731128618,134.73532104492188,67083400
2022-06-29,134.75492447437682,137.90174634957765,133.98046254650382,136.49008178710938,66242400
2022-06-30,134.5490488814723,135.64700354645933,131.13753620204082,134.02947998046875,98964500
2022-07-01,133.36282702594735,136.3037892489926,132.99031531614665,136.19595336914062,71051600
2022-07-05,135.05880629688934,138.82323473193733,134.2353254229341,138.7742156982422,73353800
2022-07-06,138.5683715462856,141.28384979355582,138.30368070277723,140.1074676513672,74064300
2022-07-07,140.470146283479,143.66600133351363,140.46034846155806,143.46994018554688,66253700
2022-07-08,142.40142264422443,144.64636610420064,142.1465445700594,144.14639282226562,64547800
2022-07-11,142.80334848304327,143.7542609845207,140.95054251842944,142.0190887451172,63141600
2022-07-12,142.89157069008422,145.52863633565593,142.19555121961218,142.98960876464844,77588800
2022-07-13,140.1760748610569,143.5679764107693,139.32318560371215,142.6268768310547,71185600
2022-07-14,141.2446104323155,146.01876752832248,140.43094244372892,145.5482177734375,78140700
2022-07-15,146.83247339444262,147.89122183493336,145.28356446993823,147.2147979736328,76259900
2022-07-18,147.77355664160174,148.58722466683977,143.81305239727462,144.17578125,81420900
2022-07-19,145.0090375439563,148.25389669881054,144.01891901249385,148.02842712402344,82982400
2022-07-20,148.1460756395822,150.6949157224323,147.41083503397257,150.02828979492188,64823400
2022-07-21,151.45956799212024,152.50851845862235,148.94994906470606,152.2928466796875,65086600
2022-07-22,152.33206789895848,153.20455292364784,150.3910366563313,151.05764770507812,66675400
2022-07-25,150.97923186102722,151.98896129458768,149.28328071900498,149.94009399414062,53623900
2022-07-26,149.2636385384265,150.0773065915356,147.83237855759032,148.61663818359375,55138700
2022-07-27,149.57738561961435,154.23391054533735,149.16565257909815,153.70452880859375,78620700
2022-07-28,153.89075014754778,154.53776544520662,151.37133354934207,154.25347900390625,81378700
2022-07-29,158.0669387195233,160.409904944982,156.36117506106663,159.3119354248047,101786900
2022-08-01,157.84145882480365,160.3706884793457,157.72382510643268,158.3316192626953,67829400
2022-08-02,156.94938527079637,159.21392420256825,156.48863324172908,156.86114501953125,59907000
2022-08-03,157.67481177613547,163.311657015849,157.58658648416494,162.8607177734375,82507500
2022-08-04,162.74307352499065,163.89986001020398,161.19416464799912,162.54701232910156,55474100
2022-08-05,160.22044287042655,162.81208464474912,160.0142829089203,162.3212432861328,56697000
2022-08-08,163.32253000929188,164.73615535552312,161.1922805564501,161.85000610351562,60276900
2022-08-09,161.0156004495246,162.78263230320212,160.25970057725633,161.89910888671875,63135500
2022-08-10,164.60853143111325,166.23812814464867,163.8428202002786,166.1399688720703,70170500
2022-08-11,166.94492022851418,167.85789272456063,165.10917878344554,165.4036865234375,57149200
2022-08-12,166.70936592550703,169.01631131920942,166.2970460032489,168.94760131835938,68039400
2022-08-15,168.37818541775778,170.21392688656005,168.21130119143814,170.01759338378906,54091700
2022-08-16,169.61512926108554,170.52810192661653,168.51564947224608,169.8605499267578,56377100
2022-08-17,169.60531301748716,172.92339013736907,169.4089794863745,171.3527069091797,79542000
2022-08-18,170.56735491708034,171.6962839363271,169.94889007422466,170.96002197265625,62290100
2022-08-19,169.86053968443733,170.55754092380556,168.1720444080825,168.37820434570312,70346300
2022-08-22,166.58169604206546,166.74858025975374,164.0784028181707,164.5005340576172,69026800
2022-08-23,164.0195321647684,165.6196796113523,163.5974008535258,164.16677856445312,54147100
2022-08-24,164.2551282502834,165.03065085876125,163.20472075222654,164.46127319335938,53841500
2022-08-25,165.68839353539587,167.0234825149317,165.26627719342727,166.91549682617188,51218200
2022-08-26,167.44561591056575,167.91681938586046,160.56401098389765,160.62290954589844,78961000
2022-08-29,158.19813716461735,159.91608162954805,156.89251255304256,158.42393493652344,73314000
2022-08-30,159.16019500251252,159.58231130465205,154.8309714061125,155.99917602539062,77906200
2022-08-31,157.37354474862363,157.6386032608909,154.2616125155062,154.34014892578125,87991100
2022-09-01,153.77074600824523,155.51813965771387,151.83683028732437,155.0665740966797,74229900
2022-09-02,156.8237793213389,157.42260624530542,152.1313381712874,152.95594787597656,76957800
2022-09-06,153.60386838160778,154.21250676362826,150.8747921160952,151.69940185546875,73714800
2022-09-07,151.98409298992328,153.80019664109167,150.7962505650505,153.10321044921875,87449600
2022-09-08,151.80737191866996,153.49586691377095,149.88326774543208,151.63067626953125,84923800
2022-09-09,152.62217501880943,154.92913481819144,151.91536244109605,154.48736572265625,68028800
2022-09-12,156.66669857838036,161.25115382171967,156.3820172588061,160.4363555908203,104956000
2022-09-13,156.97102730327344,157.5993035102858,150.5606417135221,151.02203369140625,122656600
2022-09-14,151.95465448242936,154.22235404144755,150.79627611743592,152.4651336669922,87965400
2022-09-15,151.81719923234522,152.39640331677907,148.6071081028978,149.57896423339844,90481100
2022-09-16,148.44022763272653,148.57766259301448,145.65223775657734,147.93955993652344,162278800
2022-09-19,146.57506164963263,151.72889653171137,146.36891664275262,151.65036010742188,81474200
2022-09-20,150.59012663818945,155.18440966019696,150.27599594996536,154.02601623535156,107689800
2022-09-21,154.45792171393398,155.83228620825895,150.78643873263653,150.90423583984375,101696800
2022-09-22,149.58879338602387,151.6405063427645,148.14571882351763,149.94219970703125,86652500
2022-09-23,148.4206031759059,148.69547312127722,145.83877299693037,147.6745147705078,96029900
2022-09-26,146.91863241520423,150.95334879982894,146.89899456754617,148.00830078125,93339400
2022-09-27,149.94223877822546,151.88596656060932,147.20333533190674,148.9801788330078,84442700
2022-09-28,144.93562286555536,147.8806707549768,142.1869085062377,147.09532165527344,146691400
2022-09-29,143.4238179924611,144.03245634378814,138.103085707034,139.8701171875,128138200
2022-09-30,138.69210195416497,140.4787712884576,135.47218456289696,135.66851806640625,124925300
2022-10-03,135.67835835777296,140.44933637961338,135.1678792129988,139.84068298339844,114311700
2022-10-04,142.3734205948832,143.54162523892447,141.61752082886468,143.423828125,87830100
2022-10-05,141.43103055560152,144.68039782185656,140.39043433471556,143.7183380126953,79471000
2022-10-06,143.13914221609966,144.83744897574383,142.55995305808347,142.76609802246094,68402200
2022-10-07,139.9290143479333,140.47876912027488,136.89561907456743,137.52389526367188,85925600
2022-10-10,137.84786987304688,139.29094450363405,136.03176603772727,137.84786987304688,74899000
2022-10-11,137.33741147407548,138.76086345268553,135.68819163523887,136.43426513671875,77033700
2022-10-12,136.58150689181417,137.78897231294513,135.62927355780315,135.80596923828125,70433700
2022-10-13,132.51732843397534,140.95978909716513,131.90867508719168,140.37078857421875,113224000
2022-10-14,141.66661609125816,141.87277603175662,135.65872326737428,135.84524536132812,88598000
2022-10-17,138.48595592005591,140.28242169324201,137.70060693296034,139.80140686035156,85250900
2022-10-18,142.82500010106065,144.0128276023933,138.03438444661543,141.1168670654297,99136600
2022-10-19,139.09460416043055,142.2948839097448,138.9080820775627,141.224853515625,61758300
2022-10-20,140.40025572638473,143.21768011702426,140.0370229627389,140.7634735107422,64522000
2022-10-21,140.25299045906925,145.1417806685085,140.03701908535325,144.57240295410156,86548600
2022-10-24,144.49386606815804,147.47817461798252,143.3256613631015,146.71246337890625,75981900
2022-10-25,147.34075911907576,149.6968066869272,146.62413491177585,149.54954528808594,74732300
2022-10-26,148.19482861119383,149.2059606049606,145.32830191392304,146.61431884765625,88194300
2022-10-27,145.35771914522275,146.31976369631963,141.48988811948774,142.14761352539062,109180200
2022-10-28,145.4853576495381,154.61500878306214,145.11232844918345,152.8872528076172,164762400
2022-10-31,150.35452378899333,151.41474288743174,149.13723186575905,150.53121948242188,97943200
2022-11-01,152.23934967138234,152.60256746450293,146.39834080336652,147.89048767089844,80379300
2022-11-02,146.22160672381153,149.38262560122348,142.34396380900958,142.3734130859375,93604600
2022-11-03,139.45783369878677,140.1842842462697,136.2084665510831,136.33609008789062,97918500
2022-11-04,139.71867839937045,140.28900066971147,132.13735779737468,136.0706024169922,140814800
2022-11-07,134.8217569283286,136.82770454508952,133.40578684396397,136.60154724121094,83374600
2022-11-08,138.06670690734794,139.06967336647747,135.19544046730184,137.17189025878906,89908500
2022-11-09,136.18856411022261,136.23773265765962,132.34381476431366,132.619140625,74917800
2022-11-10,138.88286812786214,144.4188995361328,137.171901375878,144.4188995361328,118854000
2022-11-11,143.3864383750097,147.5064994693465,141.9606252113591,147.20167541503906,93979700
2022-11-14,146.48387656026793,147.7720118834529,144.96956884900007,145.80538940429688,73374100
2022-11-15,149.67963703147598,151.02676861885655,146.08071431905194,147.5360107421875,89868300
2022-11-16,146.6411761367448,147.36881668355312,144.83187247009243,146.3068389892578,64218300
2022-11-17,143.98622301357588,148.9519465811487,143.71089713297823,148.2046356201172,80389400
2022-11-18,149.7680875657841,150.15157823399846,147.4671435564981,148.76510620117188,74829600
2022-11-21,147.65398361312236,147.86047052115927,145.25470236836378,145.53985595703125,58724100
2022-11-22,145.65785433713793,147.90962978782017,144.47786920588229,147.6736297607422,51804100
2022-11-23,146.95586889544748,149.29615456069408,146.84770405367206,148.54884338378906,58301400
2022-11-25,145.83488861865806,146.39538323134536,144.6647458342524,145.6382293701172,35195900
2022-11-28,142.7177546502144,144.19272111621666,140.9871327315936,141.8131103515625,69246000
2022-11-29,141.8819361067611,142.39326202258005,138.00770341068628,138.8140106201172,83763800
2022-11-30,139.04018245155586,146.23802684928043,138.2043770255708,145.55953979492188,111380900
2022-12-01,145.73651677852905,146.6411610165093,144.16321331865586,145.8348388671875,71250400
2022-12-02,143.52403908039994,145.52998634441073,143.2192001541816,145.34315490722656,65447400
2022-12-05,145.3038811249747,148.4013049961633,143.33725898348703,144.1829071044922,68826400
2022-12-06,144.61557170242608,144.8417290558683,139.55151049910586,140.52499389648438,64727200
2022-12-07,139.81699890501977,140.97729872796708,137.6635453309665,138.58786010742188,69721100
2022-12-08,139.98414879173407,141.1247931057231,138.7451823842777,140.26930236816406,62128300
2022-12-09,139.96449489513216,143.14060047218985,138.54852454565471,139.78750610351562,76097000
2022-12-12,140.31847817047847,142.0884409898644,138.7058487137347,142.07861328125,70462700
2022-12-13,147.00502505789572,147.46718252429508,141.8328135242381,143.0422821044922,93886200
2022-12-14,142.92427726159215,144.21241242784126,138.80420126905452,140.8199920654297,82291200
2022-12-15,138.75503452609877,139.43352160827794,133.7598121718234,134.2219696044922,98931900
2022-12-16,134.4088086870883,135.35277902524194,131.4982009688156,132.2651824951172,160156900
2022-12-19,132.8551509782634,132.94364536804903,129.12840885731634,130.16087341308594,79592600
2022-12-20,129.19726991624464,131.02622951755586,127.72230297983688,130.0920867919922,77432800
2022-12-21,130.76070405901197,134.52678732015247,130.5345467103143,133.18948364257812,85928000
2022-12-22,132.10785363301125,132.31434056379908,128.12544063659777,130.02322387695312,77852100
2022-12-23,128.73506338957282,130.21002976434445,127.47642661676507,129.6593780517578,63814900
2022-12-27,129.18740783707491,129.2169059676245,126.57179689801647,127.85993194580078,69007800
2022-12-28,127.50594763388183,128.84325132058044,123.76936998157427,123.93653106689453,85438400
2022-12-29,125.85399366425621,128.30243635978945,125.59833816334043,127.44696044921875,75703700
2022-12-30,126.26698223669045,127.78127473228464,125.30333405560762,127.76160430908203,77034200
2023-01-03,128.1057773178633,128.7154254385632,122.0977455022682,122.98272705078125,112117500
2023-01-04,124.77234386397704,126.51280869797894,122.99255318811515,124.25119018554688,89113600
2023-01-05,125.0083349534918,125.63765344479737,122.67789249421179,122.93354797363281,80962700
2023-01-06,123.90705557556224,128.1156191203873,122.8057442493749,127.45680236816406,87754700
2023-01-09,128.29257960577254,131.18351617146814,127.72225745979352,127.97791290283203,70790800
2023-01-10,128.08606049318604,129.06937130152838,125.9817759634987,128.5482177734375,63896200
2023-01-11,129.0595847172529,131.28186245070447,128.28277553296553,131.26220703125,69458900
2023-01-12,131.6457054280313,132.019353473187,129.2464237509339,131.1835479736328,71379600
2023-01-13,129.82655147153693,132.6683196907436,129.46273119909978,132.510986328125,57809700
2023-01-17,132.5798345273993,134.99877137842552,131.89151977321038,133.6713104248047,63646600
2023-01-18,134.53662257229425,136.29674271738915,132.7764874230637,132.9534912109375,69672800
2023-01-19,131.84236946093412,133.9761529962307,131.5375453850544,133.01251220703125,58280400
2023-01-20,133.02230476612493,135.71658218378784,131.97999755468973,135.56907653808594,80223600
2023-01-23,135.81494462926892,140.92817511679004,135.59861495460586,138.7550506591797,81760300
2023-01-24,137.96839974299797,140.77084282048162,137.95857203194126,140.15135192871094,66435100
2023-01-25,138.53872531246566,140.05301807827476,136.49343605439017,139.49253845214844,65799300
2023-01-26,140.78065564701856,141.8426334902846,139.53184628445516,141.55747985839844,54105100
2023-01-27,140.7708371263728,144.77290596887224,140.69217042868402,143.49459838867188,70555800
2023-01-30,142.54076039880331,143.12091025214485,140.46597371619012,140.61346435546875,64015300
2023-01-31,140.31851198443744,141.93114182979278,139.90552306108117,141.88197326660156,65874500
2023-02-01,141.56727363630213,144.1632138517995,138.96150571314269,143.00289916992188,77663600
2023-02-02,146.41500811186492,148.65695608667727,145.69719525256042,148.302978515625,118339000
2023-02-03,145.55954560277002,154.75351068440185,145.36288637728777,151.92156982421875,154357300
2023-02-06,150.0237617823619,150.54491539574025,148.26362674506663,149.19776916503906,69858300
2023-02-07,148.12597415973434,152.63936822302708,148.12597415973434,152.0690460205078,83322600
2023-02-08,151.31195566545233,152.00027061110777,148.64717529938704,149.38465881347656,64120100
2023-02-09,151.213581264491,151.75440537570756,147.9096553354024,148.35214233398438,56007100
2023-02-10,147.1900598433605,149.0414968354293,146.95369947058745,148.7165069580078,57450700
2023-02-13,148.6574172040706,151.9171435900277,148.62787403653363,151.5133819580078,62199000
2023-02-14,149.8096612758476,151.43461079325414,148.56880303013764,150.87326049804688,61707600
2023-02-15,150.7846620299423,153.13836360909013,150.5581593331422,152.970947265625,65573800
2023-02-16,151.17855953849067,153.95573796607766,151.02100096105386,151.3755340576172,68167900
2023-02-17,150.03619479649413,150.6763169294936,148.55897600306773,150.233154296875,59144100
2023-02-21,147.91882364629484,149.00212332766463,146.15601601247863,146.22494506835938,58867200
2023-02-22,146.60902132895072,147.67262055430007,144.9250004924314,146.64842224121094,51011300
2023-02-23,147.8105044744373,148.05670759936388,145.00379786650186,147.1309814453125,48394200
2023-02-24,144.87577631301392,144.9545631210652,143.5068874555982,144.4818572998047,55469600
2023-02-27,145.46665970602933,146.90447752822308,145.21059884097443,145.6734619140625,44998500
2023-02-28,144.81670098117985,146.81586942805245,144.60004099931746,145.17123413085938,50547000
2023-03-01,144.60000744430354,144.9939263960711,142.80764165155819,143.10308837890625,55479000
2023-03-02,142.1872231725768,144.481837933212,141.71450238763347,143.69398498535156,52238100
2023-03-03,145.79162671403117,148.81500811176437,145.09241829817535,148.73622131347656,70732300
2023-03-06,151.4543124625378,153.926201531547,151.1293375512549,151.49371337890625,87558000
2023-03-07,151.36567408118486,151.69066400049135,148.83471383986452,149.29757690429688,56182000
2023-03-08,150.48919246419973,151.13917230662574,149.52408044265695,150.54827880859375,47204800
2023-03-09,151.2277963802791,152.1929083670859,147.9483691410299,148.3029022216797,53833600
2023-03-10,147.92871088177273,148.64761988981078,145.36819204822754,146.2446746826172,68572400
2023-03-13,145.56510332314932,150.81415467329558,145.4567733693173,148.18470764160156,84457100
2023-03-14,148.98237473704881,151.07017160073286,147.82030366070853,150.27247619628906,73695900
2023-03-15,148.8937927615987,150.92250395033966,147.64307677577528,150.6664581298828,77167900
2023-03-16,149.84908663995225,154.0837837636838,149.33697988783769,153.48304748535156,76161100
2023-03-17,153.70958044015381,154.35956048116898,151.93691443149902,152.64598083496094,98944600
2023-03-20,152.71486085947325,155.4230948668754,151.80882025865256,155.00946044921875,73641400
2023-03-21,154.93070734117964,156.9791040860205,154.16253977805687,156.86093139648438,73938300
2023-03-22,156.880643804934,159.6775078686916,155.41326768087632,155.43296813964844,75701800
2023-03-23,156.41776312286146,159.0964541870748,155.28521978995877,156.5162353515625,67622100
2023-03-24,156.44730394409444,157.90482213956633,155.45264879499626,157.81619262695312,59196500
2023-03-27,157.5109061704178,158.32830230982592,155.47233717929535,155.87611389160156,52390300
2023-03-28,155.57080817581272,156.08291480553032,153.61102618902072,155.2556610107422,45992200
2023-03-29,156.94954647836764,158.60403911493316,156.92986104995282,158.3282928466797,51305700
2023-03-30,159.07676882534926,160.0024950198449,158.8207229739758,159.8941650390625,49501700
2023-03-31,159.97293860815142,162.49405610459849,159.45098920585787,162.39556884765625,68749800
2023-04-03,161.775118163648,163.76442815863666,161.7258745440201,163.64625549316406,56976200
2023-04-04,164.06977129650792,164.3061166832112,162.60239523685718,163.114501953125,46278300
2023-04-05,162.23798454444034,162.54327395468036,159.3426339632527,161.27285766601562,51511700
2023-04-06,159.96308282888376,162.45467221127325,159.53962067833683,162.1592254638672,45390100
2023-04-10,158.96843186504725,159.5691680908203,157.6487867222166,159.5691680908203,47716900
2023-04-11,159.88431146406083,159.89415417908276,158.07224508795338,158.35784912109375,47644200
2023-04-12,158.77144201112134,159.59868074602483,157.35330987869057,157.66845703125,50133100
2023-04-13,159.1752417539843,163.28190788405584,158.96842452673738,163.04554748535156,68445600
2023-04-14,162.09025757823102,163.79399372639534,161.33196290458474,162.7008514404297,49386500
2023-04-17,162.5826774005875,162.8781241294329,161.53877864877254,162.72055053710938,41516200
2023-04-18,163.5773508935462,164.8674527745674,163.13417327770642,163.9417266845703,49923000
2023-04-19,163.28189796071484,165.60605581206516,163.0258371209191,165.0841064453125,47720200
2023-04-20,163.56748026442403,165.3204450523275,163.04553091898333,164.1189727783203,52456400
2023-04-21,162.54326081596733,163.92199192078084,161.99176837404192,162.5137176513672,58337300
2023-04-24,162.49404087672,163.08493430890758,161.40089854610392,162.81903076171875,41949600
2023-04-25,162.6811311177109,163.78411598251833,161.24329868147967,161.28269958496094,48714100
2023-04-26,160.58349205788602,162.76977657727082,160.32744626830737,161.27285766601562,45498800
2023-04-27,162.68115222078845,165.99996498511996,162.68115222078845,165.8522491455078,64902300
2023-04-28,165.93103698503495,167.2703823718156,165.33030085507355,167.1029510498047,55275900
2023-05-01,166.70905380019818,167.86128258741087,166.07877442017465,167.01434326171875,52472900
2023-05-02,167.50673256610264,167.76279339985444,164.99545801480568,165.9802703857422,48425700
2023-05-03,166.9256982160475,168.32412999077732,164.62124085601573,164.90682983398438,65136000
2023-05-04,162.3857237588548,164.50306450874902,161.81453073644045,163.2720489501953,81235400
2023-05-05,168.38320830672657,171.65279246173276,168.16654839153733,170.9338836669922,113453200
2023-05-08,169.86043164324718,171.20963479482143,169.49605587870553,170.8649444580078,55962800
2023-05-09,170.42176761942747,170.90431601807424,168.99379282252266,169.1612091064453,45326900
2023-05-10,170.39228007410486,171.38693538928501,169.289279744913,170.924072265625,53724500
2023-05-11,171.2096322648924,171.9383837832071,169.55513971049686,171.11114501953125,49514700
2023-05-12,171.21959891598488,171.65351807079642,168.63582673684218,170.1841278076172,45533100
2023-05-15,170.7659972586019,170.81530899814229,169.09935977781652,169.69107055664062,37266700
2023-05-16,169.61217478294208,170.74626955321972,169.42479920138675,169.69107055664062,42110300
2023-05-17,169.3360433616003,170.53916250241704,168.06386972955488,170.302490234375,57951600
2023-05-18,170.60819152451643,172.81722786089622,170.19400003291315,172.62985229492188,65496700
2023-05-19,173.95134816577144,173.95134816577144,172.5213979143073,172.7383575439453,55809500
2023-05-22,171.57466634347682,172.2945846931845,171.0519949677244,171.7916259765625,43570900
2023-05-23,170.73639628329747,170.98293990870613,168.91196743614205,169.18809509277344,50747300
2023-05-24,168.7246024757336,170.03621645106807,168.16249079935005,169.4642333984375,45143500
2023-05-25,170.02635984381527,171.4957503105663,169.3163129553576,170.5983428955078,56058300
2023-05-26,170.92379413047703,173.33991896491864,170.71669083708804,173.00460815429688,54835000
2023-05-30,174.5134895983742,176.51542312806916,174.1288820495124,174.84878540039062,55964400
2023-05-31,174.87834951174753,176.87042648421155,174.3162227478627,174.79945373535156,99625300
2023-06-01,175.24323239604442,177.62977324467488,174.4838737017158,177.60018920898438,68901800
2023-06-02,178.52718373632618,179.2668146743205,176.78165050926717,178.4482879638672,61996900
2023-06-05,180.10504889865823,182.3929658521557,175.57849662924414,177.0972137451172,121946500
2023-06-06,177.48186345973468,177.62978364684957,174.97697127382227,176.7323760986328,64848400
2023-06-07,175.97298038220674,178.7046879636189,174.86846975629078,175.36155700683594,61944600
2023-06-08,175.44044804834044,178.3398036598064,175.00654388250445,178.07354736328125,50214900
2023-06-09,178.99065744922063,179.71056056331065,178.1326905180746,178.4581298828125,48900000
2023-06-12,178.76385922591572,181.34763164971682,178.46800386072707,181.24900817871094,54274900
2023-06-13,180.2727216495119,181.60404834381112,179.91769818813273,180.77566528320312,54929100
2023-06-14,180.8348467124019,181.84074910193183,179.50351991974284,181.40682983398438,57462900
2023-06-15,181.4166932611595,183.94129793003785,181.23917400121888,183.43833923339844,65433200
2023-06-16,184.14837692000424,184.40479194393566,181.72239585614398,182.3634033203125,101256200
2023-06-20,181.86048315364175,183.52712083284334,181.86048315364175,182.45217895507812,49799100
2023-06-21,182.34367850052172,182.84663717983523,180.0656175699355,181.41668701171875,49515700
2023-06-22,181.1997036995518,184.46393880857786,181.13066426325057,184.4146270751953,51245300
2023-06-23,182.98466270291834,184.96686782724538,182.45212010079476,184.09902954101562,53117000
2023-06-26,184.24698696904443,185.45012108460458,182.66910172140945,182.70855712890625,48088700
2023-06-27,183.3199642296852,185.78540030520836,183.10300465121298,185.4599609375,50730800
2023-06-28,185.33180236622022,187.2745677103686,185.00637796044083,186.63356018066406,51216800
2023-06-29,186.46586748106895,187.44218560729155,186.32780365948648,186.96881103515625,46347300
2023-06-30,188.98063939826477,191.79122791985353,188.6157445714927,191.2882843017578,85213200
2023-07-03,191.10093714903454,191.19956064074086,189.10885998965753,189.7991943359375,31458200
2023-07-05,188.92148652956726,190.31198136153697,187.98460856583768,188.68479919433594,46920300
2023-07-06,187.2153769807983,189.36524537083605,186.5842258571581,189.15814208984375,45094300
2023-07-07,188.76371112125616,190.00628587990153,187.60988847797856,188.04379272460938,46815000
2023-07-10,186.6434031135775,187.36332142042107,184.4540942539423,186.0023956298828,59922200
2023-07-11,186.5447914459214,186.68285528837708,184.02018687082855,185.47972106933594,46638100
2023-07-12,187.05761040387253,189.04968751691854,185.86434744027207,187.14637756347656,60750200
2023-07-13,187.86624506525828,188.5467078881079,187.15619821079162,187.9056854248047,41342300
2023-07-14,187.59998771190843,188.53685056119244,187.00829198764853,188.0536346435547,41616200
2023-07-17,189.24688249449068,191.63343805134278,189.15813040004866,191.30799865722656,50520200
2023-07-18,190.6768691009351,191.64331601668746,189.75971887799713,191.05160522460938,48288200
2023-07-19,190.4303150490968,195.48938034906212,189.9865244553515,192.4026641845703,80507300
2023-07-20,192.39282446393295,193.75375040663724,189.8386355247165,190.45993041992188,59581200
2023-07-21,191.41650251566858,192.2744696321092,188.5861710830146,189.28636169433594,71951700
2023-07-24,190.73603816687742,192.21530010696893,189.59207198839397,190.0851593017578,45377800
2023-07-25,190.6571617022808,191.7518162507371,190.25282645288883,190.94314575195312,37283200
2023-07-26,190.9924625294884,192.93522799592873,190.6473103947794,191.8109893798828,47471900
2023-07-27,193.3099522093675,194.47363103189025,189.8879250921341,190.5486602783203,47460200
2023-07-28,191.97860770429688,193.91151654263126,191.4559363697747,193.12257385253906,48291400
2023-07-31,193.34938604539337,193.77344894031904,192.56044337061044,193.73399353027344,38824100
2023-08-01,193.52690392813534,194.0101198390568,192.58016971551623,192.90560913085938,35175100
2023-08-02,192.34347668203839,192.48154051645844,189.19759252290805,189.91749572753906,50389300
2023-08-03,188.92148694956984,189.71041463976601,188.0536484329567,188.52700805664062,61235200
2023-08-04,182.95511789971007,184.78940327661547,179.40488328381886,179.4739227294922,115956800
2023-08-07,179.61197056531847,180.59814508763776,174.89805755245857,176.3773193359375,97576100
2023-08-08,177.20569866966517,177.77768168655697,175.1248698685598,177.31417846679688,67823000
2023-08-09,178.36938092489027,178.42854898853972,174.56274666920834,175.7264404296875,60378500
2023-08-10,176.9986245515979,178.25107058876787,175.14462641506705,175.50950622558594,54686900
2023-08-11,175.10464195853916,176.38838822312198,174.34425781198718,175.56875610351562,52036700
2023-08-14,175.74650562753334,177.44501774834183,175.09474782272636,177.2178955078125,43675600
2023-08-15,176.64514364841483,177.23763842738072,174.8380051896738,175.23300170898438,43622600
2023-08-16,174.91701484938284,176.30938743269644,174.29488099061055,174.364013671875,46964900
2023-08-17,174.9268647491592,175.29223725703497,171.31258808782235,171.8260955810547,66062900
2023-08-18,170.14735612669347,172.9123770667114,169.8116075662743,172.30999755859375,61172200
2023-08-21,172.88274314562352,173.92949746098708,171.56935789788312,173.6431121826172,46311900
2023-08-22,174.8478727981476,175.46012191641384,174.04799506153495,175.0157470703125,42038900
2023-08-23,176.28963972003098,179.2817827873095,176.10201110060572,178.85714721679688,52722800
2023-08-24,178.41275636104422,178.83739189345877,173.81097351698816,174.17636108398438,54945800
2023-08-25,175.16388093182096,176.91175631972774,173.62337343895007,176.37850952148438,51449600
2023-08-28,177.8400098200833,178.33376298082638,176.31925671498092,177.9387664794922,43820700
2023-08-29,177.45489519701718,182.5899254092932,177.25739693272806,181.81967163085938,53003900
2023-08-30,182.62942352828824,185.50307057198083,182.43192527543482,185.30555725097656,60813900
2023-08-31,185.49317264844964,186.75717945843076,185.1376697913831,185.52279663085938,60794500
2023-09-01,187.1225652663115,187.54718572230075,185.92767607044595,187.0929412841797,45766500
2023-09-05,185.92768366781115,187.6064413525269,185.26605625958229,187.32994079589844,45280000
2023-09-06,186.04618648324464,186.4905763861184,179.20277485131902,180.62478637695312,81755800
2023-09-07,172.99135904079122,175.98351721110967,171.3718491931888,175.3416290283203,112488800
2023-09-08,176.121777292026,177.9881638364286,175.56876103562882,175.95388793945312,65551300
2023-09-11,177.82026144859472,178.0473836718388,175.1243584797436,177.11912536621094,58953100
2023-09-12,177.2475294233725,177.8795329175836,172.63587633671216,174.09738159179688,90370200
2023-09-13,174.30471474035696,175.08485308011382,171.80632524830068,172.03346252441406,84267900
2023-09-14,171.82607585790313,173.8998448696545,171.41132506918257,173.54434204101562,60895800
2023-09-15,174.27510652680778,174.29486087176767,171.6483512368518,172.82347106933594,109259500
2023-09-18,174.27511585610648,177.13889330258442,173.96899129951683,175.7465057373047,67257600
2023-09-19,175.30212586469654,177.38576479928514,174.91699900323943,176.832763671875,51826900
2023-09-20,177.02035765272817,177.45486279571944,173.20858308214417,173.29747009277344,58436200
2023-09-21,172.36920682730067,174.09734264324985,171.6878251518227,171.75694274902344,63149100
2023-09-22,172.48772049861157,174.86761425499944,171.87547142547365,172.60621643066406,56725400
2023-09-25,172.02361011818323,174.7590070374673,171.97423178505466,173.880126953125,46172700
2023-09-26,172.63585300181884,173.01109513731117,169.51532957863083,169.81158447265625,64588900
2023-09-27,170.46331542744704,170.87806622328196,166.93792612877573,168.30067443847656,66921800
2023-09-28,167.2243249736919,169.8807195182162,165.5258128129139,168.55746459960938,56294400
2023-09-29,169.87084635964763,170.90773103963988,168.21182785802986,169.0709686279297,51861100
2023-10-02,169.08081880430257,172.12233981703872,168.79443355791753,171.57920837402344,52164500
2023-10-03,170.1078434596355,171.46073744550782,168.6858469308082,170.24609375,49594600
2023-10-04,168.9524729247714,172.03350325883684,168.8339769739755,171.49037170410156,53020300
2023-10-05,171.61869897615148,173.25796291419545,170.5225664715738,172.72471618652344,48527900
2023-10-06,171.6285909459562,175.76624458491796,171.016326818613,175.27249145507812,57266700
2023-10-09,174.60098214625398,176.81300162773064,173.60360623261292,176.75375366210938,42390800
2023-10-10,175.8748846750232,177.47464011941017,175.72674968355904,176.1612548828125,43698000
2023-10-11,175.9736185461729,177.60301297187604,175.3811238107674,177.5536346435547,47551100
2023-10-12,177.82026707710477,180.06189553412176,176.80312172309905,178.4522705078125,56743100
2023-10-13,179.1533924067404,179.6570151987734,175.91437292525092,176.61550903320312,51427100
2023-10-16,174.54176320804768,176.8426550206093,174.3047562379969,176.48715209960938,52517000
2023-10-17,174.44299912050275,176.19088966345473,172.61612132571108,174.93675231933594,57549400
2023-10-18,173.3863659573123,175.36137864838344,172.9222367694585,173.6431121826172,54764400
2023-10-19,173.84057783744473,175.6180919396984,173.00120664203897,173.26783752441406,59302900
2023-10-20,173.1197103596996,173.22833664495803,170.4830706009531,170.72007751464844,64244000
2023-10-23,168.77469287243957,171.83595313524123,167.80692592091492,170.8385772705078,55980100
2023-10-24,170.88797493724758,171.50022404547477,169.30795876796012,171.27310180664062,43816600
2023-10-25,169.73256439395493,170.8978144354766,168.5179209624252,168.96231079101562,57157000
2023-10-26,168.24146504420852,169.23885617849143,163.6001878537521,164.80494689941406,70625300
2023-10-27,164.8247009041889,166.8490920877316,164.74569858206283,166.1183319091797,58499100
2023-10-30,166.90830774256386,169.0314401165317,166.7601727667049,168.1624298095703,51131000
2023-10-31,167.23420217717043,168.76482492650203,165.80230595130433,168.63645935058594,44846000
2023-11-01,168.86361324824594,172.0532550571854,167.99460269744,171.7965087890625,56934900
2023-11-02,173.32709544733643,175.55885407348563,173.2678474852133,175.3514862060547,77334800
2023-11-03,172.06312932936157,174.61089777938133,171.1842491912974,174.44300842285156,79829200
2023-11-06,174.17635419198152,177.18823614800198,174.00847994055556,176.99073791503906,63841300
2023-11-07,176.94138484513783,180.1606652677133,176.7340169447808,179.5484161376953,70530000
2023-11-08,180.07177947416378,181.15802736111343,179.32126504404005,180.6050262451172,49340300
2023-11-09,180.67414339377055,181.81963914926845,179.5385022077218,180.13101196289062,53763500
2023-11-10,181.91086536697577,184.48177017271385,181.47578777634308,184.31365966796875,66133400
2023-11-13,183.7401702602705,183.9478113332898,182.14818998578377,182.73158264160156,43627500
2023-11-14,185.59912547957174,186.00454008995078,184.21480130754796,185.342041015625,60108400
2023-11-15,185.74742671461323,187.37895245541037,185.6782029727857,185.90562438964844,53790500
2023-11-16,187.4482222334322,188.82266388785246,186.5385061665612,187.58665466308594,54412900
2023-11-17,188.12059370194675,188.24914348244,186.4594046371221,187.56686401367188,50922700
2023-11-20,187.76462241033667,189.7620174322178,187.75473976876387,189.30715942382812,46505100
2023-11-21,189.26759612132614,189.37636552049437,187.61628985249988,188.50621032714844,38134500
2023-11-22,189.34669431189826,190.7705639920827,188.69407794514686,189.168701171875,39617700
2023-11-24,188.73367065803237,188.76333367409984,187.13180743837248,187.84375,24048300
2023-11-27,187.79427548166112,188.53588093642713,186.78568783853885,187.6657257080078,40552600
2023-11-28,187.65586514519703,188.94131776896225,187.28011350908017,188.2689208984375,38415400
2023-11-29,188.76331653900834,189.93999969621768,186.85492560121705,187.2504425048828,43014200
2023-11-30,187.71517468500207,188.18981305356235,186.08364867108205,187.82394409179688,48794400
2023-12-01,188.19969953750024,189.4159283197641,187.11200544734405,189.09951782226562,45704800
2023-12-04,187.85358512953687,187.92280887485518,185.35190415389414,187.3097381591797,43389500
2023-12-05,188.08104861869373,192.22413865175915,188.05137051787239,191.25511169433594,66628400
2023-12-06,192.27358406476233,192.58011192579394,189.95977851245675,190.1674346923828,41089700
2023-12-07,191.46276025185608,192.81742141001197,191.42319951100376,192.09559631347656,47477700
2023-12-08,192.02637677770835,193.79635031367135,191.50231010992096,193.5194854736328,53406400
2023-12-11,190.9485830810774,191.3243346926335,189.27749628821252,191.01779174804688,60943700
2023-12-12,190.9189246189266,192.54056806660662,189.57414602172835,192.5306854248047,52696900
2023-12-13,192.90642113434447,195.78385412672148,192.66911702808835,195.7443084716797,70404200
2023-12-14,195.80365011321348,197.38573293709894,193.96446770304377,195.89263916015625,66831600
2023-12-15,195.3190970971854,196.17935458626624,194.79503045579114,195.35865783691406,128538400
2023-12-18,193.89525298304312,194.4292174656076,192.2142833032751,193.69749450683594,55751900
2023-12-19,193.96443406555753,194.74558515548247,193.69745188302565,194.73570251464844,40714100
2023-12-20,194.69614571593394,195.46741418063525,192.64932250976562,192.64932250976562,52242800
2023-12-21,193.9050960501454,194.8741228719849,191.33419132020353,192.5009765625,46482500
2023-12-22,192.9953923922105,193.22282892375426,190.81013681243016,191.43309020996094,37149600
2023-12-26,191.44299668429173,191.71986154255086,190.67172813799795,190.88926696777344,28919300
2023-12-27,190.33552729492325,191.33421726083122,188.95118798803827,190.98812866210938,48087700
2023-12-28,191.96704448132198,192.48122849088116,191.00790021395272,191.41331481933594,34049900
2023-12-29,191.72973752393827,192.2241411947973,189.5840274029703,190.3750762939453,42672100
2024-01-02,185.05528848269014,186.33085840634024,181.83178197139316,183.56219482421875,82488700
2024-01-03,182.15812689772324,183.7995510412989,181.37696048895876,182.1877899169922,58414500
2024-01-04,180.11123597031312,181.04071720671112,178.85546161628733,179.87393188476562,71983600
2024-01-05,179.95303087035154,180.71440156415224,178.15339449300276,179.15208435058594,62379700
2024-01-08,180.0519155054874,183.52263874374273,179.46852282651062,183.4830780029297,59144500
2024-01-09,181.86143345023166,183.07766218215258,180.68475037086026,183.06777954101562,42841800
2024-01-10,182.28664662503843,184.31368968460146,181.86145160567418,184.10604858398438,46792900
2024-01-11,184.45212033242825,184.9564217479187,181.56480461990643,183.51275634765625,49128400
2024-01-12,183.97748271061099,184.64987951630312,183.11722519297732,183.83905029296875,40477800
2024-01-16,180.1211286782067,182.19761480887055,178.90488492167398,181.57467651367188,65603000
2024-01-17,179.24109293861534,180.88250149305736,178.2819487070673,180.6352996826172,47317400
2024-01-18,184.0071435872404,187.02300881659582,183.75005912545993,186.5187225341797,78005800
2024-01-19,187.21087293560348,189.80154302609114,186.7065866846462,189.41590881347656,68903000
2024-01-22,190.14766376550878,193.143748944668,190.1081030206995,191.71986389160156,60133900
2024-01-23,192.83719415255706,193.55901922053994,191.660511110776,192.99539184570312,42355600
2024-01-24,193.23272951111284,194.18199120084623,192.16481576816378,192.32302856445312,53631300
2024-01-25,193.03498542605584,194.07323623297103,190.94860116972282,191.99673461914062,54822100
2024-01-26,192.09559590318426,192.58010181757646,189.7916731135176,190.26629638671875,44594000
2024-01-29,189.86091028509443,190.04878611194624,187.45811545873704,189.58404541015625,47145600
2024-01-30,188.80288370915284,189.65325866018404,185.37172089064353,185.93533325195312,55859400
2024-01-31,184.94651023142666,185.00585134318092,182.28663127585358,182.3360595703125,55467800
2024-02-01,181.93066720224104,184.85752846784007,181.76257176566293,184.76853942871094,64885400
2024-02-02,177.84687547061628,185.2332669548565,177.24370243482153,183.76983642578125,102551700
2024-02-05,186.04407104136263,187.13176501057416,183.75992879401906,185.57933044433594,69668800
2024-02-06,184.76853636353553,187.19111127921153,184.67954732588265,187.1812286376953,43490800
2024-02-07,188.50622203381667,188.91163664571195,186.49894443287428,187.2899932861328,53439000
2024-02-08,187.27020463334281,187.41851968576853,185.25304448034683,186.21218872070312,40962000
2024-02-09,186.77650719907678,188.10321111496148,186.13296840440984,186.9745330810547,45155200
2024-02-12,186.54881961012742,186.79633688725167,184.93500212895557,185.2914276123047,41781900
2024-02-13,183.92513863049606,184.36077144619387,181.68757282391297,183.20237731933594,56529500
2024-02-14,183.47962222785034,183.68752828939827,180.62821823999963,182.32122802734375,54630500
2024-02-15,181.727184392981,182.65785175424014,179.54903541760635,182.0341033935547,65434500
2024-02-16,181.5984737728991,183.0142804515248,179.86585283584154,180.49949645996094,49752500
2024-02-20,179.98463913307552,180.61828269677792,178.21242224791314,179.75692749023438,53665600
2024-02-21,180.13316833455778,181.0737309260645,178.86588113831095,180.5093994140625,41371400
2024-02-22,181.65784073265692,183.12315360761588,180.64798131414128,182.53900146484375,52292200
2024-02-23,183.17269052734747,183.2023913936763,180.42029946099493,180.70742797851562,45119700
2024-02-26,180.4302078946742,180.94503297704767,178.85598645977296,179.36093139648438,40867400
2024-02-27,179.30152539649055,182.09351248592515,177.77681047698752,180.8163299560547,54318900
2024-02-28,180.69750358801915,181.30144633523983,178.34114943443706,179.6183319091797,48953900
2024-02-29,179.46981142225187,180.75690414056305,177.74708592784262,178.95497131347656,136682600
2024-03-01,177.76690051629518,178.73716395290236,175.61845249589473,177.8758087158203,73563100
2024-03-04,174.40064432483445,175.14319605787904,172.06408093389737,173.361083984375,81510100
2024-03-05,169.06420089624305,170.33148818677603,167.93552268101038,168.43055725097656,95132400
2024-03-06,169.36121186741923,169.53943215491887,167.00484265804033,167.4404754638672,68587700
2024-03-07,167.47019012011697,169.03450118476172,166.81675596481475,167.32168579101562,71765100
2024-03-08,167.3216847390924,171.97500667784078,167.2622830078253,169.0345001220703,76267000
2024-03-11,171.2225240841993,172.64822576816061,170.3413633360917,171.03440856933594,60139500
2024-03-12,171.43045147590772,172.3017170819102,169.31170429451927,171.50965881347656,59825400
2024-03-13,171.05425482761498,171.4700820663792,169.06420612614593,169.4305419921875,52488700
2024-03-14,171.19284931228447,172.57893998999515,170.34138929390355,171.28195190429688,72913500
2024-03-15,169.47011882986195,170.9057159423828,168.59885322457814,170.9057159423828,121752700
2024-03-18,173.82644596151624,175.94519331439105,171.79680120539754,171.99481201171875,75604200
2024-03-19,172.6086191723699,174.85607994565953,171.31163124958826,174.3313446044922,55215200
2024-03-20,173.97494430389506,176.89564514160156,173.35119593354977,176.89564514160156,53423100
2024-03-21,175.29173693263047,175.72736975318543,169.14340118299,169.6681365966797,106181300
2024-03-22,170.05425166968308,171.33144918231721,168.37113733503185,170.569091796875,71160100
2024-03-25,168.87610215909345,170.23249206020807,167.76721443821097,169.1533203125,54288300
2024-03-26,168.31174106723407,169.71763732680742,167.8959138727621,168.02462768554688,57388400
2024-03-27,168.7176879462108,171.87601096065072,168.42066417893392,171.58888244628906,60273300
2024-03-28,170.0443614510728,170.51959037094832,168.81667037520143,169.77703857421875,65672700
2024-04-01,169.48991432845702,169.54931605122675,167.79688969325008,168.3414306640625,46240500
2024-04-02,167.40087579338118,167.65828830624176,166.55931106297376,167.1632537841797,49329500
2024-04-03,167.11374996517486,168.98497988400436,166.90584392266877,167.9652099609375,47691700
2024-04-04,168.59886612133832,170.2126836435028,167.1434783935547,167.1434783935547,53704400
2024-04-05,167.90579979250484,168.69785802201392,167.27215623034843,167.89590454101562,42104800
2024-04-08,167.3513719945941,167.51968192191484,166.5692240844266,166.77713012695312,37425500
2024-04-09,167.02461732769677,168.3909172188155,166.67810228343993,167.9849853515625,42373800
2024-04-10,167.12365945587084,167.4107728345435,165.45044033625643,166.11378479003906,49709300
2024-04-11,166.66823651643443,173.7175391133101,166.49003132152566,173.30169677734375,91070300
2024-04-12,172.5294554564089,176.58874526879183,172.47996408161129,174.79672241210938,101670900
2024-04-15,173.61851932570818,174.8759113224836,170.7869210734751,170.97503662109375,73531800
2024-04-16,170.0443808641566,172.03441446797186,166.59894436401518,167.6979217529297,73711200
2024-04-17,167.9256004082147,168.9552655008738,166.3315887451172,166.3315887451172,50901200
2024-04-18,166.36130787024413,166.96525061902096,164.89600984807865,165.38113403320312,43122900
2024-04-19,164.559379327856,164.74747975255278,162.45052746983075,163.36138916015625,68149400
2024-04-22,163.87623994630854,165.59895049362888,163.1336881290828,164.19305419921875,48116400
2024-04-23,163.70792820716713,165.39104261951863,163.28219064755024,165.24252319335938,49537800
2024-04-24,164.8861093338651,167.6187098522012,164.5593998092657,167.34149169921875,48251800
2024-04-25,167.84640961058278,168.9156860278579,166.4801094484109,168.2028350830078,50558300
2024-04-26,168.19293999888993,169.63843239437367,167.49987955768663,167.6186981201172,44838400
2024-04-29,171.64824848286057,174.2818355072499,171.38094074443057,171.77696228027344,68169400
2024-04-30,171.60868084411632,173.2521991943247,168.31174889120035,168.6384735107422,65934800
2024-05-01,167.8959162536964,170.99483730573115,167.43058257791944,167.6186981201172,50383100
2024-05-02,170.79679016186972,171.69775653757537,169.19288328746214,171.31163024902344,94214900
2024-05-03,184.7963988764884,185.14292911827533,180.84603267784937,181.5588836669922,163224100
2024-05-06,180.5390848280799,182.37070337959045,178.62824383792136,179.9054412841797,78569700
2024-05-07,181.62815272879564,183.0637497391675,179.5193160584302,180.5885772705078,77305800
2024-05-08,181.03414013837894,181.25195654794928,179.6480343404535,180.92523193359375,45057100
2024-05-09,180.74699689996783,182.82614787366472,180.3014688648197,182.73704528808594,48983000
2024-05-10,183.31208481142474,183.5004555242596,180.56588428269347,181.4779815673828,50759500
2024-05-13,183.84742393900163,185.4931713127623,183.03445892506747,184.68020629882812,72044800
2024-05-14,185.89964252722956,186.68286641073877,184.69011878206607,185.82032775878906,52393600
2024-05-15,186.2962297111884,189.01268886802714,185.76085876781028,188.09068298339844,70400000
2024-05-16,188.8342042519463,189.458798518541,188.031163125035,188.20960998535156,52845200
2024-05-17,187.8824709799172,189.1713095252472,187.55530322495105,188.2393798828125,41282900
2024-05-20,187.70403175639103,190.2717851507536,187.38677266186554,189.3993377685547,44361300
2024-05-21,189.44890089382775,191.07481584379752,189.28036268210627,190.69808959960938,42309400
2024-05-22,190.61877317517173,191.16405275409193,188.63594934473116,189.26052856445312,34648500
2024-05-23,189.3398501117122,189.35968258649532,185.02721720275102,185.2750701904297,51005900
2024-05-24,187.19840810516956,188.94328765804346,186.42509288132968,188.3484344482422,36327000
2024-05-28,189.86527247896473,191.34248153890573,187.47598148636735,188.35833740234375,52280100
2024-05-29,187.98162409974876,190.59895109353056,187.8824768517226,188.65577697753906,53068000
2024-05-30,189.12172393667825,190.52952698465035,188.99285067972127,189.6471710205078,49889100
2024-05-31,189.7959119633218,190.9162123421418,188.27905284340878,190.5989532470703,75158300
2024-06-03,191.24336235629542,193.31542486412093,190.86663609575578,192.36366271972656,50080500
2024-06-04,192.96842627855952,193.64259428823095,191.3722523931234,192.68092346191406,47471400
2024-06-05,193.72188613227584,195.20900403542353,193.19643901671662,194.18785095214844,54156800
2024-06-06,194.0094143560484,194.8124556459051,192.5024638984892,192.80979919433594,41181800
2024-06-07,192.97829831295977,195.24863977701435,192.47268374751314,195.19906616210938,53103900
2024-06-10,195.20899197297106,195.60556579928584,190.49978557066368,191.46145629882812,97010200
2024-06-11,191.98691085726122,205.38089548057218,191.96709351098235,205.3709716796875,172373300
2024-06-12,205.5890679852297,218.30888368086454,205.1231032111954,211.24012756347656,198134300
2024-06-13,212.8958066808934,214.888539245905,209.7827737762817,212.4001007080078,97862700
2024-06-14,212.01345147179217,213.32210737882852,209.4853479747781,210.66513061523438,70122700
2024-06-17,211.53757201804441,217.06965275202606,210.89316027395952,214.80923461914062,93728300
2024-06-18,215.7213082393038,216.7523850703462,211.17073132176122,212.44964599609375,79943300
2024-06-20,212.0927425591543,212.4000929584359,207.05638337080816,207.87924194335938,86172500
2024-06-21,208.58314195009936,210.0702597495804,205.3313122387871,205.7080535888672,241805100
2024-06-24,205.93608683303725,210.87331399723786,204.8157865138524,206.35247802734375,80727000
2024-06-25,207.35378999494392,209.56464939365068,206.8184342324815,207.2744903564453,55549700
2024-06-26,209.68360834691896,213.01475280094434,208.83099354238436,211.4185791015625,66213200
2024-06-27,212.84622088780682,213.88720639689362,210.52632069800987,212.26129150390625,49772700
2024-06-28,213.91696855097956,214.2143951724623,208.49394377490637,208.81118774414062,82542700
2024-07-01,210.26856627972688,215.64201747450758,210.10002805599396,214.8885498046875,60402900
2024-07-02,214.2936836981781,218.4873670751859,213.25271326862932,218.37831115722656,58046200
2024-07-03,218.11063203893852,219.64732360839844,217.1489612238199,219.64732360839844,37369800
2024-07-05,219.7464397478406,224.5052198536283,219.7464397478406,224.3961639404297,60412400
2024-07-08,225.1397075728903,225.89319024119226,221.3326897978435,225.8634490966797,59085900
2024-07-09,225.97252074204383,227.42989753320916,224.4259205051531,226.71607971191406,48076100
2024-07-10,227.3307677065015,231.0783037422216,227.28119408246098,230.97915649414062,62627700
2024-07-11,229.40278596334778,230.39419780728426,223.83105624130303,225.6156005859375,64710600
2024-07-12,226.9540218514806,230.64207551688347,226.71607753741577,228.5601043701172,53046500
2024-07-15,234.44910163171727,235.1926606193721,231.0882156126273,232.386962890625,62631300
2024-07-16,232.98182214446476,234.2409196318231,230.3347538954296,232.80337524414062,43234300
2024-07-17,227.47944931340314,229.47219684306242,224.6935843942369,226.9143524169922,57345900
2024-07-18,228.30231800055432,228.46094752609622,220.36111458394757,222.25469970703125,66034600
2024-07-19,222.88925101284036,224.85224251867803,221.36246807560826,222.3836212158203,49151500
2024-07-22,225.06043082550624,225.82382229500527,221.17409763275575,222.03663635253906,48201800
2024-07-23,222.44310313331528,224.9910392063895,220.7676144514488,223.07760620117188,39960300
2024-07-24,222.07627816799848,222.86941075843336,215.26528287042115,216.6631622314453,61777600
2024-07-25,217.0497975364767,218.95332167523742,212.77681471652627,215.62217712402344,51391200
2024-07-26,216.82180047841348,217.60502442671483,214.15489978899527,216.08816528320312,41601300
2024-07-29,215.09674706599597,217.41664743865044,213.8971319294418,216.36575317382812,36311800
2024-07-30,217.3075789949067,218.43778796730905,214.2639371695869,216.92092895507812,41643800
2024-07-31,219.53825698895486,221.89782218872546,218.7352157578384,220.17276000976562,50036300
2024-08-01,222.44309097566543,222.55214689360594,215.15622233135366,216.48471069335938,62501000
2024-08-02,217.2679231335739,223.66254232334134,215.84030263063204,217.97183227539062,105568600
2024-08-05,197.3802115476467,211.6664621054212,194.3167520967801,207.47279357910156,119548600
2024-08-06,203.53688424769564,208.18660889381388,199.3432157724579,205.45030212402344,69660500
2024-08-07,205.12313014700663,211.80525225793107,204.61751548926864,208.01806640625,63516400
2024-08-08,211.27979376271134,212.36042911915672,207.03655197769595,211.4780731201172,47161100
2024-08-09,210.2784745623819,214.91827509282652,210.1495861717322,214.38291931152344,42201600
2024-08-12,214.4623401059105,217.8767320905019,213.9958359256548,215.91146850585938,38028100
2024-08-13,217.38044783379533,220.23902400333975,217.38044783379533,219.62364196777344,44155300
2024-08-14,218.92885985517657,221.37054778476931,218.06532277692483,220.07029724121094,41960600
2024-08-15,222.9288713384501,223.67329096872731,221.10255033510867,223.0479736328125,46414000
2024-08-16,222.25393109506462,225.1422830006272,221.98593577772976,224.3680877685547,44340200
2024-08-19,224.0405257400108,224.30852103873067,221.38045847347976,224.20925903320312,40687800
2024-08-20,224.0901616619868,225.47973889834265,223.7725353535306,224.82464599609375,30299000
2024-08-21,224.8345868015738,226.28371522001356,223.37552309496598,224.71546936035156,34765500
2024-08-22,226.09511339685906,226.64102413052154,222.2340576918725,222.859375,43695300
2024-08-23,223.98097823318813,226.52192810531062,222.66087229355688,225.15219116210938,38677300
2024-08-26,225.0727813784282,225.58891654674125,222.22414052811973,225.48965454101562,30602200
2024-08-27,224.31844891527626,227.14724957253156,223.21670725505913,226.33334350585938,35934600
2024-08-28,226.22414704916858,228.14971479709,224.0008084384826,224.80479431152344,38052200
2024-08-29,228.3879521456165,231.18696212304621,227.1770283167567,228.0802459716797,51906300
2024-08-30,228.4772755570311,228.68570457235603,225.78743262658827,227.29612731933594,52990800
2024-09-03,226.84946493362216,227.29611365629745,219.52437135882835,221.1124725341797,50190600
2024-09-04,220.01072730838987,220.1298295937355,215.86182100754215,219.20675659179688,43840200
2024-09-05,219.9809527371486,223.80229748015876,219.87177059333374,220.72537231445312,36615400
2024-09-06,222.28368749781316,223.56409767944487,218.13479623481732,219.17698669433594,48423000
2024-09-09,219.17700018247805,219.6236489368284,215.09757995493325,219.26632690429688,67180000
2024-09-10,217.29111136152258,219.83206111139577,215.1174037589381,218.47225952148438,51591000
2024-09-11,219.81222755985956,221.43008920211523,216.26878297144034,221.0032958984375,44587100
2024-09-12,220.8444772424724,221.88666769221828,218.18442519080247,221.1124725341797,37455600
2024-09-13,221.91644846858938,222.37301734416337,220.25887596851652,220.844482421875,36766600
2024-09-16,214.92882889414335,215.60377723416104,212.32832783334672,214.71047973632812,59357400
2024-09-17,214.14471619981742,215.28615358843467,212.904016801209,215.17697143554688,45519300
2024-09-18,215.931307109631,221.05291740528648,215.92137182236397,219.04794311523438,59894900
2024-09-19,223.31594824973243,228.11001204196916,222.9586262544957,227.1670684814453,66781300
2024-09-20,228.25889437635817,231.35567496568984,225.9263736470506,226.50205993652344,318679900
2024-09-23,225.64846451262724,227.742765583781,224.12984974700805,224.78494262695312,54146000
2024-09-24,226.94872814757065,227.64353192764617,224.05045616714196,225.67825317382812,43556100
2024-09-25,223.25638097071698,225.59882178569194,222.35316341740713,224.6856689453125,42308700
2024-09-26,225.60876888531146,226.7998372114188,223.73283210674714,225.82713317871094,36636700
2024-09-27,226.7601514881057,227.81226214161182,225.6087788258606,226.09512329101562,34026000
2024-09-30,228.32838978012126,231.26637268066406,227.94129216556473,231.26637268066406,54541900
2024-10-01,227.81225543239978,227.9412778656533,222.07526286618742,224.52688598632812,63285000
2024-10-02,224.20925878310885,225.67824256269316,221.360617941662,225.09263610839844,32880600
2024-10-03,223.46481998018766,225.12239234050705,221.65836976978886,223.99087524414062,34044200
2024-10-04,226.20430944090455,226.30357145139808,222.46237094034984,225.1125030517578,37245100
2024-10-07,222.8296172342201,224.01076551273388,219.68320530273118,220.04052734375,39505400
2024-10-08,222.63110049734397,224.298593199742,221.58890998571715,224.0901641845703,31855700
2024-10-09,223.554178398676,228.04055170887608,223.1571606453159,227.8321075439453,33591100
2024-10-10,226.08522629350668,227.7924300308487,225.47976432683006,227.33584594726562,28183500
2024-10-11,227.5938974682738,227.70307961960657,225.6484741750507,225.85691833496094,31759200
2024-10-14,226.998334224751,230.00578802790554,226.89908737082214,229.57899475097656,39882100
2024-10-15,231.87181141001133,235.72294688412148,230.64103225198252,232.1100311279297,64751400
2024-10-16,229.87679699083486,230.39291705034768,228.1298824963092,230.05545043945312,34082200
2024-10-17,231.69314333147315,232.1100316250369,228.80480686495974,230.42266845703125,32993800
2024-10-18,234.4227083661851,234.4227083661851,232.2688559498539,233.25149536132812,46431500
2024-10-21,232.7055644739604,235.08771628667242,232.7055644739604,234.720458984375,36254500
2024-10-22,232.14974382855843,234.4624093106695,230.86934872103873,234.10508728027344,38846600
2024-10-23,232.33831918874512,233.3904297884605,226.06533615950997,229.0430145263672,52287000
2024-10-24,228.26882480795348,229.10258628095696,226.71051430099084,228.8544464111328,31109500
2024-10-25,228.03061417648678,231.48471683213373,227.86188088691335,229.6881866455078,38802300
2024-10-28,231.58401493128346,232.9835124677023,230.81973979270543,231.6634063720703,36087100
2024-10-29,231.36561495313973,232.5864588417728,230.59141979007921,231.93136596679688,35417200
2024-10-30,230.87925826342104,231.7328600109945,227.8420287171323,228.387939453125,47070900
2024-10-31,227.63358238786932,228.11994197442104,223.693120129287,224.22911071777344,64370100
2024-11-01,219.32585141181025,223.67326642200996,218.6310628621847,221.2514190673828,65276700
2024-11-04,219.34572401852256,221.13231895883285,218.0752491010658,220.35812377929688,44944500
2024-11-05,220.14968230766976,222.28367900181775,219.49458945583885,221.7873992919922,28111300
2024-11-06,220.95366880237512,224.387931303672,219.54423614319148,221.06285095214844,54561100
2024-11-07,222.95865940199351,226.18447798056903,222.89910825147632,225.78744506835938,42137700
2024-11-08,225.72782337627459,227.20836966100222,224.97265364792685,225.5191650390625,38328800
2024-11-11,223.57158868270503,224.26714170400084,220.0938084143074,222.8064727783203,42005600
2024-11-12,223.12444853772337,224.15783943194586,221.9420008205612,222.8064727783203,40398300
2024-11-13,222.58787261698694,225.2111120360391,221.34580821096,223.69082641601562,48566200
2024-11-14,223.59146688403666,227.41701609796436,223.57158960851197,226.77114868164062,44923900
2024-11-15,224.96270031544069,225.47940335635096,222.8462328667566,223.57159423828125,47923700
2024-11-18,223.81998425203597,228.28148462394066,223.7404903183321,226.57240295410156,44633700
2024-11-19,225.53899960732684,228.69881907074455,225.22103903072198,226.83074951171875,36211800
2024-11-20,226.61216873586113,228.4702922716314,224.45594670445817,227.54620361328125,35169600
2024-11-21,227.42697481306035,228.6988476019872,224.27710117470866,227.0692596435547,42108300
2024-11-22,226.6121530455377,229.25526960886552,226.6121530455377,228.41065979003906,38168300
2024-11-25,229.99057974831032,231.7692092379923,228.28149797848934,231.39161682128906,90152800
2024-11-26,231.84870566104107,234.07449047305911,231.84870566104107,233.56771850585938,45986200
2024-11-27,232.98148163119754,234.19373774290258,232.32566796514345,233.4385528564453,33498400
2024-11-29,233.3192972938568,236.3002516789311,232.48463370489634,235.82330322265625,28481400
2024-12-02,235.76369091824088,239.26133321145704,235.654388648958,238.06895446777344,48137100
2024-12-03,238.28756099978403,241.21882985808793,237.3833345065081,241.10952758789062,38861000
2024-12-04,241.32814402991647,242.56027739454964,239.7184333911867,241.46725463867188,44383900
2024-12-05,242.44105143123323,242.98754766386446,240.59285890906452,241.4970703125,40033900
2024-12-06,241.36788746709487,243.0769692456264,240.5431549096241,241.29832458496094,36870600
2024-12-09,240.29476865400252,245.67042745795882,240.21527470643758,245.18353271484375,44649200
2024-12-10,245.32261857013248,246.63424582967986,243.7824557106041,246.19703674316406,36914800
2024-12-11,246.38582450957213,249.2077910379196,244.69660488558225,244.92515563964844,45205800
2024-12-12,245.32261935264157,247.1608807008323,244.12029436088807,246.38583374023438,32777500
2024-12-13,246.24671899982582,247.70737273801882,244.67674782957272,246.55474853515625,33155300
2024-12-16,246.4156487620838,249.7841268474892,246.07779571830554,249.44627380371094,51694800
2024-12-17,248.49236434269267,252.21855739876366,248.19426586582333,251.8707733154297,51356400
2024-12-18,250.559158393614,252.66569465886903,246.16722071424974,246.47525024414062,56774100
2024-12-19,245.92873792847348,250.400169527173,245.5213371883983,248.20419311523438,60882300
2024-12-20,246.4653249902114,253.3811464831127,244.13025293349912,252.8743896484375,147495300
2024-12-23,253.15258832932108,254.02699130961165,251.84096111600803,253.6494140625,40858800
2024-12-24,253.868019379837,256.5707374276886,253.66927695641888,256.5608215332031,23234700
2024-12-26,256.55086249805703,258.44874034869076,255.99442012888886,257.3755798339844,27237100
2024-12-27,256.19316170058187,257.05766400729357,251.45345479939442,253.96739196777344,42355300
2024-12-30,250.6287158030117,251.890657464443,249.15811581542044,250.59890747070312,35557500
2024-12-31,250.83738041728796,251.6720440162376,247.84647977817443,248.8302001953125,39480700
2025-01-02,247.34966196417784,247.51859606258614,240.28481431614935,242.3019256591797,55740700
2025-01-03,241.81503295898438,242.62981931594805,240.3543640210219,241.81503295898438,40244100
2025-01-06,242.75900387005615,245.7598357483754,241.6560500607284,243.4446258544922,45045600
2025-01-07,241.4374487975533,243.9911405526811,239.81780708502322,240.67234802246094,40856000
2025-01-08,240.38419368621172,242.1628385440956,238.5260700426742,241.15924072265625,37628900
2025-01-10,238.48628640867517,238.63534322792128,231.52079498772144,235.3463592529297,61710900
2025-01-13,232.04742383507855,233.180185891021,228.26161420500546,232.91189575195312,49630700
2025-01-14,233.25969544364762,234.62099318079112,230.99417118008773,231.7990264892578,39435300
2025-01-15,233.1504034772107,237.4429855317883,232.94172997653553,236.35989379882812,39832000
2025-01-16,235.8432019589194,236.4990004602556,226.58236221549976,226.81089782714844,71759100
2025-01-17,230.64637201374376,230.81529094249188,227.0294813062853,228.51995849609375,68488300
2025-01-21,222.5779598086072,222.9952916638179,217.98729423936916,221.22659301757812,98070400
2025-01-22,218.39465138442915,222.6971640978084,218.39465138442915,222.4090118408203,64126500
2025-01-23,223.3132424800993,225.58869773276695,220.88873040600683,222.24009704589844,60234800
2025-01-24,223.35299524803202,224.19760513427786,220.00439436057442,221.36569213867188,54697900
2025-01-27,222.5978054024586,230.67618150163648,222.5580508531902,228.40072631835938,94863400
2025-01-28,229.38444497187513,238.66514594376807,229.3446904229109,236.7473907470703,75707600
2025-01-29,232.63366934231402,238.33723404319062,232.52436707787834,237.8404083251953,45486100
2025-01-30,237.15482584661257,239.26136238940995,235.70410299948912,236.08168029785156,55658300
2025-01-31,245.62071750771995,245.62071750771995,231.95800933839706,234.5017547607422,100959800
2025-02-03,228.52992572925916,230.35824094469035,224.2671520837408,226.56248474121094,73063300
2025-02-04,225.80729852188347,231.64997406812495,225.21110156992967,231.3220672607422,45067300
2025-02-05,227.07916670947125,231.19288314320298,226.82082278842498,230.99415588378906,39620300
2025-02-06,229.8216550685821,232.31573010563136,228.96711414866223,231.73941040039062,29925300
2025-02-07,231.12335539671392,232.5144614947352,225.81724462416,226.18490600585938,39707200
2025-02-10,228.36338248973718,229.378010419489,226.00582893863492,226.45346069335938,33115600
2025-02-11,227.00058728303875,233.99363668198936,226.93096309298542,231.39735412597656,53718400
2025-02-12,229.98480349517558,235.71453849328682,229.4675323792709,235.625,45243300
2025-02-13,235.66483088933668,241.06628412426815,234.3318774239705,240.2605438232422,53614100
2025-02-14,239.9819785190441,244.25938055012708,239.7233505557091,243.3143768310547,40896200
2025-02-18,242.86674847770814,243.8913336127375,240.56889220053384,243.18507385253906,48822500
2025-02-19,243.37407429304395,244.716969605811,241.88195827091008,243.5829620361328,32204200
2025-02-20,243.65259654249155,245.4829218502696,243.00600383864503,244.5379180908203,32316900
2025-02-21,244.65729095432025,247.38289505871285,243.93113206298463,244.2593994140625,53197400
2025-02-24,243.64264638435856,247.55199828948733,243.1353323966777,245.80125427246094,51326400
2025-02-25,246.69650753214344,248.68599549611233,243.62275227067275,245.74154663085938,48013300
2025-02-26,243.04579925662603,243.6923767743236,237.87313357927937,239.09666442871094,44433600
2025-02-27,238.15166004001364,241.1856322165831,235.81400561415145,236.05274963378906,41153600
2025-02-28,235.70459571566596,240.8175794410065,228.9900734891547,240.5688934326172,56833400
2025-03-03,240.51914741730602,242.74737946323825,234.8690087281554,236.77891540527344,47184000
2025-03-04,236.46063041402056,238.80822713414068,233.44654177924315,234.68997192382812,53798100
2025-03-05,234.18263593082168,235.30670153327668,228.0251680036218,234.50096130371094,47227600
2025-03-06,233.20778757123546,236.60981025581015,231.93451645578955,234.09310913085938,45170400
2025-03-07,233.87426828677374,240.10136041796665,233.5261018066448,237.81346130371094,46273600
2025-03-10,234.30201287196223,234.9187645202326,223.04151782981955,226.2843780517578,72071200
2025-03-11,222.63365113389432,224.65298022983382,216.30707871737093,219.67926025390625,76137400
2025-03-12,218.98294858814833,220.58448707211764,213.7804415985268,215.8395538330078,62547500
2025-03-13,214.81496040955514,215.70028194858565,207.3245394208188,208.57791137695312,61368300
2025-03-14,210.13967261110687,212.8254784087618,208.4784519318959,212.36790466308594,60107600
2025-03-17,212.1888226325467,214.0887871580046,208.86638159065717,212.8751983642578,48073400
2025-03-18,213.03435726681795,214.01914401352187,210.37839287524898,211.57208251953125,42432400
2025-03-19,213.0940604852241,217.6101915579757,212.6265295918345,214.10870361328125,54385400
2025-03-20,212.86527847830126,216.3468825511506,211.10457731145533,212.97470092773438,48862900
2025-03-21,210.44804823896536,217.68978368973626,210.16952111998106,217.12278747558594,94127800
2025-03-24,219.83843988574125,220.31591279023903,217.43116105321957,219.56985473632812,44299500
2025-03-25,219.6096416779903,222.92214108802088,218.92326587520165,222.573974609375,34493600
2025-03-26,222.33523531503357,223.83730853242594,219.3112201065871,220.3656463623047,34466100
2025-03-27,220.22636977863218,223.80745418869535,219.40073045135125,222.67344665527344,37094800
2025-03-28,220.50488863250547,222.63364006926244,216.5358548246797,216.75469970703125,39818600
2025-03-31,215.86939419548492,224.43414081005062,215.09349507460487,220.96249389648438,65299300
2025-04-01,218.65468232589998,222.50433685640354,217.749461617725,222.0169219970703,36412700
2025-04-02,220.15674221426906,224.0063965120705,219.85831598824518,222.71322631835938,35905900
2025-04-03,204.45966369883956,206.39942653372108,200.19221885499383,202.1220245361328,103419000
2025-04-04,192.87092693410324,198.82944937179326,186.35535024633944,187.389892578125,125910900
2025-04-07,176.26863687444822,193.12954493623218,173.70219548773406,180.50625610351562,160466300
2025-04-08,185.71872345097177,189.3395914266431,168.32065857366717,171.51377868652344,120859500
2025-04-09,171.04623198001363,199.55559936553783,170.98654976711688,197.8048553466797,184395900
2025-04-10,188.0762635840202,193.7562435722064,182.0381599544528,189.41915893554688,121880000
2025-04-11,185.12183860777895,198.4911833499126,185.08204035332946,197.10848999023438,87435900
2025-04-14,210.32866545443895,211.82078139531484,200.10269875392328,201.45555114746094,101352900
2025-04-15,200.7990180691496,202.44033954558066,198.74984792281177,201.07754516601562,51343900
2025-04-16,197.31741584829123,199.64511311117855,191.35889396287376,193.24891662597656,59732400
2025-04-17,196.16351652823,197.78495412822454,193.39812938355274,195.94467163085938,52164700
2025-04-21,192.25418258208256,192.78139570274652,188.8123615658979,192.14476013183594,46742500
2025-04-22,195.0892017003565,200.53045296496776,194.93999616163734,198.690185546875,52976400
2025-04-23,204.9172632087338,206.9067512010516,201.7340854567431,203.52462768554688,52929200
2025-04-24,203.81309077731203,207.73238443559362,201.87334307751462,207.27479553222656,47311000
2025-04-25,205.28531450927932,208.6475540878433,205.1162098506388,208.18002319335938,38222300
2025-04-28,208.89624364686077,210.38835967290976,206.3696005213303,209.03550720214844,38743100
2025-04-29,207.59312493762445,211.12446912484504,207.27479957627347,210.09988403320312,36827600
2025-04-30,208.19990958730307,212.45741243436711,205.58372816909105,211.38308715820312,52286500
2025-05-01,207.98108655162656,213.43227966302132,207.80202473083082,212.1988067626953,57365700
2025-05-02,205.0067917796952,205.9020705063368,201.09745506032002,204.27069091796875,101010600
2025-05-05,202.03252954096354,203.0272736250085,197.1682315771274,197.8446502685547,69018500
2025-05-06,197.16823320230833,199.5953960373684,195.98448530396325,197.46664428710938,51216500
2025-05-07,198.12317194216024,198.3917570874617,192.23428894820486,195.21852111816406,68536700
2025-05-08,196.68078271707188,198.99853803284546,193.65675249053749,196.45199584960938,50478900
2025-05-09,197.95405738682032,199.48595647897335,196.50172445806652,197.4865264892578,36453900
2025-05-12,210.13634313336473,210.435160708662,205.93301745006437,209.95704650878906,63775800
2025-05-13,209.59847136477597,212.55673652410627,208.17412935394688,212.08859252929688,51909300
2025-05-14,211.5905625216416,213.09460539099953,209.7478820292828,211.490966796875,49325800
2025-05-15,210.11641669484823,212.11848379882832,208.71198473801002,210.61444091796875,45029500
2025-05-16,211.52084551122164,211.73002236916358,208.9410837213976,210.42518615722656,54737900
2025-05-19,207.08842931596485,208.65221742207615,203.45284348728632,207.95498657226562,46140500
2025-05-20,206.84938410987283,207.64622592622177,204.2198167548668,206.04258728027344,42496600
2025-05-21,204.3592586621154,206.22186440009241,199.91689108628387,201.2914276123047,59211800
2025-05-22,199.91690559460176,201.94883789272,198.91088686006037,200.5643310546875,46742400
2025-05-23,192.9047141233614,196.9187884239126,192.69555244631704,194.49839782714844,78432900
2025-05-27,197.51641281084125,199.94677348688452,196.64984031499387,199.4188690185547,56288500
2025-05-28,199.79734764673603,201.92889064401075,199.1100718095576,199.62802124023438,45339700
2025-05-29,202.77554227533128,203.0046291598645,197.72556941325453,199.15988159179688,51396800
2025-05-30,198.5821728136608,201.1619498266407,196.00241099917397,200.05633544921875,70819900
2025-06-02,199.488582384924,201.33127809714276,199.32921098525782,200.90296936035156,35423300
2025-06-03,200.55437033168948,202.96480586317466,200.16591202699755,202.46678161621094,46381600
2025-06-04,202.10818013514051,205.42502305946414,201.30138338029005,202.01853942871094,43604000
2025-06-05,202.69585814733983,203.94091870107042,199.35908978394463,199.8372039794922,55126100
2025-06-06,202.19784922307906,204.887177182899,201.25160617035465,203.1142120361328,46607700
2025-06-09,203.58234611432158,205.18598475848052,199.22961916524454,200.65396118164062,72862600
2025-06-10,199.8073282051838,203.54250994980842,199.77744796710627,201.869140625,54672600
2025-06-11,202.6958722895077,203.69192080198684,197.62598900862739,197.99452209472656,60989900
2025-06-12,198.29333609984755,198.890956077424,196.58013147350607,198.41285705566406,43904600
2025-06-13,198.94074360607502,199.57821397711425,194.92666975119658,195.6737060546875,51447300
2025-06-16,196.52035592822918,197.90486262143017,195.78327462738756,197.63592529296875,43020700
2025-06-17,196.4207613301707,197.6060614779548,194.43863454049264,194.86692810058594,38856200
2025-06-18,195.16573699325735,196.7893008408277,194.2991796996429,195.80320739746094,45394700
2025-06-20,197.45666110928434,200.90298042554332,196.08210930882012,200.20574951171875,96813500
2025-06-23,200.83325703321927,201.50060768152076,198.17380945321412,200.70376586914062,55814300
2025-06-24,201.78944331230142,202.63609053842802,199.40888822531906,199.5084991455078,54064000
2025-06-25,200.65395335177794,202.8651820841085,199.82723133036671,200.76351928710938,39525700
2025-06-26,200.63404307360597,201.8392684520338,198.67184150130464,200.20574951171875,50799100
2025-06-27,201.09222774816857,202.41697405518968,199.20969672208463,200.28543090820312,73188600
2025-06-30,201.211736268348,206.57048164253425,198.4726031076903,204.3592529296875,91912800
2025-07-01,205.85332972802502,209.35942450018746,205.3254252695324,206.99879455566406,78788900
2025-07-02,208.08449026524102,212.49697770796604,207.31752868499885,211.6005401611328,67941800
2025-07-03,211.31166931275297,213.8017903991559,210.97301649264048,212.70614624023438,34955800
2025-07-07,211.8395692407974,215.37554414763466,207.97491173225177,209.120361328125,50229000
2025-07-08,209.26978591644843,210.59451698338924,207.6262968509882,209.1801300048828,42848900
2025-07-09,208.70202548866368,210.49491569520316,206.40115605631001,210.3056640625,48749400
2025-07-10,209.67816220166208,212.63642743345136,209.2000631819418,211.57066345214844,44443600
2025-07-11,209.73792710960444,211.29176024279,209.03072603053,210.32559204101562,39765800
2025-07-14,209.10046017794556,210.0765986782557,206.71990480407712,207.79563903808594,38840100
2025-07-15,208.39325734338402,211.05270487364396,208.09443976951917,208.28369140625,42296300
2025-07-16,209.4689902412225,211.5606828488181,207.8155461810567,209.3295440673828,47490500
2025-07-17,209.7379389650813,210.9630743588066,208.7618004967043,209.1901092529297,48068100
2025-07-18,210.0367321724359,210.95309492429405,208.87135730762196,210.3455047607422,48974600
2025-07-21,211.26189276464606,214.92734394651046,210.79374875413163,211.640380859375,51377400
2025-07-22,212.29777975345726,214.1006251327807,211.39137195770533,213.55279541015625,46404100
2025-07-23,214.15041924441525,214.29982043425818,211.57065737650467,213.30377197265625,46989300
2025-07-24,213.05477516619655,214.83771055173221,212.68624207244096,212.9153289794922,46022600
2025-07-25,213.85160291428238,214.38947759784276,212.5567368669443,213.03485107421875,40268800
2025-07-28,213.18423737412155,214.00100435562788,212.21806921233596,213.20416259765625,37858000
2025-07-29,213.33363944545516,213.96115480223384,209.9869314052821,210.43515014648438,51411700
2025-07-30,211.06265157316113,211.55072076453234,206.89917652304968,208.2239227294922,45512500
2025-07-31,207.66614913739534,209.01080544085684,206.3414028602417,206.74978637695312,80698400
2025-08-01,210.03673342752194,212.73603143542957,200.7037642416869,201.58029174804688,104434500
2025-08-04,203.70186769022786,207.0585613783641,200.88304868853191,202.5464630126953,75109300
2025-08-05,202.59624780213056,204.52858421879685,201.36115745633876,202.11814880371094,44155100
2025-08-06,204.81744899810374,214.52892145014,204.77759854868273,212.40733337402344,108483100
2025-08-07,218.01508808955717,219.97730473834642,215.7241736307253,219.16053771972656,90224800
2025-08-08,219.95738825778145,230.08719950298993,218.38362983130105,228.4437255859375,113854000
2025-08-11,227.2770261826339,228.91239906441297,224.1259370249458,226.5391082763672,61806100
2025-08-12,227.36674823663387,230.14888579943394,226.429412881848,229.0021209716797,55626200
2025-08-13,230.4181341091737,234.33703985510917,229.77992501054072,232.6717529296875,69878500
2025-08-14,233.39969406647393,234.4567012802976,230.19875827485632,232.12330627441406,51916300
2025-08-15,233.33985018068216,233.6190590405621,228.69299310222902,230.9366455078125,56038700
2025-08-18,231.04632935234682,232.4623214496413,229.46081868168693,230.23861694335938,37476200
2025-08-19,230.62753117126795,232.2130419457167,228.70298322789472,229.90956115722656,39402600
2025-08-20,229.33119207499826,229.81981519856654,225.13307755654054,225.3723907470703,42263900
2025-08-21,225.63166356522294,225.88095827873425,223.14868274098328,224.26551818847656,30621200
2025-08-22,225.53195134940427,228.44371192910324,224.77410085849388,227.11746215820312,42477800
2025-08-25,225.84107546750252,228.65312729963858,225.59178073979155,226.5191650390625,30983100
2025-08-26,226.22996704217394,228.84258604761433,224.05612439304167,228.6630859375,54575100
2025-08-27,227.96506627689797,230.24859923631865,227.6160475796746,229.8397674560547,31259500
2025-08-28,230.16884905542523,232.75153884501827,228.69301327644948,231.9039306640625,38074700
2025-08-29,231.85405874294378,232.7216147258446,230.71727541448905,231.485107421875,39418400
2025-09-02,228.6032698757151,230.19876225122124,226.32970313085187,229.0719451904297,44075600
2025-09-03,236.5408165177042,238.17618932549604,233.69885053091846,237.79725646972656,66427800
2025-09-04,237.77731160532718,239.2232180033205,236.07214416452067,239.1035614013672,47549400
2025-09-05,239.32291694518142,240.63920029193574,237.81718240373485,239.0137939453125,54870400
2025-09-08,238.62490021245955,239.47249309970456,235.67324414176576,237.2089080810547,48999500
2025-09-09,236.33139119913957,238.1063683630383,232.70166073618753,233.68887329101562,66313900
2025-09-10,231.53496736029473,231.76431424305812,225.31256565050364,226.1501922607422,83440800
2025-09-11,226.23995033725743,229.7998710451417,226.010588238333,229.3810577392578,50208600
2025-09-12,228.57335925244223,233.84842918261825,228.373926506362,233.40968322753906,55824200
2025-09-15,236.33138325533858,237.5180285002954,234.3669397384463,236.0322265625,42699500
2025-09-16,236.51088466190768,240.53949594661788,235.65332541334,237.4781494140625,63421100
2025-09-17,238.2958480596019,239.42266510979977,237.05934071942244,238.3157958984375,46508000
2025-09-18,239.2930082114909,240.51953392817583,235.98236714862816,237.2089080810547,44249600
2025-09-19,240.5494606794321,245.60516498271895,239.53234916144805,244.8074188232422,163741300
2025-09-22,247.5995237986898,255.9160073848096,247.42002368458668,255.35755920410156,105517400
2025-09-23,255.15814081026073,256.6140134777918,252.86462630601793,253.71221923828125,60275200
2025-09-24,254.49999981420794,255.01853710208397,250.33178410429736,251.59820556640625,42303700
2025-09-25,252.49566170312627,256.4444966190252,250.99989343760635,256.14532470703125,55202100
2025-09-26,253.38315498635407,256.87328100426123,253.06405044687503,254.73931884765625,46076300
2025-09-29,253.84185736381545,254.28061851263055,252.29622703166862,253.71221923828125,40127700
2025-09-30,254.1410137555297,255.1980209495745,252.39595068950493,253.9116668701172,37704300
2025-10-01,254.32049261064776,258.0599285933123,254.21080232618834,254.72933959960938,48713900
2025-10-02,255.85613542550084,257.45162766856953,253.43299812845933,256.40460205078125,42630200
2025-10-03,253.9515436206674,258.5086431914624,253.23357360959045,257.2920837402344,49155600
2025-10-06,257.262186546101,258.339156849437,254.33049322602108,255.9658660888672,44664100
2025-10-07,256.0854948355218,256.67382669789566,254.70938317067183,255.75643920898438,31955800
2025-10-08,255.7963062732735,257.7906639625656,255.3874592951906,257.33197021484375,36496900
2025-10-09,257.08267167133846,257.27213808351553,252.42584836214985,253.32330322265625,38322000
2025-10-10,254.2207817432353,255.6567217403356,243.3116425485481,244.57806396484375,61999100
2025-10-13,248.67648318296307,248.98560621270488,244.86725241658198,246.96133422851562,38142900
2025-10-14,245.90431694508948,248.14796941642882,244.00966795095763,247.07101440429688,35478000
2025-10-15,248.78615211625979,251.1095806192417,246.77184661648403,248.63656616210938,33893600
2025-10-16,247.54965348458146,248.33741809379524,244.43846029169785,246.7519073486328,39777000
2025-10-17,247.3203043073955,252.66518358811555,246.57242016484557,251.5782470703125,49147000
2025-10-20,255.168106265739,263.63416054313814,254.90884523128253,261.50018310546875,90483000
2025-10-21,261.141213133835,264.5415968076956,261.0913359303388,262.0286865234375,46695900
2025-10-22,261.9090191460537,262.1084670888602,254.70938662410154,257.72088623046875,45015300
2025-10-23,259.2066564378435,259.8847307097371,257.2821086816683,258.84765625,32754900
2025-10-24,260.4531458541269,263.3848541030092,258.44880663072195,262.07855224609375,38253700
2025-10-27,264.13276036080543,268.36078929414754,263.90339825112477,268.0516662597656,44888200
2025-10-28,268.23113785786586,269.12862319727753,267.39351124836816,268.2411193847656,41534800
2025-10-29,268.5203194424725,270.6443152614699,266.35642794866993,268.93914794921875,51086700
2025-10-30,271.2226702585742,273.36662916750566,267.72259312931254,270.63433837890625,69886500
2025-10-31,276.2085891024436,276.53767519933945,268.40069127196034,269.6072692871094,86167100
2025-11-03,269.65711516237894,270.08589475979994,265.49886601188945,268.29095458984375,50194600
2025-11-04,267.5730004152706,270.72408938596277,266.86501191822913,269.2781982421875,49274800
2025-11-05,267.8522167164328,270.9335263776032,266.17696342424256,269.3779296875,43683100
2025-11-06,267.1342708755924,272.6287059365568,267.1342708755924,269.0089416503906,51204000
2025-11-07,269.03885049148494,271.5218466038475,266.0173996929098,267.7126159667969,48227400
2025-11-10,268.46122924118225,273.22240319845355,266.96401085683,268.93035888671875,41312400
2025-11-11,269.3096487524697,275.3983427074405,269.2996575494418,274.73956298828125,46208300
2025-11-12,274.49002155435767,275.2186787593472,271.19615348009904,272.9628601074219,48398000
2025-11-13,273.6016697208788,276.1868935731559,271.5854266195937,272.44384765625,49602800
2025-11-14,270.54732197227213,275.44821996704485,269.10002929321837,271.9048156738281,47431300
2025-11-17,268.3214829895084,269.98836893107386,265.237217022597,266.9639892578125,45018300
2025-11-18,269.48932037088264,270.2079864201871,264.8279974843966,266.9440612792969,45677300
2025-11-19,265.0375710636542,271.7051756343288,265.00762791735707,268.06195068359375,40424500
2025-11-20,270.327749378444,274.91922505965954,265.42688147061517,265.7562561035156,45823600
2025-11-21,265.4568071090486,272.8230952896135,265.17732758833057,270.98651123046875,59030800
2025-11-24,270.397615191446,276.4863089537433,270.397615191446,275.4083251953125,65585800
2025-11-25,274.75953066216096,279.8600705608694,274.73957871594786,276.4563903808594,46914200
2025-11-26,276.44637611579356,279.01161742605893,276.1170014953278,277.0352783203125,33431400
2025-11-28,276.7458380127342,278.4826014787427,275.4781737009374,278.3328857421875,20135600
2025-12-01,277.4944549964911,282.89442609469603,275.62792768573877,282.57501220703125,46587700
2025-12-02,282.47518456741903,286.86701880065203,282.10587559562896,285.6592712402344,53669500
2025-12-03,285.6692634925469,288.0847586222564,282.77461708045536,283.623046875,43538700
2025-12-04,283.5731318378766,284.20196835267484,278.07334059490756,280.179443359375,43989100
2025-12-05,280.01974631085085,280.6186397013617,277.53434330937836,278.26300048828125,47265800
2025-12-08,277.6142094762677,279.15136205700173,275.6378704438954,277.3746643066406,38211800
2025-12-09,277.64414811825674,279.5106752769474,276.40645748061854,276.66595458984375,32193300
2025-12-10,277.23491184461454,279.2312028389952,275.92734368017386,278.26300048828125,33038300
2025-12-11,278.5824273392719,279.07150890817053,273.3022288840155,277.514404296875,33248000
2025-12-12,277.38464634485007,278.70220580092337,276.30666253778065,277.7639465332031,39532900
2025-12-15,279.63046152672615,279.63046152672615,272.33402020742307,273.6016540527344,50409100
2025-12-16,272.3140798989353,274.9891026980292,271.2859911871425,274.1007385253906,37648600
2025-12-17,274.50001118897205,275.6478724530811,271.13626563598973,271.33587646484375,50138700
2025-12-18,273.1025913325419,273.12257373871984,266.4549687260805,271.68524169921875,51630700
2025-12-19,271.6453053723066,274.09077415448866,269.399477884542,273.1625061035156,144632000
2025-12-22,272.3539780142796,273.37210596231955,270.00836035897595,270.4674987792969,36571800
2025-12-23,270.3377490962612,271.99467443806464,269.06012395403746,271.85491943359375,29642000
2025-12-24,271.8349404799371,274.9192064044749,271.69521595033444,273.3022155761719,17910600
2025-12-26,273.65157518449314,274.859322715931,272.35396775197984,272.8929748535156,21521800
2025-12-29,272.1843267483383,273.8512128461511,271.8449608988494,273.2523498535156,23715200
2025-12-30,272.304089543875,273.5717234473003,271.77507361210075,272.5735778808594,22139600
2025-12-31,272.553621806917,273.17246717497864,271.24605357156486,271.3558349609375,27293600
2026-01-02,271.75509761912826,277.32473598417806,268.5011336129586,270.5074157714844,37838100
2026-01-05,270.1381104139889,271.0064921177503,265.6464557026853,266.7643737792969,45647200
2026-01-06,266.504853430471,267.0538212812338,261.6338984265986,261.8734436035156,52352100
2026-01-07,262.71190159101934,263.1909919246956,259.32817380451803,259.8471984863281,48309800
2026-01-08,256.5433578451618,258.80916773471864,255.22581364132833,258.55963134765625,50419300
2026-01-09,258.5995368285105,259.7274461787287,255.74485516422806,258.8890075683594,39997000
2026-01-12,258.6794199598783,260.8154357257053,256.32378048041085,259.76739501953125,45263800
2026-01-13,258.24022168851656,261.3244878277737,257.9108470550362,260.5658874511719,45730800
2026-01-14,259.0087756526009,261.33447181199796,256.23393227813756,259.4779052734375,40019400
2026-01-15,260.1666175851947,260.5559089501236,256.5732877053955,257.73114013671875,39388600
2026-01-16,257.4217372195352,258.41988279267105,254.45724364888233,255.05613708496094,72142800
2026-01-20,252.26132447540706,254.31750190322293,242.9685916985444,246.2425079345703,80267500
2026-01-21,248.23880604127606,251.09350304772093,244.72532928784554,247.1907501220703,54641700
2026-01-22,248.737864640942,250.53452965267718,247.68980878155546,247.8894500732422,39708300
2026-01-23,246.86136630134166,248.94748685874615,244.22624741136653,247.58001708984375,41689000
2026-01-26,251.01363570547153,256.08421686766076,249.336758511775,254.9363555908203,55969200
2026-01-27,258.68937090303496,261.46421404872183,257.73112933459527,257.791015625,49648300
2026-01-28,257.17220993748055,258.3799575946877,254.03803333601454,255.96446228027344,41288000
2026-01-29,257.52154586161765,259.16847988830324,253.93820707645818,257.801025390625,67253000
2026-01-30,254.69678984095313,261.41430490835,251.7123292610244,258.9988098144531,92443400
2026-02-02,259.5478036352127,269.98839826257677,258.7293169184304,269.5093078613281,73913400
2026-02-03,268.70080609664296,271.3758289780004,267.11372779647115,268.98028564453125,64394700
2026-02-04,271.7850411492978,278.432693698261,271.7850411492978,275.97723388671875,90545700
2026-02-05,277.6142303156022,278.98168486317746,272.72332314901723,275.3983459472656,52977400
2026-02-06,276.6060720438839,280.3890519626743,276.4164219647768,277.6042175292969,50453400
2026-02-09,277.6541982366954,277.9439398399519,271.4499228389202,274.3672180175781,44623400
2026-02-10,274.6369782150198,275.11651686144285,272.68876099546605,273.4280700683594,34376900
2026-02-11,274.44714753122867,279.92208361183503,274.1973776592452,275.24639892578125,51931300
2026-02-12,275.3363333447182,275.46621856633783,259.94051360693726,261.4891052246094,81077200
2026-02-13,261.7688319830923,261.9886306947134,255.21485759663088,255.5445556640625,56290700
2026-02-17,257.8124646511843,266.0449008431299,255.30478047881587,263.6371154785156,58469100
2026-02-18,263.35737977838915,266.57441720150126,262.20844437502524,264.106689453125,34203300
2026-02-19,262.35827847824623,264.2365527856389,259.81060750150084,260.3401184082031,30845300
2026-02-20,258.73163460792017,264.5063132392292,257.9223826043077,264.3364562988281,42070500
2026-02-23,263.24744081710827,269.1819753311392,263.13755670993424,265.9349670410156,37308200
2026-02-24,267.61343657617186,274.6369951599546,267.46358073991865,271.8895263671875,47014600
2026-02-25,271.5298429675081,274.6869380517792,270.8005039088116,273.97760009765625,33714300
2026-02-26,274.6969199809464,275.8558253670768,270.55071567552415,272.6987609863281,32345100
2026-02-27,272.5588900215503,272.5588900215503,262.6480379442022,263.93682861328125,72366500
2026-03-02,262.16844722421786,266.2846497598317,259.960490133898,264.476318359375,41827900
2026-03-03,263.23749216234586,265.31556422164516,259.8905695547566,263.5072326660156,38568900
2026-03-04,264.4063951364299,265.9050144519466,261.179387723623,262.2783508300781,39803100
2026-03-05,260.54995479568396,261.3192350446657,257.01320478174756,260.0504150390625,49658600
2026-03-06,258.39192833924307,258.53178361058343,254.13584003818684,257.2229919433594,41120000
2026-03-09,255.45463216869055,260.9095975388004,253.44647267699952,259.6407775878906,38218500
2026-03-10,257.4128391437035,262.2384104290217,256.71350175461305,260.58990478515625,30590800
2026-03-11,260.8496568052655,261.888707997661,259.3110658747261,260.5699157714844,26218900
2026-03-12,258.4219063383753,258.71164792954545,253.94601921584928,255.52456665039062,40794000
2026-03-13,255.24483747003174,256.0940459350445,249.29033192864068,249.8897705078125,36930000
2026-03-16,251.87794235419486,253.6563027081548,249.6499992581203,252.58729553222656,32074200
2026-03-17,252.72716690012706,254.89516767044782,251.94787083452104,253.99598693847656,32361600
2026-03-18,252.3974721128864,254.70534343896443,248.7708084606242,249.70994567871094,35757900
2026-03-19,249.17043241392184,251.5982036354298,247.0723745163624,248.73085021972656,34864100
2026-03-20,247.7517334570195,248.97061168291066,245.77356028907465,247.76173400878906,88331100
2026-03-23,253.73622734962268,254.3656523266213,250.0496214753341,251.25851440429688,40546100
2026-03-24,250.1195650925759,254.5954370944537,249.32029842391177,251.4083709716797,45152300
2026-03-25,253.86611511385965,254.76528059453105,251.3684162845015,252.38746643066406,28476700
2026-03-26,251.88793104116345,256.76344411909713,250.53918279672283,252.6572265625,41796700
2026-03-27,253.666280215245,255.2548282141602,247.8416601166152,248.57098388671875,47900000
2026-03-30,249.83982057534305,250.63907198816298,245.28400520065438,246.40298461914062,39446200
2026-03-31,247.6818040942864,255.24482803058763,246.87255213324852,253.55638122558594,49598100
2026-04-01,253.8461228128272,255.94418062939917,253.096813183035,255.3946990966797,40059400
2026-04-02,253.96601496217014,255.89424639361263,250.4192795609811,255.68443298339844,31289400
2026-04-06,256.27389167390277,261.9186847371787,256.2239194053331,258.6217041015625,29329900
2026-04-07,255.92421782448065,255.96418954301222,245.47383916108728,253.26666259765625,62148000
2026-04-08,258.2121146377317,259.51090582044134,256.29386854025813,258.66168212890625,41032800
2026-04-09,258.7615948993736,260.879638597066,255.8342992320816,260.2502136230469,28121600
2026-04-10,259.7406946341393,261.94865175168746,258.78155637925676,260.240234375,31291500
2026-04-13,259.49093671136296,259.9405042051452,256.4237552437805,258.96142578125,36234700
2026-04-14,259.01136264890187,261.68888841493145,256.9532612999924,258.59173583984375,48370700
2026-04-15,257.92237663273806,266.3146386359468,257.57269269729437,266.18475341796875,49913500
2026-04-16,266.55439590858066,266.91408037974617,261.0294875448873,263.15753173828125,43323100
2026-04-17,266.7142527536172,272.0493335842862,266.47448343207725,269.98126220703125,61436200
2026-04-20,270.08114756253855,274.0275237795767,270.04120633500696,272.79864501953125,36590200
2026-04-21,271.250098918132,272.5488901425708,265.1557075406741,265.9250183105469,50209800
2026-04-22,267.5734973129919,273.48803128351057,266.62435952726383,272.9185791015625,43249200
2026-04-23,274.79681820267325,275.5161566987003,271.39995382845746,273.1783142089844,33399600
2026-04-24,272.50893317942314,272.80864483253174,269.4017800912603,270.81048583984375,38157100
2026-04-27,265.84505761361925,268.1129570778125,264.8260075108844,267.3636474609375,41466800
2026-04-28,272.0893199684016,272.97851539952296,268.4127145556596,270.4608154296875,40018900
2026-04-29,267.3037117460274,270.7905199823619,266.7942019267937,269.92132568359375,30047900
2026-04-30,270.25102650288807,275.7459641951834,267.893213328058,271.1002502441406,91848200
2026-05-01,278.6032901046287,286.95561044034525,278.1137509144006,279.88214111328125,79915400
2026-05-04,279.4025768563376,280.3716851917065,274.60697695873915,276.5751647949219,46668400
2026-05-05,276.6750995896243,284.30808218316156,276.2455026895375,283.9184265136719,49311700
2026-05-06,281.66051049385584,287.76487170009636,280.8112868075762,287.245361328125,58336100
2026-05-07,289.00371711581823,291.8611003514943,285.5169394038565,287.1754150390625,45224300
2026-05-08,289.7430674686918,294.4886952888782,289.7330669166447,293.0500183105469,52692800
2026-05-11,291.9800109863281,293.8800048828125,290.2300109863281,292.67999267578125,42247300
2026-05-12,292.55999755859375,295.2699890136719,292.55999755859375,294.79998779296875,45748100
2026-05-13,293.5,300.9200134277344,293.5,298.8699951171875,52684300
2026-05-14,299.82000732421875,300.45001220703125,295.3800048828125,298.2099914550781,35263400
