Date,Open,High,Low,Close,Volume
2020-01-02,27.413932241000897,27.686939018560544,27.242231276085395,27.677494049072266,20329000
2020-01-03,27.258540672384683,27.472310056606105,26.964073132747625,26.9735164642334,22870000
2020-01-06,26.686777432687453,26.95034090829665,26.58203945552342,26.933170318603516,20789000
2020-01-07,27.06451529935387,27.178698217891917,26.806963069711745,26.840444564819336,18565000
2020-01-08,26.869632643139486,26.913417141830337,26.477293143295544,26.505624771118164,31979000
2020-01-09,26.81297461878934,26.870494282638337,26.017136106375244,26.29271697998047,42397000
2020-01-10,26.223178633663057,26.231763927088853,25.652268901927386,25.68832778930664,40705000
2020-01-13,25.75701143276837,26.08152671884593,25.726962083617046,25.856597900390625,22054000
2020-01-14,25.92699107950434,26.540825586447117,25.89179187082379,26.457550048828125,28911000
2020-01-15,26.382864247520672,26.43179862272439,25.81538826041304,26.024864196777344,22733000
2020-01-16,26.184547860846852,26.430081051310967,26.116725183244025,26.36054229736328,21508000
2020-01-17,26.498759075221745,26.522797241427305,26.10470344708578,26.509920120239258,26896000
2020-01-21,26.42493208665567,26.571736855545495,26.298730059471882,26.448110580444336,21967000
2020-01-22,26.68248080281408,27.293739603594087,26.656724922908836,26.868778228759766,29264000
2020-01-23,27.058506501252772,27.455137862780063,26.684197228728255,27.4422607421875,30266000
2020-01-24,28.37374513383074,28.466465649276458,27.538415556525102,27.815715789794922,55782000
2020-01-27,27.164100255384845,27.462003162429898,26.497037994222424,26.530519485473633,38843000
2020-01-28,26.916854379549395,27.406204632104544,26.85160746087841,27.327220916748047,23166000
2020-01-29,27.542710846475735,27.938482589652146,27.226779227479266,27.258543014526367,23668000
2020-01-30,26.984676511797414,27.087698397442644,26.49275048748074,27.060226440429688,21128000
2020-01-31,26.97094259597484,27.006999848244362,26.06607258670428,26.198284149169922,22123000
2020-02-03,26.238633743865492,26.321909295970503,26.067790811315305,26.204294204711914,21288000
2020-02-04,26.767470306849223,27.0061358597487,26.583748658403813,26.751157760620117,22559000
2020-02-05,27.257680671818434,27.455997168650647,27.116885472809884,27.247379302978516,24825000
2020-02-06,27.37272334017108,27.462008425604026,26.976949997290877,27.445695877075195,22683000
2020-02-07,27.32808471840135,27.345253670003903,27.031897787941652,27.06280517578125,15883000
2020-02-10,26.81726321924396,27.008710487989376,26.639552745612175,26.9743709564209,19218000
2020-02-11,27.184705051918254,27.540125979946733,27.129759511914404,27.486040115356445,15527000
2020-02-12,27.647442875021724,27.909288573996502,27.61224366581917,27.875808715820312,15310000
2020-02-13,27.599365783671068,27.941054859925686,27.553866844337723,27.813135147094727,13857000
2020-02-14,27.887833687914796,27.961664274056368,27.223345312820538,27.280866622924805,19137000
2020-02-18,27.04305427427151,27.043912312337568,26.44639032291489,26.67818832397461,26693000
2020-02-19,26.871351148812682,27.200161481495424,26.75974561580442,27.102291107177734,20525000
2020-02-20,26.95377014522405,27.102292609771222,26.280698207754103,26.548553466796875,25521000
2020-02-21,26.48502611585057,26.56658395261134,25.951891312186792,26.14162254333496,24522000
2020-02-24,25.25735424849912,25.652267905888024,24.90193162935366,25.034141540527344,36849000
2020-02-25,25.249628819023815,25.388707957213228,24.130133045960967,24.268352508544922,31892000
2020-02-26,24.411721780686218,24.742248197056327,24.38167407351414,24.543073654174805,23074000
2020-02-27,24.064030964340397,24.49414391471615,23.48367781222737,23.518877029418945,34837000
2020-02-28,22.60713705462813,23.534327504802324,22.55648496706097,23.404691696166992,44586000
2020-03-02,23.760112982953135,24.501865576876444,23.278488374102317,24.464948654174805,31976000
2020-03-03,24.437479027758496,24.76628774891706,23.314547842311214,23.544628143310547,29930000
2020-03-04,23.827073649921207,24.52933513853518,23.589266139292224,24.506155014038086,23477000
2020-03-05,23.80304237702661,24.303553743552,23.390100031174665,23.526601791381836,24374000
2020-03-06,22.92049000114809,23.25960169708578,22.535877727236045,23.13254165649414,30169000
2020-03-09,21.55546561623111,22.344436722776535,20.969102891128337,21.267005920410156,43934000
2020-03-10,22.02850273918226,22.63718585752357,20.896128132152036,22.570222854614258,55071000
2020-03-11,21.795843615084465,22.019914360711756,20.818001167085157,21.116762161254883,36030000
2020-03-12,19.487310213352952,20.84117965563565,18.571280893086946,18.782474517822266,64281000
2020-03-13,19.36025653167955,20.12948129431271,17.26978382546338,20.10801887512207,84714000
2020-03-16,17.872454886417508,18.784190748929092,15.472920307343177,16.103923797607422,76935000
2020-03-17,16.467935029182208,17.171054796009834,15.580237153687964,17.128129959106445,70662000
2020-03-18,15.93909040762921,16.09533848527595,13.364420272615257,14.411802291870117,98993000
2020-03-19,14.392057348741307,17.811501501322624,14.165410827894275,16.693721771240234,74438000
2020-03-20,17.636670658892633,18.21990247263948,16.40646892538865,16.78277587890625,74044000
2020-03-23,16.84040510932699,17.110193859167808,15.519400287045405,16.891918182373047,46921000
2020-03-24,17.954479118279977,19.095625060081705,17.57467999648119,18.576128005981445,62970000
2020-03-25,18.526364230781482,21.303703430389724,18.26705364725112,18.994346618652344,64442000
2020-03-26,19.73474046799779,21.373553241830198,19.73474046799779,21.231237411499023,60213000
2020-03-27,20.343291211376613,21.13694187178058,20.081361080795052,20.141605377197266,39448000
2020-03-30,20.273441098381838,21.0732033731289,19.945155011307165,20.964065551757812,52343000
2020-03-31,20.779838971783477,22.064173343996536,20.610458537810434,20.70125961303711,50191000
2020-04-01,19.90586206603971,20.46639399791179,19.18031449471819,19.525190353393555,41858000
2020-04-02,19.417804711042407,20.775479736323962,19.334860550368617,20.697772979736328,45049000
2020-04-03,20.661101826639502,21.177105173961582,20.129382937195395,20.453304290771484,28960000
2020-04-06,21.354345542905897,22.125294704376405,21.26528969555446,22.040603637695312,38868000
2020-04-07,22.861316806410212,23.180871655006058,22.048458558893085,22.113067626953125,45892000
2020-04-08,22.41865327215994,22.89274729736415,22.14537242532389,22.796707153320312,27565000
2020-04-09,23.20619014970645,23.355490253846124,21.941937857428332,22.20299530029297,34828000
2020-04-13,22.13314971326929,22.833377990038574,22.072032801943323,22.693681716918945,25729000
2020-04-14,23.235002941811604,23.432323957191112,22.903224729715596,23.36684226989746,23094000
2020-04-15,22.787977168377783,22.903226679750492,22.36539451647052,22.47715187072754,25926000
2020-04-16,22.854331572938666,22.854331572938666,22.186407027636783,22.55136489868164,26896000
2020-04-17,22.981806024512263,23.349381789283942,22.60811690315444,23.21405029296875,34089000
2020-04-20,22.70066958071265,23.159920775712123,22.518191441130515,22.550495147705078,23801000
2020-04-21,22.225693017360115,22.24577499769518,21.548166402103504,21.622379302978516,29138000
2020-04-22,22.244035764018584,22.89449797615577,21.89217549986251,22.698049545288086,35438000
2020-04-23,22.72249208686038,23.15467855438531,22.57144506221345,22.607242584228516,21659000
2020-04-24,22.68408271587099,23.143333937189226,22.60288380262557,23.120634078979492,23373000
2020-04-27,23.080460852404666,23.680282424758712,23.080460852404666,23.438432693481445,16588000
2020-04-28,23.943964365461053,24.133428459874732,23.060385336095788,23.113643646240234,18988000
2020-04-29,23.668066332066257,24.1840696489768,23.506542808996993,24.09937858581543,28871000
2020-04-30,23.881974440834533,23.92737581308098,23.46899564532324,23.715211868286133,23379000
2020-05-01,23.224530306014884,23.38605382638177,22.543509654664426,22.674474716186523,26836000
2020-05-04,22.631688935937827,22.9128283737033,22.2920521250352,22.897985458374023,17046000
2020-05-05,23.27255394327352,23.48122411088248,23.024592420763152,23.125871658325195,26462000
2020-05-06,23.427960684221073,23.615677864095055,23.016728800488693,23.065622329711914,22727000
2020-05-07,23.57376773344505,23.61480432405566,23.22452706304878,23.3773193359375,18238000
2020-05-08,23.765850607600544,24.058340825302963,23.57638818187018,24.012939453125,16757000
2020-05-11,23.86800351262869,24.16223896881649,23.726560331423098,24.045244216918945,20851000
2020-05-12,24.14826635095618,24.24779863632112,23.41835237797933,23.438432693481445,18764000
2020-05-13,23.57988114347189,23.602582662990933,22.64478903459749,22.97569465637207,21927000
2020-05-14,22.784485461973574,23.307473053563132,22.242288507901254,23.276914596557617,19912000
2020-05-15,22.650023682588902,23.055143839692864,22.41865206197232,22.736461639404297,21650000
2020-05-18,23.45328269901811,24.161369659764098,23.399150095511015,23.881977081298828,26531000
2020-05-19,23.881975309670953,24.100250953568572,23.714338442778633,23.7440242767334,18702000
2020-05-20,24.182322947054068,24.561249485567618,24.10461620347766,24.331623077392578,18605000
2020-05-21,24.35257385647277,24.40321429181227,23.9797590680914,23.992855072021484,14847000
2020-05-22,23.900311432650966,24.20677030358432,23.618299328327048,24.15438461303711,17452000
2020-05-26,24.883414750604796,25.065892805702966,24.568224777140536,24.62322998046875,23573000
2020-05-27,24.710549581720322,25.127893179953183,24.446872559150588,25.10955810546875,22812000
2020-05-28,24.88342518435885,25.25885958516913,24.659037833025575,24.721027374267578,18543000
2020-05-29,24.70007187291861,25.494595058072953,24.61363390802759,25.430858612060547,27300000
2020-06-01,25.356647924152124,25.41601959928208,25.090351339761874,25.31910514831543,18444000
2020-06-02,25.409902795607742,26.046394602515488,25.32783127993338,26.023693084716797,31847000
2020-06-03,26.284755784681444,27.140396011502983,26.237609159207924,27.025146484375,31926000
2020-06-04,26.695107723159882,27.32810565882137,26.376423867635143,26.969261169433594,34997000
2020-06-05,27.91308973956393,28.64737035080067,27.510590716792642,27.684337615966797,50958000
2020-06-08,27.721002799090513,27.837999206886224,27.359538770991477,27.722749710083008,23916000
2020-06-09,27.24079547377101,27.84148968357079,27.203251044839355,27.530664443969727,22335000
2020-06-10,27.64679233063405,27.870305365311513,27.476535938922716,27.506221771240234,25914000
2020-06-11,26.858380985392525,26.939579885580297,25.616830000973383,25.647388458251953,45115000
2020-06-12,26.439292122887032,26.537953474387383,25.558332600365397,26.21490478515625,39439000
2020-06-15,25.756526031303622,26.782420893544703,25.53039178432766,26.5501766204834,29824000
2020-06-16,27.066183560081633,27.463445219915545,26.542321609727484,27.129047393798828,30387000
2020-06-17,27.364774924414384,27.65202603047137,27.222460803553485,27.36652183532715,20279000
2020-06-18,27.251275713445846,27.862448142504086,27.198890028624277,27.826650619506836,33625000
2020-06-19,28.022478517640565,28.05952645832534,26.707271575927734,26.707271575927734,58465000
2020-06-22,26.948080389755443,27.713741115937133,26.774308404831956,27.65728759765625,27195000
2020-06-23,27.79136955141391,28.001307880876897,27.458818017621113,27.459699630737305,22419000
2020-06-24,27.27445855259537,27.430589872143337,26.860754888817,27.07775115966797,19096000
2020-06-25,26.997484719502058,27.29916131760852,26.727561339001603,27.243589401245117,15029000
2020-06-26,27.65993890350675,27.854881412121365,26.74079322789391,27.116565704345703,31425000
2020-06-29,27.17478258975437,27.381194470284974,26.855463659578753,27.32562255859375,14516000
2020-06-30,27.34061281691274,27.96866614416765,27.058340202978005,27.839879989624023,25125000
2020-07-01,27.795780470878917,27.94926528295392,27.51615599669334,27.58584213256836,15661000
2020-07-02,28.028654699500397,28.17243672199136,27.75608649072603,27.827537536621094,16638000
2020-07-06,28.227125921328255,28.314452730723843,27.99248727757983,28.120391845703125,17561000
2020-07-07,27.9924912614696,28.064823928005023,27.569966329442536,27.62024688720703,16150000
2020-07-08,27.88663577143049,28.213010964215552,27.708452339806072,28.18919563293457,18023000
2020-07-09,28.228003575343045,28.609069021928022,27.8081252842105,28.359437942504883,25225000
2020-07-10,28.395606312611292,28.490870998657655,27.824888032133448,28.17772674560547,13280000
2020-07-13,28.37531493272643,28.538504199999583,27.396187741425752,27.460580825805664,21549000
2020-07-14,27.255935962275544,27.893692198680856,26.92073790661409,27.793132781982422,18363000
2020-07-15,27.869873515259954,28.030416263607204,27.360021874911883,27.67845916748047,15253000
2020-07-16,27.3988332363923,27.68727884448676,27.283277997564333,27.463226318359375,12929000
2020-07-17,27.71110079562973,27.804602265992166,27.345029432735934,27.584077835083008,13354000
2020-07-20,27.508217198091984,28.019833813433195,27.367963309277027,27.97396469116211,14323000
2020-07-21,28.159205560964512,28.159205560964512,27.580549340658774,27.727859497070312,14312000
2020-07-22,27.78695753615138,27.846059263048183,27.37766529063617,27.68022346496582,14404000
2020-07-23,27.64229484999892,27.882224853181523,27.202127623987163,27.31591796875,19417000
2020-07-24,27.044234896509405,27.425300419379496,26.8316483456523,26.97366714477539,15631000
2020-07-27,27.195068125539684,27.606125244865137,27.12361877393074,27.5814266204834,20646000
2020-07-28,27.449113781723383,27.53114922384316,27.006300062864714,27.111270904541016,13974000
2020-07-29,27.215362636460714,27.45352775195131,27.119212958097535,27.243589401245117,16562000
2020-07-30,26.992185535956594,27.603478159383375,26.992185535956594,27.530263900756836,21259000
2020-07-31,27.75961497879846,28.085991879435788,27.468522794972912,27.940444946289062,24719000
2020-08-03,28.050705502587512,28.534976939635094,27.987195708033454,28.33562469482422,20796000
2020-08-04,28.271226855305475,28.98484549570674,28.261525747017007,28.96720314025879,25258000
2020-08-05,28.9548530158125,29.248591664158354,28.738740056273326,29.068641662597656,22299000
2020-08-06,28.912508518567204,29.186841552561763,28.704333466362325,29.035120010375977,14193000
2020-08-07,28.967198178001443,29.085398237825554,28.357667183704784,28.750200271606445,14192000
2020-08-10,28.599372451457267,29.04482936784829,28.5852565462416,28.87635040283203,11989000
2020-08-11,28.894871816004414,29.402078622327306,28.470583747591657,28.582609176635742,19316000
2020-08-12,28.743151983144934,29.627897864018706,28.699929385429854,29.43030548095703,18471000
2020-08-13,29.30416240170493,29.410013162275515,28.919567154878614,29.05805778503418,15095000
2020-08-14,28.93456251300139,29.095988546914565,28.756379102045134,28.91692352294922,10140000
2020-08-17,29.06599632558207,29.267115130679613,29.021010508430216,29.137447357177734,10594000
2020-08-18,29.273285772269347,29.3897226050497,28.94514407764534,28.989248275756836,8857000
2020-08-19,29.062473282456278,29.38179223671163,28.953977655221667,29.039541244506836,11273000
2020-08-20,28.905456147115977,29.108338184335622,28.76167246658266,29.006013870239258,8910000
2020-08-21,28.9592628004552,29.14979551221448,28.66816900767008,29.110980987548828,11508000
2020-08-24,29.2865261419108,29.65524233715974,29.20978205319573,29.462064743041992,11996000
2020-08-25,29.550271581854503,29.7346296695851,29.373851377035432,29.650829315185547,11140000
2020-08-26,29.527333658460073,30.12451544553471,29.418838051487437,29.962207794189453,14844000
2020-08-27,30.03454037216235,30.10599140690137,29.650826712729618,29.91545867919922,12552000
2020-08-28,29.90311430369901,30.416492462158203,29.78844065695934,30.416492462158203,14589000
2020-08-31,30.301816407963855,30.924575050533893,30.301816407963855,30.62201690673828,22229000
2020-09-01,30.873417328682645,31.938109823770823,30.645836649558543,31.714937210083008,29205000
2020-09-02,32.27241273105102,33.42796148439355,32.07041235478859,33.079532623291016,37053000
2020-09-03,32.28565132203363,32.54057542033902,30.887524262254722,31.057769775390625,41795000
2020-09-04,31.841078203925814,32.86078150115086,31.182149821778353,32.01573181152344,58514000
2020-09-08,31.10805202707626,31.998090848309214,30.87341509529234,30.921049118041992,26685000
2020-09-09,31.4167865293505,31.918700237756223,30.970444722891145,31.758155822753906,26273000
2020-09-10,31.94340801399721,32.446203479452045,31.260662501684532,31.497947692871094,22851000
2020-09-11,31.799613824665027,32.13216360911759,31.286232439689527,31.729047775268555,17362000
2020-09-14,32.14451574362871,32.275065120020905,31.698173963812174,31.94957160949707,16447000
2020-09-15,32.31123496149041,32.73640461773436,32.2274346154828,32.36504364013672,16618000
2020-09-16,32.47707171653113,32.81403298920289,32.315645667400595,32.37651062011719,18498000
2020-09-17,31.31446405388948,32.64819650857386,31.31446405388948,32.277713775634766,22862000
2020-09-18,32.38355945154344,32.447069222349725,31.31886730566682,31.731687545776367,35295000
2020-09-21,31.155781927553736,31.32935891287506,30.57452076030729,31.314228057861328,24198000
2020-09-22,31.721912993775707,32.20525825348554,31.41748262850548,32.18656539916992,19500000
2020-09-23,32.06105206080772,32.15273362178561,31.1593401392966,31.29642105102539,15542000
2020-09-24,31.172687086548546,31.828719492643344,31.073881543315903,31.37919807434082,13611000
2020-09-25,31.337370236133705,31.84207725320939,31.001785146547988,31.76018524169922,18183000
2020-09-28,32.19456180683034,32.795405234644434,31.95867540444212,32.694820404052734,22192000
2020-09-29,32.711741609816585,33.006378966993424,32.40019070330129,32.424224853515625,13722000
2020-09-30,32.30761538002044,33.02417803472449,32.197240975486615,32.4295654296875,22403000
2020-10-01,32.84436675913743,32.998361194018685,32.47406839498514,32.810543060302734,16016000
2020-10-02,32.04502717743394,32.48297639832542,31.702324908633997,31.76285171508789,17100000
2020-10-05,32.11979461648916,32.65477002478284,32.03612332034786,32.588008880615234,18923000
2020-10-06,32.588908141377196,33.11320110626659,32.22484061149406,32.39930725097656,16672000
2020-10-07,32.78828941191162,32.92270135283928,32.58444737407238,32.64497756958008,12747000
2020-10-08,32.92536925679394,33.317032818358946,32.78472976628815,33.2315788269043,17045000
2020-10-09,33.46302615003213,33.82531440114617,33.29123184779475,33.53156661987305,17253000
2020-10-12,33.98464251353276,34.27927648347727,33.806613904119025,34.04161071777344,18839000
2020-10-13,34.21786318277878,34.51961778164174,33.701580507407755,33.95793914794922,16731000
2020-10-14,34.140415225893506,34.15821842584995,33.63392556243662,33.85200881958008,17298000
2020-10-15,33.38468553666568,33.86892032200892,33.38201318924646,33.81907272338867,14361000
2020-10-16,34.11727925672251,34.11727925672251,33.66063708072431,33.70514678955078,10295000
2020-10-19,33.93567953544112,34.1466421669556,33.39358353571858,33.44877243041992,14803000
2020-10-20,33.559159977889685,33.92678610366412,33.43008930253927,33.55738067626953,13297000
2020-10-21,33.44878682283833,33.545813104493256,32.96276915924377,33.11765670776367,11896000
2020-10-22,33.03129971709751,33.31881305123056,32.6779114930105,33.23514175415039,13547000
2020-10-23,33.22534490166782,33.28587508982798,33.002810041841464,33.177276611328125,8868000
2020-10-26,32.899558040290664,32.93160244035687,31.832282912092296,32.31562805175781,15509000
2020-10-27,32.50612244752556,32.50612244752556,31.975598596898507,32.009422302246094,9620000
2020-10-28,31.5109474550063,31.587498167031974,30.756999003297047,30.90654182434082,22331000
2020-10-29,30.910994783896296,31.99518367803126,30.74275570747757,31.60085105895996,15697000
2020-10-30,31.1005830471184,31.421033808253387,30.658185647312607,31.1219482421875,18530000
2020-11-02,31.603513826618386,31.634668572878734,31.00800825436674,31.266149520874023,11757000
2020-11-03,31.68452615402971,31.97738086118639,30.857585548275402,31.48958396911621,15457000
2020-11-04,32.08775974786057,32.844377218168326,31.79045338120796,32.45716857910156,21277000
2020-11-05,33.145234040279114,34.06118697610122,33.114079294013486,33.90274429321289,21783000
2020-11-06,33.82976353192137,34.151993699950246,33.57340148056153,33.88050079345703,13545000
2020-11-09,34.63533509920283,35.061712090941136,33.38112792657423,33.428306579589844,24088000
2020-11-10,32.96364697109221,33.22000554184335,32.077066081933175,32.32363510131836,26784000
2020-11-11,33.011720340280654,33.57073001295063,32.806098961475655,33.46213150024414,15133000
2020-11-12,33.57874761360046,33.70069770549124,32.78207198266762,32.952980041503906,12160000
2020-11-13,33.380237855320935,33.5876419210968,33.07581092819253,33.2467155456543,10997000
2020-11-16,33.36332548450124,33.94725895274246,33.29122642287217,33.89741134643555,12100000
2020-11-17,33.70603580023115,34.04250718898954,33.560941215089905,33.87872314453125,11950000
2020-11-18,33.81551893199218,34.26504047488299,33.79148817306514,33.88050079345703,13517000
2020-11-19,33.62234989931465,34.25613085009225,33.322374669315806,34.210731506347656,14555000
2020-11-20,34.20896412885017,34.6130863412919,34.065652238753266,34.12173080444336,16140000
2020-11-23,34.30331165907714,34.63978638608673,34.09234899001887,34.44840621948242,12212000
2020-11-24,34.592603802794564,34.965571144589106,34.375410207834676,34.913944244384766,13455000
2020-11-25,34.96825163025681,35.20502778055085,34.62643895827847,34.78933334350586,11787000
2020-11-27,34.995845272399,35.53171049537833,34.98249371859885,35.156070709228516,6846000
2020-11-30,35.07328125812028,35.79785416647635,34.95934145944705,35.7462272644043,15454000
2020-12-01,35.91357314202915,36.20019684558131,35.616266839598005,36.01237869262695,18181000
2020-12-02,36.02751288755668,36.08715344194954,35.70439310419782,35.9376106262207,10031000
2020-12-03,36.00614668795022,36.196637182851525,35.43645790008268,35.5877799987793,16120000
2020-12-04,35.81922751674036,36.70936732843694,35.81833447028316,36.6452751159668,20083000
2020-12-07,37.06630367529415,37.63866484858076,36.79303151240899,37.465087890625,19707000
2020-12-08,37.321781229276716,37.982262053882586,37.22208601046828,37.68940734863281,18121000
2020-12-09,37.3386853599678,37.92884972042811,36.822406146509564,37.04939270019531,20908000
2020-12-10,36.623905655910086,36.9630493151021,36.31858569976493,36.49928665161133,26244000
2020-12-11,35.9616524748497,36.22869375946403,35.4524903179627,36.1236572265625,26664000
2020-12-14,36.186848459902556,36.87848737458198,36.139669807071456,36.65595245361328,26116000
2020-12-15,36.96571423232466,37.331560953759606,36.76187219879552,37.213172912597656,21207000
2020-12-16,37.20784569227785,38.02232448401546,37.11527106478728,37.822044372558594,23160000
2020-12-17,37.96446230151151,38.27689951153297,37.79088531914099,37.928855895996094,17152000
2020-12-18,38.13532844955235,39.109358508396596,37.883966737475504,39.01150894165039,45243000
2020-12-21,38.436062816239236,38.781688572800846,38.03657579598739,38.5015983581543,19096000
2020-12-22,38.5015993180488,38.92083570707558,38.42259845824158,38.88043975830078,17929000
2020-12-23,39.05100778890037,39.14077885078039,38.16046474591897,38.194580078125,10533000
2020-12-24,38.466582824516834,38.7816855758487,38.383993048573544,38.73320770263672,4123000
2020-12-28,38.99175086970802,39.254786825084594,38.705380057739944,38.770912170410156,10625000
2020-12-29,39.12551235231126,39.12551235231126,38.31397031184727,38.51595687866211,9593000
2020-12-30,38.752061161858705,39.32032007143653,38.61111711718214,39.035743713378906,10553000
2020-12-31,39.168593919112965,39.365193627557375,38.8759357212006,39.30684280395508,10211000
2021-01-04,39.43970734493829,39.70094535808132,37.815726325108955,38.17301940917969,24171000
2021-01-05,38.15777339672826,38.547384055241274,37.91987699850745,38.43157958984375,15069000
2021-01-06,38.000671981808814,39.01330353196518,37.752899193636715,38.194580078125,17226000
2021-01-07,38.7870706511973,39.91191752813726,38.65600300790659,39.80419158935547,21267000
2021-01-08,40.128271723246634,40.396691062578604,39.37867285124479,40.00617980957031,15271000
2021-01-11,39.55462888887465,40.28806738146098,39.537571224057416,40.0169563293457,11660000
2021-01-12,40.19740424887265,40.82491475764143,40.00259891108259,40.34283447265625,13846000
2021-01-13,40.424525398838,40.71089967867536,40.227925606539344,40.50621795654297,13118000
2021-01-14,40.71269299261206,41.16065445060936,40.51698702894267,40.58341979980469,19692000
2021-01-15,40.2342071477946,40.39759225304573,39.559119481301934,40.0250358581543,18165000
2021-01-19,40.24318770249012,41.2495387047676,40.24318770249012,41.22978591918945,18819000
2021-01-20,41.25222545689856,41.8150975893276,40.84645438720334,41.464088439941406,14710000
2021-01-21,41.48473731234337,42.145462467864164,41.33122859025973,41.90756607055664,15749000
2021-01-22,41.629273798033296,41.97310169331424,41.5089763278345,41.745975494384766,16248000
2021-01-25,42.15353823062265,42.19303694434862,40.943406405640275,41.72532272338867,14692000
2021-01-26,41.53321069281014,41.92641365651933,41.46408622889327,41.64273452758789,10742000
2021-01-27,40.894943192535706,41.02241853906059,39.635435811606925,39.921810150146484,21857000
2021-01-28,40.894029955075936,41.15885693871644,40.1309623637072,40.55379104614258,16946000
2021-01-29,40.38861310515674,41.12474667228336,40.184828644103874,40.442474365234375,22069000
2021-02-01,40.922764346932894,42.13199917588673,40.71988050344438,41.900386810302734,17027000
2021-02-02,42.17149491750995,42.8187512644002,42.01349320679954,42.810672760009766,16141000
2021-02-03,42.815162335774595,42.95790084423762,41.70736959690868,41.761234283447266,17857000
2021-02-04,41.295318750489876,42.297180106015354,41.069093207952236,42.24959945678711,15243000
2021-02-05,42.58175413766101,42.814267134712914,41.77649604195909,41.8348503112793,12488000
2021-02-08,42.08082710536465,42.5000635095855,41.79624729315308,42.435428619384766,17610000
2021-02-09,42.372582638449195,42.65895687548411,42.069150737649444,42.60868453979492,12758000
2021-02-10,42.84029129287061,42.86542745744797,41.78815787984632,42.1975212097168,14587000
2021-02-11,42.524300340667594,43.032413974399006,42.120323735580946,42.946231842041016,17123000
2021-02-12,42.94533490871307,43.72096725622101,42.63202658947374,43.65812683105469,13551000
2021-02-16,44.06749727373169,44.41760924818618,43.72097422440365,43.91039276123047,15163000
2021-02-17,43.47049366912535,43.64016278148775,42.64728084756213,43.313392639160156,14084000
2021-02-18,43.111411140104124,43.57643370476035,42.65357327355491,43.3834228515625,16715000
2021-02-19,43.74161820809031,44.44992404537319,43.69852713731533,43.984901428222656,17992000
2021-02-22,43.44984580615498,43.68414978551553,42.67062129589208,42.76398468017578,16967000
2021-02-23,42.29537445694656,42.60778550420009,40.94160695036481,42.36360168457031,21303000
2021-02-24,41.98476971948985,43.217342694026854,41.5341097012911,43.16976547241211,15125000
2021-02-25,42.6194632866971,43.03511079511886,40.86531114749503,41.040367126464844,23148000
2021-02-26,41.97130126152424,42.710130005955556,41.361749140431975,42.18136978149414,22640000
2021-03-01,43.06382843526112,43.988483210984285,42.53955786207437,43.95077896118164,24677000
2021-03-02,44.02169547473695,44.06568376376875,43.05484692245517,43.136539459228516,18546000
2021-03-03,42.9112183277806,43.2155474776733,41.472165784311606,41.57001876831055,23991000
2021-03-04,41.44523939841459,41.9237273204374,39.62824689768859,39.8221549987793,34575000
2021-03-05,40.77912410799591,40.93622516967462,38.87146004228489,40.410160064697266,42414000
2021-03-08,40.1130166710686,40.2144620175738,37.63799061951917,37.8166389465332,45243000
2021-03-09,39.11295493219673,40.11930254106476,38.656014222414036,39.823055267333984,37884000
2021-03-10,40.15969639295929,40.75937555716275,39.05998209032348,39.28351593017578,19914000
2021-03-11,40.30960361366078,41.06638360665802,39.68748016654471,40.72883987426758,26170000
2021-03-12,39.98105311579396,40.710902804008015,39.90564459520034,40.50263214111328,18906000
2021-03-15,40.86261832250434,42.30346549196846,40.68396999897649,42.262168884277344,31241000
2021-03-16,42.3070504425788,43.44985578780077,41.960530876287784,42.9273796081543,31190000
2021-03-17,42.21998497185063,43.74342571487812,42.19395156232425,43.413063049316406,23754000
2021-03-18,42.60240078889435,43.39149838821226,41.63195977797747,41.667869567871094,28728000
2021-03-19,41.35121603464576,43.12722145683531,41.08431547086622,42.926368713378906,108602000
2021-03-22,42.78613743256409,43.54340436656006,42.67394897167976,43.00056076049805,31805000
2021-03-23,42.864840503321524,43.008694758097946,41.857864171201456,41.98543167114258,24712000
2021-03-24,42.47308262604791,42.52193943230276,41.3349185262807,41.37110900878906,20882000
2021-03-25,41.16212358733139,41.981821351073364,40.6509458106903,41.77191925048828,17537000
2021-03-26,41.31411884922736,43.69901552394185,41.31411884922736,43.612159729003906,28925000
2021-03-29,43.4637841278164,43.53254467768376,42.36633151488801,42.75989532470703,28410000
2021-03-30,41.96915468303074,41.98001252122146,40.859939883832375,41.270694732666016,27935000
2021-03-31,41.52763627239256,42.25776194575514,40.930507019843155,41.94924545288086,28684000
2021-04-01,42.71013612772258,43.11817477069111,42.45047297681474,43.06117630004883,23528000
2021-04-05,43.454737254419,44.299767634880354,43.1398875691596,44.19481658935547,22966000
2021-04-06,43.70987653868573,44.17129323727865,43.22312373435525,43.777732849121094,18063000
2021-04-07,43.42849722234408,43.78134586307841,43.24664398347584,43.6501579284668,12074000
2021-04-08,44.14957863792008,44.14957863792008,43.43845241180618,43.92339324951172,18121000
2021-04-09,43.427602416826915,43.908018667152554,43.11456117530738,43.88811492919922,16614000
2021-04-12,43.602203483854254,43.91795735236319,43.300924428703645,43.75962829589844,23247000
2021-04-13,43.87996320283239,44.17128869875492,43.45382934450335,43.8763427734375,15281000
2021-04-14,43.65107243594628,44.25905618189998,42.99241992651422,43.183319091796875,18220000
2021-04-15,43.575972166712745,43.63658761247916,43.13626773002579,43.42759323120117,18370000
2021-04-16,43.471019200485124,43.58863655997225,43.136265817207004,43.318119049072266,16263000
2021-04-19,43.113649509372145,43.13807791807408,41.62263649318825,41.7990608215332,26319000
2021-04-20,41.619018241210625,41.80177574243643,41.12412378058948,41.370216369628906,19128000
2021-04-21,41.18564589691257,41.64887452768929,40.94860266262949,41.59911346435547,25947000
2021-04-22,41.1747858161005,41.72124978709173,40.62289637782537,41.17569351196289,27057000
2021-04-23,41.48149554081367,42.328334399521424,41.391927008528626,42.1727180480957,22890000
2021-04-26,42.25323960795242,42.86936838325356,41.941102668459735,42.69023132324219,18271000
2021-04-27,42.857608768860544,42.90827407774569,42.07591345959531,42.192623138427734,13267000
2021-04-28,42.10396052137071,42.15824626218332,41.26074203171116,41.54573440551758,15940000
2021-04-29,42.494803244031125,42.494803244031125,41.53034713564013,42.187191009521484,14650000
2021-04-30,41.59188078696817,41.68416551604449,41.06079578657419,41.274314880371094,19367000
2021-05-03,41.59548747978518,41.60363258269715,40.55774959907802,40.72603225708008,15098000
2021-05-04,40.46185156773561,40.50527946569913,39.56525167323864,40.21937942504883,23497000
2021-05-05,40.75046840559388,40.8436573740308,40.02305535631283,40.155147552490234,16388000
2021-05-06,40.15242529321326,40.63103289824023,39.79414777276787,40.58489227294922,13495000
2021-05-07,41.128645847616916,41.47154435890386,40.64098882618023,40.94679260253906,11712000
2021-05-10,40.5667993239645,40.58036989385768,39.42591889004572,39.45577621459961,25239000
2021-05-11,38.45150765362268,39.9678529799581,38.27508336519944,39.8149528503418,17887000
2021-05-12,38.83965186484152,38.98169419378479,37.92133971798785,38.214473724365234,29940000
2021-05-13,38.89393632551104,39.33997397475269,38.50942182471281,38.95817565917969,21841000
2021-05-14,39.48202138230363,40.27186184819889,39.08936521235579,39.9552001953125,16964000
2021-05-17,40.002247849694776,40.002247849694776,39.16083784116029,39.80320358276367,15725000
2021-05-18,40.16328482205973,40.21033314912469,39.20064057079174,39.24225997924805,17824000
2021-05-19,38.54198893419164,40.0348138832455,38.51484779191198,39.9642448425293,21369000
2021-05-20,40.32885197718253,41.55477626282903,40.29085300085909,41.16573715209961,21886000
2021-05-21,41.4362575573907,41.4362575573907,40.65365460746368,40.825557708740234,13216000
2021-05-24,41.33945254808384,41.83886820464433,41.28878724164024,41.54482650756836,14420000
2021-05-25,41.79001520702884,41.8859203612617,41.301457343284035,41.57649612426758,9600000
2021-05-26,41.68777772230578,41.80810782855121,41.21369470540659,41.662445068359375,9873000
2021-05-27,41.61811478691881,42.381718320506536,41.58644896806833,42.312957763671875,19098000
2021-05-28,42.52285910794576,42.94085139458101,42.31296044559225,42.733665466308594,19946000
2021-06-01,43.01502769573076,43.246641983614026,42.26952298148211,42.36994934082031,16277000
2021-06-02,42.688417947184085,43.21950284874194,42.474898893123566,42.860321044921875,13286000
2021-06-03,42.41428524158355,42.501141038657096,41.91305764492946,42.05238723754883,20389000
2021-06-04,42.56809293284804,43.28283964771544,42.47942863979781,42.97522735595703,23865000
2021-06-07,42.79427069990135,42.92817481152526,41.841580116357605,41.96009826660156,24142000
2021-06-08,42.34641990547225,42.73907594640623,41.93566862306322,41.937477111816406,16615000
2021-06-09,42.268624544667915,42.268624544667915,41.77373008720722,41.97367858886719,12126000
2021-06-10,42.115714963686116,42.481229912091344,41.637107330925495,42.40251922607422,15413000
2021-06-11,42.38171194148465,42.7155610817781,42.26499882596529,42.586181640625,14508000
2021-06-14,42.56718729881964,43.05665283521345,42.16638605258207,43.05031967163086,14675000
2021-06-15,43.11635854314873,43.117266238957896,42.39166180200185,42.58980178833008,11131000
2021-06-16,42.54728674061169,42.624188953954906,41.75201735233368,42.138343811035156,20437000
2021-06-17,42.05963151831858,42.996943291328705,41.97458764780208,42.62871551513672,20881000
2021-06-18,42.275854846332024,42.50113596455984,41.664247361557834,41.93476486206055,28537000
2021-06-21,42.05057325690016,42.434448856410135,41.80164647703995,42.36423873901367,18591000
2021-06-22,42.54387092505925,42.726236360158985,42.06425076989641,42.34965133666992,13722000
2021-06-23,42.2958532111831,42.662403229164276,42.2210830041579,42.55116271972656,17674000
2021-06-24,42.84568024434219,43.188528915805904,42.728056996457845,42.861183166503906,12502000
2021-06-25,42.9788052661824,43.079106422007435,41.943886976680005,42.14448928833008,19100000
2021-06-28,42.49097880193268,43.42924816204461,42.44629963986364,43.111019134521484,13987000
2021-06-29,43.071811456501145,43.52225184716625,42.92318584971862,43.50766372680664,14184000
2021-06-30,43.59702736971663,43.63897256878142,43.0864048331953,43.479400634765625,15381000
2021-07-01,43.5705903133935,43.5705903133935,42.75815633717761,42.82289505004883,11153000
2021-07-02,43.47301972972085,43.63806308608134,41.552719808485094,42.6888542175293,37054000
2021-07-06,42.89217402663652,43.47118036132461,42.70069194540079,43.15477752685547,13870000
2021-07-07,43.31161578358868,43.34444078922236,42.52471305766855,42.813758850097656,12581000
2021-07-08,42.34691170919578,42.95418654427596,42.086127328337405,42.90129852294922,16011000
2021-07-09,42.81650140121822,43.84777436462307,42.676081179174425,43.7839469909668,16782000
2021-07-12,43.887889612885026,45.04590590005334,43.15296007877889,44.29182815551758,33142000
2021-07-13,44.253539408556684,44.454138252367805,43.94990195694933,44.1331787109375,11806000
2021-07-14,44.60641722089495,44.86173024211587,43.835928499437905,43.91252136230469,14020000
2021-07-15,44.06661917633744,44.17330308813539,43.1402072660495,43.52499771118164,12624000
2021-07-16,43.681822776645674,43.793066766147625,42.605874054594224,42.67972946166992,13980000
2021-07-19,42.26120453372663,42.48824913631304,41.72413973345164,42.46089553833008,14938000
2021-07-20,42.66331496143969,43.06086731662345,42.24205082431386,42.727142333984375,20727000
2021-07-21,42.82197896361498,43.70188900200781,42.71894034992196,43.67818069458008,13660000
2021-07-22,43.45750765495657,43.675432023388325,43.26693687832312,43.43288803100586,12583000
2021-07-23,43.77027452985756,44.09397502619001,43.47849120438268,44.05476379394531,13489000
2021-07-26,43.96448862385289,44.09761479290109,43.73835535752514,43.97178268432617,11160000
2021-07-27,43.83683755005922,43.93257862367999,42.65511269589589,43.344451904296875,14715000
2021-07-28,43.46663643402389,43.68365301845531,43.24962332792403,43.553260803222656,8359000
2021-07-29,43.62802425939417,44.299126490168,43.53410584346198,44.14229202270508,9162000
2021-07-30,43.94624928172083,44.34562776658393,43.72832488912342,44.259918212890625,11548000
2021-08-02,44.59272675996968,45.09878907625953,44.08757924462274,44.19425964355469,15619000
2021-08-03,44.26813490186955,44.47511999639746,43.763895044149734,44.38667297363281,11135000
2021-08-04,44.54532459433702,44.67753945059309,44.13318058068503,44.478759765625,12123000
2021-08-05,44.71856791176348,44.71856791176348,44.21341681568927,44.46690368652344,8372000
2021-08-06,44.22983215236682,44.50793865890881,44.135002404163416,44.262657165527344,9964000
2021-08-09,44.3592994729816,44.390301833453734,43.85870857069631,44.19425964355469,5952000
2021-08-10,44.30550844993811,44.355659025736884,43.569667535093444,43.97360610961914,9319000
2021-08-11,44.206121579141474,44.311894152418866,43.74838710733997,44.09123229980469,9816000
2021-08-12,43.97542462445223,44.22344003368365,43.469362300439506,44.15596389770508,8702000
2021-08-13,44.00552283815757,44.5854406510919,43.95992887276621,44.329219818115234,8582000
2021-08-16,44.2079466831984,44.579968109136075,44.16873545655334,44.50975799560547,9188000
2021-08-17,44.27723588515002,44.334683993896206,43.26784868356477,43.64807891845703,16499000
2021-08-18,43.462073180484865,43.50128092785278,42.70525791502068,42.76179122924805,15616000
2021-08-19,42.522890353686144,43.38730078931629,42.186427931805035,43.177581787109375,14044000
2021-08-20,43.112846104028975,43.42377759915235,42.895829548534095,43.32712173461914,10007000
2021-08-23,43.43289681770493,44.331955021775535,43.37545217630879,43.99093246459961,15707000
2021-08-24,43.98637333376604,44.04472929462337,43.78212225326873,43.897926330566406,9429000
2021-08-25,43.91069829041817,44.33925309349058,43.91069829041817,44.07847213745117,10017000
2021-08-26,44.041078701694275,44.507022003173766,43.82224298795782,44.29092025756836,10836000
2021-08-27,44.49791017416505,45.266579719689,44.37299285110496,45.22098922729492,16459000
2021-08-30,45.591179821047426,46.306961205104635,45.431611387339956,45.489967346191406,19614000
2021-08-31,45.70880927502083,45.70880927502083,44.92555170141235,45.33678436279297,17378000
2021-09-01,45.25106170334965,45.52187407707866,44.942867712290585,44.96748733520508,12586000
2021-09-02,45.20730709999939,45.224632669033234,44.693950593876586,44.85260772705078,16991000
2021-09-03,45.21825171486356,46.13828085900448,45.13892488431239,45.37964630126953,25191000
2021-09-07,45.37234666729924,45.37234666729924,44.770543152684006,45.28025436401367,12398000
2021-09-08,45.55653281510532,45.58114896380143,44.50702295022189,45.0787353515625,13987000
2021-09-09,44.93922171370475,45.47263763418408,44.93922171370475,44.99757766723633,13174000
2021-09-10,45.32219530322396,46.137363070271356,45.272956047944284,45.42249298095703,16110000
2021-09-13,45.77354832055159,45.81640483944415,44.9766139426968,45.49635314941406,14927000
2021-09-14,45.7735385679776,46.085381329900066,45.44163279588517,45.76168441772461,14134000
2021-09-15,45.78448679428224,46.566829498254855,45.53829401268319,46.47929382324219,23346000
2021-09-16,46.065336993470126,46.42550779779683,45.61033643416877,46.26137924194336,17569000
2021-09-17,45.953168154331124,46.28598526091465,45.68235576898291,46.138267517089844,34470000
2021-09-20,45.49999960278346,45.86472696036561,44.537114091703415,45.11885452270508,30105000
2021-09-21,45.32735908135404,45.35124113822321,44.73125018798423,45.09773254394531,16935000
2021-09-22,45.39715662801311,46.20084934754129,45.21070072996932,45.979488372802734,20610000
2021-09-23,46.155845731002245,46.59489219934022,45.97949134095886,46.32025909423828,18370000
2021-09-24,46.13380895807817,46.43048464715505,46.00154314899177,46.37721252441406,10605000
2021-09-27,45.905105933676516,46.4598837925572,45.68466289207815,46.37078857421875,9831000
2021-09-28,45.64975300026899,46.058487926669,45.05639815507542,45.100486755371094,20124000
2021-09-29,45.34021899205588,45.399002629948555,44.790952696333676,44.959041595458984,15783000
2021-09-30,45.421969570713905,45.421969570713905,44.49979133819685,44.54112243652344,15735000
2021-10-01,44.80931800434268,44.883718172499336,43.85866437223868,44.76339340209961,16052000
2021-10-04,44.54111450028392,44.69082933461151,43.425129494608406,43.7162971496582,20093000
2021-10-05,43.715389882774424,44.98751954956263,43.6593602423986,44.58613204956055,16557000
2021-10-06,44.37577881565183,44.94709104443665,44.06073264045105,44.89473342895508,12042000
2021-10-07,45.24836653772011,45.91612156686617,45.24836653772011,45.366851806640625,13261000
2021-10-08,45.63322779103795,45.74161155896106,45.124374532448826,45.26858139038086,10279000
2021-10-11,45.12068924326744,45.88764091226029,45.084866163803866,45.22172546386719,11186000
2021-10-12,45.543211216141195,45.62220140410157,44.27383567210082,44.57326889038086,20991000
2021-10-13,44.19576040862878,44.58244930663794,44.04696356341253,44.548465728759766,16424000
2021-10-14,45.17764804082796,45.84723916444392,45.08212330912232,45.70486831665039,19233000
2021-10-15,46.32944979440988,46.46355161067786,46.024508578105475,46.22382354736328,25103000
2021-10-18,45.96112743411475,46.29086868069618,45.80222557272302,46.23392105102539,16042000
2021-10-19,46.322095802871715,46.92371964066297,46.08787578199386,46.87963104248047,16383000
2021-10-20,46.935659596873364,47.15885660382003,46.70052506614108,46.78778076171875,13458000
2021-10-21,46.790541641832476,47.28377829634279,46.71522346461306,47.22499465942383,11787000
2021-10-22,47.27917618132504,47.88906550091553,47.12119233899684,47.34071731567383,15367000
2021-10-25,47.531777607628236,48.17565064678146,47.31960360151208,47.95245361328125,12416000
2021-10-26,48.24269409530283,49.139157633604796,48.12972034136807,49.036285400390625,24043000
2021-10-27,48.84799484314869,49.23835926814236,47.93316417522792,48.047977447509766,23500000
2021-10-28,48.14258632928929,48.67623611622421,48.07736966874486,48.641334533691406,11872000
2021-10-29,48.08380005799582,48.87830949389942,48.08380005799582,48.83422088623047,15564000
2021-11-01,48.712058433473786,48.91780292638595,48.21514624027209,48.5017204284668,16896000
2021-11-02,48.44660704836752,49.674651453813986,48.37588238147848,49.3302116394043,16262000
2021-11-03,49.51206051915657,49.947434932280466,49.02708950529575,49.8170051574707,14038000
2021-11-04,49.94836045819632,50.43241354360799,49.68382886324582,50.39107894897461,15956000
2021-11-05,50.51783704774692,51.40603160471107,50.50038450630302,51.33714294433594,18674000
2021-11-08,51.61728811408838,51.79364252581492,51.261828789697425,51.339900970458984,17231000
2021-11-09,51.361944302155536,51.61085938508981,50.989950432066905,51.23427200317383,15838000
2021-11-10,50.91279279210713,51.519006670676745,50.3387264864987,50.40485763549805,18450000
2021-11-11,50.76491321520254,51.171812135471264,50.40853240939549,51.01382827758789,14157000
2021-11-12,51.290297130724866,51.97274716930103,50.939427839740084,51.73209762573242,13592000
2021-11-15,52.14268210013865,52.14268210013865,51.42073683415758,51.96632766723633,13972000
2021-11-16,51.81201896182683,52.311685180117415,51.68801865703387,52.241878509521484,13194000
2021-11-17,52.18400764911579,52.47976884383096,51.81293178118975,52.32178497314453,12532000
2021-11-18,52.45588185418031,52.97300051572542,52.321780052982945,52.79664611816406,12712000
2021-11-19,52.931677132589634,53.0171003449247,51.98102329552906,52.23728942871094,19612000
2021-11-22,52.509158498559415,52.54222407499662,50.74562838622837,50.81910705566406,25898000
2021-11-23,50.74011632697499,51.05608055864811,50.3828174973329,50.98811340332031,17109000
2021-11-24,50.814516843302464,51.351842093758556,50.27810609061212,51.31969451904297,12084000
2021-11-26,50.680412101908125,51.18834729199659,49.904276788167756,50.204627990722656,14219000
2021-11-29,51.08731667978738,52.12982323641014,50.85585411372602,51.83498001098633,18703000
2021-11-30,51.73669342951229,51.89467729356309,50.70153805104502,50.8558464050293,22574000
2021-12-01,51.755990711012615,52.21524384425106,50.82370741115029,50.955055236816406,21980000
2021-12-02,50.1568629695331,51.35459575168677,49.96673503111232,50.74287033081055,22619000
2021-12-03,51.89007697320756,52.262992283560436,50.5545705798807,51.26365661621094,20305000
2021-12-06,51.86344148477795,52.205127230789074,51.06434224500655,51.89375305175781,22482000
2021-12-07,52.53854822895833,54.47383910083059,52.53854822895833,54.228599548339844,29562000
2021-12-08,54.27820402976684,54.27820402976684,53.49655369872076,54.05959701538086,17998000
2021-12-09,53.49838724784678,54.21390288888411,53.49838724784678,53.58748245239258,29080000
2021-12-10,57.312956165747025,59.220693480841085,56.81788341845522,58.020206451416016,57087000
2021-12-13,58.233291167075556,58.271868257096365,57.06035842400697,57.099853515625,26898000
2021-12-14,56.74898383999859,56.820626506185505,55.628405225569374,56.479862213134766,35956000
2021-12-15,56.54048543566877,58.86338699925046,56.06010778616757,58.77153778076172,29092000
2021-12-16,58.54191346118056,58.84502220062349,56.166657682485905,57.00984573364258,42748000
2021-12-17,56.72051201414745,58.78347896333974,56.497314978890415,58.321468353271484,50661000
2021-12-20,57.5260394524852,59.34376315361239,57.4148981934236,59.24639892578125,32770000
2021-12-21,59.9091758844458,60.035817136829266,58.54109491408,59.73724365234375,36534000
2021-12-22,59.46733270092195,60.746679639045496,59.092031787018655,60.565494537353516,28383000
2021-12-23,60.651460683246796,62.001057233775015,60.651460683246796,61.452903747558594,23596000
2021-12-27,61.452903880793606,62.515937286564075,61.42147100728619,62.32921600341797,19442000
2021-12-28,62.63147933382851,62.65089479106984,61.65903503574087,61.84113693237305,17247000
2021-12-29,61.91508939812723,62.580638298362324,61.85223070904058,62.17483901977539,14797000
2021-12-30,62.220139270374325,62.46048052299095,61.36416642749204,61.478790283203125,11473000
2021-12-31,61.653494533987924,62.05467450515574,61.311477765388915,61.50929260253906,12046000
2022-01-03,61.5934031383411,62.09071528783555,61.121966510380695,61.31608581542969,22591000
2022-01-04,61.27541586224374,62.136014997449905,60.75313794605379,62.018619537353516,21103000
2022-01-05,62.04543200324071,62.04543200324071,59.34623182328059,59.43775177001953,34961000
2022-01-06,59.17522986712764,59.96002918728178,58.6455608507648,58.88589859008789,28581000
2022-01-07,58.77681291114702,59.15211379288272,57.16931450978754,57.233097076416016,27832000
2022-01-10,56.28190663377296,57.50023894282206,55.79290580033384,57.41889572143555,29793000
2022-01-11,56.89939388747361,58.051172029734495,56.80972874668351,57.50116729736328,19037000
2022-01-12,58.00587700069969,58.32756144541237,57.2876320068849,57.496543884277344,18806000
2022-01-13,58.00219136774044,58.04008783711526,54.92215026547844,55.203163146972656,30048000
2022-01-14,55.072817180360275,55.49803195525394,54.72340238889017,55.127357482910156,25661000
2022-01-18,54.383234096846714,54.63466536958353,53.243469687227446,53.40985870361328,35825000
2022-01-19,53.76019632929657,54.05137531997482,52.07319887888965,52.13235855102539,22692000
2022-01-20,52.50488764702027,52.70270600900604,50.54242399111433,50.63024139404297,25225000
2022-01-21,50.530413008993136,51.340171037174834,49.11610631889332,49.29081726074219,38010000
2022-01-24,49.07450726657848,50.24107808673321,47.45776294982966,50.06267166137695,54256000
2022-01-25,48.807355074146734,50.415780850239,48.45794030042388,49.37492752075195,38158000
2022-01-26,51.02588388274939,53.075237772817225,50.84747743455911,51.499168395996094,49715000
2022-01-27,52.66387746094014,52.71379486558926,50.011826685300484,50.13014602661133,34183000
2022-01-28,50.227216312448405,51.81160762456415,49.21316919982641,51.77463150024414,30254000
2022-01-31,51.709911506502394,54.20297120302676,51.395621584548,54.157676696777344,40288000
2022-02-01,54.15675966035219,54.89903603744691,53.227754938628834,54.78995895385742,25719000
2022-02-02,55.37046992674029,55.90660952447324,54.87407454219735,55.77996826171875,24443000
2022-02-03,55.06264666070218,55.372313687817254,53.62523281694545,53.692710876464844,30602000
2022-02-04,53.27951391029254,55.1421425077546,53.257326830789246,54.55331039428711,20548000
2022-02-07,54.55330979777226,55.60895565460535,53.9986821835642,54.31944274902344,18671000
2022-02-08,54.388775767685644,55.63391812535211,54.26028675800971,55.48324203491211,14570000
2022-02-09,56.14232366614191,56.546278726905875,55.60710445620384,56.51115036010742,22004000
2022-02-10,55.028437932436525,56.81619380244719,54.40632877805014,54.66423416137695,24920000
2022-02-11,54.664244659690176,55.440725527909755,52.604721376645486,53.00590133666992,27281000
2022-02-14,53.15195698223157,53.87389757915541,52.696236696765325,53.482887268066406,19291000
2022-02-15,54.44886248857168,56.02123616931005,54.376761524357036,55.718963623046875,34284000
2022-02-16,54.91382691892445,55.53778749291356,54.28155147823176,55.20500946044922,22931000
2022-02-17,54.5107899491324,54.684573454753284,53.5115321471351,53.52170181274414,21424000
2022-02-18,53.701037613729866,54.32961398994426,52.99295870477831,53.61322021484375,19708000
2022-02-22,53.61321551663635,54.55793303555906,52.672193493456,53.37934494018555,20204000
2022-02-23,53.63540446707579,54.08280633347043,52.203537246043965,52.24513626098633,22416000
2022-02-24,50.98705484865837,54.14012068349282,50.75041261599208,53.6141471862793,35316000
2022-02-25,53.598430786435685,54.4812135602186,53.05951603484193,54.35457229614258,22380000
2022-02-28,53.706577117598776,54.751129460138536,53.27951462007161,54.3018798828125,25005000
2022-03-01,54.05692245843227,54.31852337794291,52.25530114748211,52.70085525512695,24898000
2022-03-02,53.10758033581669,54.58751713514809,53.02069034081481,54.148433685302734,21771000
2022-03-03,54.87869302564944,54.88054077350118,53.09001315914794,53.48472595214844,26454000
2022-03-04,54.79642984716423,56.00921906128759,53.98482412424417,55.09223175048828,44757000
2022-03-07,55.19299054729206,55.35013376600449,52.68976437910939,52.75447082519531,26494000
2022-03-08,52.89035825053764,55.09778267712374,52.0990882757712,53.239776611328125,26993000
2022-03-09,54.426674589521596,55.61450499801103,54.26120946628472,55.18743896484375,22560000
2022-03-10,54.12810720348819,54.54038074781096,53.27860140819245,54.328697204589844,19323000
2022-03-11,54.72339862646337,54.94802341303231,53.34791958379614,53.41539764404297,19813000
2022-03-14,53.33313472203945,53.61229984771332,52.20446385634324,52.48640060424805,25234000
2022-03-15,53.36178449809273,55.16340215201178,53.15564777006045,54.79365158081055,28260000
2022-03-16,55.15324227574765,56.17560764032055,53.9894430789607,56.121070861816406,29454000
2022-03-17,55.89921293227862,56.10997256230429,55.243826614345046,55.709712982177734,18174000
2022-03-18,55.82987961100034,56.68400808396091,55.09222272168398,56.4251823425293,41538000
2022-03-21,56.35911791067126,56.35911791067126,54.801238960812675,55.95801544189453,25789000
2022-03-22,55.99803606392462,57.09431922732373,55.77561275783682,56.89330291748047,19262000
2022-03-23,56.58246304930934,56.896087920456026,55.75978485731702,55.78025817871094,13839000
2022-03-24,56.45497059934464,58.37114514486563,56.02409003883298,58.29762649536133,26016000
2022-03-25,58.35811231074587,58.668013153196966,57.70573862513929,58.524696350097656,14538000
2022-03-28,58.24643673273072,58.93696668999001,57.306495779963456,58.89787673950195,14427000
2022-03-29,59.560482576098885,60.054646807734684,58.62985003584734,59.697288513183594,23001000
2022-03-30,59.45532862187166,59.959731343913575,58.38137917679215,58.73129653930664,18626000
2022-03-31,58.67453472250041,59.46743494377598,58.44839093281228,58.60008239746094,21731000
2022-04-01,58.787129503109306,59.055153566291025,57.5773078334027,58.34880447387695,16267000
2022-04-04,58.29669317910468,59.255247293499366,58.119874240566865,59.08121871948242,16484000
2022-04-05,58.58798093719519,58.84018230338208,57.0477814676098,57.15201187133789,19778000
2022-04-06,56.03152670488647,56.91655848976419,55.25816983590049,56.02408218383789,23742000
2022-04-07,55.82213707693209,56.54895949342814,55.20884982167921,56.12179946899414,16583000
2022-04-08,55.59414231466495,55.70675093048762,54.532291348578696,54.62814712524414,20464000
2022-04-11,54.216799675862305,54.84032543526224,53.92365165134327,54.03346633911133,23512000
2022-04-12,54.824495600189856,55.70673702382872,54.17863635854144,54.44852066040039,17350000
2022-04-13,54.76772876820233,55.53178091107836,54.539724768238514,55.143707275390625,20266000
2022-04-14,55.37171362901777,55.56435527292506,53.3122223701405,53.404354095458984,27385000
2022-04-18,53.31129265496391,55.02086655488517,53.31129265496391,54.581607818603516,21375000
2022-04-19,53.91713489042736,55.716976705171206,53.91713489042736,55.61647033691406,16581000
2022-04-20,56.22882323554954,57.0877974873682,55.38474157704784,55.62577438354492,13920000
2022-04-21,56.35353073424998,57.31487514981279,54.968750305591456,55.1613883972168,20352000
2022-04-22,54.9175672566565,55.72070230411628,54.55927168224141,54.62348556518555,21064000
2022-04-25,54.11535917906689,54.791930258662354,53.15029423492053,54.71003341674805,26959000
2022-04-26,54.33033282098885,54.48481817521355,52.08843849201398,52.12194061279297,35809000
2022-04-27,51.72363313181955,53.05350804591093,51.65011448387153,52.0726203918457,19313000
2022-04-28,52.66822247085638,54.44386678376321,51.92650747265315,53.87804412841797,22334000
2022-04-29,53.28988685154491,53.8166231331261,51.50121010545129,51.59334182739258,26108000
2022-05-02,51.84926564670982,53.75706177836101,51.778537369872694,53.63700866699219,26725000
2022-05-03,53.605373544432716,54.60487069385351,53.210781944749115,54.08557891845703,17064000
2022-05-04,54.14327232151736,56.216722254643514,53.41644639175608,56.178565979003906,23896000
2022-05-05,55.30097423850203,55.63972298479901,53.445293553942975,53.97575378417969,32806000
2022-05-06,53.50579089789299,54.90546385121923,52.993013550039656,53.98599624633789,20745000
2022-05-09,53.31408519065373,53.79057010536734,52.14055941272174,52.387176513671875,30074000
2022-05-10,54.02229912570548,55.014355376372535,53.213579766434975,54.106056213378906,29271000
2022-05-11,53.47228750211893,54.413158527011696,52.660774350375576,52.777103424072266,26660000
2022-05-12,52.43184862196757,53.382024562644965,51.95350345124489,53.192176818847656,25518000
2022-05-13,53.70215293411097,55.05529132527506,53.37177525520566,54.7435302734375,19449000
2022-05-16,54.38431347675471,54.82729626087161,53.75799735713508,54.22517395019531,14189000
2022-05-17,55.41452019517127,56.67553057717313,55.24328554607898,56.5964241027832,24676000
2022-05-18,55.83796645751363,55.90497071083236,52.6905664432591,53.09911346435547,35024000
2022-05-19,51.92930524636874,52.185230665290575,50.15738116614811,50.832088470458984,34884000
2022-05-20,51.5477475309236,51.64918758004901,47.689344228904204,50.55104064941406,40281000
2022-05-23,48.765157601138085,49.84189753622892,47.85871865986935,48.98478698730469,58586000
2022-05-24,49.01270540458946,49.218375869891084,48.03833207875302,48.78376770019531,25060000
2022-05-25,48.75584934574841,50.01685629964209,48.75584934574841,49.47522735595703,17842000
2022-05-26,49.466854974219586,51.61010360812433,49.11135327483248,51.2462272644043,39743000
2022-05-27,52.30993035495519,54.48482053663374,52.116358593085145,54.28194046020508,37301000
2022-05-31,54.3954752999625,54.63092381031796,53.6044354727116,53.98878860473633,30009000
2022-06-01,54.68211292851281,54.994807687017975,52.89995054459181,53.38294982910156,18345000
2022-06-02,53.767304846282315,53.76916508923045,52.87203452683485,53.673309326171875,29488000
2022-06-03,52.94089789396885,53.00883225639929,52.20662740639511,52.42439651489258,20562000
2022-06-06,53.18752467401779,53.29919961282595,51.886501164159924,52.22990417480469,14557000
2022-06-07,52.165681322127064,53.46856485122231,51.885558576557465,53.324317932128906,15895000
2022-06-08,53.215434969635574,53.629566211110536,52.31458396426517,52.6142463684082,24004000
2022-06-09,52.223377168496356,53.38480406194563,51.736653902932076,51.76364517211914,18787000
2022-06-10,51.19317832558004,51.28158957705585,50.22811328241682,50.37236022949219,24018000
2022-06-13,49.02386171572171,49.602713132864075,48.02250091476069,48.17140197753906,31619000
2022-06-14,48.85541721596708,48.85541721596708,47.889418780229946,48.40871047973633,24380000
2022-06-15,49.24441927420177,49.67995388978114,47.97596460036468,49.0173454284668,19141000
2022-06-16,47.64374117314829,47.8745391070159,45.81318751804323,46.269195556640625,37244000
2022-06-17,46.06631954057475,46.565138024203044,45.402777248219955,46.406002044677734,43504000
2022-06-21,47.300239383654564,47.94112970620694,47.18857647614568,47.271148681640625,21901000
2022-06-22,46.57114641316931,47.27115244841777,46.37315279575616,46.55144119262695,24721000
2022-06-23,47.08161329709063,47.08161329709063,46.07382982661779,46.59648895263672,16707000
2022-06-24,47.38657054829538,48.02464742817805,47.053457462101434,47.770355224609375,21201000
2022-06-27,48.212318964765345,48.2348376834434,47.1820133103414,47.45319366455078,13207000
2022-06-28,48.10065066841814,48.2451556074455,46.7400455688702,46.771949768066406,15667000
2022-06-29,46.493267127714624,46.53549106964685,45.666582050967705,46.01752471923828,14444000
2022-06-30,45.79419362672896,46.32998947284348,45.10732084867042,45.585880279541016,18890000
2022-07-01,44.98534236098641,45.441375957799316,44.048870044456756,44.83802032470703,21315000
2022-07-05,44.29002585542187,44.75263144324829,43.53090052723962,44.69351577758789,20711000
2022-07-06,45.09043745916288,45.70224075196942,44.61844638516144,45.285614013671875,22975000
2022-07-07,45.80170308668541,47.047828348150816,45.80170308668541,46.780399322509766,21319000
2022-07-08,46.259617486007414,46.88268192761721,45.979051636677184,46.79447555541992,12713000
2022-07-11,45.93119333019055,46.13105903068531,45.132657622137074,45.30906677246094,21449000
2022-07-12,45.77449300008964,46.22302036065213,45.0472718768486,45.16925811767578,21159000
2022-07-13,44.56965309547914,45.56993023158798,44.31723654550692,45.20303726196289,17665000
2022-07-14,45.27058964374684,45.66751108721868,44.42419950789059,45.47608947753906,19957000
2022-07-15,46.056925580543,46.42381848489015,45.61590096583049,46.397544860839844,18714000
2022-07-18,46.93240671638215,47.1435371381628,45.80920561557572,46.07851028442383,18042000
2022-07-19,46.61713507257695,47.98242973123658,46.53174576558824,47.76192092895508,27257000
2022-07-20,47.812580319538874,48.569829953665774,47.336837935324645,48.02183151245117,27412000
2022-07-21,48.09502777433719,48.588596159508256,47.482286644473,48.57640075683594,13912000
2022-07-22,48.68243511140721,48.77439281834867,47.54421776571029,48.09221267700195,17867000
2022-07-25,47.89890993419585,48.16727678440554,47.530137736082494,48.1475715637207,15061000
2022-07-26,48.29020214911248,48.49476060084009,47.754402687253645,47.95802688598633,17958000
2022-07-27,48.62518727988967,49.75026762918767,48.50601812898873,49.525062561035156,25699000
2022-07-28,49.60013641581026,50.34424566847476,48.84851734396118,50.07118606567383,14867000
2022-07-29,49.91824175129931,50.467174506311096,49.75778288743588,50.24666213989258,18482000
2022-08-01,49.86662250035579,50.651079948045236,49.77372339772435,50.33016586303711,11485000
2022-08-02,50.034589742598136,50.595721434521025,49.47252021814388,49.84598159790039,13072000
2022-08-03,50.22882529983028,51.421465423094695,50.11903804884166,51.3032341003418,19228000
2022-08-04,51.45993798393282,51.90471398230983,51.14089954748432,51.87187194824219,16293000
2022-08-05,51.1305799681408,51.79680613528518,50.97856519897709,51.744258880615234,14357000
2022-08-08,51.548142314104375,51.88969945492179,50.55255443565906,51.189693450927734,13722000
2022-08-09,50.585396748178006,50.60979470966078,49.521311301002946,49.995174407958984,20072000
2022-08-10,51.23941949589755,51.7048420708032,50.599467034915094,51.64760208129883,19519000
2022-08-11,51.97978670494006,52.33823560413503,51.06958802023884,51.18031311035156,14268000
2022-08-12,51.40363531514708,52.39828539066151,51.20095253838987,52.38139724731445,18399000
2022-08-15,52.00606336198734,52.52778463938722,51.65605851468396,52.44990158081055,14329000
2022-08-16,52.314781674847126,52.354192122804484,51.23474568657924,51.763973236083984,14782000
2022-08-17,51.080850799208136,51.11275500376828,49.830032731993185,50.53848648071289,19022000
2022-08-18,50.990769267017136,52.60003626085145,50.82374200257457,52.40204620361328,23459000
2022-08-19,51.68983345935821,52.13273380339101,51.4092676246054,51.461814880371094,16923000
2022-08-22,50.91195127216303,50.96074362506432,49.455636812414724,49.61515426635742,18555000
2022-08-23,50.09370891507129,50.44746867741086,49.63016546665825,49.7118034362793,9003000
2022-08-24,49.69116084798513,49.854433209249194,49.11689229598644,49.8112678527832,11883000
2022-08-25,50.05617414698758,51.654179926750004,49.94451122416258,51.621337890625,17345000
2022-08-26,51.500288083773505,51.70203303720496,48.79409364208316,48.87479019165039,25682000
2022-08-29,48.79409744994406,49.051203177325924,48.043419743539964,48.24797821044922,16580000
2022-08-30,48.4975701085424,48.597975450886075,47.04782435049263,47.516998291015625,18282000
2022-08-31,47.87075537813013,47.87075537813013,46.59272599651043,46.83388137817383,32445000
2022-09-01,46.1169843556269,46.28776293153846,45.1195207801723,46.16765594482422,31930000
2022-09-02,48.60642426785575,48.77626502181825,46.75788119578582,46.93804168701172,40426000
2022-09-06,46.77946338095407,47.292740566694555,46.01376963856953,46.748497009277344,24738000
2022-09-07,47.19045982188682,47.80226312151818,46.83107308037165,47.398773193359375,20440000
2022-09-08,47.16136897083921,48.11285378689502,46.7954138230506,48.03684997558594,22535000
2022-09-09,48.36620936549876,49.354291152423194,48.36620936549876,49.01930236816406,23019000
2022-09-12,49.4274724796942,49.850667562182316,49.22197621834476,49.644229888916016,18157000
2022-09-13,48.21607312789713,48.63176204122455,47.075042319022245,47.2598991394043,35136000
2022-09-14,47.58643926899479,48.13724760837537,47.177318802459595,47.92612075805664,20605000
2022-09-15,47.75534372941369,48.00212611918447,46.66216750744457,46.93053436279297,36574000
2022-09-16,46.703458018931364,47.26365191303686,45.9659171185418,47.1519889831543,59012000
2022-09-19,46.393798629805566,47.2354961037826,46.393798629805566,47.090049743652344,17948000
2022-09-20,46.54205502936628,46.807608376329746,45.95277408665116,46.26618194580078,17132000
2022-09-21,46.458268434457224,47.299454581305746,45.585856257741696,45.62086868286133,20669000
2022-09-22,45.648308781170506,45.722112808355384,44.7560261417537,45.19223403930664,23540000
2022-09-23,44.94054375248625,45.22819432642758,43.71519533308021,44.347267150878906,29649000
2022-09-26,44.37564638676858,44.78441464543808,43.64990017573319,43.73979187011719,19361000
2022-09-27,44.429589850318855,44.46175797164906,43.19572293795009,43.97540283203125,17850000
2022-09-28,43.65273594981202,44.35388320391995,43.180573558706485,44.08988952636719,27605000
2022-09-29,43.611100178550934,43.6555731726463,42.09526086069368,42.59202575683594,39997000
2022-09-30,42.49077981410766,43.319668232868764,41.97793084544635,42.012943267822266,27202000
2022-10-03,42.50782286065781,43.615843557314655,42.2930306242708,43.22127151489258,21479000
2022-10-04,44.33022914957412,45.43351762569158,44.080428121378795,45.40513229370117,27277000
2022-10-05,44.713441533611814,46.18385850984081,44.61030288437373,45.872554779052734,18493000
2022-10-06,45.77699460129512,46.33620799437553,45.29726302168578,45.37106704711914,17250000
2022-10-07,44.69736137277644,44.78819876629975,43.433217873241084,43.57136535644531,28425000
2022-10-10,43.52594774134976,43.53540831570966,40.86140097624879,41.41588592529297,33454000
2022-10-11,41.17932889729737,41.51050311898361,40.26906722157528,40.75920867919922,28046000
2022-10-12,40.90020129808904,41.228538495177304,40.49900575788453,40.74123764038086,15046000
2022-10-13,39.49695468091463,41.990232622656656,39.274593310397876,41.441429138183594,27980000
2022-10-14,41.94386520678143,42.008208650466244,40.34759843325728,40.41288757324219,22816000
2022-10-17,41.59093680394823,41.750846136637776,41.008066528293874,41.19541549682617,24120000
2022-10-18,42.41035238418551,42.44252410801918,40.70243197956554,41.144317626953125,20341000
2022-10-19,40.99291034769935,41.47264174677662,40.77054904913151,41.18877410888672,12702000
2022-10-20,41.17269932184791,41.84072906394023,40.51129306320945,40.715675354003906,23402000
2022-10-21,40.88505118519151,42.6421766226032,40.60875625679738,42.554176330566406,26980000
2022-10-24,42.8380529941963,43.41146277640205,42.68476712474564,43.19667053222656,25287000
2022-10-25,43.33575673696798,43.92903327118777,43.22599458632009,43.532569885253906,18246000
2022-10-26,43.335756737926324,44.63869544174907,43.085010015529136,43.63759994506836,29291000
2022-10-27,44.09840185205626,44.54501597632876,43.044318595638764,43.09068298339844,18512000
2022-10-28,43.238296413891746,44.88281925415393,43.11434159578697,44.74656677246094,23094000
2022-10-31,44.174108103486226,44.73805002920716,44.000002489661405,44.4835205078125,19259000
2022-11-01,45.02096823286327,45.118425497695554,43.825896718093205,44.27345657348633,16324000
2022-11-02,44.49865646964721,45.46095675244875,43.12096443461248,43.150299072265625,21070000
2022-11-03,42.66867589741512,42.850347072671816,41.76220058544207,42.023353576660156,23887000
2022-11-04,43.2288308250114,44.36712799015221,42.89008383394999,44.027435302734375,28891000
2022-11-07,44.1665334671859,45.204532793133076,43.67450420106415,44.966087341308594,17687000
2022-11-08,45.536649720324625,46.25104388504638,44.803330800497825,45.61802291870117,20743000
2022-11-09,45.27644158713225,45.32375528251962,44.38037621637272,44.4220085144043,23695000
2022-11-10,46.459207148666756,47.98923906786563,46.09870194807814,47.93246841430664,33970000
2022-11-11,47.764994344279685,49.10862325340445,47.50005495777414,49.02251434326172,26728000
2022-11-14,48.767038172966096,49.678241948992714,48.54089039294599,48.56170654296875,21608000
2022-11-15,50.145668525678516,50.392632437323094,48.81623601726524,49.62146759033203,23315000
2022-11-16,48.89288537515074,49.06509597647187,48.28352117633214,48.42072296142578,25405000
2022-11-17,47.783914388569805,48.51628402454091,47.607917409381564,48.45667266845703,20375000
2022-11-18,48.907070265832125,48.98844346178654,48.35163972909204,48.74526596069336,14536000
2022-11-21,48.53521575393163,49.28367316405393,48.36205944845512,48.96101379394531,18622000
2022-11-22,49.484268829010105,50.175951909631145,49.109567305131996,50.15419006347656,18920000
2022-11-23,50.18257744415023,51.23571512279096,50.035915084044774,50.49388122558594,13964000
2022-11-25,50.21474564296737,50.58282367157892,50.10025501800875,50.14094161987305,7455000
2022-11-28,49.69905472385663,50.03212393018647,48.84746236644461,49.412353515625,23505000
2022-11-29,49.487102705490756,49.75677415722451,48.71404646893564,49.33476257324219,12694000
2022-11-30,49.59213565822613,52.19896225070235,48.997913455155555,52.13935089111328,47349000
2022-12-01,52.13934794000182,52.27087192412315,51.281128496437226,52.11285400390625,23006000
2022-12-02,50.8165404013853,51.35115123020911,50.72475731872884,51.17137145996094,19320000
2022-12-05,50.88466379417896,51.04646810503452,49.722709812863116,50.21001052856445,18548000
2022-12-06,50.2109687107756,50.4872637084026,49.36883674690602,49.75394821166992,19655000
2022-12-07,49.16539799950094,49.67635566693344,48.829491646706074,49.06131362915039,16524000
2022-12-08,49.279887318434476,50.3784436667933,49.239197105175855,50.251651763916016,27514000
2022-12-09,52.130830061905414,52.29168506193095,51.190288165606766,51.54228210449219,37028000
2022-12-12,51.545123079197374,52.6919387511716,51.307623346463224,52.669227600097656,23416000
2022-12-13,54.48502205363731,55.054641724063984,53.46405251901424,54.03273010253906,40414000
2022-12-14,53.79712437659985,55.415153295286366,53.71953395119153,54.35444641113281,35218000
2022-12-15,53.34577072116532,53.602195202417924,52.770473314097806,52.798858642578125,36876000
2022-12-16,52.74682522205096,52.96918662412821,52.124217627669,52.60110855102539,49549000
2022-12-19,52.85966131137011,53.09437108873247,52.06774738517565,52.4408073425293,25092000
2022-12-20,52.015280293038565,52.38070798053172,51.60978374823568,51.90555953979492,29831000
2022-12-21,52.253807053025405,53.61246485307417,52.18511238523509,53.547584533691406,25619000
2022-12-22,52.795735248798316,52.94743928763489,52.20895897823968,52.77092742919922,27553000
2022-12-23,52.47611299867605,52.8215007674473,52.23281363749063,52.70796203613281,13761000
2022-12-27,52.62400390356677,53.24990282340914,52.184160022676195,52.813873291015625,16677000
2022-12-28,52.63258764581085,53.21745677710464,51.75575710273446,51.98855972290039,15410000
2022-12-29,52.6526280516286,53.67829468321133,52.52382100101287,53.221275329589844,18176000
2022-12-30,52.64975947189706,53.396829387237226,52.28624263738833,53.34721374511719,14376000
2023-01-03,53.90728007010199,54.152486606967415,52.55148675505354,52.808143615722656,20173000
2023-01-04,53.71550320631806,54.20878067789783,53.05144266396423,53.453121185302734,17074000
2023-01-05,53.02090821049053,53.41495802460663,52.582971556012616,52.955074310302734,16277000
2023-01-06,53.727911238143875,56.38797159938553,53.64967341935682,56.142765045166016,35261000
2023-01-09,56.512010998936574,57.406013535433836,53.48366198281932,55.041725158691406,37739000
2023-01-10,54.57516715689466,54.873803732117544,52.47516797912077,54.85472106933594,44635000
2023-01-11,54.670567160770545,55.180062884015555,54.0856980265695,55.160980224609375,22502000
2023-01-12,54.91768546815751,55.826002661700585,54.74308439744703,55.5235481262207,19514000
2023-01-13,55.0665301033448,55.52259588538151,55.02073244375127,55.2430419921875,19647000
2023-01-17,54.85184777096388,55.84984569278627,54.81749680202069,55.26593017578125,15835000
2023-01-18,55.64471711984761,56.05975679197552,54.73926800078603,54.79365158081055,15703000
2023-01-19,54.30037154470371,54.39005967989734,53.459799142510946,53.73744583129883,22692000
2023-01-20,53.71932153410087,54.51409629847392,53.34530795340727,54.45875549316406,22950000
2023-01-23,54.575154804961834,55.79546224243546,54.363342027564855,55.493961334228516,23429000
2023-01-24,55.18961097296674,55.97674981596031,54.92150376990649,55.81836700439453,13825000
2023-01-25,55.116140882326995,56.003464602739996,54.960622472318846,55.88038635253906,13766000
2023-01-26,56.33167312603742,57.30009529853037,55.93571615079159,57.111183166503906,24525000
2023-01-27,56.609318174784626,57.175104607264025,56.310681674721145,56.38700866699219,19344000
2023-01-30,55.624681265276315,56.25534808782015,55.31555162945657,55.4767951965332,16984000
2023-01-31,55.535955977043415,56.02827629110013,55.409059730022086,55.816463470458984,23719000
2023-02-01,55.67906411015863,58.03858426758416,55.596058360030604,57.50905227661133,26553000
2023-02-02,57.9746570824131,58.50037108136196,57.222815563987815,57.79719161987305,24188000
2023-02-03,57.05585060854262,58.01377982302016,56.888881871858295,57.019596099853516,19093000
2023-02-06,56.61123080455931,57.553891633770846,56.50818880911608,57.370704650878906,18709000
2023-02-07,57.30964514779941,58.869615358446225,57.219957006198726,58.625362396240234,24025000
2023-02-08,57.88401555379763,58.21795664587933,57.30582514773114,57.40982437133789,15290000
2023-02-09,58.44884153998652,58.67115104602819,56.815405338014635,57.190372467041016,18837000
2023-02-10,56.89460365903312,57.09973770611764,56.25725809644441,56.60264587402344,21035000
2023-02-13,56.76961908237086,57.387882033614495,56.623640178341994,57.35353469848633,19847000
2023-02-14,56.69041450223277,57.77905407347207,56.6093159387591,57.46706008911133,17571000
2023-02-15,57.1379089444252,58.03667940093955,56.931817649288874,57.98038864135742,12683000
2023-02-16,57.318227317094006,58.09964457169632,57.20373499968695,57.29819107055664,17449000
2023-02-17,57.2466735164991,57.32777209713256,56.526318522315755,56.82590866088867,14215000
2023-02-21,56.292560795795424,56.58737935130929,55.323184923120024,55.485382080078125,22737000
2023-02-22,55.55312002871242,55.63326501558306,54.58469779771363,54.9730224609375,23475000
2023-02-23,55.88706687391597,55.905195948427696,54.735453903004895,55.70101547241211,18939000
2023-02-24,55.10278200780364,55.36134605305505,54.72877205172144,55.123775482177734,15353000
2023-02-27,55.89851271847162,56.273476252831955,55.7448978504705,55.858436584472656,18321000
2023-02-28,55.868937434772896,57.111192130489435,55.54644664243637,56.70187759399414,27822000
2023-03-01,56.6742007996789,57.0758793016675,56.32117707211069,56.63317108154297,15484000
2023-03-02,56.23435718937655,57.33635806033371,55.92331674564692,57.11786651611328,27525000
2023-03-03,58.93544919540737,60.65571302648937,58.7493978027853,60.37234115600586,46088000
2023-03-06,60.58605905704917,61.44952849782142,60.27406502597331,60.387603759765625,24983000
2023-03-07,60.57365548308834,60.660479221177376,59.48978731774663,59.64625930786133,19334000
2023-03-08,59.89718718361738,60.36947116425462,59.50504818686307,60.32463073730469,20912000
2023-03-09,60.11663321254423,61.29591826095837,59.334262381192794,59.39532470703125,21775000
2023-03-10,59.936304476177504,60.12426302051631,58.46983693246755,58.66161346435547,26098000
2023-03-13,57.92312879220954,59.57374051205158,57.90309254702426,58.818084716796875,22364000
2023-03-14,59.478335258570084,60.43053922822868,59.01177278373419,60.343711853027344,25893000
2023-03-15,59.88669669302309,60.115684984888155,58.79233174651275,59.731178283691406,22963000
2023-03-16,59.33140260077263,60.783559145606226,58.94593870082277,60.72917556762695,31716000
2023-03-17,60.729185863826636,61.02209727666635,59.83041173565944,60.201560974121094,79303000
2023-03-20,60.37042767452554,61.51536179059259,60.26166051674484,61.417091369628906,25857000
2023-03-21,61.7995630719453,62.135904072628236,60.957746453800056,61.190303802490234,25000000
2023-03-22,61.20471150327764,62.31944627381556,60.606024584565574,60.63004684448242,25799000
2023-03-23,61.39689856463369,62.28868771163288,60.68865807793066,61.428611755371094,27162000
2023-03-24,61.313302394463086,61.4353455879174,60.40229313893887,61.134559631347656,17228000
2023-03-27,61.40651757972688,61.41612575018597,60.156282350779634,60.23796463012695,14707000
2023-03-28,60.08325528634559,60.20914396352782,59.47111467427038,60.032325744628906,12439000
2023-03-29,60.80878471235846,60.9269860989474,60.02654916846559,60.10919189453125,26395000
2023-03-30,60.803983304391274,61.12302882729913,60.474369160257396,60.90200424194336,21523000
2023-03-31,60.59352953234402,61.71595153815889,60.148595355144145,61.650604248046875,22097000
2023-04-03,61.40652297338642,61.87740034991181,61.160511997432806,61.73998260498047,15682000
2023-04-04,61.80533844698835,61.91008622446889,60.73384573936724,60.9654426574707,13429000
2023-04-05,60.65118479168424,60.704999343547776,60.128413811912345,60.44649887084961,16908000
2023-04-06,59.980423516685875,60.38787812141318,59.48167479796628,59.834354400634766,14493000
2023-04-10,59.39326532860702,60.33694454267117,59.239508944124196,60.29081726074219,15400000
2023-04-11,60.61659182803357,60.6262036644551,59.65945894074165,59.73153305053711,16518000
2023-04-12,60.286018409525084,60.3033138500733,59.221252729178815,59.26353454589844,14112000
2023-04-13,59.49128922965472,60.205296185983805,59.302934624944896,59.98811340332031,17265000
2023-04-14,59.6267869158484,60.35232662004815,59.12035089841098,59.53645324707031,17465000
2023-04-17,59.44708487875354,60.38211645165767,59.37020484712665,60.287940979003906,13201000
2023-04-18,60.69730777318907,61.07016780801831,60.265830938405834,60.76457595825195,16806000
2023-04-19,60.23316488679691,61.19414326975848,60.11400303942848,60.97407913208008,19060000
2023-04-20,60.335984443211885,61.764962409201864,60.26679535283661,60.83184814453125,20239000
2023-04-21,60.59930315236102,60.906815967029765,59.771900637666974,60.82032775878906,14807000
2023-04-24,60.89143614098301,61.39210581854747,60.71365747632377,60.97792434692383,12338000
2023-04-25,60.925066222653165,61.11726263049861,59.74786918159237,59.774776458740234,23670000
2023-04-26,59.57777520696703,59.88144251216407,58.95698329274281,59.21452331542969,17179000
2023-04-27,59.21452675539461,59.589307739950684,57.96910105279364,59.42786407470703,18250000
2023-04-28,59.49129238326311,60.232206655848934,59.05789091128948,60.205299377441406,16183000
2023-05-01,60.20529744368012,61.40555631171652,60.17646559928259,61.30561447143555,17030000
2023-05-02,60.134179261693724,60.20529291807322,58.14110897477197,58.844547271728516,28357000
2023-05-03,59.28275365442716,59.768048752218526,58.850316325496244,58.92719268798828,19816000
2023-05-04,58.61968481607165,59.0002321901761,57.78267414949025,58.63505935668945,17684000
2023-05-05,59.19147055190921,60.68290736150028,58.94353866168249,60.55317687988281,24876000
2023-05-08,60.520498150855936,60.611792271713774,59.63639611866643,60.4513053894043,13934000
2023-05-09,59.84300334340362,59.9717770224053,59.18281095634918,59.43747329711914,16990000
2023-05-10,59.77861979877995,60.349438967362104,59.414407453913796,60.183189392089844,19174000
2023-05-11,60.21298966322568,60.395574252158006,59.387508046084314,60.31773376464844,14430000
2023-05-12,60.38596158913981,60.801103493296665,59.985233774373704,60.65215301513672,11942000
2023-05-15,60.72134325966329,61.50453934672929,60.39461045253702,61.4833984375,14614000
2023-05-16,61.54682336304833,62.16665856744834,61.380577434873345,61.64099884033203,14967000
2023-05-17,62.20893497405663,63.511056551408146,61.94274355668013,63.18144607543945,24133000
2023-05-18,63.040184475251976,65.28502871329357,63.040184475251976,65.14472961425781,26389000
2023-05-19,65.34653309010223,65.82222005126715,65.19374080467696,65.56275177001953,22968000
2023-05-22,65.48105813327419,65.79626181832168,64.78146900908288,65.18988037109375,17796000
2023-05-23,66.36900730729224,67.17142329737598,65.54064449287748,65.97116088867188,36088000
2023-05-24,65.48490242543386,65.76070566034026,64.96790149734997,65.30136108398438,23021000
2023-05-25,67.21179859130001,70.38110231768925,66.38151469841081,70.0361099243164,49263000
2023-05-26,71.8264054864093,78.31781932235704,71.78701235145829,78.10160064697266,82500000
2023-05-30,80.2532245379708,88.58106322695821,76.76390800317459,77.19923400878906,116912000
2023-05-31,76.38816625688773,78.96070715210557,75.92978211042764,77.64320373535156,89998000
2023-06-01,76.93784874942975,77.43468026832609,75.4521784403528,75.91249084472656,80792000
2023-06-02,75.97879674261718,79.16251415360533,75.64821848228698,78.03144073486328,62815000
2023-06-05,77.76236664856097,77.76236664856097,76.34780639412084,77.09929656982422,26222000
2023-06-06,77.07046082248776,77.07046082248776,74.60843768896818,75.91728973388672,37823000
2023-06-07,75.89998786430532,77.40199296999901,75.67799918595522,76.1700210571289,28957000
2023-06-08,76.3891259198088,77.35971608687615,75.80004720008375,77.28187561035156,21909000
2023-06-09,77.43563424355676,78.58400303465685,77.25112511703121,77.32223510742188,19241000
2023-06-12,77.94687799732968,82.45194805091256,77.94687799732968,82.19824981689453,51065000
2023-06-13,82.75273323790782,82.9574191768179,80.81828321965625,81.7907943725586,38990000
2023-06-14,82.25013090821919,85.38676408675607,81.41600536278493,85.15997314453125,43524000
2023-06-15,84.98988927521289,85.33199293903807,83.70313490596874,84.89571380615234,33814000
2023-06-16,85.45788791342565,85.52227475615679,83.16787329342368,83.42349243164062,68299000
2023-06-20,82.899761765697,84.28453346212481,82.74119944946327,83.41580963134766,27535000
2023-06-21,83.08443916172965,83.66409656545342,81.59664715736756,81.89227294921875,23229000
2023-06-22,81.64398173685554,82.01302747273857,80.69913355061037,81.38699340820312,23464000
2023-06-23,80.57354643122233,80.76772866514906,79.10894287106244,79.42774963378906,37413000
2023-06-26,79.70308314334055,80.86239776803755,79.24129137632686,79.37751007080078,21372000
2023-06-27,80.05861477904564,82.11833961202674,79.31665360993827,81.96376037597656,24923000
2023-06-28,81.02954512304412,82.94241518905487,80.86820692098453,81.91931915283203,19445000
2023-06-29,82.54824993527181,83.35880321501249,81.7715062554563,83.33272552490234,23386000
2023-06-30,83.907544270863,84.49203682704977,83.50275043117749,83.80223846435547,23145000
2023-07-03,83.91722006412672,84.70072280274022,83.55976108224976,84.6727066040039,9038000
2023-07-05,83.79934114396713,84.7171386958502,83.25350076856498,83.26412200927734,14440000
2023-07-06,81.63529273212028,82.49511948602985,81.57056285956696,81.92512512207031,23939000
2023-07-07,82.15988754293417,82.89026196007552,81.60245289781436,81.80436706542969,19409000
2023-07-10,81.9521740970686,84.93644818042202,81.9521740970686,84.79733276367188,30622000
2023-07-11,85.12386860252447,85.3064640302987,83.53173641961456,85.21468353271484,25498000
2023-07-12,85.88612477225888,86.71600418184788,85.20985166242593,85.9779052734375,28197000
2023-07-13,86.84642357512936,86.84642357512936,84.84950479116361,86.01751708984375,25912000
2023-07-14,85.61175054069516,87.27247496036969,85.61175054069516,85.84555053710938,18510000
2023-07-17,86.08029895684624,88.2250377724986,85.96146783722995,87.94873809814453,26819000
2023-07-18,87.52654948937021,87.90525826859414,86.78071873903718,87.28019714355469,24513000
2023-07-19,86.68508063304857,87.52558862333422,85.56054841383212,87.08118438720703,24118000
2023-07-20,86.2281166056315,87.62509361506548,85.59628910483642,85.82235717773438,28268000
2023-07-21,87.382588716883,88.02601028811131,86.35273387261925,86.63483428955078,74287000
2023-07-24,87.02611557481592,87.47438207028254,86.39138401526665,87.10243225097656,19992000
2023-07-25,87.00870958604862,89.1882307336316,87.00870958604862,88.68682861328125,20042000
2023-07-26,87.81830755358243,87.9748105316301,85.75568630958097,86.28124237060547,19877000
2023-07-27,87.77000368565945,87.90042898223109,85.59628313959927,86.3237533569336,21922000
2023-07-28,86.88312405666446,87.29275308523745,86.36432695715678,86.92852783203125,18791000
2023-07-31,86.70730593180876,87.04543879834117,86.07934068210932,86.81840515136719,14952000
2023-08-01,86.85029150482454,88.94092188521704,86.72662516654869,88.88102722167969,19683000
2023-08-02,88.13713708756651,88.20476366294514,86.01075117683301,86.20494079589844,26877000
2023-08-03,85.65620611669263,86.49767245035312,85.12098685692875,85.49776458740234,18281000
2023-08-04,85.49775149655203,86.33245872946576,84.37610858493794,85.17604064941406,21156000
2023-08-07,85.75859150992973,86.69474225210725,85.52576446898064,86.664794921875,11146000
2023-08-08,85.9914290573977,86.04069510774761,84.37900518328847,85.3219223022461,14081000
2023-08-09,85.27941066654945,85.35765847662809,81.99467580195889,82.18885803222656,24672000
2023-08-10,82.41975144334084,83.22934648398245,80.86916823792403,81.43240356445312,20186000
2023-08-11,80.5735508903558,80.80444680975737,79.55624820568862,80.16295623779297,20331000
2023-08-14,80.29531798700786,82.52217461322543,79.93303116519857,82.51445007324219,17688000
2023-08-15,82.04201695773064,82.56467639959942,80.81024773918114,81.39569854736328,14035000
2023-08-16,81.90483487541442,82.55308443807414,80.3755013183805,80.47501373291016,16003000
2023-08-17,80.81509094125539,81.09622590419343,79.8972931212648,79.90599060058594,19228000
2023-08-18,79.2200322418229,80.00933556762931,78.44715093019107,79.78423309326172,17759000
2023-08-21,80.57837443905078,83.79355166723033,80.35714157650857,83.58100891113281,30012000
2023-08-22,84.37997733911598,84.50942970809761,82.20335254412151,82.6777114868164,17079000
2023-08-23,82.19273278587615,84.8417706950714,82.11833986987608,84.68622589111328,19692000
2023-08-24,87.17587048582884,87.90140969350753,82.35600816443055,82.54922485351562,30934000
2023-08-25,82.7965416983146,83.99643239840782,80.92713688594078,82.2941665649414,24181000
2023-08-28,82.73566481704178,83.48342665810361,81.83912453574503,83.18876647949219,14306000
2023-08-29,82.92985275580324,86.25709466309885,82.73856722954754,85.97595977783203,27822000
2023-08-30,86.21362391215003,86.8242015466961,84.93065021889339,86.20299530029297,23234000
2023-08-31,86.75657395339627,89.23557602254871,86.34694489861927,89.16022491455078,55203000
2023-09-01,87.1294787922199,87.1294787922199,83.53463477851344,84.29398345947266,65017000
2023-09-05,84.00318927691168,85.30646199242783,83.7606991935613,84.26017761230469,24808000
2023-09-06,84.2920515862086,84.76254084654391,83.7355826100284,84.26982879638672,20142000
2023-09-07,83.03612869162487,83.24770588539702,81.20247933424889,82.7975082397461,27789000
2023-09-08,82.6013802038224,83.16461552292876,82.12992537537251,82.84773254394531,16810000
2023-09-11,83.93171579078826,83.95393858585916,81.69810007845159,83.0013656616211,15710000
2023-09-12,82.1415196725016,82.9172977351439,81.31260592417853,81.58891296386719,16680000
2023-09-13,81.84686743730109,82.99845768091498,81.5618702640169,82.40140533447266,17413000
2023-09-14,82.99072550054936,84.69492250095271,82.60138808167524,84.20897674560547,19648000
2023-09-15,83.87277957900739,83.87277957900739,81.43241468651989,82.28064727783203,50190000
2023-09-18,81.40149786450338,82.72988276880386,81.1522414263557,82.11833953857422,16541000
2023-09-19,81.73092188780505,82.2178331458862,81.00731397167424,82.0410385131836,13126000
2023-09-20,82.56461232501591,82.56461232501591,80.65686469796348,80.67823028564453,13681000
2023-09-21,77.23378716308136,79.89433999544706,77.2318455107355,78.52083587646484,53654000
2023-09-22,78.80058306678987,80.67919084650288,78.71704755735598,80.53348541259766,27764000
2023-09-25,80.428596876338,81.45435261951634,79.94388778765654,81.00072479248047,15648000
2023-09-26,80.54224722458883,80.64909740456828,78.79768718727004,79.28142547607422,17641000
2023-09-27,79.5796148155699,80.00894968346546,78.13423263339376,79.34162902832031,15352000
2023-09-28,79.6680137226369,81.48348835994268,79.13474111431418,80.81713104248047,16180000
2023-09-29,81.24940081916886,81.98666563949013,79.93418304618791,80.67921447753906,16481000
2023-10-02,80.53154820242493,81.45434439413413,79.99147242871167,81.10368347167969,14676000
2023-10-03,80.33145517196161,81.18139502527814,78.57426707311927,79.1493148803711,18761000
2023-10-04,79.68355837970974,80.67920369053371,79.29210048565511,80.02159118652344,16417000
2023-10-05,79.66219118089403,80.4897871923857,79.21244666655846,80.02645111083984,11474000
2023-10-06,79.59322842670636,82.4091952348276,78.84721884514559,82.10516357421875,21103000
2023-10-09,81.63889748429462,83.20764878271694,81.38342940123032,83.13673400878906,15760000
2023-10-10,83.26010148303956,84.75599646045205,83.12119922562373,83.38249969482422,14718000
2023-10-11,83.50877820082258,85.02700967203364,83.20182665074769,84.95124816894531,14334000
2023-10-12,85.1328828171779,89.16402737746562,85.1328828171779,87.96633911132812,43871000
2023-10-13,88.29660292116972,89.93917409937036,85.68267199116498,85.7885513305664,28312000
2023-10-16,86.5452466312605,88.95616391567731,86.5452466312605,87.67202758789062,21150000
2023-10-17,85.97990773276169,86.74047963099933,84.11975292102872,85.90705871582031,33008000
2023-10-18,85.47480609294563,86.99789899130377,85.01340427098204,86.16252899169922,20404000
2023-10-19,86.16156151623548,86.40148157992242,84.0877062403323,84.29751586914062,26620000
2023-10-20,84.98426352008477,84.98426352008477,82.74430814559322,82.91818237304688,26953000
2023-10-23,83.33879224311478,84.8580020422631,81.8681534036567,83.75259399414062,16456000
2023-10-24,83.92547605396489,85.7710608889939,83.83999148310971,85.58747100830078,14972000
2023-10-25,85.19504681467356,85.35629288229066,82.18480402133189,82.52963256835938,21432000
2023-10-26,82.36255376794199,82.99490982817876,79.49024266459294,80.30715942382812,27917000
2023-10-27,80.62286586986166,81.61462787255697,80.48104371820403,81.43492126464844,18236000
2023-10-30,81.70107503200053,82.51021793971314,80.3460239333531,81.71564483642578,20889000
2023-10-31,81.9720841598441,82.1284761152104,80.87542105246095,81.72730255126953,14747000
2023-11-01,81.78848884509733,82.9376135479933,81.16390671290657,82.85115814208984,18684000
2023-11-02,83.73119490316292,85.52821609932975,83.53692594671087,84.63455963134766,18759000
2023-11-03,85.23681284948144,86.20817254007382,84.61125993594611,85.73997497558594,18041000
2023-11-06,85.63119484548476,86.05179234456895,84.62584128224228,85.56028747558594,12870000
2023-11-07,85.70502142746084,87.59431597201065,85.10665897890925,87.21062469482422,19365000
2023-11-08,87.422387010008,88.67641293939637,87.32525250661882,88.50350952148438,15280000
2023-11-09,88.63657807367373,90.31703371876483,88.25386505555376,88.52778625488281,24486000
2023-11-10,89.53412271607402,93.14854581403635,89.19122837483663,93.0096435546875,36272000
2023-11-13,92.28404075685701,92.51231091664368,91.35444866014248,91.9809799194336,16893000
2023-11-14,93.4778340706573,94.8795069420866,92.78914037274559,94.50941467285156,23886000
2023-11-15,95.14567689183401,95.36326798733624,93.92176866588142,94.74645233154297,16099000
2023-11-16,93.6390877072544,94.0956280063344,92.32969509081799,93.20683288574219,26198000
2023-11-17,93.07665789970407,95.57111040458567,92.37630689695351,94.9727554321289,19789000
2023-11-20,94.5133069639808,97.12334718254408,94.5133069639808,96.7192611694336,18674000
2023-11-21,94.70756878370955,96.26174278926497,94.38022252807983,95.309814453125,43344000
2023-11-22,95.5516939683186,95.96937897263696,94.31903371649062,94.41616821289062,33743000
2023-11-24,94.70369554502247,95.17965976368089,93.90620999313718,95.08349609375,23158000
2023-11-27,94.81927923767259,95.29136013205657,92.21409317768496,92.302490234375,96962000
2023-11-28,91.3019811794113,92.36270128161674,90.74053246186023,91.92462158203125,39025000
2023-11-29,92.11793365941749,93.19517278936041,91.24662084778801,91.38844299316406,34843000
2023-11-30,91.4049432635761,91.54287467637391,89.20675586090914,89.92167663574219,49571000
2023-12-01,89.60405318532139,90.71528600656518,88.1994678238557,90.33645629882812,29612000
2023-12-04,89.42727704008618,90.43068898879267,89.0193002666847,89.75074005126953,25009000
2023-12-05,88.54916054218435,89.09991542739138,87.99062422568343,88.6968002319336,37066000
2023-12-06,89.40007334672863,89.45932338930862,87.72350094111073,87.77595520019531,24813000
2023-12-07,87.96051453432351,89.76530266942235,87.77595380424901,89.58462524414062,43517000
2023-12-08,90.12664023999226,92.35008414336406,88.44522118679481,91.72550201416016,69668000
2023-12-11,92.96009596386611,100.97381390369837,92.87073549123343,99.97623443603516,101184000
2023-12-12,99.85482112318685,104.84760997956903,99.5235841061842,104.15696716308594,90242000
2023-12-13,103.74123572813325,106.82821130747152,103.21086814733563,105.84811401367188,71654000
2023-12-14,106.08998004948212,108.93412299220573,105.9054193105006,107.47999572753906,66964000
2023-12-15,106.3852732542883,111.69472193786766,106.32698662570392,109.7384033203125,118544000
2023-12-18,108.86999745639766,111.88315271034045,108.6601804401535,111.41495513916016,54741000
2023-12-19,111.4393633667827,112.26491309311007,110.51330662605854,111.20321655273438,36020000
2023-12-20,110.53185244292553,111.37692292500427,108.24452109166691,108.35381317138672,34523000
2023-12-21,110.52696745344855,110.79727176079682,108.80463459558197,110.00392150878906,24106000
2023-12-22,110.07125787422588,110.4635404861313,108.66118908805228,109.48576354980469,19089000
2023-12-26,109.70629805114899,110.80507791474872,109.58724563597134,110.45280456542969,16793000
2023-12-27,110.85386938029832,111.20224158313037,109.58139101465288,109.8946304321289,20055000
2023-12-28,110.43329346298718,110.4869642112559,109.19984898810576,109.52772521972656,21247000
2023-12-29,109.43500666931628,109.71994773585826,108.77241985772321,108.92659759521484,20558000
2024-01-02,106.57193330115183,107.53604861324787,105.10526807131815,105.91423034667969,28831000
2024-01-03,104.43292404107754,104.90132392601956,102.97992027497097,103.29901885986328,34735000
2024-01-04,103.23852705900545,104.36463006473024,102.20512875208657,102.36516571044922,25658000
2024-01-05,102.61789628347839,102.99455933520345,101.63328493572786,102.3915023803711,22475000
2024-01-08,103.0960554023395,105.19408354456183,102.65692907770828,104.8866958618164,33110000
2024-01-09,103.98600202578312,106.22357853293241,103.89720593928551,105.6322250366211,23225000
2024-01-10,105.42340616269261,105.6780909505568,103.69131285534762,105.44486999511719,17643000
2024-01-11,105.81080515495299,107.4677564406076,104.85351673739349,107.33895111083984,25757000
2024-01-12,108.52164093280736,108.87196370292406,107.34186730430211,108.09032440185547,26882000
2024-01-16,108.54506796068428,109.90146597425681,107.20720790777804,108.80073547363281,26145000
2024-01-17,107.95468789429425,108.62020067077067,106.38556494781751,107.69902038574219,18314000
2024-01-18,109.77070839198647,111.88337341714316,109.47601436162122,111.6257553100586,32228000
2024-01-19,112.9333500547597,118.75805120142293,112.80551258775012,118.19207763671875,53077000
2024-01-22,118.68487259411535,120.15642179700342,117.90128271289093,119.09960174560547,31222000
2024-01-23,119.14838005726769,119.73192372032243,117.4426347514267,119.66654205322266,16952000
2024-01-24,121.22689781037454,125.34976221052816,120.12518467788101,122.35592651367188,34805000
2024-01-25,125.00334632819579,125.00334632819579,119.9095247588376,120.02662658691406,36356000
2024-01-26,119.02153227698163,119.16888299786315,117.12159988425736,117.57535552978516,25818000
2024-01-29,118.55410919084726,119.40893248494422,117.58609266772505,118.83319854736328,21526000
2024-01-30,118.73561033445402,119.83146426504148,117.51777812486917,117.89542388916016,20683000
2024-01-31,116.06966229610765,116.8278797699466,114.59226129494876,115.14750671386719,27400000
2024-02-01,115.86474079144587,117.40068900489214,115.06066233120536,117.10013580322266,19411000
2024-02-02,117.95300051833074,120.48429559277677,117.60170246514028,119.47431182861328,26689000
2024-02-05,119.72997256473386,121.75871759063034,119.26059741509049,121.3049545288086,22045000
2024-02-06,123.30248650119036,124.13583853168394,118.26429332804723,119.30940246582031,25354000
2024-02-07,120.41695838958408,122.90628610175034,119.70460196519868,122.6672134399414,25768000
2024-02-08,123.63720506791446,126.46417731820824,123.44301805129042,124.39444732666016,29326000
2024-02-09,122.17638555537432,125.46686606831152,121.87973352037115,125.24144744873047,26293000
2024-02-12,125.8825726624258,125.88842440387253,122.85652995284642,123.44202423095703,24778000
2024-02-13,120.52626428888975,122.55110097262502,119.74267436558891,122.1393051147461,31907000
2024-02-14,123.8557792987253,124.22268944699543,121.13127248116345,123.17074584960938,27306000
2024-02-15,124.90089639467395,124.90577284623863,121.47574382031601,123.44886779785156,21873000
2024-02-16,122.86042402478483,124.48420028795954,121.23567247142529,121.53720092773438,21268000
2024-02-20,120.5984659578985,120.77997417364107,118.32478892461906,119.68997192382812,26329000
2024-02-21,118.85563839008545,119.8363410759837,117.35676625571786,119.77779388427734,20579000
2024-02-22,125.07261501493677,127.92885998016818,124.56128010193834,127.33555603027344,40819000
2024-02-23,127.67417717239371,128.7719816402011,125.76643517710177,126.503173828125,23115000
2024-02-26,127.8332391555046,128.69098828782603,126.99987972353979,127.74833679199219,16282000
2024-02-27,127.74836495128868,128.02257790658462,126.09824799218508,126.48955535888672,12126000
2024-02-28,126.17433678313388,126.71299477767903,125.19557722001369,125.82498931884766,10967000
2024-02-29,127.18040840818277,127.67710660417285,125.61616198209182,126.90522766113281,27536000
2024-03-01,129.38772705532898,137.37291162943944,128.80905984895088,136.53468322753906,44488000
2024-03-04,136.92303456647872,140.34037632096363,135.17044585882215,136.836181640625,34854000
2024-03-05,136.12778212255077,136.12778212255077,130.01618093328784,131.02908325195312,36040000
2024-03-06,135.79404760830417,136.1111881934831,131.44965786625528,131.73655700683594,43196000
2024-03-07,134.85821227239364,138.0120773622898,133.970206841959,137.2997283935547,62832000
2024-03-08,136.05458717765524,137.88426152138396,127.0116063688822,127.70833587646484,74025000
2024-03-11,124.70377296557079,126.76178437380449,122.22809907496575,126.18605041503906,31105000
2024-03-12,127.5404911125234,127.61759115600927,122.88385247798041,126.06504821777344,42789000
2024-03-13,125.18679511835406,125.18679511835406,122.20857887965201,122.74626159667969,37838000
2024-03-14,123.20198402119193,124.23538977622884,121.75483924893194,123.1756362915039,38029000
2024-03-15,122.31592090016687,123.6732941168228,120.03346628088153,120.56333923339844,88823000
2024-03-18,122.3666758709882,123.23516073166492,120.19253040337834,120.73313903808594,25737000
2024-03-19,118.7531804030709,121.02880803256969,117.49143772121218,120.80827331542969,24491000
2024-03-20,121.42173600683583,126.22070372464931,120.20361455416581,125.04570770263672,40946000
2024-03-21,130.1730009648668,137.5512790779936,128.96566811485286,132.1016082763672,72468000
2024-03-22,132.2975803770442,134.86708752088026,131.92029266065273,132.63763427734375,38624000
2024-03-25,131.81052084249086,133.12466506116706,131.069642749361,132.45240783691406,21237000
2024-03-26,133.73715983266285,135.23164137720266,130.38758202391176,130.48362731933594,23522000
2024-03-27,132.2975878656336,132.2975878656336,127.00764921996868,129.23318481445312,25583000
2024-03-28,129.1518286611598,130.3464359994245,128.52758655094192,129.88780212402344,19856000
2024-04-01,129.91427049451363,133.56961477980906,129.8878180337213,132.3230743408203,17252000
2024-04-02,128.94505972983626,131.54985681986378,127.73185038223613,131.1960906982422,24694000
2024-04-03,130.1416344535413,134.9259110896939,129.87408927395205,133.59214782714844,28650000
2024-04-04,135.75887664353414,137.58752059201714,128.86764485831506,129.11264038085938,27014000
2024-04-05,129.94563074609113,133.3981027346553,128.78924410744025,131.26173400878906,19438000
2024-04-08,130.6953339462377,131.56261282635919,128.94115740134808,130.9354248046875,17139000
2024-04-09,133.01984597821794,133.2266207909004,128.24439154852237,130.7374725341797,17986000
2024-04-10,129.65163186643525,130.90110303412882,128.91468642066772,129.5898895263672,17467000
2024-04-11,130.60025940762947,136.4007647088454,129.715335693387,135.47860717773438,31713000
2024-04-12,132.49457324480508,133.9155443998963,130.98637925044028,131.71646118164062,27823000
2024-04-15,134.25755593476774,134.25755593476774,127.98567609141429,128.44528198242188,24370000
2024-04-16,128.90487198255371,130.9569635841039,128.47565133350503,130.24549865722656,18923000
2024-04-17,131.62237789601073,132.0035833892363,125.57686221456292,125.69544219970703,24718000
2024-04-18,126.22170576625062,126.67739388389786,123.03283847988179,123.37877655029297,24888000
2024-04-19,123.37876961928792,123.47774577867845,117.35873425794689,118.0594253540039,44797000
2024-04-22,119.9987984511697,120.85138552214521,117.65076529878648,119.99488067626953,25162000
2024-04-23,120.35845346698564,123.27193960345303,120.34375433477024,122.41837310791016,22025000
2024-04-24,123.85993467081013,125.98845288058338,122.00385136004111,123.16610717773438,20108000
2024-04-25,124.69781102158741,128.18457814979215,123.18373316461779,126.850830078125,30410000
2024-04-26,128.37766420309845,132.8689151886374,127.70441992183444,131.71646118164062,24100000
2024-04-29,131.71743313577858,132.58961656938865,129.91622862508027,131.18235778808594,13372000
2024-04-30,130.22786200064942,132.1358932534966,127.30457371669652,127.42412567138672,22113000
2024-05-01,125.2740590188251,126.64995330670973,121.65008692310529,121.79806518554688,30958000
2024-05-02,123.11318416430697,123.91383082026564,119.88218619545381,121.37763977050781,29480000
2024-05-03,123.3797458466504,125.8179402543354,122.21748254943982,125.25248718261719,24898000
2024-05-06,126.04724688771655,128.45310464377113,124.95457645897648,128.4080352783203,16287000
2024-05-07,129.00878559438377,129.25868586294067,127.08017817832797,127.70247650146484,12413000
2024-05-08,126.76069625165233,131.11279132877465,126.26971825937542,129.88389587402344,13918000
2024-05-09,129.14499264038264,129.51541680231614,127.59367323720053,127.95333099365234,12170000
2024-05-10,128.89801793537498,131.70957456453263,128.89801793537498,130.61199951171875,16300000
2024-05-13,132.1016057960284,133.11980875465582,130.34841617490824,131.0736083984375,18507000
2024-05-14,130.5669168468337,135.43253889350711,129.92601674658252,135.24046325683594,19420000
2024-05-15,135.23753209172378,141.01453085605556,134.25559108752438,140.74209594726562,32757000
2024-05-16,139.74545892953952,141.6466117173975,137.69336712029047,138.38621520996094,28395000
2024-05-17,138.41462280185905,139.1113885726239,135.41194752786788,136.7359161376953,18174000
2024-05-20,136.80551646710708,138.85759338231063,136.52718992794215,138.57241821289062,27170000
2024-05-21,137.06811861183712,138.1176784960234,136.5565648977507,137.11907958984375,15333000
2024-05-22,136.80647915271814,137.6874850945575,135.65107941905717,136.43702697753906,21002000
2024-05-23,139.98359705434905,140.03944778446186,135.0415476297657,136.53993225097656,31039000
2024-05-24,137.17691142103243,138.52830451682976,136.4154574716201,137.96578979492188,16730000
2024-05-28,138.17748118322086,138.8811106298134,136.4664302203944,138.41757202148438,22919000
2024-05-29,137.10928444292566,137.10928444292566,135.53151283360535,136.2831573486328,26861000
2024-05-30,135.1395212812425,135.5099603648897,132.85028460446884,133.67739868164062,21717000
2024-05-31,133.41083770741247,133.52745880110322,128.10913123631863,130.1955108642578,73091000
2024-06-03,132.56218521718694,132.59158348444382,127.64561660861094,129.54383850097656,26278000
2024-06-04,129.39682018130188,130.53263095364593,128.0846347751545,130.41796875,23048000
2024-06-05,131.90560112958815,138.6037706371312,131.37052574083253,138.4803009033203,32947000
2024-06-06,139.3407058436336,139.42106509039903,136.04503466585973,137.3219451904297,20172000
2024-06-07,137.9599219722931,139.6474512928055,136.90545726958626,137.84820556640625,17859000
2024-06-10,138.15789109861976,142.00432435596295,138.09223097307796,141.1634979248047,31042000
2024-06-11,140.94102547879248,143.5683571131692,138.787998815963,143.17831420898438,34844000
2024-06-12,146.99732904097084,147.56572050766357,144.6845704659259,146.55731201171875,56697000
2024-06-13,167.57696305397164,170.11022372405344,161.94402406134134,164.5380401611328,89061000
2024-06-14,165.30926056498305,171.22638682082834,164.84279113173946,170.0308074951172,69705000
2024-06-17,176.39679577682773,180.61072222216472,174.29767558185773,179.2259979248047,87528000
2024-06-18,180.27650112088855,181.45542229046424,174.92776687746672,176.64370727539062,86797000
2024-06-20,176.73584054974813,176.8622710375324,168.77447310762102,169.9837646484375,68157000
2024-06-21,166.1716474600927,167.96893436253492,161.83621038046263,162.54278564453125,99289000
2024-06-24,161.4289073242305,163.29187413807247,156.37678121820153,156.52915954589844,58575000
2024-06-25,157.30778792194758,157.88879971505986,153.75586355974798,155.40647888183594,53329000
2024-06-26,157.0610248974479,159.0822655064024,154.6986506205337,156.50852966308594,46479000
2024-06-27,156.50853503020306,157.8475083491552,154.44404698381294,155.9835662841797,31649000
2024-06-28,156.8899716427613,161.15168988808438,155.91868348382226,157.83865356445312,69377000
2024-07-01,158.10114993005251,162.08758803353103,156.65600086397146,161.3060302734375,47623000
2024-07-02,161.30603156996372,163.1149205512913,159.4578104364042,162.94583129882812,32539000
2024-07-03,164.17667156462375,169.99855041503906,163.63203673627353,169.99855041503906,39954000
2024-07-05,172.5880421553976,173.5622856248351,166.73274079869375,167.4513702392578,45240000
2024-07-08,167.61752460393012,172.71978479112585,167.61752460393012,171.6344451904297,36398000
2024-07-09,172.68632451602616,174.10394704827291,167.6725403034301,170.40061950683594,37802000
2024-07-10,171.64820624521283,173.6625617483505,169.71740532569692,171.5194091796875,41074000
2024-07-11,173.4826377113185,173.50327884136524,164.02921016139518,167.7108917236328,51026000
2024-07-12,168.21029899599057,169.67314908252905,166.27163786026208,167.1918182373047,30453000
2024-07-15,167.12595070348252,170.57660463829993,166.39845587071287,168.52194213867188,22999200
2024-07-16,169.48538174118295,169.88845383890944,163.58681836270804,166.51644897460938,22244900
2024-07-17,159.56595756193192,160.08699609312055,152.97923188397516,153.3429718017578,43343400
2024-07-18,156.20378086563406,158.77948194642119,151.29813716517035,157.8062286376953,37973500
2024-07-19,159.10390100885886,161.17822957926435,154.4636969556373,154.6898193359375,26309500
2024-07-22,157.52111227115293,160.2344607062348,155.23050196217147,158.3370819091797,28813300
2024-07-23,157.68826025486482,162.53492112660263,157.19671329022893,161.0012969970703,21570200
2024-07-24,157.63910292782103,158.6811799959973,148.54548492607918,148.7814178466797,37162600
2024-07-25,148.7027907529673,150.95408437880855,143.05984088027134,146.73660278320312,30872100
2024-07-26,150.9049245040667,150.98357382182238,147.3854462888242,149.06654357910156,20839900
2024-07-29,149.449930811367,152.37954627500477,146.62844127010337,147.68035888671875,16625800
2024-07-30,150.6886344194881,150.87542466387674,140.9265190226611,141.09364318847656,31102300
2024-07-31,148.9092444541196,158.6025515734961,148.44718908933856,157.96353149414062,45827500
2024-08-01,154.83727314591238,156.22343900093946,143.69881861728572,144.53445434570312,40320000
2024-08-02,139.53051833977355,142.8927128788154,137.23992261702458,141.38858032226562,33745800
2024-08-05,127.41879678598004,142.96150843337438,126.32756199285711,139.677978515625,41309300
2024-08-06,139.33386926865666,146.39249000569905,137.8788947577174,141.48684692382812,24751300
2024-08-07,145.7436451854082,147.56237458265355,133.5336228829584,133.9661865234375,29749800
2024-08-08,138.8128531625633,143.79714634557146,136.06018729231644,143.27610778808594,27583200
2024-08-09,141.7621354822539,147.02169377718016,141.6736606326356,145.7534942626953,18438700
2024-08-12,145.57652732176385,148.5749663216651,143.8954303740092,146.10739135742188,17778500
2024-08-13,148.98786506173042,153.73620980974948,147.27727648764997,153.51992797851562,22053600
2024-08-14,155.3484858631698,157.54078082828835,152.10427333580841,155.02406311035156,20184200
2024-08-15,158.47470549111816,163.8522293676559,157.6292442874718,163.3213653564453,27945000
2024-08-16,161.68943720311006,163.2820443462105,159.9296909146134,162.91830444335938,19296900
2024-08-19,162.0728560351358,164.99264602958624,157.70791685147975,164.8746795654297,20441700
2024-08-20,164.22583369389727,165.52350979958015,161.37485247543447,163.14442443847656,19417500
2024-08-21,162.32844938995822,163.65563206880424,160.12632879798096,162.977294921875,16097700
2024-08-22,167.95174101688292,169.5050310193637,158.75982299694877,159.59544372558594,30044500
2024-08-23,162.239983932796,165.43503908447633,160.69653432148885,163.54750061035156,18848000
2024-08-26,162.17118072225037,162.89866062736266,155.97768598488952,156.92144775390625,18521200
2024-08-27,154.93559522793927,159.2906937399708,153.19551493041945,158.66151428222656,16683100
2024-08-28,157.37365501559566,159.5364583439803,153.60840401625083,155.50576782226562,18063600
2024-08-29,155.81055556848983,160.44091937632132,152.78262459608982,154.27691650390625,23519300
2024-08-30,158.3960656034608,160.48023462512052,156.02682098575673,160.0673370361328,25158500
2024-09-03,157.66858720486775,158.02250157011855,148.82074307441854,150.20689392089844,37179100
2024-09-04,147.759023724872,155.1223878118239,146.62845668157425,151.51443481445312,20324100
2024-09-05,148.0244433291551,153.71654993318725,147.57221357265888,150.2364044189453,31548500
2024-09-06,140.82818951571946,141.07396297037167,134.290621622299,134.68385314941406,76634600
2024-09-09,136.75818816870392,139.1962567538257,132.6193563964344,138.4392852783203,39516700
2024-09-10,138.8325143104649,147.32644455077934,138.6555496175304,145.704345703125,36067500
2024-09-11,145.8812967006935,156.18411611197098,142.58792628256415,155.59426879882812,39700800
2024-09-12,155.42713097404072,163.50816296021588,154.17859768641935,161.7779083251953,43530700
2024-09-13,163.9210596516638,165.2384016955645,161.26669448752727,164.85499572753906,29850000
2024-09-16,162.39727304082473,162.70202972961283,157.69808570851856,161.24705505371094,26126900
2024-09-17,162.6921988274926,163.21323734291678,157.98317111156803,159.72325134277344,19844300
2024-09-18,161.00130140401282,164.6387460417183,158.63204136941872,158.93679809570312,26557600
2024-09-19,165.38734481638784,167.67563124331426,163.39497462243494,165.1309051513672,32453100
2024-09-20,164.89420355767012,169.6680394974297,164.1939195485369,168.7606201171875,91758500
2024-09-23,169.64828941689086,170.95024862951573,166.04820092316606,170.575439453125,29431100
2024-09-24,170.44720457809834,173.58373296558298,169.33265000280716,172.44944763183594,34223400
2024-09-25,172.26204802310227,174.71800829124547,171.38421737347156,173.1201629638672,16613800
2024-09-26,176.05941181732362,177.78548448219934,172.60726648757216,175.65501403808594,24340000
2024-09-27,175.7339266080034,176.02982779687693,169.41156524138304,170.328857421875,20580900
2024-09-30,169.52008840320767,170.5557352014534,167.31072462045628,170.1414794921875,16902000
2024-10-01,169.8061143365244,169.89488018292687,163.5330720046868,165.18023681640625,23770400
2024-10-02,165.25912100805283,170.47678513626389,164.73636880986345,168.32659912109375,14317800
2024-10-03,167.30082779062033,172.54809612463393,166.87671428588638,169.539794921875,13072300
2024-10-04,173.88949061654162,174.4812779140918,170.240082939426,174.22483825683594,17921400
2024-10-07,172.42974806085093,175.87202075068134,171.48286721842052,172.68618774414062,15588300
2024-10-08,173.02153090488926,179.1170413655262,172.4987786467154,178.25892639160156,20774200
2024-10-09,176.78931436271168,183.87113730055503,174.00786409453775,183.40756225585938,25504100
2024-10-10,181.05022594871906,183.76262586145086,180.0343100945086,183.15110778808594,16318000
2024-10-11,178.66332481858353,180.09349637993196,174.97445533365493,178.99867248535156,23070000
2024-10-14,180.7937911904839,182.4212251622244,177.6671355577031,179.81732177734375,17195800
2024-10-15,178.3181152080648,179.21567670972908,170.99956806790564,173.57388305664062,27657500
2024-10-16,176.0692699172097,176.7991574917182,172.93275652302304,174.4023895263672,15285100
2024-10-17,178.8901729156823,182.973567229094,178.21947759326522,179.04798889160156,25232400
2024-10-18,179.8272031210922,180.21187017156402,176.23695724980777,177.430419921875,17835200
2024-10-21,176.92737728385188,179.2353793110972,175.81282273601042,177.52903747558594,13695100
2024-10-22,176.21725700796569,178.2195004272245,174.98434775718258,176.9274139404297,12062600
2024-10-23,175.16186684680943,176.5328612329093,170.21051448846927,171.1376495361328,19513700
2024-10-24,171.87738786080894,171.91684938043508,167.1824753860202,169.00718688964844,20485200
2024-10-25,171.80836022804044,174.3826751644532,170.35845784717804,170.63462829589844,19977700
2024-10-28,170.63461099890603,171.59134961719008,169.00717708747723,169.6680145263672,13195800
2024-10-29,170.08227814346148,177.76576101326683,168.86909980615744,176.789306640625,23702300
2024-10-30,175.04349164943133,176.7399756593612,173.21878028579405,174.22483825683594,17911500
2024-10-31,172.06478040765464,172.06478040765464,165.09145479284857,167.4487762451172,26086600
2024-11-01,165.95941774153633,168.98744962447387,165.20981444925678,166.6103973388672,17847000
2024-11-04,166.96549817391193,170.09215417169702,166.11725602260836,166.2454833984375,13621300
2024-11-05,167.72495734334396,172.01547199069526,167.72495734334396,171.52230834960938,13441800
2024-11-06,177.17397024255058,177.74604185844208,173.55415101023954,177.09506225585938,24300800
2024-11-07,179.50170615087126,182.34231846805935,179.3044286557922,181.29681396484375,18970600
2024-11-08,180.48802844101428,182.5198601628718,179.34388522185745,181.12913513183594,13503200
2024-11-11,180.8924213699862,181.1192874858165,174.40240095967505,176.4638214111328,17036700
2024-11-12,176.4539425097948,177.10492211976333,170.83188008315716,173.8105926513672,15862000
2024-11-13,172.3212502283101,173.18920802335506,170.24009901094587,171.20669555664062,17472500
2024-11-14,172.38040603030413,173.16947078693426,167.54739380229367,168.05043029785156,20638900
2024-11-15,166.16653880937503,166.8273762043746,161.19544146616195,162.58616638183594,20836200
2024-11-18,163.39498833621016,164.07555659875524,160.00201992884155,163.40484619140625,17856900
2024-11-19,164.38128905999852,164.51937426120062,162.06341420036543,163.08920288085938,18003400
2024-11-20,163.27659646210304,163.27659646210304,158.66059243552112,161.01791381835938,17196700
2024-11-21,163.9769152646712,164.06568111052036,158.40417198401119,161.69850158691406,24835300
2024-11-22,162.0535624573854,162.65522265320115,160.1795317416543,161.98451232910156,17332500
2024-11-25,163.13852385557357,164.94350455924942,160.6628478347686,162.56646728515625,26850600
2024-11-26,162.3494788675435,164.09526734455116,160.46559012100516,162.48756408691406,16308800
2024-11-27,160.96859599382267,160.96859599382267,155.38598043103818,157.4868621826172,19722700
2024-11-29,157.3882611678688,160.46559765848292,156.9049553522897,159.8639373779297,11024000
2024-12-02,160.72201496236826,166.07777950885668,160.5247525315011,164.23333740234375,21472400
2024-12-03,162.2311024170814,165.96929113536993,161.78725816310546,165.85092163085938,17024400
2024-12-04,171.0686245185984,172.99195991444486,166.2553420509116,168.22799682617188,32748200
2024-12-05,168.4153610721593,170.0427948516221,166.88655097772448,168.13919067382812,18490000
2024-12-06,167.7742737588206,178.20960297603253,167.01479755089676,177.07533264160156,27830800
2024-12-09,176.50325079835523,178.31808924838717,173.61331930402648,176.49339294433594,20886300
2024-12-10,175.37887134039107,176.0594396495834,167.40934419897317,169.46090698242188,27762600
2024-12-11,177.54875839679,182.3423093134464,174.01770512442374,180.6951446533203,41295200
2024-12-12,178.45619316775614,179.51157061467765,173.58374889320675,178.1898956298828,46967200
2024-12-13,210.97540282621878,225.57304983309507,208.2235562894247,221.72637939453125,121336600
2024-12-16,228.62079140893556,248.43611771155895,227.65419489788266,246.58181762695312,111623200
2024-12-17,237.35965971444207,239.1547826320025,230.60332671137238,236.94540405273438,70382100
2024-12-18,236.13661607072183,236.5706024789221,216.22266601831708,220.5625,53960100
2024-12-19,224.7938510765717,224.93193629197148,214.60508860051337,215.33497619628906,40845200
2024-12-20,217.34706572080327,227.1412877426412,215.91689426894428,217.77117919921875,131910400
2024-12-23,224.1896118439952,230.8255920971575,222.64682105758146,229.7871856689453,40643800
2024-12-24,237.47146512062636,237.58025242129077,232.21015271059096,237.03631591796875,22827200
2024-12-26,237.35279164756676,244.55249178697088,234.97926976728473,242.65367126464844,28459000
2024-12-27,242.93058876750266,243.06904396306888,233.7430641613554,239.08349609375,29282200
2024-12-30,232.11123850182065,236.1363533421256,229.06520932035613,232.98153686523438,27316800
2024-12-31,233.27825373808736,234.8408281845078,228.75865349179406,229.28280639648438,17927700
2025-01-02,233.55515171083866,236.85830778855365,227.70045129995046,229.42124938964844,31525800
2025-01-03,231.01350755125367,233.88152971570196,226.4741386986179,229.9849853515625,24973200
2025-01-06,233.8914023589193,239.08349480029065,230.72670141275174,233.80239868164062,34028400
2025-01-07,236.85830198187406,236.85830198187406,225.0895656648972,226.1180877685547,25928600
2025-01-08,227.1663983670454,229.90584940055177,223.56654829133555,226.78070068359375,18756500
2025-01-10,224.79290243974478,225.31705537546003,218.80963043132218,221.83587646484375,23864000
2025-01-13,217.56352457040464,226.73126597766623,217.08880808597186,222.8050537109375,23772100
2025-01-14,224.0709417923263,227.7202284431736,220.63921465983412,222.2215576171875,18143100
2025-01-15,226.02910499552902,227.79935472211065,223.09186277812623,225.48516845703125,21745600
2025-01-16,232.6255370048323,235.96826061193516,226.68183242064174,226.87962341308594,23471900
2025-01-17,234.4650151096022,235.47376875945596,230.0937694142159,234.821044921875,31196600
2025-01-21,238.83625476507777,240.07246726386182,234.78147173287226,237.6593780517578,30903200
2025-01-22,244.0283429104808,244.2657011385912,238.03518723767354,238.2527618408203,29610500
2025-01-23,235.78034585918525,237.748386539149,233.51559606492995,237.6297149658203,17653900
2025-01-24,242.00096130371094,246.8370241064407,239.24174158284657,242.00096130371094,25387800
2025-01-27,211.04617771908858,216.0206952760911,194.06556577606568,199.90049743652344,90569400
2025-01-28,205.71563938997124,207.63424355895927,196.69623803277352,205.07281494140625,50316000
2025-01-29,206.53650036094936,209.1177127793301,200.53346004110466,204.073974609375,32533700
2025-01-30,216.1592023943281,219.51181043581795,211.34290773702108,213.2812957763672,42449500
2025-01-31,217.2371795052035,224.29842553642013,213.91423930872,218.8294219970703,41104700
2025-02-03,213.08347917949365,218.50303046106163,211.15497564023354,215.32843017578125,24507300
2025-02-04,216.9305786534341,220.5699810622988,212.92524707778153,219.97659301757812,23768500
2025-02-05,231.3596442538667,235.30562489662833,224.99067503830483,229.4410400390625,29196000
2025-02-06,231.9134707420173,232.21016476746016,226.0389863820916,228.80810546875,21169500
2025-02-07,232.40796582498027,233.05079033255723,221.63808239526338,222.3896942138672,22117500
2025-02-10,224.92144721576076,233.2189202741106,224.61486892020739,232.447509765625,23901600
2025-02-11,229.91574889726598,235.26608039403953,227.4334395486219,232.447509765625,18476200
2025-02-12,227.8191366004544,233.87162835207147,227.4631067862131,233.74307250976562,16397300
2025-02-13,233.45625396268352,234.33643665219162,228.18504209298325,233.19912719726562,20962000
2025-02-14,231.94312942637225,233.1397897483014,226.3752235806295,230.4695587158203,16988800
2025-02-18,227.5619826065773,229.63881036583712,221.82595410343836,226.00929260253906,26080500
2025-02-19,225.33682419135806,226.54336881816806,221.92486556362536,226.2071075439453,16375500
2025-02-20,226.12798064759582,226.45434255294617,220.29306378226164,224.2390594482422,16104000
2025-02-21,223.16107485841528,225.23791789828155,213.25160630604157,216.24818420410156,24883600
2025-02-24,216.18887541954666,217.05915886825073,205.25085315808568,205.6365509033203,33050400
2025-02-25,204.7167663088578,206.33867631754055,198.70382759385564,200.3059539794922,33100800
2025-02-26,204.62779007405584,211.18465103276202,203.7278237358365,210.59127807617188,21368300
2025-02-27,214.8834024314655,216.83167455718848,195.22267381597945,195.61827087402344,27572900
2025-02-28,193.60076744887675,198.97088255352134,191.01955506950853,197.23028564453125,39747200
2025-03-03,201.7499076508126,201.80924344446728,182.49465790454755,185.30332946777344,37435600
2025-03-04,187.13290737422975,191.81073131806144,178.48930401384894,185.41209411621094,37910500
2025-03-05,189.7437988409816,191.93931361064588,185.03630672529292,189.46688842773438,25644500
2025-03-06,179.0431313665612,184.7692764116702,175.65097133556938,177.47067260742188,56864100
2025-03-07,185.65933675403647,193.32385437290472,179.5573935702602,192.80960083007812,74528900
2025-03-10,187.5087009154197,189.86243903897844,178.4398335638403,182.41549682617188,44217100
2025-03-11,185.97580925595483,193.46230421783983,183.30559330653128,187.99330139160156,42153200
2025-03-12,194.05570229491562,197.77422420965345,190.32728102187542,192.087646484375,30409700
2025-03-13,191.01953233839322,194.15458023695425,187.38013030810797,189.24928283691406,27236100
2025-03-14,194.03591781442702,195.3215818777956,191.06900770995418,193.38319396972656,25900900
2025-03-17,185.97580671695283,194.55017458473915,185.43187021289816,192.3546600341797,26830600
2025-03-18,188.33945517980257,190.76242873844913,184.8384928182443,186.58897399902344,24951000
2025-03-19,187.2515782801449,196.08308832632883,184.83848903858095,193.41287231445312,37962700
2025-03-20,189.98069449374213,192.28204001367683,187.42142899288302,189.00856018066406,31430000
2025-03-21,186.6972697382692,190.52624561326763,185.86400973054282,190.11953735351562,43086500
2025-03-24,192.73833376756608,195.10912374611092,189.13750473157765,189.7128448486328,33180300
2025-03-25,189.35575387831278,190.06005403543392,186.17154704085533,186.74688720703125,23417300
2025-03-26,185.15973478110882,186.54847630839103,176.15271293462126,177.82913208007812,30578500
2025-03-27,176.23207680778907,176.946291081194,169.08994920988738,170.60765075683594,32151700
2025-03-28,170.54810866842752,171.9071076123729,165.13200178959252,167.7606964111328,30391500
2025-03-31,163.16793224400578,166.5902001599504,159.32902671951672,166.08428955078125,35656400
2025-04-01,165.03279885381897,167.35400264347123,162.1065124604359,167.16552734375,20472400
2025-04-02,164.74514336424164,172.03605908010312,164.16980326455987,170.7068328857422,19523700
2025-04-03,159.24965447330013,162.11642551775435,152.4646345470422,152.7721405029297,44354900
2025-04-04,146.9790912405844,151.5718827538793,138.05142816767963,145.11419677734375,72302200
2025-04-07,143.32867517641293,159.14054560589818,136.99003504853414,152.90110778808594,68503500
2025-04-08,166.27276768908646,168.4154105573576,151.8595521901617,154.7759246826172,58888200
2025-04-09,159.20998051753793,185.8243360864334,156.24400720717043,183.66184997558594,72708300
2025-04-10,173.89104896982207,175.52778122571803,165.06257263833805,170.9151611328125,51212200
2025-04-11,172.22454036166394,181.19189066865954,171.9170343799594,180.47767639160156,33964100
2025-04-14,183.59244262115936,184.50504641072408,174.406874254241,176.92645263671875,25748300
2025-04-15,178.28543310504324,180.79509726152583,176.64870087643214,177.51170349121094,17242400
2025-04-16,169.06016234743677,174.66475957858344,165.57837940625484,173.20657348632812,34638600
2025-04-17,174.83339429025574,174.83339429025574,168.55426971728085,169.6156768798828,22501800
2025-04-21,165.6478446288561,166.6497214337,160.31108084889985,164.87411499023438,23469800
2025-04-22,166.08428194079727,169.14945771379675,163.89205318867215,168.21701049804688,18504900
2025-04-23,176.35110071843806,178.99963890745144,174.40686259899212,175.48809814453125,24380500
2025-04-24,178.24574669063404,187.054378664856,176.8669194006283,186.6377410888672,27576900
2025-04-25,185.41763528425278,191.81579060978822,185.38787761908517,190.76431274414062,21242300
2025-04-28,188.99863998947146,191.54799123154527,186.17154041996957,190.9230499267578,16385800
2025-04-29,190.17906633088964,191.69676786167108,188.57209180092053,189.63348388671875,14630000
2025-04-30,184.40584813725602,191.6471784135418,182.54096867254592,190.9230499267578,22768900
2025-05-01,196.5474600260204,199.78125250604023,194.662737226135,195.7439727783203,24939700
2025-05-02,202.2611702105557,204.02686244621472,199.46384351996315,202.00326538085938,17766800
2025-05-05,198.64049637132436,201.59654046871654,198.3925057391504,199.10671997070312,14025400
2025-05-06,194.86113876957887,200.28717549168252,194.36515746142425,198.48179626464844,16348800
2025-05-07,197.6882261717403,204.57244925613443,196.8351377032043,203.1638641357422,20253700
2025-05-08,206.3282142913535,209.46281964114755,202.05285804200378,206.10006713867188,18460900
2025-05-09,207.64753391531178,208.2724752000121,204.86012141712166,206.526611328125,13289200
2025-05-12,217.7258740874917,220.01730524607564,214.14488853610334,219.799072265625,25437700
2025-05-13,220.2156926556064,233.38895450086977,220.2156926556064,230.55194091796875,28790500
2025-05-14,228.37955522251184,231.62327730555495,226.51467574492406,230.25436401367188,19751400
2025-05-15,228.3101242751006,232.57556664349488,226.23692599544285,230.7701873779297,18803700
2025-05-16,230.4527556088002,230.7701757660246,224.57040959373398,226.77256774902344,23094600
2025-05-19,220.0669063522381,229.3913486313337,219.8189157050691,228.77633666992188,15355500
2025-05-20,224.6696132076283,229.90717448940936,224.5208097369431,229.81788635253906,11787200
2025-05-21,226.55433395080016,234.59915111236128,225.99883732555242,227.88356018066406,17642900
2025-05-22,226.50473874444958,231.81174476263672,225.60204913663526,228.67713928222656,14340200
2025-05-23,225.11597602151673,228.79614848320972,224.3620748214904,226.8816680908203,15385600
2025-05-27,230.99834169743016,234.5793275350357,229.27233634191802,233.75599670410156,17941700
2025-05-28,235.24391132668086,239.05305900027113,232.54577199528856,237.50558471679688,20443000
2025-05-29,243.9335273383775,244.09224498753431,235.49191589964445,240.0251922607422,20743700
2025-05-30,239.28121539872237,241.21553940766836,233.01200461099728,240.1243896484375,27088600
2025-06-02,241.2948915819844,247.99063883040535,241.2353762504487,246.7110137939453,19197000
2025-06-03,248.07000774400734,255.80731901754143,247.39546530814795,254.7855987548828,30380200
2025-06-04,255.9858815658263,263.29664152497384,255.51965790482907,258.9815979003906,31536000
2025-06-05,260.8365666104986,262.7609763938835,256.9778177310192,257.8408203125,41970900
2025-06-06,249.12148161976054,253.26789307302678,244.1517545452877,244.9453125,41146700
2025-06-09,243.08043530420346,246.17535373631114,239.17210028429176,242.31661987304688,25334100
2025-06-10,242.25711005621142,244.30055061297722,239.45976822799153,242.663818359375,25491300
2025-06-11,244.3799004118377,252.72230929443907,241.84047864339416,250.87725830078125,24599000
2025-06-12,248.17911147287248,255.81723517575236,247.49465489526634,254.01185607910156,20410900
2025-06-13,248.64534893686752,251.95850038803462,246.35391775276003,246.7010955810547,19028400
2025-06-16,248.33782655106128,253.13892158506687,247.56409698509125,250.07376098632812,20363000
2025-06-17,248.93299475796073,251.9188116709702,245.92734949230686,247.36569213867188,22014300
2025-06-18,248.87348772713085,253.58530991844873,247.40538736669419,249.24050903320312,30435500
2025-06-20,251.7660461241791,252.07427588432242,242.7775893178268,248.5644073486328,42134900
2025-06-23,247.6894310957433,252.7603540103977,245.0545489994035,252.32286071777344,19747000
2025-06-24,257.294321222405,264.3538386650651,257.294321222405,262.26580810546875,32764900
2025-06-25,264.48311570123377,268.33104189049055,261.9277640302399,263.14080810546875,18894200
2025-06-26,263.56833318627395,270.1207795493839,262.62376889198543,268.62933349609375,23569600
2025-06-27,268.7585596308933,270.2997387184157,265.35807971078367,267.8139953613281,27477600
2025-06-30,273.163296961128,276.1262833738648,270.5781180183342,274.0780334472656,24708400
2025-07-01,272.83517059987884,272.9346063976945,261.16213011269514,263.2302551269531,28847600
2025-07-02,262.48456890720286,270.4489010336063,261.2317747786756,268.3608703613281,17582100
2025-07-03,269.1861431149877,274.2272078173821,268.5796059289009,273.6107482910156,10592700
2025-07-07,273.5610497498013,275.97718516023826,271.10513394699154,272.616455078125,16760600
2025-07-08,274.774071021526,274.774071021526,269.60371280936664,270.25,14869400
2025-07-09,271.40341490627577,277.85642578711236,271.16479323572867,276.31524658203125,20133000
2025-07-10,278.1944474442471,279.5765048995926,271.1448832948377,273.8294677734375,17891600
2025-07-11,272.5766859667356,274.89338540599704,270.33951696310925,272.8153076171875,14274700
2025-07-14,272.5667628927675,276.77262165660363,268.04269132118327,274.02838134765625,11934200
2025-07-15,278.2143298019854,281.74407313940566,276.2655155571406,279.337890625,17918400
2025-07-16,278.51259792716763,279.9046384009573,274.0979458979762,279.2086181640625,15031000
2025-07-17,279.536781120835,286.6360486644115,278.3137844147582,284.8164978027344,17231100
2025-07-18,285.4727028006807,285.89032104645884,279.39756044627137,281.7242126464844,15012400
2025-07-21,282.34067294130205,288.883166634135,282.01256816006986,286.5664367675781,17726800
2025-07-22,286.009612867416,286.35762299184444,274.85359592461697,277.00128173828125,16564800
2025-07-23,275.2016363524508,282.3804648775155,271.4431933505695,282.0722351074219,20556200
2025-07-24,288.1374262033228,289.5393890528269,281.8832876219723,287.0635681152344,16413800
2025-07-25,286.4272243091522,290.9214370844405,285.63176828019976,288.5251770019531,12476200
2025-07-28,290.7922005804378,293.7651703528697,288.93286935192975,292.6217041015625,13683400
2025-07-29,295.80346842694934,300.46672553316387,293.1884614813502,295.72393798828125,19210800
2025-07-30,295.4554489207362,301.530621455179,294.11314144117125,300.8942565917969,16738900
2025-07-31,301.07322817670536,305.1995864915155,288.5749334348008,292.025146484375,25488500
2025-08-01,284.90595763257835,290.9711772481987,280.004048868816,286.9939880371094,21428100
2025-08-04,290.5336762384363,296.77786191913117,289.7382202113621,296.0221862792969,17164600
2025-08-05,296.1116975078201,299.48238015902194,289.78798079577285,291.259521484375,18477500
2025-08-06,291.22969949995144,301.0831902773515,290.23540210982287,299.94970703125,17392100
2025-08-07,304.42403123693634,308.57023417002836,298.1698924454774,302.02777099609375,16319400
2025-08-08,302.31609856102506,306.1143217384544,300.82465252896566,303.2308654785156,12458700
2025-08-11,303.31036693228316,306.55178570882026,299.57182986944326,302.16693115234375,12396400
2025-08-12,304.88142517840953,311.65258823506815,302.93261071587807,311.0460510253906,17609600
2025-08-13,314.9436833480101,315.54026782243,303.01211523379976,307.3273620605469,17371200
2025-08-14,305.25926382517076,312.3784370682503,305.2493111409307,309.4552001953125,15717600
2025-08-15,309.25630511823226,309.72362608883367,298.0505848508301,304.5930480957031,22806900
2025-08-18,300.97384027084104,304.42405352165923,297.29492769042946,304.0163879394531,14724700
2025-08-19,300.69542392387547,301.17266724150545,290.7226225185964,293.2282409667969,20149600
2025-08-20,293.77509644760784,293.8049241553724,280.26259864638365,289.50958251953125,23600500
2025-08-21,288.4058851276779,290.7226149312188,284.53808423877217,287.9485168457031,14946300
2025-08-22,290.08625622184906,298.37869260424026,287.361891151843,292.32342529296875,16301300
2025-08-25,291.1402084168925,296.698327034538,290.0464752489418,292.5521240234375,15124700
2025-08-26,292.6714151306097,298.537763107986,292.3134523254253,296.310546875,25689100
2025-08-27,295.8332907430747,299.4624700191788,292.1046756627868,298.53778076171875,13830300
2025-08-28,301.2025101226533,309.2264975835595,300.6059256020137,306.889892578125,18907100
2025-08-29,305.2592585756986,305.2592585756986,291.98538203906287,295.6941223144531,21610700
2025-09-02,287.6900048517968,297.0065665952241,285.53239649535607,296.53924560546875,19693000
2025-09-03,300.5661830832949,302.71386920527823,294.70975656854796,300.6656188964844,18529400
2025-09-04,303.32035339092016,307.01914082260106,300.5263802075415,304.35443115234375,31220800
2025-09-05,353.7511434746924,354.3079476159462,329.53007229950344,332.98028564453125,78401600
2025-09-08,340.7954376197825,352.1503274045484,339.3039915032845,343.67889404296875,43535600
2025-09-09,347.5566472108421,348.9785155669414,333.9148855443519,334.7501220703125,26972300
2025-09-10,349.51540779149104,370.8430989555386,348.5509381089459,367.4624938964844,51086800
2025-09-11,369.0632849093324,372.09591004790576,356.7141287538608,357.57916259765625,29430900
2025-09-12,360.84045195630114,362.31202294585194,355.12324224091253,357.8177795410156,31949800
2025-09-15,357.8177967126278,363.4156958706093,354.307928141354,362.01373291015625,21792200
2025-09-16,363.34607942053117,363.60460644580115,354.9542072183349,357.9470520019531,21306500
2025-09-17,356.80363745055035,357.87746531965445,339.5525710377554,344.1959533691406,45197100
2025-09-18,348.00409210361323,348.70011242524,341.8295137084828,343.380615234375,24663900
2025-09-19,342.6845761800293,344.2953330347468,334.5114507356632,342.9729309082031,41240100
2025-09-22,341.0606084270775,345.28367325298416,336.5885737516059,337.4351806640625,28660000
2025-09-23,338.8793532849425,343.8394489551671,335.67222901216985,337.5845642089844,21944100
2025-09-24,338.4012765294073,338.71997371776,332.4750589983509,337.95306396484375,19677300
2025-09-25,331.65837193110127,336.7081044280019,325.9911236613484,334.7559509277344,21678200
2025-09-26,336.08059640996515,337.7239919137433,329.2579837594843,333.19219970703125,15464700
2025-09-29,334.656328600332,339.68612138090174,326.2401081782098,326.5887145996094,21336000
2025-09-30,328.7998194074157,329.72609296966556,323.3118446022923,328.5906677246094,20109500
2025-10-01,326.837727221675,336.59855541282326,323.2023295934908,332.0567932128906,21122700
2025-10-02,346.21988820563433,346.21988820563433,333.9093306066824,336.8276062011719,19917600
2025-10-03,340.13433362422603,343.0227303782379,334.3973582704928,337.016845703125,14749100
2025-10-06,334.57664945247484,342.75380866679006,333.2220723671261,334.1483459472656,18465700
2025-10-07,335.6821824433723,336.7578500424013,325.2739608698581,335.0646667480469,18086700
2025-10-08,332.48506272651053,345.1541967237403,331.28984936250185,344.11834716796875,21478300
2025-10-09,344.36731988927625,345.9210789009516,339.03870886032774,343.6402282714844,17643700
2025-10-10,344.0087761645016,349.1979325045112,322.75408954786695,323.331787109375,28941000
2025-10-13,351.35925264203496,357.9428348856006,342.1462436328903,355.2735595703125,45984300
2025-10-14,348.7298204480106,349.267669476328,338.2917194609827,342.7538146972656,22078000
2025-10-15,353.05244525324514,357.96272246505765,346.1103176658243,349.92498779296875,23918500
2025-10-16,355.3731305974428,361.78737921559485,348.09236600682163,352.7337341308594,20317200
2025-10-17,348.2118624365201,349.56643947544666,339.417187803511,347.9329833984375,20937900
2025-10-20,352.3851150572024,355.16396614831154,346.4489580557878,347.8433532714844,15640200
2025-10-21,348.6003469987353,349.6959541684103,339.94509595160935,341.2897033691406,16092600
2025-10-22,345.91112421133204,346.6183067837734,334.16829467718156,338.9391174316406,19268800
2025-10-23,339.03871918336426,345.1840584530217,339.03871918336426,342.9131774902344,12859200
2025-10-24,351.1003199238364,356.8671437910621,349.47683344124437,352.7138366699219,16143700
2025-10-27,360.09420250359625,361.2993551775869,353.66001429366173,360.6021423339844,20065800
2025-10-28,361.169868930242,372.56412252342585,361.0802324898972,371.4784851074219,21056000
2025-10-29,371.69760158273596,384.9344628835344,371.69760158273596,384.43646240234375,24975200
2025-10-30,384.8547909652582,384.8547909652582,368.58013782259627,374.9645080566406,24295300
2025-10-31,376.75728832587123,377.30510711464575,363.6399721426167,368.15185546875,21598400
2025-11-03,370.5123492029235,373.3509579573757,360.5324307393669,361.1001281738281,17198900
2025-11-04,357.0862348613752,367.47454744020746,349.5963189699949,350.5325622558594,24047500
2025-11-05,349.48678951919794,363.41086341015694,348.6899705182648,357.54443359375,17087600
2025-11-06,358.6698820328004,362.0463397915529,351.29948119455554,354.16796875,19896900
2025-11-07,352.77356686003935,353.08232471234805,335.9212179877443,348.0325927734375,21903200
2025-11-10,356.4687564616332,358.56036466797076,353.1919046182223,356.9568176269531,16409000
2025-11-11,357.53446670774576,360.4428028921463,348.2716699151433,350.552490234375,16446800
2025-11-12,356.6081990499921,357.4348664885674,350.2736170175513,353.7994689941406,12190500
2025-11-13,350.17397779599213,352.1361007553853,332.8236593997151,338.6203918457031,22616600
2025-11-14,330.14441411689927,343.3613349004467,327.74404833985596,341.0904541015625,18500800
2025-11-17,338.46102450242506,350.7915201932923,336.17020425351814,341.2796936035156,14799600
2025-11-18,341.8275510056133,346.57846477272454,334.16830098149796,339.1383361816406,21726800
2025-11-19,339.347460701947,358.25156886971325,336.44909441350086,353.0026550292969,21851900
2025-11-20,364.5363346772143,374.57601052051825,343.79958834409007,345.43304443359375,28867000
2025-11-21,343.77966385998917,347.2059092836678,330.47307643407913,338.8395080566406,30280300
2025-11-24,346.3393990001815,380.4723384179547,346.2696716432394,376.448486328125,47262400
2025-11-25,383.39062820353877,386.5778433170829,370.2633433262028,383.490234375,33507600
2025-11-26,384.0081517409119,398.2708925516895,381.7273314642951,395.9801025390625,28693000
2025-11-28,397.752962113603,401.38835928859874,395.57171772949863,401.3485107421875,13365500
2025-12-01,393.27095801210174,393.83868581507573,383.55994932184797,384.5360107421875,23252000
2025-12-02,386.7571347201425,391.92638219264916,378.271217387361,380.0440979003906,22207000
2025-12-03,378.4803751302536,380.7711652425636,369.1677598209674,379.0879211425781,21336400
2025-12-04,379.1576496778165,382.35483474134327,375.02425164733893,379.5062561035156,15845900
2025-12-05,384.6257119524167,391.9562645778702,383.60977149932444,388.6794128417969,24779900
2025-12-08,400.8704578008361,405.6612197534834,395.81075614894235,399.4959716796875,30410600
2025-12-09,397.1553667228235,405.30264695088596,393.92833346962834,404.66522216796875,24546000
2025-12-10,400.591592714844,412.9519377089591,397.9621356270513,411.3185119628906,31531000
2025-12-11,403.2110535816976,407.66317907015735,392.61361921715974,404.7449035644531,45681600
2025-12-12,378.4404976165911,380.47234798569394,353.72971744738294,358.4906005859375,95588500
2025-12-15,360.44279831550426,360.5523438301254,336.1602902959243,338.4510803222656,65894900
2025-12-16,334.67623571189444,346.11033781431183,333.7200832894025,339.93511962890625,58061100
2025-12-17,345.22387284443886,345.22387284443886,320.13463701193336,324.7162170410156,73300900
2025-12-18,334.6563118321389,334.6861906441596,322.335785215176,328.560791015625,54501900
2025-12-19,332.00692519159463,342.07650975758594,331.2499548064838,338.99884033203125,159095200
2025-12-22,345.3056593647258,345.5152112478357,336.5141036420898,340.7352600097656,28739600
2025-12-23,340.09657987546063,349.37710000083763,337.83134263055865,348.5887756347656,28232600
2025-12-24,349.95589479748145,352.1213352312898,346.41333827759297,349.48687744140625,11424400
2025-12-26,350.325115846726,352.51053390724485,347.02204717974354,351.39288330078125,15028100
2025-12-29,347.99001949427986,349.5966346351222,343.9684567824758,348.65863037109375,21946900
2025-12-30,349.2373891882818,351.9417076647023,348.56877833761786,349.1176452636719,16633600
2025-12-31,348.9979250326745,349.1476049485987,344.6969495441743,345.3755187988281,15346100
2026-01-02,352.04150541544425,359.9050146598044,344.83661821199536,346.8923034667969,25398600
2026-01-05,353.9974223547191,354.2868238323912,335.7956134115607,342.7011413574219,31136000
2026-01-06,342.8807574319921,348.3193308210368,337.2924736709646,343.0503845214844,27135500
2026-01-07,340.98472498041707,348.9679784261048,335.1769007897924,342.78094482421875,20249300
2026-01-08,342.0624538203319,342.96056375017343,329.80816089100165,331.7840270996094,24385200
2026-01-09,337.21263395609,346.6628113007461,332.8018730929831,344.24786376953125,22482500
2026-01-12,340.2363083277168,353.15918207806476,340.2363083277168,351.47271728515625,20949600
2026-01-13,352.14131670251004,358.73746528807953,350.17543931029473,353.86767578125,18308000
2026-01-14,348.2395074006754,349.95590816787893,333.7199768852006,339.17852783203125,30094700
2026-01-15,348.38917780130276,348.9480031099011,340.9547912530556,342.30194091796875,22218800
2026-01-16,345.5451400301808,353.7679118987322,343.3297859509546,350.9737548828125,31291200
2026-01-20,343.3797052494505,344.676971791908,331.10543443537836,331.9037780761719,32293900
2026-01-21,334.8076698840445,335.09704088588245,323.521348108929,328.1116943359375,32006600
2026-01-22,334.6479996271889,336.28455068973165,324.20990464329054,324.8086242675781,24275400
2026-01-23,318.63160535606505,321.3159768846752,313.4524670130363,319.3800354003906,30259500
2026-01-26,319.1305360310809,327.9919519985048,316.9351596626858,324.16998291015625,25006400
2026-01-27,329.06972766461007,334.0592612332574,326.335442560478,332.0933837890625,25537600
2026-01-28,338.14069186444095,339.2782896681297,326.0161315330155,332.54241943359375,23001700
2026-01-29,331.86384504465474,335.2467633278134,319.6095521592842,330.0376892089844,20447500
2026-01-30,331.7441040800076,337.49205638766097,327.6426917281563,330.6064758300781,28313000
2026-02-02,325.4273366579902,335.3565204232709,325.06810486670184,330.4168701171875,17278200
2026-02-03,336.0350756107717,338.1905576294392,308.0038814637992,319.659423828125,36914800
2026-02-04,318.84118424748516,318.84118424748516,294.6818407512307,307.4051513671875,43330300
2026-02-05,313.6819850898965,325.8464700699139,306.0579938188423,309.8600158691406,42775800
2026-02-06,319.42994273184223,334.29874656285386,315.6378789762252,332.2231140136719,33003400
2026-02-09,330.0775871416233,351.60244190077435,329.957843210597,343.22003173828125,30091000
2026-02-10,346.7426387691113,347.2815169087097,339.12860585233244,339.72735595703125,19542700
2026-02-11,346.0740321364971,346.473219180328,333.0413730422485,342.0425109863281,17004700
2026-02-12,343.1102481796043,345.5651205948349,328.87013049582544,330.4767761230469,22007300
2026-02-13,329.1595146617416,333.6201586063177,324.0103126922267,324.48931884765625,18397200
2026-02-17,319.01080658831154,335.0471745682695,315.64786588146853,331.8439025878906,23469700
2026-02-18,328.83019085840954,337.17270635210474,326.54500653910026,332.8118591308594,13565300
2026-02-19,332.31290349221706,337.73152929658954,328.98985729134307,333.29083251953125,15180900
2026-02-20,331.6642423408814,339.39801894284784,328.89006304890444,331.9536437988281,17658900
2026-02-23,331.5545040034344,337.7914209335216,324.6390178202407,329.64849853515625,16472400
2026-02-24,321.8648179358508,327.6227283165058,313.79175682897045,324.8086242675781,23614400
2026-02-25,330.0476590225998,335.2068501676741,328.590723737574,331.6143798828125,20182300
2026-02-26,325.81652053898387,325.8963396711904,307.28538677861513,321.0265808105469,33025300
2026-02-27,310.04962308831114,319.3301431933908,309.35107621859737,318.8810729980469,28004200
2026-03-02,308.71239918840047,319.37006578889145,306.55694753594133,318.1526184082031,20567200
2026-03-03,312.344806434985,315.21878268947023,306.75652265723,313.18304443359375,20826200
2026-03-04,315.0191620282564,321.96461419625706,311.08740741510985,316.86529541015625,34895800
2026-03-05,329.4888201299173,335.4163882424698,322.35379346219895,332.0733947753906,57076600
2026-03-06,327.5928011473892,342.7909307290547,326.7146384032199,329.7882080078125,39152200
2026-03-09,326.5649709749808,347.7604997584722,322.9325759313887,345.0262451171875,40605800
2026-03-10,348.0000043944519,352.4007764686792,340.08658134740205,341.86285400390625,29531700
2026-03-11,341.8728342845959,345.08609490367104,337.51198711307126,340.85498046875,20104100
2026-03-12,337.03300757281824,339.1186289737268,331.50462624270904,335.2667236328125,21982700
2026-03-13,336.97312724591364,337.6118021518748,320.7571433661591,321.4856262207031,34725000
2026-03-16,325.3375412042841,328.5109077510106,319.39002561955,324.2398681640625,31363100
2026-03-17,325.0780870057256,326.75456290471493,316.5858914873138,320.63739013671875,38026500
2026-03-18,319.7592262452072,324.7587483959258,314.88943683389,315.2686462402344,25460600
2026-03-19,311.81590377906156,322.59328381974194,307.8642018246381,319.17047119140625,23524800
2026-03-20,319.4498845364502,320.83698945248267,309.27125457684116,309.8600158691406,43325900
2026-03-23,318.0,326.4800109863281,314.92999267578125,322.510009765625,27369200
2026-03-24,320.0,324.3999938964844,314.8399963378906,318.2900085449219,19799000
2026-03-25,322.5899963378906,324.29998779296875,316.7200012207031,318.80999755859375,19900000
2026-03-26,314.0199890136719,316.9200134277344,309.1700134277344,309.4200134277344,20343700
2026-03-27,307.05999755859375,307.5,298.8699951171875,300.67999267578125,23593900
2026-03-30,300.8699951171875,304.7699890136719,289.9599914550781,293.4100036621094,28054500
2026-03-31,299.3900146484375,310.30999755859375,296.3399963378906,309.510009765625,29289500
2026-04-01,313.3699951171875,315.7900085449219,310.4800109863281,313.489990234375,19171000
2026-04-02,304.489990234375,314.69000244140625,301.75,314.54998779296875,14021100
2026-04-06,315.05999755859375,316.3999938964844,310.2799987792969,314.42999267578125,12111300
2026-04-07,326.7300109863281,334.1499938964844,321.79998779296875,333.9700012207031,33310900
2026-04-08,351.75,354.1400146484375,342.5299987792969,350.6300048828125,31573100
2026-04-09,352.29998779296875,358.70001220703125,351.5,354.9100036621094,20514900
2026-04-10,360.94000244140625,376.54998779296875,360.82000732421875,371.54998779296875,29958100
2026-04-13,369.6600036621094,380.8599853515625,369.4800109863281,379.75,24115800
2026-04-14,377.8999938964844,382.2799987792969,376.32000732421875,380.7799987792969,24423000
2026-04-15,389.8800048828125,397.0799865722656,385.57000732421875,396.7200012207031,29559300
2026-04-16,395.0,399.67999267578125,392.3500061035156,398.4700012207031,18872900
2026-04-17,400.8999938964844,406.7300109863281,399.80999755859375,406.5400085449219,20581700
2026-04-20,405.70001220703125,406.4200134277344,395.8999938964844,399.6300048828125,16922000
2026-04-21,399.4100036621094,403.6000061035156,394.57000732421875,402.1700134277344,16275500
2026-04-22,406.9800109863281,423.20001220703125,404.8599853515625,422.6499938964844,23702500
2026-04-23,422.3900146484375,429.30999755859375,417.79998779296875,419.94000244140625,19501600
2026-04-24,424.9800109863281,425.0,408.8599853515625,422.760009765625,22491100
2026-04-27,420.4800109863281,422.75,414.6300048828125,418.20001220703125,17451600
2026-04-28,400.30999755859375,405.80999755859375,394.6499938964844,399.8299865722656,25519200
2026-04-29,403.5,405.6400146484375,396.7799987792969,405.45001220703125,15962500
2026-04-30,415.5199890136719,418.3800048828125,404.2300109863281,417.42999267578125,21821600
2026-05-01,415.0899963378906,423.1700134277344,413.2799987792969,421.2799987792969,11882600
2026-05-04,418.2200012207031,423.8299865722656,409.5299987792969,416.5,15140400
2026-05-05,421.6600036621094,433.3900146484375,419.3500061035156,427.3599853515625,21175200
2026-05-06,435.55999755859375,437.67999267578125,417.7799987792969,425.44000244140625,20707000
2026-05-07,421.82000732421875,426.489990234375,406.29998779296875,412.55999755859375,22791700
2026-05-08,419.79998779296875,435.0,414.0,430.0,22532600
