Date,Open,High,Low,Close,Volume
2020-01-02,205.7039460799515,208.9139053771762,205.64695220643736,208.7144775390625,15873500
2020-01-03,205.4665205702207,207.22630240410257,205.1436132545173,206.0838165283203,8604500
2020-01-06,204.07996181924173,206.2357735674345,203.32020290667376,205.74192810058594,11885500
2020-01-07,206.69162063948474,207.9262270462006,205.78941328152936,206.68212890625,9388000
2020-01-08,205.70394110817188,209.55019423364737,205.43802766965,207.03350830078125,11959100
2020-01-09,210.3574538545127,211.8579737744501,209.7116681754289,210.6233673095703,13122500
2020-01-10,212.6367073214513,214.59309121814218,210.89022839675087,212.5702362060547,12296000
2020-01-13,217.29972267099294,219.51251388253706,215.6187583703236,218.88571166992188,17544800
2020-01-14,218.4773475820076,218.59605946240524,213.56742594770589,215.096435546875,17266900
2020-01-15,215.24835377181208,216.35950961117982,213.10204841010997,213.73834228515625,10743400
2020-01-16,214.91597862672123,214.94446831705818,211.52556056466955,212.67469787597656,13700500
2020-01-17,214.53608833582192,216.53045357310492,214.01376769428157,215.98912048339844,12956200
2020-01-21,211.25965274508602,211.40211569175455,209.62617616341896,211.07920837402344,15831100
2020-01-22,213.38696937396125,214.2321973344322,210.83228753523582,211.1836700439453,10059600
2020-01-23,206.96702857833992,209.05636921353528,205.8653933693776,208.10667419433594,18519900
2020-01-24,207.49887415186353,208.7714620254019,200.69430108682104,202.997314453125,18143900
2020-01-27,191.09763104688693,197.55556001229448,189.4641544706016,195.1338348388672,24574700
2020-01-28,199.18904712265015,200.30018860402603,196.74832386241332,199.65438842773438,16196700
2020-01-29,201.86716852766546,203.21573369971975,198.98010208024712,201.35433959960938,12871900
2020-01-30,197.42261868324277,199.30301089187657,194.71598189758146,198.08740234375,14376000
2020-01-31,196.11202543126632,197.47008238041565,194.4291628090384,196.19749450683594,18181400
2020-02-03,198.17286355151546,204.2034328913611,198.17286355151546,202.38002014160156,14118800
2020-02-04,210.21499757009622,213.0925723090344,209.39825927675824,211.66802978515625,16695100
2020-02-05,215.12491173915913,215.29584988043058,206.5966403529071,209.14183044433594,15766100
2020-02-06,211.90544313016943,212.39927408052876,208.72395918664026,209.78761291503906,10790800
2020-02-07,206.52067503144556,206.88154926687002,204.07046026421773,205.637451171875,13790300
2020-02-10,202.75988347255438,204.9156951904297,201.52527706839334,204.9156951904297,17420300
2020-02-11,208.84742239840534,208.94238319980965,204.4598218235851,206.2832489013672,16073500
2020-02-12,210.00606925183905,214.1752299061185,209.13235155223748,213.02609252929688,18671900
2020-02-13,208.9328895109536,213.68136427256619,207.97370282593803,209.2747802734375,28069700
2020-02-14,209.9775652267611,210.49039413825324,207.25193078855602,208.58151245117188,10690000
2020-02-18,207.5558422703564,209.74014363830892,206.56815136898172,209.42674255371094,12987000
2020-02-19,210.3764494493209,212.31382095600077,209.6451802105306,210.9652557373047,10798100
2020-02-20,211.30713342112293,211.30713342112293,203.44366013220778,207.0714874267578,14950100
2020-02-21,206.59664784129004,206.6536417149751,200.91747569113826,201.89566040039062,17681200
2020-02-24,193.31041901997548,196.8527772917656,192.3227281106706,195.78912353515625,19380200
2020-02-25,198.02090977692393,199.38847296833205,193.83276561723216,195.2667999267578,18132400
2020-02-26,196.39693865511327,202.36102239210948,196.3874324302758,198.23934936523438,19482100
2020-02-27,194.69697494205485,199.40746871678652,191.70544136240298,194.71597290039062,22741200
2020-02-28,188.97030709851802,198.41027771990943,188.57239335625826,197.53656005859375,31251100
2020-03-02,198.09688289953183,200.49011843350902,193.50605747068482,200.3666534423828,21542200
2020-03-03,200.46162095237833,200.75602408175067,192.0663206883344,196.9762420654297,20813800
2020-03-04,198.95161541712483,202.00012832331117,198.34381118256584,201.29736328125,12474400
2020-03-05,199.43594869854715,204.32687212015233,198.6192104242291,200.822509765625,13462900
2020-03-06,196.3019504042292,196.58686179782745,190.98366718557529,194.3455810546875,21700500
2020-03-09,185.7793346308617,189.83453641191434,184.17434773317314,187.7167205810547,25502600
2020-03-10,195.19081480997826,197.01422749550323,190.698761457234,196.00755310058594,19022600
2020-03-11,191.50599418081487,192.88306354697804,186.24469016827652,188.90383911132812,18908200
2020-03-12,177.11812622900845,180.90455991689905,174.67740300294705,175.78855895996094,30247100
2020-03-13,185.0955491688261,186.13072772914444,178.362215116164,184.24082946777344,23650500
2020-03-16,167.28876303982878,178.54265422211574,165.721772137017,169.8529510498047,26628500
2020-03-17,172.14171753110878,179.86274283441068,170.65070385548447,175.5131378173828,19276500
2020-03-18,167.14631890190972,173.2338672898037,161.4481489393446,170.94509887695312,22054200
2020-03-19,170.2423222427803,177.8303905880404,168.46639721160707,171.7808380126953,20905700
2020-03-20,178.29575654890286,178.82758346620125,170.94511153602306,172.17971801757812,21006100
2020-03-23,166.45305684598924,169.52056782529283,161.4006721824807,167.46922302246094,22554700
2020-03-24,173.87966099304734,179.30242603501583,172.06573999296086,176.40585327148438,20801500
2020-03-25,176.47233828772664,185.370976124876,175.2329787321335,179.07449340820312,19605200
2020-03-26,179.150460537003,186.44412552246638,178.16278413343582,185.4944305419922,15416800
2020-03-27,180.4135499706732,183.04420902745773,178.5426497685897,179.10296630859375,13376400
2020-03-30,178.04881075332676,181.8475906724832,177.60245295353025,181.64816284179688,12254400
2020-03-31,182.34144616886934,186.89047899664345,181.01187892036646,184.69668579101562,19084800
2020-04-01,179.96721235522617,183.1676800433051,175.73156604715086,178.1248016357422,17948600
2020-04-02,176.71923717423084,181.67664594838135,176.3507550717073,179.39736938476562,13412100
2020-04-03,180.5560102280469,180.96438661678263,176.08295485681717,177.6974334716797,9483100
2020-04-06,184.943610830294,186.97595756507982,183.00622490146517,186.5675811767578,13248700
2020-04-07,189.98648948345163,191.31605669981658,187.13740445593032,188.03961181640625,14934500
2020-04-08,188.36251196756902,188.8563574490812,184.13067687044057,186.12123107910156,13608000
2020-04-09,188.65691116655236,190.27140430412112,183.67101227878035,186.49160766601562,17821300
2020-04-13,187.46977968992263,190.24764035182793,185.69385474828255,189.40716552734375,16117900
2020-04-14,194.63999255795298,197.5080755922027,193.97520893841062,194.47854614257812,16757100
2020-04-15,194.46905598953424,198.6287103805868,191.18310479881245,197.69801330566406,10768100
2020-04-16,199.93928794947655,202.52245951857537,198.6002145165078,201.96214294433594,16353800
2020-04-17,204.1654299636069,204.1654299636069,198.34475131205843,198.9611053466797,13558500
2020-04-20,199.31248133477345,205.22909150925125,198.82814211054173,201.45880126953125,19295400
2020-04-21,199.34097642387496,201.45880672581316,194.7159663711428,196.90975952148438,14107600
2020-04-22,201.3353512686357,201.3353512686357,198.68570844646266,199.39797973632812,13471100
2020-04-23,199.66388023096545,199.96777509282555,193.2249493478532,194.9154052734375,20424000
2020-04-24,195.53271366667468,196.11202822801303,192.61715739260532,194.07968139648438,14673900
2020-04-27,197.1092134190353,197.3276392262065,191.86689260855013,193.44338989257812,17286800
2020-04-28,194.50703036154093,194.86791909822284,189.37582839958975,191.03114318847656,17203800
2020-04-29,192.7216019222576,196.6628449186744,192.3227317559689,196.3019561767578,19117800
2020-04-30,195.8745955389405,196.30195539460448,189.26471190244573,192.4746856689453,20107400
2020-05-01,185.90280253935506,187.45081007890897,183.15818447614856,184.69668579101562,22276200
2020-05-04,184.96259450412884,185.19052652283358,179.9956936708205,181.53419494628906,25709400
2020-05-05,186.5011195459083,188.29604262028576,184.43077679049924,185.20953369140625,22957200
2020-05-06,187.72621202670942,188.9038390630847,185.1240424666913,185.3519744873047,18598900
2020-05-07,188.03962516916567,188.1250942481735,184.98160586317945,186.6055908203125,16164600
2020-05-08,189.7490621152939,192.8070811458554,188.6853938712754,191.0691375732422,23819700
2020-05-11,192.57915596716074,196.24497934248924,192.19928375372407,195.06735229492188,17920700
2020-05-12,196.5393725022556,197.58404277295716,189.95799327042155,190.2333984375,17826800
2020-05-13,193.37688273213465,194.38355706913464,188.0206037480709,189.42616271972656,22429700
2020-05-14,185.66538037022383,191.61997233016956,184.2693275017505,191.17361450195312,20025900
2020-05-15,190.60379643399384,194.20314884138665,190.0339880903494,193.4338836669922,17209500
2020-05-18,201.8101817757834,204.6307770050747,199.7873268459778,204.45033264160156,23556600
2020-05-19,205.82740011048907,209.49322351156715,204.36487613816914,206.2737579345703,21438100
2020-05-20,208.93291165140448,210.03170662501842,199.98678599145612,205.88438415527344,38324100
2020-05-21,200.66106014244025,203.78556496273092,198.98960207623495,201.4873046875,29850700
2020-05-22,193.00652087660274,194.5735264031925,188.97982314058245,189.6540985107422,51979300
2020-05-26,195.58019336359146,196.39693165470234,190.88869767915423,191.57247924804688,28683200
2020-05-27,192.778606850169,192.778606850169,186.85250441578054,191.0596466064453,23605400
2020-05-28,188.98929513636344,192.1897624821436,187.67871146758216,189.45465087890625,18763200
2020-05-29,189.9389994239787,197.42260063846606,186.8050030352439,196.95724487304688,43179500
2020-06-01,195.54220414028208,196.77681059810266,193.6808099655218,196.1785125732422,16169700
2020-06-02,196.7863173715031,203.7760735079579,196.74832145449392,203.5481414794922,22485800
2020-06-03,204.75424676752382,207.95471426425786,202.99730522987474,207.61282348632812,19999500
2020-06-04,206.3497244575205,208.932895966953,205.43802539018867,207.0714874267578,14962400
2020-06-05,208.93289878971498,209.49321535858226,207.69829239862753,208.5055389404297,11983200
2020-06-08,208.55302285622236,209.3127672452688,204.49782124474817,207.9832000732422,12731200
2020-06-09,205.4285254841085,209.61668395996094,205.32405845326423,209.61668395996094,14140100
2020-06-10,210.83229943573588,213.6813845632458,209.50273217270976,212.4277801513672,13372400
2020-06-11,207.03350645389907,208.88540877394027,202.81685840753113,204.412353515625,15560300
2020-06-12,207.5083581552738,208.45805315827278,203.12077187860123,206.69161987304688,12716500
2020-06-15,203.33918197299465,206.76758124877986,202.04759628898486,206.11228942871094,17419900
2020-06-16,209.88259553501857,213.52942086642787,209.02787582931805,211.4210968017578,17212400
2020-06-17,213.11154940379876,213.6813721927911,211.30713472398227,212.96910095214844,12486700
2020-06-18,212.48476565745275,214.659560843001,211.70600879749847,212.29481506347656,10358800
2020-06-19,214.99196512809473,215.10592389429968,209.01837528545252,209.54071044921875,19545200
2020-06-22,209.80661689112728,210.9082665649715,208.40582546598517,210.27197265625,13303600
2020-06-23,213.79533924089105,218.64354277377734,213.23502265442102,217.24273681640625,18263400
2020-06-24,216.81537900492637,219.40804238835182,212.97100956844642,214.8400115966797,12159500
2020-06-25,213.29200491417203,213.38698021436485,209.7591382167025,210.9842529296875,14953100
2020-06-26,211.03172077540407,211.07919392984908,202.75987140203375,204.85870361328125,19340600
2020-06-29,204.2129219092863,205.60897476793008,201.1644089665961,204.20343017578125,12333000
2020-06-30,204.88720856230418,205.54248595263817,202.18057196238368,204.84921264648438,12933800
2020-07-01,204.95368267937258,205.65646222037026,203.9375165298503,205.08663940429688,11788100
2020-07-02,210.68984039967128,213.7051104153023,208.98987824385478,212.351806640625,18128700
2020-07-06,221.57334162023616,228.38265313851008,221.1080003372743,227.9268035888672,33702900
2020-07-07,228.88599334612965,229.16141301915664,224.25149146624295,224.61236572265625,16491600
2020-07-08,232.5423100348626,245.48664257190836,231.74456974103342,244.71739196777344,39922700
2020-07-09,252.1914938962529,254.51825822296405,243.03644923101655,248.42120361328125,36803900
2020-07-10,247.1201246915187,248.72511153969427,242.84651173707547,247.87989807128906,20335000
2020-07-13,248.29778124326364,252.29598926981842,238.06954705431886,239.00975036621094,21568700
2020-07-14,234.16631349464225,237.18633677285268,229.0949309563399,236.0751953125,19782600
2020-07-15,238.82928960339714,239.79798254089906,234.1377940818275,236.67349243164062,12614700
2020-07-16,229.60775213461253,232.72275041152827,228.62956749534175,230.301025390625,18032100
2020-07-17,234.1473097596253,235.4578790314231,232.1814341151347,234.70762634277344,18742400
2020-07-20,243.54928919129796,244.7079182260858,239.73149682332308,241.9917755126953,19015000
2020-07-21,248.06981864471746,248.74412295064937,243.61574685136105,244.92633056640625,17120700
2020-07-22,242.8939825619525,243.37832178431196,237.04387250583142,239.03822326660156,19682200
2020-07-23,239.41811679986543,244.69841871443091,236.17965335164305,239.2091827392578,25712000
2020-07-24,232.63728354142765,236.92989432260703,229.72171306141547,236.4740447998047,17221500
2020-07-27,234.67913744227513,240.14937555160998,233.4445310155611,238.24049377441406,18966900
2020-07-28,238.51589623872735,238.99074374427224,236.0276999468547,236.52154541015625,9878700
2020-07-29,237.74664647956425,241.5074451135458,237.51872895042325,239.75050354003906,11493600
2020-07-30,239.03823374629073,241.0895784683263,237.0628663648338,240.0259246826172,7032900
2020-07-31,241.4124639127403,241.6024000127789,235.6193331599872,238.39244079589844,12304100
2020-08-03,241.24153740314125,247.53800564566103,241.2225394448626,244.96434020996094,11530300
2020-08-04,246.9966625404989,249.35191657123002,245.80006655001353,249.01004028320312,10994500
2020-08-05,250.4725537978104,252.59609364454974,248.58742310596776,251.58370971679688,10673800
2020-08-06,250.16865057792197,252.33395385353086,246.16093682419802,252.31494140625,10359500
2020-08-07,244.46099959654995,244.7933986514159,235.11600403862784,239.41812133789062,22529600
2020-08-10,236.79694999390716,239.08571844278566,233.71994744005153,235.6478271484375,13621700
2020-08-11,238.64885307821456,240.15887915990018,235.3629164532945,235.92323303222656,10681800
2020-08-12,236.71148560953716,243.19788989525105,236.17015248807624,242.35267639160156,11112300
2020-08-13,243.49230227403226,244.04311259307931,240.1588637233606,240.95660400390625,8794500
2020-08-14,242.63758651222406,242.90349995922494,238.98125487916786,241.1940460205078,7876400
2020-08-17,240.2728461122331,244.4277619293913,237.50449143532725,244.03363037109375,9760000
2020-08-18,245.69557946013254,248.269273715915,243.178893566787,246.16094970703125,13267800
2020-08-19,247.76592868120488,248.14580086359874,244.43249014224014,247.4810028076172,14096500
2020-08-20,243.96717048765044,245.85705432545913,241.3934760856585,244.99282836914062,21460800
2020-08-21,245.99948484280276,253.9769167269703,245.31570331088037,252.4289093017578,25648200
2020-08-24,259.49464527563674,263.03701796032755,257.9561440558034,262.1347961425781,22475800
2020-08-25,264.072182042153,274.5758061316385,262.1538086291305,271.6127624511719,27535500
2020-08-26,274.7087900607084,277.7668091766245,269.808360292088,277.27294921875,19530300
2020-08-27,275.57301754955927,275.6489803991395,267.9089717589151,269.8748474121094,14805800
2020-08-28,270.7485421261457,274.9367005239308,269.3050161701817,274.46185302734375,9681500
2020-08-31,274.10095388674625,274.64228696807817,269.342972877211,272.5909423828125,13253800
2020-09-01,274.6517902966839,283.00909423828125,274.3383747339999,283.00909423828125,13797100
2020-09-02,283.95880791892324,283.95880791892324,275.2121249940823,281.17620849609375,12638600
2020-09-03,274.46186663872373,276.1076897665298,264.16717588005804,268.2888488769531,16766200
2020-09-04,265.53471807296194,269.5044360718224,253.9389506626526,267.23468017578125,15885800
2020-09-08,256.6360717931854,260.1879215629115,253.17916833070538,256.4366149902344,12734000
2020-09-09,260.6438312218331,261.77397070697003,257.25341276642257,259.4092102050781,9465700
2020-09-10,261.0711609537204,263.16050163671173,253.94844814678513,254.0908966064453,10676800
2020-09-11,258.91536276060503,260.71977753572355,254.63222886629063,257.9466552734375,9412800
2020-09-14,261.5080279989602,262.3912664657919,258.08914883566797,260.3114318847656,7883300
2020-09-15,264.0152298046385,265.0599001794809,260.97619398371404,263.97723388671875,8291400
2020-09-16,266.8927969647522,269.338273295173,264.015222141712,264.148193359375,9583500
2020-09-17,259.3711652255957,262.02082216272396,258.62188352629056,261.8498840332031,8016900
2020-09-18,262.0968390365887,263.32192473096603,256.9399731107251,258.7064208984375,11753500
2020-09-21,255.56293997984298,260.42537392689957,252.9987517897285,260.0455017089844,9076400
2020-09-22,262.134787078241,262.41971294986286,256.4651071234014,261.4415283203125,9673300
2020-09-23,261.54600422182875,263.8537561779809,257.8421994189194,259.2192687988281,7353200
2020-09-24,254.4517864126351,257.604780917333,253.88578926508254,256.1612548828125,9562100
2020-09-25,254.109903783191,258.1366013987917,251.25131249495806,257.45281982421875,11466600
2020-09-28,261.6694411787261,264.81292905771363,260.40540326356535,262.12530517578125,8761700
2020-09-29,261.5745113220435,265.2498266780898,261.0711740843337,262.9990539550781,7673300
2020-09-30,269.7229144328831,280.1600543000686,269.43798851364977,279.1913757324219,24777700
2020-10-01,280.40694656144944,280.7203331497949,273.74957553682214,275.4590148925781,16304000
2020-10-02,272.2016002503736,277.2910245508039,272.09714770271665,273.67364501953125,11482800
2020-10-05,274.51885241944615,275.4115680966959,270.5491340143785,273.7685852050781,17876400
2020-10-06,272.9518439072518,281.90746081720596,272.47699640641787,277.68133544921875,15860400
2020-10-07,282.9996004680809,284.4431553999399,278.13716676209316,281.5845642089844,16669300
2020-10-08,283.11357522117214,287.0927997680219,280.57886210667783,285.4213562011719,15105800
2020-10-09,283.53142072957274,287.38717997597723,282.76217012509835,284.66156005859375,11442200
2020-10-12,288.6598397096754,294.06360719353796,286.1288941314332,290.9295959472656,14780100
2020-10-13,290.9485514786243,294.414961476374,287.78607982446186,293.246826171875,10898500
2020-10-14,293.45574297436286,294.36744202193245,285.66823270053374,285.89617919921875,15157800
2020-10-15,279.02035320961426,284.7783713071427,277.89021394713257,284.3956298828125,9709900
2020-10-16,288.69777467734684,294.4054509195393,287.71011274158377,291.85076904296875,12338000
2020-10-19,294.3010064950243,298.0237947791549,288.1469722724672,289.9324035644531,14107300
2020-10-20,292.1261882652175,296.11488988218287,291.613344849325,294.2250061035156,8806100
2020-10-21,296.0674155118321,298.2042292565045,292.2211623643783,292.4775695800781,11139700
2020-10-22,295.79200235145925,296.162397320228,288.90671346722905,290.8725891113281,8008400
2020-10-23,291.81281351649096,294.7188783091938,288.7643002501057,294.32952880859375,6231400
2020-10-26,294.329478903964,299.5907681891999,287.94752752351616,291.4328918457031,9350100
2020-10-27,292.2686295400597,303.2566073935702,290.23626837517105,301.186279296875,13175900
2020-10-28,297.7293988510866,297.7293988510866,290.6066859599123,292.4490966796875,13644500
2020-10-29,293.8736261287075,299.70473841759144,293.3702889328475,296.836669921875,11174500
2020-10-30,293.0283882288795,295.1936917255352,285.0889517352728,289.3625793457031,14918500
2020-11-02,295.30766755448246,295.77300882335953,290.0273657497546,295.20318603515625,11857600
2020-11-03,271.80271922244697,279.47624203150264,266.6553595961493,271.20440673828125,58132500
2020-11-04,273.3127513699793,284.12028586657664,270.9479909457882,280.8343200683594,28791200
2020-11-05,274.547306981174,276.598651531362,265.5347112665854,273.27471923828125,50065200
2020-11-06,276.82661214855574,285.7537691688237,275.20835119347595,284.8610534667969,25259600
2020-11-09,288.4888389676104,288.70727925070435,275.88639678397897,275.9148864746094,22559900
2020-11-10,265.8861268118187,265.9146165042913,251.03288217838747,253.13172912597656,61064000
2020-11-11,248.74410969441635,258.24105902788324,248.06505231257086,252.2864532470703,41699000
2020-11-12,257.40534334196843,257.5572980212881,249.80778327033624,251.01388549804688,27119100
2020-11-13,251.40326612837035,252.08704770009325,244.2330803410139,247.71844482421875,33942800
2020-11-16,247.31959117821134,249.36142968561055,244.10011113171188,245.3157196044922,20864200
2020-11-17,247.1866171744017,247.1866171744017,243.63476709511704,243.8816680908203,19739500
2020-11-18,244.79338329422342,245.31570393167902,239.8454661536521,242.96046447753906,28307100
2020-11-19,242.17223108389356,248.25027344010894,240.8046679309461,246.81625366210938,20752800
2020-11-20,250.6909974634606,258.66842989464055,248.72512180158495,257.12042236328125,34178400
2020-11-23,260.9287243457323,261.8594359617738,253.00922724155112,256.5221252441406,25317100
2020-11-24,262.33899758257775,266.4939134161499,259.07679741241026,265.8766174316406,20660500
2020-11-25,261.830924618189,265.27829314306206,260.2639046731476,263.7492980957031,15229300
2020-11-27,264.7749561791444,264.888943925116,261.7986094787737,262.5716857910156,9583200
2020-11-30,255.43945230926698,255.43945230926698,249.31390827805652,250.1116485595703,30476100
2020-12-01,252.11551990262015,252.30547048585245,248.41171538870913,250.72897338867188,14573100
2020-12-02,248.82008678333852,249.86475706631165,247.02514934499501,248.17430114746094,13919700
2020-12-03,250.5105433058018,255.08808011342862,249.90275358303813,253.48309326171875,15520500
2020-12-04,257.38633962745376,257.652253079689,252.87528818183978,253.80599975585938,15527600
2020-12-07,252.33396017337995,252.59036737659093,249.38990002763848,250.71946716308594,11388700
2020-12-08,251.85913220178995,254.89813889209927,250.5960215885065,252.704345703125,9447700
2020-12-09,254.10038817917382,254.43278722080905,249.8647566559564,250.52952575683594,9060700
2020-12-10,248.81058903701137,252.70434441582742,248.0603508384685,251.54571533203125,10290300
2020-12-11,250.99490656573806,251.97309128333592,249.294944353931,251.23233032226562,7771300
2020-12-14,247.22460548507044,247.73269578000242,243.15040588378906,243.15040588378906,18369900
2020-12-15,242.49512868310754,242.81802151968247,239.60806212992625,242.27670288085938,16595600
2020-12-16,244.77437977515135,249.9407228884558,244.10961066526642,248.71563720703125,15804800
2020-12-17,251.38428960402757,251.5267380640721,247.110661908335,251.1278533935547,14306600
2020-12-18,250.62450477786254,251.57419977814425,246.16095566597338,246.9207000732422,15981800
2020-12-21,242.33366542633053,247.35754547613357,241.69737153098805,247.3290557861328,10901800
2020-12-22,244.89783582875845,245.34419362131496,242.5615943314408,242.96046447753906,11468400
2020-12-23,242.6470762841792,244.40401785805767,239.82648093089523,243.29286193847656,10729200
2020-12-24,216.75363957230107,218.33487537604555,200.6040714103739,210.83229064941406,141830000
2020-12-28,205.96986945938158,213.67189698345967,204.48834748286686,211.1741943359375,73512100
2020-12-29,220.10131139852896,227.15755289344392,218.04998118000674,224.37493896484375,69715900
2020-12-30,231.10639198847707,231.14627176007005,222.8411933962633,226.39779663085938,44812300
2020-12-31,225.51458993273357,226.90113657211768,219.40518854182932,221.02252197265625,23451800
2021-01-04,215.10592167570363,218.79074298441716,213.71936057266117,216.3880157470703,24897900
2021-01-05,217.5276416373858,228.64856192063718,216.6444177560684,228.30667114257812,35823800
2021-01-06,223.13083779191854,226.31232184467277,214.4981137027762,216.1600799560547,37146100
2021-01-07,217.77456254162024,218.38236677428122,209.01837330500064,215.4857940673828,49361800
2021-01-08,216.41650829104864,226.59724018217443,215.27971742658832,224.3084716796875,34884900
2021-01-11,218.33487131849188,219.21334207811137,214.49810995410255,215.93214416503906,23036900
2021-01-12,216.89607965328267,218.19241849906274,213.81432412493973,214.25119018554688,18969900
2021-01-13,218.3728607683255,228.3921454646192,214.90646547996872,223.46322631835938,38805100
2021-01-14,232.9696727517133,233.3400532135127,229.3228475138121,230.7568817138672,31381600
2021-01-15,233.8623959952104,234.5651755187879,229.96864066134987,231.21275329589844,21561600
2021-01-19,237.42376214018148,240.15888851721922,234.5651852608444,238.99075317382812,23681900
2021-01-20,254.04341774817533,255.46796027760433,249.48489324695925,252.134521484375,44640800
2021-01-21,250.84294506158824,251.28930287101628,244.92633477617235,246.9207000732422,20709900
2021-01-22,243.88168593113247,247.23410841770914,242.64709391512852,245.61013793945312,13518200
2021-01-25,250.3585849377104,251.85911922993975,244.8788553598122,248.2312774658203,19478600
2021-01-26,250.52951482801018,252.618855299382,247.9843393318952,252.5428924560547,14681200
2021-01-27,251.79264312601083,252.5429103004332,246.87322992045972,247.1581268310547,16050400
2021-01-28,246.13245977892984,248.4117219257477,244.38499551789914,247.64247131347656,10244900
2021-01-29,243.15040701135513,245.87602699413804,239.60804875792425,241.0610809326172,14693000
2021-02-01,245.78103875407226,251.66915897203413,242.35740704584234,251.374755859375,15289300
2021-02-02,251.26082370449262,251.66918561594426,241.26052160075847,241.6973876953125,30534300
2021-02-03,251.38429289082376,254.78418843870818,248.10783335499673,250.17816162109375,29179700
2021-02-04,256.01875956107,256.408137980156,252.19911232562643,253.5305633544922,16763000
2021-02-05,251.29877760298768,253.0462418905565,249.96921041235146,252.30548095703125,11018700
2021-02-08,251.65018652772443,251.6691699936859,248.64914690953546,249.38040161132812,10721100
2021-02-09,249.7698020142129,253.7585328788801,249.33295039952432,253.084228515625,12432800
2021-02-10,255.18307363677908,256.7975378456852,251.28931810312267,254.31884765625,13090800
2021-02-11,255.23053585171542,260.4633646704267,253.75852016813204,255.40147399902344,15295800
2021-02-12,255.5534212283508,256.65507089397875,252.31495783650098,254.3758087158203,9355100
2021-02-16,257.3673248632684,260.49182928387296,256.7975021113738,257.0824279785156,16708700
2021-02-17,257.2629104673994,258.6171707631425,254.3378334325339,257.2059020996094,13262400
2021-02-18,251.88760844502818,252.78980128109924,249.13346983388868,251.20382690429688,15382300
2021-02-19,252.66633489230077,255.83834159304848,249.6273283811418,250.33009338378906,14718400
2021-02-22,245.0118080209794,246.40786085446462,241.2225341796875,241.2225341796875,14403500
2021-02-23,234.86908736650332,242.0772695289455,229.4653200553592,240.03543090820312,15980300
2021-02-24,239.32314024591312,239.32314024591312,235.6193355385856,237.74664306640625,12831700
2021-02-25,237.4237600534064,237.74665288919192,227.9932952598593,228.09774780273438,17967300
2021-02-26,232.32388323841812,232.58029044454972,225.6950019686516,225.79946899414062,17470700
2021-03-01,228.92399506309204,230.57645517834192,227.22403280583126,229.53179931640625,14043300
2021-03-02,226.7776649967333,229.0664334480639,222.48505398642544,222.62750244140625,14644200
2021-03-03,225.55256600102646,227.5554666428485,222.65694972675635,224.3844451904297,13571700
2021-03-04,223.17833658412843,224.47941416447856,216.87236203646302,218.9047088623047,22964800
2021-03-05,223.57719294289,224.53637966654324,216.8533506706555,222.12416076660156,15988400
2021-03-08,217.49916819711277,219.19911599009743,215.13442226459097,215.286376953125,17138400
2021-03-09,221.63982682686057,226.73019267746852,221.35016231240087,226.16036987304688,15291300
2021-03-10,228.8764879517111,229.18513591896712,221.88673238731394,222.51353454589844,10491200
2021-03-11,225.26764623250105,229.56027159724883,223.1783201759019,228.68655395507812,15162500
2021-03-12,221.93898503673734,223.60568994569326,218.15063861132418,220.20578002929688,17778400
2021-03-15,216.91983006056876,218.85720140971182,214.87797719461238,218.6957550048828,14499700
2021-03-16,216.59693311689526,218.2873889601287,214.18469984091394,215.51426696777344,19336600
2021-03-17,215.10592656241724,223.7766469148975,214.4506346662185,221.60183715820312,16949500
2021-03-18,226.5592318957931,227.45194749473947,223.71014695848947,224.536376953125,14822300
2021-03-19,227.60390546197502,229.44631606667633,224.96755123441403,227.72735595703125,15959700
2021-03-22,223.99031727473138,226.5307543785792,223.1783320815017,225.19168090820312,12063200
2021-03-23,225.36263724566007,228.9904647848572,223.6531832651395,225.71401977539062,12295600
2021-03-24,224.91626315944174,225.36262095796226,217.70808176133494,218.04046630859375,15949900
2021-03-25,213.6813709040819,217.70808284372694,211.3071334495921,211.5160675048828,24819800
2021-03-26,210.83229196538056,217.70713262738354,209.33177211244922,215.8276824951172,22030800
2021-03-29,214.1467363908077,220.69013453300428,213.77635591072848,220.1962890625,18029100
2021-03-30,217.7365882905767,218.85722149441764,215.23888567052254,217.71759033203125,14828700
2021-03-31,218.32538046374432,219.8733879331542,215.0774253399778,215.3243408203125,16825400
2021-04-01,219.07564294547151,219.61697606928672,212.2568395739917,213.07357788085938,23497500
2021-04-05,215.13441416529625,215.17241008159766,211.3261423086637,213.96629333496094,14962100
2021-04-06,214.65956782774097,220.32924835195553,214.38416264342737,218.97119140625,18100400
2021-04-07,214.7355378427523,216.71090518917558,213.49143970663278,214.0802459716797,18034900
2021-04-08,217.00530781751522,217.87902547985013,215.2198765777202,216.75839233398438,12211300
2021-04-09,213.53892389495607,213.74785795165738,210.1865017458789,212.07638549804688,19763000
2021-04-12,225.92294801178286,232.5898111180875,224.74532096867387,231.73507690429688,57500300
2021-04-13,231.40268968964799,233.33056940127852,227.6323993394277,229.7217254638672,20793000
2021-04-14,232.07697332970707,232.76075492087315,226.64471651721902,227.19554138183594,12405200
2021-04-15,227.9268022302888,228.8290095908779,226.14802243451717,227.0625762939453,11288900
2021-04-16,229.7217299341199,229.7217299341199,225.8564787023707,226.68270874023438,14418800
2021-04-19,225.4955830462168,226.4262800883833,221.09849056044547,222.96939086914062,11216000
2021-04-20,221.15548163481918,222.82695419702245,216.93883329463765,218.31590270996094,12093900
2021-04-21,217.79355848189968,217.9455131614562,214.69755796471355,217.8980255126953,14315900
2021-04-22,217.25698306620401,222.22863713037108,216.3595287978303,217.81256103515625,11986200
2021-04-23,219.04714104733984,221.27893004383088,218.91418432996562,220.40521240234375,8967000
2021-04-26,219.85438747895358,221.74428570262242,219.208601849476,220.9940185546875,7792900
2021-04-27,221.69680813374748,225.01123448436016,220.4052223248818,224.0520477294922,11646300
2021-04-28,225.61904462974445,227.18603555912412,224.44141763105728,224.81179809570312,9187700
2021-04-29,225.82796615701022,226.07489612971685,220.89906131272156,222.39956665039062,9552800
2021-04-30,220.11080332606412,222.08617056735267,218.9141784108556,219.33204650878906,9326400
2021-05-03,219.63596812018082,224.28946785363274,218.81447672306675,219.10414123535156,13620900
2021-05-04,218.6672748980393,219.83539569663733,214.10873597586706,216.43548583984375,13260500
2021-05-05,216.53045520551592,217.76506157641802,215.32433852468733,215.371826171875,10013800
2021-05-06,215.68522960536652,216.94832568011293,211.6680238580543,215.02993774414062,12247700
2021-05-07,216.4354909448006,217.28071893952634,213.72886881146803,213.9757843017578,10550000
2021-05-10,211.6585195634252,211.6585195634252,207.5653364407071,208.48654174804688,17266700
2021-05-11,202.95931082955804,210.25296097079624,202.2850210499326,210.24346923828125,13887700
2021-05-12,213.43445587751026,213.9567765256475,207.98320145363041,208.83792114257812,20366900
2021-05-13,202.42748623112283,204.6592753082245,194.1081631338,195.71315002441406,51693900
2021-05-14,199.363756149801,200.3286523501597,195.6561549985782,198.9705810546875,31626800
2021-05-17,200.02002097303927,202.4274868248254,198.90412643121562,200.43313598632812,20529800
2021-05-18,201.81018200739464,204.34586584943824,200.78450969636657,202.96881103515625,19519400
2021-05-19,200.4806263799351,202.1995720635041,199.54991481803236,201.84817504882812,17030400
2021-05-20,202.28028414026272,206.6821297886437,201.93365473576813,206.07432556152344,19123400
2021-05-21,204.40286897525513,205.02967120889969,199.31250274279046,200.44264221191406,22825500
2021-05-24,199.4644423676685,201.34483443537002,198.20134626177332,199.85382080078125,15884200
2021-05-25,202.12358809488487,203.28221715134842,200.39513624333586,200.5091094970703,14116100
2021-05-26,201.62024926089336,202.99730409805628,200.89847179417956,201.12640380859375,9405800
2021-05-27,203.39617332872376,204.62128797522755,201.83867413197444,202.03811645507812,18680200
2021-05-28,202.05710124303008,203.73806543608822,201.39231764699443,203.19674682617188,10401500
2021-06-01,211.80098484145756,211.9054518720346,207.261443860375,208.43905639648438,23052800
2021-06-02,208.3915633910737,208.87591710729674,206.52067760442415,208.54351806640625,13126400
2021-06-03,207.033509227019,207.69829282629783,205.4237692522552,206.12179565429688,12448100
2021-06-04,207.29941776802588,208.05917664547445,206.2167660773001,208.002197265625,8999100
2021-06-07,207.03350081654574,207.41337300321734,204.83970778244785,205.98883056640625,9928600
2021-06-08,206.35921885114377,207.25193446401292,203.9375082096231,204.9631805419922,9443000
2021-06-09,204.383866444051,205.67545221812463,202.5794372571211,202.5889434814453,10233600
2021-06-10,202.75989389960694,203.99450036725838,201.53479365685521,202.35153198242188,10735900
2021-06-11,202.71239965160223,202.72190587619255,200.38564974474838,200.9934539794922,12276600
2021-06-14,201.57276277297711,204.3411173084328,201.567067733103,203.17774963378906,10773100
2021-06-15,203.39619788111932,203.70010726897326,199.09408023629274,199.49295043945312,12167000
2021-06-16,199.19852302041787,200.97444800444237,197.75118589308076,198.7901611328125,10917800
2021-06-17,199.34098170386224,201.80070285355,199.21753120354003,200.95547485351562,11233700
2021-06-18,201.3448348472722,203.08277846309562,199.99626966535808,201.62025451660156,13724600
2021-06-21,199.9583029356598,201.12642383203595,198.47678092246136,200.44264221191406,9273800
2021-06-22,199.8348105242356,201.01243748427623,199.3029836684737,200.68954467773438,11092100
2021-06-23,203.41517398564918,205.44752070217532,202.4084996061356,204.0514678955078,13785800
2021-06-24,206.07431848120214,208.53402499619384,204.71624712731864,207.39439392089844,13488200
2021-06-25,210.55690211405636,218.6672917038398,209.97758753684346,217.0053253173828,27383900
2021-06-28,217.95500045591464,219.27507591388652,215.31484953997088,217.0907745361328,13564900
2021-06-29,215.29585596727415,218.08796161654305,214.2530984971684,217.8980255126953,10273800
2021-06-30,215.57126849358497,216.5114572484018,214.32715589852813,215.371826171875,9348600
2021-07-01,216.59695256936908,217.33771353388892,210.40493691276092,210.70883178710938,13316400
2021-07-02,208.13517029797092,208.45806313655953,205.57099656537324,206.7960968017578,12989200
2021-07-06,204.48834153687642,204.56430438729186,198.84049926113096,200.95547485351562,23719900
2021-07-07,200.9649595892585,201.38282770797377,197.36562191431696,197.53656005859375,18340400
2021-07-08,191.56298787317485,192.10430649636345,188.28652847810213,189.7965545654297,33992500
2021-07-09,191.8858870440657,196.8413979993775,191.36355187025006,195.5802001953125,16911300
2021-07-12,193.64280595700745,196.06928423313624,192.80708420561072,195.14332580566406,11259500
2021-07-13,198.7046676315955,202.10457724535166,197.7169912731387,198.9705810546875,17375900
2021-07-14,204.65926882335762,205.46651535533394,200.4141310903246,200.86048889160156,19484200
2021-07-15,204.28889624572108,205.70394704175504,202.43793578347956,203.9564971923828,14283600
2021-07-16,204.0419897886353,204.3743743654894,200.82252410934245,201.43032836914062,11150200
2021-07-19,195.73214670293115,198.56223376573223,193.0160184037663,198.40078735351562,15865800
2021-07-20,198.48626520571435,200.86050282779226,197.03037817460287,199.99627685546875,9986800
2021-07-21,198.62872036283824,201.1929086740848,197.93544701135446,200.46163940429688,7650300
2021-07-22,201.94313791610958,205.50449405493148,201.90515649342137,203.272705078125,10563100
2021-07-23,195.91258615886576,196.48240898729452,193.31992272102764,196.14051818847656,25539900
2021-07-26,188.39097895078646,188.58566815071453,181.2777731872225,182.11349487304688,55736800
2021-07-27,174.35449339130207,177.49798137521654,170.63169090492156,176.70974731445312,59265700
2021-07-28,180.66048307626403,188.03961758130788,180.2141252489723,186.14971923828125,34535200
2021-07-29,190.9314384531902,191.02166064169953,185.10506457290958,187.60275268554688,23363200
2021-07-30,180.99287709545615,186.18295685727605,180.90740802227754,185.3709716796875,17250600
2021-08-02,186.39664761804212,191.9048816909435,186.37764965990493,190.02447509765625,17889200
2021-08-03,185.20001863691274,187.5077850460569,182.34144187435874,187.4508056640625,20115900
2021-08-04,187.5552773422831,193.04925209658623,187.00445248402838,190.61329650878906,22327300
2021-08-05,189.24572677268657,190.21440523935917,187.69771928497101,189.25521850585938,9881400
2021-08-06,189.22673320194878,189.2932188092869,185.83631501640826,186.51060485839844,11967700
2021-08-09,184.79165408957067,185.66537174708407,183.12019611317928,185.42794799804688,14657200
2021-08-10,187.34634278379357,188.46697596436547,185.25985688871413,185.88380432128906,9983700
2021-08-11,186.7100459559259,187.01394082564656,184.93410642186095,185.0575714111328,8985100
2021-08-12,181.55319890147018,183.27214460379813,180.14290118863713,182.0185546875,12873400
2021-08-13,179.12199325118996,179.73928926923045,177.31757835907368,179.13148498535156,15377000
2021-08-16,175.69357879012531,176.89018929910858,172.37913795179455,173.51878356933594,21020700
2021-08-17,167.070343411132,168.9412437288272,164.43968419178665,164.99050903320312,40558000
2021-08-18,165.34189781542779,166.53850824445556,163.45199963410755,163.679931640625,34339800
2021-08-19,158.31415994739416,158.8497980347361,151.48585030510688,152.47354125976562,66663000
2021-08-20,155.8639344891775,158.5325750474146,147.67756845082243,150.01382446289062,75948900
2021-08-23,151.2674296759264,153.3472641989951,145.1134096763781,152.9578857421875,88699200
2021-08-24,160.53644501600925,165.39128565212886,159.6988248785578,163.06263732910156,62786400
2021-08-25,160.2135428724416,161.07776879639445,157.72534662095092,160.5934295654297,26055400
2021-08-26,159.03592097123453,159.97610968713118,156.5287269101855,156.92759704589844,18816500
2021-08-27,151.94170616848814,153.63216208584697,150.57414306878312,151.44786071777344,31718100
2021-08-30,152.1126431022665,155.07568680063108,150.27023252375176,154.12599182128906,23769400
2021-08-31,159.2638444089763,160.49845077471315,157.7823225665702,158.58956909179688,24629100
2021-09-01,161.03028940360352,165.99719042808718,160.811863600935,164.5631561279297,29550200
2021-09-02,169.05519570948468,169.21664211478864,163.03413310191095,163.3475341796875,29302400
2021-09-03,160.99702522894958,163.404505324736,160.3844824403037,161.73304748535156,16423500
2021-09-07,165.38938576933836,167.94406775093321,164.64862479586728,166.3485870361328,24608500
2021-09-08,165.4843659540327,165.59832472525426,160.7453823377148,162.12245178222656,18993000
2021-09-09,158.883971403414,160.53643137710048,157.25049489546984,158.90296936035156,17295800
2021-09-10,162.58778364429,163.0056517694159,159.17838201886113,159.64373779296875,15064300
2021-09-13,156.2153478232692,158.46801885657788,154.81929490622855,157.0890655517578,15458600
2021-09-14,154.66733844250265,154.86582436275603,151.45736449439963,152.09365844726562,20925900
2021-09-15,150.00432283215238,150.0803001713392,146.17705312919114,149.91885375976562,31796600
2021-09-16,147.1267499268435,149.70897959818697,145.93963115856158,148.3993377685547,24358900
2021-09-17,150.50765963742597,152.31208883328185,150.1372791668401,151.99868774414062,25489000
2021-09-20,146.6329100563743,147.33568961084174,141.59003165489676,143.8693084716797,36177500
2021-09-21,143.95478015424848,144.90447522230036,142.04684021208163,142.6251983642578,19494700
2021-09-22,143.85030585588646,146.25303309747792,143.4229459950746,144.24917602539062,19832000
2021-09-23,144.90445649788097,144.9994172976974,142.08386135094582,143.58438110351562,24707500
2021-09-24,140.2794715843949,140.55487679116968,137.29742950779772,137.78176879882812,32067400
2021-09-27,137.6298075231357,143.3944635419851,137.1739579480059,142.6251983642578,24287400
2021-09-28,144.5055884991008,145.99660204992614,141.37159223486546,144.72401428222656,26299600
2021-09-29,142.8911168526319,144.4486160814479,140.06101530359155,140.15599060058594,17361300
2021-09-30,139.63366294225227,142.05538823360146,139.4760132151474,140.60235595703125,14291500
2021-10-01,139.69063234062915,140.9822181042676,136.12927613477262,136.94601440429688,20211000
2021-10-04,134.57177227706825,134.76170836990235,131.46626571548808,132.6059112548828,25218500
2021-10-05,132.36849820965503,136.5946382042089,132.18805383496687,135.93934631347656,14032100
2021-10-06,133.48913045489303,137.60321000060372,132.91932213435675,136.85105895996094,14875900
2021-10-07,143.45143269079003,150.32721521846432,143.1665212924664,148.1524200439453,46035900
2021-10-08,151.81824764977998,154.59135539066122,149.96634524471156,153.39474487304688,33499200
2021-10-11,161.07776102493827,161.25820538400234,155.70248413085938,155.70248413085938,42193600
2021-10-12,155.58378848584334,157.39295639467935,154.0785299484258,154.80029296875,24512700
2021-10-13,156.11087430250848,159.8004342922102,155.37011333539613,158.97894287109375,18595000
2021-10-14,159.79566591829462,160.48895366045744,156.1868367272645,158.39012145996094,17403700
2021-10-15,158.5895651469958,161.25820564176928,157.1127819621858,159.5487518310547,20762800
2021-10-18,158.20018384373782,160.7358675785596,158.20018384373782,158.42811584472656,18945900
2021-10-19,162.01796633949093,168.51387640271903,161.87550340045115,168.09600830078125,33538900
2021-10-20,171.8473067087872,172.92995842508859,167.26978436133592,168.26695251464844,33714400
2021-10-21,168.0960333598311,170.73618458889877,167.82062815587682,168.49490356445312,16444000
2021-10-22,170.0713716184367,172.92994817141494,166.96586510665858,168.7607879638672,20807300
2021-10-25,168.91275667625607,169.31162684533334,165.08548690859047,167.30776977539062,13119700
2021-10-26,165.70278098061215,166.1016511451305,159.05491592291483,161.43865966796875,17577000
2021-10-27,159.10240974927356,163.7749076323091,158.92196537210978,160.71688842773438,11801800
2021-10-28,160.01411113164906,161.78054436012803,158.38063461967084,161.2487030029297,12440100
2021-10-29,158.66555524159807,160.08059155857677,154.5343760744167,156.6427001953125,17155400
2021-11-01,157.4974077322705,163.2478182155784,157.45942631022695,161.60958862304688,17609500
2021-11-02,158.69403753026447,158.69403753026447,154.57235028880135,154.70530700683594,19072900
2021-11-03,157.04156782905937,158.26666801892097,154.90475405117368,157.87730407714844,13569700
2021-11-04,160.76436454534536,161.39116670804475,156.22482371463516,156.50022888183594,16669200
2021-11-05,156.50498929256432,156.50498929256432,150.3367247665464,150.74508666992188,22098200
2021-11-08,153.62741462661586,154.00254821777344,151.45735802384823,154.00254821777344,16223100
2021-11-09,154.00255324540947,156.20583823256163,151.51434235297143,152.13165283203125,14010100
2021-11-10,155.44606167406596,158.10521041885642,153.67964298754666,155.7214813232422,17216800
2021-11-11,158.1812115155343,161.0967823910421,158.1812115155343,159.4063262939453,16747500
2021-11-12,156.86492230919728,159.35882816996295,155.18016136323348,158.4186248779297,13741800
2021-11-15,158.8080010713382,159.98562810308877,157.33597090444894,158.16220092773438,9655700
2021-11-16,160.1185837059036,161.39117153524455,158.28566481007144,159.95712280273438,11887500
2021-11-17,159.5677593639019,159.8336728069499,153.02909995690752,153.45172119140625,18829500
2021-11-18,139.51970913203346,141.02972084705402,134.75223572330495,136.376220703125,61571500
2021-11-19,135.8443552761032,137.7627430762097,132.9572890891501,133.28018188476562,28575700
2021-11-22,132.86231261030002,133.62207143938537,128.4082556383158,129.747314453125,26390400
2021-11-23,129.18890431505352,129.96576280181011,126.60383448360686,126.93623352050781,24102900
2021-11-24,126.40440400928175,129.8802765230875,124.61897286090424,129.65235900878906,20010400
2021-11-26,126.2429534087936,127.24013608874347,124.61898302222039,126.64183807373047,14814900
2021-11-29,127.49655894656502,127.7814703564167,123.98269020158423,124.98936462402344,18648900
2021-11-30,123.36633004736345,124.71395326895701,119.78502669772088,121.1146011352539,32625400
2021-12-01,121.91234433378332,122.6578583978058,115.76782367830675,116.32814025878906,29203800
2021-12-02,116.8314710123265,118.71187022474945,113.33659326308597,115.86278533935547,34478600
2021-12-03,112.06400091694475,112.24444527091062,103.23183523457377,106.32784271240234,70266500
2021-12-06,107.9233399372091,117.59123539124987,107.72390485535612,117.3823013305664,43111400
2021-12-07,122.7955715655547,122.93802002507074,117.24934876445525,119.22471618652344,38542800
2021-12-08,117.0119172114001,120.58277235261026,115.21699428505939,118.78784942626953,22275000
2021-12-09,118.36048635627021,121.33303637144748,117.01381952916509,117.67671203613281,23499300
2021-12-10,117.02141694336997,118.91130793043047,116.60354883233435,118.76885223388672,15008300
2021-12-13,116.81248372184639,117.04990746924852,113.72597500561875,116.09071350097656,15820500
2021-12-14,114.84661652079699,121.22856807347839,114.2483112798323,120.21239471435547,17691500
2021-12-15,116.46109813186087,117.37280448501542,111.84557973766731,116.30915069580078,24893500
2021-12-16,116.16668923436073,119.3671639135452,112.91873415371039,114.20082092285156,22533400
2021-12-17,113.4790590220732,116.68903291485769,111.88357105490881,115.957763671875,19781100
2021-12-20,112.53886811629584,112.85226923480387,107.97558292099679,109.21493530273438,23970500
2021-12-21,110.97186014666956,116.79349517822266,110.73443639485998,116.79349517822266,18036300
2021-12-22,111.19978623744801,112.69081437225594,109.3573828285784,111.8835678100586,24502000
2021-12-23,110.92437789357763,113.57402054345326,109.5853044778189,112.69081115722656,17563300
2021-12-27,111.87407477408739,115.67285480382758,110.26148726073785,110.72493743896484,17864400
2021-12-28,110.41154006415577,110.56348749277788,108.71158518570981,109.02498626708984,17052100
2021-12-29,108.07529403224123,108.45516623623396,104.82733162155974,106.45130920410156,21100500
2021-12-30,106.96414535494458,118.04709152334456,106.6507515112668,116.80298614501953,45437100
2021-12-31,115.13152814017782,116.72701603141684,112.62432667200407,112.81427001953125,24287000
2022-01-03,113.37459236534853,115.81530835197437,109.99368030877997,114.32428741455078,16775300
2022-01-04,113.51704253577155,114.78963760735084,109.94618729614953,113.5455322265625,20824000
2022-01-05,112.06400857796805,120.2503819825026,111.77909718334429,115.06504821777344,36651100
2022-01-06,118.00910746280883,121.94083709528802,117.25409440086644,120.25988006591797,32045800
2022-01-07,123.68829127193597,127.14518075095351,121.73190725294313,123.27991485595703,38113000
2022-01-10,125.35024782800284,125.9295623556226,119.88000261838573,121.84587097167969,23372200
2022-01-11,122.7101044437698,127.4775631866393,121.05762983108967,125.54019165039062,23616400
2022-01-12,129.177513684641,131.72268924467855,128.7643986918972,130.49758911132812,25961100
2022-01-13,128.39876246044054,129.08254402697176,124.69495771772618,124.76142883300781,19887700
2022-01-14,126.1289980933506,127.6010283286768,122.84306131402025,124.95138549804688,18614900
2022-01-18,119.91798474135733,125.4832052795705,118.5409298863878,122.13078308105469,26122200
2022-01-19,121.6559391738378,124.27709224054747,120.73472658958386,121.31404113769531,14665200
2022-01-20,128.94010512503317,129.87080224630154,124.10614615242793,124.43854522705078,28966400
2022-01-21,121.7793819096423,122.47266967119835,116.35758092089793,117.03091430664062,26341400
2022-01-24,113.3176137411628,114.70416765282779,109.51883351887025,114.3147964477539,28509300
2022-01-25,113.87792904652783,116.2996469091603,112.1019968174525,113.14665985107422,22224100
2022-01-26,114.84661532197175,114.84661532197175,107.27944344614247,107.66692352294922,27513200
2022-01-27,107.4200018319905,108.77806596931552,104.72286426924248,106.1664047241211,21472700
2022-01-28,107.5529579644408,109.5188263102583,104.52342861797695,109.43335723876953,18892400
2022-01-31,112.22545678256975,119.5381126541364,111.58916286940682,119.4621353149414,20346500
2022-02-01,118.53143713500911,121.56096666982509,116.78400171701753,120.82020568847656,15036100
2022-02-02,121.20957593706613,121.20957593706613,115.07454681826079,116.69852447509766,14050100
2022-02-03,115.43542981250839,118.96828911593128,114.65668020459721,117.25884246826172,16651500
2022-02-04,115.16950934157249,117.70520049557678,113.64050705912048,116.07172393798828,13538200
2022-02-07,110.25959194308847,110.6869590555334,107.88535435927693,109.04398345947266,28589200
2022-02-08,112.21596498468173,116.09071508862081,110.92437920150276,115.767822265625,22340500
2022-02-09,116.89795767588967,120.42133261063577,115.80581418869892,120.13642120361328,18253600
2022-02-10,117.86664468981755,121.88385040253517,117.19236212267481,117.7431869506836,16116600
2022-02-11,119.03002026098673,120.34534984602877,115.80580896995048,116.10021209716797,13889900
2022-02-14,114.49521851396155,116.22746693640852,113.36508647355947,115.78680419921875,13154900
2022-02-15,117.54374801921429,120.4260758480271,117.17146919887965,119.88949584960938,14634700
2022-02-16,119.29119339929129,121.1620937692764,118.24653031452341,119.24370574951172,17993300
2022-02-17,118.71187333794869,122.8905254829663,117.81536103864137,118.17054748535156,15906000
2022-02-18,114.79912673140015,114.79912673140015,111.30424891038398,113.00420379638672,21201400
2022-02-22,108.26523499149876,109.07247432959645,106.4228242879643,107.24906158447266,21755100
2022-02-23,109.30989522863096,109.59480663254631,104.08657262456816,104.2005386352539,24489200
2022-02-24,95.0397704292787,103.46926231745827,94.98848609026699,103.45027160644531,35294700
2022-02-25,102.46259078295043,103.08939294745623,98.76827789146554,102.51007843017578,21428400
2022-02-28,100.63918320321616,102.0827164566625,98.42639205064297,99.89842224121094,23063500
2022-03-01,100.52521530007003,105.65356980016385,100.52521530007003,101.70283508300781,21218500
2022-03-02,101.98774446815712,101.98774446815712,98.04650880776659,100.1168441772461,20791800
2022-03-03,100.69615611478049,101.26597164542562,95.98566995153111,96.91637420654297,21725900
2022-03-04,95.24491874844244,99.13866705806024,94.33321235733182,95.53932189941406,24574700
2022-03-07,94.551642098124,98.16048638631443,93.63993566908191,93.6969223022461,20679400
2022-03-08,94.323712967012,95.83373187848439,90.76235649587693,92.59526824951172,23275500
2022-03-09,95.21642822021505,95.89071083963142,93.37401749536579,95.85272216796875,20853600
2022-03-10,90.40147061169081,90.88580985152045,86.25130079620712,88.24565887451172,37671200
2022-03-11,88.5685581568184,89.22384278297885,82.31956328767359,82.34805297851562,39341800
2022-03-14,76.64038010599003,78.30234628018334,73.20248899998397,73.84828186035156,69992600
2022-03-15,71.32209291305026,76.10855657327214,69.59364830621439,72.89859008789062,86209300
2022-03-16,87.37194489016267,100.42075289173032,82.7374356391868,99.69898986816406,159834300
2022-03-17,94.15276426435852,96.76442558492558,90.95228941946651,95.32089233398438,80663200
2022-03-18,95.4443503665843,106.11892045841792,94.58962339179378,102.85197448730469,83781800
2022-03-21,97.63813770212501,100.36376487876753,93.73489078958016,98.37889862060547,58882900
2022-03-22,108.27473957301281,112.2919457585454,106.71724020026562,109.20543670654297,88193400
2022-03-23,109.87970821555163,117.86759578867942,107.01163251369549,111.34223937988281,81605700
2022-03-24,107.18257377065146,110.63946284557794,105.24519518268208,109.35737609863281,55850200
2022-03-25,104.9697890313379,108.13227517573523,103.89663627093552,107.30603790283203,42396500
2022-03-28,108.1322713789464,110.38305109779841,106.28986079274017,109.3003921508789,30168000
2022-03-29,112.40590357252644,113.58352337301862,109.9177000022884,110.83890533447266,28060900
2022-03-30,109.72776278812637,114.06026808008014,109.72776278812637,110.71544647216797,28381700
2022-03-31,109.24341625047727,109.3003956326995,103.24134405460384,103.32682037353516,31240200
2022-04-01,111.70312167529717,112.96621044137697,104.22901987408868,104.65637969970703,55873000
2022-04-04,109.87971831394478,112.27295398301582,107.67168014201711,111.58917236328125,39088500
2022-04-05,109.21492533640819,109.21492533640819,104.68488336051762,105.41614532470703,35226000
2022-04-06,103.74467488784352,103.96310791562466,100.78163126450023,102.26315307617188,23739800
2022-04-07,101.31347262735943,102.12071200582601,97.44821389568197,99.02470397949219,26814300
2022-04-08,99.22413690062832,101.11402792400492,98.13103702695173,98.3219223022461,20814900
2022-04-11,96.00466225246664,98.69230079046935,94.17175789298093,96.4415283203125,23504100
2022-04-12,96.09014272507464,97.18229345073642,94.3901877642894,94.7320785522461,23953600
2022-04-13,94.24773351992505,96.25159062927605,93.26954879031352,94.99799346923828,18330400
2022-04-14,92.3958324706979,94.27718103493012,90.51068721299028,90.6863784790039,20931200
2022-04-18,89.05289445294692,90.4869358913114,87.20099215336184,89.94561004638672,19159200
2022-04-19,87.64735577633931,89.22384576900753,86.37476065988842,88.7964859008789,23870000
2022-04-20,88.77749769192992,88.98642451952176,84.77927509991467,84.91223907470703,20949700
2022-04-21,85.04518751601648,85.48204633302358,81.1039519388816,81.66426849365234,25639000
2022-04-22,82.14861335817127,86.11833854784669,81.96911817194685,82.13911437988281,25130300
2022-04-25,78.53977082407731,81.8352135168244,77.68505115078409,81.52181243896484,24674000
2022-04-26,81.5503084736565,81.90169097016617,79.0905947701012,79.76487731933594,21194600
2022-04-27,81.02797501035676,84.91223122740811,80.51513885417502,83.87705993652344,29351600
2022-04-28,84.16197429363606,86.40325509419476,82.56648638892644,86.33677673339844,17707500
2022-04-29,96.4225350860268,98.312426164008,91.79752493433217,92.20588684082031,44933400
2022-05-02,91.56010510012672,96.22310412222156,90.36348728415845,96.11863708496094,25479500
2022-05-03,95.09295954627538,97.5241837194221,94.42817593189814,95.33038330078125,15216100
2022-05-04,92.80419408659662,96.46051829005701,91.75003208503617,96.3085708618164,17740600
2022-05-05,93.0131315618576,93.5164687576664,89.3188185540406,89.87913513183594,18673100
2022-05-06,88.66353072621865,89.13837825271057,84.24744728072417,85.5200424194336,18568600
2022-05-09,82.5807308169198,84.14297591053428,80.18274948255049,80.5721206665039,23338600
2022-05-10,84.18096263299397,84.18096263299397,79.30902998327679,80.31570434570312,23400900
2022-05-11,81.208422014177,83.11730375993187,77.37165331940932,77.61857604980469,24962400
2022-05-12,76.62139388832036,78.93865203710915,74.08570994421991,77.0107650756836,23833100
2022-05-13,77.9889547454304,83.91504942069342,77.8749887388608,83.56365966796875,20078400
2022-05-16,83.28824517917216,84.59882886249858,81.99665945259986,82.12962341308594,19644800
2022-05-17,88.08421225359248,89.72718781037487,85.03569213833075,87.36244201660156,27330300
2022-05-18,85.4725514807195,87.03005072805367,82.62346643136219,82.9178695678711,18991300
2022-05-19,81.8447137381605,85.55801734551346,81.42684562800196,83.27875518798828,20776400
2022-05-20,84.23794789335324,85.6340007737723,80.46766463757432,82.42403411865234,21020800
2022-05-23,82.68044240433527,83.01758730933643,80.49614830392531,82.8418960571289,13998200
2022-05-24,80.71457837951755,80.83804337030752,77.43813343202689,78.32135009765625,15214400
2022-05-25,79.50846891432751,79.84086072505335,76.99177564066377,78.16939544677734,23093700
2022-05-26,82.90837762004044,90.30649540293867,82.36705175188696,89.72718811035156,50825000
2022-05-27,87.57137544188399,89.74617787032986,85.82394011256031,88.71101379394531,26716000
2022-05-31,93.3835117694722,94.32370779755644,90.64838551235745,91.21820831298828,33790000
2022-06-01,91.07574566847217,92.05393029172022,87.25796797421401,88.68251037597656,23730900
2022-06-02,88.95793443471551,92.71872599876235,88.70151995685703,92.59526824951172,23228100
2022-06-03,90.36347526611927,91.17071451846536,88.34347516593554,88.52106475830078,15855900
2022-06-06,94.62760974932385,97.26776070478674,92.98938731428571,94.02930450439453,37287200
2022-06-07,94.96000062967292,99.2051384214641,94.41867477172894,99.07218170166016,35958700
2022-06-08,102.81398061633188,114.96532615272454,102.38661352775394,113.6025161743164,92337000
2022-06-09,109.21493392520958,112.27295323441119,103.9346316122866,104.37149047851562,72512300
2022-06-10,107.94234088162015,109.04398335170899,102.7949882983491,104.31449890136719,49859200
2022-06-13,98.39790097360866,99.27161864748673,92.67124119886724,93.56394958496094,36396700
2022-06-14,96.85939195023903,100.73889519297673,95.75774950738374,99.93640899658203,28567500
2022-06-15,101.43692146825512,103.16536609269075,99.13106790163985,102.59555053710938,24026100
2022-06-16,97.61915272142556,99.63250878762996,95.45384921857071,96.3465576171875,22357800
2022-06-17,106.87867864104676,107.07811372618697,96.22879437537371,97.09681701660156,73019300
2022-06-21,100.62967866153458,101.67624003129104,98.64481964206581,101.03804779052734,33975000
2022-06-22,98.98671022026046,101.71233015548906,97.89455955223058,99.86042785644531,24233000
2022-06-23,104.42846070950736,107.40100343341486,102.64398590185155,106.47030639648438,33228200
2022-06-24,109.49983295902577,112.14947554967866,108.55013798885416,111.703125,27029900
2022-06-27,113.9349135054395,115.2739797252926,111.95004713204843,112.75729370117188,21724300
2022-06-28,112.99472252848004,114.84662501529543,110.64897454811498,110.88639831542969,18659400
2022-06-29,109.98418116456814,111.19978966642815,107.98982301335417,110.193115234375,13793900
2022-06-30,108.04680330564678,108.83505194087039,105.77703270203044,107.96133422851562,13836200
2022-07-01,107.91384717222635,110.75818648831597,107.23956454839308,110.16462707519531,16679400
2022-07-05,108.74957198507089,114.46673246076612,106.49879231966128,114.08685302734375,20989300
2022-07-06,112.94722592064359,113.9633992743493,109.69927078026811,113.12767028808594,20222700
2022-07-07,114.56171185973186,118.7118818578994,114.56171185973186,116.2331771850586,24202000
2022-07-08,116.10970859746138,119.50961106983489,114.62817952316921,114.81812286376953,27221400
2022-07-11,109.65178564339917,109.76575165369859,103.83015780556552,104.0580825805664,31249900
2022-07-12,105.28319241347809,105.41614913905066,101.6743483735416,103.71619415283203,22318500
2022-07-13,101.46541208740672,105.07425604843247,101.3799430138067,103.61172485351562,16861400
2022-07-14,102.37712833273275,103.07990063440614,95.64378672336532,98.54035949707031,35314900
2022-07-15,98.28394153620623,98.42639724694294,92.91816289951187,97.2867660522461,33572300
2022-07-18,100.55370809269452,101.57938047347032,97.77110133938125,97.95154571533203,20503400
2022-07-19,98.7397917220369,99.54703103446708,96.42253357029091,99.48055267333984,19842500
2022-07-20,100.89559675725175,101.76932168110442,97.67613122352793,98.73029327392578,21897900
2022-07-21,98.82525732503117,101.24698242287852,98.4643758409557,99.8414306640625,17865500
2022-07-22,99.06268931676823,99.43306981024654,94.66560380063453,95.54882049560547,18819800
2022-07-25,95.44434652490357,96.17560847936966,93.77288131321251,95.9761734008789,16604300
2022-07-26,99.06268676313157,99.9554024144506,95.73875414127336,96.33706665039062,28004300
2022-07-27,97.05882482649697,97.79009402442357,94.77956265292266,97.60964965820312,19366600
2022-07-28,96.79291407973868,97.51468431908498,90.80983983940418,95.49183654785156,33875400
2022-07-29,89.48027203053809,89.48027203053809,84.62732956857172,84.87425231933594,59201800
2022-08-01,84.70329724765325,85.98538401643071,83.5731579073602,85.79544067382812,36050900
2022-08-02,83.76308968028466,90.09756035132354,83.76308968028466,87.96074676513672,34430500
2022-08-03,87.37193409452989,91.45562521675228,86.34626182491161,90.90480041503906,23921700
2022-08-04,95.98567498441496,97.8185866552548,90.2780059090642,92.5287857055664,42517800
2022-08-05,88.38811694518978,89.43278003844165,86.16583403294116,87.90377044677734,27206100
2022-08-08,86.86859902115015,88.08420740884452,85.79543908076563,86.2702865600586,16194100
2022-08-09,86.60269165039062,88.43560333850792,86.04236781791639,86.60269165039062,16744900
2022-08-10,86.5836938223799,88.27414981016281,84.10498922370108,87.78031158447266,17855400
2022-08-11,89.73667597034178,92.79469494270894,88.91993771391087,90.09756469726562,17521200
2022-08-12,86.90659344106527,90.03109093108625,86.83061610040626,90.00259399414062,17846400
2022-08-15,88.51157056967394,89.86963470133385,87.7328209641793,89.46126556396484,14425100
2022-08-16,88.02723122290404,88.86296020835867,86.80212381241856,87.98924255371094,12003200
2022-08-17,87.24847742975491,87.74231561436099,85.2446205110081,85.25411224365234,14491500
2022-08-18,85.52003885409496,87.3054628708547,84.06699939730453,86.17532348632812,13418600
2022-08-19,85.86193061976323,87.03955042105802,84.69380255188031,85.12116241455078,12364300
2022-08-22,85.0641787778222,86.30827687877563,84.80776432216223,85.50103759765625,15545000
2022-08-23,84.68430164121031,85.64349562258458,82.34805280433262,85.31110382080078,17345900
2022-08-24,83.47819715497103,89.41189292837313,83.14580533336205,87.86578369140625,22808300
2022-08-25,91.22770230522347,95.94768776579296,90.17354024179014,94.86503601074219,39170600
2022-08-26,99.566024746513,99.5755237257025,92.69973364893147,93.07011413574219,45773400
2022-08-29,93.98182042814925,95.8337301062515,91.62658078299525,91.74053955078125,18323500
2022-08-30,91.03775733919079,92.09191930005173,87.96074776874129,89.11936950683594,17865800
2022-08-31,91.79752373844272,93.65892510061475,90.14504919352024,90.61040496826172,16169000
2022-09-01,88.08421193629411,89.76516891132796,87.05853958935926,88.99591827392578,11929100
2022-09-02,87.15350989867507,88.95603356189885,86.20381486667401,87.1820068359375,12378900
2022-09-06,84.82676375132459,84.96921946159712,83.38323042637238,84.00052642822266,15573500
2022-09-07,84.06699867793866,86.28928875796818,83.34143175188147,86.04236602783203,12753300
2022-09-08,84.1049792381651,85.64348760676465,83.83906582162628,85.01668548583984,13291800
2022-09-09,86.46973398319473,88.22666831119945,86.15633288941284,87.50489807128906,10745500
2022-09-12,87.77080880907089,90.06906893472595,87.19149428834658,89.92662048339844,15604000
2022-09-13,86.1943228497916,87.54288805185571,84.741290614903,84.9692153930664,21149800
2022-09-14,84.95971268845685,85.26361479454772,83.73460528545361,84.4468765258789,10843600
2022-09-15,84.17146108097555,86.51246290797032,83.76309196133738,84.36140441894531,12188800
2022-09-16,83.28823976611557,83.8105748589427,81.12293655511773,82.0821304321289,19322000
2022-09-19,80.81904290615572,83.34998094609524,80.72407485544534,83.2502670288086,12822100
2022-09-20,83.52567175184467,84.26643993282636,80.73357339890522,81.48383331298828,19129000
2022-09-21,80.83803997281461,80.87602864179969,77.40014150844165,77.49510955810547,23847300
2022-09-22,78.47329985317273,79.09060308856895,76.1370508853517,76.64988708496094,19141200
2022-09-23,75.27282684296549,75.75716607043539,73.69632968363055,74.83596801757812,20492100
2022-09-26,75.91862202572936,76.91200075351493,74.81697232742351,74.94043731689453,17880600
2022-09-27,75.43427301906506,76.36497729330026,73.22148196299796,73.95275115966797,16975100
2022-09-28,72.63742109767985,77.38115012941424,72.44273188790949,76.9157943725586,20725400
2022-09-29,74.12369145970521,75.20634308966758,72.87958618656815,75.08287811279297,17913600
2022-09-30,74.77899133559514,77.66606535502461,74.69352225312194,75.96611022949219,17116900
2022-10-03,75.74767709184627,76.85407266353076,74.12369947137489,76.40296173095703,13249600
2022-10-04,78.82469073785525,80.75541808905315,78.19788851434171,79.87885284423828,18252000
2022-10-05,79.86934771352749,81.94918207333397,79.06210841605667,80.14476013183594,13194000
2022-10-06,79.8408614580729,80.96150189137866,79.31852628956669,80.07828521728516,11583600
2022-10-07,78.20738317858914,79.49896898098967,76.69261846760925,77.1532211303711,11632400
2022-10-10,75.75717482841915,75.77617278792665,73.79130626411099,75.25383758544922,14070900
2022-10-11,73.48739581470835,73.9242546412128,70.41038607181741,71.5785140991211,18387900
2022-10-12,71.13216151669113,72.82071921918802,70.30592420522117,71.92041015625,13247900
2022-10-13,68.6059664013461,71.96788765069883,67.80822606027833,71.23662567138672,17563400
2022-10-14,72.22430738987558,72.30977646168287,69.11880069344993,69.34672546386719,13675300
2022-10-17,71.36957981101483,73.95275133816617,71.33159114201581,72.9080810546875,14487400
2022-10-18,74.08571397603616,74.68401925797815,71.28410918970214,72.49971771240234,14970600
2022-10-19,69.59365007084389,70.59083274244071,66.97248978067927,67.68476104736328,23094500
2022-10-20,67.99815592807211,71.17014078013776,67.95067552865873,68.39702606201172,19173400
2022-10-21,67.6182764883273,69.12829520301321,65.97055519609957,68.54898071289062,19526800
2022-10-24,60.20116466687223,60.875447238401115,55.09180462068104,59.97323989868164,101023200
2022-10-25,61.80615189488626,62.84986576495099,58.1783136879761,60.03971862792969,69302400
2022-10-26,60.17267557936663,66.28871367760108,59.75480746216618,65.06360626220703,52957400
2022-10-27,62.14803995570361,64.4652907107657,62.12904199913568,62.52791213989258,25812600
2022-10-28,60.02072553018768,60.92293651685739,58.71014539821273,60.53356170654297,28638000
2022-10-31,60.296138173989355,61.587720352900625,60.03972008487344,60.38161087036133,20645300
2022-11-01,64.5887627809892,65.00757285195421,62.337982890074706,62.54691696166992,27257000
2022-11-02,63.13572607617694,64.26585818642762,61.093880400080174,61.44526290893555,28298100
2022-11-03,60.22965625568748,63.51560014593542,60.21066554340538,61.92961120605469,23360500
2022-11-04,67.5897960116035,68.03615385128082,64.05692921184078,66.29821014404297,51292200
2022-11-07,67.71325830106217,68.26407590988644,65.2174540903784,66.20323944091797,26087600
2022-11-08,64.21838138720824,65.45298059519438,62.93628728325603,64.70272064208984,23870200
2022-11-09,63.088239186253816,63.42063098737887,61.540238943529786,61.57822036743164,22099300
2022-11-10,64.60774851803794,66.46914981478074,64.5792588278507,66.26021575927734,28757200
2022-11-11,68.6819375829473,69.04281905074426,65.8233537926059,67.20990753173828,38723400
2022-11-14,69.47969638112801,70.27743678020519,67.73225364482788,67.74175262451172,30310700
2022-11-15,74.95942415703203,76.32698723032718,73.8957631838472,75.3108139038086,53150500
2022-11-16,76.27950994523871,76.40296769950447,73.51590097908503,74.2281723022461,26637300
2022-11-17,72.17682556529819,81.36987416396536,71.94890077649112,80.02130889892578,62050600
2022-11-18,78.01744644576608,78.36882896194628,75.84264400548093,76.43145751953125,29528300
2022-11-21,74.73150871689947,75.08289126191714,72.62318446439944,73.06004333496094,19005100
2022-11-22,71.64499235439492,72.93657812026613,70.82825408345877,72.16732025146484,20694100
2022-11-23,74.25666038234641,74.87870949842807,72.98406521157305,74.55106353759766,19032700
2022-11-25,71.70197296142578,72.22430811302631,71.15114811893756,71.70197296142578,13036900
2022-11-28,70.98019927745989,73.5225345401034,70.92321989845445,72.06285095214844,19107400
2022-11-29,76.20352523155773,76.82082843440627,75.45326530755388,75.84264373779297,24178100
2022-11-30,78.57776647085922,85.11641892408805,78.11241792475583,83.1552963256836,60169600
2022-12-01,80.10677195094478,83.19328070672674,80.02130287867163,81.61679077148438,20243000
2022-12-02,81.72126147474297,87.22948838530064,81.72126147474297,85.52953338623047,35042600
2022-12-05,88.22666353747502,88.22666353747502,85.12115695002734,85.96638488769531,30929800
2022-12-06,87.25797087082417,87.91326271597912,84.7127880720281,86.84960174560547,26675700
2022-12-07,82.68044186193339,84.76977514562499,82.26258100167315,83.88655853271484,19507400
2022-12-08,87.34345127980883,89.58947795099807,86.49822330006494,89.43277740478516,29241500
2022-12-09,88.57804397252262,89.03390073233504,86.63591955682466,86.74513244628906,15452100
2022-12-12,85.55802476187904,86.31683453726346,83.3357417919801,84.91223907470703,15190200
2022-12-13,88.74899402546495,90.20203344823864,85.75746059979583,86.8116226196289,21150600
2022-12-14,86.47922518824919,86.6739144040091,84.99770329301809,86.33677673339844,15575500
2022-12-15,88.40710624441839,89.34730953435114,81.72125965626243,81.87320709228516,30419400
2022-12-16,84.33292319467013,86.01388024224524,82.25308872011944,82.42403411865234,25084600
2022-12-19,85.23512775821509,85.26361744942355,82.1495681269338,82.77542114257812,20737000
2022-12-20,80.76205702686026,82.81339429042862,80.76205702686026,81.59778594970703,15315400
2022-12-21,81.68326880509484,83.94069277192908,81.16093365796627,83.39271545410156,18212900
2022-12-22,84.59883213205026,85.17814666028133,82.31006370976067,83.54467010498047,16004800
2022-12-23,83.43071116125823,84.19047012197117,81.21791989036036,81.34138488769531,17949300
2022-12-27,82.19610389644508,86.12689138361692,81.87320383365177,85.33959197998047,22959900
2022-12-28,84.5038634378487,85.61500483772575,82.11537387092987,82.81340026855469,16268800
2022-12-29,83.21702809779492,85.01669701524182,82.68044808019918,84.64631652832031,12535400
2022-12-30,83.0508261413041,84.91223474633259,83.01284471684046,83.65863037109375,11926700
2023-01-03,86.52671377472583,89.69869166081159,86.18482298818273,87.35295104980469,27891000
2023-01-04,93.87734571300557,99.26211441826295,92.09192178965746,98.69229888916016,53291800
2023-01-05,96.29906920103066,100.38275313112011,95.57729901159817,99.31909942626953,30400400
2023-01-06,98.87274832807076,102.5670613469376,97.30575010837295,101.99724578857422,21072400
2023-01-09,106.35634215102277,107.42000317073693,102.68102709916367,105.25469970703125,42085300
2023-01-10,107.28704608247075,109.67078257841679,105.61558084165777,109.10095977783203,33478600
2023-01-11,108.83504706970525,109.41436160743758,106.66024461988351,109.23391723632812,22804400
2023-01-12,107.94233904083755,108.06579678455306,105.84350667848821,107.45799255371094,16590600
2023-01-13,108.75907160327934,112.04502278186848,108.3507024507216,111.12381744384766,25615100
2023-01-17,109.70876432993776,111.12381511118846,108.58812392869382,109.39537048339844,16945600
2023-01-18,110.87688960936045,110.87688960936045,107.35352208096728,107.52446746826172,15347900
2023-01-19,108.28422230929712,111.11431663910844,108.23674190595541,110.71544647216797,18489900
2023-01-20,112.3508283176565,114.02038808158572,111.87408243464512,113.83045196533203,18342700
2023-01-23,113.96340188405772,114.24831328700705,112.19412105520904,113.51704406738281,13590200
2023-01-24,109.21492388491009,113.96339883642793,109.21492388491009,113.43157196044922,7807100
2023-01-25,112.54835369252733,114.26729928138191,111.58915973750568,114.20082092285156,9705000
2023-01-26,114.91309937999858,115.19801078909732,112.78768287438805,114.50473022460938,11171000
2023-01-27,113.66899395596775,113.68798466741809,110.93386778886926,112.42488861083984,18027400
2023-01-30,106.07143485957903,107.4579886638457,104.25751396604805,105.6060791015625,21918200
2023-01-31,103.91561880431661,106.44181082767102,103.33630431010668,104.65637969970703,15330000
2023-02-01,106.23288593186625,108.21774505353343,104.60890831079364,107.14459228515625,16623000
2023-02-02,106.84068845032422,106.86443227465499,102.38661654211494,104.21952819824219,23396900
2023-02-03,102.61454803766269,104.02009258546195,100.48722601275902,100.98107147216797,15982200
2023-02-06,98.59733964518476,100.93358859501679,98.02752406520592,100.14533996582031,15337500
2023-02-07,101.46541317528052,101.94975966766755,98.5023693291435,100.19282531738281,16861700
2023-02-08,101.71233210472658,101.75032077384495,98.34091923344702,99.82244110107422,14329500
2023-02-09,103.04191017924856,104.28600834300573,102.32963891072842,103.00392150878906,16281300
2023-02-10,100.47773593833095,101.27547627664124,97.6191519015231,98.4358901977539,18776000
2023-02-13,100.65817824161401,101.00006904578625,98.91074279415447,99.51854705810547,18538600
2023-02-14,98.34092468750283,99.22414136809465,96.72643876562198,98.97721862792969,12978400
2023-02-15,97.23926990281146,98.23645254523049,96.86888943462102,97.89456176757812,18230200
2023-02-16,97.54317808559344,99.26212381401464,96.89738515932278,97.92305755615234,21747100
2023-02-17,95.9191999762597,96.00466905280685,94.25723364003737,94.97900390625,18121600
2023-02-21,91.64556872965444,92.71397561898979,89.9361148084787,90.31599426269531,27172700
2023-02-22,90.76709839022533,91.0662546392992,88.84871764313073,90.01209259033203,24484000
2023-02-23,95.06446992201607,95.41585968734763,87.49539946373986,89.42328643798828,40482900
2023-02-24,85.53902333712512,87.06803277698593,83.60164478142076,84.5228500366211,36174500
2023-02-27,86.27978731025628,86.65016777206314,84.42313188914906,84.7602767944336,25840000
2023-02-28,84.0100198095852,84.84574881090961,82.8798804278232,83.37372589111328,24597200
2023-03-01,88.24565945350163,88.24565945350163,85.21613726897253,85.42506408691406,35434900
2023-03-02,84.48486279261047,86.34531487191283,83.54466681074985,85.23512268066406,24829000
2023-03-03,85.57702341543863,85.90941524112226,83.95304571372851,85.1876449584961,25834300
2023-03-06,85.07842864371891,86.70715939267814,83.6016525778944,85.1116714477539,16983900
2023-03-07,85.01669402627509,85.5200384673986,83.76309690409134,84.26644134521484,14514700
2023-03-08,82.99384927789875,83.35473078603985,82.10113361835192,82.57598114013672,14721500
2023-03-09,80.83803734160547,81.37936317722705,78.70596955490075,79.17607116699219,24327700
2023-03-10,78.48279527344144,80.2682192889832,78.18839213808242,78.78669738769531,18123100
2023-03-13,78.83418046493289,79.54169857121443,77.84649683948464,78.7297134399414,17848300
2023-03-14,78.69173143134579,79.68891411952329,78.02694780295955,79.63192749023438,20126100
2023-03-15,77.44763375180572,78.38782981678479,76.11805924082229,77.4096450805664,21025300
2023-03-16,77.36215311772662,78.33084606633605,76.60240147208555,78.08392333984375,22877500
2023-03-17,79.77438328203164,79.92633796617024,76.56441665838426,77.56159210205078,23711100
2023-03-20,76.11806123851825,77.78002760946582,75.48176728115621,76.92530059814453,19536500
2023-03-21,78.31185162233233,79.85795357240146,77.87499277623013,79.48947143554688,16529400
2023-03-22,80.57211817688818,81.09445331122019,79.30902936717216,79.44198608398438,21204700
2023-03-23,83.26925987257574,83.93404349016599,80.97099965679459,82.16761016845703,26861400
2023-03-24,81.55031865059114,83.67763358856952,81.32238661589464,82.52850341796875,20332500
2023-03-27,82.7469294253931,83.782100826719,81.19892905876999,81.7877426147461,18258300
2023-03-28,90.55341667464643,94.50415134702595,87.42891925953032,93.44998931884766,118875200
2023-03-29,92.68074049728082,96.23260535615633,91.4366422460653,94.8935317993164,53695000
2023-03-30,96.24208758290223,99.76546240027095,95.44434726277198,98.1794662475586,57780700
2023-03-31,97.68563362339323,98.38840593306995,96.04456358778967,97.03984069824219,28382600
2023-04-03,95.81472822906707,96.63146651092022,92.69972977995174,93.44049072265625,26888100
2023-04-04,93.96282621410921,96.36555342004158,92.36733831417342,95.65328216552734,26868400
2023-04-05,94.24772999810602,95.39686008140048,92.74721740114835,93.59244537353516,20117700
2023-04-06,93.57344779642258,98.0465104059058,93.32652506605682,97.57166290283203,26849200
2023-04-10,95.5583120761601,97.65713712523058,95.52981514028504,96.4320297241211,16308300
2023-04-11,97.3057508021541,97.38172814263704,94.20974301065486,94.7415771484375,19017700
2023-04-12,92.89915854825765,93.91533184212571,88.87245403977828,89.11936950683594,35516000
2023-04-13,91.05201028639463,92.3008615596312,90.31124932810609,91.33216857910156,24231700
2023-04-14,90.81932809399424,91.2846838498205,89.11937321472107,89.79366302490234,14098700
2023-04-17,91.8734898095528,92.33884556391439,90.68637109136073,91.56958770751953,15714100
2023-04-18,94.03880085298323,94.18125655989077,90.39292450486921,90.6863784790039,20672300
2023-04-19,89.84114937925604,90.05008344745494,88.27415111336241,88.7869873046875,18985200
2023-04-20,88.65402805092636,89.07189617540972,85.52003885409496,86.17532348632812,25533900
2023-04-21,85.43456515252686,85.65299820036172,83.85807514971192,84.64631652832031,23097300
2023-04-24,83.95304641961098,84.02902376486276,81.71176545387307,82.51900482177734,22757100
2023-04-25,81.0279801674429,81.38886167264411,78.07632637306014,78.74871063232422,36441300
2023-04-26,80.76206399704634,80.93300938756362,78.59676054755943,78.65373992919922,24983000
2023-04-27,78.89115926251753,80.38218004524902,78.48279014390457,80.22073364257812,24506800
2023-04-28,79.94532576019964,80.80005271327903,79.65092262742701,80.42967224121094,18109300
2023-05-01,79.9168315881275,80.98998427450834,79.55689928837491,79.92633056640625,12909200
2023-05-02,78.9671432007081,79.09060094620388,76.59670231888308,77.42863464355469,20689500
2023-05-03,77.21494977411412,77.87498748799948,76.44094605548972,77.38114929199219,17759400
2023-05-04,78.24537160838284,78.94814388983684,77.68505502812035,78.34033966064453,23773800
2023-05-05,78.58725732530044,79.18556253700547,77.90347580015329,79.03361511230469,17527600
2023-05-08,79.42298932591065,79.4894676853203,78.19788192056328,79.11908721923828,17392900
2023-05-09,76.49318133126144,78.50179145458489,76.11805499778085,78.08392333984375,13457400
2023-05-10,78.00794814603628,80.24922896664607,77.656558381199,78.7771987915039,16868100
2023-05-11,81.13244766227918,84.02902043627624,80.55313310747977,83.46869659423828,28104200
2023-05-12,82.34805129077166,82.34805129077166,80.49614896801577,81.04696655273438,19042800
2023-05-15,82.74691946449336,83.95303612426136,81.51516788058495,83.89604949951172,23691200
2023-05-16,82.72793131874067,84.87424402906413,82.68044367090961,84.29492950439453,18177900
2023-05-17,84.01002300393681,86.83061845335261,83.58266313094578,86.11834716796875,27670700
2023-05-18,86.24180122693798,86.42224559677533,80.7240755574275,81.45533752441406,60258600
2023-05-19,79.63192136990077,80.91400812359196,79.28053887001658,79.75538635253906,21571800
2023-05-22,81.36036865443289,83.07932152601758,81.34137794255584,81.76873779296875,16951300
2023-05-23,79.92633189148178,80.70032836249206,78.5397708636942,78.7107162475586,19917800
2023-05-24,78.0316934691281,78.4448084910205,76.81133187050153,77.1247329711914,17045800
2023-05-25,76.53591645395014,76.64988246218941,74.19017589387389,74.81697082519531,21811600
2023-05-26,75.88063145599799,77.46282366350457,74.45608896525559,76.89680480957031,16399200
2023-05-30,76.08957134929084,76.64038898129944,74.23766162194296,74.71250915527344,21209600
2023-05-31,75.57672272024742,75.65744591817223,73.85777000515188,75.54823303222656,16206300
2023-06-01,75.35829598163129,79.77437913274191,75.35829598163129,78.8246841430664,23217600
2023-06-02,80.80005779467051,81.70226520734961,79.90734211580185,80.03079986572266,17616100
2023-06-05,79.76488030364335,80.31570513763144,79.05260906005117,80.15425872802734,8204000
2023-06-06,79.29953325175366,82.68044516521314,79.17607550899851,82.33855438232422,18452000
2023-06-07,81.40785836222076,82.57597918055613,80.80954586178743,80.989990234375,12886700
2023-06-08,80.8855268069845,82.5759828604603,80.8855268069845,81.80673217773438,11281000
2023-06-09,81.73074807653106,82.46961065880512,80.7858062038002,81.19892120361328,12903400
2023-06-12,81.68327296681692,82.89888146687132,81.32238421201451,81.54081726074219,11559000
2023-06-13,83.53517082328695,84.73178854478826,82.86088824685305,83.1078109741211,16814100
2023-06-14,83.54467061851194,85.58651632518881,83.29774788883064,84.86474609375,21519300
2023-06-15,86.85910213215726,88.10320023923988,86.04236386847926,87.56187438964844,26570500
2023-06-16,89.27132554560734,89.54673795133675,86.91607887506458,87.46690368652344,25087700
2023-06-20,85.31110533567418,85.66248785568607,82.92736880810018,83.50668334960938,23382900
2023-06-21,82.98435149081705,84.67481477895794,82.26258846416627,82.40503692626953,15159900
2023-06-22,82.41453778345578,82.9226281285287,81.02798383780409,82.51900482177734,10272700
2023-06-23,81.49332211108639,81.61488874638368,80.12576629716814,80.6480941772461,14907100
2023-06-26,81.02797734490136,82.34805281907758,80.9235103149509,81.1704330444336,10808700
2023-06-27,82.45252221330055,83.2075280231935,82.35280104708919,82.7469253540039,13994500
2023-06-28,81.4363435500542,81.4363435500542,80.13525883477523,80.3346939086914,14113800
2023-06-29,79.195068326886,79.76488389831945,78.82468784317436,79.3470230102539,13362500
2023-06-30,79.04312283427168,79.99281789189764,78.83418876229825,79.1570816040039,12174300
2023-07-03,80.60061735865669,81.32713345491241,79.77438009921389,79.84085845947266,11514400
2023-07-05,79.75539352796496,80.42967614433897,78.65374379151284,80.05929565429688,11203900
2023-07-06,78.93866211354596,79.7269035677818,78.48280526135274,79.6224365234375,12930300
2023-07-07,82.39554325403724,86.96357405316769,82.27207826232143,85.99488830566406,46992100
2023-07-10,85.52004002582602,87.40993109960046,85.09267291658585,86.00437927246094,25401800
2023-07-11,86.44123143896495,87.67583777617489,84.53234980015543,87.17250061035156,20768800
2023-07-12,89.37579881884851,90.24951649739586,87.89427690778146,89.27133178710938,24161400
2023-07-13,90.24951824886988,92.12516449869929,89.84114909294566,91.75003814697266,24021400
2023-07-14,90.42996383206246,91.2561938884871,89.49925949487813,89.80316162109375,18897100
2023-07-17,87.60936411151249,88.84397051484612,86.46023402624245,88.71101379394531,17317300
2023-07-18,86.93508269054806,87.57137661273761,85.61500719709893,86.6121826171875,20221900
2023-07-19,88.86295681440279,89.94560848546375,87.45740509033203,87.45740509033203,17228100
2023-07-20,87.07754244576077,88.4356066725664,86.75464235736868,87.2769775390625,14753000
2023-07-21,88.21716778835372,88.54006785539842,86.93508099011832,87.53338623046875,13899100
2023-07-24,87.43841930819448,92.56582463958907,86.7071573383291,91.50311279296875,33376100
2023-07-25,93.23156399542091,93.53546613031936,89.85065183897586,90.20204162597656,25827300
2023-07-26,90.17353781314966,92.63799751005517,90.06907078296732,92.25337219238281,15833400
2023-07-27,92.8326862590643,93.06061103031917,90.37392886002814,90.6388931274414,18685500
2023-07-28,93.13658972526794,96.12813046823416,93.03212269408895,95.49183654785156,31956500
2023-07-31,94.77006377463394,97.34373632407181,94.70358541526092,97.02084350585938,17726500
2023-08-01,94.84604259055895,96.07115001432092,94.30471672848718,95.06446838378906,14333700
2023-08-02,92.80419937910362,92.8231900916176,89.80315961003161,90.28750610351562,19452300
2023-08-03,91.84500448470868,93.53546046046048,91.72154674056432,92.6712417602539,15370900
2023-08-04,92.81843846114214,93.5354555549885,91.82600895655806,92.02544403076172,13477300
2023-08-07,92.8611742036379,92.88017216081731,90.24951300249178,91.70254516601562,13893900
2023-08-08,88.80598018563782,89.72718548151954,88.24755472269226,89.48026275634766,13504700
2023-08-09,91.1944620058731,91.45562957478549,89.34730555752586,90.07856750488281,18640100
2023-08-10,93.36451134845291,96.716933475137,92.23437924704126,94.21923828125,53193100
2023-08-11,92.44330157386914,92.73771193097646,89.5942167664388,90.90480041503906,25222800
2023-08-14,89.49925243750198,89.69868751282988,87.8752748993196,88.75849151611328,17581000
2023-08-15,88.32163259553361,88.3311315740424,86.18007303725061,86.98255920410156,14756300
2023-08-16,85.12116482074843,85.94740212361177,83.84857693017547,84.63682556152344,23292400
2023-08-17,87.31496651093569,87.32445824474578,85.71947851344221,86.08985900878906,15732300
2023-08-18,83.36423029034647,83.91505515802999,82.49051258370254,83.60165405273438,20424800
2023-08-21,83.19328137590473,84.35191044669045,82.83239988074111,84.11448669433594,14167300
2023-08-22,84.788770534196,84.98820561964844,83.4402053398425,83.64913940429688,11577600
2023-08-23,83.92454923264577,86.03286603313543,83.86756260599626,85.32059478759766,12185700
2023-08-24,85.93789578580628,86.3462649126317,84.56084097787743,84.6273193359375,10684500
2023-08-25,84.76027936053407,85.51053928540999,83.8295750657671,85.30160522460938,11382200
2023-08-28,86.89709647106582,88.10320598812015,86.69766138142369,87.59986877441406,14613800
2023-08-29,88.74899510576907,89.36155244005705,87.69483307310412,89.29981994628906,16928000
2023-08-30,87.89427886056333,89.5087575305137,87.81830151841085,88.9389419555664,13779900
2023-08-31,88.30264665250132,88.66352815374925,87.52389702147303,88.22666931152344,13332400
2023-09-01,89.79367092651587,91.81651879827211,89.76517398837989,90.23052978515625,17470400
2023-09-05,89.77466771894154,90.59330435004016,89.33780888584279,89.88863372802734,10097600
2023-09-06,89.41378055612891,90.98077866511633,89.39478259968686,89.69868469238281,10123600
2023-09-07,87.03005797936753,87.1440239992527,84.48012896632488,85.4440689086914,18667200
2023-09-08,85.09267529823192,85.75746618267955,84.26644523931886,85.5200424194336,10333300
2023-09-11,85.2161448455642,85.80495117269236,83.2977566784987,84.24745178222656,15773500
2023-09-12,83.75360334516387,85.43456028656036,83.74410436651254,83.85807037353516,10262500
2023-09-13,83.51618123677382,83.8485730401146,82.98625269807654,83.23126983642578,10634900
2023-09-14,84.09549340155023,84.14297380320535,83.04133139379768,83.57315826416016,8643100
2023-09-15,83.35472499230232,83.78209207956253,82.45251766186021,82.68994140625,10147700
2023-09-18,81.81621848532487,82.78490411185211,81.0991941863628,82.64244842529297,9291600
2023-09-19,81.78773972703539,83.45919778620066,81.74975105583643,82.72793579101562,9247000
2023-09-20,82.59496969449361,83.09830685098112,81.341372669537,81.42684173583984,9228200
2023-09-21,79.64142907695559,80.51040093468207,79.54646101916218,79.87885284423828,10638900
2023-09-22,82.97010063237917,84.40414209362329,82.7279310187536,83.85807037353516,22469600
2023-09-25,81.55980241778299,82.8798778626626,81.45533539015099,82.8323974609375,9897200
2023-09-26,82.11063052572962,82.68994506733759,81.38886028206103,81.58830261230469,9666600
2023-09-27,82.03465465925771,82.19610832214642,81.0089895263072,81.85421752929688,7233900
2023-09-28,80.61961235568094,81.56930740733989,80.06404161993224,81.2369155883789,10093600
2023-09-29,82.8988762787469,83.52567120241105,82.2483375312899,82.37654113769531,9654800
2023-10-02,82.38604282794581,82.72318774746623,81.56930453265494,82.17710876464844,8209800
2023-10-03,80.24922751704362,80.72407501714447,79.72689236869356,80.28721618652344,11448800
2023-10-04,80.03554729018316,80.2872158846425,79.4419879172889,79.85035705566406,8904700
2023-10-05,79.31851995370485,79.4989643148839,78.30234663527096,79.46097564697266,10334500
2023-10-06,80.01180537135632,82.16286401029745,79.77438161654517,81.73075103759766,13423700
2023-10-09,79.68891843499858,80.92351770394556,79.36601833686883,80.58162689208984,10880000
2023-10-10,81.36036959735851,83.32623797411735,81.265401545677,82.784912109375,13557800
2023-10-11,83.58266033653328,84.32911632926523,82.76116893135804,83.36422729492188,11111500
2023-10-12,83.17428353722708,83.25975260286454,79.96431004324876,80.25872039794922,16158100
2023-10-13,79.83136177852259,81.1894259591254,79.53695863827379,79.79337310791016,10325500
2023-10-16,79.48947206619732,80.69083571390922,78.47329866173274,80.06878662109375,10075300
2023-10-17,78.58725422912659,80.1162636221749,78.40680987665593,79.68890380859375,8270000
2023-10-18,78.78670271656411,79.51797198337174,78.59676659940801,78.83419036865234,9321600
2023-10-19,77.3811504149029,78.25011494835667,77.03450652922379,77.50460815429688,12624100
2023-10-20,76.19403731285317,76.79234258800525,75.76951771162808,75.91862487792969,14636200
2023-10-23,75.42478189793397,76.8550268111818,75.04490241488388,76.45995330810547,12715200
2023-10-24,76.40295793185966,79.12858512178362,76.3934661989286,78.70122528076172,17925800
2023-10-25,77.2102104784096,77.87499411530094,76.71636499477756,76.95378875732422,11390200
2023-10-26,77.1769714782386,78.91016213202825,77.1152389783419,78.35934448242188,13010400
2023-10-27,79.65092258148297,79.88834633244598,78.33084710577651,78.65373992919922,10795600
2023-10-30,79.422990122095,80.00230465087127,78.83513303347898,78.9576416015625,8980500
2023-10-31,77.81801704367402,78.38783264160156,76.81133533355033,78.38783264160156,12094300
2023-11-01,77.59483360182088,78.34034042724814,77.12473195696812,78.33084869384766,9550000
2023-11-02,79.4419826777547,79.75538374491622,78.85316921026309,79.21405792236328,10606300
2023-11-03,80.66709587960035,81.74974760345559,80.24922775965699,81.01847839355469,15148300
2023-11-06,82.19611082110093,82.35755724329987,80.94251362440636,81.06597137451172,9786400
2023-11-07,80.59111397633163,81.35087283400199,79.8788427643647,81.11344909667969,8829400
2023-11-08,80.36319614509479,81.4173582093292,80.23023942038037,80.53414154052734,8154600
2023-11-09,80.32520206241571,80.42966908845253,78.32609096845411,78.56826782226562,10885100
2023-11-10,78.26436457902003,78.70122338806453,77.55209336404793,78.5872573852539,9779500
2023-11-13,78.5872662756007,79.12384630350591,77.95097232385362,78.12191772460938,11236900
2023-11-14,78.59676262088558,80.28247274631029,78.17889448957632,79.65092468261719,20897600
2023-11-15,82.58547437907067,83.41171161796228,81.56930104290632,82.68994140625,28991000
2023-11-16,75.51974227118873,76.70686100640081,74.29559128588102,75.13037109375,63008500
2023-11-17,73.14550996787422,74.51877545186791,72.88909549101791,73.69633483886719,35497300
2023-11-20,73.04104624382354,74.78373570688976,72.7086471959075,74.51306915283203,31506800
2023-11-21,73.93375416033122,75.28707243099768,73.69633041078256,74.96892547607422,20525500
2023-11-22,75.29181714400468,75.70018627679553,74.19966646369448,74.9879150390625,18958600
2023-11-24,74.33263086411536,75.0923898277916,74.2756514777991,74.54156494140625,12251700
2023-11-27,73.65359611907505,75.2633288565296,73.2119841757391,73.62985229492188,18248200
2023-11-28,72.70864750421961,72.97456094720172,71.47404834100293,72.87959289550781,23682200
2023-11-29,71.22712790838106,71.6601900633245,70.68105615932272,70.91372680664062,30969100
2023-11-30,70.94221378941141,71.17014580684476,70.28692916468464,71.1131591796875,17884200
2023-12-01,69.44169908719013,70.41038477232672,68.4920041134651,70.26792907714844,27998600
2023-12-04,69.01433328351953,69.87855920354822,68.83389616216675,69.3562240600586,21074900
2023-12-05,68.41603688763608,69.04283189521611,68.30207086553122,68.73892974853516,19129000
2023-12-06,68.71992925670607,69.2802458164016,67.89369201660156,67.89369201660156,30394400
2023-12-07,67.94593030818336,68.72943306827385,67.84621638591615,68.69144439697266,18966700
2023-12-08,68.3970279537002,68.79590534426909,68.21659083798319,68.51099395751953,16914800
2023-12-11,66.94399555039394,68.00765651160604,66.55462438538432,67.77973175048828,19719300
2023-12-12,67.78922233529157,68.33530127416907,67.36186250973299,67.79872131347656,14725900
2023-12-13,67.34287595457359,67.88420181496419,66.59261603480454,67.86520385742188,21721600
2023-12-14,67.87470491078808,69.55566192476974,67.82721726107867,68.86238861083984,25199300
2023-12-15,70.27742570658421,71.74470265300127,69.63163285621333,70.76177215576172,31327500
2023-12-18,70.32492299313978,70.49586839595604,69.52717536479774,70.12548065185547,17233500
2023-12-19,70.65731519382976,72.18632484779192,70.48636979010733,71.5975112915039,20939300
2023-12-20,71.78037311361476,72.46852949131126,70.57729636128009,70.59654235839844,27540200
2023-12-21,72.0498609223028,73.42618101670203,71.55900355273444,73.39730834960938,20812100
2023-12-22,71.70337520649431,72.83907996657211,71.64562987152355,72.45409393310547,20004300
2023-12-26,73.30106885368234,74.07969835944644,72.88721012913929,73.00270080566406,13121300
2023-12-27,73.41655399162681,73.5801706663591,72.57921727799824,73.25293731689453,14904500
2023-12-28,74.33090343825826,74.8698795180742,74.09028806791208,74.34052276611328,18937900
2023-12-29,74.16727552349111,74.72069525211782,73.93628683608934,74.60038757324219,14094600
2024-01-02,73.1951970770162,73.21925273915275,71.71300554529338,71.95362091064453,21739600
2024-01-03,71.53976242105941,73.8111720647972,71.28952038424131,73.71492004394531,24444600
2024-01-04,72.72358553787736,72.8823925598717,71.64563340264034,71.85737609863281,18454900
2024-01-05,71.22214474280811,71.22214474280811,70.12493931664251,70.2693099975586,21725200
2024-01-08,68.57537840510683,70.31743128219998,68.25776436385837,70.1441879272461,22000000
2024-01-09,68.57537523285703,69.41271930023218,68.29626054373199,69.31646728515625,21451800
2024-01-10,68.70049773409066,69.08067413041098,68.37807401975472,68.72937774658203,19540000
2024-01-11,69.82176325622007,70.38480231628087,68.8448654841063,69.66295623779297,18095300
2024-01-12,69.86507270665223,70.67354413810236,69.11435395509017,69.14322662353516,16147300
2024-01-16,67.49741697135823,67.88336494199847,66.69857957071176,66.85256958007812,27606900
2024-01-17,65.17789078452545,66.40984026972173,64.7351593972204,66.34246826171875,22684400
2024-01-18,66.02485569187547,66.48684043062313,65.44738027568964,65.4955062866211,19307000
2024-01-19,64.67740607550961,67.28086604287941,64.40791804616968,66.81407165527344,34547700
2024-01-22,64.75440471670731,66.15767367697514,64.12880331009444,66.05372619628906,27294200
2024-01-23,70.02388088342849,71.70337877471836,69.82658186479414,71.24139404296875,53017700
2024-01-24,72.45891376856262,72.78133747306686,71.43388997482663,72.3770980834961,36503300
2024-01-25,72.36747616264978,72.66583685161896,70.79865935626839,71.07777404785156,23268600
2024-01-26,70.3559299396303,71.91512011910594,70.18268658635523,71.23177337646484,19418200
2024-01-29,71.86699634992894,72.00174036856534,70.09607076613719,70.81791687011719,17537400
2024-01-30,69.73995336146197,70.32224574938884,69.37903033025877,69.60520935058594,17089600
2024-01-31,68.81118127079286,70.20193771693542,68.81118127079286,69.4608383178711,15743600
2024-02-01,70.4088701685307,70.712047892129,69.41272632999116,69.73995971679688,14445800
2024-02-02,69.42234295525185,69.5185949763283,68.38289015180976,69.1528549194336,18824200
2024-02-05,69.46083706219149,72.32897524803694,69.16247637972685,71.8284912109375,27721000
2024-02-06,74.15283610754355,75.39922184657361,72.8872043716124,75.2933578491211,39069100
2024-02-07,71.75631690458206,73.31069015974286,70.40405968179216,70.87566375732422,53766300
2024-02-08,69.18653942972534,70.45217117080418,67.9978990195617,68.12301635742188,33070600
2024-02-09,68.14227053700652,69.37902962635604,67.37229847438586,69.31646728515625,18998400
2024-02-12,69.59558727705945,71.34726687714134,69.59558727705945,70.3944320678711,18151100
2024-02-13,69.25872578778362,70.28855925637289,68.73899571816874,68.91223907470703,13560600
2024-02-14,69.59558774477264,70.65430125440834,69.5185964065251,70.63504791259766,12817500
2024-02-15,70.47142901369506,71.35689179127866,70.34149466103933,71.04890441894531,12078100
2024-02-16,72.0498639953749,72.54072138587932,71.1259018940124,71.13552856445312,16393300
2024-02-20,70.70241944778665,70.90453547745012,69.47046992812443,70.3944320678711,14353300
2024-02-21,71.68412990349572,73.52242740018275,71.28951719604582,72.74283599853516,23475500
2024-02-22,72.28085085661668,73.51280029393779,72.18460618363807,73.26256561279297,14836600
2024-02-23,73.6090503189279,74.0469646705855,72.3289749082422,73.10856628417969,12301700
2024-02-26,72.78133413084015,73.69566952890938,72.51183876916923,73.63792419433594,13973100
2024-02-27,74.6196368787093,75.12012095709645,74.3501488409616,74.76400756835938,14490200
2024-02-28,73.16631340073225,73.3203107514836,71.65524927572429,71.78999328613281,16905300
2024-02-29,71.87661607439567,72.22310275826081,71.02965270439067,71.25101470947266,12549200
2024-03-01,71.68412653918868,72.27122122318576,71.57825520035374,71.8188705444336,11980100
2024-03-04,70.96228752886236,70.96228752886236,69.00848457348184,69.29722595214844,19550100
2024-03-05,68.57537544359684,69.98056822064976,68.37325942871229,69.36459350585938,15804500
2024-03-06,71.41463535693813,71.91511941393549,70.8467866363812,70.94303131103516,19785300
2024-03-07,69.87470090455851,70.02677439809023,69.06623679843385,69.81695556640625,12374700
2024-03-08,70.07682043440192,70.99116327784638,70.02870176453555,70.78904724121094,16430400
2024-03-11,71.82849635520083,73.20481654129799,71.75150501882341,72.04986572265625,13510400
2024-03-12,73.0219560353603,73.60905813287066,72.39153759003479,73.20481872558594,13314700
2024-03-13,73.0893256996619,74.54263721884425,73.0893256996619,73.52243041992188,15319800
2024-03-14,72.41079219583368,72.55997255480519,70.48105951433371,70.6446762084961,18923500
2024-03-15,70.81309789062438,71.34726428640944,70.63504487302873,70.6639175415039,10233700
2024-03-18,70.66391767741389,71.2413930770224,70.57729967182176,70.76016235351562,8542500
2024-03-19,70.33668417478776,70.96709524648945,70.11531481148126,70.6639175415039,8164200
2024-03-20,70.78903771388808,71.53975641835335,70.5484223679442,71.3953857421875,11123200
2024-03-21,71.51089078458583,71.93436884185637,71.00078003289906,71.05853271484375,11860700
2024-03-22,69.75920776840464,69.89395178134073,69.33572238889234,69.4223403930664,12771500
2024-03-25,69.23948107825775,69.76883048536776,68.68125165868865,68.77749633789062,12422100
2024-03-26,69.14322465476535,69.1721046653861,68.42137859220198,68.79674530029297,10881900
2024-03-27,68.22889070982798,68.998862796947,67.93341581221806,68.9026107788086,13281300
2024-03-28,69.37421925910627,69.86506928462518,69.35015625558137,69.64370727539062,14073400
2024-04-01,70.49067426267227,70.81983883823538,70.07681554709207,70.61579895019531,14311700
2024-04-02,69.84582722710257,70.3944299606235,69.788081889784,70.1441879272461,17290400
2024-04-03,69.70145741304864,70.13456947735236,69.40309670917146,69.72071075439453,11777900
2024-04-04,70.24043347364922,70.48104881429984,69.20097343971914,69.24909210205078,11087100
2024-04-05,68.9892395901037,69.3212899775567,68.72937821987868,68.9699935913086,12260300
2024-04-08,69.25872755377803,69.67258628589462,68.873741491321,69.01811218261719,10560000
2024-04-09,69.65333961991232,70.49067640401225,69.59558693814802,70.25006103515625,14060400
2024-04-10,71.6504396121375,72.34822266810973,70.97190255351029,71.78999328613281,20572200
2024-04-11,72.39153379686138,72.59846682514024,71.57826004692261,72.04023742675781,14986800
2024-04-12,70.20194697955526,70.24044632226148,68.61388397216797,68.61388397216797,18231400
2024-04-15,69.03736511668254,69.34535249622964,67.53592021626689,67.96903228759766,15903900
2024-04-16,67.39155365437612,67.66778258300732,66.68896084377242,66.9969482421875,17478900
2024-04-17,67.093185236934,67.38192660241361,66.1451601433068,66.2365951538086,12760600
2024-04-18,66.49645806438176,67.01137846483684,66.21735070568434,66.29434204101562,9491000
2024-04-19,65.85160959740384,66.5542096756278,65.79386426108334,66.47721099853516,13084100
2024-04-22,67.07874648594269,68.2385142267325,66.5253341222119,68.02677154541016,15015600
2024-04-23,68.41175820966271,70.0671929958174,68.3251328651325,69.78807830810547,15268200
2024-04-24,70.97190115747647,71.89586321481654,70.74091247889086,71.8284912109375,16375200
2024-04-25,71.03446905586465,72.37709957500559,71.03446905586465,72.29048156738281,11921900
2024-04-26,73.32511641733879,74.04215277456058,72.24234738651927,72.71395874023438,14216100
2024-04-29,72.81021421297297,73.65717769262699,72.39635547272188,73.54168701171875,13076400
2024-04-30,73.04119820706484,73.42618425225955,71.6841313929261,72.04023742675781,12856000
2024-05-01,72.1749843629111,73.38768788431773,72.05949368477604,72.67546844482422,10549100
2024-05-02,74.6773797801984,78.35879920263602,74.26352840930538,77.31452941894531,36663900
2024-05-03,78.2192401166485,78.31549213765419,76.7081759086374,78.27699279785156,19355800
2024-05-06,78.68603039380928,79.1335787704501,77.47814396063512,78.48873138427734,11826100
2024-05-07,76.92953999910821,76.92953999910821,75.85639759410032,76.39056396484375,14589100
2024-05-08,74.99499466559517,76.02482812672469,74.88912331831098,75.51472473144531,11327100
2024-05-09,76.51567981737077,76.91991183521858,75.7553344449441,76.47718048095703,9627300
2024-05-10,77.07391498872889,77.49739303519569,76.7755469447885,77.03541564941406,10819600
2024-05-13,79.60518849421372,81.80922617466751,79.49931714348898,81.42424011230469,32010700
2024-05-14,76.66005835081519,77.48777581105739,74.80250740069005,76.52531433105469,44687700
2024-05-15,77.37226981831795,78.0844891841005,76.78516778856552,77.94974517822266,17803300
2024-05-16,78.88333887541414,84.20574947278742,78.58113044728292,83.44540405273438,47259500
2024-05-17,84.31162298320457,87.06426336439056,83.57053088503831,85.21633911132812,35152900
2024-05-20,84.18650355202207,85.89005707436166,83.68601948983324,84.96609497070312,16737200
2024-05-21,83.27216420014842,83.89776563211142,82.11721335883088,82.89680480957031,16512400
2024-05-22,81.43386781567477,81.93434456299302,79.5763168334961,79.5763168334961,19717800
2024-05-23,78.3732318870037,79.82655065317272,77.04503780202,77.76688385009766,23930300
2024-05-24,77.47815243221918,79.4608208155077,76.7370602920478,78.20962524414062,41456400
2024-05-28,77.7668879571703,78.65235072725636,77.03541520044794,77.55514526367188,15211800
2024-05-29,75.80345959815827,76.38093495187049,75.29335624666251,76.09219360351562,18448500
2024-05-30,75.9045180748608,77.1894031935077,75.74571105889349,76.64080047607422,13875900
2024-05-31,75.03349822773775,75.55322832283812,74.27315275581306,75.39923095703125,20023900
2024-06-03,76.03445998627492,76.34244737857533,74.3212796576665,74.97575378417969,14244400
2024-06-04,75.24523507971467,75.89682334926529,74.85543937446737,75.50509643554688,10784400
2024-06-05,76.01521453064214,76.93435970700585,75.8997165040787,76.83330535888672,13716200
2024-06-06,76.4386899219457,77.04985502532232,75.80346915567111,77.00654602050781,11205300
2024-06-07,75.98632886350902,76.34244224500307,75.20192777166127,75.46660614013672,12190300
2024-06-10,75.62059631721272,76.74667445860693,75.3029822743585,76.32319641113281,9475200
2024-06-11,76.03445998627492,76.1114586700997,74.75438440393316,74.97575378417969,11108400
2024-06-12,75.79383560766651,75.8323349450079,74.72550286118529,75.11048889160156,12069600
2024-06-13,75.22849729054676,75.71035092410179,74.23528234977735,74.42212677001953,14026700
2024-06-14,72.97655832797554,73.0552304525185,72.04235123243468,72.13085174560547,18282700
2024-06-17,72.79463757073769,73.83210279558394,72.602878951102,73.3109130859375,13466300
2024-06-18,72.85363732959624,73.85176648309591,72.62254264848185,73.22240447998047,10305300
2024-06-20,73.3305795277359,73.9982947800292,72.79955391095726,73.1142349243164,9709400
2024-06-21,72.56354194090311,73.4092485350782,72.4455337524414,72.4455337524414,10183400
2024-06-24,72.88805860697923,74.67288649860224,72.88805860697923,73.54692077636719,20134400
2024-06-25,73.2617434929144,73.51742416153354,72.38653668763556,72.56354522705078,16914100
2024-06-26,72.69630226627999,73.11423387819043,72.44553579654665,72.93722534179688,7010100
2024-06-27,72.23902434205226,72.32753235817839,71.14747299287959,71.16714477539062,11865100
2024-06-28,71.16714426879722,71.34906699150208,70.60661851261102,70.80329132080078,10335000
2024-07-01,71.3048177939808,71.80633571308864,70.82295665236245,70.98030090332031,9034200
2024-07-02,71.11797194600663,72.5507559290119,70.77379078216917,72.45536804199219,13419100
2024-07-03,72.94706088529026,74.54505189972714,72.94706088529026,74.31395721435547,11768500
2024-07-05,73.4289109440622,73.47316120013768,72.38653156493326,73.28140258789062,14928700
2024-07-08,72.38653075261213,72.48486715476076,71.73749699377531,72.27835845947266,10919400
2024-07-09,72.7798897611609,74.79581242761151,72.74055369659673,74.4417953491211,14458100
2024-07-10,74.02877306476886,75.38091924721607,73.99927289392933,74.74664306640625,12235200
2024-07-11,76.3692209596113,77.51977265254304,76.13517026244853,77.21492004394531,18896900
2024-07-12,78.9653392283973,79.66353744043346,78.10488257585754,78.32614135742188,14857200
2024-07-15,76.79206641647096,77.29359183271623,76.16270442465157,76.7134017944336,12614900
2024-07-16,76.00536805106435,77.27392793215459,75.70052294488302,77.0772476196289,12304500
2024-07-17,76.56589199007284,76.65439250166312,75.2186600160346,75.759521484375,10815500
2024-07-18,76.07420808963282,77.01825112921183,75.09574318017017,75.26783752441406,11108600
2024-07-19,74.40246088063401,74.78105640465809,73.93043564592325,74.01893615722656,7557300
2024-07-22,75.55301721828943,75.9070342905823,74.99249143759022,75.36617279052734,9166800
2024-07-23,74.41721244917281,75.0514886339157,74.18611777271462,74.83514404296875,7997100
2024-07-24,74.88431942663469,75.7791904998497,74.46146611657414,74.5401382446289,7924700
2024-07-25,74.11728175028036,74.94823074592757,73.88126537625598,74.14678192138672,8172600
2024-07-26,74.00910754448125,75.49400447081548,73.31090933683167,75.25799560546875,10884500
2024-07-29,77.15591869158008,78.08029739136751,76.90515973694244,77.31326293945312,17364100
2024-07-30,76.91991210082331,77.48043787094782,76.40855078267542,76.70356750488281,8431900
2024-07-31,78.01146158393826,78.68507383017433,77.03791092573542,77.53943634033203,12178600
2024-08-01,77.46076945239491,78.04096703057897,76.5462265769355,76.68390655517578,8559600
2024-08-02,75.51367819572393,76.18237625023397,74.50571316834372,76.16270446777344,10808700
2024-08-05,72.79955064651298,75.97094661602587,72.64221389818222,75.70052337646484,16143300
2024-08-06,75.23833591052758,77.53943936868902,75.23833591052758,76.60523223876953,12128900
2024-08-07,77.60827176046445,77.6279435426431,76.1725392674755,76.53639221191406,9693900
2024-08-08,77.53944134941632,78.97517395019531,77.44110493890024,78.97517395019531,14004300
2024-08-09,78.64082766253894,78.8866724370235,77.87870736111934,78.66049194335938,7755900
2024-08-12,79.25051231402738,80.1453908312994,78.89650276610926,79.56520080566406,12127700
2024-08-13,79.61927877987091,80.0470537554738,79.33901966042151,79.75203704833984,9365700
2024-08-14,79.21118291515374,79.63403619307311,76.7723996489379,78.14913177490234,18058100
2024-08-15,76.60523073389368,80.51907521471509,76.44788648210846,78.21797180175781,31619400
2024-08-16,80.68625446158497,82.76118486778535,80.61741822784032,81.79747009277344,25249200
2024-08-19,82.58417894832296,83.4888859068758,82.10231779429168,82.51534271240234,14751000
2024-08-20,81.08943538779714,81.22710785429327,79.43244409294867,79.69303894042969,17880100
2024-08-21,80.48957778125083,82.40717152653491,80.35190530754885,82.14165496826172,14690000
2024-08-22,82.11214892806362,82.3973297468068,80.46990775012313,81.58112335205078,9729000
2024-08-23,83.48888442535967,84.36409119621408,82.95785882800077,83.99040985107422,17318000
2024-08-26,80.52891385250297,80.93701707907883,79.03418092250051,80.40107727050781,29321700
2024-08-27,80.90259245783622,81.2762813045679,79.9192133918465,80.09622192382812,9026100
2024-08-28,79.77662895281341,79.92905151187789,77.88854289408883,78.29664611816406,14024400
2024-08-29,79.88971496097363,80.11097375512489,79.12268047320286,79.67337036132812,14154200
2024-08-30,83.31187906418339,83.34137923695066,81.20744837746322,81.9548110961914,20027300
2024-09-03,80.42074186017061,81.64012984742769,80.34206973129282,80.90259552001953,11638200
2024-09-04,81.49262681296304,82.01381652336579,80.93210103916935,81.09927368164062,11114100
2024-09-05,80.74034132875971,81.63029818102224,80.63708322592976,81.0599365234375,8461000
2024-09-06,80.75509007009175,81.24677959377149,79.82087547354821,79.8307113647461,11712700
2024-09-09,79.58486982846752,80.26831799397893,78.985007985059,80.08639526367188,10434400
2024-09-10,82.40716552734375,82.89885504122387,81.34019267994769,82.40716552734375,15327800
2024-09-11,82.18590163144094,83.42987553748685,82.11215120325119,83.40037536621094,11551700
2024-09-12,83.61672305573346,84.25592096653544,83.44955041058763,84.06907653808594,10775000
2024-09-13,82.98736241662615,83.47905197117547,82.42683662454343,83.28237915039062,8985500
2024-09-16,82.63826235572107,82.97752182697944,81.87614208880018,82.21048736572266,11298200
2024-09-17,83.41021400212036,84.34442113533586,83.22336957444243,83.29220581054688,10113900
2024-09-18,83.4397142706398,83.58722263463008,82.64317960871412,83.01686096191406,7858800
2024-09-19,86.16859003026323,87.09296874639426,85.50480616451607,87.01921081542969,18618400
2024-09-20,87.7370831320221,88.03209235586198,86.58653140361382,86.82254028320312,12277000
2024-09-23,87.98292302320999,89.63500009387676,87.8354146681781,88.59261322021484,19744100
2024-09-24,94.47322820461373,95.87946059342072,92.83098693660884,95.57461547851562,47423200
2024-09-25,92.81131608859879,94.58140145688466,92.49663507896875,93.87336730957031,18816600
2024-09-26,100.98319942284428,104.20868158237013,100.0686565847091,103.32363891601562,67261600
2024-09-27,104.20867782213821,107.61116839216061,103.97266895382205,105.54607391357422,50075200
2024-09-30,109.86310700951609,110.35479652710069,104.34143582776532,104.35618591308594,58561500
2024-10-01,104.65120192553377,110.9153294877281,104.38569286991527,110.86615753173828,44505000
2024-10-02,113.39343485092732,114.6324945436836,110.35479721456662,113.33443450927734,53732800
2024-10-03,109.05674246701379,112.19371665906094,108.79122591154382,110.96449279785156,29267000
2024-10-04,113.7425411549762,113.80646319542319,111.8593693335774,112.62640380859375,25644200
2024-10-07,115.49786756231025,115.86172051533548,111.48568670064535,115.56670379638672,38404000
2024-10-08,108.27003492900667,108.91906872137906,106.24427643024485,107.85701751708984,37414400
2024-10-09,104.04150502651198,107.56199627399045,103.86449649990014,106.09676361083984,28793000
2024-10-10,107.16865198092057,108.99773010831133,105.69358340852496,107.46366119384766,19736600
2024-10-11,106.25411325943259,109.20425051787954,105.43790681730805,108.30937194824219,18042600
2024-10-14,106.50978646712029,108.25037165182327,105.14289013697504,106.01809692382812,21351600
2024-10-15,102.261590166857,102.67461508944427,99.95065079008992,100.14732360839844,28942600
2024-10-16,100.80127099988736,102.12391707740584,100.08832265958635,100.47183990478516,16432600
2024-10-17,99.56713354490094,99.76380636321404,97.89539208147818,98.40674591064453,15808200
2024-10-18,101.64697318325521,101.64697318325521,99.97031760858798,100.7275161743164,20824600
2024-10-21,98.80501307781773,99.96048651557358,98.45099600338135,99.2327880859375,10328600
2024-10-22,98.3477427351792,100.1964926829108,98.1412340311177,98.7902603149414,20650100
2024-10-23,98.50016370497238,98.55424985296939,96.11055230702706,96.37114715576172,13638200
2024-10-24,95.18126089211731,95.79095861520914,93.93236527430751,94.75840759277344,13602900
2024-10-25,96.66616727783132,97.25619322966466,95.43694341876729,95.80078887939453,16977100
2024-10-28,97.38403079830343,99.37046077615743,97.13818602399584,98.26907348632812,16044400
2024-10-29,99.76379982142095,99.76379982142095,97.87571388010862,98.17073059082031,13685400
2024-10-30,96.58256983767366,98.1412322348966,95.95812954250704,97.05950927734375,10179900
2024-10-31,96.17447767036349,96.4694868947908,95.14684082290196,96.35148620605469,8379300
2024-11-01,96.58749187711881,96.66616400205379,95.80078563294254,95.9581298828125,8501000
2024-11-04,97.17752089414486,98.21990032357307,96.72516741528759,96.7645034790039,8681900
2024-11-05,98.30840533885099,99.40978507890846,97.31027619813051,97.56103515625,10804200
2024-11-06,94.20771820922621,95.70245109928265,93.1850030728352,95.12226104736328,18162900
2024-11-07,97.61020743764352,99.41962130386035,97.53153531235057,98.47557830810547,16340400
2024-11-08,94.51255951559038,94.77806855351328,92.1327840549977,92.62447357177734,24879800
2024-11-11,94.56173607350304,95.19109808542429,93.46526299582332,93.83403015136719,12556700
2024-11-12,91.13957454363961,91.77877245393582,89.51699754137603,90.25453186035156,21641900
2024-11-13,91.01173244047982,91.32641343071262,89.76283686800922,90.47087097167969,12874500
2024-11-14,89.37932326093032,90.03327124417238,88.51395237843327,89.07447814941406,16946800
2024-11-15,88.7007869457671,89.19247646875381,85.78015748139892,87.11754608154297,31018300
2024-11-18,87.42240397341473,88.01242993615644,86.38985291167634,87.86492156982422,13482000
2024-11-19,85.71131947428829,86.4783539138581,85.37500102655368,85.66214752197266,19289000
2024-11-20,85.59331348119743,86.08500300659315,85.06228789345964,85.32779693603516,15174500
2024-11-21,85.53431738399473,85.59331772914261,84.02482686487312,84.15758514404297,15869200
2024-11-22,82.2104880041318,82.28916012963748,81.2615308114502,81.74829864501953,24999200
2024-11-25,82.84968914095944,84.44768017780287,82.35799959116146,84.15758514404297,15120100
2024-11-26,84.38867662604075,84.64927147732458,83.44954782099086,83.76422882080078,10241500
2024-11-27,85.52447618984955,86.08500194176376,85.03278667053578,85.15078735351562,13607600
2024-11-29,84.98361680965229,86.03583210678316,84.5410992324109,85.91783142089844,7553500
2024-12-02,85.49498168384764,85.55398202924681,83.85273287856137,84.52143096923828,16537200
2024-12-03,84.57551561215327,85.19996343264752,83.9609036832459,84.25592041015625,13660700
2024-12-04,84.52143021661043,84.56076628072199,82.86935303686012,83.51838684082031,13613700
2024-12-05,83.38562660308408,83.68555752012405,82.53009161216676,82.75135040283203,12979600
2024-12-06,84.58043451505874,85.24913257172247,84.47226221893764,84.50176239013672,11751500
2024-12-09,90.48070787591647,92.55563825751298,90.30369934801672,90.78555297851562,32767300
2024-12-10,88.29269432208746,89.05480710721679,88.00751348850258,88.33694458007812,13859200
2024-12-11,87.41748191873235,87.68299847756192,86.53736092410844,87.5010757446289,9866000
2024-12-12,87.55515910604674,88.50411630743474,87.01921181088568,87.74691772460938,9951200
2024-12-13,86.72420452748467,86.92087734485705,85.78998988849821,86.3603515625,11608600
2024-12-16,84.53126411823203,85.47432428803786,84.44276360300483,84.62960052490234,13216600
2024-12-17,84.07890776661844,86.14400224633384,83.98057136331516,85.70148468017578,13288700
2024-12-18,84.95509835624628,85.77032192938906,83.41808092269827,83.58721923828125,11319500
2024-12-19,83.58721770967941,83.97073493190513,82.83984754472743,82.90868377685547,13795100
2024-12-20,80.84359357381211,81.62046395027578,80.34206814038124,80.91242980957031,21270500
2024-12-23,81.47295273924493,83.89206430036863,81.39428061467504,83.72489166259766,20055100
2024-12-24,84.27558030375833,84.4624247212478,83.58721798024976,84.09857177734375,5235400
2024-12-26,84.29525205131999,85.81948505348832,84.1379078045331,84.6492691040039,12008600
2024-12-27,83.47904471280097,83.85272604083605,82.88901879916108,83.6462173461914,8629400
2024-12-30,82.77101788844111,83.53805239383051,82.14165585824533,82.73168182373047,10731000
2024-12-31,83.01686145019937,83.93140430921382,83.01686145019937,83.3807144165039,7415000
2025-01-02,82.9873579200982,84.01007303845718,82.80051349866541,83.53804779052734,10635700
2025-01-03,83.68555878681661,84.12808387743229,83.35121349854377,84.11824798583984,7689500
2025-01-06,85.11145848563014,85.90799310320244,83.6658901036755,84.09857177734375,18077100
2025-01-07,82.90377236183619,83.69539280913965,82.38749685227535,83.07586669921875,11144100
2025-01-08,81.70896253332738,82.39733237720947,81.34511708260854,82.29899597167969,9661800
2025-01-10,80.882926214384,80.882926214384,79.06367648697902,79.19151306152344,15393900
2025-01-13,78.8178301326097,79.73237292339121,78.7293221192636,79.20134735107422,10726600
2025-01-14,81.02060119537217,81.27628185498533,80.13555852947037,80.32240295410156,8773700
2025-01-15,81.25660772964648,81.41395197797623,80.78458998983064,81.06977081298828,11655700
2025-01-16,80.65674750606617,81.21727327228928,80.46007469435473,81.0599365234375,7566500
2025-01-17,81.81713716103066,84.1674125823061,81.64996451660886,83.70523071289062,21132400
2025-01-21,85.42613951783653,85.4556396884887,83.50854589699175,83.96089935302734,17099500
2025-01-22,83.58721894534042,85.10162357713111,83.01685729779847,84.96395111083984,10354800
2025-01-23,84.3739284592792,84.76727409104755,83.54788612687422,84.66893768310547,9225600
2025-01-24,85.2687976942856,87.70758107286122,85.04262471113317,87.65840911865234,18791000
2025-01-27,89.08430387921925,89.91034617645336,87.73707939234143,88.49427795410156,25999800
2025-01-28,89.42849540987758,94.82724442658983,88.40578027238426,94.43389129638672,31296300
2025-01-29,97.73804712673518,99.59663300609277,94.84691020214025,95.1124267578125,75053000
2025-01-30,95.6827868345301,101.9419925354522,95.52544258155807,101.03236389160156,45929000
2025-01-31,100.30466310093063,100.79635262593519,96.37114690089413,97.19718170166016,36416400
2025-02-03,94.90099210835713,100.17682609062298,94.4732246242873,96.97100830078125,29282900
2025-02-04,98.91810016881217,101.8879092552949,98.02322908824328,100.64884948730469,29877500
2025-02-05,98.50016778140655,100.12765898041572,97.38403040977872,97.62987518310547,17017900
2025-02-06,99.56712847002362,100.04898210214192,98.20514638973407,98.71158599853516,12774600
2025-02-07,102.7237731224973,105.72308218106176,101.28804063133441,101.78956604003906,39538200
2025-02-10,105.53624082495124,109.79427397174695,104.9265431044753,109.46975708007812,42429400
2025-02-11,112.06587462920801,113.6196153148467,109.15507356771273,110.90548706054688,55001300
2025-02-12,113.89495962252585,117.81863987451521,113.05416724580624,116.36324310302734,44024700
2025-02-13,113.4131062538219,117.58263127424193,112.8525805022621,117.55313110351562,34429300
2025-02-14,124.48595379171354,124.69247000021899,118.49226461786112,122.65687561035156,52729800
2025-02-18,125.6168367964657,126.87556827312109,123.5222421367345,124.79080200195312,42152800
2025-02-19,123.90576560600555,125.57750706155969,122.873214558254,123.69925689697266,35155200
2025-02-20,135.5194663661808,142.1081030918637,129.22584636063942,133.71005249023438,118849000
2025-02-21,139.24648918821111,142.88498892579713,138.75479962893803,141.36074829101562,73892100
2025-02-24,133.54287748081506,133.54287748081506,126.30520710026069,126.89522552490234,74118300
2025-02-25,130.58289962955172,132.2349842638519,128.57681293630193,131.78262329101562,38881100
2025-02-26,137.67306322380642,139.59064931767483,135.9914784921538,136.7683563232422,40543000
2025-02-27,136.37009122432275,137.77631604750607,133.61170521744066,134.28041076660156,23859400
2025-02-28,128.7734871923342,131.72362442471376,127.97695254041952,130.30755615234375,24862600
2025-03-03,131.7826286202566,132.47591269074985,127.4065945986929,128.6358184814453,22528000
2025-03-04,127.4459353192726,129.9043830298668,124.00410102185373,127.69178009033203,25366500
2025-03-05,132.13663565288618,139.47264982970196,131.12375645091726,138.68594360351562,37284600
2025-03-06,139.83650433130683,142.35395241409918,135.79481564997522,137.6239013671875,35482100
2025-03-07,140.54453549193903,142.94398283394966,137.06338017135195,138.2827606201172,31904400
2025-03-10,133.73462777626375,135.65713560056068,128.8226542719028,130.33705139160156,33484200
2025-03-11,135.86365922370805,138.98391016509822,133.77888534097983,136.70936584472656,29094800
2025-03-12,136.10458493970097,136.6405247556861,133.03152521145518,134.86061096191406,23880900
2025-03-13,132.53000755871318,137.94842108167433,132.10714673648081,136.05050659179688,20516300
2025-03-14,139.00063602457374,139.46282538282685,137.13220680892792,138.75479125976562,17381900
2025-03-17,137.83040642828954,145.96294008360957,137.70256235460567,145.11724853515625,33897000
2025-03-18,143.94703778400705,144.42888394078125,140.1315220657539,140.36753845214844,20950100
2025-03-19,142.65881438924563,142.78664346975737,139.5119892397443,140.81988525390625,16333800
2025-03-20,134.89502478083517,136.67986016529943,134.10339683939705,134.63442993164062,23646800
2025-03-21,131.7629646957624,134.2017405454286,131.0844307484551,132.8938446044922,13970300
2025-03-24,134.06406927787478,134.1623981809374,131.40894881240482,132.24481201171875,14019000
2025-03-25,130.73040825588077,133.98046868805216,130.1502182400433,130.54356384277344,17943400
2025-03-26,131.31060561681676,132.42182876418846,128.95050185807332,130.04205322265625,15933500
2025-03-27,131.23192782804085,135.49488250183475,130.67140958672508,133.37570190429688,16688300
2025-03-28,131.28110463361162,131.97931036914542,129.2160026035977,130.2288818359375,13271500
2025-03-31,127.86878033279268,130.66157331352667,125.87252200454083,130.03221130371094,12183800
2025-04-01,130.5435719791133,131.87113973012296,129.3438483092868,130.49440002441406,11627500
2025-04-02,129.76670481717775,130.6222397809585,127.0033971083772,127.63275909423828,21240900
2025-04-03,123.55666286173938,128.49814430549736,123.41407619436627,127.180419921875,30607600
2025-04-04,115.61587605997488,116.89427184206006,109.45009264020051,114.60299682617188,57154500
2025-04-07,104.84787547131485,112.22321823794286,100.93402360868615,104.21851348876953,61386600
2025-04-08,106.46062338079965,107.18832181348792,96.12530694741692,97.7183837890625,52100200
2025-04-09,98.92793488439902,105.26089862040442,94.13888352109903,103.03845977783203,74981900
2025-04-10,105.08388915861244,106.64745829560636,99.68514010656077,102.44843292236328,53133400
2025-04-11,103.03845748630623,106.2482067024208,100.4915093028695,105.9394302368164,40522800
2025-04-14,110.0106195592622,114.07197242841143,109.84343941494416,112.07571411132812,32926100
2025-04-15,111.88887173659857,112.10521633696104,109.61726843796697,110.41380310058594,16172300
2025-04-16,106.37703381185321,107.15881837124715,104.18900938081147,104.97571563720703,18031600
2025-04-17,108.99281441242434,109.6615124561346,106.61795314327509,107.06047821044922,17885000
2025-04-21,106.92280975673492,108.39787836414222,105.48706970991535,108.31920623779297,12145700
2025-04-22,112.45923134416576,115.47820479698248,111.13167109665635,113.95396423339844,27662400
2025-04-23,117.60229732780402,121.75215813119952,116.7762625246607,116.99260711669922,25762800
2025-04-24,115.97480719432696,117.35645357504836,115.62571182901185,117.30728912353516,13696000
2025-04-25,116.60908900711303,118.48733908252962,116.30423640127233,118.28083038330078,9306400
2025-04-28,117.51379588118408,118.66434756324935,115.34052909197636,116.40258026123047,10748000
2025-04-29,115.77321860775248,117.88747755861965,115.73388254552698,116.90409851074219,8295500
2025-04-30,117.11060876578772,117.94648696965392,116.22557361301355,117.44496154785156,10144800
2025-05-01,118.19233470479742,119.43138695085058,117.37612826308913,118.52667999267578,8690200
2025-05-02,123.91067709897911,124.5154606293044,122.18484953088264,123.66975402832031,18092500
2025-05-05,122.92238090154645,125.01697557117758,122.63720007754445,124.4662857055664,9868800
2025-05-06,126.31996206155262,127.57376439183821,125.36608314946454,125.53817749023438,17919700
2025-05-07,122.83388564175404,122.88796428918023,120.86712746321729,121.18180847167969,15979200
2025-05-08,123.26656769561589,124.707221966904,122.10618006682124,123.69925689697266,10846800
2025-05-09,124.87930784480884,125.64634233033487,123.10922999419189,123.24690246582031,11172200
2025-05-12,131.6449458262918,131.84163363625382,130.10104855326753,130.34689331054688,22631700
2025-05-13,128.82266261187365,130.81991133389658,128.03595632771285,129.46185302734375,16123600
2025-05-14,131.84653892261545,132.27430639489452,130.44522082002425,131.82196044921875,18278300
2025-05-15,124.1417711368009,124.22044326266733,120.61144389264719,121.84066772460938,35442800
2025-05-16,123.689421067296,124.00410207682573,121.2604735081506,121.4079818725586,20090000
2025-05-19,118.18249765236973,121.01462669028456,118.00548911858837,120.91629028320312,11197000
2025-05-20,122.22418468678687,123.13872751582608,122.08651221812177,123.07972717285156,11790000
2025-05-21,123.36489799894137,123.96475981564879,120.72944186240956,121.53581237792969,8521400
2025-05-22,119.47072011238788,120.13941817448753,118.91019434728867,119.46089172363281,7820900
2025-05-23,117.59247072583175,119.03016894224413,117.3013853599889,118.72335815429688,7163400
2025-05-27,117.88256539355822,118.01040197105168,116.91393641451788,117.53346252441406,8544500
2025-05-28,115.49786557849217,115.96005492903271,114.57349437999777,114.79966735839844,11707700
2025-05-29,117.05653233351673,117.35645575029096,114.76033558052939,115.23236083984375,12356300
2025-05-30,113.09842754684686,113.15742788949154,109.74510135825385,111.94786834716797,17213200
2025-06-02,112.99025891329698,113.48194845817417,111.76988060123537,112.8427505493164,13147200
2025-06-03,113.46227116652477,113.88512445469381,112.51331399222387,113.05908966064453,14008900
2025-06-04,114.87343160841192,118.00549163129809,114.7210090488021,117.46463012695312,18115500
2025-06-05,118.93969152235618,119.52972494661677,117.15977786624023,117.96614837646484,15332200
2025-06-06,117.02210875626103,117.77930733531038,116.25507428583558,117.39579010009766,9753200
2025-06-09,119.07736698716687,120.12466808876809,118.1234955994335,119.46089172363281,10410600
2025-06-10,118.61026647268586,120.12959286400175,117.88748224356495,119.85424041748047,8892800
2025-06-11,120.59176912431693,121.4079755291533,118.05465689992596,118.33000183105469,10443100
2025-06-12,117.5199966430664,117.55000305175781,115.94999694824219,116.62000274658203,10204500
2025-06-13,113.66999816894531,114.77999877929688,112.26899719238281,112.87000274658203,13355100
2025-06-16,114.9800033569336,116.9000015258789,114.87000274658203,115.95999908447266,10242900
2025-06-17,115.94000244140625,116.61000061035156,115.02999877929688,115.02999877929688,10205700
2025-06-18,113.63999938964844,114.30000305175781,113.0199966430664,113.48999786376953,14002300
2025-06-20,114.11000061035156,114.427001953125,112.62200164794922,113.01000213623047,12737300
2025-06-23,112.11499786376953,113.08999633789062,111.26000213623047,113.08999633789062,12536500
2025-06-24,114.61499786376953,117.31999969482422,113.62000274658203,117.01000213623047,17125100
2025-06-25,117.19999694824219,117.44999694824219,114.16999816894531,114.55000305175781,12835500
2025-06-26,114.0999984741211,114.19999694824219,113.37999725341797,113.93000030517578,8388000
2025-06-27,114.37000274658203,115.5,113.31999969482422,114.08000183105469,12355500
2025-06-30,112.45999908447266,113.48999786376953,111.4000015258789,113.41000366210938,10457300
2025-07-01,112.94999694824219,114.79000091552734,112.73999786376953,113.97000122070312,9243200
2025-07-02,111.56999969482422,111.81999969482422,110.37000274658203,110.70999908447266,13843800
2025-07-03,108.33499908447266,109.08000183105469,107.94999694824219,108.69999694824219,11847200
2025-07-07,107.43000030517578,108.19999694824219,105.94000244140625,106.2699966430664,17446200
2025-07-08,108.76499938964844,109.12999725341797,107.91000366210938,107.98999786376953,11319900
2025-07-09,105.4800033569336,105.5250015258789,103.70999908447266,103.83000183105469,24609300
2025-07-10,105.13999938964844,106.76000213623047,104.41400146484375,106.63999938964844,13554500
2025-07-11,106.91000366210938,107.41999816894531,106.30000305175781,106.72000122070312,10774600
2025-07-14,107.6449966430664,108.80000305175781,107.19000244140625,108.22000122070312,13231300
2025-07-15,114.65499877929688,117.21499633789062,113.2040023803711,116.97000122070312,34785400
2025-07-16,115.5,116.02999877929688,114.04000091552734,115.7300033569336,14439000
2025-07-17,115.04000091552734,118.19999694824219,114.86000061035156,117.30000305175781,14573600
2025-07-18,121.37999725341797,122.16000366210938,119.7699966430664,120.2300033569336,26787700
2025-07-21,119.51000213623047,122.30999755859375,118.25,120.2699966430664,17937600
2025-07-22,120.44000244140625,121.83999633789062,119.0,120.70999908447266,11551500
2025-07-23,122.79499816894531,123.86499786376953,121.4000015258789,122.58000183105469,12874200
2025-07-24,121.8499984741211,123.98999786376953,120.44999694824219,121.1500015258789,11378400
2025-07-25,120.19000244140625,120.4800033569336,119.33999633789062,120.02999877929688,7060600
2025-07-28,122.02999877929688,123.44999694824219,121.52999877929688,122.1500015258789,11207400
2025-07-29,122.48999786376953,122.87000274658203,119.05000305175781,119.36000061035156,13599700
2025-07-30,119.04499816894531,119.58999633789062,116.83999633789062,117.37999725341797,12794100
2025-07-31,117.81999969482422,121.33999633789062,117.5199966430664,120.62999725341797,13650400
2025-08-01,118.05999755859375,118.37000274658203,116.11000061035156,117.06999969482422,12424300
2025-08-04,118.3499984741211,119.48999786376953,116.86000061035156,117.5,7272100
2025-08-05,118.0999984741211,118.6500015258789,116.87000274658203,117.04000091552734,5885600
2025-08-06,118.87999725341797,121.29000091552734,117.7699966430664,120.86000061035156,12079600
2025-08-07,121.33999633789062,122.27999877929688,119.5999984741211,120.95999908447266,9480600
2025-08-08,119.31999969482422,120.69999694824219,118.65499877929688,120.36000061035156,9763600
2025-08-11,120.43000030517578,121.30000305175781,118.12000274658203,118.63999938964844,12072000
2025-08-12,118.80999755859375,122.79000091552734,118.0999984741211,122.41999816894531,11939800
2025-08-13,126.69000244140625,127.93000030517578,125.08000183105469,126.86000061035156,19362500
2025-08-14,123.7300033569336,123.93000030517578,121.33999633789062,122.27999877929688,15045600
2025-08-15,120.9800033569336,122.18900299072266,120.68000030517578,121.26000213623047,11141800
2025-08-18,121.91999816894531,123.1500015258789,120.9000015258789,121.4000015258789,8550400
2025-08-19,121.58000183105469,122.58000183105469,119.98999786376953,119.98999786376953,8106100
2025-08-20,119.91999816894531,120.80999755859375,118.66999816894531,119.48999786376953,7095800
2025-08-21,117.87999725341797,119.2699966430664,117.51000213623047,118.08999633789062,8231200
2025-08-22,120.4749984741211,123.4000015258789,120.27999877929688,122.94000244140625,13855300
2025-08-25,125.18000030517578,126.7300033569336,123.5,124.3499984741211,12888400
2025-08-26,125.29499816894531,126.0,123.72000122070312,124.19000244140625,8706100
2025-08-27,121.19999694824219,122.51499938964844,120.79000091552734,122.2300033569336,13833100
2025-08-28,119.52999877929688,121.25,117.5999984741211,119.56999969482422,14501100
2025-08-29,128.8800048828125,136.64999389648438,128.50999450683594,135.0,82165100
2025-09-02,134.47000122070312,138.8300018310547,133.05999755859375,138.5500030517578,41625400
2025-09-03,136.6999969482422,137.77000427246094,135.5800018310547,136.4499969482422,16470500
2025-09-04,133.16000366210938,134.25,130.05999755859375,130.9199981689453,24730900
2025-09-05,135.02999877929688,135.61000061035156,132.6999969482422,135.5800018310547,19202500
2025-09-08,139.8800048828125,141.22000122070312,138.7689971923828,141.1999969482422,20095300
2025-09-09,145.39999389648438,148.0,144.64999389648438,147.10000610351562,32792300
2025-09-10,145.4199981689453,145.9199981689453,143.22999572753906,143.92999267578125,21079900
2025-09-11,148.1199951171875,156.8489990234375,147.86000061035156,155.44000244140625,50089200
2025-09-12,154.07000732421875,155.4600067138672,152.05999755859375,155.05999755859375,20903300
2025-09-15,159.08999633789062,159.6999969482422,156.72999572753906,158.0399932861328,23567200
2025-09-16,158.36000061035156,163.0,157.58999633789062,162.2100067138672,26017700
2025-09-17,166.0,167.32000732421875,163.25999450683594,166.1699981689453,29344300
2025-09-18,162.5,164.7899932861328,161.3000030517578,162.47999572753906,19529600
2025-09-19,164.69000244140625,166.25,162.61000061035156,162.80999755859375,18183200
2025-09-22,163.75999450683594,167.43499755859375,163.02999877929688,164.25,18667700
2025-09-23,165.00999450683594,167.8300018310547,162.8000030517578,163.0800018310547,18278600
2025-09-24,175.97999572753906,180.16000366210938,175.0,176.44000244140625,52642300
2025-09-25,173.39999389648438,175.77000427246094,170.43499755859375,175.47000122070312,20712200
2025-09-26,172.1699981689453,172.75999450683594,169.6999969482422,171.91000366210938,15971100
2025-09-29,178.0800018310547,181.343994140625,177.58999633789062,179.89999389648438,21576300
2025-09-30,181.66000366210938,182.14999389648438,177.10000610351562,178.72999572753906,18681500
2025-10-01,179.97999572753906,183.0800018310547,178.8699951171875,182.77999877929688,14966900
2025-10-02,188.5800018310547,192.6699981689453,188.3000030517578,189.33999633789062,23687800
2025-10-03,190.72000122070312,191.07000732421875,187.13499450683594,188.02999877929688,13990900
2025-10-06,186.5,189.61000061035156,186.30999755859375,187.22000122070312,10973500
2025-10-07,187.40499877929688,188.66000366210938,180.44000244140625,181.3300018310547,16942200
2025-10-08,180.7899932861328,182.08999633789062,177.3000030517578,181.1199951171875,15883700
2025-10-09,178.52000427246094,178.77999877929688,172.3000030517578,173.67999267578125,21211600
2025-10-10,170.02999877929688,172.92999267578125,157.25,159.00999450683594,50296800
2025-10-13,167.77999877929688,168.7899932861328,165.02999877929688,166.80999755859375,25703100
2025-10-14,160.0500030517578,166.5,160.0,162.86000061035156,18583200
2025-10-15,168.07000732421875,168.10000610351562,164.60000610351562,165.91000366210938,15337400
2025-10-16,166.52000427246094,168.3000030517578,164.4600067138672,165.08999633789062,10979700
2025-10-17,161.75999450683594,169.10000610351562,161.14999389648438,167.0500030517578,17765700
2025-10-20,167.2899932861328,174.97000122070312,165.7899932861328,173.47000122070312,20120500
2025-10-21,170.52000427246094,170.94000244140625,166.4199981689453,166.6699981689453,15662500
2025-10-22,167.0,169.6699981689453,163.5800018310547,165.86000061035156,15016500
2025-10-23,168.97000122070312,173.24000549316406,168.31700134277344,171.89999389648438,12792100
2025-10-24,174.39999389648438,176.44000244140625,173.36199951171875,174.6999969482422,11841000
2025-10-27,179.74000549316406,180.0,177.6199951171875,179.4499969482422,12580800
2025-10-28,177.47999572753906,179.3800048828125,175.24000549316406,176.72000122070312,11906900
2025-10-29,180.2949981689453,182.5,178.08999633789062,179.97000122070312,12068900
2025-10-30,174.32000732421875,176.3800048828125,173.77999877929688,173.92999267578125,10756300
2025-10-31,170.52999877929688,171.4499969482422,168.1199951171875,170.42999267578125,13181400
2025-11-03,168.30999755859375,168.94000244140625,165.5800018310547,167.69000244140625,9702300
2025-11-04,162.60000610351562,166.5,162.1999969482422,164.3000030517578,9693100
2025-11-05,164.39999389648438,166.8800048828125,163.60000610351562,164.82000732421875,8631400
2025-11-06,169.0,170.5500030517578,165.52000427246094,167.61000061035156,12438900
2025-11-07,162.9600067138672,166.3800048828125,161.21600341796875,166.33999633789062,11581200
2025-11-10,167.6199951171875,168.0,163.63999938964844,165.88999938964844,9348700
2025-11-11,164.58999633789062,165.5800018310547,160.16000366210938,160.8000030517578,11354400
2025-11-12,160.97999572753906,161.19000244140625,156.1999969482422,157.91000366210938,13920800
2025-11-13,164.0,164.0,158.5,159.83999633789062,17213000
2025-11-14,156.94000244140625,162.6199951171875,151.77999877929688,153.8000030517578,33991000
2025-11-17,157.97999572753906,161.02499389648438,156.89999389648438,157.7100067138672,16911400
2025-11-18,157.30999755859375,161.27999877929688,156.6999969482422,159.72000122070312,12438900
2025-11-19,159.3249969482422,160.97000122070312,158.04100036621094,158.88999938964844,7949900
2025-11-20,159.0,161.38999938964844,153.0,153.27999877929688,13466900
2025-11-21,151.97999572753906,155.8800048828125,148.63999938964844,152.92999267578125,16240800
2025-11-24,160.0,161.5,158.6999969482422,160.72999572753906,21796600
2025-11-25,165.1999969482422,166.3699951171875,156.14999389648438,157.00999450683594,27097500
2025-11-26,159.09500122070312,161.4600067138672,150.0,157.60000610351562,21453100
2025-11-28,156.16000366210938,158.69000244140625,155.67999267578125,157.3000030517578,7185500
2025-12-01,160.5,164.85000610351562,159.41000366210938,164.25999450683594,15321200
2025-12-02,161.1999969482422,161.72999572753906,159.1199951171875,161.1300048828125,9878500
2025-12-03,157.39999389648438,158.4550018310547,156.52999877929688,158.0800018310547,6968000
2025-12-04,158.27000427246094,158.8000030517578,156.41000366210938,157.44000244140625,6666300
2025-12-05,159.14999389648438,159.49000549316406,157.67999267578125,158.32000732421875,6277100
2025-12-08,157.57000732421875,158.74000549316406,156.41299438476562,158.1300048828125,7342000
2025-12-09,154.44000244140625,156.60000610351562,154.3000030517578,155.9600067138672,6458100
2025-12-10,159.63999938964844,160.74000549316406,157.5,158.82000732421875,10928600
2025-12-11,155.14999389648438,157.0500030517578,153.36000061035156,156.89999389648438,8171200
2025-12-12,157.76499938964844,158.9499969482422,153.8000030517578,155.67999267578125,6708400
2025-12-15,153.17999267578125,153.2050018310547,149.5800018310547,150.08999633789062,11233100
2025-12-16,148.9499969482422,149.97000122070312,147.50999450683594,149.2899932861328,9051900
2025-12-17,150.60000610351562,151.38999938964844,146.75,147.08999633789062,8271000
2025-12-18,148.64999389648438,149.1999969482422,147.11599731445312,147.32000732421875,6597400
2025-12-19,149.00999450683594,151.47000122070312,148.8800048828125,149.7899932861328,9004200
2025-12-22,150.40499877929688,151.82000732421875,149.1199951171875,150.9600067138672,6779100
2025-12-23,150.5749969482422,151.3000030517578,149.27000427246094,151.22999572753906,5373300
2025-12-24,150.5,150.7899932861328,149.91799926757812,150.05999755859375,3274200
2025-12-26,150.2899932861328,152.97999572753906,150.05999755859375,152.24000549316406,6037200
2025-12-29,147.72000122070312,148.75,147.2100067138672,148.49000549316406,8900000
2025-12-30,148.83999633789062,149.10000610351562,147.35000610351562,147.36000061035156,6832300
2025-12-31,146.69000244140625,147.3699951171875,145.63999938964844,146.5800018310547,6116000
2026-01-02,152.6199951171875,156.64999389648438,151.80099487304688,155.74000549316406,15778300
2026-01-05,155.77499389648438,156.5500030517578,152.1699981689453,156.25999450683594,14744000
2026-01-06,155.22000122070312,155.83999633789062,150.86000061035156,150.89999389648438,12998100
2026-01-07,148.3800048828125,148.3800048828125,146.61000061035156,146.75,12613200
2026-01-08,146.09500122070312,155.2899932861328,145.27000427246094,154.47000122070312,20981700
2026-01-09,151.3300018310547,151.57000732421875,148.52000427246094,150.9600067138672,11437900
2026-01-12,157.47000122070312,167.69000244140625,157.47000122070312,166.30999755859375,35379000
2026-01-13,165.5,170.67999267578125,164.91000366210938,167.00999450683594,18850400
2026-01-14,171.57000732421875,172.8000030517578,169.84500122070312,169.89999389648438,17475100
2026-01-15,169.64500427246094,173.3000030517578,167.33999633789062,170.92999267578125,12607000
2026-01-16,169.77999877929688,169.85000610351562,163.4949951171875,165.39999389648438,18598300
2026-01-20,161.8300018310547,166.1750030517578,161.67999267578125,162.38999938964844,9885000
2026-01-21,167.5749969482422,169.86500549316406,165.66000366210938,168.6699981689453,11713700
2026-01-22,176.42999267578125,181.10000610351562,174.77000427246094,177.17999267578125,32031100
2026-01-23,175.43499755859375,175.61000061035156,171.94000244140625,173.22999572753906,13064100
2026-01-26,169.7899932861328,172.99000549316406,168.67999267578125,171.3699951171875,10166100
2026-01-27,174.0500030517578,176.4600067138672,172.2209930419922,172.72000122070312,8931300
2026-01-28,176.25,177.8699951171875,174.56300354003906,175.66000366210938,9001500
2026-01-29,178.33999633789062,180.75,171.60000610351562,174.25,12062500
2026-01-30,172.6999969482422,174.0,169.47000122070312,169.55999755859375,10846100
2026-02-02,167.97999572753906,169.55999755859375,167.33999633789062,168.38999938964844,6551800
2026-02-03,163.8800048828125,165.35000610351562,160.61000061035156,163.64999389648438,10066600
2026-02-04,162.3300018310547,162.85000610351562,156.77999877929688,159.13999938964844,11851400
2026-02-05,161.13999938964844,161.47000122070312,156.7100067138672,157.75999450683594,10936700
2026-02-06,160.4600067138672,162.86000061035156,159.5,162.50999450683594,10972100
2026-02-09,161.88999938964844,165.02999877929688,160.88999938964844,163.0,7260500
2026-02-10,163.74000549316406,168.2550048828125,162.3000030517578,166.50999450683594,10990000
2026-02-11,164.08999633789062,165.1999969482422,161.3800048828125,164.32000732421875,8756900
2026-02-12,163.1199951171875,163.3699951171875,156.9600067138672,158.72999572753906,11457800
2026-02-13,152.85499572753906,158.11000061035156,152.85499572753906,155.72999572753906,16045600
2026-02-17,156.375,158.1300048828125,153.4600067138672,155.42999267578125,6803600
2026-02-18,156.8800048828125,157.5,155.57000732421875,155.77000427246094,4506600
2026-02-19,155.22500610351562,155.5,153.14999389648438,154.27000427246094,6582500
2026-02-20,150.85000610351562,155.49000549316406,150.42999267578125,154.4499969482422,8758700
2026-02-23,155.5,156.3300018310547,152.57000732421875,152.77999877929688,6751000
2026-02-24,152.10000610351562,153.72999572753906,150.89999389648438,153.11000061035156,6655200
2026-02-25,152.8000030517578,153.5500030517578,150.96099853515625,152.27999877929688,5813400
2026-02-26,148.35499572753906,149.05999755859375,145.60000610351562,148.0500030517578,10256400
2026-02-27,145.4600067138672,146.39999389648438,143.3300018310547,144.11000061035156,9780300
2026-03-02,139.19000244140625,143.0,139.05499267578125,142.55999755859375,9428300
2026-03-03,136.3800048828125,137.0800018310547,133.39999389648438,135.58999633789062,18476800
2026-03-04,134.98500061035156,135.11700439453125,132.72000122070312,133.27000427246094,14293900
2026-03-05,129.6999969482422,131.63499450683594,128.60000610351562,130.35000610351562,18612900
2026-03-06,129.3000030517578,132.42999267578125,128.8000030517578,130.7899932861328,10957000
2026-03-09,130.24000549316406,132.91000366210938,128.5500030517578,132.63999938964844,10072400
2026-03-10,135.7100067138672,139.22000122070312,134.55999755859375,136.85000610351562,15264300
2026-03-11,135.57000732421875,136.74000549316406,134.82000732421875,136.2899932861328,6685100
2026-03-12,135.3800048828125,136.0,133.4499969482422,134.1999969482422,7591800
2026-03-13,136.07000732421875,137.1999969482422,134.6999969482422,135.2100067138672,6438400
2026-03-16,138.8000030517578,138.8000030517578,136.5,136.7100067138672,9972300
2026-03-17,137.875,138.22000122070312,135.97000122070312,136.57000732421875,10005700
2026-03-18,138.44500732421875,139.16000366210938,134.3699951171875,134.42999267578125,17158600
2026-03-19,123.0199966430664,126.91999816894531,121.16000366210938,124.9000015258789,33440500
2026-03-20,125.71499633789062,126.4800033569336,122.08999633789062,122.41000366210938,15479300
2026-03-23,123.23999786376953,127.2699966430664,123.0999984741211,126.05999755859375,15583900
2026-03-24,124.36000061035156,125.75,123.91999816894531,125.4800033569336,8516200
2026-03-25,129.47999572753906,130.64999389648438,128.33999633789062,129.8699951171875,12843000
2026-03-26,126.72000122070312,127.05000305175781,124.58999633789062,125.41000366210938,9240000
2026-03-27,123.97000122070312,124.44000244140625,122.2300033569336,122.69000244140625,8105000
2026-03-30,123.27999877929688,123.77999877929688,121.55000305175781,121.9800033569336,7226700
2026-03-31,121.98999786376953,125.77999877929688,121.37999725341797,125.45999908447266,9486100
2026-04-01,125.4800033569336,126.38999938964844,123.12000274658203,123.7300033569336,10297400
2026-04-02,120.2699966430664,122.8479995727539,120.13999938964844,122.05000305175781,8830200
2026-04-06,122.05000305175781,123.6500015258789,121.69999694824219,122.30999755859375,3987600
2026-04-07,121.1500015258789,121.9800033569336,117.93000030517578,119.72000122070312,10879200
2026-04-08,128.11000061035156,129.33999633789062,124.86000061035156,125.31999969482422,17638100
2026-04-09,124.5199966430664,127.77999877929688,123.95999908447266,127.68000030517578,10014600
2026-04-10,129.13499450683594,129.75999450683594,127.05000305175781,127.33000183105469,9356300
2026-04-13,125.98999786376953,128.08999633789062,125.55000305175781,128.00999450683594,5550200
2026-04-14,128.47000122070312,132.8800048828125,128.47000122070312,131.35000610351562,11718500
2026-04-15,132.6999969482422,133.60000610351562,131.3699951171875,133.27999877929688,8749500
2026-04-16,137.8000030517578,140.89999389648438,135.73500061035156,138.58999633789062,17122200
2026-04-17,141.14999389648438,143.77999877929688,139.8800048828125,141.00999450683594,12886500
2026-04-20,140.46499633789062,140.92999267578125,138.8730010986328,140.1699981689453,7823300
2026-04-21,139.25,139.25,134.4600067138672,135.3800048828125,11388200
2026-04-22,136.91000366210938,137.3300018310547,135.3800048828125,136.4199981689453,9258300
2026-04-23,133.77999877929688,133.89999389648438,129.61500549316406,131.6999969482422,10749900
2026-04-24,133.67999267578125,136.1999969482422,133.0,135.82000732421875,9046800
2026-04-27,133.0,133.40499877929688,132.08999633789062,132.52000427246094,6462100
2026-04-28,129.5,130.9199981689453,128.9499969482422,130.85000610351562,6088100
2026-04-29,131.9499969482422,132.02999877929688,129.9600067138672,130.42999267578125,6386000
2026-04-30,130.14999389648438,132.63999938964844,129.35000610351562,131.8800048828125,7416600
2026-05-01,131.7550048828125,133.14999389648438,131.36000061035156,131.5,6199300
2026-05-04,133.97999572753906,136.11500549316406,133.25999450683594,133.27000427246094,8317200
2026-05-05,134.625,134.72000122070312,132.1699981689453,132.25999450683594,6919300
2026-05-06,137.30499267578125,142.1999969482422,136.74000549316406,141.44000244140625,16958900
2026-05-07,143.76499938964844,143.9499969482422,140.44000244140625,141.0,10698800
2026-05-08,142.0500030517578,143.8000030517578,139.3699951171875,140.05999755859375,10027700
