Date,Open,High,Low,Close,Volume
2020-01-02,30.33867118272055,30.604725783468357,30.287179067288793,30.587560653686523,37614200
2020-01-03,30.021126121067745,30.167028095297425,29.83231295697543,29.952468872070312,50357900
2020-01-06,29.531928601410197,29.952466080259992,29.49759834315437,29.9095516204834,42185000
2020-01-07,29.780816809398047,29.969626674030692,29.634914854908722,29.712156295776367,34149000
2020-01-08,29.669248571642612,30.201354518608994,29.652083441235455,30.012544631958008,45311600
2020-01-09,30.29575975499612,30.32150908642157,29.98679396920051,30.064035415649414,39861600
2020-01-10,30.038287523843227,30.098363836977832,29.746486885512212,29.815147399902344,39730400
2020-01-13,29.90096768002669,30.09836173423764,29.74648480735494,30.089780807495117,37956100
2020-01-14,30.29575830257368,30.613305001011646,30.132694489627387,30.312923431396484,66719300
2020-01-15,29.840887729790406,29.85805285509419,29.471845720541282,29.755062103271484,74745500
2020-01-16,29.9524641404398,30.029705579556186,29.69499049410958,29.79798126220703,50368500
2020-01-17,29.969627133509228,29.995376463468872,29.694991622638916,29.789398193359375,54156100
2020-01-21,29.54050645024246,29.626332086937094,29.368861724679764,29.403188705444336,50811000
2020-01-22,29.497592690489135,29.566253193843277,29.377440083532385,29.489011764526367,38879700
2020-01-23,29.2572911306521,29.403189807632103,28.948325374796315,29.283037185668945,45717100
2020-01-24,29.28303676282193,29.30020189055643,28.553536840629064,28.785261154174805,47797200
2020-01-27,27.952769944080597,28.433383689940122,27.86694758092257,28.19307518005371,57096200
2020-01-28,28.338978837880198,28.742351171697113,28.278902525258125,28.52779197692871,38834600
2020-01-29,28.605033527225682,28.69943682319691,28.30464868905485,28.330394744873047,37414700
2020-01-30,28.064344788335422,28.768098721820287,28.03859545736445,28.733768463134766,50542800
2020-01-31,28.381887834768072,28.467710196496036,28.021429986814738,28.175912857055664,54845300
2020-02-03,28.321810429569375,28.66510641100819,28.253149923716368,28.296064376831055,48485500
2020-02-04,28.802427870779475,29.094228510536315,28.776678540800596,28.853919982910156,45061600
2020-02-05,29.265873227664866,29.875223836702304,29.240127171618752,29.789398193359375,54604800
2020-02-06,29.98678638400323,30.046862685610026,29.694985801664686,29.755062103271484,39511500
2020-02-07,29.454687576598573,29.746488228099818,29.386030333023164,29.703577041625977,31263000
2020-02-10,29.55767286544878,29.772232055664062,29.506180755101703,29.772232055664062,24373800
2020-02-11,29.90954620722269,30.07261326746791,29.832304777083646,29.84088897705078,32476300
2020-02-12,30.106944578674675,30.424491236456262,29.849470953211235,29.969623565673828,36656700
2020-02-13,29.832301794147202,30.064026061394188,29.652072899814893,29.96103858947754,31775100
2020-02-14,29.93530095113208,30.003958193730107,29.78081806289449,29.9095516204834,26447700
2020-02-18,29.84089786022018,29.89239325361326,29.188635972897178,29.411779403686523,40318000
2020-02-19,29.566256944857876,29.90954968344249,29.531926688825394,29.79798126220703,29632100
2020-02-20,29.574839787273167,30.10694896849758,29.574839787273167,29.9095516204834,42604100
2020-02-21,29.63491042328442,29.72931697843987,29.300198654215475,29.489011764526367,46675500
2020-02-24,28.476298942573283,28.502045000418764,27.909862752576377,28.090091705322266,79159600
2020-02-25,28.055759926833428,28.115836241163258,26.468023149978908,26.673999786376953,91586800
2020-02-26,26.94004845449695,27.12027900579233,26.227712086333668,26.28778839111328,80012800
2020-02-27,25.360896297381476,26.004573884999857,24.81162527977329,25.000436782836914,121148300
2020-02-28,24.030625192742598,24.67430265326249,23.773154863317217,24.45974349975586,171198800
2020-03-02,24.331011418912304,25.214994195749174,23.55001613211631,25.20641326904297,147776300
2020-03-03,25.206414855343315,25.532544110272383,23.70450049591553,23.816070556640625,138698500
2020-03-04,24.245186665543354,24.391086969362938,23.51568514644542,24.365339279174805,111239800
2020-03-05,23.52754287737221,23.622551838397516,22.802023796128857,23.13023567199707,110878700
2020-03-06,21.998769487511375,22.63791690896828,21.679196600483824,22.2060604095459,119121200
2020-03-09,19.200340208552916,20.288618821038757,18.578467421733237,18.941226959228516,145196000
2020-03-10,20.081324342970518,20.452721142790356,18.6475611023183,20.392261505126953,134863600
2020-03-11,19.727205039845238,20.694562676714387,19.226251566044688,19.580373764038086,127347000
2020-03-12,17.783847250221726,19.753113090008917,17.40381314484494,17.714750289916992,139552600
2020-03-13,19.1657952580318,20.945043885597606,18.55255806493841,20.8673095703125,128357400
2020-03-16,17.144704143160414,18.768483930631973,16.911501227396375,17.654294967651367,121688800
2020-03-17,18.18979339060864,19.59764635392118,17.3001701492459,18.98440933227539,120065700
2020-03-18,17.5074633016215,18.112061426864237,17.015147144063235,17.956594467163086,148272500
2020-03-19,17.498827754124616,18.785760086500055,16.410549041080507,18.310718536376953,122461300
2020-03-20,18.794393131868187,18.86349009881837,16.894224069635655,16.989233016967773,150910400
2020-03-23,16.635111117712796,16.98923328484123,15.503647648287847,15.61592960357666,181898500
2020-03-24,16.77330664918721,18.26752975479397,16.419184448376402,18.16388511657715,147882400
2020-03-25,18.75120608994854,19.08805523797866,17.62837998958575,18.224342346191406,146991300
2020-03-26,18.405721102085238,19.822211352487564,18.28480182545881,19.62355613708496,116111400
2020-03-27,18.725297380370794,19.174428518400763,18.224343925614825,18.656200408935547,91522800
2020-03-30,18.69937911587942,19.303978648361916,18.371169023681134,19.03622817993164,80449100
2020-03-31,18.84621879994792,19.424906618940543,18.10342503746135,18.336627960205078,95213700
2020-04-01,17.21379740968136,17.576556873538323,16.851037945824395,17.075603485107422,83961300
2020-04-02,16.971962535359133,17.956596615690085,16.92014020925815,17.766578674316406,70007400
2020-04-03,17.619743765856995,17.913406299238087,16.997871037909704,17.3001708984375,68293500
2020-04-06,18.163883646463237,18.65619975665154,17.97386574610867,18.47481918334961,97766200
2020-04-07,19.692650862404157,19.76174781939008,18.872124704121468,19.122600555419922,94560300
2020-04-08,19.355809804054235,20.383628820599302,19.355809804054235,20.254072189331055,81212300
2020-04-09,20.789570724155293,21.869211926260586,20.77229606954519,21.471904754638672,125275700
2020-04-13,21.402802888485205,21.463262518390874,20.539090124343932,20.660009384155273,83164700
2020-04-14,21.160966161721625,21.29052276792531,19.951768424817857,20.495906829833984,88991100
2020-04-15,19.13988048142343,19.563099665525623,18.923952225407913,19.16579246520996,99082200
2020-04-16,19.1312444853051,19.183066809083886,18.215709077337355,18.500734329223633,89213300
2020-04-17,19.295348106975307,20.21088340459691,19.269436124508005,20.10723876953125,92800300
2020-04-20,19.49399998394721,19.97767874902024,19.157152478482264,19.43354034423828,74446300
2020-04-21,18.915317645994108,19.321263880627022,18.56983271564851,18.690752029418945,78871300
2020-04-22,19.13988046817926,19.20034011623747,18.785758260351,18.828943252563477,49669500
2020-04-23,18.96713695234358,19.33853381107958,18.872129641258947,18.889404296875,50614800
2020-04-24,19.096692537149327,19.26079680022399,18.716658404036465,19.15715217590332,47633500
2020-04-27,19.450816881207967,20.42681183259406,19.390357235644462,20.271343231201172,66916700
2020-04-28,21.1177803542,21.428715867516473,20.599552302137123,20.63409996032715,65504900
2020-04-29,21.515087275650863,21.687830507132098,21.169602460089934,21.40280532836914,73493900
2020-04-30,20.910490853156475,21.05732212844803,20.59955529466986,20.772296905517578,55244100
2020-05-01,20.193607234175275,20.262704201500878,19.70129113605517,19.934494018554688,51772600
2020-05-04,19.60628001158329,19.856755851509956,19.373077174567847,19.804933547973633,45886100
2020-05-05,20.279975787175616,20.314525089312532,19.537183912647293,19.571731567382812,45691900
2020-05-06,19.865400670789327,19.93449765070469,19.200341209477738,19.303987503051758,53874600
2020-05-07,19.571732886500218,20.18496986155093,19.528547903319843,19.727201461791992,51884300
2020-05-08,20.27134207599996,20.400900334712098,20.08132582257142,20.35771369934082,45181000
2020-05-11,19.960408260529697,19.969045588349186,19.485365114868838,19.502639770507812,68951800
2020-05-12,19.614921711329114,19.709930669815577,18.872129641258947,18.889404296875,69588700
2020-05-13,18.70802443544216,18.78575874133639,17.896133711325664,18.025691986083984,112113400
2020-05-14,17.524736544325126,18.820305969182616,17.3606306225707,18.75120735168457,88359100
2020-05-15,18.483456063718158,18.742570926830155,18.33662480217519,18.51800537109375,64484000
2020-05-18,19.36443984941157,19.917215480202554,19.062140058547254,19.804933547973633,86589400
2020-05-19,19.57173498702341,19.86539751689133,19.16579050039502,19.183063507080078,62179000
2020-05-20,19.58900704528681,19.865394884442647,19.554457741691596,19.787660598754883,59789500
2020-05-21,19.70129173496455,20.09860054471598,19.67538140105582,19.77902603149414,57726000
2020-05-22,19.8049344146028,19.82220906567126,19.398988351501025,19.571731567382812,48107000
2020-05-26,20.51318075670677,21.247337029058695,20.469995771969067,20.970949172973633,119485500
2020-05-27,22.516994774666234,22.60336639313102,21.56691026635678,22.439260482788086,117672700
2020-05-28,22.525633974828814,22.577456291257384,21.411445110905053,21.471904754638672,84340800
2020-05-29,21.09186732455775,21.515086412567534,20.78093017932547,20.832754135131836,113811100
2020-06-01,20.970946758867573,21.4805374276376,20.77229156869859,21.255971908569336,58375500
2020-06-02,21.55827261339,21.929669413984726,21.2127877921629,21.454627990722656,71118100
2020-06-03,22.024675983735797,22.577451638119935,21.929667050363,22.447895050048828,86744600
2020-06-04,22.360930009783612,23.335035854545083,22.2391674012726,23.291549682617188,94545300
2020-06-05,25.178872482809943,25.23105620861951,24.248253029010073,24.448293685913086,118767900
2020-06-08,24.86577086727439,25.13538876332057,24.474388712617834,24.822284698486328,79598500
2020-06-09,24.109094245543464,24.822279541286157,23.9612389799358,24.543962478637695,77773400
2020-06-10,24.326528740366427,24.439595411707877,23.056714276253267,23.134990692138672,90415300
2020-06-11,21.72602033226671,22.343534194032692,20.59536339175901,20.81279754638672,149875500
2020-06-12,21.76950281154917,21.78689627889012,20.908463969776836,21.55206871032715,73729700
2020-06-15,20.664941348449616,21.891269794047673,20.604060053246872,21.87387466430664,76538900
2020-06-16,22.769704094092358,22.821887824779388,21.62165206563239,22.4392032623291,96796500
2020-06-17,22.526172542672576,22.526172542672576,21.673831264475737,21.743410110473633,58349500
2020-06-18,21.482491523669925,22.169582473981585,21.378122417109704,21.778202056884766,53419000
2020-06-19,22.126098263356226,22.16958442723478,21.299847878537186,21.960847854614258,127563600
2020-06-22,21.647738023882194,21.769502245445683,21.404212898536212,21.41291046142578,55484300
2020-06-23,21.752109555769533,22.10000381586189,21.534675435850474,21.560768127441406,46108300
2020-06-24,21.343334425195863,21.343334425195863,20.595360507191977,20.708425521850586,75437100
2020-06-25,20.612761080886205,21.543379112786102,20.48229924480284,21.49989128112793,65031900
2020-06-26,20.951948209654745,20.969343334294827,20.021330606985487,20.134395599365234,118139200
2020-06-29,20.36052523461853,20.73451208303763,20.090907464854393,20.343130111694336,66269200
2020-06-30,20.17788235814905,20.795394320638643,20.090908398377053,20.65623664855957,61716200
2020-07-01,20.899769552174547,20.934558150982834,20.203979328210064,20.230072021484375,57379900
2020-07-02,20.734517025644543,20.864977160894103,20.195279698684907,20.256162643432617,56000200
2020-07-06,20.717126325935816,20.943258049509584,20.40402060731199,20.57796859741211,59589000
2020-07-07,20.334439684591953,20.3431372491056,19.916966541281695,20.012638092041016,60645800
2020-07-08,20.030030580555486,20.1691882766474,19.743017625004594,20.090911865234375,52922600
2020-07-09,19.951755030859506,20.14309645652728,19.473398978354073,19.80389976501465,79385900
2020-07-10,19.751713496411906,20.917160443398377,19.72562246524497,20.891069412231445,81142900
2020-07-13,21.195474154096058,21.317236704063045,20.751908446357326,21.038921356201172,73598100
2020-07-14,20.778005394577768,21.00413709387949,20.395322511658673,20.995439529418945,67423100
2020-07-15,21.534676970545988,21.630348520973545,21.117203828683415,21.395519256591797,57384400
2020-07-16,20.656244689632217,21.065020303131565,20.473600796012597,20.81279754638672,78067100
2020-07-17,20.769304046419514,20.85627801628945,20.177884700863018,20.19527816772461,66659100
2020-07-20,20.169189907646327,20.612755721892604,20.099611053973817,20.508386611938477,61114000
2020-07-21,20.621446637649694,21.291143979018972,20.604053172608012,21.23896026611328,75499300
2020-07-22,21.082413994369013,21.160690417402442,20.84758472526872,21.143295288085938,52193700
2020-07-23,21.325939070115517,21.430306519629294,20.969347242977157,21.343334197998047,61047600
2020-07-24,21.360727282607623,21.595556528123964,21.108504568412446,21.178083419799805,50217600
2020-07-27,21.06501838621249,21.108506208515205,20.769307830117228,20.995439529418945,54721300
2020-07-28,20.98674028080747,21.36072722814499,20.943254120885246,21.18678092956543,48406500
2020-07-29,21.18678275148793,21.99563800316653,21.038927472590867,21.978242874145508,71393500
2020-07-30,21.499886562089184,21.69992722602728,21.178084972907136,21.60425567626953,61755900
2020-07-31,21.682529717975857,21.699924844912292,21.273752529422648,21.639041900634766,61955800
2020-08-03,21.769512405246022,22.01303764424489,21.473801764554885,21.734722137451172,58284000
2020-08-04,21.70862170832601,21.79559568795909,21.621649387583616,21.75210952758789,37985300
2020-08-05,22.021727887134126,22.256557139975257,21.960846597632514,22.082609176635742,51322600
2020-08-06,22.13479769042888,22.326139150041964,21.986942398353467,22.152191162109375,51999700
2020-08-07,22.039122845865315,22.778399196040496,21.9695439928424,22.708820343017578,63354500
2020-08-10,22.882764641715706,23.31763284973937,22.795790668332863,23.10019874572754,64051100
2020-08-11,23.7264128680558,24.135188435345665,23.291544607959484,23.413307189941406,81441000
2020-08-12,23.900358791369342,23.97863520963574,22.969740995191845,23.248056411743164,61971300
2020-08-13,23.039319340022143,23.195872173094184,22.734911237814362,22.917556762695312,55955500
2020-08-14,22.66533501162679,23.187177296040034,22.543572420190362,23.021926879882812,50931900
2020-08-17,22.88276443254806,22.969738405135892,22.473988917942975,22.526172637939453,57518700
2020-08-18,22.500086800417566,22.604454264498585,22.143493264616446,22.204376220703125,45850100
2020-08-19,22.31743373988566,22.68272305902735,22.082604536389493,22.17827606201172,59856000
2020-08-20,21.882574666319904,22.030429967804135,21.760812062353263,21.83039093017578,49403700
2020-08-21,21.726015090942383,22.1173971384091,21.656436244602805,21.726015090942383,55010700
2020-08-24,21.93475719217258,22.352232034963787,21.77820599237822,22.343534469604492,54579500
2020-08-25,22.64793798991797,22.778398125845204,22.378318495592303,22.613147735595703,57304700
2020-08-26,22.560969612527735,22.560969612527735,22.213075277412525,22.23046875,39478000
2020-08-27,22.169585172615683,22.804492476377842,22.126099007275048,22.65663719177246,52934800
2020-08-28,22.961048939172183,23.021930243786215,22.604457018811896,22.874074935913086,46466400
2020-08-31,22.6914263226534,22.73491248583135,22.343532040557395,22.38701820373535,49416200
2020-09-01,22.24785875630798,22.52617416028549,22.091305926847966,22.360923767089844,46109200
2020-09-02,22.204372095049834,22.752305326894522,22.16958184089303,22.630542755126953,57300900
2020-09-03,22.945828562297635,23.313662511387626,22.29773882353968,22.472898483276367,86192500
2020-09-04,22.998375748906103,23.43627322698022,22.595509200445836,23.24359893798828,99621400
2020-09-08,22.893278726304196,23.050922079533994,22.236432534810884,22.31525421142578,74978600
2020-09-09,22.455384374164964,22.52544791080641,22.096308540071735,22.34153175354004,53822700
2020-09-10,22.507936892629786,22.674336774835975,21.964943143658132,22.01749038696289,56609600
2020-09-11,22.08755188588168,22.402838657355886,21.97369925754188,22.332775115966797,47708300
2020-09-14,22.481654235844932,22.761908325180045,22.367801638469846,22.55171775817871,47802400
2020-09-15,22.569235984184942,22.621783212812204,22.06127498626468,22.14009666442871,63820200
2020-09-16,22.140098795541174,22.691848925352243,21.938664670595966,22.420352935791016,64598600
2020-09-17,22.008730484673546,22.315259108730416,21.982457700333587,22.201406478881836,48862000
2020-09-18,22.026245336357764,22.402837477915178,21.982456251712417,22.078792572021484,94055800
2020-09-21,21.51828587041916,21.702203714587224,21.045357373387876,21.430706024169922,75218600
2020-09-22,21.25554595638259,21.544558251876513,20.852679370588554,20.966533660888672,68665300
2020-09-23,21.106658645377244,21.246785703849678,20.370990753173828,20.370990753173828,59950300
2020-09-24,20.476088139604094,20.86143844072623,20.09949766014111,20.441057205200195,53570700
2020-09-25,20.3885115710515,20.624974990593493,20.257140962982238,20.57242774963379,42111300
2020-09-28,20.91398447398611,21.290576602223304,20.835164458501676,21.097902297973633,47996900
2020-09-29,21.001566009729167,21.010324161146325,20.60745921863655,20.817649841308594,45695200
2020-09-30,20.826406307793086,21.299334752931898,20.817648157084495,21.097902297973633,56226100
2020-10-01,21.255547987632394,21.378158770029792,20.89647212165719,21.10666275024414,44782200
2020-10-02,20.703798024853334,21.39567703571699,20.642492628031853,21.203001022338867,51682100
2020-10-05,21.474496722598648,21.640896592516615,21.351884270013183,21.562076568603516,44396800
2020-10-06,21.824816811475554,22.061281920290394,21.264308408756055,21.343130111694336,67541100
2020-10-07,21.570832793249775,21.991215714984005,21.544560009073425,21.78978157043457,47648000
2020-10-08,21.851088495462925,22.15761544525994,21.728476045097526,22.10506820678711,52080600
2020-10-09,22.192652531991225,22.324021489920515,21.92991461613264,22.210168838500977,44511500
2020-10-12,22.157618179396497,22.621790242781646,22.105070934439603,22.490421295166016,48362900
2020-10-13,22.455381042962145,22.490413641309104,21.754745780485255,21.851083755493164,61186900
2020-10-14,21.325605333829614,21.535795901340663,20.66000103482155,20.686275482177734,127409500
2020-10-15,20.660005001126322,21.1942405068082,20.5636670127715,21.150449752807617,66832400
2020-10-16,21.194241907338355,21.325610837128128,20.966534982827678,21.229272842407227,58357700
2020-10-19,21.28181815765854,21.29933445883386,20.74758433538266,20.77385711669922,51377900
2020-10-20,20.922740565708196,21.439459713540135,20.913982415861486,21.14168930053711,62476400
2020-10-21,21.21175524912407,21.316851388829775,21.027839092697178,21.062870025634766,41564900
2020-10-22,21.06287339013985,21.81605777874326,21.01908429936154,21.78102684020996,55402000
2020-10-23,22.105071075021073,22.122587380267035,21.64089900868393,21.807300567626953,51007400
2020-10-26,21.430704965267886,21.527042958426602,21.150450807475128,21.49201202392578,59450200
2020-10-27,21.27306082955358,21.360638991046386,20.852677970334856,20.887710571289062,55009300
2020-10-28,20.502361518367174,20.721310275864,20.24838182830301,20.554908752441406,81942500
2020-10-29,20.45857328036317,20.80013282162807,20.248382664935036,20.6162166595459,57490400
2020-10-30,20.572426008093174,20.878954616894756,20.35347724044155,20.756343841552734,66453400
2020-11-02,20.922742233591908,21.246787121966726,20.55490826293912,21.089143753051758,59756400
2020-11-03,21.527042669146613,21.842329427649926,21.465737281759086,21.623380661010742,65106200
2020-11-04,20.922746756264868,21.141695555875664,20.37975466868028,20.73883056640625,88845500
2020-11-05,20.931502631795105,21.71096140952461,20.89647169630033,21.55331802368164,74722600
2020-11-06,21.83357059410438,21.859843376194128,21.22051339849767,21.290576934814453,55454500
2020-11-09,23.296150547412115,24.758728465968666,23.033411008903656,24.31207275390625,178378800
2020-11-10,24.0756077886479,24.312072873333097,23.8041117675908,24.2244930267334,77694600
2020-11-11,24.303316463460323,24.32083276812499,23.751566230097254,23.94424057006836,48360900
2020-11-12,23.50634223708035,23.55888947897549,23.042170200740934,23.37497329711914,67912600
2020-11-13,23.541371064048658,23.830383374228,23.436276589681558,23.646467208862305,52421000
2020-11-16,24.39964978156546,24.52226054977146,23.80410890094244,24.15442657470703,57396700
2020-11-17,23.865416888267585,24.17194551266493,23.65522626108139,24.128154754638672,46402300
2020-11-18,24.198214615837696,24.460954112685688,23.611431911124118,23.628948211669922,54416700
2020-11-19,23.58515913075177,23.65522266248863,23.339935934449585,23.628948211669922,46423000
2020-11-20,23.418760909354415,23.602678750053197,23.322422913252833,23.480066299438477,40538000
2020-11-23,23.742807898315505,24.101883788993554,23.699017136984803,23.98802947998047,45421200
2020-11-24,24.460954849864162,25.389297090966533,24.452196699327317,25.380538940429688,80387800
2020-11-25,25.14407206481507,25.433086000243847,24.942639628406795,25.424327850341797,57249900
2020-11-27,25.371783090038516,25.48563738689287,25.231656009638208,25.389299392700195,25971600
2020-11-30,25.15283454099612,25.27544699026783,24.609842517244907,24.662389755249023,63567900
2020-12-01,25.170353116428263,25.433092671064585,25.109047721480472,25.126564025878906,50255100
2020-12-02,25.126560254606037,25.555699625277303,24.98643318134385,25.450603485107422,45257500
2020-12-03,25.503479457411206,25.64447989785216,25.230289633306242,25.477041244506836,54013700
2020-12-04,25.732609104686336,25.935297055370775,25.55635768965583,25.811922073364258,66188200
2020-12-07,25.468227248482535,25.688540635893037,25.283164809869433,25.635665893554688,42197800
2020-12-08,25.43298337529729,25.688546084856497,25.3536704045373,25.494670867919922,33869100
2020-12-09,25.776670810955654,25.776670810955654,25.336043959486325,25.38010597229004,54886300
2020-12-10,25.23028871547782,25.67091549604113,25.08928828016618,25.653291702270508,58859600
2020-12-11,25.27434854052015,25.33603601143688,24.939471297175732,25.177410125732422,40538400
2020-12-14,25.48585480039576,25.521104071208804,24.798476370533603,24.868976593017578,40267100
2020-12-15,24.98354063970108,25.397729238918828,24.89541494090682,25.239103317260742,43672700
2020-12-16,25.38010295805466,25.397728433426096,25.06285280565802,25.309602737426758,42463200
2020-12-17,25.300786851431948,25.485850958087852,25.142162635400993,25.406538009643555,43182700
2020-12-18,25.459418187818304,25.64448233401384,25.17741728014701,25.26554298400879,82817200
2020-12-21,25.644480957246373,26.42879614970712,25.31841637472052,26.20848274230957,93397400
2020-12-22,26.24373484124086,26.24373484124086,25.70616956582297,25.741418838500977,39054300
2020-12-23,25.900041264480524,26.746045545476566,25.84716652218632,26.48166847229004,52537200
2020-12-24,26.67554885528305,26.67554885528305,26.20848380750834,26.402359008789062,22632300
2020-12-28,26.640303149269904,26.922304108809463,26.42880242961524,26.55217742919922,32861200
2020-12-29,26.587419193205946,26.657919408705403,26.375918546707574,26.44641876220703,33291900
2020-12-30,26.437608385819352,26.63148357553986,26.38473363968792,26.41998291015625,26370100
2020-12-31,26.446415281046654,26.78129084037474,26.349476867173326,26.710790634155273,28716000
2021-01-04,26.842984118147747,26.939922552993554,26.217294862690274,26.464046478271484,51483900
2021-01-05,26.58742173530712,26.91348631370418,26.358295592812034,26.66673469543457,48507000
2021-01-06,28.111990817053467,28.7464928335848,27.636114724869447,28.332305908203125,107002800
2021-01-07,29.354559261991685,29.627745732410432,28.940368985271945,28.95799446105957,74358500
2021-01-08,29.01086555047443,29.08136744882231,28.29705231913765,28.667177200317383,44641400
2021-01-11,28.279426876707902,29.19593138597924,28.111988229656834,29.143054962158203,51868200
2021-01-12,29.451490159674844,29.936182270809915,29.25761667693611,29.662992477416992,68166200
2021-01-13,29.460307395398456,29.680620790002564,29.160681044268248,29.486743927001953,43172800
2021-01-14,29.504370422410375,30.288685596452716,29.45149399565899,29.953811645507812,48483500
2021-01-15,29.336932733818717,29.636559088028477,28.816992982740473,29.090179443359375,57684300
2021-01-19,28.640744196555737,29.61012188621432,28.37636876862303,28.87868309020996,78130200
2021-01-20,28.869869350760997,28.896309247378007,28.341118482445285,28.499744415283203,53920000
2021-01-21,28.499743206146398,28.62311817940466,27.962177941193207,27.99742889404297,49626600
2021-01-22,27.636115640412534,27.97980403397898,27.539177198798207,27.803552627563477,45314500
2021-01-25,27.556800188235403,27.583236720210884,26.939922002320777,27.459861755371094,48078400
2021-01-26,27.67136325348068,27.697801467114665,27.23954918260625,27.265987396240234,36373000
2021-01-27,26.710791550286878,26.8165427036719,26.146789881186923,26.287790298461914,63809200
2021-01-28,26.807732087516623,27.098545681251846,26.367105328471876,26.719606399536133,51223300
2021-01-29,26.790111633878972,26.878237338373108,26.076296621106682,26.12917137145996,64019100
2021-02-01,26.323047725291747,26.4728609156453,26.058670617154792,26.402359008789062,40985300
2021-02-02,26.948735869604235,27.495113858391647,26.913486598540025,27.345300674438477,53527000
2021-02-03,27.239548503374607,27.962176182772243,27.213110290399875,27.829988479614258,49404900
2021-02-04,28.02386690249528,28.66718169813438,28.006243106000944,28.640745162963867,51751900
2021-02-05,28.984432577705594,29.00205805445634,28.48211825631509,28.526180267333984,42008800
2021-02-08,28.579053549040815,29.32811773898573,28.552617017685176,29.160680770874023,46014100
2021-02-09,29.054933215238467,29.098995224332203,28.72005589503763,29.037307739257812,35868600
2021-02-10,29.18711855856628,29.45149396864928,28.95799409961854,29.063743591308594,45031900
2021-02-11,29.054929405734143,29.3545557346885,28.684801182100937,28.975616455078125,29479900
2021-02-12,29.08137531443818,29.477940195614718,29.002062338202872,29.407438278198242,37468300
2021-02-16,29.945006626567796,30.45613549379353,29.698256614371534,30.200571060180664,52802600
2021-02-17,29.997871682468222,30.456123932388223,29.77755829472104,30.32393455505371,45455300
2021-02-18,30.01549964523221,30.535439417888117,29.98024869345857,30.13006019592285,37541700
2021-02-19,30.13886743338679,30.605930667092768,30.12124196169968,30.438493728637695,54514100
2021-02-22,30.359192111750556,31.064194433646083,30.32394115522672,30.976070404052734,56783400
2021-02-23,31.21399665837899,31.628186869865896,30.967246759645633,31.3021240234375,67440700
2021-02-24,31.495999704555018,32.18337631811262,31.372621398018293,32.060001373291016,58139500
2021-02-25,32.57113864420717,32.63282613938164,31.513633444233406,31.663448333740234,74762000
2021-02-26,31.48719320254145,31.751568631003863,30.561877522065032,30.588314056396484,70933300
2021-03-01,31.302126900426693,31.76919021216142,31.05537697901447,31.54006576538086,45901700
2021-03-02,31.41669072900501,31.67225170625975,31.284501350443676,31.310937881469727,41167400
2021-03-03,31.698687811159672,32.579941265021525,31.584123920877392,32.09524917602539,66047000
2021-03-04,32.00669575604125,32.65320581816095,31.811855903912768,32.325523376464844,96512800
2021-03-05,32.79489485504185,33.299703947004815,32.03325211884172,32.70633316040039,74292300
2021-03-08,33.104876301522296,33.41484569318675,32.608921896446176,32.88346862792969,65335500
2021-03-09,32.36980567486404,32.910041013599894,31.714440762414302,32.16611099243164,63946000
2021-03-10,32.360955448790065,33.237728189926735,32.21039643179438,33.09602737426758,53365600
2021-03-11,33.00746002406486,33.46798844132584,32.63549333464073,32.980892181396484,45834000
2021-03-12,33.583117057378374,33.81338294867125,33.282005839925525,33.600830078125,46069600
2021-03-15,33.680543175661036,33.715969223668644,32.96318428478333,33.43256759643555,50131600
2021-03-16,33.140296593642965,33.40598848569931,32.74176551238395,33.33513641357422,50300400
2021-03-17,33.653964847490016,33.97279242343334,33.06059393102769,33.609683990478516,63796000
2021-03-18,34.10564013061243,35.398663647595995,34.02593322462312,34.4864616394043,95439700
2021-03-19,33.91079876967382,34.46874365281015,33.237717576411626,34.123348236083984,106252700
2021-03-22,33.72482623115633,33.99051482498133,33.122596949998986,33.35285949707031,54701300
2021-03-23,33.08715683788724,33.49454606713191,32.5734895135604,32.67976760864258,49838000
2021-03-24,32.95431090824069,33.46797823256753,32.670909411512895,32.67976760864258,43896800
2021-03-25,32.653210276547256,33.43256641305919,32.44066075285276,33.35285949707031,47517900
2021-03-26,33.96393532150481,34.32704376618255,33.72481801024028,34.256195068359375,66846000
2021-03-29,33.698254282104166,34.211921813743174,33.52998563126399,33.92852020263672,45680000
2021-03-30,34.2119112717115,34.94698291826018,34.2119112717115,34.530738830566406,56705900
2021-03-31,34.203058912651045,34.53074472542148,34.06135812657118,34.265052795410156,49270000
2021-04-01,34.38904041360118,35.00012435746666,34.29162049970678,34.97355651855469,65587000
2021-04-05,35.42522709190382,35.673202600455014,35.07097346961962,35.24810028076172,50328500
2021-04-06,35.008987366689084,35.55808094100437,34.94699347578473,35.15068817138672,42590100
2021-04-07,35.22153360799228,35.558074222466445,35.062119810526255,35.46950912475586,43136400
2021-04-08,35.24810380896953,35.29238467158419,34.73443972149573,35.159542083740234,45285900
2021-04-09,35.34552974098166,35.58465049383687,34.991276023030125,35.4163818359375,45872900
2021-04-12,35.4163691654088,35.76176455871559,35.292378043595036,35.478363037109375,45544600
2021-04-13,35.25695856632182,35.26581338661493,34.71672331129304,34.822998046875,46770400
2021-04-14,34.521889187803815,35.717492829804144,34.468750122021525,35.3189582824707,52023800
2021-04-15,35.18610236453915,35.28352226840492,33.69824272720061,34.309329986572266,118128900
2021-04-16,34.81414416730176,34.91156070680999,34.45989053457229,34.67244338989258,60633400
2021-04-19,34.88499871248601,34.92042475737791,34.56617106528608,34.69015884399414,42321100
2021-04-20,34.53959391107027,34.53959391107027,33.5565433899784,33.724815368652344,50834100
2021-04-21,33.432559292334275,34.34475784226473,33.13144471588931,34.291622161865234,37851800
2021-04-22,34.31819285879932,34.33590587987798,33.80452538275825,33.97279739379883,48093400
2021-04-23,33.93736604639825,34.840709709715014,33.84880433326267,34.69900894165039,48674100
2021-04-26,34.84956327852169,35.29237858512762,34.787569405869874,34.90270233154297,34699800
2021-04-27,35.13297324143944,35.35438094791207,34.99127244443349,35.3189582824707,34304800
2021-04-28,35.3632357626063,35.62006948834599,35.318954901233674,35.45179748535156,34084400
2021-04-29,35.91232499979995,36.425992438744764,35.83261809990896,36.40827941894531,44008700
2021-04-30,36.16915424928716,36.22229330211829,35.84147186952685,35.89460754394531,39203400
2021-05-03,36.19572406704926,36.355137855852774,35.797189595040486,35.921180725097656,41940500
2021-05-04,35.637781816508436,36.381711759726606,35.23038911591738,36.31085968017578,53880000
2021-05-05,36.4879814021985,36.806808958801454,36.098301775944826,36.65625,37471100
2021-05-06,36.73596948526807,37.249637031125424,36.5234199602617,37.205352783203125,39044400
2021-05-07,36.42599949496005,37.417905146983415,36.40828647172935,37.35591125488281,39249200
2021-05-10,37.63930290375124,38.02897917640851,37.22305541407647,37.24076843261719,41271500
2021-05-11,36.79795318015326,37.497602211095334,36.6119715527118,36.81566619873047,42964700
2021-05-12,37.53302956730107,37.692443361685534,36.34628430822395,36.470272064208984,47533000
2021-05-13,36.186869047001814,37.27619434553111,36.11601697307495,37.054786682128906,42026100
2021-05-14,37.249631269847065,37.62159457028477,37.12564012462123,37.51531982421875,30932600
2021-05-17,37.40904843789047,37.94928041631916,37.33819634854099,37.851863861083984,32656400
2021-05-18,37.816429534518946,38.03783719762689,37.320475152928545,37.33818817138672,37880300
2021-05-19,36.88652031887203,37.19648971513293,36.58540574318443,37.169921875,42672800
2021-05-20,37.10791963174635,37.31161424315042,36.718240046093094,37.08134841918945,36871100
2021-05-21,37.21420627093829,37.72787037332581,37.09907332206682,37.55074691772461,40243800
2021-05-24,37.710159445226104,37.887282894790424,37.41789967230113,37.75444030761719,31390800
2021-05-25,37.8075820680775,38.31239141298488,37.13450406767226,37.205352783203125,52657700
2021-05-26,37.21420912705597,37.41790381936121,36.895381477043045,37.2319221496582,41332800
2021-05-27,37.62158843261574,37.94927081693488,37.302760868018645,37.6835823059082,52981100
2021-05-28,37.781006073848054,37.825286933806545,37.240770798480575,37.54188537597656,38509700
2021-06-01,38.03783983445828,38.330096213245675,37.87842603569677,38.011268615722656,42890700
2021-06-02,38.17068868688191,38.23268257676375,37.72787325720387,38.028987884521484,34180500
2021-06-03,38.03788319103907,38.678222728971896,37.957840748797466,38.46477508544922,46981200
2021-06-04,38.45588333535612,38.5892851452049,38.09124629355309,38.48256301879883,37192600
2021-06-07,38.4825606201943,38.58928273994841,38.29579606246584,38.34915542602539,28401900
2021-06-08,38.117912645544266,38.45586988570659,37.73548815098443,38.13570022583008,41871400
2021-06-09,37.771069974280785,38.002301773516976,37.45090025792712,37.637664794921875,42366300
2021-06-10,38.02897948709925,38.20685191950761,37.01511103279638,37.07736587524414,40123600
2021-06-11,37.184094138113736,37.25524108079232,36.917283773323604,37.22856140136719,31203600
2021-06-14,37.21966221266169,37.2730249588412,36.51707138078723,36.783878326416016,36050700
2021-06-15,36.71272831324032,36.961751071580736,36.37477442910629,36.8105583190918,39247900
2021-06-16,36.71273925747595,37.34418674003621,36.17022971249094,37.01512145996094,63859100
2021-06-17,37.370854210182465,37.44200114435259,35.325329811435346,35.39647674560547,80728200
2021-06-18,34.69388622883354,34.951801102006186,34.23142262590734,34.48933410644531,102774200
2021-06-21,34.79170812656605,35.37868467773422,34.71166571537794,35.35200500488281,48119400
2021-06-22,35.46762984413553,35.80558374496409,34.93401252930406,35.547672271728516,44113200
2021-06-23,35.71664118093833,35.94787292379518,35.636598771366,35.75221633911133,32039900
2021-06-24,35.96567387072544,36.47260818889134,35.734442041923565,36.31252670288086,37161800
2021-06-25,36.70384716003614,37.20188943255123,36.32142251005114,37.01512145996094,53178800
2021-06-28,36.872823538515014,36.979549061828244,36.55265375384606,36.961761474609375,34416500
2021-06-29,37.024006032282486,37.3086005633303,36.24136937558377,36.36587905883789,38519600
2021-06-30,36.25025899379575,36.78387624752967,36.21468722432083,36.66825866699219,29159800
2021-07-01,36.96174967871015,37.08625935687111,36.65047209067345,36.94396209716797,28045100
2021-07-02,36.792771184436845,36.88170909658115,36.5526439105989,36.59711456298828,28980800
2021-07-06,36.29473903730828,36.35699389079621,35.458739474524606,35.63661193847656,47578700
2021-07-07,35.19192018250659,35.574344659001575,35.00515568727897,35.35200500488281,43499900
2021-07-08,34.34703683032156,34.89844174385645,34.2225271377926,34.48933410644531,52793100
2021-07-09,35.26307873252697,35.78780057444999,35.04073902650255,35.609928131103516,43887200
2021-07-12,35.387589611096764,36.29473604919564,35.25418442595716,36.13465118408203,42624500
2021-07-13,36.001245898293114,36.001245898293114,35.20082496759759,35.44984436035156,54338100
2021-07-14,34.78282555482716,35.174142231849444,33.608872131125516,34.56048583984375,105651700
2021-07-15,34.142482009581215,34.978481409292826,34.08022716823687,34.5338020324707,54697300
2021-07-16,34.880660515249446,34.942915372856284,33.43100441818617,33.724491119384766,60469700
2021-07-19,32.68393219156164,33.12861154110669,32.470484611020964,32.844017028808594,83251500
2021-07-20,32.78175829546768,33.90234863039016,32.55941864711821,33.51992416381836,59462900
2021-07-21,33.84010541885908,34.480444911601296,33.77785056735747,34.204742431640625,49907400
2021-07-22,34.11581194482745,34.151387119228865,33.511047550544774,33.760066986083984,52715600
2021-07-23,33.973503204979544,34.03575804291047,33.404314176677204,33.52882385253906,48659400
2021-07-26,33.49325135788412,34.00908107626588,33.49325135788412,33.911251068115234,32258000
2021-07-27,33.546619280142345,34.00908632196532,33.31538406291335,33.77785110473633,39121400
2021-07-28,33.96461042337232,34.24031286519372,33.57329378340424,33.911251068115234,43331100
2021-07-29,34.28478446368094,34.66720905704114,34.12469959238435,34.4004020690918,43039100
2021-07-30,34.249204544048894,34.53380247004481,33.84010032642108,34.11580276489258,46210100
2021-08-02,34.151387119228865,34.64053389302461,33.71559971439989,33.760066986083984,49894000
2021-08-03,33.84899848040682,34.35593274493044,33.395423574695336,34.28478240966797,39680600
2021-08-04,33.82231896595836,34.48044606582232,33.671129576574856,34.0357666015625,42289800
2021-08-05,34.30257329911158,34.738360663002865,34.28478571358183,34.70278549194336,34754500
2021-08-06,35.10298430610607,35.93898015157412,35.10298430610607,35.70774841308594,58022300
2021-08-09,35.618814179302305,36.4281304361219,35.39647451102622,36.17021560668945,56340100
2021-08-10,36.2057985328771,37.01511496327019,36.090184323274386,36.84613800048828,44987300
2021-08-11,36.997323771816134,37.52204558603193,36.89060166849744,37.30860137939453,58458200
2021-08-12,37.55762002011185,37.610982767049485,37.14851580482659,37.486473083496094,37400100
2021-08-13,37.43311010262114,37.55761978539641,36.84613346051316,37.02400588989258,41344900
2021-08-16,36.60600488317595,36.73051456150712,36.116858264317365,36.721622467041016,38599100
2021-08-17,36.50818322107394,36.97065026954928,36.12575861161616,36.543758392333984,43526900
2021-08-18,36.25916706365153,36.93507841511485,36.16133703021867,36.276954650878906,50342500
2021-08-19,35.68106944333126,36.170216040883645,35.58323944529396,35.743324279785156,51883900
2021-08-20,35.65439250033866,35.992349776007416,35.49430765358159,35.903411865234375,40415000
2021-08-23,36.13465141186486,36.5526477688433,36.10796833908786,36.383670806884766,35364500
2021-08-24,36.55264860225625,37.068478380998364,36.49928924075526,36.89060592651367,35579300
2021-08-25,37.0506857984248,37.75328003291542,36.94396369718396,37.486473083496094,51219900
2021-08-26,37.797745553890586,38.10012765402708,37.370853775927465,37.388641357421875,41184500
2021-08-27,37.45979509259902,37.93115760620387,37.29971022271585,37.78886032104492,46468600
2021-08-30,37.913372774232116,37.913372774232116,37.02401382925688,37.05069351196289,44855600
2021-08-31,37.05957934325895,37.415324218159896,36.78388028821356,37.13072967529297,54654600
2021-09-01,37.130736482019195,37.15741616510553,36.490396946865665,36.632694244384766,52361900
2021-09-02,36.74889818738192,37.088587322773144,36.32875645176698,36.6684455871582,44538900
2021-09-03,36.668454135344014,36.820418298959325,36.364522398092674,36.69527053833008,41812400
2021-09-07,36.87404494086388,37.41039332145033,36.811471076796124,36.93661880493164,43748600
2021-09-08,36.722084641182285,37.08859020175793,36.36451674353864,36.45390701293945,36064400
2021-09-09,36.3466320274338,36.96343296886376,36.257241772740635,36.587989807128906,36266400
2021-09-10,36.847233774190954,36.96344044679748,35.971196142895465,35.99801254272461,40514700
2021-09-13,36.29299221837423,36.61480255928908,36.069513193852174,36.596923828125,42036300
2021-09-14,36.76678132543073,36.92768654514975,35.452723167732145,35.61362838745117,53820400
2021-09-15,35.51528848807073,36.06057788913161,35.461652291074415,35.88179397583008,52358200
2021-09-16,36.185729054736,36.48072305130589,35.93543359826688,36.158912658691406,42922000
2021-09-17,36.06059059690732,36.355581259293146,35.82817381472516,36.203617095947266,92746000
2021-09-20,35.202432693086585,35.27394423981132,34.29063745470567,34.96107482910156,67566200
2021-09-21,35.10409442545071,35.39908503893139,34.80910040194987,34.978946685791016,38271100
2021-09-22,35.53316722040283,36.22148307010103,35.53316722040283,35.88179397583008,46261400
2021-09-23,36.436029636818326,37.437218423576,36.33770170081599,37.267372131347656,49779800
2021-09-24,37.29419252926594,37.84841973101816,37.23161865535941,37.66963577270508,39042300
2021-09-27,38.1523524023525,38.82278970547254,38.116594927781186,38.67082214355469,49755400
2021-09-28,38.8227863452676,39.3680758502124,38.492038259161156,38.58142852783203,60781200
2021-09-29,38.59930408124586,38.72445181107534,38.20598215749324,38.500972747802734,44260200
2021-09-30,38.75126943339312,38.75126943339312,37.750084153064016,37.946746826171875,47410800
2021-10-01,37.973562592273545,38.822783727464966,37.89310999188657,38.50991439819336,40987100
2021-10-04,38.536735913788,39.394894825224384,38.50097843997305,38.74233627319336,48273400
2021-10-05,39.12672101015442,40.00275866786841,39.03732732466089,39.52898406982422,54070700
2021-10-06,39.19822950984299,39.59155487548268,38.9300552941924,39.54685974121094,47031700
2021-10-07,40.03850846764246,40.11001999230981,39.359130228193905,39.43958282470703,46258800
2021-10-08,39.39488793652326,40.05638744634655,39.260799138174555,39.63624572753906,39389400
2021-10-11,39.86866165514123,40.05638665110647,39.10883423963619,39.135650634765625,36283500
2021-10-12,39.03732253710344,39.33231654802322,38.67975806904251,38.92111587524414,36898300
2021-10-13,38.93005459219968,39.01050719644614,37.839479013550005,38.56354904174805,43908000
2021-10-14,39.663061074863975,40.315619495538975,38.867476197739926,40.28880310058594,82201000
2021-10-15,40.91455257467459,41.719075259903924,40.548047000176474,41.45090103149414,64264900
2021-10-18,41.37938250854977,41.91573087480946,41.14696238248941,41.37044143676758,49542500
2021-10-19,41.56711121951884,41.683321302465124,41.29893699042924,41.549232482910156,32515500
2021-10-20,41.55817212908704,42.22860938379792,41.16484675724372,42.094520568847656,40411000
2021-10-21,42.10346458523791,42.4431538003561,41.66544742234144,41.86211013793945,36848600
2021-10-22,42.00513180957024,42.568296668566525,42.00513180957024,42.52360153198242,36225600
2021-10-25,42.72919962622287,42.89010483742367,42.192851195567,42.46996307373047,31679500
2021-10-26,42.604056286758876,43.292372336872646,42.40739358386337,42.872230529785156,35674800
2021-10-27,42.44315340791944,43.05995454201827,42.04089031610686,42.04983139038086,45790800
2021-10-28,42.54147990285639,42.907985475727415,42.282243338868994,42.71132278442383,37209600
2021-10-29,42.684506384707994,43.024195557863194,42.478906030172574,42.71132278442383,31756200
2021-11-01,42.99736667815553,43.059940537639854,42.26435568703664,42.773887634277344,36937200
2021-11-02,42.523597310108116,43.28342478666083,42.32693463663894,42.80071258544922,36283400
2021-11-03,42.72919935537796,43.52478433348331,42.55935648241821,43.238731384277344,42553000
2021-11-04,43.042074100199365,43.042074100199365,41.906799913739135,42.30906295776367,47646300
2021-11-05,42.55040838498396,42.74707103385363,41.853154862656325,41.98724365234375,38271200
2021-11-08,42.32693464118205,42.7291976505849,42.2375443768792,42.317996978759766,33815500
2021-11-09,41.701198965728814,42.33587875390963,41.486657541967,41.90679931640625,36900300
2021-11-10,41.790586121819445,42.47890206714593,41.70119585775938,42.21966552734375,39385600
2021-11-11,42.29117839221481,42.80964803636812,42.02300079314881,42.452083587646484,31194800
2021-11-12,42.46996509435774,42.48784383089959,41.7995278191299,41.933616638183594,44268500
2021-11-15,42.246483202898105,42.3626932777086,41.92467619653228,42.05876159667969,35335500
2021-11-16,42.17497300274083,42.264363272327365,41.73695249771833,42.0855827331543,35120800
2021-11-17,42.08558142283391,42.19285042500201,41.522413193916236,41.576045989990234,32963700
2021-11-18,41.75483104749438,41.84422472670259,41.30787288151387,41.40620422363281,30639000
2021-11-19,40.851979316675234,40.914553190578786,40.07427301957363,40.583805084228516,48429500
2021-11-22,41.76376675470979,41.89785214126484,41.03969339124143,41.37044143676758,53697100
2021-11-23,41.89785323702473,42.59511022342148,41.719069306922485,42.461021423339844,49362900
2021-11-24,42.3895073548794,42.8901016874074,42.20178575893887,42.577232360839844,40060000
2021-11-26,40.69107112457239,41.155908018221034,40.002755151863056,40.905609130859375,55110100
2021-11-29,41.49560342195211,41.74590236757489,40.37820776655675,40.75365447998047,50231100
2021-11-30,40.011697464655995,40.42290160953187,39.654132942615895,39.752464294433594,77193600
2021-12-01,40.42289842512118,40.85197786377986,39.162476508430004,39.189292907714844,60601600
2021-12-02,39.81804454265455,40.86895898618279,39.521630667956984,40.321044921875,57821400
2021-12-03,40.41984974770564,40.48272479542076,39.162341940537104,39.40486145019531,74605300
2021-12-06,40.02464174043279,40.31207155972504,39.485708259434546,39.6563720703125,48193100
2021-12-07,40.0246320252477,40.339007243029705,39.907862618743145,40.15936279296875,40740800
2021-12-08,40.1324261702079,40.240211493428035,39.60247681026123,39.66535186767578,50560300
2021-12-09,39.44079661846944,40.17733593304826,39.20726118334375,39.96176528930664,37316700
2021-12-10,40.15936503393949,40.267153765850615,39.584505502812455,39.988704681396484,37700200
2021-12-13,39.76414455262697,39.880913949759965,38.97371109165638,39.14437484741211,38653900
2021-12-14,39.153365770983854,40.25817471355649,39.09947139826073,39.638404846191406,47099400
2021-12-15,39.85397352466605,39.925832684763684,39.18030931770075,39.46773910522461,60057100
2021-12-16,40.150376839868194,40.743201048717474,39.60246288102838,40.41984176635742,69487200
2021-12-17,39.970739803487454,40.150384263171766,39.18030623673633,39.41384506225586,124242400
2021-12-20,38.86593261898107,38.946772457880385,38.353948114763135,38.767127990722656,56455200
2021-12-21,39.10845104088839,39.952775558530746,39.10845104088839,39.692291259765625,47845600
2021-12-22,39.59349887791273,40.04260842003188,39.41385437577829,39.77313995361328,35715700
2021-12-23,40.132430337709046,40.48273524437669,39.88093008193412,39.89889144897461,34053500
2021-12-27,40.01564911900507,40.25816861990001,39.80007851360934,40.09648895263672,33879200
2021-12-28,39.94378927767312,40.49170326846004,39.898875598612435,40.1503791809082,32492400
2021-12-29,40.28511497683585,40.527634483075836,40.060560259180285,40.08750915527344,25294900
2021-12-30,40.19529755667477,40.50967281503632,39.952778031753,39.99768829345703,23852200
2021-12-31,39.98871076316594,40.16835525057303,39.77313669299072,39.96176528930664,24253900
2022-01-03,40.50068534027791,41.7581930156749,40.401880725241085,41.47974395751953,58587900
2022-01-04,42.270182129967374,43.5007410479171,42.25221734102385,43.105525970458984,74606700
2022-01-05,43.24026104556376,43.446850999297695,42.36000685844087,42.37797164916992,57791600
2022-01-06,43.09654325759975,43.25822293689113,42.38694949031351,43.23127746582031,52040900
2022-01-07,43.24923607311747,44.29116973159394,43.16839624502737,44.174400329589844,59082600
2022-01-10,44.83010222827327,44.982801213025944,43.41989892167123,43.94984817504883,66839500
2022-01-11,44.00374533810765,44.2372807440497,43.68936666782302,44.201351165771484,40454400
2022-01-12,44.165419990219846,44.354048556142004,43.725294664745256,43.8869743347168,41378000
2022-01-13,43.94086836449124,44.452856306368986,43.68038747915572,43.79715347290039,46337500
2022-01-14,42.68336368588458,43.321098299673714,42.386949796233324,43.033668518066406,72953300
2022-01-18,42.97976948122997,43.04264452497586,41.362976278674424,41.55160140991211,65877400
2022-01-19,43.46480706460558,43.635470829054675,41.632439895285415,41.713279724121094,84451800
2022-01-20,41.93784188995643,42.261201262868795,41.012677460238706,41.0935173034668,46265300
2022-01-21,40.93183947751217,41.33603871202495,40.11446032613457,40.34799575805664,71303600
2022-01-24,39.43181522704404,40.14140562857213,38.255147110795015,40.015655517578125,90672700
2022-01-25,39.78211471209071,40.93183377320439,39.36893485280711,40.80608367919922,73555300
2022-01-26,41.12045605717904,41.73124512256658,40.65338186444547,41.22824478149414,63735800
2022-01-27,41.65041704398923,41.99174124775749,40.500697738370405,40.84202194213867,63402400
2022-01-28,40.716265954065186,41.219266364572775,39.925832332138995,41.20130157470703,51048300
2022-01-31,40.88692993864893,41.56059419931694,40.61746491966845,41.443824768066406,44793700
2022-02-01,41.50668855669835,42.306102714103126,41.22824293079893,42.16238784790039,40326600
2022-02-02,41.96478947309465,42.18036009732267,41.58753574104567,42.11748504638672,41125600
2022-02-03,42.41390137338783,42.47677642793442,41.63244839299425,41.704307556152344,35879900
2022-02-04,42.28814878581408,43.73427838206239,41.928859843948274,43.36600875854492,60297100
2022-02-07,43.617511189986246,43.79715222955003,43.105526689076434,43.57259750366211,44824800
2022-02-08,44.14745595246247,44.92890535900723,43.95882739797277,44.35404586791992,49560500
2022-02-09,44.21033406659062,44.72231855056161,44.0396702876449,44.264225006103516,33861100
2022-02-10,44.623515126119564,45.009749526368715,43.797151958226074,44.05763626098633,47082800
2022-02-11,43.68038634255072,44.407941463233115,42.66539801973262,43.04264831542969,61056000
2022-02-14,43.1324620188408,43.285157551856365,42.162384186392266,42.593528747558594,44791900
2022-02-15,43.11451323458065,43.44685331469579,42.728278779406175,42.92588806152344,42397600
2022-02-16,42.611494331018704,43.33007203952612,42.49472836585384,42.82706832885742,36664600
2022-02-17,42.21628323452547,42.47676750661428,41.27315418797688,41.38093948364258,49442400
2022-02-18,41.38094344930552,41.803107418566526,41.066568212472696,41.28213882446289,37856500
2022-02-22,40.5725471189223,41.30010568027809,40.45578112593058,40.922855377197266,51905600
2022-02-23,41.273158321905264,41.4168732059983,40.033615305082144,40.22224044799805,45704900
2022-02-24,38.62341587253591,39.234205048820925,37.77010716215831,39.16234588623047,80484800
2022-02-25,39.35097253745186,40.73422708488187,39.189292856016756,40.43781661987305,68530700
2022-02-28,39.270130223958795,39.75516581128892,39.01862660954468,39.70127487182617,69955300
2022-03-01,39.26113961042807,39.28808850212679,37.66231137789232,38.1473503112793,74895600
2022-03-02,38.389877693481324,39.108452135679016,38.282088957326756,38.767127990722656,70834600
2022-03-03,38.893489864664616,39.263560063164704,38.09919159354757,38.351924896240234,48733800
2022-03-04,37.39515912755057,37.40418371895749,36.39326076525224,36.96190643310547,75572800
2022-03-07,36.04124153754459,36.203711721017925,34.488750203548854,34.6060905456543,109779000
2022-03-08,35.26499398470589,35.79753434801549,34.45264311078074,34.83174133300781,76553800
2022-03-09,36.38423507658028,37.55762818571389,36.24884210725531,37.04314041137695,78207900
2022-03-10,36.36618552675485,37.440291008316265,36.20371532709863,36.70917510986328,48804400
2022-03-11,37.04313533638646,37.35002304071739,36.36617746887875,36.40228271484375,43946600
2022-03-14,36.91677851738686,38.072119096235724,36.91677851738686,37.18756103515625,54262400
2022-03-15,37.24171542600414,37.71107339636838,36.889697809027595,37.458343505859375,41395300
2022-03-16,38.12627697376176,38.85738942735713,37.83743838588804,38.631736755371094,59477600
2022-03-17,38.2797149789351,38.848360614649415,37.75620262726352,38.839332580566406,50260200
2022-03-18,38.59563173272436,38.749077341051176,38.14432638604841,38.72200012207031,74470600
2022-03-21,39.12817281102697,39.20038332039008,38.3699796786473,38.667842864990234,47106400
2022-03-22,39.552398027635135,40.2835138866597,39.44408571476769,39.87733840942383,52360600
2022-03-23,39.46214320526809,39.72389770669866,38.839339582338084,38.893497467041016,48539300
2022-03-24,39.15525690308977,39.20038675380116,38.71297610246953,38.87544631958008,30360800
2022-03-25,39.24550444713287,39.94953954105963,39.110114936939326,39.47115707397461,38968100
2022-03-28,39.45311432642762,39.48921958212465,38.658819360213016,39.30869674682617,37428600
2022-03-29,39.94051594572487,40.066880868993685,38.911540492609156,39.20940017700195,46355800
2022-03-30,39.20940713816678,39.39895799990843,38.586607001548586,38.812259674072266,36601800
2022-03-31,38.6678365103558,38.71296634969785,37.18755574354589,37.20560836791992,67902500
2022-04-01,37.62983450369868,37.67496778804283,36.42033616745962,36.91677474975586,61929200
2022-04-04,36.53767614759215,37.133398997268635,36.24884103521483,36.85359191894531,53761700
2022-04-05,36.50157552102023,36.79041066998127,36.14053330641222,36.23079299926758,51781700
2022-04-06,35.86975775777356,36.11345966449622,35.51773662355665,35.83365249633789,54159800
2022-04-07,36.00514219663289,36.08637730170252,35.066426192091974,35.553836822509766,54585000
2022-04-08,35.644097574987924,36.19468720225015,35.490651967610255,35.80656433105469,41018900
2022-04-11,35.63506820367239,36.465471795737884,35.553833107091926,35.73435592651367,34198700
2022-04-12,35.716304593567635,36.17663797192144,35.0664237973912,35.35525894165039,42855300
2022-04-13,34.750509658102104,35.21083956973991,34.6241447193461,35.039344787597656,45484200
2022-04-14,34.74148293548673,35.174735603152214,33.77568644169888,33.91107940673828,79032000
2022-04-18,33.77569171001111,35.481628874216824,33.595172319382776,35.06642532348633,80080300
2022-04-19,35.39136437927701,35.996115332901056,35.30110468742221,35.716304779052734,53714200
2022-04-20,36.23981177354592,36.43838373572086,35.75240129303474,35.79753112792969,47064300
2022-04-21,36.10442447041541,36.293971872520395,34.858820862093935,35.12057876586914,46245900
2022-04-22,35.0303249149734,35.0664267286337,33.84790357713168,33.902061462402344,50409800
2022-04-25,33.29731003541183,33.75764344635663,32.430804541286854,33.658355712890625,64301100
2022-04-26,33.28828463188227,33.88400757497751,32.87308107994154,32.90016174316406,44809900
2022-04-27,32.73769145216913,33.31536176602219,32.647428313637924,32.71963882446289,39824900
2022-04-28,33.152894767832244,33.351470248629035,32.638406879574205,33.22510528564453,39567800
2022-04-29,33.17093986527533,33.51393286062746,32.07878185525953,32.20514678955078,47385200
2022-05-02,32.521062156924025,32.74671483010432,31.952419899604,32.6203498840332,46652200
2022-05-03,32.800871834554684,33.965240423409995,32.791847242870745,33.51393508911133,48926000
2022-05-04,33.730554880380886,34.9761583883684,33.64931979413853,34.85881805419922,57860300
2022-05-05,34.344340308707764,34.488757899221426,33.27925928747443,33.884010314941406,48860600
2022-05-06,33.730558204305886,33.95621086130614,33.044575642027084,33.80276870727539,50440100
2022-05-09,33.27925486470139,33.45075309783549,32.548142416284264,32.82794952392578,51242000
2022-05-10,33.17094516916465,33.51393821935988,31.753846562562767,32.27735900878906,60235300
2022-05-11,32.40372484142728,33.32438470650494,32.051703783384056,32.10586166381836,54969300
2022-05-12,31.600394585892353,31.97949281629129,30.923436657424183,31.654552459716797,61231500
2022-05-13,32.069756220729104,32.25027904459043,31.374745586934214,31.744815826416016,49117900
2022-05-16,31.59136895463382,31.74481109396992,31.058828597385407,31.41987419128418,39076500
2022-05-17,32.15100155716893,32.692570201204916,31.979506713644035,32.48497009277344,42635600
2022-05-18,32.150992745922736,32.21417522059978,31.230329402245804,31.483062744140625,47396900
2022-05-19,30.950518810198133,31.44695395973844,30.914413559238703,31.09493637084961,47002700
2022-05-20,31.4108458496772,31.57331602101991,29.750042331763026,30.562393188476562,62406500
2022-05-23,31.374745728594604,32.7286617488879,31.28448603784965,32.376644134521484,69081900
2022-05-24,32.01559608542323,32.457873309817835,31.555262794351137,32.17806625366211,46146700
2022-05-25,32.04268341812626,32.73769414770186,31.853135976383907,32.349571228027344,49343400
2022-05-26,32.94528603469117,33.252173768358205,32.800868480211754,33.09872817993164,60201200
2022-05-27,33.29729819933903,33.44171573035761,33.01749116978241,33.41463851928711,43365600
2022-05-31,33.234124898090734,33.87497765329081,33.04457748202082,33.577117919921875,71609200
2022-06-01,33.8117913615677,33.820819395514846,32.64742289178519,33.09872817993164,35237900
2022-06-02,33.05334663460403,33.325688815714585,32.744691239207086,33.316612243652344,35341900
2022-06-03,33.11688800564534,33.298450586523145,32.79915608637283,32.85362243652344,25235200
2022-06-06,33.3166086702697,33.779589982198566,32.77192090345053,32.81731414794922,40394000
2022-06-07,32.59035561580622,33.053336840201155,32.4451062647198,32.99886703491211,29152200
2022-06-08,32.608509111375085,32.78099509850232,32.24538746119437,32.581275939941406,33590600
2022-06-09,32.445105402106655,32.53588494549049,31.319420363852053,31.3284969329834,49419000
2022-06-10,30.575018542047548,30.901830455257535,29.975864522168493,30.11203384399414,49318200
2022-06-13,29.403946529323754,29.74891507821225,28.813870753235495,29.068058013916016,61216600
2022-06-14,28.977276069769633,29.59458500629035,28.350887099973693,28.559682846069336,49349800
2022-06-15,29.03174665869585,29.494731431252898,28.523373836401955,29.095293045043945,51540100
2022-06-16,28.595995088921672,29.04989977287281,28.01499764754708,28.913728713989258,61363400
2022-06-17,29.077133704035987,29.576431639817578,28.723088595403954,28.977275848388672,80470300
2022-06-21,29.857850224475385,30.220975364970613,29.612741274093807,29.821537017822266,53537200
2022-06-22,29.403942483357145,29.903236902534786,29.340396109808225,29.594581604003906,38305600
2022-06-23,29.3948740619994,29.42210724020685,28.378126608861788,29.12253189086914,44091500
2022-06-24,28.36904623599433,29.748917060475296,28.350889630841092,29.33132553100586,79504700
2022-06-27,29.431184025902436,29.59459002237228,28.96820267791696,29.367637634277344,47900300
2022-06-28,29.803387134707847,30.411617829039827,29.222386153814643,29.285932540893555,49863800
2022-06-29,29.258700056832836,29.44933922258098,28.741248913791622,28.92281150817871,35149700
2022-06-30,28.29642215884571,28.641389006671826,27.815282500934536,28.260108947753906,46312300
2022-07-01,28.123937485855066,28.750326516577505,27.806203819169237,28.650466918945312,40236100
2022-07-05,27.960524004111896,28.359960556030273,27.642792154128923,28.359960556030273,47411800
2022-07-06,28.151168696484927,28.369042736923426,27.815278468615816,28.123933792114258,35933700
2022-07-07,28.59599953088564,29.058980856705194,28.568764622274806,28.92281150817871,40137900
2022-07-08,29.058976264630946,29.27685203606911,28.65046308907954,28.85926055908203,31153800
2022-07-11,28.64138583045615,28.859261609827012,28.405356910570916,28.559682846069336,29311900
2022-07-12,28.16024914817283,29.07713515571294,28.123935939572505,28.468904495239258,39527000
2022-07-13,28.205637172598436,28.278261853771653,27.597404818456884,27.996841430664062,44153700
2022-07-14,27.31598535311834,27.43399981484684,26.934705330713047,27.352296829223633,51707800
2022-07-15,27.824359967409407,29.62182403771683,27.7880484889182,29.27685546875,77801700
2022-07-18,30.030339506566353,30.30268166019289,29.140683161424846,29.285932540893555,56382900
2022-07-19,29.8669287819638,30.520549154335537,29.667209618257477,30.275440216064453,46874900
2022-07-20,30.121118933563665,30.36622790962198,29.912323167962512,30.28452491760254,35514900
2022-07-21,30.039408467098415,30.565936035642558,29.912315725140086,30.54778289794922,31244000
2022-07-22,30.502394171623344,30.811049503278657,30.03941290564937,30.348068237304688,27115400
2022-07-25,30.665796876638222,30.847359428239994,30.357141577820496,30.620407104492188,30381000
2022-07-26,30.329909445649577,30.665797926652406,29.921394556312215,30.003097534179688,30645700
2022-07-27,30.17558287098254,30.656720695249046,29.912317340980323,30.493314743041992,30344800
2022-07-28,30.411607298436408,30.638559591708322,29.866923179790682,30.248201370239258,40176500
2022-07-29,30.384377922502033,30.8110459322374,30.275438314766635,30.69303321838379,48152500
2022-08-01,30.520555685343886,30.76566467606516,30.15743394810459,30.602258682250977,32336700
2022-08-02,30.50239533914093,30.611334963672373,29.95771106855625,29.9940242767334,37884100
2022-08-03,30.338990451397464,30.638569235055662,30.112038086693346,30.53870964050293,30065800
2022-08-04,30.429775099450598,30.565944447730917,30.112039694092964,30.320838928222656,28404500
2022-08-05,30.211893926998933,31.165096510722176,30.17558418505214,30.829204559326172,35874500
2022-08-08,31.01984550497142,31.12878512623631,30.366225092472252,30.402538299560547,33454300
2022-08-09,30.54778318698579,30.82920184312267,30.329907439411812,30.792888641357422,40196900
2022-08-10,31.319432331272793,32.16369556680949,31.27404254223705,31.836883544921875,61415800
2022-08-11,32.472344942746346,32.73561051842996,32.363408776711786,32.59943771362305,50420800
2022-08-12,32.82639080784683,32.96256361567461,32.399719242136904,32.95348358154297,31821700
2022-08-15,32.53589453507247,32.9534860985466,32.381565110212,32.90809631347656,24908000
2022-08-16,32.85362341333268,33.53448051460415,32.77192042265937,33.26213836669922,31870200
2022-08-17,32.86270555709185,33.21675071839978,32.75376938353983,33.0533447265625,27125600
2022-08-18,32.90808482423372,33.04425759492027,32.68113251510107,32.93531799316406,23138300
2022-08-19,32.644824008361134,32.708370387013915,32.05474999758274,32.209075927734375,36485400
2022-08-22,31.546382959554542,31.609929353222938,31.27404077768731,31.519149780273438,31210300
2022-08-23,31.473747481772662,31.74609304835663,31.19232880872857,31.23771858215332,26588000
2022-08-24,31.092482137392974,31.59177677838231,30.91091950530071,31.33759117126465,31389400
2022-08-25,31.410201366933098,32.02751198708017,31.274032045529275,31.900419235229492,40576700
2022-08-26,32.17276673720715,32.209079947545874,30.88367893734734,30.89275550842285,36152600
2022-08-29,30.73843082198272,31.001696413227975,30.511478442568222,30.774744033813477,34931000
2022-08-30,31.028930475467288,31.119710044614525,30.447932921680383,30.947227478027344,48194900
2022-08-31,30.992610547696128,31.201406281911645,30.50239266926779,30.511472702026367,44917600
2022-09-01,30.46578568666636,30.60285570223878,29.844407658185908,30.584579467773438,32848900
2022-09-02,31.004920507420003,31.507504724066848,30.401818750276778,30.548025131225586,44000800
2022-09-06,30.73991766051442,30.822158960460364,29.798714383448985,30.20992088317871,40762400
2022-09-07,29.981479119429352,30.767336324320386,29.816996487145413,30.67595863342285,40742600
2022-09-08,30.57543072729347,31.73594513501812,30.40181177905156,31.662843704223633,44361800
2022-09-09,31.964410831628822,32.21113483590633,31.83648064107817,31.927858352661133,37295100
2022-09-12,32.1654317530853,32.55836201360108,32.01008552910164,32.22939682006836,30534000
2022-09-13,31.59888611659613,31.726816265111076,30.895266813928817,31.068885803222656,40959600
2022-09-14,31.251648793980014,31.452680417217053,30.648546952597748,30.950096130371094,32004400
2022-09-15,30.876988982077094,31.891297229703525,30.79474767859833,31.534915924072266,44863300
2022-09-16,31.242508171996846,31.27906064290786,30.75820013285011,31.178543090820312,54281800
2022-09-19,30.813030850643415,31.863888314167262,30.730789528642788,31.699405670166016,29782000
2022-09-20,31.525786299910912,31.78164663847176,30.959236913453747,31.224233627319336,33591100
2022-09-21,31.352162921763345,31.43440423141003,30.26474966245323,30.292165756225586,51667800
2022-09-22,30.438373964321755,30.538888028055393,29.597684583609674,29.69820213317871,47527500
2022-09-23,29.177340076907868,29.323546463239776,28.519409595496672,28.99458122253418,55316100
2022-09-26,28.619929319501363,29.076824747316945,28.03510372963109,28.354930877685547,40360200
2022-09-27,28.574239853510417,28.665619285673138,27.687861627325024,27.934585571289062,43396600
2022-09-28,27.89803524739382,28.6107909941458,27.770103343349888,28.391481399536133,38372900
2022-09-29,28.044237163482073,28.236132374514405,27.60561630141863,28.016822814941406,35220900
2022-09-30,28.10820559749829,28.501135925682078,27.569068878769514,27.59648323059082,42294100
2022-10-03,27.95286406664277,28.583380282341178,27.596486169600027,28.409759521484375,34591700
2022-10-04,28.985443228112832,29.716476905781764,28.930616268735886,29.588546752929688,39758700
2022-10-05,28.82096172083579,29.268717246043796,28.738720412106847,29.168201446533203,35791100
2022-10-06,28.87578994607597,29.131650257421896,28.65648036081475,28.74785804748535,40891900
2022-10-07,28.482854101535363,28.546819166981308,27.898028654124087,28.099061965942383,52304600
2022-10-10,28.236132374514405,28.373200631382844,27.7335481850243,28.016822814941406,37669100
2022-10-11,27.751825123078262,27.84320280136921,27.02079149632824,27.203550338745117,58124000
2022-10-12,27.08476011025992,27.697000046628308,26.938553714373537,27.285795211791992,36137900
2022-10-13,26.87458352621135,29.031130070035413,26.783204110420648,28.958026885986328,67671000
2022-10-14,29.06768652390186,29.816996486845348,28.848376928498055,28.96717071533203,58108500
2022-10-17,30.484053713419787,30.95008536638528,30.03629480416447,30.721637725830078,88896800
2022-10-18,31.964405497848784,32.31164701842641,31.324751165995988,31.873027801513672,81937900
2022-10-19,31.59888230465904,31.82732996682979,30.858710624325315,30.995777130126953,43139900
2022-10-20,31.050608595274575,31.64457396426495,30.69423076821435,30.794748306274414,39549100
2022-10-21,30.666823852271932,32.01923396567932,30.666823852271932,31.936992645263672,54870300
2022-10-24,32.08320240928145,32.22026896710289,31.717684616752255,32.04664993286133,33765600
2022-10-25,31.74509221124647,32.51267658122341,31.553193504375926,32.339054107666016,37132300
2022-10-26,32.366465937509034,32.97870753837518,32.302500865366525,32.62232971191406,41104600
2022-10-27,33.0335394277816,33.23457103714686,32.686297941299294,32.77767562866211,35261900
2022-10-28,32.93302487931504,33.1706089795958,32.56750712490626,33.06095504760742,31659100
2022-10-31,32.896465266039144,33.19801787084525,32.72284628759116,32.93301773071289,32565500
2022-11-01,33.29853528605204,33.59094806133189,32.9969861365976,33.079227447509766,29913200
2022-11-02,32.960430127642105,34.06611603326174,32.85077622014992,32.97870635986328,57380600
2022-11-03,32.62232525403916,33.024391864825674,32.35732514232703,32.79594421386719,30046500
2022-11-04,33.353366058091645,33.810261483544956,33.09750573530514,33.61836624145508,39369400
2022-11-07,33.819393157958984,34.12094577004844,33.56353287073276,33.819393157958984,37533700
2022-11-08,33.89250181086905,34.19405097023719,33.58181279119061,33.9107780456543,32664300
2022-11-09,33.70060448578508,33.77370593456025,33.252845475884804,33.371639251708984,30164400
2022-11-10,34.08439784174287,34.92508723228071,33.93819144588874,34.84284591674805,45702800
2022-11-11,34.89766640283258,35.27232045925334,34.69663481444934,35.09870147705078,35688700
2022-11-14,34.806290480540696,34.961633237846215,34.49560148009452,34.504737854003906,35541400
2022-11-15,34.89766855401741,34.99818609732268,34.084395319398666,34.449913024902344,46082800
2022-11-16,34.36767270717665,34.48646648776857,33.99301861685012,34.139225006103516,23813000
2022-11-17,33.70060240306109,33.993015151760694,33.408189654361486,33.965599060058594,23689700
2022-11-18,34.53215179255699,34.58697700426242,33.73715136447899,33.9838752746582,32041800
2022-11-21,33.89250886768745,34.285439282794535,33.86509625271963,34.093544006347656,27935700
2022-11-22,34.349392354093496,34.54128756338508,34.20318598237111,34.25801467895508,23499300
2022-11-23,34.25801804843455,34.413360808615714,34.14836064448116,34.367671966552734,18934700
2022-11-25,34.46818925876104,34.605255783948536,34.32198287372661,34.449913024902344,16118500
2022-11-28,34.17577897782388,34.41336306362066,33.654918475338064,33.68233108520508,35428300
2022-11-29,33.791973099865274,33.94731930130621,33.55438909780964,33.81024932861328,27048800
2022-11-30,33.718880478000386,34.586978912353516,33.079226248080886,34.586978912353516,51747900
2022-12-01,34.46748781984358,34.64212182922702,33.456442912947175,33.59431076049805,46213200
2022-12-02,33.143939915818294,33.35534010212535,32.91415664728265,33.162322998046875,42295300
2022-12-05,32.914164383866016,32.987693223849114,31.3792099660203,31.682525634765625,71386600
2022-12-06,31.774432972242007,31.875538180554887,29.789105492417796,30.33139419555664,84085700
2022-12-07,29.954547305762038,30.257859399824767,29.733953823177316,30.092418670654297,49234100
2022-12-08,30.303818091888825,30.322201173823448,29.57770213343586,29.816675186157227,45491100
2022-12-09,29.513365463165268,29.96373873487858,29.485792591162518,29.761531829833984,36985500
2022-12-12,29.69719104010713,30.1291812029441,29.467407770392875,30.08322525024414,41060500
2022-12-13,30.836915990777396,30.947210985282968,29.93616593885013,30.10161018371582,54804800
2022-12-14,30.14756829183762,30.331395633282312,29.559323604186527,29.669618606567383,48819500
2022-12-15,29.18247979933516,29.403071562248574,28.943504951235422,29.200862884521484,49027600
2022-12-16,29.062991709355565,29.34792250219126,28.8148253318338,29.13652229309082,61795200
2022-12-19,29.19166814563059,29.623660081563948,29.164093520870345,29.467409133911133,38374100
2022-12-20,29.77991945581718,29.94536372549957,29.540942841291425,29.586898803710938,35561100
2022-12-21,29.890208438473575,30.211903616744387,29.7891032378129,30.037269592285156,32544000
2022-12-22,29.890209723849193,29.94535897373056,29.292773541659546,29.770721435546875,30234400
2022-12-23,29.779916405347834,29.945360658083143,29.586895773013424,29.844255447387695,21378600
2022-12-27,29.8718259325311,30.028076877502897,29.66961552730685,29.899398803710938,22776100
2022-12-28,29.93616967328524,30.303824375787027,29.89940350179204,30.119997024536133,30541000
2022-12-29,30.230293958618436,30.478460372684292,30.10161585640991,30.4600772857666,22252900
2022-12-30,30.423305454098674,30.60713278287384,30.20271546454021,30.441688537597656,28198900
2023-01-03,30.542786195255694,31.333241059282138,30.524403116299986,30.800142288208008,35221500
2023-01-04,31.15861570753387,32.004216536664174,31.094276666457205,31.37920570373535,41998500
2023-01-05,31.17699564079456,31.37920606146346,30.864493726982346,31.31486701965332,34177000
2023-01-06,31.33324473429261,31.783621455996695,30.82772227546727,31.62736701965332,34068700
2023-01-09,31.93987871254809,31.949068501817145,30.983979342680975,31.149423599243164,43818800
2023-01-10,31.011554598612328,31.498694055153987,30.919639178179615,31.360822677612305,35096000
2023-01-11,31.36082162363591,31.654943946706158,31.250526629038234,31.59979820251465,36783700
2023-01-12,31.80201043801507,32.050176847111636,31.581420411850516,31.682525634765625,44230400
2023-01-13,31.43435549927786,32.52812272270314,30.414117107119196,32.38106155395508,89667800
2023-01-17,31.884732267569706,32.01341387217858,31.38840296036776,31.72848129272461,56458400
2023-01-18,31.553845429843886,31.563035219397907,30.800152956458557,30.993173599243164,54517800
2023-01-19,30.58874922885901,30.836915592955993,30.23028787167935,30.54279327392578,42707100
2023-01-20,30.607133109778413,31.14942180703909,30.414115990299535,31.112655639648438,45004400
2023-01-23,31.075894643893157,31.719285076636684,31.020745389851616,31.54465103149414,33683300
2023-01-24,31.45273226759608,31.976637795193522,31.204565937752953,31.77442741394043,26716700
2023-01-25,31.526261548426536,32.132889194906305,31.480305599159653,32.050167083740234,28859700
2023-01-26,32.21561304673603,32.49135226345018,31.976639993907604,32.48216247558594,30035500
2023-01-27,32.57407773158655,32.886583144349245,32.417826778312566,32.58327102661133,29964900
2023-01-30,32.36267811239092,32.684376825999344,32.33510523924712,32.44540023803711,27353500
2023-01-31,32.32590733906658,32.61083984375,32.16965640522407,32.61083984375,38917400
2023-02-01,32.353489089142485,33.3277680295733,32.27076696153846,33.015262603759766,44438700
2023-02-02,33.18070609132985,33.43806576359659,32.5740783383397,33.208282470703125,33729100
2023-02-03,33.10717201803683,33.787328493812694,32.99687703665425,33.48401641845703,37411700
2023-02-06,33.31857996238165,33.49321401580912,33.07041356674362,33.42887496948242,29463200
2023-02-07,33.245038339177135,34.00792039867061,33.208275684549925,33.7965202331543,44100200
2023-02-08,33.46563679609593,33.86086431863177,33.401297758121686,33.54835891723633,28032800
2023-02-09,33.336962545245896,33.41049138013265,32.68437879593532,32.83143997192383,35257100
2023-02-10,32.67518241064927,32.711948577723795,32.19723275732449,32.7027587890625,32898900
2023-02-13,32.61083922137257,32.88657842691201,32.528117109089315,32.767093658447266,29163900
2023-02-14,32.74871050559999,33.07959895400907,32.59245606886716,32.73951721191406,33625200
2023-02-15,32.46378984422169,32.730339358877856,32.31672864755199,32.684383392333984,23500100
2023-02-16,32.55569146526696,32.77628494350609,32.37186765731781,32.4270133972168,22681100
2023-02-17,32.24319302755872,32.528122063992285,31.930687612020627,32.491355895996094,28562700
2023-02-21,32.08694271145415,32.21562080984781,31.498697972388726,31.72848129272461,37068900
2023-02-22,31.581417443426734,31.756051489910615,31.3148679728343,31.517078399658203,38550400
2023-02-23,31.61818354660648,31.802007382007346,31.12185077610836,31.489501953125,28488000
2023-02-24,31.12184541041689,31.517072899574746,31.103462328803232,31.443540573120117,27046600
2023-02-27,31.664134046269695,31.884724013204963,31.406774409892805,31.443540573120117,30137500
2023-02-28,31.57222205392131,31.700903639138648,31.415971102622287,31.52626609802246,32620600
2023-03-01,31.388398998869032,31.700904415333444,31.23214453752944,31.37920570373535,29281600
2023-03-02,31.138682992151253,31.17568762179024,30.528120718930865,30.98141860961914,44607200
2023-03-03,31.129432060754134,31.721491989894503,31.129432060754134,31.601228713989258,39109100
2023-03-06,31.67523599436501,31.971265940474982,31.443962378406887,31.536470413208008,36646700
2023-03-07,31.314448994000983,31.360706544500182,30.34310042576368,30.528120040893555,52855300
2023-03-08,30.213586530552533,30.500367098840268,30.010064609254428,30.121078491210938,40045600
2023-03-09,29.862048502267516,29.963809459077222,28.039613023039564,28.25238609313965,112457900
2023-03-10,28.048863269354456,28.714932398527885,26.75373140020713,28.002609252929688,165330900
2023-03-13,26.753733573368315,27.493808483145372,25.782385033726204,26.37444496154785,218403300
2023-03-14,27.743584449041446,27.836094253956933,26.337440354863755,26.6057186126709,154255800
2023-03-15,25.791635436207073,26.420700016391265,25.606617583756204,26.35594367980957,131104400
2023-03-16,26.25418001276391,27.262533115872657,26.004405849430555,26.799985885620117,108348800
2023-03-17,26.513207348757245,26.513207348757245,25.55111001822171,25.736127853393555,130665500
2023-03-20,26.1246694780941,26.30043793394207,25.57886356083812,25.67137336730957,81441200
2023-03-21,26.485454858460663,26.809238287576637,26.374444506149764,26.44845199584961,84854800
2023-03-22,26.559465359027687,26.587218832490503,25.56961441040039,25.56961441040039,76925900
2023-03-23,25.902644595170017,25.9859032368127,24.783281157828004,24.949796676635742,105335900
2023-03-24,24.607511328935157,25.245826957329747,24.348484262396514,25.1070613861084,96872700
2023-03-27,25.837891222678167,26.5039586675614,25.81938890808973,26.35594367980957,102469800
2023-03-28,26.25417961960002,26.503955543670564,25.88414219383494,26.013656616210938,63416500
2023-03-29,26.355939844692802,26.614966917805763,26.124666239424023,26.522457122802734,62666400
2023-03-30,26.753735194438836,26.88324787037785,26.004409082326443,26.18017578125,67427100
2023-03-31,26.476204949902364,26.53171012497551,26.143170370508088,26.45770263671875,56482100
2023-04-03,26.49470601523286,26.809238287576637,26.20792721320568,26.44845199584961,51996800
2023-04-04,26.41144936114329,26.50395917136613,25.588115755563543,25.884145736694336,56233300
2023-04-05,25.58811672604227,25.819390378131935,25.403097098579362,25.56961441040039,47799400
2023-04-06,25.64361892601836,25.91189717818978,25.551110887523958,25.75463104248047,41216600
2023-04-10,25.597369100958595,25.995160083783325,25.578866784436975,25.847145080566406,40572700
2023-04-11,25.921145813271313,26.596464309659353,25.865638878201224,26.559459686279297,58761200
2023-04-12,26.531708818009754,26.8369899125903,26.24493003570139,26.346689224243164,44313300
2023-04-13,26.420698165893555,26.494705654586006,26.124668211123744,26.420698165893555,52261400
2023-04-14,27.105270179708366,27.632575566468226,27.059016157025965,27.308792114257812,81110800
2023-04-17,27.540060578749237,28.132120427263075,27.197774876028717,28.095117568969727,83704400
2023-04-18,28.492909842739543,28.613173115629827,27.567815344410626,28.27088737487793,114498800
2023-04-19,27.873098316865022,27.937856418227422,27.55856778977973,27.80834197998047,65594200
2023-04-20,27.60482272998407,27.965609055754694,27.54006639094605,27.660327911376953,43193800
2023-04-21,27.521565762052166,27.73433710749415,27.207033440756184,27.632577896118164,44759000
2023-04-24,27.558566688066037,27.660325885754645,27.373547077668572,27.530813217163086,28020300
2023-04-25,27.244033859266658,27.318041349036548,26.66122333341075,26.679725646972656,49718800
2023-04-26,26.60571853135785,26.772235826801264,26.180174135838268,26.309688568115234,45848400
2023-04-27,26.383694883250648,26.901747295840465,26.383694883250648,26.72597885131836,33060100
2023-04-28,26.392948190356574,27.22553293383781,26.374445875851297,27.086769104003906,45592500
2023-05-01,27.2902867945536,27.32729142020736,26.827739560747606,26.864744186401367,34076800
2023-05-02,26.68897678874097,26.69822794551672,25.634367854516082,26.050661087036133,70797700
2023-05-03,26.05066381332172,26.36519611870308,25.72688035019645,25.773136138916016,51139500
2023-05-04,25.51410770048506,25.726879024194744,24.820286785753435,24.96830177307129,82173800
2023-05-05,25.551110109920106,25.800884276522375,25.412344527446127,25.634366989135742,50087100
2023-05-08,25.976653910968032,26.041410244702455,25.58811414408373,25.615867614746094,34245500
2023-05-09,25.3660932068409,25.745381839784326,25.19957590174811,25.588115692138672,32188800
2023-05-10,25.865642397308292,25.902647025722956,24.996054803297323,25.273582458496094,44446400
2023-05-11,24.98680182268443,25.430846744387672,24.86653855359126,25.338336944580078,34897300
2023-05-12,25.458601005522258,25.486352711193337,24.866539327025134,25.060810089111328,38142000
2023-05-15,25.070061863337717,25.736129283015696,25.005305529206524,25.5788631439209,38722800
2023-05-16,25.69912863949522,25.810139003457923,25.282835363440288,25.310588836669922,33347500
2023-05-17,25.662118612946042,26.52245669291766,25.652867457147927,26.429946899414062,61750400
2023-05-18,26.30968687890043,26.365192052325266,25.902644823337106,26.337438583374023,51146100
2023-05-19,26.328189557601263,26.522460327025556,25.930400390642554,26.00440788269043,50062500
2023-05-22,26.18017562232989,26.31894121939692,25.91189911458788,26.217180252075195,36473700
2023-05-23,26.198674677646274,26.901746675032307,26.18017236507562,26.439199447631836,51400400
2023-05-24,26.207930488084646,26.37444780183633,25.902649334365883,25.995159149169922,50606900
2023-05-25,25.893392543032704,26.1246661474876,25.791631592439728,26.05990982055664,40517800
2023-05-26,26.087659620914454,26.272677419782127,25.7083711040868,26.18941879272461,57879100
2023-05-30,26.19867648749351,26.355942626252975,25.856392503679107,26.143171310424805,41819600
2023-05-31,25.9951605056592,26.050665691646834,25.421601035526812,25.70838165283203,61905200
2023-06-01,25.885547736101756,26.09069192489115,25.49390753673454,25.904197692871094,57426100
2023-06-02,26.258535327491856,26.99519253848371,26.22123719627678,26.77139663696289,66578100
2023-06-05,26.873971067776996,26.873971067776996,26.389082885780194,26.612878799438477,34757800
2023-06-06,26.53827931682219,27.442782625352603,26.528956117311186,27.25628662109375,46297900
2023-06-07,27.321560532390787,27.64792766063937,27.051143274281575,27.48940658569336,44502600
2023-06-08,27.30291151143732,27.396157735009034,27.032492483117753,27.25628662109375,41483100
2023-06-09,27.228311759774034,27.414805973792564,27.116413808516835,27.2935848236084,32692000
2023-06-12,27.32155932170573,27.564003412559735,26.95789407470357,27.16303825378418,41011300
2023-06-13,27.163037305954695,27.787796577897154,27.069791086890326,27.414806365966797,42718800
2023-06-14,27.573330407819896,27.72252650871357,27.032494097440882,27.153717041015625,38322800
2023-06-15,26.94857188964554,27.480083237597164,26.752752668214043,27.386837005615234,42044900
2023-06-16,27.536030557883183,27.675901671444937,27.19101348444367,27.2189884185791,53050200
2023-06-20,27.051143216011134,27.079118151020555,26.650178040331543,26.920597076416016,39040900
2023-06-21,26.836672954444122,27.041817133799075,26.612878819177535,26.640851974487305,39553400
2023-06-22,26.57557869204996,26.603553625690772,26.01609246913737,26.072040557861328,50742900
2023-06-23,25.866897632142027,26.006768750000603,25.72702651428345,25.876222610473633,55181100
2023-06-26,25.922848754702535,26.370438874167032,25.913525553838536,26.193267822265625,47519300
2023-06-27,26.202589466682433,26.482331699504577,26.06271835027136,26.3331356048584,39081800
2023-06-28,26.342460000038052,26.361109956095465,26.016092883264093,26.17461395263672,37803800
2023-06-29,26.57557732568424,27.041815524380453,26.48232933023348,26.724773406982422,68376400
2023-06-30,26.985867590036765,27.14438864962575,26.73409853447351,26.752748489379883,50479000
2023-07-03,26.762075214287698,27.36818455986055,26.715450323977354,27.228313446044922,30995800
2023-07-05,27.172363112660957,27.43345715825757,26.995193868186732,27.11641502380371,37492000
2023-07-06,26.85532019424379,26.873970149504334,26.20258776714341,26.370433807373047,52098000
2023-07-07,26.389084728634554,26.873972944493023,26.37976152859226,26.60355567932129,34288000
2023-07-10,26.659500343734166,26.901944420483108,26.54760239348174,26.724773406982422,36086000
2023-07-11,26.7247727945025,27.11641294357399,26.500978677684152,27.06046485900879,40978700
2023-07-12,27.51737927024563,27.8717195260263,27.293585143664533,27.37750816345215,41855500
2023-07-13,27.526707171198765,27.85307430741577,27.424134185329983,27.66657829284668,39589000
2023-07-14,27.97429357993409,28.067541580912074,27.08844023847977,27.144390106201172,58720300
2023-07-17,27.18168726119062,27.56400245073894,27.15371410689436,27.414806365966797,49477200
2023-07-18,27.97429142621338,28.776221682903248,27.89969338688578,28.627025604248047,98253800
2023-07-19,28.804197658763492,29.559504881850163,28.617703431447485,29.400983810424805,70619800
2023-07-20,29.214486444312364,29.652749725584876,29.149213378863017,29.55017852783203,42128800
2023-07-21,29.71802359321476,29.941817715355963,29.298408502601507,29.820594787597656,70872400
2023-07-24,29.839245276493685,30.631848806304458,29.820595321342047,30.445356369018555,64548600
2023-07-25,30.547927919333347,30.575904632571564,29.904520428701993,29.9791202545166,51208800
2023-07-26,30.06304214369357,30.34278436569385,29.97911912138195,30.221561431884766,41814600
2023-07-27,30.24021179251365,30.529280774816257,29.67140058446535,29.79262351989746,45529500
2023-07-28,29.979119273495005,29.988442472859006,29.568827359171795,29.74599838256836,33296500
2023-07-31,29.74599874807302,30.07236586511135,29.634102568753292,29.83924674987793,29093400
2023-08-01,29.69004941545632,29.783297413357452,29.298409247117654,29.484905242919922,32712000
2023-08-02,29.05596747816438,29.167865440269395,28.701627192187736,29.083942413330078,38855100
2023-08-03,28.85082397224176,29.419633438946875,28.79487410058593,29.289087295532227,27933400
2023-08-04,29.242458038614405,29.531525200552554,29.065287039368307,29.186508178710938,30768100
2023-08-07,29.289085038124664,29.745998283417915,29.289085038124664,29.72734832763672,31745200
2023-08-08,29.186511973390594,29.195836951253558,28.42188157420432,29.158538818359375,45951800
2023-08-09,29.11191638226768,29.16786625416028,28.74825110775487,28.776226043701172,30732100
2023-08-10,28.916097428654833,29.20516465515785,28.720276432369804,28.8508243560791,26062600
2023-08-11,28.720273849240613,29.279760073017027,28.673650738324945,29.177188873291016,35720700
2023-08-14,28.95339551610894,29.009345388414605,28.673653268811957,28.84149932861328,32563700
2023-08-15,28.440534680649385,28.487157796571566,27.825100301975702,27.91834831237793,43406100
2023-08-16,27.741175110357926,27.82509813532934,27.237636960529432,27.312236785888672,47220400
2023-08-17,27.452107851756498,27.545355854729458,27.14439068693614,27.30291175842285,37202200
2023-08-18,27.07911703908389,27.368184241413722,27.023167171362484,27.144390106201172,31430400
2023-08-21,27.24696519985715,27.321563255587215,26.85532496263482,27.181692123413086,34959000
2023-08-22,27.16303984831896,27.265612833159384,26.500982382496044,26.51963233947754,37564200
2023-08-23,26.528955459594727,26.58490354806221,26.27718639365455,26.528955459594727,44686600
2023-08-24,26.482333044687753,26.846000100098475,26.45435988711927,26.68747901916504,31934800
2023-08-25,26.706124822771496,26.84599771240487,26.389082689102477,26.575578689575195,34253200
2023-08-28,26.75275061284495,27.041817822607694,26.640852653082547,26.818023681640625,33075200
2023-08-29,26.939246204045443,27.284263300424595,26.78072512385359,27.200340270996094,30428200
2023-08-30,27.246961087430254,27.29358597682309,26.976543843182494,27.079116821289062,33366400
2023-08-31,27.201348844956474,27.23895779633719,26.82525036425425,26.956884384155273,37243000
2023-09-01,27.0415097559636,27.389400216555817,27.0415097559636,27.248363494873047,35228600
2023-09-05,27.210750435022746,27.379995192865856,26.79704122622613,26.938077926635742,46543600
2023-09-06,26.703017646050707,26.85345704063518,26.4397496022174,26.693614959716797,45022600
2023-09-07,26.712419918583265,26.844053938460778,26.38333307551046,26.44915008544922,35023600
2023-09-08,26.439749992923442,26.684212667701406,26.28930880273682,26.665409088134766,36513900
2023-09-11,26.80644635651458,27.041508143092177,26.703018596539124,26.77823829650879,34168300
2023-09-12,26.75943211345097,27.398800440535876,26.70301778852555,27.23895835876465,42284000
2023-09-13,27.379993977315795,27.445810981693036,26.98509015767349,27.154333114624023,37215700
2023-09-14,27.427005490695375,27.680872615076794,27.361188486606608,27.45521354675293,44634800
2023-09-15,27.220153674277654,27.3517876915525,27.03210354098875,27.11672592163086,61661100
2023-09-18,27.07911858365678,27.07911858365678,26.787642454437933,27.0415096282959,25752300
2023-09-19,27.041505677179632,27.210750435022746,26.8064439120373,26.938077926635742,34888100
2023-09-20,27.08851964780687,27.238959046995078,26.82525159591705,26.84405517578125,26641100
2023-09-21,26.665411721419847,26.88166815151425,26.345727523289312,26.373933792114258,39906000
2023-09-22,26.392736574849717,26.50556701920601,25.950821070660645,25.98843002319336,41284400
2023-09-25,25.856795851986707,25.969626295700344,25.715759142378957,25.950820922851562,32749200
2023-09-26,25.706356594425948,25.856795991268456,25.39607511426589,25.5465145111084,42237400
2023-09-27,25.602926519466568,25.960221399665972,25.452487136239107,25.64053726196289,38296300
2023-09-28,25.546514115212606,25.988429612416702,25.546514115212606,25.913209915161133,36734300
2023-09-29,26.223489448588264,26.317514511539663,25.640537286371632,25.74396324157715,40645900
2023-10-02,25.64053762620849,25.725160004648433,24.9917666559619,25.104597091674805,50388600
2023-10-03,24.907148269862034,24.935356331656436,24.277182570154228,24.361804962158203,62144500
2023-10-04,24.333592812280802,24.455825932808615,24.051519415242485,24.3900089263916,55696400
2023-10-05,24.23957387671714,24.531050011562467,24.032718341412064,24.50284194946289,49044100
2023-10-06,24.230169839113888,24.662682673596645,23.94809461397461,24.512243270874023,58177300
2023-10-09,24.220764611827576,24.78491320955512,24.183153868402226,24.737899780273438,39953700
2023-10-10,25.019973935967684,25.668743092680764,24.98236319410548,25.396072387695312,51960100
2023-10-11,25.546518068508068,25.800385258548427,25.292650878467708,25.405481338500977,38508200
2023-10-12,25.358465329871457,25.46189309163946,25.019977570831056,25.292648315429688,44249800
2023-10-13,25.790976324127364,26.063647030315664,24.93535167015546,25.1610107421875,55089700
2023-10-16,25.537111828213003,25.55591720116572,25.17041602253037,25.377269744873047,56817500
2023-10-17,25.433683124084336,26.20468724604867,25.1234016554249,25.96962547302246,95344200
2023-10-18,25.89440646958639,26.364530028205934,25.5841231992536,25.67814826965332,68371100
2023-10-19,25.62173256877138,26.120064159762077,25.273840364989397,25.34906005859375,58611000
2023-10-20,25.19862062696023,25.330256435569996,24.67208277265803,24.737899780273438,62058400
2023-10-23,24.568655946636312,24.643875642940106,23.99510643483703,24.042118072509766,59857200
2023-10-24,24.201958638632984,24.3241917583486,23.882274500978326,23.948091506958008,55975700
2023-10-25,23.86347143804999,24.117338594281573,23.67542308754366,24.023313522338867,45522400
2023-10-26,23.96689890920322,24.78491469390537,23.919887270484995,24.559255599975586,60921000
2023-10-27,24.512243441599296,24.512243441599296,23.468568508735252,23.6660213470459,64709300
2023-10-30,23.807056962249877,24.239571573109824,23.769448009737182,24.154949188232422,41891900
2023-10-31,24.20196269562573,24.8037203293175,24.18315732122806,24.766111373901367,50106700
2023-11-01,24.860131951702893,25.029376703882555,24.587459452440353,24.822521209716797,44046300
2023-11-02,25.11399896929837,26.00723442414957,25.00117032253803,25.96962547302246,63278300
2023-11-03,26.477356386765898,27.201347034800477,26.449148330073246,26.721820831298828,62613600
2023-11-06,26.85345964305334,27.050912488442886,26.34572708547021,26.637203216552734,45548000
2023-11-07,26.37392821088243,26.571381017768466,26.279904943524084,26.47735595703125,33081900
2023-11-08,26.477356896335486,26.51496763931619,26.016636055095475,26.22348976135254,31896000
2023-11-09,26.39273655943825,26.402139245910707,25.762770912816237,25.8850040435791,32267900
2023-11-10,26.101260730084878,26.110663416657403,25.70635686093439,26.02604103088379,32858500
2023-11-13,25.894404291074682,26.185880370750606,25.7815738574117,26.044843673706055,28521800
2023-11-14,26.797040867980726,27.652665538189797,26.768832810924337,27.474018096923828,66676300
2023-11-15,27.455214801131056,27.95354459393029,27.455214801131056,27.85011863708496,46968900
2023-11-16,27.671472680620493,27.925339830239533,27.474019855346004,27.774900436401367,36952800
2023-11-17,27.934739127092723,28.207411633707114,27.784299741849935,28.18860626220703,38493300
2023-11-20,28.18860788960768,28.442475039378394,27.972351485008502,28.216815948486328,46783400
2023-11-21,28.198009196396118,28.198009196396118,27.784299986643987,27.887727737426758,41611900
2023-11-22,27.962949624742656,28.009963057595847,27.75609590032589,27.859521865844727,41422700
2023-11-24,27.718482852091835,28.10398400257763,27.718482852091835,27.95354461669922,15815600
2023-11-27,27.83131573303526,27.915938119197897,27.746693346872622,27.793704986572266,42039500
2023-11-28,27.765499114990234,27.878327769225688,27.568046280009504,27.765499114990234,29705800
2023-11-29,28.09458149117219,28.78096321105415,28.02876448361422,28.49888801574707,57954900
2023-11-30,28.631574855643983,28.953810542991423,28.470458819662973,28.89694595336914,52547700
2023-12-01,28.811647772549556,29.427685940193822,28.76426091645872,29.342388153076172,46133300
2023-12-04,28.934858316268727,29.38030093778182,28.92538058291405,29.209705352783203,37811300
2023-12-05,29.077020015195114,29.181273271944153,28.745306586378614,28.98224449157715,45723100
2023-12-06,29.171796232980224,29.87313223213363,28.849560529626928,28.934858322143555,49803100
2023-12-07,28.991719282240002,29.313954945220637,28.944332429086852,29.058061599731445,32699600
2023-12-08,29.067541133902502,29.51298372731147,29.010676545054967,29.342388153076172,34794300
2023-12-11,29.30447478880985,29.456114875586444,29.1054460451078,29.23813247680664,32254000
2023-12-12,29.162315719942633,29.24761350432888,28.859035512210475,29.133882522583008,34566700
2023-12-13,29.143360685688243,30.451258860475797,29.029629702261765,30.3659610748291,60311100
2023-12-14,30.91565156114623,32.28989189892303,30.868264711302526,32.166683197021484,107190000
2023-12-15,32.05296225021322,32.24251331355912,31.55065500542452,31.84445571899414,83771800
2023-12-18,31.948707472173574,32.02452934007691,31.664382698307367,31.683338165283203,40694700
2023-12-19,31.30423680859402,31.91079730485017,31.086254356213576,31.759157180786133,44534800
2023-12-20,31.635947537839208,31.948703667228507,31.228414084858287,31.256845474243164,44711400
2023-12-21,31.503269671716335,31.702296670961083,31.171554390922424,31.46535873413086,32325700
2023-12-22,31.47483164393468,31.910796538221906,31.46535571813959,31.683338165283203,37265900
2023-12-26,31.702295658880757,32.18564744381381,31.626473786130383,32.09087371826172,24845400
2023-12-27,32.03399612032874,32.176160274367525,31.90131150476434,32.07190704345703,24498600
2023-12-28,32.05295873689094,32.195122922664225,32.005571880095,32.109825134277344,21799600
2023-12-29,32.16669242753801,32.214082906365725,31.79706983115179,31.910799026489258,28060700
2024-01-02,31.645428786513857,32.28990023382149,31.5316995944554,32.1287841796875,36668600
2024-01-03,31.891841386889208,32.005570561591384,31.503263392553613,31.778108596801758,45988700
2024-01-04,31.81602177145738,32.51735956493507,31.787590379622316,32.03400421142578,39834600
2024-01-05,32.03400372958199,32.877502084932935,31.948705939974282,32.63108825683594,49242400
2024-01-08,32.507879195255335,32.507879195255335,31.882363283133163,32.37519454956055,40253900
2024-01-09,32.052960074557184,32.07191554114372,31.759155765544268,31.872888565063477,39268800
2024-01-10,31.7496819950141,31.872890728496813,31.5032681434345,31.84445571899414,34904000
2024-01-11,31.6169938100498,31.749678454982085,31.067296149175554,31.417966842651367,48790600
2024-01-12,30.564989547961854,31.45587476347995,30.290140712241154,31.086252212524414,74344300
2024-01-16,30.716626994842542,30.811400701849404,30.15745344657764,30.4417781829834,58420800
2024-01-17,30.06268015778811,30.31857352411578,29.636193021601386,30.138500213623047,48811300
2024-01-18,30.09111237138922,30.110067836650508,29.759398960087342,30.07215690612793,35484400
2024-01-19,30.13849871099333,30.546032168672273,29.920516287297545,30.536556243896484,49493600
2024-01-22,30.669244130421927,31.26632868530515,30.631333196534115,30.849315643310547,43903400
2024-01-23,30.83984072723909,31.105210042370746,30.69767652819812,31.057823181152344,30003400
2024-01-24,31.304232328346362,31.59803660840256,31.190503155421638,31.256845474243164,36403900
2024-01-25,31.47482831978043,31.70229028408182,31.11468533143236,31.645423889160156,46204000
2024-01-26,31.654906772512277,31.910796538221906,31.57908490460894,31.683338165283203,30839800
2024-01-29,31.65490256593397,31.891840448567056,31.503262465664204,31.85392951965332,30269300
2024-01-30,32.128783977714114,33.06705613322326,32.071917574349456,32.97228240966797,60315700
2024-01-31,32.76377445540819,33.266081676114474,32.22355630077314,32.2330322265625,54716000
2024-02-01,32.157214287271316,32.46049453088376,31.209462622136027,31.797067642211914,57084800
2024-02-02,31.626467489941994,31.948703154208733,31.436916461187707,31.72124481201172,40416000
2024-02-05,31.380059912669328,31.55065551087505,31.14312198353759,31.26633071899414,43573000
2024-02-06,31.199978380621644,31.616991364305402,31.162071067420055,31.313711166381836,27188000
2024-02-07,31.33266860383498,31.52221602793501,30.925135134326247,31.44639778137207,29660100
2024-02-08,31.323189766232716,31.541172201147166,31.086251865405863,31.3895320892334,36852200
2024-02-09,31.370577311599476,31.512741501368886,31.124163480102766,31.342145919799805,36176000
2024-02-12,31.275805911555526,32.19512621193986,31.25685044382344,31.86341094970703,34160400
2024-02-13,31.389529277902685,31.569604380249768,30.659760174869813,31.038862228393555,43801500
2024-02-14,31.256845526656633,31.446396558772506,31.15259227822364,31.399009704589844,27833900
2024-02-15,31.57907673092968,32.45100990920547,31.57907673092968,32.28989028930664,41683100
2024-02-16,32.14772969694835,32.36571572723244,30.792448354817388,32.3088493347168,33290700
2024-02-20,32.01504287722041,32.308847128746656,32.005566953474016,32.185638427734375,30372900
2024-02-21,31.616996161449883,31.97714280689743,31.436921031033265,31.939231872558594,37847100
2024-02-22,31.626467561556083,32.28989435600575,31.626467561556083,31.85392951965332,42756900
2024-02-23,31.96765648944735,32.27093666910046,31.740198162399984,32.147727966308594,30586000
2024-02-26,32.02452508437995,32.43205853173967,31.77810766182585,31.85392951965332,31129200
2024-02-27,31.967663240931405,32.631090129805884,31.948707773776626,32.48892593383789,40536300
2024-02-28,32.43205908873036,32.79220207344045,32.32780584011973,32.517356872558594,39548600
2024-02-29,32.76550604848158,33.07092263388912,32.59370876408323,32.94684600830078,43863400
2024-03-01,32.95639279533359,33.07092675979025,32.479178865990896,32.78459548950195,38432300
2024-03-04,32.72733291914882,33.80583380345726,32.68915493009717,33.54814147949219,49136400
2024-03-05,33.33816288339119,34.09216170874981,33.280895905477465,33.777198791503906,47591600
2024-03-06,34.0253496740309,34.15896897229323,33.47177984882659,33.80582809448242,49149700
2024-03-07,33.97763223444713,34.26396352092875,33.643583921356644,34.00626754760742,35900700
2024-03-08,34.235326576275135,34.48347986061959,33.882189284857816,33.977630615234375,42769900
2024-03-11,33.77719969853303,34.29259159103735,33.66266938048312,34.25441360473633,34131500
2024-03-12,34.26395706412661,34.50256399732845,34.14942311477566,34.32122039794922,29260400
2024-03-13,34.32122272622892,34.78889394900563,34.32122272622892,34.43575668334961,38289600
2024-03-14,34.283044106036776,34.56937535268619,33.8630971935923,34.06352615356445,40178100
2024-03-15,33.672214706502274,34.368946627486764,33.63404035805024,33.79629135131836,69646400
2024-03-18,34.034890221274956,34.44529440647953,33.77719431608702,34.36893844604492,50617900
2024-03-19,34.25441550195557,34.7316294345899,34.216237513540015,34.38803482055664,46113800
2024-03-20,34.20669657420557,35.19930247830379,34.101708921157204,35.075225830078125,40519000
2024-03-21,35.247020446111826,35.8864853517312,35.19929978225047,35.80058670043945,43219500
2024-03-22,35.705143969101265,35.89603025789597,35.31382871545601,35.361549377441406,29001100
2024-03-25,35.40927075200618,35.58106805129337,35.16112112017646,35.18021011352539,30480200
2024-03-26,35.313828220963636,35.54289249248038,35.12294193484187,35.39972686767578,33673400
2024-03-27,35.55243697703665,36.12509222368117,35.542894300628994,36.086917877197266,36350200
2024-03-28,36.0010195041908,36.26825813590865,35.71468823780363,36.19190216064453,42262500
2024-04-01,36.21098899668815,36.60230424446552,35.733775102283886,35.81013107299805,33908000
2024-04-02,35.49516343666243,35.86739328313333,35.46653177187721,35.60015106201172,34806800
2024-04-03,35.695605557589445,36.287349846780764,35.57152890892151,35.73377990722656,33338500
2024-04-04,35.981928691969436,36.23007831733061,35.1897518724779,35.23747253417969,42888200
2024-04-05,35.13248800603831,35.63833356599998,35.0561320357821,35.41881561279297,30823500
2024-04-08,35.504714717428435,35.86739829912316,35.43790506301797,35.79104232788086,29470300
2024-04-09,35.80058760143018,36.048740885119734,35.50471729353166,36.010562896728516,30967300
2024-04-10,35.4856315689951,35.53335223845445,34.88434093941707,34.97978591918945,37610700
2024-04-11,35.075219667803346,35.075219667803346,34.40711951738889,34.69344711303711,38604000
2024-04-12,34.178062687788355,34.445301321251534,33.91082041347186,34.158973693847656,47126100
2024-04-15,34.67436727539558,35.084767921872796,34.1303400240532,34.311683654785156,44392000
2024-04-16,34.45484168018467,34.52165133405651,32.593710406822105,33.09955596923828,95566100
2024-04-17,33.29998325345516,34.120791692080836,33.16636395244221,33.624488830566406,65951400
2024-04-18,33.92036318792353,34.349856404595904,33.57676861458563,34.1398811340332,44506200
2024-04-19,34.45483964919255,35.42835637217922,34.416665306982516,35.285194396972656,56273700
2024-04-22,35.31383099242894,36.182360203635625,35.18975435058417,36.010562896728516,43867100
2024-04-23,36.210994621574606,36.66911959446382,36.10601060681441,36.62139892578125,39180300
2024-04-24,36.28734184972206,36.735924036994454,36.26825285868358,36.57366943359375,28670600
2024-04-25,36.20144678100716,36.52595237896164,35.67651221865955,36.18235778808594,41116000
2024-04-26,36.2014479491471,36.56413154464702,36.05828231804489,36.10600662231445,28668700
2024-04-29,36.115545290266,36.325520555017,35.74331905973674,35.83876037597656,26438800
2024-04-30,35.6478813401977,35.95329798319695,35.29474402938986,35.3233757019043,30283800
2024-05-01,35.51425910333181,35.80058672757021,35.09431216383904,35.266109466552734,32272000
2024-05-02,35.66696644940715,35.78150040869303,34.97978089795773,35.19929885864258,34860300
2024-05-03,35.55244064331055,35.81967930052267,35.390189641675654,35.55244064331055,34082700
2024-05-06,35.94375754689192,36.067834203612676,35.65742988133571,35.972389221191406,28422300
2024-05-07,35.98193167469042,36.41142494731558,35.98193167469042,36.11555099487305,29119500
2024-05-08,35.981931474874166,36.09646179998706,35.810134166778134,35.99147415161133,32803300
2024-05-09,35.81967489357526,36.66911507022332,35.75286523749192,36.53549575805664,26855400
2024-05-10,36.726385578506964,37.01271322363726,36.58322357636859,36.69775390625,27359100
2024-05-13,36.860000400215576,37.01270870168515,36.44005348138753,36.468685150146484,24060600
2024-05-14,36.6500327400291,37.02225903771749,36.62139742730834,36.735931396484375,27594800
2024-05-15,37.031799768749785,37.45175035195376,37.012710774890216,37.13678741455078,34084400
2024-05-16,37.14632789902623,37.56627845744867,36.94589893660812,37.43265914916992,32554200
2024-05-17,37.65217806197596,37.69035604841323,37.37539312158555,37.49946975708008,25537300
2024-05-20,37.47083113799348,37.67126372866349,37.02225257995311,37.05088424682617,28369800
2024-05-21,37.003165879306216,37.938504677213125,37.003165879306216,37.84306335449219,31799200
2024-05-22,37.61399558393877,37.995768121016454,37.54718593607808,37.94804382324219,42837600
2024-05-23,37.95759231004833,38.02440196173006,37.165415524603574,37.38493347167969,39033900
2024-05-24,37.375397083012366,37.96714137209637,37.28949842485069,37.89078903198242,22166300
2024-05-28,37.843069660451455,37.92896832155521,37.327677693828925,37.528106689453125,31217900
2024-05-29,37.069982301678905,37.12724929027922,36.80274363658494,36.95545196533203,26677500
2024-05-30,36.96498630151972,37.33721254129115,35.87693924961774,36.869544982910156,50989100
2024-05-31,36.936355507020714,38.25346685190693,36.89817752233346,38.16756820678711,58188400
2024-06-03,38.21528840469032,38.358450384255285,37.566277236274175,38.06258010864258,31898600
2024-06-04,37.81442568290349,38.31072853992744,37.6235394085323,37.8716926574707,26974200
2024-06-05,38.00531577588187,38.16757039969851,37.71898815598257,38.13893508911133,34140300
2024-06-06,38.091218020741806,38.17711667890349,37.62354673944967,37.89078903198242,38676400
2024-06-07,37.7179426886905,38.37090127667371,37.7179426886905,38.19805908203125,25928700
2024-06-10,38.006012686716936,38.25567158135001,37.65072394416606,38.092430114746094,37176200
2024-06-11,37.765958268531016,37.78515970134052,36.93055308441579,37.31464767456055,44629000
2024-06-12,38.217259780443996,38.29408015277911,37.54509617449962,37.842769622802734,38964700
2024-06-13,37.72754757296892,37.78515919662285,37.38186317905564,37.69873809814453,40018700
2024-06-14,37.545099249512404,37.909988721995376,37.36265634476955,37.679534912109375,32347900
2024-06-17,37.53550097207218,37.95800209297463,37.429874776097186,37.93879699707031,26135400
2024-06-18,37.986807434671505,38.428513603412576,37.890781965599245,38.39970779418945,30804500
2024-06-20,38.19805614063626,38.70698196922647,38.16925033141314,38.39970779418945,29383300
2024-06-21,38.265274532338566,38.3228898173878,37.80436324093669,37.919593811035156,72244900
2024-06-24,38.18845819235987,38.73579058524153,38.073231284120936,38.42851638793945,31064900
2024-06-25,38.198051873442765,38.47652020814831,37.78515156005088,37.813961029052734,30596000
2024-06-26,37.612311585689895,37.78515375776736,36.94015165316299,37.449073791503906,44310200
2024-06-27,37.16100544902306,37.78515449323199,36.815321098139606,37.68913269042969,29464200
2024-06-28,38.15965549005364,38.466929712390446,37.75635578386303,38.18846130371094,52028200
2024-07-01,38.32289297492563,38.73579339430524,38.09243547873794,38.418914794921875,26770500
2024-07-02,38.409309464307654,39.33113201233171,38.370899275724014,39.30232620239258,35626100
2024-07-03,39.3887445032287,39.561586676606346,39.129481243162225,39.27351760864258,17100700
2024-07-05,39.302326687261605,39.331132497556105,38.68777831433061,38.80300521850586,23489000
2024-07-08,38.9854488357837,39.40795359715696,38.82221102379662,39.00465393066406,26728500
2024-07-09,39.13908512650677,40.16653753497996,38.98544803362244,39.7728385925293,34697200
2024-07-10,39.63841019933041,40.0993215199043,39.43676218339137,40.08012008666992,25333400
2024-07-11,40.10892104997324,40.2337523288888,39.744031591680056,40.14733123779297,33824600
2024-07-12,39.84006292662558,40.25295968598587,39.45596831787475,39.93608474731445,31856600
2024-07-15,40.185745231067195,40.55063475717447,40.04171249447066,40.22415542602539,36648100
2024-07-16,40.829097158513825,42.63433576250757,40.54102806478011,42.37507247924805,75953300
2024-07-17,41.9141622278886,42.67274333868472,41.9141622278886,42.23103713989258,65713600
2024-07-18,41.88535271814346,42.480699677398505,41.222793420517824,41.29961013793945,48549200
2024-07-19,41.15557860872911,41.82774230483431,40.99233712711905,41.19398880004883,43903000
2024-07-22,40.944322901697326,41.165175989393504,40.29136435416205,40.61784362792969,42838300
2024-07-23,40.541029683266004,41.0787577029036,40.473813680811304,40.723472595214844,36705100
2024-07-24,40.59863192384462,41.0499424043082,40.39698396308298,40.512210845947266,36567200
2024-07-25,40.348982193628494,40.61784620212472,40.00329780384914,40.02250289916992,41593900
2024-07-26,39.92647625277053,40.291362030706665,39.763234793801665,40.01289367675781,52049300
2024-07-29,40.11852240167656,40.21454787274876,39.35033694808479,39.455963134765625,37133100
2024-07-30,39.41755176384648,40.22414738167001,39.18709796618094,39.638404846191406,44163200
2024-07-31,39.59039789109629,39.734434276246716,38.620564375142045,38.70698547363281,50851600
2024-08-01,38.83181291271061,38.841417291939564,37.429873911072605,37.929195404052734,60107800
2024-08-02,36.48884439649625,36.997766580393524,35.701453836769524,36.085548400878906,76728000
2024-08-05,34.23229884025013,35.49020139246254,33.74257808879563,35.19253158569336,76075200
2024-08-06,35.19253024797971,35.82628368936257,35.08690406391639,35.45178985595703,40614100
2024-08-07,36.58486637701499,37.05538203709821,35.78787509780932,35.816680908203125,44952400
2024-08-08,36.316004330121814,36.89214254694021,36.16236722810375,36.690494537353516,36557800
2024-08-09,36.642482595661576,36.92095097989709,36.402424401595916,36.75770950317383,26411200
2024-08-12,36.96896293397305,37.18981603921372,36.49844724854906,36.65208435058594,33040600
2024-08-13,36.84412853005271,36.949754715588234,36.60407034947092,36.93054962158203,21553500
2024-08-14,36.98816372039183,37.37225459923777,36.901742631627016,37.266632080078125,25658900
2024-08-15,37.861984651119016,38.10204288316365,37.4202783832764,37.47789001464844,37379800
2024-08-16,37.44907539166342,37.85237136841198,37.43947467635863,37.77555465698242,26886600
2024-08-19,37.90998721724489,38.159649774875085,37.88118140790184,38.092430114746094,27268900
2024-08-20,37.564305727301935,37.67953629948504,36.815325323098776,37.151405334472656,44440800
2024-08-21,37.32424943704653,37.439480015118,36.86333811375342,37.209022521972656,33751100
2024-08-22,37.237825060999555,37.72754581725252,37.03617706159999,37.679534912109375,35421600
2024-08-23,37.70834487343496,38.57255225013312,37.70834487343496,38.18846130371094,45616600
2024-08-26,38.40930939069191,38.601356670244805,38.08283011435114,38.332489013671875,44659500
2024-08-27,38.40930866950815,38.53413994832325,38.03481849605999,38.092430114746094,32323900
2024-08-28,37.775555066557814,38.66857178246579,37.76595435114893,38.361297607421875,40700500
2024-08-29,38.457324811229896,38.73579321613486,37.9580032909513,38.57255172729492,34810800
2024-08-30,38.572545548688126,39.23510845167637,38.53413902481688,39.12948226928711,49098200
2024-09-03,38.966243594481924,39.273517756533295,38.630159961427836,39.08147048950195,48489300
2024-09-04,39.043064281738936,39.32153266415871,38.67817480349913,38.889427185058594,39629600
2024-09-05,39.17749662068103,39.31192862355879,38.41891184673099,38.54374313354492,34214500
2024-09-06,38.437429433791266,38.543744260278444,37.26797371618917,37.46126937866211,47007600
2024-09-09,37.93485037050983,38.379436267071405,37.789874945297996,38.14748001098633,37610200
2024-09-10,38.50508558193499,38.50508558193499,37.045682610636625,37.96384811401367,53983900
2024-09-11,37.68356636683352,37.722223287549774,36.73639991515516,37.69322967529297,41190000
2024-09-12,37.741552009717964,38.012172564661704,37.238975192683384,37.48059844970703,39921600
2024-09-13,37.577250537994495,37.78021319214035,37.151991239542184,37.354957580566406,31887300
2024-09-16,37.50959864742697,37.89619367642479,37.49026834294529,37.789878845214844,26336400
2024-09-17,37.96385032767939,38.46642721572323,37.896196101104145,38.22480392456055,27769400
2024-09-18,38.29245376586914,38.775700292852925,38.09915441769995,38.29245376586914,42527800
2024-09-19,38.69838484389444,39.67454125859677,38.66938754364088,39.500572204589844,57977800
2024-09-20,39.25895213973153,39.365266979975,38.89168738400906,38.92068099975586,70725000
2024-09-23,38.86268832083764,39.08498130087696,38.418102360759,38.534080505371094,31714800
2024-09-24,38.51474594152864,38.64039106831169,37.93485159570863,38.128150939941406,32534900
2024-09-25,37.934852600097656,38.089491342202535,37.63523842426014,37.934852600097656,28866000
2024-09-26,38.07016707530871,38.38911160534369,37.799550155433465,38.1958122253418,39601400
2024-09-27,38.32145344819884,38.56307672671994,38.0315025644706,38.079830169677734,27861100
2024-09-30,37.915525952145366,38.45676344513572,37.71256327485353,38.35044860839844,35055200
2024-10-01,38.186137257454796,38.23446485752647,37.63523653591763,37.90585708618164,26291200
2024-10-02,37.934850016661954,38.21513386978869,37.7415506804753,37.91551971435547,23302700
2024-10-03,37.67389903150597,37.95418290372057,37.43227576653719,37.934852600097656,26030200
2024-10-04,38.59206794262784,38.90134542496926,38.2924537686003,38.76603698730469,34209900
2024-10-07,38.86268650642884,39.08497947608981,38.37943995841491,38.621063232421875,27177500
2024-10-08,38.70804202582943,38.80469353324514,38.47608578178776,38.592063903808594,26023600
2024-10-09,38.534075799039684,39.036652613481884,38.38910405770027,38.843353271484375,27421000
2024-10-10,38.66938659655325,38.78536842096966,38.43743032147747,38.63072967529297,26182300
2024-10-11,39.14297203194961,40.75701380035538,39.04632419304197,40.54438781738281,50660700
2024-10-14,40.554049778443165,40.766679441226316,40.32209349802391,40.5057258605957,28098900
2024-10-15,41.78149736851403,41.90714250714176,40.64103518559453,40.72801971435547,61490000
2024-10-16,40.795670898055825,41.65584912565793,40.73768367445558,41.365901947021484,42437800
2024-10-17,41.394900259350145,41.55920231274537,41.04696216171497,41.172603607177734,31708600
2024-10-18,41.00830381739779,41.22093348588477,40.69902631062328,40.9019889831543,30593500
2024-10-21,40.83433150944636,40.98897025052771,40.341421674399065,40.360748291015625,26589500
2024-10-22,40.25443781444198,40.9889709249445,40.17711659918989,40.88265609741211,37104400
2024-10-23,40.786002005757915,41.04695553686722,40.612032985018374,40.92131042480469,28569400
2024-10-24,40.901987515549514,41.230595315566475,40.56371640680201,41.22093200683594,28392000
2024-10-25,41.48188353767594,41.53987445298683,40.38974895091136,40.48639678955078,27466900
2024-10-28,40.660366004606196,41.31758163313621,40.60237508907282,41.19193649291992,24527600
2024-10-29,41.162937043787835,41.37556668372478,41.04695891603959,41.10494613647461,22313500
2024-10-30,40.312428254963294,41.46255745888071,40.24477402965977,40.89232635498047,38100500
2024-10-31,40.872992235102245,41.12427880750958,40.39940901529657,40.418739318847656,28138200
2024-11-01,40.73768367884992,41.008300554022675,40.35108498270735,40.360748291015625,31220000
2024-11-04,40.2157767889227,40.61203879577583,39.732530259254084,39.945159912109375,31110100
2024-11-05,40.119125260266884,40.602371789807876,39.993483817138696,40.47673034667969,30851400
2024-11-06,43.2988854903071,44.02375523742233,42.52569183075983,43.88844680786133,110086700
2024-11-07,43.530851045980725,43.71448341165766,43.01860718487573,43.2698974609375,48339700
2024-11-08,43.62749167652581,43.975429732441214,43.44385934118292,43.617828369140625,38331800
2024-11-11,44.072079412722104,44.961254891663586,44.05275279713656,44.5359992980957,43293500
2024-11-12,44.5939925995423,44.89360679826916,44.304045396804625,44.3233757019043,38155900
2024-11-13,44.65198282900581,44.92259972248725,44.294381407351246,44.333038330078125,36903900
2024-11-14,44.41035776061544,44.61332042255198,44.19772810322753,44.36203384399414,35733100
2024-11-15,44.09141729088478,45.27054013562062,44.09141729088478,45.183555603027344,40488900
2024-11-18,45.183553703130336,45.4445072899375,44.932267112248645,45.15456008911133,32360300
2024-11-19,44.44902079048453,45.057908809469644,44.41036018032966,44.85494613647461,28534100
2024-11-20,45.009587763308375,45.07724199195862,44.381365712265875,44.51667785644531,28021000
2024-11-21,44.83561268715108,45.47349796245788,44.74862816384204,44.90326690673828,45336500
2024-11-22,44.81627927747297,45.63780053776312,44.729294760192325,45.4251708984375,37996200
2024-11-25,45.676464400465576,46.140384354417236,45.57981656073825,45.908424377441406,42718600
2024-11-26,45.918087327086695,46.237031832071025,45.6281401232965,46.150047302246094,30301500
2024-11-27,46.21770411017452,46.37234287329786,46.05340203736551,46.16938018798828,23278400
2024-11-29,46.19837089829761,46.46899148190209,45.90842369653733,45.918087005615234,23262000
2024-12-02,46.14037871120703,46.21769623615679,45.280196820572094,45.46383285522461,35891500
2024-12-03,45.78277589783182,45.88909072590669,45.086903391404576,45.25120544433594,38123800
2024-12-04,45.12556167787597,45.21254620467139,44.584327899485444,44.8162841796875,24941300
2024-12-05,44.99991530666445,45.657130840145285,44.94192439951795,45.4251708984375,31572100
2024-12-06,45.73617541116823,45.73617541116823,45.094741753885835,45.43489456176758,28931700
2024-12-09,45.25024308642575,45.434896947918126,44.60880939545653,44.618526458740234,34660900
2024-12-10,44.6185230919242,44.98783449442927,44.30752518688439,44.4630241394043,35665800
2024-12-11,44.70598967051547,44.86148861672612,44.190900106327824,44.78374099731445,36790500
2024-12-12,44.84205078502637,45.1627694469912,44.62823834371649,44.78374099731445,24017300
2024-12-13,44.79346004878427,44.80317711137202,44.1034336760416,44.38527297973633,32902300
2024-12-16,44.30752599964329,44.39499439375194,43.88962186194504,44.19090270996094,27330400
2024-12-17,43.91877596381843,43.91877596381843,43.364810713604115,43.78271484375,33054600
2024-12-18,43.87018277010768,44.15202577719023,42.130535707975625,42.27631759643555,41771900
2024-12-19,42.73310161974289,43.22875341630721,42.091667920277885,42.159698486328125,38583600
2024-12-20,41.984756599115066,43.15100055886025,41.887567439827016,42.927467346191406,74222200
2024-12-23,42.665062870986645,42.869154529994766,41.57656660816918,42.65534210205078,35374800
2024-12-24,42.69421934564834,43.170433234320015,42.69421934564834,43.131561279296875,12054400
2024-12-26,42.96634389892661,43.32593823465177,42.86915844501503,43.29677963256836,16077400
2024-12-27,42.99550405673208,43.520310717186256,42.82056726745151,43.092689514160156,17972500
2024-12-30,42.655343967981466,42.89831129858732,42.32490825006202,42.674781799316406,16109800
2024-12-31,42.801129588803306,42.985783441537414,42.480410904836745,42.713661193847656,16110400
2025-01-02,42.89831220130723,43.3356541470783,42.567876476434336,43.04409408569336,25610600
2025-01-03,43.49115549568801,43.58834095238817,42.90803534071201,43.549468994140625,23455700
2025-01-06,43.88962111613712,44.85177343498257,43.831307618593094,44.12287139892578,30518500
2025-01-07,44.978111899537275,45.337706224901595,44.36583688423821,44.78374099731445,41111200
2025-01-08,44.608806631582915,44.95867649893527,44.40471124139298,44.91008377075195,40246000
2025-01-10,44.70598942133977,44.75458214662464,43.48143569017957,43.841026306152344,40741300
2025-01-13,43.8313104672483,44.06456076519621,43.432844143269236,43.79243850708008,34353600
2025-01-14,44.31723928261104,44.628237166831056,43.95764867411676,44.4921760559082,36379000
2025-01-15,45.79448895146892,46.12492472362782,45.52236668288672,45.77505111694336,57154800
2025-01-16,45.67785739967853,46.17350911468,44.531051321563716,45.32798385620117,56339300
2025-01-17,45.29883210948525,45.56123728531793,44.7837425276956,45.2210807800293,44486100
2025-01-21,45.3085517012659,45.82364501919742,45.230804074857225,45.34742736816406,52089100
2025-01-22,45.289111542882154,45.41545560012143,44.4727411168677,44.50189971923828,40296200
2025-01-23,44.75458243356114,45.57095282869773,44.75458243356114,45.085018157958984,35324100
2025-01-24,44.92952552240202,45.54180433160174,44.851777892004826,45.211368560791016,24655100
2025-01-27,45.240520890221354,45.813923997973404,45.075304867890104,45.76533126831055,44260000
2025-01-28,45.75560820279887,46.10547803490571,45.39601389421497,45.52235794067383,27156600
2025-01-29,45.43489456176758,46.056890386115654,45.32798833432259,45.43489456176758,23681500
2025-01-30,45.784767297342434,45.84307708768491,45.09474092411492,45.405738830566406,31199900
2025-01-31,45.38630019422908,45.512644250046115,44.86148984611593,44.99755096435547,30388900
2025-02-03,44.14230606033808,45.172488951806855,43.84102892116904,44.91008377075195,36497700
2025-02-04,45.04614540322783,45.80420605955283,44.968397778730754,45.396018981933594,32894000
2025-02-05,45.658419289058045,45.80420116707659,45.327983578618216,45.78476333618164,27696600
2025-02-06,46.1054813599678,46.63029170705736,45.84307618642301,46.39704513549805,39793400
2025-02-07,46.494229606030665,46.62057365892992,46.04717059717155,46.06660842895508,26504700
2025-02-10,46.14435895568206,46.22211028771431,45.09474192495969,45.35714340209961,26725200
2025-02-11,45.24051605908816,45.60982743838569,44.978110898065225,45.4737663269043,20314900
2025-02-12,45.25995734549182,45.26967811556099,44.64767858969705,44.91008377075195,29777100
2025-02-13,45.21136435925153,45.25995708715748,44.67683693751104,45.026710510253906,26815400
2025-02-14,45.172484052219296,45.76532491096136,45.172484052219296,45.638980865478516,25960500
2025-02-18,45.250239382269,45.33770777421323,44.86149014976411,45.2210807800293,37824100
2025-02-19,44.58936172512843,44.764298484746206,44.14229905755691,44.715702056884766,38967800
2025-02-20,44.60880437282815,44.890643664975514,43.772996143801066,44.02568054199219,40001100
2025-02-21,43.97709019396386,44.229774605816786,43.28706381218517,43.549468994140625,43485900
2025-02-24,43.76327383426686,44.11314737897951,43.189870793184966,43.20930862426758,35512200
2025-02-25,43.2773405902936,43.578621420815686,42.13053447074156,42.70393753051758,38119000
2025-02-26,42.80112668909921,43.29677842200993,42.62618991103959,42.70393753051758,32251700
2025-02-27,42.8497170254694,43.520305499048874,42.70393514941916,42.87887191772461,28477700
2025-02-28,43.07325057197671,44.900366042195635,42.956627284588784,44.80317687988281,62621100
2025-03-03,44.910082770655,45.63898479933539,43.94793416893384,44.27836990356445,46946000
2025-03-04,43.47171782643244,43.57862405363736,40.847669704392416,41.46966552734375,78278100
2025-03-05,41.450234473546026,41.52798210348272,40.53667479692203,41.10036087036133,52588900
2025-03-06,40.420049048372704,40.711609130891894,39.80777027991108,40.293704986572266,58103500
2025-03-07,40.40128702409125,40.81204630777705,39.71668448716457,40.48930740356445,50651400
2025-03-10,39.511303301033415,39.726461318504526,38.31813903276094,38.95384216308594,77498400
2025-03-11,38.82669834901288,39.76557981379471,38.406156993390816,38.738677978515625,50608400
2025-03-12,39.42328411614433,39.60910325748002,38.337700689199124,39.032081604003906,42290700
2025-03-13,39.09075937338126,39.30591737684133,38.464838398255054,38.79735565185547,37766100
2025-03-14,39.37437787540586,40.11766184325563,39.28635750370743,39.99052047729492,35979900
2025-03-17,40.01986154842625,40.85116593348294,39.697122655053036,40.52842330932617,37242800
2025-03-18,40.8022664883133,40.909847362860695,40.38172510460088,40.73380661010742,37644500
2025-03-19,40.8022673536263,41.760709399618264,40.39150434489624,41.28148651123047,42471100
2025-03-20,40.84138821216842,41.78027357293695,40.733811056661324,41.54555130004883,41018100
2025-03-21,41.23258827593376,41.72158956181096,40.968527133866026,41.535770416259766,65011000
2025-03-24,41.98565027611656,42.200812033561185,41.80960951653162,42.1225700378418,30646100
2025-03-25,42.39640940453528,42.57245016346931,42.09323099920285,42.32794952392578,25445300
2025-03-26,42.50398802363793,42.758270764486134,41.790046641813106,41.87806701660156,30012100
2025-03-27,41.8780697677361,42.14213090944869,41.58466974276114,41.6237907409668,25619200
2025-03-28,41.506427293873365,41.682468053096,40.08832656682299,40.34260559082031,34253000
2025-03-31,39.88293915252898,40.97830459465042,39.70689841114457,40.812042236328125,36390000
2025-04-01,40.4110653535871,40.78270736983718,40.06876595097759,40.577327728271484,25578500
2025-04-02,39.980745276131536,41.04676820452992,39.92206378006775,40.929405212402344,28216100
2025-04-03,37.78024002483876,37.9856196675259,36.20565530266996,36.4012565612793,115497900
2025-04-04,34.51371055377133,35.00271182407996,32.92934375180716,33.633506774902344,107761200
2025-04-07,34.200750607065025,35.824234702212735,32.802206652299894,34.797332763671875,137329100
2025-04-08,36.04916845493621,36.50883076905984,33.57482361838071,34.259422302246094,79116300
2025-04-09,33.3009842158247,37.01739295147503,32.34254221821058,36.332794189453125,161173500
2025-04-10,35.52105231541906,35.59929431019055,33.86822934909974,35.0613899230957,90451800
2025-04-11,34.42569298105682,35.43303448612491,34.04427255606148,35.15919494628906,63671900
2025-04-14,35.68731669269534,36.17631799512272,35.47215492577646,35.86335372924805,46830600
2025-04-15,36.96849308912613,37.89759619357695,36.96849308912613,37.15431594848633,84677800
2025-04-16,37.02717883494207,37.320578867216504,36.15675712252161,36.50883865356445,52872700
2025-04-17,36.684873039888245,37.036954545513055,36.420815641453196,36.587074279785156,47144400
2025-04-21,36.25455098276733,36.45993060448368,35.687311494581685,36.10784912109375,34928300
2025-04-22,36.74355647870741,37.64332078855783,36.577297831577866,37.47705841064453,42288900
2025-04-23,38.54307979107234,39.24724281077994,37.81935627295245,37.89759826660156,54428400
2025-04-24,37.809578665032035,38.82670221864138,37.750897168590996,38.70934295654297,42457100
2025-04-25,38.67022308493215,38.91472373104712,38.455061322500164,38.81692123413086,32694200
2025-04-28,38.924502058192424,39.19834531837207,38.59198103073296,38.90494155883789,37428000
2025-04-29,38.758239553142424,39.25701917930771,38.61153768797318,39.110321044921875,33792500
2025-04-30,38.494177228308594,39.12009820262527,37.96605500718517,39.00273895263672,40994600
2025-05-01,38.94406228498677,39.550422837598326,38.709343755942704,39.28636169433594,33569100
2025-05-02,40.01008468064541,40.32304520216709,39.80470503791876,40.16656494140625,41613000
2025-05-05,39.951400608423384,40.57732534190136,39.726460481254016,40.21546173095703,32829200
2025-05-06,39.75580834608411,40.36216893121461,39.66778796027614,39.941627502441406,29541800
2025-05-07,40.13722488810947,40.43062490213347,39.96118413353836,40.02964401245117,30925900
2025-05-08,40.38172759249288,41.22281041173628,40.342606593741145,40.684906005859375,41861700
2025-05-09,40.81204223364652,41.05654284879953,40.77292123983404,40.870723724365234,27222800
2025-05-12,42.36706796948531,42.99298897208643,41.99542597514711,42.40618896484375,44875100
2025-05-13,42.464871145686125,43.51133736110295,42.464871145686125,43.30595397949219,43232500
2025-05-14,43.21793209036781,43.9318735165461,43.15925432405248,43.755836486816406,42419500
2025-05-15,43.61890938327826,43.99055137257754,43.04188776730703,43.403751373291016,47379400
2025-05-16,43.36463267198061,43.80473456011381,42.69959064786457,43.706932067871094,49488100
2025-05-19,43.13969753767801,44.1470390744772,43.13969753767801,43.785179138183594,37915700
2025-05-20,43.609133306411984,43.92209382002146,43.43309255115871,43.706932067871094,33424300
2025-05-21,43.39396859550609,43.51133157819512,42.20080811776775,42.298606872558594,55594100
2025-05-22,42.23015079799777,42.61157119909968,42.014989041157236,42.35729217529297,29026200
2025-05-23,41.54554706687622,42.47465021743128,41.418405693233886,42.24971008300781,34875100
2025-05-27,42.826734888325326,43.247276306152344,42.34751197122576,43.247276306152344,36322000
2025-05-28,43.2374917533546,43.46243189170921,42.992991116345195,43.09079360961914,35673800
2025-05-29,43.39397572970399,43.4819961158001,42.934317029676706,43.26683807373047,28545100
2025-05-30,43.21793375001397,43.325514633434985,42.758275062829426,43.15925598144531,66537500
2025-06-02,42.914750318286494,43.178811438357215,42.40618857564474,43.1103515625,28582600
2025-06-03,43.04188762458959,43.7460506060253,42.97342774925928,43.66781234741211,31320200
2025-06-04,43.61891194157791,44.0981348293695,43.3646329218489,43.384193420410156,30591700
2025-06-05,43.47221124884833,43.59935261664766,43.04188776730703,43.403751373291016,32020900
2025-06-06,43.964498884654134,44.436706089571594,43.915311337786136,44.23995590209961,37013000
2025-06-09,44.37768032671662,44.662973338235105,44.05303577855371,44.14157485961914,32414000
2025-06-10,44.07271250595482,44.46622037542417,44.02352496046344,44.35800552368164,32229100
2025-06-11,44.466216356767845,44.672806280822456,43.826767064862985,44.00384521484375,47873500
2025-06-12,43.679211545850535,43.92515304385021,43.30537941811558,43.89563751220703,30165400
2025-06-13,43.28570178965453,43.73823322588175,42.9512212166237,43.37424087524414,43281700
2025-06-16,43.91531066674336,44.16125215009453,43.630017645391376,43.68904495239258,34103600
2025-06-17,43.55131442510455,43.94481851159341,43.34472449824023,43.511962890625,27489600
2025-06-18,43.54147926399391,44.46622165809113,43.492291717083674,44.328495025634766,37684700
2025-06-20,44.57443835198429,44.9089189386507,44.535086811724845,44.7613525390625,64591600
2025-06-23,44.662975628644006,45.61722604820825,44.37768260249511,45.548362731933594,42683600
2025-06-24,45.99105831197274,46.4239139803826,45.813980140175694,45.90251922607422,45437600
2025-06-25,45.8238144745273,46.21731855754352,45.70575987213047,46.08942794799805,33532400
2025-06-26,46.18781045358133,46.80758403072319,46.13862290839178,46.68952941894531,40127000
2025-06-27,46.67969752987908,46.89612349836362,46.14846298831165,46.35505294799805,56705000
2025-06-30,46.846932617829964,46.846932617829964,46.26651056800317,46.55180358886719,47921200
2025-07-01,46.25667533688568,47.6339454127693,46.1779722596967,47.36833190917969,48540900
2025-07-02,47.57491867177091,47.93891099747183,47.279789657614245,47.91923522949219,48003600
2025-07-03,48.15534166193044,48.50949798715584,48.01761503606926,48.13566589355469,21620300
2025-07-07,47.94875159624396,48.41111901715872,47.58475551140943,47.87004852294922,35567900
2025-07-08,46.72888000815528,47.01417301834333,46.00089159470458,46.38456344604492,88086500
2025-07-09,46.394398437701994,46.67969144164191,45.95170304413472,46.079593658447266,46227900
2025-07-10,46.138625695692554,46.45343050724642,46.02057107678282,46.207489013671875,44225000
2025-07-11,45.882839248637644,46.050081396782986,45.499171162521044,45.971378326416016,31653000
2025-07-14,46.05008493395642,46.30586242675781,45.794303688385796,46.30586242675781,36381200
2025-07-15,46.11894747027501,46.2468343381305,45.20404486267006,45.40079879760742,55145000
2025-07-16,45.4991750706585,45.80414386537229,44.27930364457264,45.282745361328125,61296600
2025-07-17,44.899073946869954,46.45342583112534,44.7023200212622,46.25667190551758,56480700
2025-07-18,46.24683479903643,46.61083089576743,46.13862369887313,46.55180358886719,48314200
2025-07-21,46.768229114368246,47.26011203626248,46.433748577369414,46.70920181274414,32199700
2025-07-22,46.82725704600614,47.388003329226926,46.68953041542829,46.99449920654297,34749400
2025-07-23,47.230599372014325,47.525732145255844,47.03384919354544,47.358489990234375,31380100
2025-07-24,47.70280999369891,48.20452894991844,47.42735299067355,47.60443115234375,42967600
2025-07-25,47.60443247138339,47.76183486914392,47.16173705494152,47.66345977783203,24461200
2025-07-28,47.663462645698345,47.752001734314035,47.29947028262025,47.4470329284668,20590400
2025-07-29,47.604429265414076,47.72248011759193,47.11254633644263,47.171573638916016,26216500
2025-07-30,47.476544601668536,47.712650088375945,46.96498959387972,47.18141555786133,32265900
2025-07-31,46.98465624177919,47.25027347668244,46.42390999679534,46.50261306762695,40016300
2025-08-01,45.607387642252256,45.65657518660979,44.58427020743147,44.91875076293945,52310400
2025-08-04,45.21388196873994,45.36144836171907,44.89907716630244,45.10566711425781,31038900
2025-08-05,45.20404546406264,45.25323301025907,44.023525591502036,44.820377349853516,36798300
2025-08-06,44.96794073160929,45.19420645006768,44.653135927426376,44.682647705078125,27916800
2025-08-07,44.96793751269306,45.017125056181435,44.05303494328706,44.19076156616211,30609900
2025-08-08,44.41702985514564,45.54835833675437,44.24978770835284,45.263065338134766,37131600
2025-08-11,45.31225799979686,45.764789406089484,45.066316528624476,45.4106330871582,35559400
2025-08-12,45.72544013354927,46.88628423516884,45.60738927231807,46.7288818359375,35481200
2025-08-13,46.90596206297016,46.9846613896555,46.22716489013541,46.473106384277344,29465100
2025-08-14,46.325536768726586,46.95514634955161,46.12878283652648,46.93547058105469,21073800
2025-08-15,46.97482263160645,47.043685945713975,46.138623101575575,46.17797088623047,26276900
2025-08-18,46.15829344287678,47.260113934160984,46.03040658004212,47.142059326171875,43125100
2025-08-19,47.04368774387661,47.338816780299524,46.8567735631216,47.299468994140625,33783400
2025-08-20,47.38800437745483,47.712648944800264,47.092875340721264,47.56508255004883,30822200
2025-08-21,47.48638318763301,47.70281289902688,47.0338517481452,47.47654342651367,28713200
2025-08-22,47.73232432800142,48.85381691017463,47.67329702002467,48.67673873901367,45078900
2025-08-25,48.58819965343319,48.85381691017463,48.411121482272236,48.67673873901367,34715700
2025-08-26,48.450472494856044,49.444074442009246,48.450472494856044,49.43423843383789,40609300
2025-08-27,49.21780963768467,49.808071463664504,49.17846185150145,49.562129974365234,42428200
2025-08-28,49.729365043391645,49.81790412369934,49.46374780246855,49.67034149169922,32949400
2025-08-29,49.690013197832315,50.09335706055289,49.690013197832315,49.916282653808594,32496500
2025-09-02,49.404724584633165,49.6506660590644,48.863650338669174,49.60147476196289,52719800
2025-09-03,49.581806477725394,49.749044891595005,48.89316954694072,49.2473258972168,38344200
2025-09-04,49.42440087444294,50.004822910335996,49.306346263476506,49.7982292175293,34796900
2025-09-05,49.89715104090411,50.243386519597884,48.70017426213557,49.2343635559082,40063300
2025-09-08,49.26404104127354,49.37285780163389,48.353944088519185,48.92770004272461,48033100
2025-09-09,48.967272871533225,50.015866335980526,48.9277024524274,49.74877166748047,40060100
2025-09-10,49.82790720862575,50.0851111513071,49.432214350593846,49.590492248535156,31706300
2025-09-11,49.600383602002445,50.41155831105525,49.452000193454424,50.203819274902344,28055200
2025-09-12,50.154359645778484,50.381883897969765,49.91694090186767,50.03565216064453,27851100
2025-09-15,50.30274002048611,50.54015875005677,49.916937886871146,50.04553985595703,29043600
2025-09-16,50.095002846086,50.3324215844503,49.66963027951361,50.11478805541992,31624400
2025-09-17,50.31263532604691,51.074348888127915,50.243388981643434,50.846824645996094,38337900
2025-09-18,50.93585811187686,51.62832158191247,50.747900506887575,51.5689697265625,35246900
2025-09-19,51.58875320471587,52.09326282647187,51.202947289675684,51.68767547607422,98970700
2025-09-22,51.20294722999929,51.78659768707593,51.20294722999929,51.36122512817383,27468000
2025-09-23,51.440363407092754,52.31089369060194,50.96552973617209,51.143592834472656,28278200
2025-09-24,51.29197623396142,51.68767284654993,50.90617411219104,51.143592834472656,27010400
2025-09-25,50.92596000997654,51.76681437970585,50.886389593453195,51.29197692871094,22957900
2025-09-26,51.54918334890072,52.05369297615879,51.420581375818145,51.64810562133789,20025800
2025-09-29,51.796490738692995,51.98444455828769,51.54918129381661,51.85584259033203,23701000
2025-09-30,51.91519963908828,52.004231192630655,50.47091334708321,51.0347785949707,29945000
2025-10-01,50.74789744343671,51.1238088570801,50.01586359826252,50.13457107543945,27709100
2025-10-02,50.104898011233125,50.302742559946765,49.531138253763515,49.93672561645508,22757200
2025-10-03,50.07521601201115,50.5797293995498,50.00596966841058,50.095001220703125,24565700
2025-10-06,50.38188373885271,50.767685894551775,49.35307547455992,49.847694396972656,25386300
2025-10-07,50.005971844382636,50.36209806904937,49.59049376470002,49.74877166748047,24107300
2025-10-08,49.857586277977134,49.96639926535014,49.24425612927815,49.303611755371094,24014200
2025-10-09,49.461889420516925,49.73887479370616,49.13543913899302,49.254150390625,21816900
2025-10-10,49.39264612172827,49.600385164425,48.02749683295574,48.12642288208008,31831900
2025-10-13,48.67050085638094,48.86834917249833,48.28469871545556,48.33415985107422,34462800
2025-10-14,48.32426584058031,49.95650974773572,48.00771004109994,49.55092239379883,42462600
2025-10-15,51.01499584984654,52.281219095920996,50.67865482840265,51.71735382080078,69992200
2025-10-16,52.03390538727227,52.1921832801189,49.461888685103915,49.897151947021484,49027700
2025-10-17,50.401664767671114,51.21283943124807,49.78833841137594,50.728111267089844,48915400
2025-10-20,50.886389763477304,51.71734964503091,50.817143421151385,51.47993469238281,25786000
2025-10-21,51.52939947977521,51.80638486871691,50.886393371282935,50.96553421020508,27303400
2025-10-22,50.94574929241469,51.02489013179035,49.8971558125448,50.550052642822266,34955000
2025-10-23,50.92596413312189,51.24251994365289,50.55994718475347,51.20294952392578,26028800
2025-10-24,51.29197808042486,52.25153994762766,51.29197808042486,52.00423049926758,38923900
2025-10-27,52.231756880331815,52.49885154834825,51.96466221231539,52.44939041137695,27345800
2025-10-28,52.429604475699904,52.70658985781714,51.77670766525011,52.301002502441406,29575200
2025-10-29,52.093266706924965,52.439498456112915,51.756925676152505,52.014129638671875,29158800
2025-10-30,52.103151903187005,52.864865444313324,51.99433891757694,52.45927810668945,37548600
2025-10-31,52.22186666301801,53.06271732051941,52.20208145331125,52.87476348876953,39295700
2025-11-03,52.68680337046769,53.06271478968117,52.142723337231935,52.983577728271484,31252300
2025-11-04,52.44939058008159,53.41884320768012,52.152619983656386,52.96379470825195,47226600
2025-11-05,52.39003438082039,52.49885114550797,51.183166798681434,51.88552474975586,54353600
2025-11-06,52.84508226875824,53.171532559074116,52.20207995315976,52.71648406982422,55296000
2025-11-07,52.57799171400305,53.0033642790733,52.14272465747936,52.6274528503418,40537700
2025-11-10,52.835194425757116,53.40895420105422,52.76594807682719,52.84508514404297,26094600
2025-11-11,53.171533410822256,53.39905765909189,52.70659042273401,53.052825927734375,22244300
2025-11-12,53.31002683651653,54.10141635739083,53.1913193517961,53.52766036987305,40536700
2025-11-13,53.21110325940819,53.62658133258406,52.202080229868905,52.301002502441406,37716100
2025-11-14,52.29110979969018,52.33068021667423,51.47004062866325,52.043800354003906,32363100
2025-11-17,52.01412826085764,52.01412826085764,50.83693279751551,50.92596435546875,35546800
2025-11-18,50.728113743949834,51.61842928336724,50.599515545533926,51.0842399597168,35189500
2025-11-19,51.113916172367645,51.92509465373092,51.113916172367645,51.46015167236328,28112300
2025-11-20,51.93498667548685,52.38014445886245,50.42145398565267,50.45112991333008,36661600
2025-11-21,50.738009397000766,51.22273382228192,50.15435892416224,51.005104064941406,43867200
2025-11-24,51.09413127586355,51.677781699068305,50.84682183846565,51.371116638183594,52852100
2025-11-25,51.68767503867215,52.310895909155526,51.301872900539536,51.915199279785156,41310100
2025-11-26,52.132832202345995,52.67691223122637,51.984445024631945,52.41971206665039,32045600
2025-11-28,52.538423411732744,53.35948887422843,52.47906778154971,53.07261276245117,18920800
2025-12-01,52.924222875472,53.319919509231696,52.63734300467835,52.667022705078125,30536500
2025-12-02,52.95389853051185,53.06271529291954,52.39992777446213,52.617557525634766,46073500
2025-12-03,52.67691362006307,53.656260716782555,52.6076672749422,53.50787353515625,37134400
2025-12-04,53.62657905410663,54.10141273483703,53.41884002634508,53.577117919921875,38529600
2025-12-05,53.62684048758677,54.521782783039725,53.43790991110381,53.646728515625,33986500
2025-12-08,53.597007751464844,53.90526268802375,53.18931267952138,53.597007751464844,34386600
2025-12-09,53.666615859599375,53.97487080712905,52.970550060147666,53.23903274536133,47189300
2025-12-10,53.28874997291621,54.24335253012895,53.04015531989705,53.775997161865234,54424400
2025-12-11,53.646728138618656,54.34279394205114,53.44785165288745,54.253299713134766,35686900
2025-12-12,54.47205925540681,54.989136589823374,54.04447614797107,54.83003616333008,40539400
2025-12-15,55.09851880606676,55.7548085390532,54.76042992584626,55.01897048950195,32881300
2025-12-16,54.83003505329456,55.03885364760446,54.38256392744954,54.50189208984375,32931900
2025-12-17,54.8101503264773,55.25762147926561,54.15386056680562,54.24335479736328,35304100
2025-12-18,54.49194812777897,54.83998292399107,53.467739353426225,53.95498275756836,87452700
2025-12-19,54.21352463427648,54.99908468078129,54.074312229732044,54.95930862426758,73001900
2025-12-22,55.05874458790202,55.79458645525413,55.02891444235176,55.565879821777344,33408800
2025-12-23,55.49627219203215,55.90396727482717,55.49627219203215,55.655372619628906,22274600
2025-12-24,55.8144715597509,56.18239057752821,55.575819028089235,55.93379592895508,13634400
2025-12-26,55.96362648527636,56.23210916290389,55.7150318348716,55.854244232177734,15259400
2025-12-29,55.79458640108404,55.9337988045214,54.95930818720638,55.038856506347656,21040100
2025-12-30,55.178072121550684,55.327226640838795,54.859867468578436,54.9692497253418,17427600
2025-12-31,55.00902344753849,55.108459789512295,54.621216403286034,54.69082260131836,16293000
2026-01-02,54.7206562660983,55.67526265943332,54.571501743540686,55.6354866027832,25503600
2026-01-05,55.85424425182346,57.226487784651276,55.82441410760546,56.57019805908203,36096600
2026-01-06,56.689524338341734,57.08727730982571,56.43098756215458,56.92817687988281,31791900
2026-01-07,56.37132150344318,56.49064966665969,55.12834825267112,55.32722473144531,49695500
2026-01-08,55.168127147722544,56.26194594067546,55.158185030235906,55.864192962646484,30933700
2026-01-09,55.85424593321147,56.29177495893085,55.47638478423094,55.53604507446289,30768800
2026-01-12,54.97919706952873,55.13829750353676,54.42234365387384,54.879756927490234,45860600
2026-01-13,54.95930580610407,55.20790045668718,53.99475734800054,54.2334098815918,43542200
2026-01-14,52.58274289760112,53.17936855695054,51.3695997579034,52.18498992919922,84750000
2026-01-15,52.42364284323547,52.74184370292782,51.936395643126495,52.29437255859375,51018300
2026-01-16,52.39380879962812,53.07993248398119,51.95628356674258,52.672237396240234,52178400
2026-01-20,52.025889603934104,53.17936866268901,51.6679126903113,51.807125091552734,49172700
2026-01-21,51.93639458554194,52.562854174852994,51.757406131453074,51.77729415893555,36340000
2026-01-22,52.17504702402713,52.83133675670185,52.03583462516482,52.15515899658203,31229200
2026-01-23,51.817071128221194,51.90656535684477,51.09117518194261,51.429264068603516,34553500
2026-01-26,51.508812695248196,51.986113986348734,51.37954241018342,51.727577209472656,27728400
2026-01-27,51.916507928573566,51.95628398458854,51.51875874818431,51.876731872558594,26494300
2026-01-28,51.65796926416924,51.84689983345942,51.021567564188295,51.51875686645508,35030200
2026-01-29,51.687801245813795,52.79156214300204,51.65797110045848,52.781620025634766,35200500
2026-01-30,52.57279698817722,53.10976235755474,52.47336064270142,52.900943756103516,34549100
2026-02-02,52.900944103723,53.78594048133467,52.652349445146534,53.72627639770508,34624500
2026-02-03,53.895322426600245,54.810148944113756,53.37824508455866,54.143917083740234,41208400
2026-02-04,54.47206178170184,55.72498101754092,54.402455578961174,55.06869125366211,54522500
2026-02-05,54.710712847492395,54.97919553361559,53.94504084482701,54.631160736083984,32959700
2026-02-06,55.23773244534418,56.55031194079071,54.97919566913648,56.212223052978516,42468000
2026-02-09,56.073011294380414,56.40115806863437,55.86419268890254,56.092899322509766,31968400
2026-02-10,56.122729169830706,56.5105400264118,53.96492933818589,55.07863235473633,48304700
2026-02-11,55.65537238566653,55.7945847850718,52.94071921750365,53.54728698730469,48973500
2026-02-12,53.606951457760495,53.63678160263365,51.49886983739844,52.22476577758789,55481600
2026-02-13,51.61819498829466,52.52307939787106,51.1508358142183,52.25459671020508,31772100
2026-02-17,52.74184386912185,53.248975305462835,52.32420286867622,52.44353103637695,35542400
2026-02-18,52.69212431068929,53.30863798792215,52.49324782966965,53.06004333496094,30698900
2026-02-19,51.618195720575166,52.513138025491195,51.53864740083459,52.47336196899414,47148600
2026-02-20,52.23470695355785,52.79156033842742,51.538644964037566,52.7617301940918,33552000
2026-02-23,52.54296767698131,52.960604886511184,50.60392856340556,50.78291702270508,50602500
2026-02-24,50.45477181971012,50.59398421675283,49.191910542853144,50.126625061035156,53062700
2026-02-25,50.047077589182564,51.478981431370656,50.02718956166216,51.39942932128906,41375000
2026-02-26,51.58836332356563,52.373919542207126,51.44915092515456,52.00600051879883,52418500
2026-02-27,50.79286188974006,51.12100486287794,49.04275338882664,49.549888610839844,77728700
2026-03-02,48.50578999118731,50.13657039238987,48.30691729309221,49.53000259399414,40595200
2026-03-03,48.48590112787358,50.226063759017634,48.227364348849434,49.68910217285156,51242900
2026-03-04,49.60954736054731,50.12662468370891,48.93336961435548,50.017242431640625,34208500
2026-03-05,49.539944711597464,50.14651630324676,49.05270129070951,49.53000259399414,39073900
2026-03-06,48.54999923706055,48.70000076293945,47.619998931884766,48.63999938964844,47016000
2026-03-09,47.939998626708984,48.150001525878906,46.77000045776367,47.900001525878906,62752800
2026-03-10,48.279998779296875,49.150001525878906,47.599998474121094,48.560001373291016,50271100
2026-03-11,48.36000061035156,48.650001525878906,47.779998779296875,48.52000045776367,42185800
2026-03-12,47.70000076293945,47.779998779296875,46.790000915527344,47.130001068115234,58354500
2026-03-13,47.52000045776367,47.81999969482422,46.65999984741211,46.720001220703125,45473100
2026-03-16,47.119998931884766,47.68000030517578,46.900001525878906,47.060001373291016,38055600
2026-03-17,47.65999984741211,48.08000183105469,47.20000076293945,47.279998779296875,33427800
2026-03-18,47.220001220703125,47.880001068115234,46.689998626708984,46.83000183105469,40251800
2026-03-19,46.41999816894531,47.189998626708984,46.119998931884766,47.0099983215332,38601400
2026-03-20,47.130001068115234,47.459999084472656,46.689998626708984,47.15999984741211,78060900
2026-03-23,48.34000015258789,48.38999938964844,47.47999954223633,47.52000045776367,42333200
2026-03-24,47.04999923706055,48.459999084472656,47.02000045776367,48.13999938964844,39804100
2026-03-25,48.52000045776367,49.11000061035156,48.18000030517578,48.75,29988300
2026-03-26,48.709999084472656,48.869998931884766,48.029998779296875,48.2400016784668,32502600
2026-03-27,48.06999969482422,48.25,46.84000015258789,46.970001220703125,36781900
2026-03-30,47.54999923706055,47.86000061035156,46.93000030517578,47.22999954223633,43375900
2026-03-31,47.68000030517578,48.77000045776367,47.369998931884766,48.75,49060600
2026-04-01,49.70000076293945,50.04999923706055,48.779998779296875,49.27000045776367,32947000
2026-04-02,48.75,49.56999969482422,48.15999984741211,49.380001068115234,27548200
2026-04-06,49.43000030517578,50.119998931884766,49.25,50.060001373291016,28507200
2026-04-07,49.79999923706055,50.47999954223633,49.619998931884766,50.279998779296875,28473200
2026-04-08,51.939998626708984,52.2599983215332,51.369998931884766,51.880001068115234,36473500
2026-04-09,51.630001068115234,52.84000015258789,51.630001068115234,52.709999084472656,32008000
2026-04-10,52.79999923706055,52.83000183105469,52.20000076293945,52.540000915527344,25225300
2026-04-13,52.18000030517578,53.439998626708984,51.849998474121094,53.349998474121094,27835300
2026-04-14,53.099998474121094,53.56999969482422,52.79999923706055,53.349998474121094,40178500
2026-04-15,54.25,55.400001525878906,53.709999084472656,54.31999969482422,63838200
2026-04-16,54.040000915527344,54.5099983215332,53.470001220703125,53.5099983215332,35206700
2026-04-17,54.15999984741211,54.599998474121094,53.75,53.90999984741211,43484700
2026-04-20,53.5,53.95000076293945,53.18000030517578,53.95000076293945,43999200
2026-04-21,54.0,54.650001525878906,53.209999084472656,53.47999954223633,34266300
2026-04-22,53.66999816894531,53.79999923706055,53.0,53.119998931884766,24097600
2026-04-23,53.060001373291016,53.52000045776367,52.25,52.470001220703125,31956300
2026-04-24,52.31999969482422,52.5099983215332,51.93000030517578,52.04999923706055,30265400
2026-04-27,51.9900016784668,52.93000030517578,51.83000183105469,52.630001068115234,28043700
2026-04-28,53.02000045776367,53.43000030517578,52.630001068115234,52.65999984741211,21164100
2026-04-29,52.43000030517578,53.02000045776367,51.83000183105469,52.880001068115234,26250700
2026-04-30,52.61000061035156,53.65999984741211,52.150001525878906,53.459999084472656,27089200
2026-05-01,53.689998626708984,54.060001373291016,53.09000015258789,53.2400016784668,24825000
2026-05-04,53.06999969482422,53.06999969482422,52.0,52.189998626708984,42929000
2026-05-05,52.56999969482422,53.36000061035156,52.279998779296875,53.119998931884766,28458600
2026-05-06,53.81999969482422,54.20000076293945,53.470001220703125,53.599998474121094,27541200
2026-05-07,53.54999923706055,54.0,52.5,52.75,28682100
2026-05-08,52.97999954223633,53.0099983215332,51.099998474121094,51.310001373291016,36111200
2026-05-11,51.209999084472656,51.38999938964844,50.27000045776367,50.54999923706055,33132200
2026-05-12,50.86000061035156,51.08000183105469,49.84000015258789,50.779998779296875,33518800
2026-05-13,50.36000061035156,50.779998779296875,49.79999923706055,49.84000015258789,29838000
2026-05-14,50.060001373291016,50.470001220703125,49.4900016784668,49.849998474121094,37619900
