Date,Open,High,Low,Close,Volume
2020-01-02,63.79073081576317,64.69031698537226,63.71112297895679,64.66643524169922,12728900
2020-01-03,63.5280277621296,64.10120785120229,63.249391213123026,63.44841384887695,12437400
2020-01-06,62.668239408383506,63.32899592072274,62.668239408383506,63.24938201904297,10059500
2020-01-07,63.12199628575669,63.12995888884282,62.67618769191841,62.700069427490234,10469100
2020-01-08,62.708034096240596,63.68722789758845,62.63638888022574,63.177730560302734,11292400
2020-01-09,64.46738261378364,64.46738261378364,63.47226993254503,63.75090026855469,12895900
2020-01-10,63.68723198442429,63.69519458905491,62.94686766965785,63.09016418457031,10062100
2020-01-13,63.28917637258386,64.26040747235554,62.891131238165094,64.20468139648438,16566300
2020-01-14,64.64253417690047,66.16306966515437,64.45943679713749,65.207763671875,24971800
2020-01-15,65.06448143140487,65.31923015704749,64.2683909045606,64.67439270019531,16063600
2020-01-16,65.2475604758559,65.3828943696205,64.36389975402616,64.48331451416016,10426000
2020-01-17,64.61069413454086,64.80175411321599,64.33205765993425,64.57884979248047,12413100
2020-01-21,64.06937715470598,64.41169637165183,63.58376138011557,63.607643127441406,10522000
2020-01-22,63.8464535357255,64.06936397017051,63.575785690146155,63.766845703125,8045600
2020-01-23,63.35288188863317,63.75092712883767,62.82745925619282,63.52802276611328,11618200
2020-01-24,63.38472117146206,63.42452204808891,61.80845947379235,62.42940902709961,15036100
2020-01-27,60.70985031219896,61.29895545621064,60.38345036128304,61.06808853149414,15859600
2020-01-28,61.46613519854433,62.19853686290568,61.123816105075186,61.49001693725586,10960200
2020-01-29,61.72883675741947,62.015429724231176,60.82925698995778,60.88498306274414,9478900
2020-01-30,60.29588265043789,61.72884773943132,60.10482266313459,61.64127731323242,12498200
2020-01-31,60.87197020305997,61.048272308282286,59.2291679154015,59.629852294921875,17101200
2020-02-03,59.862228902080325,61.07229713788345,59.862228902080325,60.206817626953125,11096500
2020-02-04,61.50504492466746,61.921753939553135,61.24860719690142,61.30470275878906,12173200
2020-02-05,62.44266157358812,63.292116742674345,62.35451050779653,63.18793487548828,13070400
2020-02-06,63.949241051923295,63.99732122974672,62.827323362353496,63.28410339355469,12826400
2020-02-07,62.610936993022456,63.348200874988756,62.55484142619485,63.05970764160156,8341700
2020-02-10,62.57087354852101,63.099773744948784,62.54683346422316,62.891422271728516,8418300
2020-02-11,63.107786593795936,63.74888401430028,63.01963554562763,63.3802490234375,9437200
2020-02-12,64.02935833018839,64.72654516423206,63.54853834816845,63.57257843017578,9484100
2020-02-13,63.2199811187309,63.532514446664045,63.00361424322274,63.30813217163086,8946200
2020-02-14,63.21997481775129,63.38024610852731,62.86737064129465,63.13983917236328,9056600
2020-02-18,62.99559387022859,63.19593604482823,62.11408952478175,62.17018508911133,10343500
2020-02-19,62.40258261366707,62.81929164581367,62.202240439490105,62.54682922363281,9145200
2020-02-20,62.23429518400756,63.05970395360828,61.95381125231514,62.68305969238281,11763400
2020-02-21,62.15415517112835,62.47470387781679,61.024228469650225,61.25662612915039,14020000
2020-02-24,58.804445705556276,59.34136749712868,58.05116312235376,58.12328338623047,21096200
2020-02-25,58.20340791414783,58.66820323895063,55.29444166249374,55.63903045654297,27451000
2020-02-26,56.11183703349028,56.58464777397317,54.621296787352875,54.63732147216797,25552100
2020-02-27,52.970468153681495,53.60355014011609,51.608143852819765,51.64820861816406,34656800
2020-02-28,49.684857070276394,51.64820784763166,49.15595387535583,50.854854583740234,46013200
2020-03-02,51.1673987276098,54.18054724944016,50.58239984677634,54.16451644897461,29006400
2020-03-03,54.380876042145054,54.83765591938496,51.66423685951443,52.129032135009766,29547700
2020-03-04,52.93040696708925,54.10841386235019,51.576091859353205,54.00423812866211,24188500
2020-03-05,51.92870436764669,52.18514215727134,50.49425032328069,50.878910064697266,27277600
2020-03-06,48.450749932527586,49.933283833080715,47.87376655841739,49.107872009277344,29916600
2020-03-09,43.52234336255465,44.56412225660257,40.86981136741194,41.166316986083984,35625600
2020-03-10,43.85890817198939,44.63623678191756,41.270487662152085,44.54007339477539,32527500
2020-03-11,43.23385221103765,43.53837324508027,40.08447222993448,40.7015266418457,36709000
2020-03-12,36.30200654905394,39.26707176295897,34.31461226339885,34.667213439941406,45941600
2020-03-13,38.321454658829815,41.06213746488705,36.310020374300024,40.90186309814453,40519800
2020-03-16,32.447417656731524,36.24590330756169,31.710156916528895,33.00837326049805,35133800
2020-03-17,33.65749193274456,35.24420189987926,31.09311098361573,32.255096435546875,51650000
2020-03-18,29.69872800840043,30.44400121637852,25.64380089186218,29.193864822387695,48351400
2020-03-19,28.424548450620975,33.04844616495428,27.406809846119774,31.766254425048828,43397100
2020-03-20,32.4233866211551,32.848114238657246,29.810925218407508,30.500102996826172,38163900
2020-03-23,30.0913976853671,30.572220797265974,27.743386867985436,28.360441207885742,33013300
2020-03-24,30.171533959902614,32.7920070214304,29.923108552656952,32.58365249633789,34100600
2020-03-25,33.90591225725334,35.821183043594274,31.59796944593607,33.54529571533203,38211100
2020-03-26,35.00378717954361,37.09536010227547,34.45885618599741,36.878990173339844,31528600
2020-03-27,35.36440586811814,36.46228026407112,34.45885827153974,35.099952697753906,25484500
2020-03-30,35.30029386366271,35.46858057243405,33.312899672086026,35.324337005615234,27459000
2020-03-31,34.963719181490404,35.44453920544001,33.3770094340817,33.7536506652832,26219100
2020-04-01,31.365565573449032,32.25508518186677,30.452005885986015,30.860702514648438,29219500
2020-04-02,30.740506483481276,31.782285272311547,29.891054487399753,31.43769645690918,29532100
2020-04-03,31.253379374933036,31.622008244141902,29.38618883210635,30.04331398010254,25327100
2020-04-06,31.894479144871653,33.128587889216384,31.66208144814839,32.95228576660156,30064700
2020-04-07,35.909335218979905,36.534401873248335,32.95228253952404,33.056461334228516,35220700
2020-04-08,34.3386485613539,35.6208403524756,33.63344628606499,35.46857833862305,32944800
2020-04-09,37.616248919301206,39.443371791510565,37.15946896549368,37.99289321899414,43637200
2020-04-13,38.065012394497224,38.12110795767817,36.2779606004983,37.40789031982422,27944300
2020-04-14,38.193225971191865,38.25733692422089,34.8835729170416,36.39815902709961,40466200
2020-04-15,34.75536499807333,35.47659816157585,34.14632603765522,34.3466682434082,32249000
2020-04-16,34.226462739798784,34.33064154591816,32.134889558905726,32.471466064453125,37756000
2020-04-17,34.57905953813902,36.55843808601929,34.17837520076535,36.42220687866211,41252900
2020-04-20,34.7794094497619,36.414199586895656,34.37070962274379,35.26824188232422,33471900
2020-04-21,33.937963338422776,34.54700526441656,32.912212377143554,33.312896728515625,35336200
2020-04-22,34.458850354688266,34.555013732282205,33.53727522706212,33.84981155395508,21888100
2020-04-23,34.178385095624314,35.05187732625959,33.8658486541293,34.026123046875,23970700
2020-04-24,34.45886198460207,34.73132752722463,33.441123135893704,34.538997650146484,26282100
2020-04-27,35.39645558514922,37.520083957343694,35.04385444198727,37.311729431152344,30929200
2020-04-28,39.21898631187508,39.73987723262452,37.60823643710739,37.832618713378906,28973300
2020-04-29,39.828029863278765,40.58933083260801,38.83433120890533,40.27679443359375,32941100
2020-04-30,39.3231597127793,39.88411838348088,38.49775097517683,38.91446304321289,28687000
2020-05-01,37.505287716044315,37.63486750731539,36.6225244225645,36.86548614501953,28078900
2020-05-04,36.468649406630064,36.73590948672166,35.61828176080203,36.54153823852539,26340200
2020-05-05,37.49718239965582,37.537675499932206,35.56968055012969,35.59397888183594,27342900
2020-05-06,36.03131061405128,36.460543024063895,34.5978326667676,34.78410339355469,25028000
2020-05-07,35.24572423518343,36.57391737914987,35.18093281868518,36.15278244018555,29849100
2020-05-08,36.70351875509499,37.594379631029426,36.65492516408114,37.51339340209961,22905200
2020-05-11,36.61441836765243,36.64681408288947,35.48059613918515,35.691162109375,34765200
2020-05-12,35.95032814344943,36.193289872744394,34.273888195060415,34.29818344116211,33328300
2020-05-13,34.01472679907613,34.176702306480706,32.58124865609825,32.88090133666992,35350600
2020-05-14,32.38687305736888,34.095705152995116,31.390724997625338,34.06331253051758,40976400
2020-05-15,33.67458156226868,34.379171478110365,33.2858391023982,33.94993591308594,28494900
2020-05-18,35.674969416651734,37.18133640958051,35.22144169537487,36.98696517944336,39383300
2020-05-19,36.66301791988387,37.084153018371985,35.80454986264741,35.982723236083984,27271600
2020-05-20,36.9059755216748,37.48098559425409,36.62252072235419,36.824989318847656,23841300
2020-05-21,36.58202071522311,37.08414500653097,36.2661702319514,36.44434356689453,21698300
2020-05-22,36.258083087383895,36.48484696722101,35.383417111853014,35.7154655456543,22631700
2020-05-26,37.41620686527787,39.60286888723155,37.23803346595955,39.01165771484375,34429300
2020-05-27,41.85431386184993,42.42932400789609,40.380342538207834,42.324039459228516,43660500
2020-05-28,42.91525164221007,42.931446413714355,39.77293767851995,39.81343078613281,37972800
2020-05-29,38.89016928992168,40.07258517948864,38.51762780516919,38.801082611083984,35873400
2020-06-01,38.98734994815438,40.23455716409492,38.728190408403805,40.04828643798828,22860100
2020-06-02,41.068726702095724,41.53845529835582,40.62329643664504,41.17401123046875,27651300
2020-06-03,42.56699515864789,43.53884186625042,42.453610159297284,43.19869613647461,33341800
2020-06-04,43.16630107400338,45.10190022404078,42.60748889975368,45.06950759887695,33083500
2020-06-05,49.863975428869104,50.59286375426799,47.2480810223783,47.66921615600586,44648500
2020-06-08,49.12697400743168,49.66959138491492,48.40618638804704,49.596702575683594,32587100
2020-06-09,47.78258950369699,48.754439399623415,46.68926030167079,48.18752670288086,30422900
2020-06-10,47.701604870017185,47.89597300194588,45.239585876464844,45.239585876464844,36743700
2020-06-11,41.84621029087598,43.344479839161416,39.035948121217395,39.189823150634766,62098600
2020-06-12,41.627552549106866,42.477920197350095,40.3317514327792,42.31594467163086,39040000
2020-06-15,40.461328928955254,42.923348129145865,40.28315864130434,42.90715026855469,36592100
2020-06-16,45.595918524826075,45.676907801469916,42.37261946060166,44.097652435302734,37638700
2020-06-17,44.30013864514839,44.38112486463797,42.82616720656905,42.9233512878418,23727300
2020-06-18,42.65608610925511,43.4497657947305,42.13776695178814,42.95574188232422,22280600
2020-06-19,43.78181431744739,43.80610956257432,41.75712817218037,42.85855484008789,50379300
2020-06-22,41.99198002311955,42.575090491126176,41.724723118233314,42.16205596923828,22642100
2020-06-23,42.88285446166992,43.51455556933599,42.518410326698735,42.88285446166992,22092600
2020-06-24,41.8462047455656,41.983884986842156,40.623295878378606,41.149715423583984,27207700
2020-06-25,40.73668259120502,42.75327125056495,40.59900542312449,42.6641845703125,28112400
2020-06-26,42.388832001457494,42.388832001457494,40.06449302145444,40.15357971191406,35426200
2020-06-29,40.720487629416525,41.238806799299724,40.17787321389066,40.72858810424805,22578600
2020-06-30,40.339854279937605,41.749034330864156,40.21027446962911,41.38459014892578,23360400
2020-07-01,41.919098714522185,42.113469935108476,40.615203490495105,40.77717590332031,19206900
2020-07-02,42.210662236514054,42.48601971723861,40.72049288602107,40.93915939331055,22042700
2020-07-06,42.008186879279016,42.5670022273151,41.45747200582581,42.089176177978516,22613100
2020-07-07,41.50605966028878,41.59514633142868,40.5666055554573,40.75287628173828,21235300
2020-07-08,40.655698390703314,41.36028830379856,40.4451293016421,41.20641326904297,19115300
2020-07-09,41.0849245969906,41.36838246757276,39.70813761117477,40.04828643798828,24263900
2020-07-10,40.04829362604162,42.672285209338746,40.04829362604162,42.639892578125,28027800
2020-07-13,43.19060685929438,43.40927024694909,42.00009040277514,42.275447845458984,27151800
2020-07-14,41.53845631092756,42.17825779132276,40.50181503817603,40.61520004272461,35814400
2020-07-15,42.03248411139271,42.2025570000631,41.04443631914911,41.983890533447266,27676300
2020-07-16,41.53035077451395,42.48600264180238,41.25499340445753,41.67612838745117,18824000
2020-07-17,41.48176459710393,41.69233056571861,40.65569240129172,40.67189025878906,19747400
2020-07-20,40.48562213552482,40.963448149438804,40.291250922481154,40.60710144042969,23472600
2020-07-21,41.22260044500017,41.96768326998363,41.036326649329226,41.89479446411133,21943200
2020-07-22,41.74092400748983,42.340229285887744,41.42507351084425,41.83810806274414,17873400
2020-07-23,41.668046596412196,42.299747762572295,41.40888698519645,42.17826843261719,17090400
2020-07-24,42.19446057960324,42.50221375730745,41.70853711116591,41.846214294433594,16258900
2020-07-27,41.67613311908137,41.67613311908137,40.98774116049745,41.538455963134766,13991400
2020-07-28,41.31978257659325,41.83810157683155,41.2792894839668,41.52225112915039,13121400
2020-07-29,41.44127456090043,42.59129789853794,41.29550000063387,42.53460693359375,16991000
2020-07-30,41.39267440667497,41.465563214503845,40.380331569843456,41.19830322265625,24154600
2020-07-31,41.11651017803553,41.157416486336224,40.388422828552926,40.911991119384766,22485800
2020-08-03,41.36192534792752,41.59916502573309,40.65019695237357,41.22285079956055,15856600
2020-08-04,41.09196040580041,41.16558737654223,40.78109062703358,41.018333435058594,16230800
2020-08-05,41.312842502483214,41.97548525815781,41.288301218436516,41.75460433959961,16412400
2020-08-06,41.517366804922275,41.95912869822163,41.378295350020444,41.63189697265625,11025000
2020-08-07,41.3292058334843,42.728115245536365,41.01015664695096,42.638126373291016,21499100
2020-08-10,42.77718911794025,43.52981744022139,42.744465333307545,43.243492126464844,16850400
2020-08-11,44.54424131451757,45.01872379827451,43.79979223772548,43.979766845703125,25256500
2020-08-12,44.945100739331295,45.010548326625845,43.15351516676484,43.64435958862305,19337900
2020-08-13,43.21896857109651,43.750716246227775,43.006267004473486,43.26805114746094,13815300
2020-08-14,42.90809363803589,43.64436028252918,42.834466661515286,43.3007698059082,13861300
2020-08-17,43.055342199450585,43.21077552121309,42.00820276220688,42.065467834472656,19788700
2020-08-18,42.14728353482506,42.15546292319439,41.13286773782125,41.18195343017578,17100800
2020-08-19,41.46010146011985,41.99185223063869,40.90380940258762,41.14105224609375,20837300
2020-08-20,40.51931250515346,40.92017120951799,40.27389027342821,40.560218811035156,15920900
2020-08-21,40.45386271501913,40.96925151838897,40.216619903230026,40.33115005493164,17416000
2020-08-24,40.8220011805978,41.82823447177848,40.45386628852856,41.77096939086914,19745100
2020-08-25,42.41724814383748,42.95717829092412,41.69734336153058,42.25363540649414,17244800
2020-08-26,42.26180573415659,42.36815648719853,41.57462177422265,41.59916305541992,14541600
2020-08-27,41.49282544998148,42.711757228259884,41.43556036620802,42.3109016418457,19393500
2020-08-28,42.597213440086435,42.8426355950284,42.15545168876369,42.76900863647461,16990300
2020-08-31,42.46632240544415,42.57267315265782,41.80367976302188,41.82004165649414,16280100
2020-09-01,41.62371014678451,42.188181495780064,41.34556416596516,41.885494232177734,16903400
2020-09-02,41.75460857790466,42.65449111903616,41.443738758670186,42.49905776977539,15348600
2020-09-03,42.89991084370057,43.88160281720599,41.91003948206408,42.13092041015625,25003200
2020-09-04,42.92445555176195,43.652542808352024,42.08183501554103,42.96535873413086,25124000
2020-09-08,42.47450905114564,42.613583609073075,41.44373455192,41.75460433959961,28128600
2020-09-09,41.88549077784505,42.20453991056125,41.41100521175578,42.04910659790039,19193900
2020-09-10,42.31089195092236,42.9489902357977,41.47645405185567,41.680973052978516,22324400
2020-09-11,41.63188918801846,42.286349396060416,41.558262219569215,41.72187805175781,21033200
2020-09-14,42.122739908938534,42.60540493444944,39.18584657487306,39.39036560058594,58798300
2020-09-15,39.36582336937121,39.586704303824675,36.5434600345275,36.65799331665039,84689700
2020-09-16,36.985218734135024,38.25323603078026,36.50255372332924,37.64786148071289,45484600
2020-09-17,37.18973657396773,37.492426960112724,36.82160172643495,37.24700164794922,28741600
2020-09-18,37.238816862548994,37.598769149785724,36.617077405571344,36.69888687133789,33201700
2020-09-21,35.51268369833696,36.12624077890305,35.23453769698516,35.93808364868164,33469700
2020-09-22,35.82355065559065,36.1016966349122,35.24271741429674,35.414512634277344,25799200
2020-09-23,35.676300252858155,35.95444625973676,34.18740195742345,34.23648452758789,28780200
2020-09-24,34.236483366567484,34.85004043851825,33.77836275010034,34.51462936401367,31259200
2020-09-25,34.228306801429255,34.46554963778597,33.96652267879871,34.37556076049805,26917200
2020-09-28,35.11182405473796,35.8971794677324,35.08728277082684,35.45541763305664,21204600
2020-09-29,35.259077470811164,35.414513921817274,34.37555693542336,34.70278549194336,20694300
2020-09-30,34.83368216663878,35.659937662369344,34.76823458007537,35.26726150512695,22533400
2020-10-01,35.447234263417464,35.70901833143767,34.85003604248962,35.5372200012207,21900500
2020-10-02,34.80095690467881,35.88899645931993,34.78459500872847,35.717201232910156,23899200
2020-10-05,36.208048757665665,37.00158361591546,36.16714557461123,36.73979949951172,24170600
2020-10-06,37.20609435558885,37.68057991121412,36.12623433603522,36.330753326416016,29505900
2020-10-07,36.82977955506909,37.328806382685016,36.49436854120278,36.682525634765625,22135800
2020-10-08,36.739803018202146,36.952501462883696,36.22441412435995,36.58436965942383,28630700
2020-10-09,36.82160138216261,37.29608698581577,36.55981729763413,36.75615692138672,25595600
2020-10-12,36.88705194842088,37.62332169617886,36.77252179226135,37.53333282470703,24070200
2020-10-13,37.72967498348103,37.72967498348103,35.62721931481173,35.73357009887695,49899100
2020-10-14,35.602675254823026,36.19169109522145,35.177275272392265,35.20181655883789,30260500
2020-10-15,34.800958851157006,35.70084133377,34.563716027676456,35.676300048828125,26408000
2020-10-16,35.733565122785876,35.897180970706486,35.24272069973678,35.332706451416016,25998000
2020-10-19,35.463590659862255,35.49631444634932,35.02183202513514,35.095458984375,22793600
2020-10-20,35.479967515578466,36.060804048179705,35.455426225719734,35.60268020629883,21255900
2020-10-21,35.55359793865219,35.77447893084741,35.09547717325203,35.185462951660156,19816300
2020-10-22,35.087275658464044,35.98716104158267,34.89911857162309,35.954437255859375,21341200
2020-10-23,36.16713562163681,36.46164345172247,35.72537387650832,35.954437255859375,18486500
2020-10-26,35.47178982078918,35.50451362264002,35.021848467837536,35.38998031616211,24928100
2020-10-27,35.210000370962696,35.210000370962696,34.252849594898926,34.26103210449219,24251700
2020-10-28,33.5165765246699,34.02378279820129,33.32841940901652,33.64746856689453,27485000
2020-10-29,33.64746399755296,34.48190182368511,33.30387048292819,34.0810432434082,23351000
2020-10-30,33.98165370196122,34.40404503747813,33.53442009176356,34.304656982421875,26962800
2020-11-02,34.66908365867462,35.33993584961474,34.12246183375796,34.95895767211914,24310800
2020-11-03,35.86170743940132,36.4580232266489,35.662937616578375,36.05219650268555,29985200
2020-11-04,35.223978199440225,35.95280818600172,34.70220509440774,34.85128402709961,25956400
2020-11-05,35.06662981696088,36.09361800010918,34.9341155184311,35.671226501464844,24945100
2020-11-06,36.03562962029465,36.11845300756324,35.19913394491152,35.3730583190918,17705200
2020-11-09,38.818435579521285,40.40032607927174,38.31322393164364,39.45616149902344,56895200
2020-11-10,40.01108041167067,40.375493989270176,39.2988147814344,39.46445846557617,33275800
2020-11-11,39.67150607566951,40.8227246033312,39.48929773567472,40.524566650390625,29719600
2020-11-12,39.72947288164116,40.093886328857195,39.51413522148536,39.9862174987793,28457400
2020-11-13,40.29265689356603,40.64050564148924,40.085603164738636,40.30093765258789,18632500
2020-11-16,41.7503194869655,42.255531160175394,41.29480185287759,41.74203872680664,26699400
2020-11-17,41.27824317891548,42.18099781827801,40.98008521958253,42.01535415649414,18970000
2020-11-18,42.31350579361098,43.60552237121217,42.247247075041365,42.28037643432617,25824000
2020-11-19,42.735895286686656,43.332211133278925,42.1975574001928,43.18313217163086,20262400
2020-11-20,42.92639221033009,43.15829143845842,42.396331866995304,42.777313232421875,15471100
2020-11-23,43.48956924027774,44.417172335949644,43.30736408455505,44.14385986328125,28923200
2020-11-24,45.12116086122338,47.324213027419944,45.12116086122338,47.257957458496094,32890900
2020-11-25,46.603666733651494,47.34077770949842,45.82514563230341,47.257957458496094,28250500
2020-11-27,47.20826046567984,47.40703347882477,46.479430296668255,46.9349479675293,14267100
2020-11-30,46.49599209092318,46.827279372466194,45.55182744573217,45.60980224609375,23359300
2020-12-01,46.835568015203535,46.99293092214599,45.88312244940275,45.941097259521484,23497900
2020-12-02,45.84998186083622,47.55610269995394,45.75887770740966,47.373897552490234,26796800
2020-12-03,47.52297631873456,47.580951114439095,46.54568239201609,46.86040496826172,18776100
2020-12-04,47.67205898177954,48.715608545156485,47.4650052211628,48.549964904785156,24696000
2020-12-07,48.16070301513688,48.54168115293905,47.44015369783646,48.14413833618164,21280900
2020-12-08,47.60579895681787,48.36775841788189,47.50641403907546,48.33462905883789,15511700
2020-12-09,48.997200917356636,49.32020427269026,48.284935487959615,48.82327651977539,27278200
2020-12-10,48.069601648862374,50.34719300739398,48.04475304929343,50.10700988769531,25866600
2020-12-11,49.527255441439905,49.53553936054303,48.18554805117305,48.80670928955078,20960000
2020-12-14,49.69290259163667,49.90823711273564,48.6410691076536,48.64935302734375,19688300
2020-12-15,48.649356669833836,49.57695670303352,48.50855845906636,49.419593811035156,16044400
2020-12-16,49.7508760269441,49.80885082562591,49.16284412066316,49.48584747314453,14988300
2020-12-17,49.69290765503981,49.93309080029277,49.336774897427496,49.734317779541016,18229900
2020-12-18,49.94136005755794,49.94136005755794,48.62449818165993,48.91437530517578,28712700
2020-12-21,49.982778732876085,51.200255909498864,49.53554499154039,50.71160888671875,31906100
2020-12-22,50.60394060736279,50.637069969132625,48.997204474203514,49.08002471923828,17851600
2020-12-23,49.69289866286008,50.77786142104605,49.51897427579353,50.338905334472656,16579100
2020-12-24,50.46313974483778,50.59565401725974,49.59351463460685,50.164981842041016,6824400
2020-12-28,50.20639275755059,51.29135555232533,50.09872708157723,50.6287841796875,14414600
2020-12-29,50.6453558129688,50.852409592810226,50.14842484571541,50.44658279418945,10800400
2020-12-30,50.446580562932546,50.74473849821904,50.24780755294495,50.40517044067383,10770700
2020-12-31,50.247807079727,51.22510112090007,50.131857474738624,51.06774139404297,12500700
2021-01-04,51.00977343034495,51.10915836803224,49.46929267893599,49.808860778808594,21286200
2021-01-05,49.98277230243279,51.349328270152284,49.70946300452253,51.10086441040039,20213100
2021-01-06,53.41158191941213,55.15911602055863,52.96434823445904,54.0410270690918,38106600
2021-01-07,55.548381198620454,56.401441659136786,54.67047529848197,54.67875289916992,24161000
2021-01-08,54.83611273765122,54.83611273765122,53.28734845960824,54.14041519165039,20747800
2021-01-11,53.48613079087407,55.17569029362604,53.279077023165925,55.026611328125,20454000
2021-01-12,55.89622276862412,56.10327649709457,54.860954126271885,55.21708679199219,20162800
2021-01-13,55.49039644551921,55.67260472843435,54.653897655216966,55.374446868896484,18541900
2021-01-14,55.921087105410656,57.502981158591716,55.6312130513352,57.15513229370117,29108900
2021-01-15,55.79684944693743,56.028748646830905,53.08029881149858,53.19625473022461,38295300
2021-01-19,53.999619153217886,54.0410324335523,52.103009075076905,52.74901580810547,27022400
2021-01-20,52.798705270639054,52.85668006681252,52.04502976099453,52.38459777832031,17448900
2021-01-21,52.351473193443034,52.45914203589087,51.1339992034165,51.24166488647461,19394600
2021-01-22,50.47143084133836,51.20854498950009,49.85026946975912,50.794437408447266,24740400
2021-01-25,50.24781259271969,50.330636004934,49.0054898440162,50.15671157836914,25754100
2021-01-26,50.6867659370591,50.719895300087316,49.76744664906077,50.44658279418945,18760900
2021-01-27,49.61007609732509,49.692896327448466,48.47541935642141,49.19596862792969,24657200
2021-01-28,49.81713521608502,50.57081076546371,49.38646302224154,49.97449493408203,19986200
2021-01-29,50.08308089486507,50.28354826746496,48.18700654040432,48.437591552734375,27078300
2021-02-01,48.99722376922613,49.00557511594883,47.94477883452443,48.805110931396484,16073000
2021-02-02,49.782381099240304,50.325311040596624,49.531799274891526,49.76567840576172,18693400
2021-02-03,49.62368760604128,51.077067507539205,49.54851272861343,51.035301208496094,18730600
2021-02-04,51.427877893846976,52.31327047892284,51.302585378092104,52.12950897216797,16612900
2021-02-05,52.61396602136605,52.689140887916274,51.845511475928134,52.27150344848633,13493800
2021-02-08,52.69748999677982,53.21535950751038,52.49702263238569,53.165245056152344,15055400
2021-02-09,53.20700654768798,53.349001737324315,52.221382007471504,52.7225456237793,12336900
2021-02-10,53.02325595049172,53.44924797947171,52.60561845574652,53.140193939208984,12680700
2021-02-11,53.12348335963583,53.349007969214846,51.72857577996525,52.78937530517578,12108300
2021-02-12,52.55550046595282,53.47430167386118,52.5304432360546,53.1485481262207,12174600
2021-02-16,54.22604306873005,54.35133557384561,53.32394786538861,53.55782699584961,19065400
2021-02-17,53.290529583254404,54.217688272250854,52.99818468886121,54.0923957824707,20279600
2021-02-18,53.70817893325611,53.91699765947772,52.69749387673961,53.023250579833984,14833200
2021-02-19,53.59123673824952,55.119784850672886,53.49935599613254,54.94437789916992,20456200
2021-02-22,54.62697446929194,55.87988669852964,54.535093729336545,54.727203369140625,23120700
2021-02-23,54.78567515706089,55.89659225330663,54.17592807628702,55.74624252319336,26712100
2021-02-24,56.10542591129631,57.36669307356558,55.963430676328045,57.299869537353516,20752900
2021-02-25,57.6673733240691,57.9513636990105,55.87153121810105,56.305877685546875,25206100
2021-02-26,55.77966087936697,56.464586092523156,54.743921712003484,55.02791213989258,24182200
2021-03-01,57.20798070820768,58.46089315876719,56.781995063319876,58.08502197265625,28054600
2021-03-02,57.792668049148475,58.460884095601614,57.5086712906089,57.55879211425781,19200600
2021-03-03,58.0432536121996,59.71380348690212,57.884555707499445,58.78664779663086,25157600
2021-03-04,58.619577915827804,59.956016143401165,56.70679811372837,58.310523986816406,28518400
2021-03-05,59.17086969580827,59.53003815066468,57.16621507326625,58.66135787963867,25406800
2021-03-08,59.3629838181261,60.841417510706236,59.18757686291431,60.323551177978516,27351100
2021-03-09,59.22934831515037,60.54907786067361,58.50265683226755,59.296165466308594,24194900
2021-03-10,59.54674884779931,61.710107796718916,59.471570792442215,61.601524353027344,21331100
2021-03-11,61.37600656006836,62.04422270116575,60.59920059621904,61.234004974365234,17499200
2021-03-12,62.16115639507435,62.85443609001955,61.89386868255402,62.79596710205078,17210600
2021-03-15,63.07161947859348,63.13843663797458,61.208953352445725,61.99411392211914,18918100
2021-03-16,61.409403605644634,61.501284348114496,60.4070763438806,61.25070571899414,15834800
2021-03-17,61.75186903263412,62.09432840246499,60.75788993609827,61.476226806640625,19337500
2021-03-18,62.16950075633376,63.58946530189562,61.35092868606258,61.67668533325195,23857900
2021-03-19,61.142103922428,61.459512378775074,59.738842207521124,60.98340606689453,24079400
2021-03-22,60.38201887424499,60.64095203508214,59.83908895438276,60.10637664794922,15040000
2021-03-23,59.55510010007593,60.6743653542286,58.8952321955931,59.22934341430664,16238700
2021-03-24,59.88085719223271,60.54072510119379,58.519355081947346,58.53606414794922,17089600
2021-03-25,58.32725646492481,60.07297820650275,57.7592691936059,59.90592575073242,18357300
2021-03-26,60.61590811639611,61.17554085193048,60.139801608567325,60.99177932739258,15716600
2021-03-29,59.763925162504925,60.2650888574813,58.77830046757312,59.78898239135742,17822300
2021-03-30,60.13979485335845,61.15883128577419,60.13979485335845,60.94165802001953,15615900
2021-03-31,60.73284647393495,61.66835679871885,60.52402771709733,60.766258239746094,15224800
2021-04-01,60.32354775868747,61.21729154990201,60.32354775868747,61.09199905395508,15251300
2021-04-05,61.868821020942995,62.09434247436482,60.50732502051312,60.766258239746094,16128400
2021-04-06,60.440492685635895,61.03353710395972,60.181559504116954,60.64095687866211,12908400
2021-04-07,60.908250425092994,61.07530924581099,60.09803266937735,60.71614074707031,14081400
2021-04-08,60.26507844184896,60.582480573527455,59.371334655603754,60.415428161621094,13677100
2021-04-09,60.816368759767634,60.98342757799391,60.148152604789495,60.4906120300293,14586400
2021-04-12,60.65767175297962,60.80802150530461,60.256736955898845,60.71614074707031,12002400
2021-04-13,60.39037381027193,60.4906027131279,59.36298294750899,60.189903259277344,16150000
2021-04-14,59.92261450558371,61.21729304083174,59.621915057044056,60.8998908996582,19476600
2021-04-15,62.18621106210281,62.42009337699035,59.939326011831874,60.59083938598633,31333400
2021-04-16,61.24235845491468,61.4511771902864,59.880862594442156,60.51566696166992,28478400
2021-04-19,60.73283205454276,60.83306732817801,60.09802140013532,60.24837112426758,19964800
2021-04-20,59.76391634968976,59.76391634968976,57.85948439338054,58.29383087158203,22013000
2021-04-21,57.74255502052663,59.062290971444774,57.14116240932545,59.012176513671875,16334800
2021-04-22,58.82839658803114,59.09568423354582,58.19358604019374,58.310523986816406,16037600
2021-04-23,58.33559739684339,59.755568585473064,58.059961516248485,59.62192153930664,18876100
2021-04-26,59.914272759637974,60.81636482918811,59.81403747518045,60.306846618652344,13098600
2021-04-27,60.55743003644319,61.058593700147476,60.44049206066691,60.966712951660156,13357500
2021-04-28,61.284116556649714,61.50963795673384,60.74954117538837,60.8998908996582,14420400
2021-04-29,61.609868195535675,61.827035045234794,60.87482232689036,61.67668533325195,20628400
2021-04-30,61.138402802595046,61.18045315571199,59.79266316360961,59.918827056884766,23669300
2021-05-03,60.574862845037885,60.92812297853452,60.044982270234804,60.31412887573242,16026100
2021-05-04,59.91881699200306,60.894477424684425,59.40575528463804,60.835601806640625,23071400
2021-05-05,61.071119917160864,62.080418318349395,60.373018540908056,61.99631118774414,19427200
2021-05-06,61.93744661854959,63.03085876262302,61.75240704798666,62.89628219604492,19621800
2021-05-07,61.76080762605561,63.173829214349986,61.584180729639144,63.148597717285156,16937400
2021-05-10,63.38409546840061,64.62889628750087,63.17382445275888,63.190643310546875,19628200
2021-05-11,62.66075478625518,63.56071436341959,62.164518331847766,62.97195816040039,21534800
2021-05-12,63.8719307628394,64.2588286918601,62.15611837090239,62.433677673339844,19791300
2021-05-13,62.13928287977901,63.821450860014124,62.07200103746042,63.32521438598633,18622300
2021-05-14,63.65322771388964,64.57000605457779,63.636408859905934,64.39337921142578,14122700
2021-05-17,64.19995866586868,65.15879414259952,64.00650647598363,65.11673736572266,14676300
2021-05-18,65.08307447463895,65.3438148656122,64.40179852088588,64.44385528564453,13729600
2021-05-19,63.60277293184792,64.46908840527153,62.84579606581125,64.30928039550781,23283600
2021-05-20,64.06538281922886,64.46069342515882,63.38410666166809,64.09061431884766,15244300
2021-05-21,64.34295522945612,65.444773716558,64.26726071521152,65.3102035522461,18544500
2021-05-24,65.461584616484,65.90735821434266,65.15879379209639,65.62979888916016,16750200
2021-05-25,65.77278120661383,66.68115367347873,64.92329079343683,64.99898529052734,20015800
2021-05-26,64.94009456689066,65.52044457760992,64.49432107568495,65.2008285522461,15243400
2021-05-27,66.04191724981605,66.53816017964749,65.56249959460243,66.24378204345703,17467000
2021-05-28,66.15968609047599,66.42042013841063,65.52887294201743,66.20173645019531,14392800
2021-06-01,66.85778068860587,67.36242992089085,66.73161677629383,67.08487701416016,15450500
2021-06-02,67.37084186691868,67.53064991533512,66.76526022761752,67.16898345947266,15285600
2021-06-03,67.04281317074572,67.53064349121632,66.79889801051041,66.97552490234375,22255800
2021-06-04,67.02599349610533,67.17738888968535,66.28583538661977,66.85777282714844,13807000
2021-06-07,66.96710022724548,66.99233171670251,66.46244477026217,66.70635986328125,12670100
2021-06-08,65.85688725584083,66.79889733610804,65.36064430258944,66.51293182373047,15399100
2021-06-09,66.16807880505038,66.26059856129488,65.40269567798268,65.72230529785156,13778400
2021-06-10,66.47928382722286,66.68955483891689,64.62048885388299,64.67095184326172,15277400
2021-06-11,64.76347172151274,64.92327974412355,64.00649479462213,64.32611083984375,18043500
2021-06-14,64.43545067400464,64.57002078746109,62.803745535970876,63.21588134765625,18304400
2021-06-15,63.12337308075662,63.36728185686756,61.60941892269683,62.088836669921875,25191700
2021-06-16,61.1888541414769,61.3991251179081,59.0020372699847,60.10385513305664,53319800
2021-06-17,61.045887186904295,61.071118683880066,57.32829690334618,57.91705322265625,48523000
2021-06-18,57.597441423256846,57.824531304553105,56.461972765888454,56.86569595336914,44582900
2021-06-21,57.56380218312227,58.11050175563466,57.09279068819315,57.572208404541016,30266600
2021-06-22,57.950708108747,58.37966288780355,57.00027876658319,58.00117111206055,21564600
2021-06-23,58.337597277135536,58.917947395255204,58.10209474136605,58.581512451171875,19672700
2021-06-24,59.15343932311765,60.28048880417728,58.83382329592153,59.98611068725586,23900400
2021-06-25,60.095463320492485,60.43189828275022,58.75814252714605,60.1795768737793,26727400
2021-06-28,59.98611178328671,60.280489905586826,59.26277901594252,60.14591979980469,17660900
2021-06-29,58.99364463132936,60.221626779902884,58.522639537893795,58.606746673583984,28696900
2021-06-30,58.606738900257334,59.55716159972675,58.38805524289753,59.50669860839844,18502300
2021-07-01,59.78426320734461,59.89360183725973,59.25437608345994,59.72538757324219,12584800
2021-07-02,59.72537896415391,59.8178987211162,58.968402051263375,59.22072982788086,13222700
2021-07-06,58.96841891613702,59.03570719807428,57.07597930115691,57.370357513427734,24672200
2021-07-07,56.94980619662482,57.5049248076781,56.57132090142501,57.13484573364258,19342700
2021-07-08,55.8479937969139,56.47039432636906,55.301287767530425,56.125553131103516,24763600
2021-07-09,57.28624286919379,57.63108403928679,56.890932285773765,57.572208404541016,18872600
2021-07-12,56.916169262113854,58.531049470826346,56.604972198631984,58.40489196777344,19600600
2021-07-13,58.10208988727322,58.438524803249365,57.2105363973921,57.504920959472656,18962400
2021-07-14,58.867473214940304,59.53193041102571,56.73111887254174,57.336700439453125,36287800
2021-07-15,56.806825152845924,58.0684513976522,56.72271801991809,57.572208404541016,18897200
2021-07-16,57.79088424541208,57.8329410146532,55.864801002878096,56.268524169921875,19289000
2021-07-19,55.05737214392645,55.57043403029783,54.132180787457244,54.737762451171875,33318600
2021-07-20,54.82186258506748,56.16759587862224,54.485427657438166,55.75546646118164,20577900
2021-07-21,56.361040861519676,57.40398322892971,56.29375260118053,57.101192474365234,23393200
2021-07-22,56.983466396524015,57.01711054155402,55.85641641435936,56.29377746582031,16524900
2021-07-23,56.77317607318455,56.99185973332702,55.94891084154747,56.10871887207031,13443300
2021-07-26,55.89845264455491,57.05914647817584,55.89845264455491,57.00027084350586,16434000
2021-07-27,56.41992576014283,57.5301565704067,56.16759795087083,57.176902770996094,17127700
2021-07-28,57.46286392564365,57.70677907818605,56.76476260115633,57.27782440185547,20275900
2021-07-29,57.79090429339438,58.52264998008693,57.5385828413021,57.8750114440918,22261700
2021-07-30,57.55299161819218,58.06140899279406,56.97678353634268,57.29878616333008,18078200
2021-08-02,57.57842452483519,58.56984606389198,57.31574355600499,57.39200973510742,16616700
2021-08-03,57.832632975267934,58.54441612412944,56.68021662150087,58.36647033691406,21041500
2021-08-04,57.72246459764861,58.67998403138251,57.561463294722365,58.061405181884766,14416300
2021-08-05,58.32410711155905,59.12062544138053,58.27326083931765,59.05284118652344,14361600
2021-08-06,59.97646199032282,60.58656550249069,59.80699166577773,60.222198486328125,23915400
2021-08-09,60.11204526807624,61.010249652532906,59.705307425846065,60.603511810302734,15619800
2021-08-10,60.68825516263601,62.145716848539344,60.48488300330906,61.84067153930664,17920100
2021-08-11,62.111818268823,62.99307162898269,61.79829108740609,62.95918273925781,18676100
2021-08-12,62.98461275604685,63.24729371531449,62.39145365253814,62.81513595581055,14181400
2021-08-13,62.87444515170522,63.23034316541453,61.78981959438493,61.95082092285156,13362800
2021-08-16,61.35767721338899,61.42546147186397,60.15441450092943,61.09498977661133,15532800
2021-08-17,60.45098779026745,61.31530330730943,59.89173051295695,60.688255310058594,14623000
2021-08-18,60.33234875966821,61.230559510087986,60.061192383002115,60.264564514160156,13970600
2021-08-19,59.773086797213146,59.94255709479329,58.8325117764252,59.179927825927734,21047300
2021-08-20,59.06977002471363,59.56971836955539,58.64608783564105,59.527347564697266,14028800
2021-08-23,59.95952418358915,60.383206506747875,59.79004737539814,60.069679260253906,13079500
2021-08-24,60.281529347959726,61.17126494429142,60.1883187058724,61.044158935546875,12669300
2021-08-25,61.688150846000475,62.62025069431654,61.0441518836689,62.01014709472656,17766600
2021-08-26,62.25587156890994,62.620238566716274,61.24750573349464,61.383087158203125,14135600
2021-08-27,61.50172025069578,62.17113901728181,61.26445921238751,61.84913635253906,13669400
2021-08-30,61.85761395922686,61.86608941514072,60.349306050492046,60.73061752319336,12687400
2021-08-31,60.79840904162248,61.433932481081946,60.442517467096074,60.933990478515625,17285900
2021-09-01,61.31530304393117,61.31530304393117,60.340832459831134,60.425567626953125,15114800
2021-09-02,60.46794020933412,60.984833148220176,60.095097705251305,60.586570739746094,13533400
2021-09-03,60.688248449893415,60.781459063055166,59.866303841946014,60.30693054199219,13683300
2021-09-07,60.46793453380796,61.24750836473837,59.91714628580423,60.01035690307617,14663600
2021-09-08,60.05271738526854,60.349293632440805,59.21382197413901,59.349403381347656,14861800
2021-09-09,59.290088811940755,60.24760826804414,59.23924901609307,59.70529556274414,14212900
2021-09-10,60.10355746463338,60.154397260138275,58.90877055124956,58.951141357421875,15422800
2021-09-13,59.417212413866665,59.87479010703261,59.112160618422706,59.75615310668945,16337300
2021-09-14,60.02729949431348,60.48487711090386,58.06141406648716,58.28173065185547,26568900
2021-09-15,58.31562511570006,60.05272494107743,58.146154800243885,59.69682693481445,22392100
2021-09-16,60.188305732674365,60.31541171402205,59.307045784176864,59.315521240234375,19245400
2021-09-17,59.12061109216382,59.806980649363005,59.02740695624712,59.281612396240234,30768300
2021-09-20,57.66315704456694,57.76483664745691,55.90063732585555,57.02763366699219,36955400
2021-09-21,57.324215667101,57.40047537687378,56.36668954520666,56.72258758544922,21169900
2021-09-22,57.52758140181491,58.61220704082254,57.44284623593221,57.82415771484375,21160200
2021-09-23,58.64609816437671,60.4933530926663,58.46815238941172,60.061195373535156,21451500
2021-09-24,59.9171482299977,60.654357736466324,59.9171482299977,60.31541061401367,15788400
2021-09-27,60.883137756167045,61.52713658341499,60.79840259952659,61.230560302734375,19857500
2021-09-28,61.40850961875858,62.09487283153945,60.36624838372242,60.476409912109375,20835000
2021-09-29,60.74757332835274,60.85772840459154,60.14594520757931,60.61199188232422,13683900
2021-09-30,60.69670861001936,60.75602385841319,59.27313618369021,59.46803283691406,22090900
2021-10-01,59.68836263964738,60.73909290085982,59.391779866952156,60.31541061401367,23701900
2021-10-04,60.23066173872773,61.84065535522031,60.035765086598126,60.408607482910156,18957200
2021-10-05,60.80687516999844,61.79829003190331,60.44250819533967,61.45934295654297,15587200
2021-10-06,60.94244482301316,61.52712831555671,60.17981558597313,61.366127014160156,15997200
2021-10-07,61.866088067237364,62.154188913245164,61.05261886895364,61.17124938964844,15349900
2021-10-08,60.883133879968135,61.69660296870649,60.59503307275727,61.30681610107422,11960700
2021-10-11,61.603387337734986,62.467702618618574,60.67976327420726,60.739078521728516,14985500
2021-10-12,60.620451693094715,60.95939875580636,59.68835211929582,59.85782241821289,17593400
2021-10-13,59.78156793166997,59.806987832234505,58.24783379386967,59.535831451416016,23451900
2021-10-14,60.22219759907529,60.39166792112356,59.078256763053425,59.993412017822266,24707900
2021-10-15,60.857719089661025,62.04403070131612,60.59503815928588,61.2559814453125,21884500
2021-10-18,61.06956982912848,61.476307704091695,60.50183706740998,60.67978286743164,15026100
2021-10-19,61.22208392291207,61.433925043752595,60.38319489454941,60.80687713623047,15173900
2021-10-20,60.63739903566354,61.247502484733566,60.00187568702857,60.85771560668945,14350400
2021-10-21,60.383207978993,60.86620558057508,59.324002145270946,59.747684478759766,18519000
2021-10-22,59.967986013138514,60.91703663102191,59.89172630721994,60.476409912109375,14625100
2021-10-25,60.65435657853709,60.883142164519754,59.91714708614226,60.01883316040039,15103000
2021-10-26,60.16287876865355,60.67977162456039,59.83240713486104,59.866302490234375,18647900
2021-10-27,59.74766661149542,59.91713690825989,58.7308254362763,59.578189849853516,25475900
2021-10-28,59.97646021377254,60.434037834344636,59.55277795008115,60.061195373535156,16367800
2021-10-29,60.15508102342869,60.266034413606306,58.866285669795126,59.0284538269043,22403000
2021-11-01,59.685654372264615,59.685654372264615,58.917497933344315,59.412532806396484,19106600
2021-11-02,59.34424418355107,59.42959344243804,58.49927545062731,58.55048370361328,25539000
2021-11-03,58.2944325606585,59.386918639479056,58.115190662096076,58.891883850097656,21755600
2021-11-04,58.67852203881562,58.69558928915561,56.77520129515801,57.18488693237305,32148900
2021-11-05,57.88475326702965,58.029847665577655,57.1422010028871,57.17634201049805,20902600
2021-11-08,57.944497572437264,58.908956604639314,57.50067750331481,58.42245864868164,25122000
2021-11-09,57.85061839563034,58.2517671379446,57.56042956775402,58.02985382080078,18513000
2021-11-10,58.140808465098395,58.41393001846766,57.79086801548669,58.217620849609375,19290200
2021-11-11,58.26030200178416,59.045525697747,58.18348310123788,58.780941009521484,20296200
2021-11-12,58.891889797395244,59.036984194950115,58.294438447621445,59.0284538269043,13867400
2021-11-15,59.25890010318653,59.46373964476199,58.49928056276803,58.669979095458984,12965100
2021-11-16,58.70412163347482,58.70412163347482,57.4409368305023,57.81647491455078,19042800
2021-11-17,57.748198287031414,57.77380241593238,56.98857222982317,57.056854248046875,16468300
2021-11-18,56.9373592662126,57.31290382367295,56.502069575677304,57.27876281738281,14994700
2021-11-19,56.43379337838456,56.68984115480401,55.67417390506406,56.621559143066406,19766900
2021-11-22,58.004248363386445,58.132275524645706,57.014185107227455,57.219024658203125,24020500
2021-11-23,57.6713802345974,58.35418740338739,57.27876839164928,58.0981330871582,18142200
2021-11-24,58.0383914587067,58.08959972035715,57.381194891174665,57.423866271972656,14975500
2021-11-26,55.486416529682785,56.10947214685139,54.46220886962353,55.904632568359375,24542000
2021-11-29,56.322836435782186,56.57889073736397,55.016973823524154,55.51200866699219,24340700
2021-11-30,54.89748159741166,55.315697530817886,54.07811697795551,54.368309020996094,35574000
2021-12-01,55.18767648308862,55.55467764821567,53.34410121931806,53.36117172241211,27379200
2021-12-02,54.061051441887265,54.85480875150861,53.56601657056582,54.46220016479492,24890700
2021-12-03,54.402459489600616,54.72679259549584,53.28436575309132,53.56602096557617,25458700
2021-12-06,53.71964251979046,54.257351971723544,53.0368386753563,53.36117172241211,25105500
2021-12-07,53.728183360976345,54.06958368043417,53.19047386939467,53.685508728027344,28301200
2021-12-08,53.7879314212695,53.90742170236648,53.216080889906294,53.309967041015625,20697200
2021-12-09,52.80639922039245,53.34410874821696,51.93582297491763,53.03684616088867,29960500
2021-12-10,52.64422764633905,53.139259219887585,51.38103970158431,51.81632614135742,39726500
2021-12-13,51.62856347554475,51.95289331145557,51.02257192767769,51.363975524902344,20489500
2021-12-14,51.5944268650887,52.336976008137725,51.53468171885868,51.756591796875,19571100
2021-12-15,52.01263925626909,52.07238439832666,50.81773315925158,51.41518783569336,33861300
2021-12-16,52.149196505605055,52.8405372885914,51.910215953599526,52.123592376708984,25688300
2021-12-17,51.4407887176792,51.63709463716617,50.32269508317596,50.81772994995117,47383500
2021-12-20,50.01543879643243,50.126395462560325,49.15339936724282,49.74231719970703,31619600
2021-12-21,50.134935815356755,51.09086147008644,50.05812015746718,50.68117904663086,23175100
2021-12-22,50.62142047122883,51.15912667798255,50.44218181311197,50.868934631347656,14760600
2021-12-23,51.20181072432461,51.876077783796724,51.167669713350676,51.38957977294922,15223300
2021-12-27,51.551737439271186,52.012627970011195,51.2103339108527,51.765113830566406,14035400
2021-12-28,51.58588591775557,52.34550876370192,51.474932515425785,51.73951721191406,12697900
2021-12-29,51.90168105285418,52.04677545418475,51.44078720886457,51.671234130859375,13284000
2021-12-30,51.73951170349765,52.12358989800323,51.543205794276055,51.57734680175781,11380500
2021-12-31,51.57735008558318,51.8590052755759,51.312762144552295,51.543209075927734,12307200
2022-01-03,52.21747570826696,54.29149468952975,52.15773057348702,53.856204986572266,30508500
2022-01-04,54.67557095618051,55.24742470211104,54.23175087440564,54.2744255065918,30303600
2022-01-05,54.70971197929491,54.974303164172596,53.58308475876937,53.64282989501953,25149100
2022-01-06,54.812137179370254,55.74245526815614,54.206145656989115,55.401058197021484,33334200
2022-01-07,55.631498377593104,56.800803459166175,55.631498377593104,56.14360046386719,26548200
2022-01-10,56.723983235801896,57.16780980877745,55.66563808073363,56.35697555541992,28693700
2022-01-11,56.65570084811734,57.423857210317536,56.47646544889248,57.27876281738281,23453000
2022-01-12,57.8506191503455,58.59317150293783,57.11660367860564,57.423866271972656,27976200
2022-01-13,57.637243826460065,58.41393720575936,57.20195405881175,57.85062026977539,29222000
2022-01-14,55.78512617682645,57.25315684122677,55.5461456522461,57.12512969970703,35994400
2022-01-18,56.92029726887036,57.0483179146022,55.56321981852732,55.733924865722656,26353600
2022-01-19,56.04118370796619,56.04118370796619,54.5987570859218,54.829200744628906,22817100
2022-01-20,54.871880999911944,55.86194420353722,54.36831251800649,55.01697540283203,22794100
2022-01-21,54.61583361448115,55.00844221673963,53.55748506663903,54.00130844116211,28637900
2022-01-24,52.499127291791154,53.60015028185501,51.2359394120988,53.514801025390625,38601700
2022-01-25,52.89175599479536,55.016983634682205,52.17481098541836,54.718257904052734,34371100
2022-01-26,55.221817958546254,56.14360570696157,54.51340989784866,55.264495849609375,31803400
2022-01-27,55.66564265134508,56.20334889672555,54.539015390739564,54.75239181518555,24674000
2022-01-28,54.300029482099916,55.230350786952265,53.62576248137622,55.21328353881836,20953500
2022-01-31,54.63290742980024,55.69125278589462,54.28296693034161,55.580299377441406,23067400
2022-02-01,55.85341539429712,56.92029752507614,55.51201181010149,56.8093376159668,26868400
2022-02-02,56.63009594910206,57.01417738083023,55.97289949423938,56.527679443359375,18194200
2022-02-03,56.553296764140946,56.65571329377824,55.503481753230766,55.699790954589844,18219100
2022-02-04,55.949252869077945,57.34282516368534,55.777203260657686,56.84389114379883,23267900
2022-02-07,56.852482011175674,57.454645725247715,56.344950492863944,57.084747314453125,20081600
2022-02-08,57.686911041476044,58.46972199009937,57.291206788102805,57.738529205322266,23191000
2022-02-09,57.987991592908806,58.65896860224207,57.755726281665176,58.35788345336914,20902700
2022-02-10,58.45250304597516,58.96864521181021,57.82454014084026,58.06540298461914,22522300
2022-02-11,57.85035333526104,59.45037850273523,57.29120362610783,57.76433181762695,27226700
2022-02-14,57.52346547073018,57.8245440457859,56.62022318254231,57.17076873779297,24544000
2022-02-15,57.77293936942301,58.04821218001315,57.230991306401954,57.63529968261719,15487600
2022-02-16,57.23958357304936,58.00518612403846,57.144957948723054,57.5922737121582,13067400
2022-02-17,57.058943110688354,57.32561177602784,55.23525680324892,55.66537094116211,23150000
2022-02-18,55.14924683922582,55.88904383642792,54.79655330352611,55.175052642822266,18114800
2022-02-22,54.25460820170073,55.364303692273474,54.25460820170073,54.95999526977539,19057000
2022-02-23,55.41590396592479,55.708384992541625,54.228791307708114,54.38363265991211,17563500
2022-02-24,52.03521394960845,52.525543842952594,50.21152749844038,52.1900520324707,46453500
2022-02-25,52.74058902262683,54.09974779233408,52.482517952591174,53.31694030761719,30518900
2022-02-28,51.553477240922476,51.97498722906378,50.237329120691136,50.951316833496094,48212900
2022-03-01,50.22873719756119,51.02874989512267,49.82442878783348,50.40078353881836,51389000
2022-03-02,49.00720753568344,51.493266809542654,48.11256931183823,51.235198974609375,60206500
2022-03-03,50.538411724745686,50.744867956932666,49.02441138757962,49.56635284423828,54027300
2022-03-04,48.09536145101048,48.74053264018421,47.47599605932039,48.68031692504883,54263000
2022-03-07,47.338367335545534,48.40505198490151,46.51254886724401,47.78568649291992,49710700
2022-03-08,48.654509539716116,49.282475749570175,47.106096111023646,47.200721740722656,43858100
2022-03-09,48.94698581661536,49.27387016942057,48.00933694881063,48.12976837158203,32757100
2022-03-10,47.329755304352354,47.63083385759163,46.4093114055807,47.20932388305664,31942500
2022-03-11,47.63084130308605,47.90611410379458,46.51254514001881,46.5899658203125,20550900
2022-03-14,47.05448532432105,47.544815157975194,46.30608767529793,46.650177001953125,25046000
2022-03-15,46.848023555065126,47.845888062758966,46.75339793495029,47.40717315673828,20747100
2022-03-16,48.18999248164236,49.49753996527636,48.14698172051514,48.86096954345703,31659800
2022-03-17,47.92332351097322,49.2910868020734,47.338367934810194,49.28248596191406,21432300
2022-03-18,48.98139771840038,49.57495733948076,48.80075056481527,49.33409118652344,30900500
2022-03-21,49.74700412885669,49.74700412885669,48.81795599039028,49.01580810546875,21661200
2022-03-22,49.73840376500333,50.1083022242007,49.299688743042466,49.463130950927734,23407400
2022-03-23,49.13624172273748,49.46312940983416,48.17278690349066,48.4738655090332,23070200
2022-03-24,48.6975221596902,48.723327957319995,48.34482870553804,48.53407669067383,16770200
2022-03-25,48.62870624694011,49.23086673179198,48.55128556629472,48.809356689453125,21206300
2022-03-28,48.344831918702276,48.41364847745897,47.08029524663084,48.103965759277344,25546300
2022-03-29,49.273881750962104,49.377111521752724,48.284621058883985,48.57709884643555,21463500
2022-03-30,48.18138573325667,48.55988828616282,46.925453200365766,47.28675079345703,32222400
2022-03-31,46.89104219512788,47.1921240626518,45.90178164000479,45.93619155883789,29202400
2022-04-01,45.99640287801788,46.228664885667484,44.53401428254456,45.015743255615234,40073100
2022-04-04,44.94693046189699,45.59210171254623,44.43939561345916,45.4200553894043,29296200
2022-04-05,44.78348796983035,45.1447822927299,44.23293908303809,44.37057876586914,23065500
2022-04-06,43.8802400846839,43.949059917450136,43.355503626637415,43.46733093261719,25196600
2022-04-07,43.493139368088315,43.53615012217665,42.18559209843977,43.03721618652344,28689900
2022-04-08,42.87378286461242,44.129715519880754,42.8651820246222,43.7684211730957,26853300
2022-04-11,43.69099143087587,44.94692382581466,43.338297997187304,43.484535217285156,20895700
2022-04-12,43.527551963765255,43.9748710868689,43.05442704097641,43.30389404296875,18755500
2022-04-13,42.39204855817045,43.16625532222408,42.32323200220483,43.14044952392578,21194200
2022-04-14,43.5791660326971,44.6458505804565,43.25227835622898,43.81142807006836,34043100
2022-04-18,43.73400244866524,45.77274239318324,43.682387574578755,44.998538970947266,28396300
2022-04-19,45.35983129603171,45.746934631272005,45.16197920946668,45.52327346801758,19996800
2022-04-20,45.93619460094956,46.43512533102918,45.497476310549715,45.678123474121094,20532800
2022-04-21,46.05663051745555,46.25448266080302,45.17919713292917,45.27382278442383,15952900
2022-04-22,45.11037553248684,45.248011943450145,44.0178850848046,44.06949996948242,23073900
2022-04-25,43.682389063248195,44.07809654837628,42.73613930998654,43.98347091674805,22079300
2022-04-26,43.46733449359227,44.38777850242968,43.20066582355239,43.209266662597656,18335800
2022-04-27,42.8049642953843,43.544761254022404,42.61571627635688,42.667327880859375,24707500
2022-04-28,42.933992225465175,43.03721869760214,42.159785480662,43.02861785888672,20112100
2022-04-29,43.15898414032641,43.37625651383094,41.759749524507136,41.8988037109375,21844900
2022-05-02,42.11607874800832,42.463715893726665,41.52509758947526,42.333351135253906,25904000
2022-05-03,42.87218960659164,44.158441758167285,42.654917216488045,43.541385650634766,25374500
2022-05-04,43.60221458052687,45.54028690329008,43.48923534302875,45.392539978027344,26643600
2022-05-05,44.70596631769793,45.30564024320656,44.054149139754536,44.592987060546875,25756000
2022-05-06,44.53214085141448,45.19264731497258,43.958541998875425,44.86239242553711,25912900
2022-05-09,44.31487182937433,44.51476200194756,43.098145292052955,43.35887145996094,28888400
2022-05-10,43.92378156678393,44.054142995001385,41.42080302431356,42.36811065673828,31054700
2022-05-11,42.54192533871925,43.402321958730376,41.333891644467315,41.420799255371094,30179000
2022-05-12,41.073165560026425,41.194840866739355,39.45666198316914,40.464805603027344,36301500
2022-05-13,40.682073250774685,41.58592364588925,40.682073250774685,41.40341567993164,21739400
2022-05-16,41.359968951118944,41.7771315083745,40.847206019537744,41.246986389160156,16919100
2022-05-17,43.31541839792132,44.85370712500442,43.19374640515427,44.36701583862305,46643400
2022-05-18,44.08890704021884,44.375708147724445,42.59407213753948,42.86349105834961,32181600
2022-05-19,42.289895814581875,43.71520209369603,42.22905981354506,43.263275146484375,27279400
2022-05-20,43.68043586735797,44.08890898443142,42.15952927522372,43.23720169067383,29025500
2022-05-23,44.62774199383531,46.58319325907214,44.45392675584255,45.86185073852539,35166800
2022-05-24,45.60112239072041,46.07042815234999,44.74941516699853,45.78363037109375,24344800
2022-05-25,45.67934195592664,46.16602991835289,45.21003286474724,45.8010139465332,23507900
2022-05-26,46.461528720906166,47.14811029320134,46.20949194394004,47.009056091308594,19140700
2022-05-27,46.93082556467588,46.93082556467588,46.09650057253449,46.60057067871094,19509300
2022-05-31,46.08781679655401,46.809162699080915,45.575053840334114,46.41807174682617,25805400
2022-06-01,46.49628698669058,46.70486991976122,44.95799821564846,45.53159713745117,23902000
2022-06-02,45.54029266335029,45.62720029015855,44.845018387630454,45.56636428833008,17473600
2022-06-03,45.25348734224863,45.479452455554224,44.514762636755826,44.6103630065918,16550000
2022-06-06,45.018825906407045,45.68802507757451,44.645117235296475,44.67119216918945,18473200
2022-06-07,44.3496383572097,45.39254647278527,44.17582310070836,45.279563903808594,15528800
2022-06-08,44.93193409425793,45.288260706457564,44.37571726695253,44.67989730834961,13207700
2022-06-09,44.7928642828014,44.84500752012486,43.419701567864614,43.42839431762695,14272900
2022-06-10,42.34203068457143,42.71573933933212,41.168758170097476,41.46424865722656,28910800
2022-06-13,40.551716153089515,40.855896153582165,39.4566648360026,39.70869827270508,30308400
2022-06-14,40.143245762157775,40.612554922328854,39.587028971724,39.943355560302734,25223600
2022-06-15,40.3865866063249,41.872728726136664,40.369204420002106,41.35127639770508,30001500
2022-06-16,40.67338399282387,41.01232833450618,39.943348751003136,40.75160217285156,24744900
2022-06-17,40.95149848306639,41.099245429863245,39.96942968302017,40.43004608154297,35111400
2022-06-21,41.68153762817383,42.01179261403181,41.29913938660562,41.68153762817383,20289700
2022-06-22,41.13400152847232,41.70760038082707,40.795053888856145,41.021018981933594,19752800
2022-06-23,40.73421828751596,40.768982658369886,39.62178494269326,40.282291412353516,24137200
2022-06-24,39.59572203100552,41.94226121943133,39.56964708947364,41.594627380371094,27322600
2022-06-27,41.768440286126854,42.06393083262804,41.064476635997025,41.56855010986328,21198200
2022-06-28,42.0639351687207,42.68098794800915,40.79506191746695,41.02971649169922,21643600
2022-06-29,41.07316673086512,41.54247583848243,40.52564275395813,40.934112548828125,20981000
2022-06-30,40.16931537676426,40.59516735001957,39.33498698643762,39.969425201416016,21207900
2022-07-01,39.7521537008919,40.88196934554243,39.404516587777955,40.734222412109375,16539600
2022-07-05,39.708679863262816,40.543007920533945,39.04817360470632,40.508243560791016,19156800
2022-07-06,40.238843798633546,40.5690987419417,39.508808474923285,40.108482360839844,14952800
2022-07-07,40.76898332332273,41.10792765639461,40.50825716829151,40.7863655090332,15598900
2022-07-08,41.073175074404375,41.33390461958699,40.482197167181745,40.69077682495117,11789900
2022-07-11,40.34313206485992,40.67338699550352,40.056334260461135,40.14324188232422,12778200
2022-07-12,39.61310023273766,40.78636970884738,39.543571482736326,40.09109878540039,16966700
2022-07-13,39.71738236888112,39.78690779013662,38.81352868537127,39.54356384277344,21793600
2022-07-14,38.65709713431081,38.65709713431081,37.75324333878329,38.36160659790039,27337600
2022-07-15,40.84720198669558,43.993304700787476,40.14323837596539,43.43708801269531,86566200
2022-07-18,44.02806742722308,44.75810263188971,43.219814046509555,43.51530456542969,26042500
2022-07-19,44.2192754655243,45.5489813629961,44.17582165282318,45.30563735961914,28113600
2022-07-20,44.75810837711144,45.583744049072266,44.71465456602156,45.583744049072266,24546500
2022-07-21,45.28825506454678,45.740182009260806,45.01014668554021,45.70541763305664,18261900
2022-07-22,45.6445745248425,46.07911921378961,44.74941352651155,45.11442947387695,14903400
2022-07-25,45.56635772298382,46.19210315484689,45.25348500705228,45.331703186035156,16794700
2022-07-26,44.9927542878267,45.88791522241997,44.532138011239894,44.67119216918945,18960800
2022-07-27,44.93192761791107,45.80970655036077,44.60167268105773,45.49683380126953,17087300
2022-07-28,45.27086798975981,45.81839525227673,44.59297930351898,45.392539978027344,12729200
2022-07-29,45.39253909742397,45.85769744512312,45.19945298418834,45.55051803588867,16783500
2022-08-01,45.19067147123204,45.82258378768778,44.88348875745123,45.56806182861328,13051800
2022-08-02,45.42764071774556,45.726044992795856,44.523652773330404,44.54120635986328,17378500
2022-08-03,44.97126461169021,45.44519809559913,44.6114244277569,45.295997619628906,13570600
2022-08-04,45.25211578224058,45.41886984789806,44.82206124195971,44.98881530761719,10152200
2022-08-05,44.86594504434811,45.93669052294325,44.68163738432903,45.339881896972656,13868800
2022-08-08,45.61196358371662,45.77871767720997,45.12047307678152,45.173133850097656,11594400
2022-08-09,45.32231878853281,45.734819667841045,45.12923270068572,45.71726608276367,9739300
2022-08-10,46.349185382872164,47.7446636997571,46.28774950429268,46.68269348144531,32416200
2022-08-11,47.30584729918337,47.80611293481585,47.174197038014725,47.393611907958984,13450300
2022-08-12,47.55159069563015,47.74467685178536,47.06887865324736,47.72712326049805,15493600
2022-08-15,47.17419684289529,47.560365807118046,46.928453260935825,47.455047607421875,11595200
2022-08-16,47.22684553606271,47.88508997479317,47.16540965628822,47.551578521728516,14708000
2022-08-17,46.884563808028425,47.41116145983106,46.77924561686987,47.18296813964844,13370800
2022-08-18,47.04253570592585,47.14785722927664,46.55104865563989,46.998653411865234,10573300
2022-08-19,46.647597144586676,46.875787109082616,45.96302055508921,46.17366027832031,14798800
2022-08-22,45.25212094434906,45.43642861920653,44.7518553423045,44.980045318603516,16749600
2022-08-23,44.98882339424117,45.3574421161694,44.637761611648564,44.71675109863281,11126100
2022-08-24,44.69919816134373,45.01515611390384,44.435900983545395,44.7694091796875,11159300
2022-08-25,44.94493600520695,45.857702563094,44.822064227800006,45.690948486328125,12569000
2022-08-26,45.88403270212049,45.93669347179418,43.66355547495664,43.689884185791016,20049700
2022-08-29,43.59333710617081,43.63722275086525,43.03163567333018,43.330039978027344,15103100
2022-08-30,43.74254302283664,43.74254302283664,42.742011879276546,43.075523376464844,16735500
2022-08-31,43.251055854533305,43.48802430357458,42.715683063885045,42.838558197021484,16582100
2022-09-01,42.803446074993985,42.803446074993985,41.960893918779526,42.785892486572266,14470900
2022-09-02,43.277380543416015,44.01461447664735,42.67179349411614,42.8648796081543,15568100
2022-09-06,42.97897658546743,43.09306988282402,41.79413453288194,42.32073211669922,15544500
2022-09-07,41.89945627186278,42.777115568024094,41.776581158076404,42.680572509765625,15413900
2022-09-08,42.47870769971611,43.83907882471851,42.232960840822315,43.795196533203125,18088800
2022-09-09,44.15504230870267,44.76940116423642,44.102381543369205,44.47099685668945,18711800
2022-09-12,44.988816761836134,45.32232825193614,44.49732966906215,44.64653015136719,13506500
2022-09-13,43.7952048478515,44.058501994935796,42.62791625350448,43.00531005859375,22148200
2022-09-14,43.11940525076668,43.452913396667,41.864352099391695,42.505043029785156,25701700
2022-09-15,42.443605827903966,43.22472209764255,42.37339147430719,42.513816833496094,16556900
2022-09-16,42.11887157899472,42.33828640555168,41.66248833799571,42.22418975830078,19995600
2022-09-19,41.680039103717355,42.54891988316825,41.63615346297383,42.33828353881836,14716100
2022-09-20,41.9696678510755,42.10131808650981,41.127115718708694,41.46940231323242,16650200
2022-09-21,41.4694056227631,41.890681722567095,40.64440701248087,40.66196060180664,18641800
2022-09-22,40.90771139268714,41.135901398277944,39.92473365259493,40.00372314453125,18443100
2022-09-23,39.47711535948145,39.59121200721534,38.00264745093663,38.84519958496094,30918000
2022-09-26,38.34493828265436,38.774992865162865,37.37073915330744,37.7305793762207,23684400
2022-09-27,37.941214249256426,38.081639614854225,36.931907980273756,37.379512786865234,21255500
2022-09-28,37.37951818473303,38.28350639706087,37.256646390591996,38.090423583984375,19818100
2022-09-29,37.65158377715961,37.80956271257181,36.87046421961954,37.203975677490234,20982200
2022-09-30,37.203975367735225,37.71301934382618,36.51940221865161,36.572059631347656,22266400
2022-10-03,36.46673846525706,37.66913061120353,36.036687339511666,37.35317611694336,22001000
2022-10-04,38.239614671067365,39.27525289226809,38.15185008201827,38.97684860229492,20660000
2022-10-05,38.406371034327,38.6170107478921,37.83589447526322,38.476585388183594,15458500
2022-10-06,38.10796195507007,38.44147339812163,37.55503905370013,37.79200744628906,17738400
2022-10-07,37.476058194767475,37.55504767710137,36.80903515550231,37.02845001220703,18101300
2022-10-10,37.29175517571721,37.3970733826464,36.44919947626742,36.51063537597656,13768800
2022-10-11,36.2210002541709,36.47552225849644,35.47498782921723,35.501319885253906,20176100
2022-10-12,35.44865769686843,36.29998826774886,35.150253408477674,35.843605041503906,20862200
2022-10-13,35.28190574448046,37.89733014677814,35.11514832901552,37.69546890258789,27964900
2022-10-14,37.81834373463972,38.98562899736611,37.563821704750275,37.94121551513672,28885100
2022-10-17,38.8890874413307,38.994405627074336,37.90610654770758,38.257171630859375,20835400
2022-10-18,39.196261970938984,39.45078395695911,38.30982760156408,38.7486572265625,21302100
2022-10-19,38.46780858741003,38.70477365131206,37.64280670566031,38.03775405883789,15142800
2022-10-20,38.08164085165321,38.56435285232265,37.493610660366144,37.66913986206055,15421600
2022-10-21,37.686689563676374,38.897860348839174,37.45849961621317,38.84519958496094,18783600
2022-10-24,38.89785913294895,39.205038542625246,38.590679723272665,38.97684860229492,14392300
2022-10-25,38.660892580657524,40.012488744119565,38.538020810889094,39.77552032470703,20085700
2022-10-26,39.933504559281495,40.35478068913529,39.687760987201386,39.854515075683594,16516200
2022-10-27,40.25823409593684,40.49520252601684,39.801850824820335,39.88084030151367,15687900
2022-10-28,39.98616173862153,40.61807420262809,39.52100000011108,40.486427307128906,13457900
2022-10-31,40.117808071331176,40.56541621456155,39.99493629805373,40.24945831298828,15600400
2022-11-01,40.63563307523319,40.793612048777064,40.37233590199513,40.56542205810547,15505200
2022-11-02,40.486426689152346,41.25876450537208,39.96860753954802,39.97738265991211,20306800
2022-11-03,39.63509736932718,39.85451221378714,39.064617434529346,39.12605667114258,16025800
2022-11-04,39.60547015578398,40.35123569084326,39.303612596670725,40.067134857177734,15204100
2022-11-07,40.3778803920154,40.71525149649278,40.138169611472264,40.59983444213867,11792300
2022-11-08,40.66198214972947,41.31008758313972,40.5110550181511,40.946083068847656,16737100
2022-11-09,40.59982658412027,40.71524361613564,40.08489504860831,40.27133560180664,13299000
2022-11-10,41.46988770536634,43.28990996662234,41.33671732727416,42.98805236816406,27915500
2022-11-11,43.05907848190702,44.89685743689588,43.00580829960681,44.559486389160156,26009200
2022-11-14,44.33753737189544,44.37305083076357,43.520748138427734,43.520748138427734,19631600
2022-11-15,44.239876694495734,44.76368492807719,43.050203017137996,43.52962112426758,19839400
2022-11-16,43.39644495634817,43.46746847184757,42.73945965754592,42.94365692138672,18052100
2022-11-17,42.33106523005586,42.845996725579866,42.08247784509594,42.837120056152344,11962700
2022-11-18,43.263280587593826,43.56513821409524,42.75722565298113,43.201133728027344,12884300
2022-11-21,43.20112942539734,43.53850047712184,42.863758373672844,43.39645004272461,9884100
2022-11-22,43.62727988607142,44.10670136293471,43.61840321579592,43.79596710205078,13132000
2022-11-23,43.80483555192789,43.92025256434685,42.481988403661084,42.82823944091797,22863300
2022-11-25,42.79273892845389,43.085716495619174,42.73059206915369,42.872642517089844,6823600
2022-11-28,42.53526808992686,42.78385550758865,41.57642848841027,41.93155288696289,18987100
2022-11-29,41.931552284447214,42.52639080826867,41.913795556762295,42.2334098815918,12224700
2022-11-30,41.79838567227803,42.996936111608726,41.0082264594917,42.97917938232422,23993100
2022-12-01,42.863765125909424,43.21001290262451,42.038095787550354,42.419857025146484,19797600
2022-12-02,41.97594357180019,42.12687406792363,41.558672313281605,41.940433502197266,12745400
2022-12-05,41.67408435670089,41.83389151736534,40.28909347994165,40.51992416381836,20397500
2022-12-06,40.52880226422262,40.74187621032177,39.24146837068857,39.933963775634766,22160800
2022-12-07,39.632107599796264,40.35123981353228,39.33913006684788,39.65874099731445,20233400
2022-12-08,39.818545018542316,40.280209730728934,39.2947334592103,39.67649459838867,15622200
2022-12-09,39.5965928502939,40.120404433767156,39.552202726965525,39.82742691040039,14030600
2022-12-12,39.64098487982496,40.66197122524228,39.383517432687434,40.635337829589844,19045100
2022-12-13,41.58530009193542,42.481992729776685,41.05261186563851,41.363346099853516,25655400
2022-12-14,41.29232257641373,41.76286738112962,40.59095047795884,40.821781158447266,16587500
2022-12-15,40.03162782801837,40.18255493841167,39.17932519029833,39.61435317993164,20201900
2022-12-16,39.241471039774545,39.649865619866766,38.895223313750726,39.37464141845703,26955400
2022-12-19,39.38352359235952,39.49006057838109,38.6022444591187,39.00176239013672,18019100
2022-12-20,39.197083141858954,39.55220755861689,38.8863454671023,38.895225524902344,14412700
2022-12-21,39.25035494919019,39.854070260124935,39.2148414869587,39.78304672241211,22492300
2022-12-22,39.45454534908198,39.45454534908198,38.09618783136756,39.055030822753906,24476100
2022-12-23,39.06390428332946,39.38351858752749,38.95736731084654,39.294734954833984,15143800
2022-12-27,39.31248832635182,39.54332236490572,39.03726755536317,39.41014862060547,14777800
2022-12-28,39.44566934124214,39.836307203509755,39.23259198843731,39.61435317993164,12882200
2022-12-29,39.809668233999645,40.16479597673258,39.64098441891353,40.09376907348633,14124100
2022-12-30,39.88957778246019,40.20031206383938,39.738647283826246,40.155921936035156,11802800
2023-01-03,40.617585046586306,41.50540111317836,40.43114448542186,40.64421844482422,19564000
2023-01-04,41.31895622748861,42.20677220116005,41.14139235540449,41.691837310791016,21507200
2023-01-05,41.46101529543309,41.69184600656297,40.81290990588589,41.50540542602539,12314900
2023-01-06,41.78062472184426,42.33994639742304,41.38110682018122,42.00257873535156,16736300
2023-01-09,42.51751376965385,42.89927497510959,42.14463262204579,42.20677947998047,16745500
2023-01-10,42.22453374940011,42.801612166143705,41.90491942049618,42.78385543823242,12429900
2023-01-11,42.8016172696442,43.27216214852518,42.49088296101992,43.24552536010742,17143700
2023-01-12,43.556252347067584,43.92913342574296,43.103464309534196,43.5828857421875,16287800
2023-01-13,43.06795415984646,44.594998816437176,42.38433879653486,44.31977462768555,28037000
2023-01-17,44.2665091658934,45.047788244731436,44.15997218729033,44.6660270690918,28193500
2023-01-18,44.60388263090247,44.81695659964463,43.716066525394254,43.88475036621094,18952000
2023-01-19,43.19225285598836,44.03567540714834,43.03244569357395,43.831478118896484,14869100
2023-01-20,44.10669634813345,45.37627341839678,43.73381189071916,45.358516693115234,19957300
2023-01-23,45.323004882876035,46.423898182931666,45.172077792644174,46.14867401123047,18531200
2023-01-24,45.65149688720703,46.122041668061335,44.76368089123569,45.65149688720703,13303200
2023-01-25,45.145442463631326,46.11316204378135,45.145442463631326,46.07765197753906,20719000
2023-01-26,46.23746422841245,46.39726801099945,45.73140593434662,46.335121154785156,22393300
2023-01-27,46.13091356701465,46.33511081856017,45.86456947311827,46.04213333129883,18294000
2023-01-30,45.669256699418284,46.20194836504474,45.58047644852195,45.944480895996094,11126200
2023-01-31,46.04214483853513,46.361759185791016,45.83794753595492,46.361759185791016,34823400
2023-02-01,45.75803801471204,46.823417905144375,45.64262098500497,46.29960632324219,22111900
2023-02-02,46.68137353304691,47.25845198292583,45.92672779385944,46.361759185791016,22331700
2023-02-03,45.74312631332043,46.20934439268245,45.30380431271792,45.68036651611328,20050600
2023-02-06,45.187247948709064,45.71622577366162,44.74792599097472,45.59967041015625,16152000
2023-02-07,45.50104881790271,46.40658542744127,45.35759737222872,45.84174728393555,14361000
2023-02-08,45.51898170206952,46.18244337070822,45.36656261376992,45.85968017578125,13242300
2023-02-09,46.03898340726716,46.13760690142982,44.70309267765944,44.8106803894043,16794900
2023-02-10,44.667231676726594,44.99896246981921,44.06652987787909,44.92723846435547,16519900
2023-02-13,44.81965265304589,45.79691663765184,44.75688944288584,45.725189208984375,11626900
2023-02-14,45.66242531824875,46.3976142953062,45.26793475646116,46.2720947265625,16283300
2023-02-15,45.581736287842766,46.51417230925119,45.554840213044116,46.46037673950195,9216600
2023-02-16,46.038991691947544,46.46934945667289,45.814848590389566,46.13761520385742,9398000
2023-02-17,45.95829417557816,46.25416467356293,45.653459459541665,46.10174560546875,12297700
2023-02-21,45.49208187649678,45.64449753208784,44.317570883972145,44.68516540527344,22899200
2023-02-22,44.72999565408737,45.25897349702242,44.263777604369004,44.86448287963867,14431500
2023-02-23,45.13344781211613,45.38448695106222,44.559642111581205,45.1693115234375,12550700
2023-02-24,44.82861457767775,45.13344929361203,44.514815643694746,44.98999786376953,14547300
2023-02-27,45.27689988849928,45.89553352700828,45.17827639102281,45.250003814697266,14190200
2023-02-28,45.25897099696126,45.60863365989696,45.05275977061846,45.44725036621094,12932400
2023-03-01,45.241033609510055,46.20933325325921,45.097582190452954,46.17346954345703,15966000
2023-03-02,45.88656573403791,46.12864063985107,45.241032651869475,46.08381271362305,18104500
2023-03-03,46.15554513065594,46.971425849373894,46.15554513065594,46.93556213378906,15879900
2023-03-06,46.944525374703915,47.025217017134004,46.630723022963885,46.78314208984375,12693300
2023-03-07,46.442442855016814,46.73831334549055,45.48311080069884,45.796913146972656,30953800
2023-03-08,45.77898426970172,45.96726363762501,45.097587385571714,45.43828582763672,12847700
2023-03-09,45.34862610104151,45.572769163810236,43.40306253773007,43.57341003417969,29460100
2023-03-10,43.10719423992904,44.272737448946415,42.25544994174848,43.340301513671875,29770800
2023-03-13,42.138891979697355,42.354070805311366,39.98711740416289,40.112640380859375,50709200
2023-03-14,42.32718475033704,43.02651359045538,41.744414707082996,42.497535705566406,42165900
2023-03-15,40.74024970807818,40.79404528476349,39.53884252332521,40.18437576293945,41832800
2023-03-16,40.04091801619473,41.32301665431183,39.1802094454754,40.90162658691406,28877300
2023-03-17,40.327825836285136,40.327825836285136,39.287801996964596,39.6733283996582,37130200
2023-03-20,40.085754500034454,41.009226474150125,39.368497204715894,39.52988052368164,31899900
2023-03-21,40.856805966511445,41.2602642500165,40.300932009322516,40.40851974487305,29835600
2023-03-22,40.507140978605946,40.62369634730766,39.16228238946273,39.189178466796875,21672000
2023-03-23,39.727118837271846,40.2112652676845,38.65123142051252,38.9560661315918,24112600
2023-03-24,38.40915873370541,38.66019789152408,37.66500205852576,38.6512336730957,25453900
2023-03-27,39.5029764396404,40.34575316335356,39.34159315337483,40.14850616455078,29335200
2023-03-28,40.09471690372799,40.551967300979406,39.888505672014446,40.54300308227539,16206000
2023-03-29,40.874735527574295,41.251294290904994,40.75818015885906,41.19750213623047,15047000
2023-03-30,41.67268257126242,41.81613401098536,41.00922094510088,41.30508804321289,14226400
2023-03-31,41.78026498876591,42.11199917985935,41.53819349385682,42.0402717590332,16009200
2023-04-03,42.264425050497266,42.57822746235123,41.627859427244296,41.87889862060547,16633100
2023-04-04,42.04924579066974,42.156833518116954,40.928530320984,41.323020935058594,15542400
2023-04-05,40.76714273856559,41.412672455610625,40.62369131031649,41.03611373901367,11739100
2023-04-06,41.06301046127382,41.43060496572483,40.8119713129127,41.11680603027344,11918100
2023-04-10,41.054048286756576,41.923721131220084,41.036116429530765,41.70854568481445,11777100
2023-04-11,41.84302498677253,42.470626241617346,41.77130098572975,42.31821060180664,14177300
2023-04-12,42.569247030758895,42.71269844388098,41.708538552026376,42.06716537475586,14330900
2023-04-13,42.04924436032877,42.66787804729715,41.762341483460645,42.40787124633789,15578900
2023-04-14,43.187889342656604,44.729994910699794,43.05340553949257,44.43412780761719,33064500
2023-04-17,44.61343804323464,44.658269396265545,44.012736218323454,44.55067825317383,19590400
2023-04-18,44.76585382504337,45.09758460811846,44.33549954480092,44.90034103393555,16616200
2023-04-19,44.58654673537838,45.23207998235024,44.272747751518395,45.187252044677734,14894000
2023-04-20,44.65826680274804,44.87344223613111,44.02169788028948,44.290672302246094,20410200
2023-04-21,43.896182620747176,44.12929335332839,43.3223768484737,43.95894241333008,14377300
2023-04-24,43.95894241333008,44.20998500381386,43.707903242998476,43.95894241333008,11208800
2023-04-25,43.48375807079218,43.61824528855647,42.78443274678273,42.94581604003906,15374000
2023-04-26,42.85615875761382,42.90995433126397,41.59199184812872,42.01338195800781,16984600
2023-04-27,42.17476201088577,42.452697236293716,41.63681657626848,42.165794372558594,16541400
2023-04-28,41.866687544510405,42.89998824542196,41.73072938271903,42.66432189941406,15222100
2023-05-01,43.398506624065774,43.851707393237916,42.75495890402925,42.82747268676758,18314800
2023-05-02,42.43771453064983,42.65525239446952,41.29565025412582,41.69446563720703,19450100
2023-05-03,41.81229484000132,42.23830111918903,41.35909416937635,41.395347595214844,14533500
2023-05-04,40.824325316639666,41.1506304172711,39.954180686720775,40.69742965698242,20601800
2023-05-05,41.51319073264885,42.14767251581428,41.39535756177515,41.984519958496094,13384500
2023-05-08,42.49210404461722,42.736832868891746,41.93919856655042,42.020774841308594,8760900
2023-05-09,41.61288895445629,42.383328776556446,41.504121752457365,42.165794372558594,10188800
2023-05-10,42.7368341164365,42.77308755032823,41.32284646523443,42.02983856201172,11840000
2023-05-11,41.45879922124212,41.812295194099796,41.17781355832221,41.72165298461914,11222800
2023-05-12,41.99357996734669,42.03889934737747,40.85151222774744,41.195945739746094,12812800
2023-05-15,41.413482964760924,41.97545437985022,41.35910108808262,41.73978805541992,11911300
2023-05-16,41.6310171596805,41.83948906967264,41.02372641522778,41.04185485839844,9201200
2023-05-17,41.495060866986066,42.70057655952416,41.495060866986066,42.67338562011719,16359100
2023-05-18,42.58273917586787,42.58273917586787,41.567570532649334,42.0479621887207,17618000
2023-05-19,42.11141896029024,42.35614781565856,41.350041451693635,41.431617736816406,15416200
2023-05-22,41.66727622717364,41.78510592748047,41.19594705300477,41.50412368774414,14471000
2023-05-23,41.54943289672583,42.437705695229994,41.5131760173633,41.61288070678711,13797100
2023-05-24,40.93309303059104,41.005606812793076,40.07201088400282,40.3258056640625,23744900
2023-05-25,40.153589130102546,40.606789918157084,39.77290212780759,40.09014129638672,18109400
2023-05-26,40.29860712892354,40.47082561514571,39.872600803996335,40.42550277709961,11962600
2023-05-30,40.54333855199234,40.68836265322827,40.10826624828456,40.51614761352539,12431100
2023-05-31,40.062943764918785,40.253287234753444,39.618805544324196,40.17171096801758,18154100
2023-06-01,40.49802321703048,41.105310621148334,40.162655597706404,40.64304733276367,15757100
2023-06-02,41.21408001599722,42.310825073132456,41.11437529123082,41.984519958496094,19455600
2023-06-05,42.02076976412982,42.12953696478308,41.52224968201818,41.91200256347656,11004700
2023-06-06,41.86668932530248,43.06313917972494,41.830435888537984,42.80028533935547,14189200
2023-06-07,43.026884122843924,43.670428415014854,42.74589838820068,43.51633834838867,15457400
2023-06-08,43.262540454290885,43.73386961951209,43.08125947418318,43.59790802001953,12058600
2023-06-09,43.59791287786709,44.0239227099408,43.42569782928181,43.77919387817383,11744000
2023-06-12,43.752000956297614,43.960472887029766,43.48008119697948,43.91515350341797,13801000
2023-06-13,43.915159788854176,44.7943670212327,43.915159788854176,44.132694244384766,14062700
2023-06-14,44.25958473636463,44.65840013207337,43.10845447284158,43.72480773925781,22053000
2023-06-15,43.62510532281131,44.042049184501984,43.12658518751616,44.01485824584961,14926100
2023-06-16,44.2686515220658,44.2686515220658,43.65229819588486,43.67948913574219,18223000
2023-06-20,43.42569784792498,43.42569784792498,42.67338636415315,43.153778076171875,12777700
2023-06-21,43.05407230802542,43.37131145776243,42.80934348209369,42.972496032714844,10550700
2023-06-22,42.800276090238874,42.83652951916903,42.08421813975142,42.265499114990234,11841900
2023-06-23,41.78510339304659,41.92106498687361,41.54944054907964,41.71259307861328,13249100
2023-06-26,41.80323190517634,42.31988043033802,41.703527197224616,41.91200256347656,13253900
2023-06-27,41.875744939763564,42.247369371626,41.60382521409662,42.05702590942383,11863300
2023-06-28,42.02983831947822,42.047966765143215,41.53131816545691,41.9029426574707,13394900
2023-06-29,41.84855051070182,42.41052186192799,41.703526426628244,41.95732116699219,18840800
2023-06-30,42.40146335944962,42.419591805348894,41.72166219764067,41.73072814941406,15228200
2023-07-03,41.766986580680765,42.86373166565483,41.71260124097838,42.365211486816406,10159900
2023-07-05,42.33801752945509,42.646194209018944,42.06609774340408,42.419593811035156,11852900
2023-07-06,42.1476683735293,42.1476683735293,40.88777088289896,41.13249969482422,17431400
2023-07-07,40.99653462245831,42.01170321526922,40.978406179666536,41.45880126953125,13160700
2023-07-10,41.331899777939086,42.04795766736176,41.277517910357986,41.395347595214844,14307600
2023-07-11,41.51318169904712,42.24736804721409,41.35909512713684,42.17485427856445,14131700
2023-07-12,42.83652658891994,43.7519938953119,42.800273162469715,42.94529724121094,17960500
2023-07-13,43.108460713514965,43.37131454587812,42.727770249077295,43.217227935791016,26210700
2023-07-14,43.94234853807921,44.0057963725794,41.41348727963689,41.467872619628906,38634500
2023-07-17,41.52225211413044,42.256435083602454,41.44067584445053,41.93013000488281,18521400
2023-07-18,42.37426686541169,43.19909202865714,42.310819041904125,42.618995666503906,24678000
2023-07-19,42.67338157052133,43.36224514542352,42.25643427917955,43.07219696044922,15789100
2023-07-20,42.95436758735167,43.3985058546309,42.80934348209369,42.972496032714844,17647200
2023-07-21,43.090325053163326,43.14470692637353,42.43771491346435,42.64618682861328,18251600
2023-07-24,42.582743364128255,43.3622492313148,42.582743364128255,43.1990966796875,19006200
2023-07-25,43.04500365148705,43.30785742750221,42.65525077609761,42.68244171142578,14729900
2023-07-26,42.95436738664477,43.2806724863624,42.61899979311161,43.04500961303711,12267900
2023-07-27,43.14470759291246,44.522438210424156,42.99968349936634,43.398502349853516,25162700
2023-07-28,43.797321279678485,43.833578170404834,42.68244782219888,42.972496032714844,20871700
2023-07-31,43.13564884934882,43.55259272233083,42.92717691285782,43.1990966796875,14377200
2023-08-01,42.89998824542196,43.02688391281962,42.42865901105378,42.66432189941406,15219100
2023-08-02,42.07515750199866,42.310823836860166,41.649151132690854,41.97545623779297,13101100
2023-08-03,41.66728077816366,42.12048155771246,41.43161443651566,41.88481521606445,13467100
2023-08-04,41.9306579623125,42.810898365944645,41.774783587774586,41.91231918334961,18329500
2023-08-07,42.13238330793011,42.3982903706021,41.8389698242109,42.02235412597656,16972000
2023-08-08,41.27964824613565,41.47220018418315,40.47275943719171,41.408016204833984,18524500
2023-08-09,41.27964348800852,41.435517849099654,40.72032302006664,40.74782943725586,13957100
2023-08-10,40.99540570669114,41.25214514249449,40.57362423769504,40.65614700317383,12112300
2023-08-11,40.38106572286823,40.91287629350345,40.32604938890007,40.86703109741211,11973200
2023-08-14,40.41774946428333,40.72033060300389,40.32605556030378,40.43608474731445,14280300
2023-08-15,40.02347179022133,40.02347179022133,39.59251921426257,39.620025634765625,17125100
2023-08-16,39.445811398974556,39.57417935483884,39.03319761386473,39.097381591796875,13963600
2023-08-17,39.280764696538704,39.5008265411944,38.593076241415666,38.932334899902344,16123600
2023-08-18,38.64809003714045,39.24408456042082,38.593073705151006,38.73978042602539,12908700
2023-08-21,39.07904558205756,39.20741354701869,38.207972751266695,38.57474136352539,14486300
2023-08-22,38.79480167808657,38.85898565799886,37.56613142327846,37.611976623535156,20507900
2023-08-23,37.64865340822173,37.80452778544028,37.382746355333566,37.6669921875,16214500
2023-08-24,37.61197584966519,38.207970436268724,37.33690115602014,37.6669921875,15579600
2023-08-25,37.83203691246438,38.19880552874412,37.39191667158755,37.81370162963867,16881900
2023-08-28,38.03376119492286,38.382191041547955,37.7311800500953,37.887054443359375,14125900
2023-08-29,37.86870737260969,38.299659891262635,37.832029818306445,38.253814697265625,13199700
2023-08-30,38.22630528848351,38.36384437005863,37.90538542849376,37.932891845703125,18211400
2023-08-31,38.061262416409825,38.21714028613679,37.60280344320546,37.85954284667969,17795700
2023-09-01,38.134620666503906,38.34551139178576,37.942068721389774,38.134620666503906,12413500
2023-09-05,38.079603323546344,38.44637192171628,37.76785106443126,37.923728942871094,15843400
2023-09-06,37.611971985713375,38.04292451006888,37.511110458926844,37.932891845703125,13675200
2023-09-07,37.657817746098765,37.93289241561766,37.3185591036176,37.346065521240234,12406100
2023-09-08,37.236043554165626,37.309395181266375,36.93345891074224,37.21770477294922,15055400
2023-09-11,37.41942786856481,37.93289975156468,37.162688429300005,37.21770477294922,11404200
2023-09-12,37.19936071995169,38.56556999595745,37.19019307952513,38.217140197753906,24774700
2023-09-13,38.455540341848604,39.335784295738726,38.21714319664303,38.849815368652344,31031900
2023-09-14,39.23492344107649,39.83091806340501,39.179907099943904,39.555843353271484,19422800
2023-09-15,39.19823761161183,39.64752889167335,39.11571486620314,39.16156005859375,22983200
2023-09-18,39.06070403361723,39.22574954766116,38.87732323824794,39.097381591796875,10467400
2023-09-19,39.234925268595205,39.29910925402382,38.94151176441728,39.134063720703125,11031700
2023-09-20,39.38162734962367,39.54667286336829,38.75812285275832,38.78562927246094,11240700
2023-09-21,38.56557137033269,38.840646063869215,38.226309200465295,38.24464797973633,12260100
2023-09-22,38.28132636153562,38.382187900813136,37.46526990412964,37.52028274536133,15438200
2023-09-25,37.36440834483152,37.67616060344744,37.208533964405845,37.611976623535156,10866800
2023-09-26,37.2910511338574,37.630313291803446,36.73173412568495,36.878440856933594,21786500
2023-09-27,36.94262492602446,37.25437716793133,36.62170154589906,37.0984992980957,15083400
2023-09-28,37.116837470359265,37.91455509188395,37.05265349493568,37.77701950073242,14409800
2023-09-29,38.00624684648146,38.409689454708534,37.52027799133425,37.712833404541016,16916100
2023-10-02,37.5844728153822,37.639485660408276,36.942629473881055,37.13518142700195,16178900
2023-10-03,36.860103541339626,37.17185579483746,36.30078301320253,36.5483512878418,19283400
2023-10-04,36.39247738266897,36.6125392611677,35.8881731375753,36.50251007080078,23342000
2023-10-05,36.3282917035527,36.56669235229492,35.93401666720304,36.56669235229492,18734100
2023-10-06,36.38330723216106,37.456099634237994,36.22742935027158,37.199363708496094,17080000
2023-10-09,36.84175701806593,37.60279696360764,36.63086634646368,37.35523223876953,14859700
2023-10-10,37.722007048211914,38.2904952452323,37.722007048211914,37.9970817565918,18902100
2023-10-11,38.18046664663605,38.51055770085718,37.923730714581716,38.07960510253906,12763900
2023-10-12,37.96040827566512,38.31800575181643,37.703668845846046,38.07960510253906,18112500
2023-10-13,39.39079062320185,39.72088161409548,37.91455230157424,37.98790740966797,32082900
2023-10-16,38.46470456400409,38.51054975701916,37.16267939623901,37.547786712646484,25044200
2023-10-17,37.27271533764818,38.20796855032439,37.22686664283334,37.77701950073242,20258100
2023-10-18,37.53861502091817,37.53861502091817,36.83258786606957,37.107666015625,23232600
2023-10-19,36.915116025740396,37.36440737118327,36.70422531184337,36.73173522949219,17483300
2023-10-20,36.649207798773205,36.89677603945715,36.27327161797848,36.38330078125,21396500
2023-10-23,36.2916111182673,36.32828517491285,35.56724515861495,35.658935546875,21333500
2023-10-24,35.686446537121476,36.034876353137335,35.52140451665559,35.69561767578125,17181000
2023-10-25,35.48472918519424,35.62226479384407,35.08128300518597,35.40220642089844,15570100
2023-10-26,35.30134852553806,36.447496204938645,35.273842100517285,36.07155990600586,25109600
2023-10-27,36.06239101605077,36.09906508222139,34.99876264850748,35.062950134277344,20654700
2023-10-30,35.347187859765384,35.73229523489125,35.21881990064495,35.69561767578125,21777500
2023-10-31,35.79647364049914,36.24576142746101,35.686440980302585,36.20908737182617,16373100
2023-11-01,36.25493513130049,36.5300098057373,36.016534515094804,36.3099479675293,16011000
2023-11-02,36.66754916276885,37.93289337408046,36.61253282836928,37.914554595947266,23283600
2023-11-03,38.60188664596309,39.44711546687024,38.58330976006441,39.25205993652344,20287700
2023-11-06,39.35422778212371,39.35422778212371,38.78764521020525,39.0477180480957,20843900
2023-11-07,38.73192293426621,39.15918069838266,38.68548248915422,38.97341537475586,11463200
2023-11-08,38.87123971483446,39.15917610987577,38.574016649130456,38.84337615966797,14761600
2023-11-09,39.08487692427631,39.270638705814726,38.3511058403914,38.54615783691406,19128400
2023-11-10,38.73191947045465,39.14989052544092,38.518290607501335,39.08487319946289,11912500
2023-11-13,38.97341686728853,39.85579953092358,38.945553307790036,39.66074752807617,16332100
2023-11-14,40.04157325494942,41.58341979988768,40.032283037716574,41.20260238647461,26218500
2023-11-15,41.314054335272424,42.001385042714084,41.314054335272424,41.685585021972656,18894900
2023-11-16,41.57411850892293,41.88991849030811,41.165437639027495,41.49052429199219,14744800
2023-11-17,41.74131255629863,42.15928369716256,41.47195652612344,42.13142013549805,15573100
2023-11-20,42.05710532801559,42.48436661121217,41.99208799989019,42.03852844238281,19670300
2023-11-21,41.90849786743469,42.10355341398522,41.518393860691624,41.88063430786133,14466700
2023-11-22,42.08497615844923,42.09426283049947,41.64842816533015,41.815616607666016,9441200
2023-11-24,41.69486591657726,42.28002542692518,41.64842547297032,42.01066589355469,5941000
2023-11-27,41.75988039645754,41.97350925701386,41.66699951558209,41.871341705322266,14679700
2023-11-28,41.824901853313484,41.83419206822584,41.388357418261336,41.6670036315918,14064700
2023-11-29,42.01066772884192,42.75372548855058,41.94565039631609,42.493656158447266,14027600
2023-11-30,42.530811758212955,42.883761994741064,42.33575975226126,42.81874465942383,16249000
2023-12-01,42.72586089350501,43.89617639376321,42.62368978967715,43.86831283569336,20053400
2023-12-04,43.45962515703127,44.10051169451555,43.376030952735206,43.99834060668945,19351000
2023-12-05,43.66397047853567,44.00763756172156,43.106678059973945,43.37603759765625,14813100
2023-12-06,44.39774147840843,45.623787631918525,44.379164592060846,44.45347213745117,33903400
2023-12-07,44.52777424627482,45.28940883824588,44.37916270499214,45.047916412353516,14896800
2023-12-08,45.05720251521363,45.67022555816965,44.97360830284787,45.41015625,17591600
2023-12-11,45.28012800665873,45.465893343014166,44.69496843725176,44.722835540771484,17666000
2023-12-12,44.59279246378526,44.68567689342667,44.31414626121843,44.63923645019531,14735600
2023-12-13,44.583502091550415,46.00460008690149,44.45346744402527,45.828125,22212500
2023-12-14,46.45044151382182,47.88082993331381,46.45044151382182,46.6640739440918,51664900
2023-12-15,46.15321451719461,46.534031813081135,45.69809322227539,46.28325271606445,35156100
2023-12-18,46.589762461349764,46.96129308598228,46.02317985321557,46.12535095214844,17871400
2023-12-19,45.90242984856572,47.65790825235811,45.67022410418444,47.304954528808594,23161500
2023-12-20,47.09132399794545,47.45356437941622,46.32039925323311,46.50616455078125,17452100
2023-12-21,46.821968504475954,47.06346093175017,46.41328764940473,46.998443603515625,13089000
2023-12-22,47.119188850404136,47.611463890765236,47.082035081235404,47.23993682861328,14440600
2023-12-26,47.258514221636894,47.86224703282111,47.17492001169711,47.68577194213867,11501500
2023-12-27,47.50000669628703,47.90869107568908,47.30495472057886,47.7972297668457,9901300
2023-12-28,47.741508529216276,48.113035641534175,47.741508529216276,47.85296630859375,10218500
2023-12-29,47.89011349839376,47.93655393815106,47.5743135475943,47.77865219116211,13149400
2024-01-02,47.64862438214667,49.366949245246,47.546453274107705,49.26477813720703,24784900
2024-01-03,49.459823055364886,50.50010378763189,48.51242320264409,49.82206344604492,30897600
2024-01-04,50.082135199442924,50.8530600015622,49.84064277487245,49.942813873291016,23714300
2024-01-05,50.184313326559966,50.77875957169354,50.05427865333439,50.46296310424805,17782200
2024-01-08,50.14715999367179,50.240040885040116,49.246200466047675,50.165733337402344,17359500
2024-01-09,50.017117807212294,50.07284846350811,49.47840230240054,49.67345428466797,17237400
2024-01-10,49.27406412035218,49.43196588779913,48.865383237088764,49.24620056152344,16532700
2024-01-11,48.15018501390403,48.42883120846378,47.61146596700039,48.373104095458984,25444400
2024-01-12,48.577441235940704,50.017116148989395,47.620754698574004,48.874664306640625,37908000
2024-01-16,48.09445677798055,48.50314119086778,47.24922793748027,48.17805099487305,21209400
2024-01-17,47.47213997329529,48.010855424047534,47.36996888526169,47.704345703125,17393500
2024-01-18,47.78794888891102,47.90869688320589,46.91485291302658,47.47214889526367,15788100
2024-01-19,47.48143565309693,48.001577862156694,47.01702410531537,47.85296630859375,18211000
2024-01-22,48.28951558938163,49.32050627677206,48.25236181420206,49.07901382446289,21573200
2024-01-23,49.144027127275216,49.60843864937881,48.84680403658321,49.50626754760742,12962500
2024-01-24,49.72918908548095,49.83136019228242,49.21833709465249,49.4691162109375,14402200
2024-01-25,49.599152769593424,49.9428163093453,49.26477590143321,49.905662536621094,15634000
2024-01-26,50.02641227930191,50.147160273297146,49.7942065064074,49.84993362426758,14041200
2024-01-29,49.66417119712246,50.370075178578446,49.63630409537446,50.25861740112305,12158300
2024-01-30,51.122425455634676,53.12868325626556,51.09455835262908,53.026512145996094,40086100
2024-01-31,52.701417990028254,53.82529295710541,52.14412207034923,52.1719856262207,28967800
2024-02-01,52.03267044441759,52.56209932752815,50.945945575857685,52.06982421875,21178700
2024-02-02,52.13545592557104,52.49177839827062,51.56346920025887,52.07919692993164,19283100
2024-02-05,51.51658540236157,51.70412374677461,50.73830610199259,51.10400390625,14040600
2024-02-06,50.99148146490398,51.54471760418416,50.73830524079308,50.963348388671875,14832700
2024-02-07,51.10400162715651,51.29153996320587,50.41948974102313,51.141510009765625,13383300
2024-02-08,50.80394296718989,51.094627574050676,50.25070682961377,50.90708923339844,15822200
2024-02-09,50.90708389120212,51.04773494918411,50.19443898690793,50.62577819824219,13843300
2024-02-12,50.23195310067183,51.14151173616799,49.69747114993601,50.560142517089844,17162300
2024-02-13,49.96940454159988,50.12880981706281,48.98483265675005,49.47242736816406,17672100
2024-02-14,50.29758758496063,50.728923239388884,50.25070389678297,50.61640167236328,14891900
2024-02-15,50.84144715191989,52.0229325195609,50.766430391055806,51.76975631713867,16865000
2024-02-16,51.53534002524262,51.76038675581852,51.150888025630955,51.432193756103516,11527500
2024-02-20,51.17901269023585,52.19171386887775,50.97272018586612,51.96666717529297,16537900
2024-02-21,51.816640801815545,52.00417912986657,51.554089288741764,51.88228225708008,9317200
2024-02-22,51.98542408513566,52.9512452067794,51.95729458833887,52.41676330566406,12904800
2024-02-23,52.501155453977134,52.82934484043241,52.27610874826777,52.44489288330078,11668900
2024-02-26,52.47302324274492,52.98875096293672,51.89165764418305,51.9104118347168,12307100
2024-02-27,52.21046456173486,52.435507663253425,51.77912896966128,52.23859405517578,11039300
2024-02-28,52.06044263061578,52.679316620333275,51.563469092856685,51.619728088378906,13448100
2024-02-29,52.04168960766916,52.18234425362352,51.23527726845615,52.03231430053711,23744600
2024-03-01,52.022934516585586,52.46364906108985,51.63848254488914,52.13545608520508,12922400
2024-03-04,51.95729569586953,53.045013711482724,51.844774129287785,52.641807556152344,14314700
2024-03-05,52.276106555495744,53.973323141249196,52.276106555495744,52.75432586669922,19653900
2024-03-06,53.51386127542245,53.96395114843555,52.519910570229136,53.72015380859375,17845000
2024-03-07,53.95457172883804,54.498428942571515,53.47634881602467,54.123355865478516,14720300
2024-03-08,54.423414469380305,54.75160385119072,53.69201536892339,53.92643737792969,13028000
2024-03-11,53.588878591499636,53.95457639350521,53.10128032982674,53.83267593383789,9176900
2024-03-12,53.92643721537074,54.32026804935204,53.52323465193166,53.87017822265625,10954000
2024-03-13,53.917064641883066,54.73285227055785,53.87955626017485,54.16086196899414,12982800
2024-03-14,54.695350520540494,55.014161051877174,53.110655286327905,53.532615661621094,18833600
2024-03-15,52.93250346203435,54.15149749545031,52.93250346203435,54.02022171020508,26164300
2024-03-18,54.245258669674406,55.00478736761583,53.97333182156878,54.97665786743164,13994600
2024-03-19,54.93914556276006,55.62365744204358,54.89226187346594,55.19232177734375,13455300
2024-03-20,54.845378431766875,56.58009998245401,54.81724535646644,56.38318634033203,20269900
2024-03-21,56.55197289214063,57.71470418017642,56.55197289214063,57.50841522216797,17892100
2024-03-22,57.2364782107053,57.827219094178794,56.80514257537659,57.03018569946289,16206800
2024-03-25,57.09582178283279,57.68656622475534,56.80514079193117,57.15208435058594,12040300
2024-03-26,57.33962884759575,58.08977861352827,57.19897420154754,57.817848205566406,17947400
2024-03-27,58.16478733267761,58.84929916506055,57.87410633277289,58.83992385864258,16684400
2024-03-28,58.821173584831044,59.42129339142135,58.6805225172218,59.29939651489258,19012000
2024-04-01,59.63696347915573,59.9182727790073,59.093106225235125,59.50568771362305,14223900
2024-04-02,58.74615696688386,59.62758243421591,58.74615696688386,58.92431640625,16062000
2024-04-03,58.9430708366453,59.440044353796154,57.68656871847483,57.84597396850586,18079900
2024-04-04,58.27731298797837,58.8305490734353,56.964548304081795,57.11457824707031,13401100
2024-04-05,57.03019343234658,58.17417412872135,56.65511673868377,57.76158905029297,12686300
2024-04-08,57.82722131503842,58.43671998875559,57.81784600825642,57.88348388671875,10708300
2024-04-09,57.90224027779608,58.22105437544193,57.11458212931787,57.817848205566406,10301200
2024-04-10,56.74888689642043,57.489661388559064,56.23315913268968,56.43007278442383,18088000
2024-04-11,56.58947183308076,57.0958242336061,55.792438429176634,56.927040100097656,18181900
2024-04-12,58.408593988163354,58.69927501675699,55.08917717721864,55.96122741699219,28561900
2024-04-15,56.430068225681886,57.11458008617068,54.56406739624279,54.911014556884766,19242300
2024-04-16,54.55469033197418,54.901633904443344,53.204420845097125,53.46697235107422,23211400
2024-04-17,53.90769017482545,55.22045136210008,53.78578972087264,54.54531478881836,15971600
2024-04-18,54.84537914518514,55.29546900888844,54.32027251569983,54.685970306396484,12272500
2024-04-19,54.60157612697507,55.7361778381855,54.60157612697507,55.454872131347656,13410100
2024-04-22,55.73617346659653,57.25523060296878,55.51113034957566,57.15208435058594,14513100
2024-04-23,57.27399100293596,58.85868260803497,57.217728429081774,58.76491165161133,17427800
2024-04-24,58.25856701310167,58.82117848439426,57.98663658527843,58.5773811340332,10123000
2024-04-25,57.98663054491396,58.539866650753865,57.2927397974044,57.93974685668945,13339100
2024-04-26,57.6771923997036,59.29001704677386,57.6771923997036,58.75553512573242,16364100
2024-04-29,58.83054841803717,59.411913993516535,58.09914932424473,58.380455017089844,10857100
2024-04-30,58.05227248218564,58.45547866769706,57.47090683816775,57.50841522216797,11163400
2024-05-01,57.6490572702499,58.389831641783495,57.08644590632322,57.527156829833984,14086600
2024-05-02,58.3148173393599,58.3148173393599,57.18021568073385,57.705322265625,11292500
2024-05-03,58.17824181940044,58.78357854844699,58.08365987227411,58.18770217895508,11048900
2024-05-06,58.698457620136686,59.530788917954254,58.37687392523027,59.407833099365234,13386700
2024-05-07,59.41728424002518,59.73886790456046,58.61332688272195,58.641700744628906,10158200
2024-05-08,58.30119431841899,59.54023788392658,58.17823491529056,59.351070404052734,9755200
2024-05-09,59.00111901176305,59.99424387369473,58.915993817422056,59.890201568603516,11563000
2024-05-10,60.13611980627343,60.45769986164075,59.70103347945605,60.08882522583008,9548700
2024-05-13,60.173950905302036,60.48607782001332,59.93749243345528,59.96586990356445,6617900
2024-05-14,60.069908034898596,60.50499436113386,59.80507570350575,60.14557647705078,8322500
2024-05-15,60.18340891447406,60.902241053266316,60.15503144547306,60.7603645324707,9461300
2024-05-16,60.627952520619544,60.977913667051254,59.99424552931411,60.66578674316406,11682200
2024-05-17,60.892777396624126,61.05357462675905,60.438781214031636,60.599571228027344,8418400
2024-05-20,60.59956967490161,60.7698200430452,59.51185939043642,59.738861083984375,11792100
2024-05-21,59.83344654535116,61.36569634089785,59.77669882467111,61.233280181884766,11197200
2024-05-22,60.80766797651588,61.460295737637644,60.19287444086472,60.36312484741211,8855300
2024-05-23,60.34419836902082,60.56173971960803,59.11461509662497,59.606449127197266,11535000
2024-05-24,59.89966137244965,60.50499447856236,59.842910040725364,60.1361198425293,9424600
2024-05-28,59.80507485217336,60.12665851060257,58.97274004069722,59.067325592041016,8404400
2024-05-29,58.22553123209897,58.811947189977545,57.885030479759905,58.651153564453125,7224200
2024-05-30,58.73628288766132,59.09570077466386,58.27282630395929,58.57549285888672,10061500
2024-05-31,58.64170002154376,59.01057465406552,58.11203175470208,58.93490982055664,17351600
2024-06-03,59.51186241807865,59.58753085580074,57.998529744333815,58.5660285949707,11373900
2024-06-04,57.71477878423903,58.670069332623896,57.468859976251515,57.72423553466797,10424200
2024-06-05,57.960696024104166,58.50928137809967,57.62965562639635,58.424156188964844,8780700
2024-06-06,58.45252952082504,58.68898797649834,57.93232163995773,58.58494567871094,8537900
2024-06-07,58.263362445555344,59.19973952417575,58.24444894406943,58.43361282348633,8260800
2024-06-10,57.932326817526565,58.320118575165985,57.44995311239266,58.102577209472656,9302300
2024-06-11,57.47832130242005,57.497238411666,55.70961308072506,55.93661117553711,16966800
2024-06-12,57.610742923254556,57.89449237271712,56.655452268180944,56.759490966796875,15398500
2024-06-13,56.51357523652801,57.09999124127507,55.946076342652795,56.96757507324219,9358200
2024-06-14,56.2203640735978,56.58924231459313,55.48261480774691,56.11632537841797,10511000
2024-06-17,56.01228495966853,57.251325064969485,55.66232381731435,56.806785583496094,15527500
2024-06-18,57.09999357083664,58.291746347893614,56.83516122396625,57.48778533935547,15768100
2024-06-20,57.14728117223501,57.714783663830765,57.08107308942599,57.336448669433594,9519200
2024-06-21,56.9391981243387,56.99594584580799,56.12578044129433,56.74057388305664,18976200
2024-06-24,56.84461286531965,58.43361401982812,56.598697652201096,58.01744842529297,13290500
2024-06-25,57.88503553707508,58.48091190572913,57.56345186599972,58.24445343017578,11643100
2024-06-26,57.91340634579537,58.08365672786211,57.27969939660124,57.93232345581055,12409300
2024-06-27,58.16878111217237,58.575489951683544,57.65802997305558,58.21607208251953,11285100
2024-06-28,58.67007087022129,60.13611618193008,58.461989882705026,60.022613525390625,20053200
2024-07-01,60.20232823113502,60.817121699691185,59.57807801127842,59.99424362182617,15334400
2024-07-02,59.86182802452876,61.204910422299676,59.85236766506842,61.176536560058594,10965600
2024-07-03,61.176529411190614,61.68728052026543,60.92115746472275,60.96844482421875,6574100
2024-07-05,61.00628394383584,61.0630316662468,60.29690854914007,60.56174087524414,7226200
2024-07-08,60.81711820333198,61.35624319821081,60.74144976499895,61.233280181884766,10349000
2024-07-09,61.29003093006798,63.14386424569735,61.23327599712717,62.94524002075195,16904300
2024-07-10,62.67095010316386,63.36140474157547,62.633115884928536,63.351951599121094,9817100
2024-07-11,62.604745001415615,62.89795118650381,61.77240659294906,62.15074157714844,20112300
2024-07-12,63.00200042652436,63.07766887492619,59.9185797074838,61.025203704833984,30125400
2024-07-15,61.17653532541637,61.999413394500515,60.419868947008446,61.61161804199219,16656600
2024-07-16,61.47920011686232,63.862698238599265,61.195447076020976,63.62623977661133,21170200
2024-07-17,63.21953028896045,64.13699026670444,63.01145290608922,63.94782638549805,17215300
2024-07-18,63.89107784393504,64.08024172271236,61.32786182482385,61.37515640258789,15796200
2024-07-19,61.41299379417321,62.40612224940787,61.05357951947313,61.61161804199219,8583100
2024-07-22,61.611612035411,62.093989285166636,60.67523861094107,61.00627899169922,9925100
2024-07-23,61.01574676312803,61.517037574342915,60.79820179154837,61.157623291015625,6961200
2024-07-24,60.91169915908949,61.16707111416337,60.1171986097772,60.2117805480957,11591100
2024-07-25,60.35366679257877,62.09400143789451,59.90912367306875,60.88333511352539,12819700
2024-07-26,61.05357568870612,62.09399144272806,60.94953339168999,61.64944839477539,9661300
2024-07-29,61.76294957680549,61.800776578327586,60.66577891304635,60.817115783691406,7901900
2024-07-30,61.488660559435075,62.642579010086905,61.488660559435075,62.30207824707031,13554300
2024-07-31,62.33991472969869,62.453410177397316,61.318412403571934,61.365699768066406,15046500
2024-08-01,61.55487128947961,61.68728745678069,58.594410203692874,59.85236740112305,18052700
2024-08-02,56.437906727854056,57.31753253799365,55.23670085747458,55.57719802856445,30289300
2024-08-05,51.642867876346294,54.3357833112625,51.0985517717864,53.676876068115234,27977300
2024-08-06,53.84875999735776,55.06152734239881,53.56228035396855,54.01110076904297,16643100
2024-08-07,55.54854971554192,55.81593390846884,53.35220063548,53.58138656616211,19221200
2024-08-08,54.288035057036005,55.72998846263187,54.24984043838475,55.38621139526367,17933300
2024-08-09,55.4148537739159,55.82547594409172,54.86099359914928,55.23341751098633,11421000
2024-08-12,55.67268655352303,56.035562722168585,55.1283741219479,55.23341751098633,15123500
2024-08-13,55.60584615798433,55.6631435503717,55.166577078041314,55.52945327758789,7478500
2024-08-14,55.73953770151436,56.847261813416964,55.65359343236731,56.60852813720703,12419500
2024-08-15,57.6207559751481,58.26056043154465,57.39157006010683,57.79264450073242,14159000
2024-08-16,57.611208209267716,58.7475791121571,57.611208209267716,58.63298797607422,9939700
2024-08-19,58.728485826520625,59.253699198850825,58.58524416007289,59.23460006713867,8882500
2024-08-20,58.81442720662947,58.919470604489156,58.33695986565757,58.54704666137695,8661300
2024-08-21,58.632992318478806,58.680738325150564,57.18149113037902,57.80219650268555,14414900
2024-08-22,58.01228521018717,58.01228521018717,57.40112756201218,57.6971549987793,7848500
2024-08-23,58.126874067038266,59.64522038308586,58.00273517906255,59.33964157104492,13299700
2024-08-26,59.549725515951295,59.77890779260313,58.795326266166896,59.00541305541992,9384200
2024-08-27,59.12000992043839,59.37784273873678,58.69028855660774,58.90037536621094,7294800
2024-08-28,58.585243857398915,59.19640514066978,58.394259826837825,58.80488204956055,7692900
2024-08-29,59.2154932459457,59.41603228148874,58.41334803213284,59.09135437011719,8368000
2024-08-30,59.15820830497009,59.87440936521722,58.88127635407233,59.81711196899414,10806500
2024-09-03,59.24414859355029,59.578374275406404,58.222368774405346,58.690284729003906,11055200
2024-09-04,58.79532503980682,59.272792356123446,57.6876010116637,58.21281433105469,11436800
2024-09-05,58.833525354877914,59.00541388618018,57.620757891928214,57.89768981933594,10243900
2024-09-06,57.96453508985119,58.32741128375718,56.150157763107885,56.42708969116211,14094000
2024-09-09,57.2101401722295,57.93588897236828,55.54855212050962,56.856815338134766,19811700
2024-09-10,57.19103471017984,57.19103471017984,54.13524314946888,55.338462829589844,22482300
2024-09-11,54.99468245099495,54.99468245099495,53.648224842748256,54.717750549316406,16569400
2024-09-12,54.78460117358037,55.25252076620684,54.26893921864483,54.74640655517578,12937800
2024-09-13,55.10927751423689,55.65358997071637,54.8418969792046,55.07107925415039,10379400
2024-09-16,55.319363602828446,56.14060797037667,55.319363602828446,55.75863265991211,9912700
2024-09-17,56.207450346133854,56.732663640169314,56.11195470180881,56.618072509765625,10630400
2024-09-18,57.05735037375754,58.13642764348425,56.61808127025353,57.200592041015625,13638700
2024-09-19,58.17461999687096,60.32322306527492,57.869041185232,60.17998504638672,21860600
2024-09-20,59.702517776388575,59.826660307151066,58.900372484084436,59.33964157104492,18331800
2024-09-23,59.41604193430761,60.03674734265019,59.36829228207686,59.75981903076172,11508200
2024-09-24,59.85530143091534,60.06538821005129,58.36560213327087,58.60433578491211,12046200
2024-09-25,58.36560421445654,58.527944997610234,57.401121830260685,57.65895462036133,12763800
2024-09-26,58.29876316671408,59.20595186743373,58.117326883684875,58.929019927978516,12844500
2024-09-27,59.215496451937206,59.78845943155948,59.00541330458367,59.08180618286133,8144600
2024-09-30,58.90037340294971,59.81710985337389,58.480203440535334,59.77891159057617,11316400
2024-10-01,59.41603631348826,59.5401751977409,58.26056259465162,59.024513244628906,13550100
2024-10-02,58.919473500855304,59.71206743158193,58.54704953943547,59.23460006713867,7380800
2024-10-03,58.728482939543056,58.881272342942594,58.18417046225803,58.54704666137695,7939800
2024-10-04,59.654774810542534,60.0940439198919,59.02451802323654,59.81711196899414,10097900
2024-10-07,59.67387183206271,60.18953380868454,59.272797358260355,59.77891159057617,6954300
2024-10-08,60.06539013186747,60.5046591906732,59.67386707636035,60.39006805419922,8245700
2024-10-09,60.32322301148804,61.35455423194001,60.19908412378631,61.23041534423828,8636400
2024-10-10,61.11582155317191,61.22086495431232,60.26593024254401,60.61925506591797,8708600
2024-10-11,61.23040780123175,63.12117418689564,61.211305029739506,62.77739715576172,15512400
2024-10-14,62.844252669417905,63.436314828776645,62.6914669000964,63.03524398803711,14682900
2024-10-15,63.74189436199431,64.13342110533823,59.71206856397865,59.81711196899414,35348100
2024-10-16,60.581051053436056,61.53598931735809,60.54285643710836,61.354549407958984,20208800
2024-10-17,61.81292972839475,62.2330960652597,60.89618959757426,61.08717727661133,13439600
2024-10-18,61.23041798599188,61.23041798599188,59.903055641041064,60.01764678955078,13841200
2024-10-21,59.96034985890416,60.07494100134076,58.94811777948511,59.04361343383789,12188500
2024-10-22,58.814425750804006,60.81978707613284,58.53749382562635,60.695648193359375,14347300
2024-10-23,60.332770878909294,60.76249219569657,59.79800616881996,60.25637435913086,8720500
2024-10-24,60.17043260115431,60.447364532702196,59.57837411936554,60.160884857177734,11420300
2024-10-25,60.78159036627731,60.867534628278236,58.909915731900035,58.97676086425781,9697800
2024-10-28,59.5401752015294,61.45004454102079,59.41603631726886,61.268611907958984,14637700
2024-10-29,61.182668520571035,62.003912980088,60.95348622285608,61.77473068237305,13134100
2024-10-30,61.30680129918371,62.29039010348597,61.249507551863,61.593284606933594,11717600
2024-10-31,61.65058022052244,62.08984929628271,61.20175975806187,61.27815628051758,10042800
2024-11-01,61.43094837247357,61.88931292895063,60.81978713066867,60.83888626098633,11557700
2024-11-04,60.68474957597783,61.301326836728585,59.95256132251855,60.06816864013672,9419600
2024-11-05,60.69438084951219,61.407300590816035,60.43426163343202,61.33985900878906,12649800
2024-11-06,65.89675908229977,67.5249049667021,65.7907841764878,66.50370025634766,41957700
2024-11-07,65.70408097587345,66.42663321835086,65.28018865841013,65.61737823486328,18582000
2024-11-08,66.2050419837864,66.60003331203008,65.59809351207966,66.11833190917969,14973300
2024-11-11,66.9564977517334,67.63087680340531,66.66747395805663,67.24552154541016,19173100
2024-11-12,66.9853941779549,67.42855857513413,66.34955216467338,66.49405670166016,15766500
2024-11-13,66.54223299336591,67.23588420511082,66.29174620019575,66.36882019042969,10525300
2024-11-14,66.76381368317713,66.76381368317713,65.00078488219486,65.65589904785156,15043500
2024-11-15,65.5113954368544,66.43626131394126,65.40542053269209,66.24358367919922,15372900
2024-11-18,66.1665038818129,66.74454408552012,65.86785136910318,66.47479248046875,11519000
2024-11-19,65.51139910531445,66.36882712323717,65.22237528683624,66.08943939208984,14428200
2024-11-20,66.609677924848,66.94686747997092,65.51139917377276,65.7811508178711,10495600
2024-11-21,66.28212355554932,66.92760174517406,65.90639700635397,66.42662811279297,11390300
2024-11-22,66.38809241381472,67.63087559393048,65.94492064472102,67.28404998779297,16671600
2024-11-25,67.86209881262255,68.58465094699824,67.46710011774391,68.16075134277344,19558100
2024-11-26,67.78501818539061,67.90062916163842,66.79271452734747,67.19734191894531,11605200
2024-11-27,67.21660473794195,67.82355315744127,67.11063720059549,67.59233856201172,9736100
2024-11-29,67.69832712353482,68.48831730758711,67.65016138254269,68.27637481689453,8606500
2024-12-02,68.65208115197018,69.02780763168846,68.28598340750035,68.7773208618164,11932600
2024-12-03,69.54805293594889,70.1357292526816,68.6617167425646,68.80622863769531,17544200
2024-12-04,68.88330078125,69.09525057506728,67.91989797312063,68.88330078125,12331900
2024-12-05,69.20123859098031,70.18390640748483,69.01818967067612,69.58660125732422,14307600
2024-12-06,69.66365448169613,69.9430421771846,69.08561426869726,69.50951385498047,8781100
2024-12-09,69.65403268515543,70.13573413567467,69.21086088251859,69.23013305664062,11957500
2024-12-10,69.3649936018319,70.69448666646916,68.96036623653089,69.84669494628906,16833400
2024-12-11,70.32840928500295,70.57889608845214,68.66171909115562,69.32646942138672,22533600
2024-12-12,69.2301280746304,69.68292858156254,68.79659974043344,68.81586456298828,8893000
2024-12-13,69.08562639526004,69.27831140020162,68.17039650987704,68.41124725341797,9819900
2024-12-16,68.6617150616448,69.14341646683438,68.23782282320045,68.87366485595703,11833800
2024-12-17,68.30526211543861,68.73879044885636,68.20892330247692,68.5172119140625,12639000
2024-12-18,68.57501697798712,68.85440469392779,65.43432154553679,65.62700653076172,18028000
2024-12-19,66.6771124112564,67.28405357930443,65.81968443647621,65.91602325439453,13464300
2024-12-20,65.79077299127614,67.6886775361031,65.54028622465353,66.6578369140625,27720100
2024-12-23,66.82162242219007,67.32258867129654,66.34955708262316,67.21661376953125,8248000
2024-12-24,67.53453964659776,68.603917419198,67.38039900965228,68.40160369873047,6544900
2024-12-26,67.95844599962084,68.8544110506364,67.92954508671409,68.73880004882812,6341700
2024-12-27,68.26672788508544,68.91220604326956,67.95843926101388,68.40160369873047,7743100
2024-12-30,67.61161297829032,68.23782630704378,67.23588645107435,67.81392669677734,6664400
2024-12-31,67.96807468239442,68.36306603272227,67.58271206853225,67.81392669677734,6393000
2025-01-02,68.34380451752301,68.55575433291483,67.1010138865099,67.38040161132812,9827400
2025-01-03,68.28599270838592,68.48830642885345,67.29368892934872,68.40160369873047,11342900
2025-01-06,69.58658886071493,71.28217253027532,69.24939199387101,70.07791900634766,19199700
2025-01-07,71.19547795771895,71.57120451219699,70.0779270314492,70.98352813720703,18309400
2025-01-08,70.76192946491086,70.78120163612518,70.0297486627205,70.57888793945312,13742800
2025-01-10,69.80816907737695,69.80816907737695,68.42086663228122,68.7869644165039,13217700
2025-01-13,68.38232715174433,70.32839737939669,68.38232715174433,70.1068115234375,16720600
2025-01-14,70.63669157561175,71.28216967453426,70.4632787811063,70.81010437011719,19576000
2025-01-15,73.41129679123695,76.34967852632882,73.08374333889527,75.4055404663086,44903000
2025-01-16,74.98164269020953,75.87760760019174,74.9142047873154,75.63675689697266,21463100
2025-01-17,75.67530394539948,77.5057636529073,75.29957738647474,77.0625991821289,22084800
2025-01-21,77.48648161474162,78.85451172282887,76.99514416599666,78.68109893798828,21297400
2025-01-22,78.48842101349992,79.2687748670194,78.2572064180459,78.70037078857422,14725700
2025-01-23,78.99903929938374,79.7408563123837,78.8063616557991,78.97977447509766,14435200
2025-01-24,78.5076908695068,79.11463932800116,78.36317898176148,78.49806213378906,16025200
2025-01-27,77.79477688561659,78.43062626812419,77.28417457248904,78.10306549072266,12782800
2025-01-28,78.24757392154943,78.4209867136383,76.57125516481024,77.01441955566406,16521700
2025-01-29,76.95661656784151,78.61367063630802,76.95661656784151,77.67916870117188,10573000
2025-01-30,78.3150117184459,79.59633916107737,78.02598794861721,78.86415100097656,10775500
2025-01-31,78.70039222976384,79.32659829013168,78.10307973274763,78.44990539550781,12818300
2025-02-03,76.15081724892909,77.51862528961205,74.58899734766099,77.22760009765625,20998500
2025-02-04,77.71264217942024,77.83874915685388,76.01501238566374,76.13142395019531,13417700
2025-02-05,76.67466291199678,77.21790207620941,75.8694995785541,77.08209228515625,10736100
2025-02-06,77.83873713251768,80.03110648551342,77.53801655528052,79.86619567871094,19545700
2025-02-07,79.96320389388327,80.42884269235626,78.91552214812728,79.27445220947266,10310300
2025-02-10,79.1871399861939,79.37145641926502,77.673826875733,78.31407928466797,10681600
2025-02-11,78.05215911187067,79.09013807508681,77.81934340639468,78.68270874023438,9993800
2025-02-12,77.77084108177056,78.85732676974601,77.61563306981877,78.83792114257812,10448100
2025-02-13,78.96403275943277,79.67218270369676,78.36258415655433,79.64308166503906,11108400
2025-02-14,79.94380486382447,82.13616685653335,79.76919124129144,82.07796478271484,16035000
2025-02-18,81.42802782093646,82.2040827126943,81.04969948847533,82.09737396240234,17907000
2025-02-19,81.54442845011792,81.70934667592641,80.95268264271806,81.42802429199219,9710800
2025-02-20,81.3310079735529,81.54442545705427,78.51779903962513,78.90582275390625,15160300
2025-02-21,79.3520639840919,79.45877272669895,77.22759934628708,77.26640319824219,14907800
2025-02-24,77.81935355407876,78.27528961252033,74.7636183420604,76.18962860107422,12830000
2025-02-25,76.81046792305926,77.18879623188911,74.17186517352324,75.80158996582031,14501400
2025-02-26,76.44184149110262,77.69323055816119,76.1217152641444,76.7037582397461,13115000
2025-02-27,77.17909649252745,77.9648615815366,76.30603568419475,76.50975036621094,8485900
2025-02-28,76.84926133804277,77.57681681791405,75.28744164916625,77.55741119384766,21233600
2025-03-03,77.6059301464998,78.02306231708036,73.96815217088262,74.8606185913086,20121100
2025-03-04,72.30933275456624,72.61975620680937,68.5163390276753,70.18486785888672,33983900
2025-03-05,70.42738403102429,71.32955331502134,69.55431578827253,70.776611328125,17214200
2025-03-06,69.66102928077777,70.22367412007104,67.94400112075144,68.46784210205078,18550800
2025-03-07,68.07980558730877,68.6230447544881,66.03294849529985,68.35142517089844,18212900
2025-03-10,66.44036687188797,66.67318996306118,64.07339132024589,65.39269256591797,22378400
2025-03-11,65.27628867906364,66.42097644119835,64.18980299601228,65.4800033569336,21269200
2025-03-12,66.73139282097894,67.0418162117873,64.86885247612877,65.9165267944336,16131100
2025-03-13,66.35307894722064,67.07093180657908,64.73305675608343,65.21809387207031,17125200
2025-03-14,65.93594483868593,66.93512008476415,65.5576164911627,66.7217025756836,12727300
2025-03-17,66.82840409873675,68.25441420866784,66.62468942604346,67.84698486328125,12531700
2025-03-18,67.87609563720527,68.38053098464039,67.5074626899651,68.11861419677734,12289900
2025-03-19,68.25441174039976,70.01994624097307,67.58505826784317,69.30209350585938,14400600
2025-03-20,68.85586425362203,70.7960124924822,68.42902927272777,69.67072296142578,15315600
2025-03-21,69.14687906878679,70.08785210825344,68.65213921689733,69.82593536376953,21724000
2025-03-24,71.06762324999202,72.12500035654787,70.49527574193365,71.82427978515625,15310600
2025-03-25,72.1250053787606,72.56154314942125,71.51386138112905,72.24141693115234,10922200
2025-03-26,72.58094426552867,72.81375997850851,70.87361176782763,71.04822540283203,12345800
2025-03-27,70.8057053361112,70.8057053361112,69.6125183571041,69.69982147216797,13155800
2025-03-28,69.44759928158622,70.03934505775966,67.59476165210314,68.22531127929688,13630700
2025-03-31,67.42014654585304,69.06926947215509,66.3627693827591,68.86555480957031,15568400
2025-04-01,68.27380834359309,68.75884536411014,67.20672837867107,68.42902374267578,10957100
2025-04-02,67.58505962728832,69.80653016683323,67.5171547374803,69.61251831054688,9731700
2025-04-03,64.18979994721006,64.80095135287051,61.01766096950354,61.163169860839844,39469500
2025-04-04,58.4469635850305,58.61187440311961,54.62487302469307,56.39040756225586,51730500
2025-04-07,54.47935790939065,59.49464261780225,53.848808303510644,57.0888557434082,37487700
2025-04-08,59.40733748639762,60.78484088516488,55.84716373652221,57.011253356933594,30272300
2025-04-09,55.06140440432435,63.782372210023254,54.39205460610142,62.230255126953125,49437900
2025-04-10,60.231901371703856,60.62963160702437,57.311979941746735,59.746864318847656,25912800
2025-04-11,59.05811349124904,60.44531977958504,58.126839523174176,59.79536819458008,24776000
2025-04-14,61.454190001291686,62.50187175860839,60.82364408486709,61.32808303833008,20385900
2025-04-15,62.26905549030058,64.30620951025809,61.929527353281784,62.40486526489258,24738400
2025-04-16,61.172877857259145,61.91013259056722,59.46554526348374,60.24160385131836,21922600
2025-04-17,60.31921014769634,61.87132728701501,59.989384793023724,61.3571891784668,14656300
2025-04-21,60.87215155015512,61.25047986810169,60.096092987631486,60.81394577026367,15136000
2025-04-22,61.61910729316862,63.02571547866686,61.609404479864075,62.6182861328125,13252300
2025-04-23,64.48082879507665,66.76050152707138,64.1801081822365,64.31591796875,17243900
2025-04-24,64.27711223779792,66.29486075038022,63.81147341115397,66.12025451660156,13672300
2025-04-25,65.82922968430648,66.6537911974358,65.73222375354035,66.38217163085938,12253400
2025-04-28,66.60529674340592,67.32314956421862,65.74192391431612,66.23666381835938,14304800
2025-04-29,65.99414117625902,67.04182300174998,65.93593909742448,66.8187026977539,8862800
2025-04-30,65.489696682287,66.60528324325318,64.72333734738115,66.33365631103516,15756500
2025-05-01,66.16875786176954,66.83811140351196,65.85833442522261,66.1008529663086,9682300
2025-05-02,67.49774681936739,68.7103392497193,67.28432936745315,68.4775161743164,13291200
2025-05-05,67.7441593225675,69.36736305442999,67.70504517068701,68.68287658691406,10318500
2025-05-06,67.91037846694577,68.71219980697828,67.63658690599719,67.92993927001953,7744300
2025-05-07,68.20373418407507,69.12289800695757,68.10595254468055,68.6926498413086,11619200
2025-05-08,69.42602266794945,70.63853139750258,69.377128118586,70.05183410644531,12698400
2025-05-09,70.4429751269903,70.6580992291689,69.70960157516049,69.86605072021484,8941900
2025-05-12,72.94621870381265,73.97294462633081,72.64309336642177,73.24935150146484,18464100
2025-05-13,73.46446617689624,74.57919331205129,73.3666845345646,73.89471435546875,12397800
2025-05-14,73.9533849934368,74.17828949459788,73.30802015839716,73.62092590332031,11372000
2025-05-15,72.9364379844504,74.48141333267277,72.81910299513713,74.27606964111328,12627700
2025-05-16,73.70891533882113,74.20761135436557,73.45468459072887,74.0413818359375,14008700
2025-05-19,73.33735965215652,74.628096883624,73.13201594036192,74.44230651855469,12691700
2025-05-20,74.16851267082768,74.3640834335052,73.74804485639824,74.2174072265625,8930900
2025-05-21,73.31780337948805,73.74804413263264,71.57725717991795,71.7923812866211,17143800
2025-05-22,71.59681798612462,72.27152405528236,71.3034655751182,71.7923812866211,12067800
2025-05-23,70.06162385067839,71.77282886292676,70.06162385067839,71.46969604492188,9851900
2025-05-27,72.51597180738358,73.87515669916544,71.86081917545323,73.79692840576172,12148500
2025-05-28,73.89471377672959,74.07072371565248,73.13200652815078,73.36668395996094,9993200
2025-05-29,73.92405398020244,74.04139643648753,73.02445086280183,73.85560607910156,11879200
2025-05-30,73.6404805223964,73.84582422165491,72.828886128259,73.65026092529297,12512200
2025-06-02,73.49380979310433,74.21740292239258,72.65287421301475,74.11962127685547,9073400
2025-06-03,73.95338531582915,75.03877875519524,73.76760242476769,74.83343505859375,9802600
2025-06-04,74.80409572653055,75.86015533901478,74.65741953697537,74.70631408691406,10119600
2025-06-05,74.9116617898007,75.5570266141245,73.98272497318298,74.97032928466797,14760500
2025-06-06,75.98727520919562,76.67176164743064,75.76237817083054,76.52508544921875,11515200
2025-06-09,76.85754052134673,77.16067330455513,76.3784052617902,76.43707275390625,9288000
2025-06-10,76.1046152432668,76.5837505126344,75.80148245385125,76.30017852783203,10942400
2025-06-11,76.46640796772729,77.1704477276775,76.13394889234031,76.64241790771484,9030500
2025-06-12,76.07527505739084,76.52507654202735,75.62546611249387,76.49574279785156,6739700
2025-06-13,75.33212375925561,75.51791409233557,74.42274035773586,74.66719818115234,11987200
2025-06-16,75.42013056241,76.56419893025449,75.24412061814633,76.33929443359375,10396600
2025-06-17,75.78193822715201,76.26107355416644,75.40058455418472,75.6450424194336,8078600
2025-06-18,75.68414611032003,77.21934099344294,75.54725032152648,76.61308288574219,14866100
2025-06-20,77.13133662758061,77.5126902692508,76.59353384432694,76.71086883544922,17336500
2025-06-23,76.63264938281814,77.68870162335362,75.79171378332367,77.60070037841797,12007200
2025-06-24,78.22651271976352,79.6443652787046,78.1091702649897,79.34123992919922,18393000
2025-06-25,79.34123587850027,80.8764308138371,79.28256838423938,80.79820251464844,13221900
2025-06-26,80.83731601581292,82.91032116611689,80.83731601581292,82.4996337890625,18600500
2025-06-27,82.61696908932043,82.69519738817766,81.95204346955632,82.50940704345703,21872400
2025-06-30,83.01789285187989,83.54592273809257,82.73432083186223,83.23301696777344,18035200
2025-07-01,83.11567080527657,84.56286459122477,82.89076629587655,84.35751342773438,17088900
2025-07-02,84.57263600637407,85.002884211231,83.56547085433313,84.83665466308594,13420200
2025-07-03,85.1984485162794,86.83143264937787,84.92465691367941,86.75320434570312,13229900
2025-07-07,86.17627708821453,86.8607635323929,85.20822610802873,85.65802764892578,12407300
2025-07-08,85.66780385723021,85.84381379594284,83.58502579934843,83.67302703857422,18075600
2025-07-09,84.71930823820286,84.71930823820286,83.69258232846616,83.88815307617188,9929400
2025-07-10,83.92726978652013,85.1495590209961,83.85882188779993,85.1495590209961,9586100
2025-07-11,84.01526358499237,85.03220903318541,83.72191867087142,84.80731201171875,10256000
2025-07-14,84.56286456181202,85.58958307759836,84.30862630350515,85.56024932861328,13450800
2025-07-15,86.68475168488956,89.76492196551979,86.1665022569611,88.7088623046875,39270900
2025-07-16,89.45201626892806,89.58891206277286,86.27406434276013,88.02437591552734,23321000
2025-07-17,88.13194136344345,91.13388346191363,87.8874835135346,91.02632141113281,23949200
2025-07-18,91.08498912500328,91.72058097627627,90.68407470210798,91.37833404541016,16603700
2025-07-21,91.51524107724244,91.99438385521825,90.47874213599052,90.59608459472656,11894500
2025-07-22,91.49567755300271,92.38550764717783,90.6645224117996,91.91614532470703,15282600
2025-07-23,92.40507090472826,93.8620376586914,92.38551755848056,93.8620376586914,22339800
2025-07-24,94.15538697666908,94.76164513406843,93.18733597362599,93.27533721923828,15644400
2025-07-25,93.27532861826477,94.05759665501687,92.33661145031877,93.94025421142578,13543400
2025-07-28,93.94026225815125,94.06737765440103,92.9624308585826,93.43179321289062,19370700
2025-07-29,93.87181374071025,93.97937579077575,92.26817085279404,92.38551330566406,13169900
2025-07-30,92.79619724220625,93.8620298400761,92.48329150647497,93.68601989746094,13998000
2025-07-31,93.35355300993433,94.01847857528807,91.4761187525569,91.62278747558594,14638800
2025-08-01,89.81380383185771,89.98981376508908,85.99048731036058,89.79425048828125,17725600
2025-08-04,90.30606627166378,91.35922663516737,90.08952736358025,90.63087463378906,11611400
2025-08-05,90.87694665393478,91.26080837845852,88.26864986497985,90.0796890258789,19836100
2025-08-06,90.43402085122908,91.17221760423233,90.1682733242512,90.77851867675781,13153600
2025-08-07,91.77262004818886,91.78246477436838,89.66629920531939,89.79425811767578,12964000
2025-08-08,90.52260370116562,91.82182961911998,89.90251365463207,91.27064514160156,10772600
2025-08-11,91.56592411325451,91.70372023984442,89.37102330448266,90.85725402832031,12133300
2025-08-12,91.75293852084287,94.25296581963576,91.54624432609131,94.2332763671875,21046400
2025-08-13,94.48918355001001,94.68603301200895,93.09153284557094,93.16043090820312,16605000
2025-08-14,92.97341743290919,93.98720641651185,92.74704130553752,93.95767974853516,13288800
2025-08-15,93.95768677921275,93.99705817590294,92.11711340790836,92.21554565429688,12000400
2025-08-18,91.88088694605595,92.87499400134415,91.86120500357157,92.73719787597656,8780700
2025-08-19,92.49113125695291,92.86514823456916,91.95962870392421,92.2647476196289,11504400
2025-08-20,92.05805513467227,92.27459405020218,89.25290897741127,91.70372009277344,13447400
2025-08-21,91.38876096975218,91.39860569621611,90.02063685498348,91.13285064697266,17635200
2025-08-22,91.49702732723958,94.11516878764792,91.3789131416598,93.76083374023438,20124400
2025-08-25,93.73130459853043,93.94783600239255,93.38680677700873,93.50492095947266,8647000
2025-08-26,93.18995124652312,94.23326684103507,92.55017927449548,94.21358489990234,11031100
2025-08-27,93.6525646774952,95.91636359075362,93.59350382979224,95.34549713134766,11315600
2025-08-28,95.83762720050633,95.95573387589411,95.02068765222077,95.29627990722656,10878900
2025-08-29,95.1289671022786,95.46361273012612,94.53841113533636,95.05022430419922,8362600
2025-09-02,93.52459669441583,93.52459669441583,91.49701884064393,93.28837585449219,15128800
2025-09-03,93.39665059277291,93.74114090161211,91.93010184410002,93.5344467163086,14158800
2025-09-04,93.80019938126098,95.62108311862396,93.80019938126098,95.55218505859375,12900100
2025-09-05,95.83763402270928,96.43803469642246,92.66830784588265,93.89863586425781,17020800
2025-09-08,94.35138421730812,94.45965367052465,93.15058301568874,94.3612289428711,11398800
2025-09-09,93.99705115346981,96.59550306628566,93.94783503395244,95.80809020996094,18101600
2025-09-10,95.96557833355553,96.83172649105498,94.99116071770294,95.6407699584961,12238300
2025-09-11,95.81793423040662,97.48133993475224,95.36517446961665,97.26480102539062,13426500
2025-09-12,97.22543663091282,98.13095621767854,96.89079102640957,97.87505340576172,9502900
2025-09-15,98.22938818340802,98.59356045676284,97.83568173092287,98.21954345703125,10620100
2025-09-16,98.28843655969591,99.26285416066335,97.64866454538017,99.05615997314453,12350700
2025-09-17,98.90851389471295,100.60144620890672,98.829778619814,100.15853118896484,14371600
2025-09-18,100.36522389919695,101.08373114410067,100.08963166776402,100.79830169677734,11677600
2025-09-19,100.92626788995213,101.50697910431124,100.26681388097023,101.0640640258789,24745700
2025-09-22,100.15853563106944,102.17626887835678,100.09947478561931,101.8613052368164,11474500
2025-09-23,101.90067852793253,103.92825653876666,100.79830951667934,101.37902069091797,15747900
2025-09-24,101.76288447895803,102.43218318202183,100.02074341135159,100.0502700805664,12272400
2025-09-25,99.44002373245395,100.65066972356861,98.5738755703072,100.5030288696289,11232900
2025-09-26,100.8967369584989,102.67824943298176,100.8967369584989,101.79241180419922,11296300
2025-09-29,102.51093196995033,102.74715284681416,101.26091449833811,101.53651428222656,10748700
2025-09-30,101.47744425652225,101.98926487100125,97.57976634868677,99.90262603759766,17789100
2025-10-01,99.35144055584676,99.54829001526865,97.06795228365547,97.15653228759766,13793300
2025-10-02,97.52071204606838,97.884884296925,95.17816292863137,95.80809020996094,14511900
2025-10-03,95.80809105372191,97.02858174270638,95.76872716895198,96.20179748535156,13863600
2025-10-06,97.63882319781172,98.48528942893405,95.51282040311146,96.50692749023438,10398000
2025-10-07,96.90062112050818,97.30417227085476,95.1584801412198,96.26085662841797,8519400
2025-10-08,96.6447256050705,96.6447256050705,95.0698997878191,95.17816925048828,8496000
2025-10-09,95.49313328862732,95.7687330642613,93.95768637101116,94.41044616699219,11300600
2025-10-10,94.68603148425197,96.35928192154759,92.18601181803561,92.4517593383789,18619500
2025-10-13,94.06595050440109,95.43407454128857,93.90847243657318,94.58760833740234,18463600
2025-10-14,93.8690992046561,99.62703221608237,93.54429084012975,98.26874542236328,33164600
2025-10-15,99.59750739596345,100.54239832993933,97.28448491717671,98.2096939086914,15730100
2025-10-16,98.63292751184404,99.11521395251549,93.7411425141996,94.7450942993164,20534000
2025-10-17,94.69588450517028,96.46755982707268,93.78052017374175,95.54235076904297,14007800
2025-10-20,95.9360569244983,98.03253312429061,95.59156658781781,97.73725891113281,11302700
2025-10-21,97.37307218037387,97.83567667493784,96.4281812488355,96.70377349853516,9150100
2025-10-22,96.64471711117285,96.93015407773008,93.50491798836877,94.78446197509766,14369200
2025-10-23,95.29627873140956,95.99510408635912,94.78446562261752,95.16832733154297,8189100
2025-10-24,95.85731681126562,97.94395585216766,95.81794541321165,97.2254409790039,11870700
2025-10-27,97.73725930447804,99.63688603647691,97.54040231892112,99.4006576538086,13214200
2025-10-28,99.41050319089138,99.93216106554941,98.5541921927213,99.79436492919922,8766400
2025-10-29,99.69592886199484,100.33570085625372,97.47149397044525,97.5600814819336,11878800
2025-10-30,97.07779540712285,99.86325973245405,96.7628317472875,98.64277648925781,9584000
2025-10-31,98.32780826618271,99.91247121818553,98.15064074641452,99.63687896728516,11190300
2025-11-03,99.72598473228733,100.63690334068696,98.07246795428162,100.6072006225586,10829100
2025-11-04,99.16161695973551,101.53793276988044,97.71602666747145,100.01313018798828,13449100
2025-11-05,100.25075659973747,101.27059024834307,98.03286543307385,100.68641662597656,9992400
2025-11-06,100.46858972525577,101.32999882587823,98.98339328517595,99.85470581054688,9282500
2025-11-07,99.02299481117024,99.83490185837871,96.40904980288445,99.79529571533203,14887100
2025-11-10,100.26066217318062,101.88447632784113,99.32003323764823,100.48838806152344,11270600
2025-11-11,100.63690698012749,101.08246287636456,99.32003103208531,99.76559448242188,9639500
2025-11-12,100.21115345713667,102.83500200939142,100.18145073702166,101.85477447509766,15069200
2025-11-13,101.43891507608453,102.54786448437893,99.47845998150494,99.67648315429688,11427000
2025-11-14,98.84477214387444,100.54779854504895,97.18135188622716,99.31013488769531,10134500
2025-11-17,99.09230945651976,99.29033262921143,96.2605342732498,97.22096252441406,11389600
2025-11-18,96.53776336911332,98.5873340430936,95.4288140345257,97.34967041015625,10463700
2025-11-19,97.20115137269141,99.59726640507103,97.12193908548065,98.84477233886719,8426800
2025-11-20,100.07253387128061,101.84486916157059,96.49816057113654,96.6664810180664,12633700
2025-11-21,97.16154729217307,98.34970896326506,94.88425064225444,97.72592163085938,14404700
2025-11-24,97.74572566820795,99.62697592774288,97.62690723828699,98.7061538696289,17389200
2025-11-25,99.3695432795435,100.74582470310064,98.54773277364977,100.17154693603516,10881900
2025-11-26,100.71611767564332,102.28052633111479,100.45868152312413,101.48841857910156,11384100
2025-11-28,101.78546780237329,103.3399731393703,101.49832891157767,102.57756805419922,5865200
2025-12-01,102.08250206146495,103.32016578081854,101.39931682516965,101.6666488647461,9663700
2025-12-02,102.57755770404533,103.17163472149693,101.99338411054602,102.1716079711914,8056900
2025-12-03,102.08249435492338,105.93410295445327,102.08249435492338,105.6667709350586,14003600
2025-12-04,105.60737388998717,107.6371378653206,105.57766361516093,106.7262191772461,12811300
2025-12-05,106.60739294842205,108.2906200228561,106.44897593142669,107.80545043945312,14936300
2025-12-08,108.12229771576087,109.16193824449114,106.67670742191761,107.84506225585938,11394800
2025-12-09,107.72624921940492,108.76588217322875,105.95391393153429,108.35002899169922,15822700
2025-12-10,108.28072238394594,110.80555935344636,108.18171079877136,109.99364471435547,16584300
2025-12-11,110.17186716561697,111.23130697690388,110.01345014220473,110.6372299194336,10829700
2025-12-12,112.18183639648666,112.31055069677016,110.09265954837294,110.69664001464844,11227900
2025-12-15,111.3402233285566,112.39966315262393,111.11249743826068,111.68677520751953,10692100
2025-12-16,111.68677359104444,112.26104379789199,109.45897896532493,110.18177032470703,12418200
2025-12-17,110.78575724350644,111.89470668556334,109.8649351091994,110.36000061035156,9949700
2025-12-18,111.11248837094713,112.7263989830927,111.01347679393743,111.71646881103516,21155800
2025-12-19,112.0828194424965,114.46903863505943,111.93430584470178,113.7264404296875,37660800
2025-12-22,114.07297868001545,117.47903135145084,113.736337804122,116.92455291748047,20178100
2025-12-23,116.99387367974475,119.08304298093356,116.90475796839671,118.22163391113281,16135000
2025-12-24,118.52857270612058,121.6276797970823,118.07311338488049,120.36031341552734,13529600
2025-12-26,120.44943177712648,120.83558224393586,118.4889691690868,119.2315673828125,10603700
2025-12-29,119.17216004466249,119.38008663470153,116.81565113678707,116.96416473388672,11000600
2025-12-30,117.1225887631593,117.24140719438422,115.37995620902475,116.0532455444336,8636100
2025-12-31,116.2413755550044,116.45920557362389,115.22154188064918,115.53838348388672,6203300
2026-01-02,116.0532485542763,117.54834841437567,115.43936464150907,117.5285415649414,9245400
2026-01-05,118.13251734207701,122.87524534309138,118.12262147185422,122.08314514160156,19993400
2026-01-06,122.45939330878069,122.94455534768557,121.00389963796657,121.2910385131836,11940100
2026-01-07,121.10291338546644,121.37025297073524,119.50880196074378,120.17219543457031,11595800
2026-01-08,119.68701784693032,121.2118203059724,118.97412996001245,119.40978240966797,14801500
2026-01-09,119.74643364098,120.53853382969568,118.96422932232753,120.1226806640625,7565700
2026-01-12,115.74630616778428,117.56814343633165,115.51857273216615,116.53840637207031,19926900
2026-01-13,116.55821340605662,117.06318229168251,114.39972769282967,115.15222930908203,18332300
2026-01-14,116.74634112645303,117.57804747843802,109.37976461870264,111.30062103271484,27984600
2026-01-15,112.72640789252256,116.79584672827555,111.63726535113629,116.30078125,18719700
2026-01-16,116.63742410274769,118.17212247925002,115.84531635390178,116.87505340576172,17153800
2026-01-20,113.33038867148484,115.37005602990796,111.28081788832284,111.68677520751953,20451300
2026-01-21,112.02340977789359,114.4492274689677,112.02340977789359,112.7363052368164,14199900
2026-01-22,113.4393004156297,115.48887113978878,112.92443565552624,114.51854705810547,11271500
2026-01-23,113.83535680132002,114.48883930174485,112.08282078534954,112.4689712524414,12164400
2026-01-26,112.77591757472214,114.3403263006206,112.73631142992853,113.68683624267578,11728700
2026-01-27,113.7660423841426,114.8254821492933,112.57788076684413,113.6571273803711,11976800
2026-01-28,113.46899850801982,114.56804440048835,112.02340831479526,113.07294464111328,11378300
2026-01-29,113.70663970128523,115.21164304214744,112.28085620701047,114.0630874633789,14443200
2026-01-30,113.29077679076772,115.49877204156292,113.05314748776398,114.56804656982422,12396600
2026-02-02,114.4187524773914,116.42924630737264,114.06044679667146,115.68277740478516,11773700
2026-02-03,116.44915116422644,118.36010977115421,114.8367755683017,117.15580749511719,15332100
2026-02-04,117.22547924881093,119.375313406514,116.37948264902901,116.87712860107422,12408300
2026-02-05,115.86193496937334,115.86193496937334,112.38836073373102,115.19508361816406,18704600
2026-02-06,116.80745806967114,122.39104623988688,116.80745806967114,122.11236572265625,15248800
2026-02-09,121.61471573831435,124.57073380019679,121.11706980448832,123.18727111816406,12887500
2026-02-10,123.13751335281343,124.41148575195756,118.93738037887142,121.57490539550781,12121300
2026-02-11,123.00811728314854,123.65505851058366,116.8074532501835,116.83731079101562,13771400
2026-02-12,117.48425415549421,118.61888628859977,110.41768334248486,110.62669372558594,19353300
2026-02-13,109.25318637340692,110.90537453978443,107.87968631206766,110.33805847167969,16665200
2026-02-17,111.77128074708547,113.97087488251526,111.46273510186654,113.24430847167969,12314600
2026-02-18,114.4983827826674,116.48896661214324,114.42871265237474,115.72258758544922,11678900
2026-02-19,114.44861282083734,115.36428713480562,113.64242881621507,115.0059814453125,8085300
2026-02-20,114.71734356104622,115.58324263188668,113.30402332846204,115.453857421875,12986800
2026-02-23,114.79696278386743,116.35957833867243,108.34747559821936,110.22857666015625,17996400
2026-02-24,108.93469148181357,110.8755151727766,106.99387538432484,109.04417419433594,14981000
2026-02-25,110.79589564770406,113.97087928571067,110.30820473564299,113.80167388916016,13649100
2026-02-26,114.15997683949979,116.4491512257723,113.92110891187619,115.6429672241211,14759400
2026-02-27,112.64713958065602,112.64713958065602,108.14842345251766,109.67121887207031,29106900
2026-03-02,105.75971798273174,111.36320856992064,105.69999530598076,110.92527770996094,18976600
2026-03-03,106.92420916908699,111.85090103892487,106.24741037304199,110.23853302001953,15813300
2026-03-04,111.1442414443616,111.80113772427976,109.9697967325021,110.79589080810547,13042200
2026-03-05,110.04942548329313,111.0745749291009,107.38204287776121,108.43704986572266,15549100
2026-03-06,104.69475491324286,106.08815746548743,102.60463589792722,106.0284423828125,16586900
2026-03-09,103.95823364191168,106.54599860004386,101.52972662263565,106.0881576538086,18525600
2026-03-10,107.89959394561575,110.3878235900385,106.86448950231897,108.45695495605469,17843900
2026-03-11,107.82992200923796,109.02427685870403,106.97397795164474,108.6759262084961,12958400
2026-03-12,105.85924754357099,106.49623375481339,104.14734425330403,105.0032958984375,17487000
2026-03-13,105.62038153102331,107.39199993780994,104.8938150865955,105.1924057006836,11406900
2026-03-16,106.80476901765975,108.17827666937275,106.10806774032302,106.8445816040039,11902600
2026-03-17,107.98916999255903,109.22332980915827,106.91425292964622,107.20288848876953,12758400
2026-03-18,106.60571800857774,109.03423271987032,106.60571800857774,108.15837097167969,12337200
2026-03-19,106.82467729882302,110.05937584814069,106.32703136815877,109.33280944824219,16714500
2026-03-20,109.08398918698582,110.68640973092495,108.34747531751812,109.00436401367188,29718400
2026-03-23,112.59737032242191,112.85614834353495,110.44754375921825,111.11438751220703,16883200
2026-03-24,109.65130652081965,114.25951286588675,108.97450772680733,113.20449829101562,14105700
2026-03-25,114.44861053964804,115.58324266926928,113.05520039644539,113.9410171508789,11314900
2026-03-26,113.52299340741564,114.24955984657404,111.04471866496726,111.88076782226562,12689900
2026-03-27,110.54707264891991,111.3333541726569,106.45642227250858,106.87444305419922,23143000
2026-03-30,107.94936106099759,108.90484039589278,106.01849230040065,106.76496124267578,20319300
2026-03-31,108.58634713971297,113.23435859165818,107.83987819843152,112.87606048583984,18267700
2026-04-01,114.92635416860345,116.24013914154946,113.53294402312147,114.75715637207031,13273700
2026-04-02,111.79118430258558,115.06569551788735,111.22386823145273,114.70738983154297,9833900
2026-04-06,115.25480404970176,117.14585256838842,115.25480404970176,116.80745697021484,13319700
2026-04-07,115.93160333000355,117.14585306400578,115.20503690515326,116.57853698730469,8450100
2026-04-08,121.37584181659311,123.90388410484256,121.1568839813529,122.9085922241211,16312000
2026-04-09,122.2317968686382,124.8892320357145,121.75406100484277,124.33186340332031,8835400
2026-04-10,124.65035603645741,124.8792765157003,123.02803296521297,123.80435943603516,8958000
2026-04-13,122.43085426937536,125.71531286321817,121.77395799452222,125.68545532226562,14416800
2026-04-14,127.46703964018133,130.37329013650518,126.25277472596856,128.9699249267578,17034700
2026-04-15,130.63206120177475,132.23448175999448,129.95527000299825,131.0699920654297,14738900
2026-04-16,130.6221122750529,132.14490764205263,128.6116184177723,128.73104858398438,9290300
2026-04-17,130.46286622676394,132.94114856595144,130.04484544430147,131.55767822265625,15929400
2026-04-20,131.35861441269105,132.81174719928958,131.03016627900203,132.423583984375,10151800
2026-04-21,132.97100185914488,134.65303238710462,130.64200730706807,131.06002807617188,8081400
2026-04-22,131.78660716980943,131.84632225527773,128.7907687619201,129.1192169189453,10439100
2026-04-23,128.88034997208905,129.37799590808714,126.24281739912989,127.90495300292969,9084600
2026-04-24,127.6760396694887,128.45236611192186,126.89971322705556,127.37745666503906,6835000
2026-04-27,127.25802524060359,128.79076811203748,127.03905980369169,128.53199768066406,6155900
2026-04-28,129.84578697231348,130.69177596873325,127.40730968623241,127.92486572265625,9585300
2026-04-29,127.95472532547973,128.31303102001385,125.9840515990166,127.00920104980469,12796000
2026-04-30,127.0987685633553,128.31302585781714,125.95418898942016,127.37745666503906,12127700
2026-05-01,128.03435122685735,129.86568470399803,126.26273283465288,126.84000396728516,10616500
2026-05-04,126.86000061035156,127.05000305175781,124.5999984741211,125.62999725341797,15027900
2026-05-05,126.30999755859375,128.5800018310547,126.05000305175781,128.00999450683594,13566900
2026-05-06,130.49000549316406,131.5800018310547,127.47000122070312,127.5999984741211,13363800
2026-05-07,127.62000274658203,131.22999572753906,127.05999755859375,129.08999633789062,18802300
2026-05-08,130.19000244140625,131.9499969482422,125.22000122070312,125.55000305175781,17505500
2026-05-11,125.87000274658203,128.08999633789062,124.69000244140625,125.8499984741211,11377100
2026-05-12,126.06999969482422,126.55999755859375,123.25,126.44000244140625,9937100
2026-05-13,125.0,125.8499984741211,123.76000213623047,124.0999984741211,7207100
2026-05-14,125.08000183105469,126.3499984741211,123.4800033569336,124.81999969482422,8225700
