Date,Open,High,Low,Close,Volume
2020-01-02,50.524045376393246,50.83889794858716,49.91401898693487,50.48469161987305,4201000
2020-01-03,49.24495450902685,49.58932707753136,48.77267566822561,49.087528228759766,4892300
2020-01-06,48.556213269585214,48.60541203190242,47.493586812960714,47.6018180847168,6696400
2020-01-07,47.365674784048345,47.88714861318006,47.355837284004046,47.7494010925293,5725400
2020-01-08,47.71988788889122,48.24136175135094,47.65101412416404,47.975704193115234,5021400
2020-01-09,48.349590295675455,48.4971790708088,48.14296901315955,48.408626556396484,2588900
2020-01-10,48.467663678765014,48.78252001258531,48.01506356349025,48.06425857543945,4362500
2020-01-13,48.310231447138115,48.85138777204221,48.034736411433016,48.5660514831543,4041700
2020-01-14,48.63492923263048,49.4712556615501,48.56605546805304,49.402381896972656,4406100
2020-01-15,49.697554946380606,50.12063878133539,49.29414986576543,49.62868118286133,3656000
2020-01-16,49.77627013606485,50.53388529073841,49.64836010908396,50.524044036865234,4772700
2020-01-17,50.62243821131718,51.104554561453725,50.48469068270674,51.06520080566406,6560200
2020-01-21,50.55356438691438,50.55356438691438,49.490934161745116,49.87466049194336,12100700
2020-01-22,49.864821516162806,50.21903158074043,48.93994260014009,49.07769012451172,5109200
2020-01-23,48.24135954269658,48.81203214241009,47.35583814245843,48.654605865478516,6305100
2020-01-24,48.34959109922412,48.507017377091415,46.36208199531288,46.75564956665039,6470400
2020-01-27,44.66974962093065,45.39784473510738,44.010524514125734,44.541839599609375,8099200
2020-01-28,45.06331474136753,46.10626618910997,44.65007216509548,45.75205612182617,7155700
2020-01-29,45.61430859640216,46.21449746003985,45.52575607958121,45.75205612182617,3407500
2020-01-30,43.056127082927844,45.05347747182572,43.056127082927844,44.03020477294922,14856100
2020-01-31,44.26634536262529,44.4336091407271,42.51497379933357,42.82982635498047,11796400
2020-02-03,43.04628929896661,43.40049936573228,41.42282774407016,42.062374114990234,8341500
2020-02-04,43.5087321916207,43.695674732056155,42.68224325740611,42.85934829711914,6164400
2020-02-05,43.646478105227786,44.31554072973273,43.2135530227019,43.430015563964844,6679600
2020-02-06,43.91213582459377,44.09907835882758,43.03645190913967,43.0758056640625,4534600
2020-02-07,42.28867379678651,42.33786880489869,41.30475862118886,41.52122116088867,11253000
2020-02-10,41.40315256267937,41.71800511991097,40.999743735804174,41.107975006103516,4829300
2020-02-11,41.43267016027195,42.59369041020635,41.363796395728265,42.259159088134766,5807600
2020-02-12,42.534651719955136,43.72518815725547,42.387066698639835,43.35130310058594,6867900
2020-02-13,42.564170908478005,42.898702234533474,42.07221329682813,42.5051383972168,6670600
2020-02-14,42.37722479481829,42.42641980116836,41.816393465083074,41.9147834777832,3998000
2020-02-18,41.91478837922853,42.27883972613504,41.84591461161678,42.22964096069336,6245300
2020-02-19,41.87543067495743,42.741273315714075,41.84591066780679,42.64288330078125,4625400
2020-02-20,42.423893961716125,42.66279133414877,41.995872192418624,42.304447174072266,5343800
2020-02-21,41.91624221193774,41.99587213788194,41.45835969561012,41.498172760009766,8009800
2020-02-24,39.198802785512186,39.56709924992097,37.58625411987305,37.58625411987305,15441400
2020-02-25,37.82515190403311,37.93464637235112,35.505871030445775,35.67509078979492,16153700
2020-02-26,36.00357154157434,36.02347997255062,32.23101310447575,32.98751449584961,23492300
2020-02-27,32.499771310564135,33.54493925806597,30.0510893527828,31.70345115661621,31486400
2020-02-28,31.08630293043946,33.345858579386636,30.917085064690717,33.3060417175293,24855700
2020-03-02,32.55949086395137,32.90788269042969,31.106209659953098,32.90788269042969,19716200
2020-03-03,32.86806729998772,33.18659459737257,31.016625010722716,31.683542251586914,19720600
2020-03-04,32.10160941800128,32.31064224243164,30.757820737068137,32.31064224243164,19503500
2020-03-05,30.7677752890611,30.7677752890611,27.522775127958806,27.741764068603516,33085000
2020-03-06,26.78618043827387,29.165182863450177,25.979907975521527,27.025075912475586,29767800
2020-03-09,24.32754629064039,24.63611937546,21.41102761231939,21.639968872070312,33764200
2020-03-10,23.401825535819444,24.068742794082794,20.1070561070008,23.90947914123535,45551300
2020-03-11,22.78467731888208,23.590951692425023,20.316088816150017,21.64992332458496,38235000
2020-03-12,17.827591076425684,22.3964713923511,14.632361119812144,14.901119232177734,47752900
2020-03-13,18.25561251658257,18.375059298734474,14.940934883995459,17.499109268188477,55565800
2020-03-16,14.980751137378839,17.8176369598627,14.433281643791572,14.502959251403809,50744900
2020-03-17,14.702039664952572,14.821487398371703,12.024416555626905,12.651517868041992,41578700
2020-03-18,11.108650209274758,11.4968560743917,7.863650440194611,9.257208824157715,69931000
2020-03-19,9.087990355918736,10.352146226730838,8.56042930427502,9.953987121582031,52662000
2020-03-20,11.038972398532678,13.746457291102843,10.551227234038834,11.944785118103027,80096400
2020-03-23,11.218144479075818,12.392714370174645,10.561180500179717,11.944785118103027,52551800
2020-03-24,13.995306570837098,16.60325113126529,13.039723751427163,13.61705493927002,65012400
2020-03-25,14.98075139941371,16.991456383745277,13.059631505313616,15.478450775146484,78051700
2020-03-26,15.42867998414182,19.051930676100355,14.980750755104616,17.738004684448242,97446600
2020-03-27,15.926379783427906,16.085643429376393,13.985352437179872,14.343695640563965,64592400
2020-03-30,13.37815871523935,13.408021361075706,11.656119342030607,12.741104125976562,46165600
2020-03-31,10.899616197004612,14.48305210116684,10.899616197004612,13.10940170288086,112205700
2020-04-01,12.542024481881612,12.551977747806763,8.570382794737835,8.759509086608887,182979300
2020-04-02,7.9731440607655255,8.490750907102637,7.764110289346295,7.933327674865723,262061100
2020-04-03,8.251855798818813,8.699785057279492,7.983098623456904,8.450935363769531,124436200
2020-04-06,9.237299963483343,10.909570136349352,9.097944748601979,10.163021087646484,195697600
2020-04-07,12.293174725977078,12.890413395899895,10.99915618388167,11.248005867004395,185454300
2020-04-08,11.805428715465174,12.133910223744765,11.307729345431103,11.934830665588379,108041200
2020-04-09,12.85059822960143,13.666824933794159,11.865153655131731,12.362853050231934,144691900
2020-04-13,11.715843492972414,11.765612669980644,10.899615889887844,11.4470853805542,77438800
2020-04-14,12.40266822807754,13.129308846158319,12.11400263401602,12.452438354492188,79840100
2020-04-15,11.82533775198047,12.372807276933376,11.516763709058782,12.323037147521973,55875300
2020-04-16,12.084141568913417,12.233451006668071,11.317684050247681,11.795475959777832,59788600
2020-04-17,12.651518142407136,12.711242485055005,12.203588895049899,12.502208709716797,60675100
2020-04-20,12.024417363685107,12.502209278756137,11.805429363057291,12.163773536682129,41265200
2020-04-21,11.735751379249782,12.243404976271254,11.566533513575958,11.785521507263184,40644500
2020-04-22,12.024417033662052,12.123957290111688,11.327638086373318,11.586441993713379,38548100
2020-04-23,11.636211275285778,12.332991178006496,11.596395362211986,12.11400318145752,46795200
2020-04-24,12.193634584186782,12.293174838057896,11.566533263085688,11.855198860168457,39084700
2020-04-27,12.004509685372788,13.189033814000881,11.94478534098193,12.920275688171387,54811200
2020-04-28,13.895766619653818,14.60249977173662,13.308481203929011,14.393465995788574,90378200
2020-04-29,15.687483854515428,16.752560167530323,15.558081908655065,16.613204956054688,111882500
2020-04-30,16.18518359781151,16.613205356016834,15.110153044013849,15.826839447021484,87744900
2020-05-01,14.831440906262927,15.22960097344479,13.666824299810393,13.865904808044434,63622500
2020-05-04,13.05963154168819,14.512913760847116,12.691334116534478,14.274018287658691,74722700
2020-05-05,14.184432305152464,14.821487852179548,12.870506248025725,13.029769897460938,89357400
2020-05-06,13.44783776828919,13.527469594880476,12.52211659755769,12.761012077331543,50586800
2020-05-07,12.920275324686813,13.676778602828419,12.920275324686813,13.467744827270508,39715800
2020-05-08,14.005259961733756,14.32378820390522,13.58719241517876,14.14461612701416,41461800
2020-05-11,14.005260043112457,14.22424803288662,13.577239228132406,13.786273002624512,36936900
2020-05-12,14.045076619198305,14.154571093906895,13.099447956263615,13.12930965423584,35482300
2020-05-13,12.940184318949756,12.950138534716114,11.835291999613256,12.20358943939209,57274000
2020-05-14,11.616303317316225,12.561931926028363,10.949386088698082,12.213542938232422,56189700
2020-05-15,12.074187345707434,13.03972443053803,11.895015261084824,12.721196174621582,36812800
2020-05-18,14.035123186984375,15.00065932073599,13.855951102694435,14.652270317077637,79741300
2020-05-19,14.542775757623463,14.761763753872664,13.567285414007817,14.045076370239258,51347100
2020-05-20,14.552729962548092,14.622407572959283,13.76636496902807,14.084892272949219,40132600
2020-05-21,13.836042701541814,15.060383698044426,13.836042701541814,14.532822608947754,50573100
2020-05-22,14.851349459803997,15.110153363222764,14.084891964899086,14.393465995788574,29208000
2020-05-26,15.8666566856819,16.443988871443935,15.747208941854463,16.205093383789062,59226200
2020-05-27,18.076442018884965,18.076442018884965,16.04582945832482,17.160675048828125,88455700
2020-05-28,17.260214926761194,17.319938321717558,15.6675765055357,15.85670280456543,60785600
2020-05-29,15.159922254309414,15.846747911968594,14.930981001280493,15.66757583618164,50273900
2020-06-01,15.906471541852161,17.001410544674314,15.796978021284435,16.722698211669922,42436400
2020-06-02,17.2502599780847,17.39956940841662,16.48380249752246,16.792377471923828,41632100
2020-06-03,16.633113231725037,17.56878864629708,16.493758005634174,17.170629501342773,53113200
2020-06-04,17.280122520977198,18.972299218978794,16.583342652135578,18.394968032836914,86050100
2020-06-05,22.19739195442836,22.834448462357603,20.963097699513426,21.411027908325195,113521100
2020-06-08,24.456947716345375,25.163681837273533,23.302285283642828,24.79538345336914,107262900
2020-06-09,23.770121791245753,23.790030222302327,21.829095328969462,22.933988571166992,72547400
2020-06-10,22.09785281994908,22.366609037229548,19.41027545856496,20.49526023864746,82883100
2020-06-11,17.21044513104788,18.90262185040913,16.6729288999728,17.35975456237793,79106600
2020-06-12,19.718849376287547,20.1070561930148,18.444740148057626,19.8880672454834,65140100
2020-06-15,18.05653213296844,19.72880228260879,17.86740774356254,19.35055160522461,59224500
2020-06-16,21.71960001982384,21.749462665258022,19.519769734294147,20.32604217529297,58679100
2020-06-17,19.231104197950806,19.708895158485266,18.58409536823883,19.00216293334961,44645700
2020-06-18,17.87736062753656,19.460044790935363,17.718096979521675,18.7334041595459,60188000
2020-06-19,19.211194574787626,19.260965650030066,17.409523419603854,17.74795913696289,54899100
2020-06-22,17.280123501461627,17.56878816162537,16.46389680217948,17.150720596313477,44450700
2020-06-23,17.4194778336419,17.95699406096618,17.041227150340394,17.917177200317383,33867700
2020-06-24,16.951641563593967,17.200491253554446,15.587944427238654,15.926380157470703,47046000
2020-06-25,15.149969390594151,16.165275632004068,15.040474919468352,15.926380157470703,37376700
2020-06-26,16.135412548511166,16.274769662142237,15.090244638426423,15.707391738891602,36856000
2020-06-29,15.448588598292035,16.722697745484854,14.851348986259207,16.702791213989258,36047600
2020-06-30,16.473849095992346,16.63311274935533,15.77707108717241,16.34444808959961,25267600
2020-07-01,16.86205642484103,17.747960760921433,16.11550731504584,16.284725189208984,37215100
2020-07-02,16.97154812715926,17.090996813932353,15.727300624349581,15.80693244934082,30023300
2020-07-06,15.96619735808673,16.145367543860573,15.040475238726016,15.538174629211426,34196900
2020-07-07,15.09024465638181,15.329140124726223,14.49300598552078,14.502959251403809,31134800
2020-07-08,14.46314386713558,15.4087725090945,14.204340908306593,15.24950885772705,29958600
2020-07-09,15.777070572499296,15.92638000533482,14.43328187983468,14.512913703918457,40152000
2020-07-10,14.40342028592645,16.1951382391719,14.23420242121911,16.085643768310547,61894100
2020-07-13,16.40417129035491,16.6231602350604,15.17983125768736,15.20969295501709,41340500
2020-07-14,14.901119928275532,15.110153709007157,14.532822495421952,14.970797538757324,31410700
2020-07-15,16.055781713347862,17.479202292672426,15.856703093672783,17.39957046508789,72487600
2020-07-16,16.364355699986348,16.54352777567457,15.707391738891602,15.707391738891602,42311000
2020-07-17,15.568036833624696,15.91642582749021,15.159922547626346,15.398818969726562,28043600
2020-07-20,15.488405368145747,15.876610283139781,14.84139559434528,14.930981636047363,25175200
2020-07-21,15.19973947096446,15.40877229856353,14.940935566385285,15.12010669708252,24686900
2020-07-22,15.030521383823915,15.269416854073784,14.901119433450349,15.070337295532227,17650100
2020-07-23,14.940935904107823,15.30923333850948,14.443236514491597,14.731902122497559,32436100
2020-07-24,14.522868340887293,15.279371640932657,14.393466385672724,14.731902122497559,26712200
2020-07-27,14.542775856210607,14.562684287498334,13.557331290338135,13.68673324584961,37462900
2020-07-28,13.746456985174463,14.522867734771939,13.686732643227176,14.264063835144043,31311300
2020-07-29,14.403419930421839,14.632361183324447,14.025168298017084,14.58259105682373,19415000
2020-07-30,14.164523817149327,14.453190367193123,13.94553677470305,14.274018287658691,15895300
2020-07-31,14.154570172085144,14.28397212058578,13.65687080829172,13.816134452819824,20629700
2020-08-03,13.417975300145923,13.477699645528334,12.770966463148845,13.009861946105957,34967500
2020-08-04,13.03972419174098,13.925628484404168,13.009861545326585,13.676778793334961,24159800
2020-08-05,14.134662197201733,14.204340755892014,13.607101120386297,13.955491065979004,24040900
2020-08-06,13.3881131800133,13.955491120756657,13.238803745193923,13.716594696044922,85130200
2020-08-07,13.557330946070492,14.254109885581043,13.268665344732426,14.154570579528809,36316300
2020-08-10,14.303880187478862,15.398819212393951,14.274018490228084,15.368956565856934,41905600
2020-08-11,16.414124868201856,16.443987513657657,15.548128084993909,15.747207641601562,54167600
2020-08-12,16.12546061849739,16.155321366112993,14.751809271005799,15.12010669708252,35876200
2020-08-13,14.930981112173464,15.677530167782137,14.84139507361463,15.149969100952148,21416100
2020-08-14,14.950889720878772,15.647668657896027,14.791625123049887,15.398818969726562,20937100
2020-08-17,15.329140853472117,15.368956766755698,14.612454414367676,14.612454414367676,33330600
2020-08-18,14.61245375506669,14.841395008796086,14.194386209808812,14.343695640563965,24744600
2020-08-19,14.353650524267797,15.100199611385944,14.184432655244784,14.532822608947754,26620300
2020-08-20,14.283972456209138,14.652269880155629,14.104800377262004,14.473097801208496,19955400
2020-08-21,14.403419930421839,14.861303385513258,14.373557284949685,14.58259105682373,18797400
2020-08-24,14.950889351059036,16.13541247047359,14.582590986306446,16.06573486328125,56417200
2020-08-25,16.215046982065665,16.314585340867282,15.259463169275689,15.816886901855469,38551500
2020-08-26,15.627760514778263,15.707392340515035,15.12010691374166,15.20969295501709,24425200
2020-08-27,15.597899545659782,16.60325257913074,15.577991113653013,16.04582977294922,48079400
2020-08-28,16.503711309942677,17.260214592854187,16.155321365387415,17.13081169128418,51079100
2020-08-31,17.25026030955912,17.260214524915515,16.39421677463384,16.404170989990234,43771700
2020-09-01,16.015966777328632,16.62316065034854,15.946289165389796,16.43403434753418,26417100
2020-09-02,16.52361938389353,16.692837244818982,16.135412586139598,16.63311195373535,20720900
2020-09-03,17.538926127954028,18.6537716213762,17.021318342436118,17.499109268188477,94120100
2020-09-04,18.315337389276454,18.564187087224703,17.319938597483468,18.444740295410156,66539700
2020-09-08,17.7778230933575,18.83294528487943,17.7778230933575,18.20584487915039,46728100
2020-09-09,18.046577784005827,18.136163819826752,17.18058196916672,17.5787410736084,36217900
2020-09-10,17.718097665098817,18.663727273027902,17.718097665098817,17.7977294921875,36598300
2020-09-11,18.156072984598076,18.156072984598076,17.35975474348202,17.608604431152344,23899500
2020-09-14,17.85745408125081,18.036626159768062,17.459294961530507,17.767868041992188,25838400
2020-09-15,17.120859705672178,17.150720453864114,15.777070978432779,15.85670280456543,80598100
2020-09-16,16.02591983536688,16.593296804248833,15.866655242133906,16.384262084960938,38270300
2020-09-17,15.727300538664807,16.434033693576342,15.62776028332495,16.16527557373047,30506200
2020-09-18,15.886564170013541,16.00601190671605,15.00065893619547,15.239555358886719,51607600
2020-09-21,14.682131390026703,14.821487555132704,13.93558233629653,14.224247932434082,42775100
2020-09-22,14.333741425370633,14.751808970628511,14.11475438683457,14.343695640563965,30011100
2020-09-23,14.483051868678364,14.980751239084588,14.045075891120607,14.064984321594238,31255200
2020-09-24,14.005260309603417,14.104800565745593,13.33834306159504,13.676778793334961,32679800
2020-09-25,14.483052128088007,15.020567419782854,14.10480048588997,15.000658988952637,54137400
2020-09-28,15.46849661691164,15.47845083229174,14.71199333517618,15.239555358886719,36759400
2020-09-29,15.179831069279663,15.35900314960669,14.751809299292315,15.000658988952637,23215000
2020-09-30,15.34904866834979,15.886563950735002,15.040474640829476,15.110153198242188,44374800
2020-10-01,15.359003159528129,15.359003159528129,14.63236157162176,14.960843086242676,28158400
2020-10-02,14.194386730896184,15.149969590953523,14.164524084219904,15.090245246887207,30936100
2020-10-05,15.040475170087134,15.15992290934417,14.73190208099469,14.891165733337402,22169300
2020-10-06,15.18978525556844,15.896518410820047,15.050429087882831,15.12010669708252,43724300
2020-10-07,15.408772117169875,15.976149098056654,15.21964677330302,15.916425704956055,30265000
2020-10-08,16.085644148602626,16.095598364241035,15.299279149607129,15.538174629211426,40986000
2020-10-09,15.647669081506201,15.996058084803224,15.468496997402088,15.617806434631348,33815700
2020-10-12,15.378911083381977,15.438635428342646,15.130061386403995,15.140015602111816,25968000
2020-10-13,14.642316036432792,14.761763775667006,13.915674436150185,13.965444564819336,49344200
2020-10-14,14.2640639166265,14.363604170678524,13.845996368465936,13.905720710754395,34393700
2020-10-15,13.656871248226144,13.975398547543204,13.557330992546449,13.955491065979004,29283600
2020-10-16,13.985353222074242,14.264064618126099,13.646917480796711,14.015214920043945,39528600
2020-10-19,14.144616617077558,14.433282223577661,13.925628620988643,14.084892272949219,28037800
2020-10-20,14.35364981244222,14.642315407174294,14.164523521484464,14.54277515411377,27572800
2020-10-21,14.532822636682319,14.562684334423881,14.24415702708386,14.413373947143555,17538900
2020-10-22,14.46314366952479,15.169876824776397,14.403420275721121,15.12010669708252,32572800
2020-10-23,15.120106893649671,15.428680929934304,14.96084324238776,15.289324760437012,25638400
2020-10-26,14.682131949510863,14.761763775667006,13.756410783837902,13.965444564819336,49748400
2020-10-27,13.975398123128262,14.104800071867603,13.666824099321184,13.696686744689941,24449800
2020-10-28,13.1790797897096,13.208942436981673,12.233451126344693,12.24340534210205,58953200
2020-10-29,12.283221077528884,13.029770161340254,12.054278864864548,12.920275688171387,31579500
2020-10-30,12.721196171840226,14.41337391187254,12.56193251855995,13.646917343139648,76419100
2020-11-02,13.427929387488645,13.587193041270062,12.870506599253684,13.487653732299805,31928100
2020-11-03,13.52746960317944,13.915674520728551,13.408021863219233,13.646917343139648,26494900
2020-11-04,13.627008766755235,13.806180849431101,13.198987940443022,13.278619766235352,27613000
2020-11-05,13.467744915252702,14.164523855235588,13.388113090642442,14.114754676818848,27600300
2020-11-06,13.845996639296786,14.074938848380121,13.597146948585381,13.756410598754883,19585600
2020-11-09,18.404923242408337,19.76862040845762,17.628511509339493,19.161426544189453,185304300
2020-11-10,18.45469398778727,18.584094991678672,16.324539342731498,16.65302085876465,119449500
2020-11-11,16.87200893408326,16.911823895320385,16.0060112189504,16.135412216186523,57841400
2020-11-12,15.56803646511131,15.777070236197039,14.811533203154752,14.861303329467773,87592200
2020-11-13,15.120106969257183,16.12546090876927,14.9110731886091,15.936334609985352,159666300
2020-11-16,17.260215453229524,17.91717851350559,16.832193662746395,17.48915672302246,112274700
2020-11-17,17.120860095578674,18.49450960229318,16.862056180110496,17.966947555541992,63499700
2020-11-18,17.45929454389326,18.215795903979636,17.35975429170114,17.509063720703125,72257800
2020-11-19,17.58869635233501,18.166027563336502,17.379661623252623,18.106304168701172,44098300
2020-11-20,18.076441238653647,18.195889924623803,17.250260347958452,17.290077209472656,52433300
2020-11-23,17.787776632943654,18.27552179631866,17.54887926038583,18.096349716186523,50751300
2020-11-24,19.300781976769994,20.335997632163494,18.97230045122639,20.136917114257812,80233200
2020-11-25,20.385765281100618,20.80383281844187,19.82834253083641,20.554983139038086,60387900
2020-11-27,20.903374053783168,22.147622509365497,20.764018834301137,21.48070526123047,46919100
2020-11-30,21.66983197987338,21.66983197987338,19.738757807621766,19.8880672454834,86740700
2020-12-01,20.89342044724399,20.91332887877093,19.95774504977573,20.05728530883789,47884200
2020-12-02,19.718848641290055,21.172131798785983,19.141517444124606,21.062637329101562,52282400
2020-12-03,21.381165152811434,23.39187112658368,21.271672578992884,22.774723052978516,92899300
2020-12-04,23.431688092484606,23.600904061732617,22.496012711678716,23.34210205078125,65203900
2020-12-07,23.282376580995415,23.342101874060475,22.595552797899554,23.093252182006836,47155000
2020-12-08,22.904125092242662,23.809937788102054,22.844401699815784,23.4615478515625,42765200
2020-12-09,23.85970716686314,24.267820499276183,21.868909682478556,22.58559799194336,66956200
2020-12-10,22.14762280436995,22.963849498332433,22.058036762488943,22.217300415039062,50011800
2020-12-11,22.535826979589196,22.714999057463427,21.182085977398486,21.221900939941406,52517400
2020-12-14,22.217300035195148,22.64532180607049,20.833696365356445,20.833696365356445,55423500
2020-12-15,21.12236181887371,21.610107002268208,19.858206787802175,21.430936813354492,56761600
2020-12-16,21.43093651233733,22.107806090951136,21.211947564675572,21.65987777709961,35103700
2020-12-17,21.78927760691037,21.7992318220458,21.211946419062354,21.530473709106445,25810800
2020-12-18,21.510566972790667,21.878863436436106,20.903373145312244,21.361255645751953,68420700
2020-12-21,20.126961537696648,21.20199208484363,19.93783714690296,20.963096618652344,51476700
2020-12-22,20.973051865247804,21.16217816391567,19.659125787286815,19.718849182128906,39933700
2020-12-23,20.027424128579558,20.983006038411848,19.93783808721122,20.843650817871094,31385200
2020-12-24,20.883465324915885,20.983005579656936,20.335996771698756,20.744110107421875,14819300
2020-12-28,21.211946402286152,21.94854123457365,20.923281757876648,21.610105514526367,33112800
2020-12-29,22.11776014977336,22.16753122778558,21.261718492260666,21.331396102905273,26851200
2020-12-30,21.420981114670372,21.98835808671837,21.281624001510014,21.689739227294922,23606400
2020-12-31,21.520522103365998,21.689739969112736,20.80383377852218,21.56033706665039,25679300
2021-01-04,21.600154255141536,21.61010657218378,19.947792434544258,20.286226272583008,40642500
2021-01-05,20.087147138966397,20.754064379407833,20.057284492890826,20.50521469116211,32464400
2021-01-06,20.445492300897797,20.823743010221182,20.06723969300187,20.306135177612305,35295900
2021-01-07,20.38576549978773,21.182085621565747,20.37581128467611,20.644569396972656,28989000
2021-01-08,20.773973565037608,20.923283003696362,20.087147868920326,20.375812530517578,30370000
2021-01-11,20.077193503260983,20.345951629983126,19.53967724981669,20.047330856323242,31213700
2021-01-12,19.957744578155147,20.047330619336833,19.519770486347433,20.037376403808594,33169500
2021-01-13,19.76861948503721,20.10705520682975,19.58944740896205,20.00751495361328,24791400
2021-01-14,20.365857500872202,21.450842289575387,20.355905184122214,20.823741912841797,46177600
2021-01-15,20.68438744386331,21.3015336276037,20.475352711673978,20.6943416595459,33762400
2021-01-19,20.90337447156072,21.16217838332303,20.51516955320351,20.77397346496582,21273500
2021-01-20,20.913328469391917,21.11240708504674,20.49526090837255,20.68438720703125,21272500
2021-01-21,20.604754435098577,20.78392461139054,20.22650185514661,20.644569396972656,20209300
2021-01-22,20.21654870388963,20.335997392942417,19.947792476022737,20.126962661743164,24748800
2021-01-25,19.708894382538006,19.718848597812137,18.643818029647743,19.131563186645508,55839500
2021-01-26,19.31073488588943,19.420229353186024,18.534325095451486,18.63386344909668,44110700
2021-01-27,18.32529078812759,19.33064375085109,17.877360592359338,18.892667770385742,50578900
2021-01-28,20.007516000117338,20.574893004984023,19.569540002199755,19.649171829223633,59670200
2021-01-29,19.60935641170391,19.718848984722865,18.295428448324206,18.584095001220703,50346100
2021-02-01,18.872758898494176,19.0419767575419,18.325290359642814,18.7134952545166,27139000
2021-02-02,19.131562906926472,19.509815487523316,18.892667439557503,19.360506057739258,27697100
2021-02-03,19.539676721937926,20.39572025863478,19.350552325492423,20.345951080322266,33548800
2021-02-04,20.903374892694647,21.231856422208374,20.56493914730807,20.953144073486328,32541100
2021-02-05,21.291578310194428,21.649922461935148,21.0327744115564,21.211946487426758,29887300
2021-02-08,21.50061440297198,21.7096472391055,21.152224444176912,21.510568618774414,22166600
2021-02-09,21.32144246649144,21.32144246649144,20.584847579053765,20.953144073486328,26144100
2021-02-10,21.052683409225764,21.550382789578965,20.773972971314354,20.833696365356445,27930900
2021-02-11,20.803834486601247,21.032775754353054,20.36585848413113,20.624662399291992,22698400
2021-02-12,20.007515314670663,20.734155948690788,19.957744237878046,20.50521469116211,25063700
2021-02-16,21.062637722388942,22.456195614129296,20.86355720989497,22.366609573364258,55038100
2021-02-17,22.177485239306538,23.949293831642073,21.77932421316273,23.093252182006836,59742500
2021-02-18,22.864309332085995,23.043481416562994,22.277023898999172,22.784677505493164,26606400
2021-02-19,23.511320095435437,24.60625723813839,23.37196297475292,24.476856231689453,52483300
2021-02-22,25.02432491114437,27.204248787451345,24.536579733079794,25.850505828857422,87361900
2021-02-23,24.964601616883133,26.607009243275602,23.352054739151644,26.3382511138916,115819500
2021-02-24,26.96535303291788,28.05033785222062,26.607008865493853,26.88572120666504,92985300
2021-02-25,27.7815796315661,28.110061151056346,24.954646961407157,25.352806091308594,71020500
2021-02-26,25.770873342452475,26.73641135674688,25.153727173169578,26.626916885375977,58092900
2021-03-01,27.423234245283588,27.79153261066429,25.900275403846873,26.188940048217773,59643100
2021-03-02,26.7861812691145,27.72185666268955,26.417884780261225,27.46305274963379,49295000
2021-03-03,28.31909508217618,29.45384904503482,28.050336965107835,28.538082122802734,71576000
2021-03-04,28.956150225698103,29.29458595768346,26.109309150258618,27.27392578125,74016500
2021-03-05,26.985260717550922,27.035029895617345,23.152975150690366,25.969953536987305,83747400
2021-03-08,26.915583937898983,27.14452520177244,25.681287779249693,26.56719398498535,48007700
2021-03-09,26.86581286459133,27.721856423578817,25.68128778389952,27.45309829711914,42549100
2021-03-10,27.273926450965092,28.289233671852173,26.54728579033067,26.5771484375,41997600
2021-03-11,26.8956748332573,27.642223899993045,26.35815859389278,27.343603134155273,33297300
2021-03-12,27.254017558278605,28.368865018956875,27.16443341543175,28.32904815673828,32490600
2021-03-15,28.84665496155831,29.98141081351323,28.76702313848888,29.652929306030273,53480800
2021-03-16,29.812192795205288,29.842053542091342,27.721855077423015,28.120014190673828,51042700
2021-03-17,28.020474727441183,28.816794874958536,27.69199321242986,28.796886444091797,30463300
2021-03-18,29.354308886248027,29.603158573549457,27.891073408401695,28.139923095703125,46998200
2021-03-19,28.348956933277076,28.956150799501813,27.005168194185416,28.82674789428711,41506400
2021-03-22,28.179738485076793,28.339002135475287,27.224156582685822,27.353557586669922,33792000
2021-03-23,26.87576744804207,27.214203190014327,25.064141946056765,25.213451385498047,51242200
2021-03-24,26.129216478079652,27.244063883182903,24.038878780118804,24.735658645629883,72339100
2021-03-25,23.799984010111185,25.92018441522115,23.610857715617573,25.73105812072754,47085000
2021-03-26,26.129218389593166,26.388022304328317,25.094002730652562,25.940092086791992,28542000
2021-03-29,25.930137262514222,26.01972330391921,25.133819003994866,25.512069702148438,19988900
2021-03-30,25.581748506306273,26.70654825280099,25.541931645190914,26.527376174926758,23735600
2021-03-31,26.45769979104577,26.67668684159794,25.790782525077194,26.417884826660156,21560400
2021-04-01,26.8658130553843,26.975307529587507,26.407930524302742,26.736412048339844,19640300
2021-04-05,27.672084505227684,28.59780564698959,27.562591933698954,27.98065948486328,40105700
2021-04-06,28.040383001518222,28.9561499319705,27.721855703721335,28.46840476989746,35528100
2021-04-07,29.284631348620618,30.489062926766753,28.73716279465827,28.86656379699707,70953700
2021-04-08,28.995965872845485,28.995965872845485,27.69199399154621,28.4285888671875,37870800
2021-04-09,28.66748274721271,29.443894442336987,28.358909671623437,29.16518211364746,36287700
2021-04-12,28.767024586688667,28.946196672257937,27.353558232119727,27.622316360473633,39161600
2021-04-13,26.985261491977067,27.8114424021677,26.607008892956294,27.691993713378906,27690600
2021-04-14,27.88111902977348,28.61771387204258,27.72185538271921,27.81144142150879,23267500
2021-04-15,28.0503375218966,28.07024595286849,26.995215361828603,27.194293975830078,24024400
2021-04-16,27.403329509182466,27.662133423704994,26.696595377491604,26.905630111694336,22092400
2021-04-19,26.975306314469968,27.14452417671945,26.26857221969657,26.766271591186523,22214500
2021-04-20,26.358159261360875,26.3880219082726,25.00441821042851,25.601655960083008,31217000
2021-04-21,25.531978183585085,27.224156859490076,25.133819053540524,27.204248428344727,31354100
2021-04-22,26.845903890252323,27.77162504139421,26.64682527727316,26.78618049621582,29698400
2021-04-23,26.87576739831356,27.28388075136511,26.447745613753998,27.1445255279541,19297600
2021-04-26,27.691993059070377,28.368864516211218,27.184339466214745,27.423234939575195,20033500
2021-04-27,27.463052214960125,27.75171687098955,27.015122009051122,27.682039260864258,18145200
2021-04-28,27.572546451064497,28.139923441308504,27.4431435488779,27.67208480834961,17273000
2021-04-29,28.657530645205625,29.00591868546063,27.00516698958329,27.08479881286621,40714900
2021-04-30,26.87576652087319,27.88111949633455,26.746365517440868,27.831348419189453,21653500
2021-05-03,27.891073007019212,28.2295087287645,27.403327854756277,27.80148696899414,21866600
2021-05-04,27.353557790394007,27.433189616186336,26.07944857771672,26.557239532470703,33649300
2021-05-05,26.69659479416989,27.1843399652223,26.248666485361344,26.39797592163086,25678100
2021-05-06,26.35815896399119,26.70654891307415,25.402577056466757,25.830598831176758,25871400
2021-05-07,25.870413828617842,26.73641159469803,25.76091935627245,26.636871337890625,20185500
2021-05-10,26.70654883052267,26.70654883052267,26.109309190879763,26.149126052856445,18093900
2021-05-11,25.213451001779127,25.999816948680206,24.974555522594276,25.76091957092285,28145500
2021-05-12,25.382667697158304,25.721103418339542,24.566441039687938,24.66598129272461,24001500
2021-05-13,24.845151872848465,25.482208363471656,24.178236533403116,25.004417419433594,28167000
2021-05-14,25.412530309447998,27.134569660015224,25.392621879152188,27.074846267700195,35569900
2021-05-17,27.17438455382047,27.473005311790832,26.66673287255843,27.393373489379883,29753400
2021-05-18,27.52277627166794,28.488314316839023,27.293835004727953,27.871166229248047,33424800
2021-05-19,26.885719876385927,27.67208388440263,26.616961764115796,27.552637100219727,26292100
2021-05-20,27.522774727259502,27.552637372886956,26.835949066407434,27.40332794189453,24022300
2021-05-21,27.761671252676297,27.910982587921275,27.03503060191705,27.044984817504883,20551500
2021-05-24,27.25401769872469,28.02047521322995,26.776226741074336,27.771625518798828,26473300
2021-05-25,28.120014357169786,29.234861779445374,28.100105926746267,28.448495864868164,38680700
2021-05-26,28.707301239360238,29.284632461293036,28.498266506319947,29.23486328125,24530200
2021-05-27,29.43394149475644,29.861963272094727,29.085551543534166,29.861963272094727,30294500
2021-05-28,29.82214555409263,29.93164002382522,29.27467700257454,29.423986434936523,25635800
2021-06-01,30.051089292394924,30.60851207003759,29.77237695428735,30.011272430419922,36826700
2021-06-02,30.17053672849547,31.3550618176515,29.792286024479836,31.165935516357422,36078200
2021-06-03,30.99671588588562,31.155979531011663,30.210351875397325,30.528879165649414,24269800
2021-06-04,30.77772960417203,30.966855899367516,30.11081236186712,30.399478912353516,19384100
2021-06-07,30.608512363126586,31.315244582797803,30.508972105808425,30.747867584228516,24165700
2021-06-08,30.96685529083585,31.374968620793513,30.46915592273407,30.936992645263672,25061900
2021-06-09,31.15598007187434,31.205751148448,30.28998422378948,30.309892654418945,18447300
2021-06-10,30.499017680176927,30.628420583371106,29.27467764974112,29.692745208740234,30486500
2021-06-11,29.364264138149903,29.9017803930105,29.155231304752455,29.792285919189453,20215000
2021-06-14,29.73256135836355,29.842053929320535,28.498265243411247,28.617713928222656,24538300
2021-06-15,28.687392051367247,29.25476904261401,28.2792787103451,28.47835922241211,19070900
2021-06-16,28.846656249542526,29.354309856241205,28.55799158999181,29.14527702331543,25453900
2021-06-17,29.065643954365438,29.583249856017755,28.279278038804105,28.28923225402832,26049300
2021-06-18,27.99061344488197,28.388772561746578,27.602406644688106,28.050336837768555,26749900
2021-06-21,28.169783751423253,28.567944768667807,27.781578848039494,28.538082122802734,21897600
2021-06-22,28.518174559504907,28.557991421869225,27.672085219988087,27.930889129638672,18403400
2021-06-23,27.980660423474234,28.358911125991117,27.891074381035825,28.020475387573242,17916700
2021-06-24,28.000565918081705,28.408681151043357,27.26397107312136,27.333648681640625,31193600
2021-06-25,27.40332874115488,28.100106738966282,27.393374525655396,28.000566482543945,31580700
2021-06-28,27.29383328147536,27.4033277494346,25.88036700743414,26.02967643737793,63786300
2021-06-29,26.03963146201003,26.368112977526827,25.641472336924892,25.661380767822266,33185800
2021-06-30,25.671335312937,26.358159100564237,25.57179505574432,26.238712310791016,22820200
2021-07-01,26.46765357333343,26.72645748260539,25.99981683267209,26.238712310791016,19363500
2021-07-02,26.13917260537981,26.178987569953854,25.581749811335463,25.940092086791992,20454000
2021-07-06,25.95999883240115,26.159079338059747,24.815290671295248,24.904876708984375,30647200
2021-07-07,24.74561375715956,25.173635527316314,23.760169213543357,23.969202041625977,36383500
2021-07-08,23.033525826886375,24.048832979307715,22.73490696962005,23.610857009887695,37066500
2021-07-09,23.95924825826759,24.22800638371105,23.511319947767646,24.148374557495117,23124400
2021-07-12,23.85970810531397,23.89952496788251,23.451594756848998,23.750215530395508,23022800
2021-07-13,23.451593797305584,23.451593797305584,22.71499895707866,22.744861602783203,27175500
2021-07-14,22.9041265223529,23.252516480645564,22.37656447701986,22.476104736328125,26614200
2021-07-15,22.197390874062584,22.356654518650277,21.27167165186129,21.849002838134766,43232200
2021-07-16,22.157576388888423,22.257116643540286,20.704293227545072,20.823741912841797,41516000
2021-07-19,19.629262924194336,20.206594130830272,19.10170279485523,19.629262924194336,85011700
2021-07-20,19.828343779977846,21.281625087934685,19.529724905309937,21.092500686645508,68222400
2021-07-21,21.639968770971212,23.252515594294145,21.570291161683194,23.083297729492188,76771400
2021-07-22,22.65527606690255,22.774722855226084,22.0878990759346,22.605504989624023,40877000
2021-07-23,22.605504437078633,22.695090475417768,21.789277775386434,21.85895538330078,32632400
2021-07-26,21.649922318367455,23.09325123235425,21.610105457961453,23.053434371948242,37050500
2021-07-27,22.84440258225203,23.22265328032993,22.38651815976564,22.695091247558594,26484800
2021-07-28,23.083298541371416,23.28237716082877,22.0978539641258,22.71500015258789,27108200
2021-07-29,22.973803367195263,23.23260727332621,22.595552672740787,22.605504989624023,26426800
2021-07-30,22.117759599347735,22.57564401280269,21.391118965605095,21.550382614135742,36760800
2021-08-02,21.729554007969785,22.456194618792313,21.261717292489333,21.361255645751953,34093900
2021-08-03,21.47075132419449,21.500613971001822,20.42558336738036,21.331396102905273,33254000
2021-08-04,20.97305227704141,21.59020036443535,20.724202578645436,20.943191528320312,33239400
2021-08-05,21.062637703750152,22.54578163494308,21.04272927280388,22.44624137878418,32938000
2021-08-06,22.744861314743392,22.993710996745897,22.306885342818713,22.97380256652832,30680700
2021-08-09,22.764770538342848,22.764770538342848,21.88881856396542,22.605504989624023,29949200
2021-08-10,22.714998784491556,23.74026016302193,22.615458531471802,23.541179656982422,34886200
2021-08-11,23.481456663422232,23.899524214347977,22.963848857786086,23.879615783691406,29487300
2021-08-12,23.670583350717123,23.770121708508558,22.854354767391037,23.25251579284668,29141100
2021-08-13,23.192790138763662,23.272421962900395,22.635367369806527,22.75481605529785,21235800
2021-08-16,22.326794540448862,22.824493921560702,21.83904937478795,22.685138702392578,25770200
2021-08-17,22.137667704518936,22.396471604218597,21.560336512441975,21.938589096069336,26331800
2021-08-18,21.91868150029394,22.87426341381343,21.580245764612663,22.376564025878906,31060700
2021-08-19,21.898772798143867,22.1675309199603,21.24180976608535,21.56033706665039,27943900
2021-08-20,21.411027090177523,21.918680674575153,21.23185501349925,21.85895538330078,22632800
2021-08-23,22.15757573122294,22.88421634104076,22.137667301168985,22.724952697753906,23992000
2021-08-24,23.13306698876882,23.95924788484726,23.093252025567644,23.73030662536621,32814300
2021-08-25,23.8696624934595,24.208098233447878,23.302285487765023,23.999065399169922,30576000
2021-08-26,23.7203532224091,24.208098404408027,23.133067781139005,23.362009048461914,28762800
2021-08-27,23.461549078972006,24.456947864833,23.431688330482586,24.237960815429688,36693800
2021-08-30,24.516671452982404,24.526625668747915,23.491411910577757,23.521272659301758,27629300
2021-08-31,23.42173300250602,24.07869601808955,23.391870356862253,24.0289249420166,28512600
2021-09-01,24.108557155704553,24.307637666076477,23.20274444079995,23.401824951171875,31875000
2021-09-02,23.471503146618637,24.357407452904095,23.013620619325366,23.90947914123535,36546600
2021-09-03,23.809938665295707,24.038879926843627,22.53582755562351,22.854354858398438,44194500
2021-09-07,22.595551787685,23.49141025931107,22.456194675336132,23.45159339904785,33580100
2021-09-08,23.461548276555707,23.7004437491631,22.6552758191842,22.67518424987793,24700600
2021-09-09,22.665230388248844,23.61085807808919,22.51592095286063,23.172883987426758,27193100
2021-09-10,23.292329680971907,23.3918699327406,22.61545824723166,22.645320892333984,25471400
2021-09-13,22.92403498941453,23.37196330913631,22.13766902809175,23.20274543762207,36359500
2021-09-14,23.09325178252208,23.39187064839172,22.595552407024385,22.75481605529785,24577500
2021-09-15,22.645321278758303,23.07334303966686,22.25711637866562,23.06338882446289,21566100
2021-09-16,23.003665449466187,23.32219274194797,22.81453915759047,22.98375701904297,19305700
2021-09-17,23.10320511182509,23.73030741563657,23.033527499973268,23.441640853881836,33586000
2021-09-20,23.073342785374983,23.292329821731574,22.515920030103043,23.133066177368164,32162300
2021-09-21,23.322193495600036,23.580997403747787,22.754816500210634,22.854354858398438,25614500
2021-09-22,23.063389669461955,23.819892965528656,23.063389669461955,23.501365661621094,32222300
2021-09-23,23.899523598488322,24.944691499583836,23.79002913127116,24.57639503479004,48872400
2021-09-24,24.685888152360427,25.830598229627967,24.486809542215266,25.32294464111328,48644500
2021-09-27,25.8405517397155,27.26397231663708,25.80073677527671,26.25861930847168,58020600
2021-09-28,26.318343460347585,26.865812012976512,25.98986194905574,26.049585342407227,34642300
2021-09-29,26.338249900541584,26.36811254639938,25.362759585389473,25.402576446533203,27404000
2021-09-30,25.322945950695747,25.39262356277857,24.61621181691453,24.89492416381836,28685100
2021-10-01,25.950045106331757,26.44774448128579,25.55188598608302,25.969953536987305,36843200
2021-10-04,26.07944744466932,26.298434481440996,25.123863678105153,25.223403930664062,33448100
2021-10-05,25.41253020368284,25.89032113735936,25.153726306631622,25.303035736083984,26161500
2021-10-06,24.904877688662864,25.024324477898748,24.247914652148037,24.785429000854492,36943300
2021-10-07,25.103956163860516,25.163681456718535,24.28772948052568,24.377315521240234,26234900
2021-10-08,24.427086273690605,24.5863499220485,23.65067456401654,23.720352172851562,32061800
2021-10-11,23.60090276222447,24.327545271427283,23.31223812040888,23.77012062072754,26631100
2021-10-12,23.82984699905029,24.2578687723709,23.700444096218604,24.21805191040039,25818400
2021-10-13,24.287728706771965,24.287728706771965,23.501364694917967,23.541179656982422,28606200
2021-10-14,23.829846183448137,23.88956957578733,23.471502032268155,23.620811462402344,19413900
2021-10-15,23.949293468180695,24.307637626842798,23.52127170057262,23.56108856201172,22362900
2021-10-18,23.342102125817984,23.49141156294606,22.714999831878576,23.02357292175293,37062300
2021-10-19,22.95389577181463,22.95389577181463,22.167531707914595,22.23720932006836,50814000
2021-10-20,22.257116300389672,22.665229629455,22.03812736381736,22.336748123168945,27014600
2021-10-21,22.40642695322542,22.794631873132445,22.11776039329377,22.22725486755371,26812500
2021-10-22,22.097852925797003,22.237208142726416,21.74946298490104,22.18743896484375,29155700
2021-10-25,21.689739637413442,22.067990326406758,21.620060130229533,21.94854164123535,26140400
2021-10-26,22.067990623815252,22.36660949290957,21.560337027496935,21.719600677490234,25617900
2021-10-27,21.79923206227708,21.898772316155913,21.510567414458144,21.540428161621094,20827900
2021-10-28,21.54042832453168,21.978404305767494,21.211946813247927,21.86890983581543,23048700
2021-10-29,21.779324462423233,22.366609894277,21.669831887695796,22.05803680419922,26720300
2021-11-01,22.197392489400034,22.993712668860297,21.90872782454294,22.963850021362305,27315500
2021-11-02,22.87426210974071,22.96384814634738,22.446240356747143,22.804584503173828,21579400
2021-11-03,22.605504417942427,23.22265247058155,22.466149202231705,23.06338882446289,23001300
2021-11-04,23.222653259512306,23.381916911041543,22.625413616991416,22.774723052978516,20186900
2021-11-05,24.287728944519383,25.17363511663749,23.989110081109413,24.675935745239258,67588300
2021-11-08,24.77547510723162,24.954647191985924,24.33750100957944,24.476856231689453,33083000
2021-11-09,24.387269817072088,24.42708667910863,23.60090387900273,24.058788299560547,22673500
2021-11-10,23.620811514599673,24.22800535020255,23.202743970156654,23.381916046142578,21338300
2021-11-11,23.232606962164265,23.521271612223682,22.864308589525766,22.914079666137695,19703700
2021-11-12,22.844401723168872,22.844401723168872,21.95849555816453,22.257116317749023,37320300
2021-11-15,22.40642623612763,22.615459063673033,22.03812786085923,22.197391510009766,22519600
2021-11-16,22.038128280810916,22.038128280810916,21.231855804300697,21.490659713745117,40285700
2021-11-17,21.57029112142838,21.749463201304604,20.883465448093666,21.231855392456055,30081600
2021-11-18,21.351304662055355,21.48070566851755,20.475352669516234,20.853605270385742,26850800
2021-11-19,20.26631853007651,20.80383285117683,19.76861917048581,20.395719528198242,49148700
2021-11-22,20.40567377583259,20.81378709946345,20.0572838438478,20.2364559173584,29802700
2021-11-23,20.44549212932306,20.734156792173547,19.917930085294383,20.05728530883789,26273500
2021-11-24,19.86815924087949,20.55498494808171,19.669080618978988,20.06723976135254,30483200
2021-11-26,17.98685554211889,18.195890271913218,17.120859671953422,17.867408752441406,84158400
2021-11-29,18.72344960688206,19.151471365175038,17.608604090864098,18.076440811157227,58061500
2021-11-30,17.708144944274462,17.8176375174175,17.03127348016489,17.53892707824707,60131100
2021-12-01,18.036625731722356,18.40492219675855,16.244906887643438,16.304630279541016,82486400
2021-12-02,16.65302148727523,17.90722420452982,16.274770778217118,17.80768394470215,76746800
2021-12-03,17.69819034135432,17.718096873307516,16.762514990946606,17.120859146118164,59329100
2021-12-06,17.479201784222575,19.10170283459806,17.319938133686296,18.50446319580078,78131600
2021-12-07,18.892667883839945,19.191288649002868,18.235704858482947,18.41487693786621,62779400
2021-12-08,18.61395676651194,19.947791199119184,18.45469312368472,19.43018341064453,69762100
2021-12-09,18.932485770613937,19.509817002908406,18.80308286246355,19.101703643798828,38179500
2021-12-10,19.091747742725794,19.270919815997466,18.594048383003315,19.191287994384766,33181500
2021-12-13,18.59404905576864,18.763266920139777,17.827591558406876,18.255613327026367,39686300
2021-12-14,17.937085360626746,18.753312005915923,17.927131145614393,18.066486358642578,38288200
2021-12-15,17.90722420452982,17.996810248517477,17.16067510368108,17.80768394470215,45971600
2021-12-16,17.91717851350559,18.166028215082058,17.369709929466385,17.48915672302246,45611100
2021-12-17,17.618559208758796,18.38501482832866,17.32989265053407,18.195890426635742,48588400
2021-12-20,17.588695960096395,19.201242767869438,17.52897256679293,18.81303596496582,59262500
2021-12-21,19.24105828335105,20.634616191428144,19.17138067273307,20.445491790771484,69186200
2021-12-22,20.455443697681254,21.40107327629538,19.937837786937084,21.152223587036133,62921900
2021-12-23,21.440890880154853,21.67978636228537,20.783925931080272,21.102455139160156,39191000
2021-12-27,20.246411405005613,21.032775456585895,19.937838313770758,20.853605270385742,37286800
2021-12-28,20.54502911104807,21.69969148210636,20.415628111952056,20.8038330078125,39749600
2021-12-29,20.56493875424476,20.80383423490935,20.18668805116896,20.6943416595459,30313700
2021-12-30,20.66447859865386,21.411027672744368,20.176733431410096,20.435537338256836,49120200
2021-12-31,20.415628766958015,20.674432672025798,19.9278836030669,20.027423858642578,29363700
2022-01-03,20.465397876204573,21.63996871116341,20.33599687339481,21.311487197875977,38836800
2022-01-04,21.95849593168549,22.277023228469268,21.411027377659927,21.630014419555664,44776400
2022-01-05,21.689739846913337,22.067990539560157,20.96309731069919,21.07259178161621,31833200
2022-01-06,21.520521515304097,21.888817984553814,20.923281893778356,20.973051071166992,31459900
2022-01-07,21.2517639238714,22.187439290671104,21.02282266453319,21.799232482910156,37140600
2022-01-10,21.898772371573266,22.02817337294251,20.86355676632958,21.301532745361328,32828800
2022-01-11,21.281624652637767,22.11775976289251,21.01286843036282,21.878864288330078,29608000
2022-01-12,22.077944958172584,22.356655397875752,21.69969236347189,22.207345962524414,33645000
2022-01-13,22.316840993485886,23.19279109510942,22.267071813312885,22.794631958007812,43271400
2022-01-14,22.496012367337922,22.844402313232422,22.167530852311096,22.844402313232422,28270800
2022-01-18,22.4163805300249,22.655276004587332,21.80918667890426,21.878864288330078,29779000
2022-01-19,21.829094310445146,21.85895505706425,21.08254526780925,21.122360229492188,27894500
2022-01-20,21.21194781868061,21.878865088179975,20.634616592738812,20.704294204711914,25457800
2022-01-21,20.58484739862389,20.594801614409487,19.688988862218135,19.898021697998047,41314300
2022-01-24,18.99220878163352,19.66908026062273,18.166027864296105,19.649171829223633,52166800
2022-01-25,19.161426084861148,20.30613427645005,19.002162435522123,20.1070556640625,36484500
2022-01-26,20.445491614095175,21.00291439279464,19.947792229898962,20.19664192199707,40706400
2022-01-27,20.365858711024167,20.61470841315441,18.85285396498744,19.022071838378906,42718200
2022-01-28,19.11165646981682,19.191288292667203,18.19588955775117,18.882713317871094,50152500
2022-01-31,18.693589659954267,19.77857447554349,18.066487369108575,19.718849182128906,50989300
2022-02-01,19.858206035521572,20.973051584312152,19.768619995172198,20.833696365356445,38953800
2022-02-02,20.624661657722566,21.142269469433458,20.33599700410426,20.754064559936523,30717600
2022-02-03,20.435536660638395,20.8635565207901,20.23645615471988,20.246410369873047,27585900
2022-02-04,19.927883633032796,20.146870676770614,19.46999921612513,19.8681583404541,33287000
2022-02-07,20.04733097100579,21.639969410585156,20.017470222469733,21.420982360839844,41055700
2022-02-08,21.62006048023852,22.47610402520359,21.371210789127513,22.44624137878418,41620200
2022-02-09,22.724953569070987,23.252515594294145,22.65527595978297,23.083297729492188,39322700
2022-02-10,22.76477068431599,23.750215237880152,22.496012561005998,23.013620376586914,42465600
2022-02-11,23.07334304980657,23.531225557955832,21.888818020027617,21.938589096069336,51041700
2022-02-14,21.898773367698944,22.416381193865597,21.17213270706452,21.26171875,36570700
2022-02-15,22.117759581888233,22.764770289427258,21.94854171813644,22.67518424987793,31683800
2022-02-16,22.675185290044922,23.531226964847054,22.515921634334173,23.20274543762207,40609500
2022-02-17,22.794632092836306,23.073344439742254,22.16753168551359,22.31684112548828,25412100
2022-02-18,22.316840954286835,22.665230910603498,21.85895652349486,22.067991256713867,29897300
2022-02-22,21.450842872123744,22.08789938005298,21.251764255986007,21.411027908325195,34908600
2022-02-23,21.779324229323187,21.898772916969456,20.097101676764538,20.117008209228516,36958200
2022-02-24,18.753313299805363,20.614707968378088,18.564186998666592,20.535076141357422,49931700
2022-02-25,20.604755300387588,21.30153330031033,20.19664195653459,21.002914428710938,34048000
2022-02-28,20.53507477416114,20.69434031617131,19.72880234193583,20.2364559173584,48343800
2022-03-01,19.878113346225643,19.937838641178978,18.524372269683212,18.773221969604492,55954900
2022-03-02,19.032025839889585,19.499862591137955,18.60400405327579,18.932485580444336,41781800
2022-03-03,19.17138052808107,19.619308835205157,18.02667232288953,18.185935974121094,40969400
2022-03-04,17.767868677896754,17.986855726937268,16.941687762943786,17.150720596313477,56989800
2022-03-07,17.220398174887524,17.3995702594786,15.448589557425752,15.458542823791504,67688600
2022-03-08,15.607852886862721,16.473848746320893,14.871257081764403,15.80693244934082,68269000
2022-03-09,16.832192349175013,17.69819007845124,16.772468957057743,17.190536499023438,58123200
2022-03-10,16.74260759623966,18.14611975939642,16.633113120147026,17.568788528442383,42701100
2022-03-11,17.84750001118585,17.91717762038241,17.100950943669915,17.13081169128418,28443500
2022-03-14,17.220397519901997,17.7977287157517,16.762515008760566,17.041227340698242,31014800
2022-03-15,17.34980114338558,18.106304448558323,17.26021510076167,17.956995010375977,40891100
2022-03-16,18.195890389595547,19.350552822998967,18.006764089715116,19.241058349609375,51372500
2022-03-17,18.633864064079056,19.071840049147756,18.13616468513768,19.061885833740234,38740600
2022-03-18,18.68363483807825,19.45009232487384,18.594048799436045,19.370458602905273,32136300
2022-03-21,19.121608314132654,19.121608314132654,18.50446217692832,18.86280632019043,32803500
2022-03-22,18.554232763258664,19.21119581012443,18.285476533957223,18.842899322509766,43514800
2022-03-23,18.623910783651127,18.813037088743883,18.156074027445424,18.215797424316406,27832900
2022-03-24,18.225750408276976,18.434785131054802,17.747959468459694,18.404922485351562,31280500
2022-03-25,18.355152849832738,18.66372592011165,18.146118132269848,18.305381774902344,25947400
2022-03-28,18.504463232743518,19.340598349014495,18.43478562281635,19.31073570251465,32494500
2022-03-29,19.868157636918294,20.30613360745757,19.57949299396614,19.83829689025879,40091600
2022-03-30,19.489906786084276,19.82834250145777,19.360505788357884,19.509815216064453,24681700
2022-03-31,19.539677229259674,20.445491866359763,19.42023043877939,20.126962661743164,42409900
2022-04-01,20.256365368821207,20.3658579425979,19.58944811633278,19.957744598388672,27871800
2022-04-04,19.828343914670484,19.848252346069582,19.2609669098038,19.649171829223633,25523400
2022-04-05,20.59480130374637,21.40107378449205,20.04733083523214,20.126962661743164,68213000
2022-04-06,19.738757850183763,19.798481245742693,18.773221711262263,18.842899322509766,44802800
2022-04-07,18.803081786967155,18.832944432964368,17.976900900102027,18.653772354125977,42475400
2022-04-08,18.51441723127472,18.64381823411267,17.95699445981728,18.255613327026367,28731700
2022-04-11,18.046579491366966,18.932485718457944,17.90722426627127,18.454694747924805,27851900
2022-04-12,18.683635297424228,18.862807379113672,18.275521955163814,18.42483139038086,23404200
2022-04-13,18.713496728413954,19.549631874437424,18.693590195278194,19.420230865478516,35391100
2022-04-14,19.61930874840192,19.997561342332713,19.36050674022503,19.469999313354492,25316700
2022-04-18,19.350551687209055,19.499861115794026,18.882713072784448,18.952392578125,18700700
2022-04-19,19.02207161456007,19.987607763978527,19.02207161456007,19.818389892578125,28760200
2022-04-20,19.86815794612707,20.23645631542947,19.52972412109375,19.52972412109375,21267000
2022-04-21,20.385767020460893,20.53507646112811,19.300782173801213,19.420230865478516,37800100
2022-04-22,19.380413457175397,19.589448187090458,18.663727022979096,18.753313064575195,25671500
2022-04-25,18.643817631160733,18.803081274997894,18.255612736629203,18.793127059936523,27164700
2022-04-26,18.753311888946335,18.79312685017503,17.34979985668906,17.419477462768555,44476200
2022-04-27,17.51901941748615,17.817638300746417,17.071089194023195,17.329893112182617,35893100
2022-04-28,17.648418885050397,17.917176995642407,17.041226955671743,17.74795913696289,30952100
2022-04-29,17.678282370348,18.11625836043413,17.160674554661885,17.22039794921875,22197100
2022-05-02,17.230351444022602,17.399569303666013,16.653020257928453,17.27016830444336,34360800
2022-05-03,17.54888014312738,17.747960664082203,17.03127420607544,17.40952491760254,28177600
2022-05-04,17.339847236317038,17.648420333862305,16.613206565276798,17.648420333862305,37917900
2022-05-05,17.220397156833137,17.45929452121285,16.284723723730906,16.463895797729492,44517800
2022-05-06,16.34444773258181,16.483802951587307,15.518266836843203,15.846748352050781,43828900
2022-05-09,15.478450870429302,15.548128479689224,13.985352734039715,14.074938774108887,55563200
2022-05-10,14.741856250486604,14.960843297129891,13.75641074344684,14.12470817565918,46996200
2022-05-11,14.184432692236633,14.672177869263788,13.457792034537352,13.487653732299805,40917100
2022-05-12,13.19898796081543,13.796226655179733,12.661472661244433,13.19898796081543,53708800
2022-05-13,13.487653773665892,14.433282432857954,13.487653773665892,14.21429443359375,40862000
2022-05-16,14.204340496116457,14.463143447435343,13.96544407671148,14.025168418884277,29771800
2022-05-17,14.443236262865165,14.891165515858807,14.25410996650561,14.801579475402832,29133500
2022-05-18,14.542775077191482,14.761763063194602,13.636962386419478,13.776318550109863,36536400
2022-05-19,13.607101223428002,13.875858396940414,13.427929141562235,13.517515182495117,37716400
2022-05-20,13.746457259057074,13.895766692970799,12.641564030665085,13.069585800170898,45620600
2022-05-23,13.05963206458555,13.129309676400455,12.482300839954524,13.049677848815918,41410400
2022-05-24,12.78092029188129,12.81078198902506,11.506810138741077,11.705889701843262,63216500
2022-05-25,11.596395588827082,12.253359591312305,11.556579674975215,12.123957633972168,38049800
2022-05-26,12.243404889457416,13.408021509996429,12.243404889457416,13.14921760559082,49498400
2022-05-27,13.288573603775996,13.905720710754395,13.268665173251105,13.905720710754395,35625500
2022-05-31,13.79622602261071,14.104800045848561,13.65687080829172,13.816134452819824,38118300
2022-06-01,13.975398931706309,14.134662585742761,13.08949366952072,13.408021926879883,33402900
2022-06-02,13.427929030566096,13.995306968688965,13.328389724241655,13.995306968688965,34067200
2022-06-03,13.587193052116703,13.826089482265795,13.278619959990436,13.447837829589844,27169400
2022-06-06,13.607100975318764,13.736502926608301,13.278619464078483,13.54737663269043,26843100
2022-06-07,13.238803745193923,13.746457342437786,13.149217704587802,13.716594696044922,23383200
2022-06-08,13.288573842285322,13.497607620117437,12.860552071179985,12.870506286621094,43179100
2022-06-09,12.761012126028048,12.790874773078425,11.676027297973633,11.676027297973633,63169100
2022-06-10,11.506810568750558,12.014463236310547,10.98920273605564,10.999156951904297,67279900
2022-06-13,10.481548950724147,10.491503166412796,9.725046594825722,9.864401817321777,71269000
2022-06-14,9.963941435012018,10.12320507864564,9.366701822099737,9.4761962890625,59250200
2022-06-15,9.59564395753324,9.973895583273336,9.466242010625875,9.794723510742188,67274100
2022-06-16,9.386610159423435,9.446333550552662,8.65996860591913,8.709738731384277,76859100
2022-06-17,8.869002445883208,9.595644005322507,8.709738802522866,9.555828094482422,69584400
2022-06-21,9.645413426157813,9.744953680421771,9.386610473786714,9.525965690612793,49067200
2022-06-22,9.316932138015414,9.784769825341893,9.237300312421915,9.575736045837402,38634600
2022-06-23,9.575735799524832,9.695183534842576,9.177576681799021,9.605597496032715,48309600
2022-06-24,9.675275817898436,10.82993818046059,9.436379403796527,10.800076484680176,85277300
2022-06-27,10.680628347457857,10.760261122408767,10.13315978333481,10.501457214355469,52876800
2022-06-28,10.441732440548376,10.999156146536608,10.262561314822968,10.282468795776367,46295200
2022-06-29,9.446333525501247,9.555827991091432,8.620152672543842,8.82918643951416,109730900
2022-06-30,8.620153190130933,8.769463575095577,8.062730410931069,8.610198974609375,74706500
2022-07-01,8.57038325376062,8.928727426272621,8.490751426377122,8.779417037963867,51985500
2022-07-05,8.500705506139902,9.366702327047198,8.112499641890595,9.336840629577637,69309900
2022-07-06,9.207438845360068,9.48615024190595,8.659969318751676,8.699785232543945,52642200
2022-07-07,8.908818634917518,9.406518010603259,8.888911153518924,9.287070274353027,46116100
2022-07-08,9.167622614754931,9.386610607687798,8.898864493980108,8.96854305267334,45688300
2022-07-11,8.918773053368405,8.928727268937502,8.421073666348486,8.450935363769531,40155700
2022-07-12,8.440980999503362,9.227346928456937,8.391211821107104,9.087990760803223,65626100
2022-07-13,8.689830486496552,9.087990549408662,8.61019866377137,8.958588600158691,41433700
2022-07-14,8.779416345367261,8.958588417488613,8.610198488205137,8.669922828674316,40652900
2022-07-15,8.839141291783124,9.147714382383196,8.669923423020663,9.137761116027832,44346700
2022-07-18,9.386610455926625,10.073435171325206,9.386610455926625,9.605597496032715,66343700
2022-07-19,9.973896405919794,10.362101329374818,9.94403375851074,10.312331199645996,60355900
2022-07-20,10.29242375388871,11.048927070452637,10.232699408144706,11.038972854614258,69920800
2022-07-21,9.625505886384982,9.854447140800161,9.3766562015235,9.804677963256836,144225000
2022-07-22,9.854447532470017,9.944033574466586,9.107898448213614,9.217392921447754,100507900
2022-07-25,9.217392942588255,9.24725464022685,8.799325378502912,9.137761116027832,54848200
2022-07-26,9.02826682960457,9.05812947714816,8.421073902179,8.46088981628418,68820200
2022-07-27,8.749555098302679,8.849095354425296,8.431027797568277,8.809279441833496,66105600
2022-07-28,8.928727354823653,9.336840704219863,8.530567271806037,9.05812931060791,58406700
2022-07-29,8.968543278801118,9.137761148158592,8.729647798279833,9.01831340789795,40901800
2022-08-01,8.85904836437557,8.938680187255954,8.530566857672431,8.87895679473877,54740900
2022-08-02,8.72964795010519,9.59564479402089,8.63010769018033,9.306979179382324,56616000
2022-08-03,9.456288498268822,9.764862540635129,9.426426800390232,9.744954109191895,45506500
2022-08-04,9.725046637947507,9.894263558973575,9.555828767635177,9.705138206481934,40094000
2022-08-05,9.486149955778611,10.00375776875195,9.436379827717907,9.774815559387207,42444200
2022-08-08,9.993803270373268,10.441732511666935,9.734999371212941,9.96394157409668,67345200
2022-08-09,9.6653223713214,9.715092501103216,9.217393101857596,9.426426887512207,51552800
2022-08-10,9.844493999716699,10.561180417721117,9.774815441557156,10.292423248291016,71504000
2022-08-11,10.790122575981146,10.899616096475237,10.391962507365305,10.49150276184082,50079000
2022-08-12,10.660721061997014,10.740352889128067,10.401917149177962,10.670675277709961,39632900
2022-08-15,10.511411389962696,10.74035265055754,10.372055220935676,10.660720825195312,34057500
2022-08-16,10.581088886167281,11.327637952883151,10.362100894130483,11.138511657714844,59639300
2022-08-17,10.919525019924231,10.919525019924231,10.352147062663835,10.511411666870117,53063700
2022-08-18,10.511410971383771,10.521364237193017,10.153066822237268,10.40191650390625,47229500
2022-08-19,10.093344042782094,10.19288335191881,9.655368044864513,9.824585914611816,50379400
2022-08-22,9.496104522511152,9.585690566476979,9.30697916802817,9.346795082092285,35610400
2022-08-23,9.436379896452358,9.69518380482415,9.406518199112918,9.49610424041748,37301800
2022-08-24,9.466242197867375,10.899615958610013,9.446333767509598,10.00375747680664,37870300
2022-08-25,10.192882947700495,10.640812194267873,10.163021251072328,10.49150276184082,47824200
2022-08-26,10.571134470572062,10.810029939567922,9.924125671386719,9.924125671386719,46325500
2022-08-29,9.715092400500605,9.99380379539186,9.595644659832926,9.784770011901855,31611600
2022-08-30,10.023665020788073,10.282468921346208,9.525965650154523,9.725046157836914,41537700
2022-08-31,9.864401693201806,9.914171821732554,9.40651821943416,9.416472434997559,43196800
2022-09-01,9.247254833570153,9.316932445945792,8.898864873119416,9.306979179382324,43701600
2022-09-02,9.545874167944776,9.665321904074963,9.22734687159761,9.326886177062988,39677800
2022-09-06,9.506057997070958,9.67527585596949,9.107897938191858,9.396563529968262,35375100
2022-09-07,9.346794736352125,9.824585687447911,9.346794736352125,9.774815559387207,38557200
2022-09-08,9.525966262185284,10.053528312438084,9.496104563828837,10.03361988067627,41765200
2022-09-09,10.182929231033057,10.471595793290223,10.163021748734858,10.352147102355957,47276400
2022-09-12,10.491503224404317,10.740352922278506,10.352147051851718,10.551227569580078,34324800
2022-09-13,10.023665619451275,10.411871493474068,9.914172093115434,10.192883491516113,41934000
2022-09-14,10.093343406103509,10.541272642179425,9.88430963602992,10.521364212036133,38845700
2022-09-15,10.41187131289951,11.138511969163474,10.40191709723627,10.869754791259766,59124100
2022-09-16,10.660721051191894,10.76026130964795,10.411871354338007,10.710491180419922,47810800
2022-09-19,10.610950442917707,11.088742332935439,10.571134531190081,10.730398178100586,37564600
2022-09-20,10.829938516804585,10.939432037590766,10.352146623048238,10.372055053710938,47008400
2022-09-21,10.272515224864996,10.312331138554928,9.655368088027924,9.665322303771973,67793100
2022-09-22,9.695183299565162,9.88430958785997,9.356747583068087,9.595643997192383,62079500
2022-09-23,9.187529617317367,9.297024082718295,8.699784478325073,8.908818244934082,79394400
2022-09-26,8.948634886289685,9.316932324346837,8.8391413612304,8.859048843383789,56042300
2022-09-27,9.15766858747749,9.506058540242769,8.978497452566026,9.177577018737793,64007800
2022-09-28,9.157668661431838,9.804678443322931,9.08799105003059,9.784770011901855,65649300
2022-09-29,9.56578144944893,9.615551575784798,8.978496996401551,9.117852210998535,57340600
2022-09-30,8.411119323370032,8.470843666593684,6.977745528150971,6.997653484344482,237674800
2022-10-03,7.137009220983608,7.156917177297857,6.549723797748574,6.8184814453125,104262100
2022-10-04,7.0673311532663385,7.784018531559496,7.047423196905036,7.724294662475586,117870500
2022-10-05,7.435628423310143,7.53516867761838,7.137009084314759,7.395812511444092,82831500
2022-10-06,7.3360884995081035,7.574984440653775,6.937928914027383,6.947883129119873,86819900
2022-10-07,6.868251353962075,6.957836917192157,6.539769847951197,6.728895664215088,82260200
2022-10-10,6.69903357770807,6.788619616709022,6.121702381131062,6.350644111633301,82505700
2022-10-11,6.390459966001768,6.708987257996355,6.08188641456046,6.609447479248047,73379000
2022-10-12,6.609447565075576,7.355996627346921,6.519862000360329,7.276364803314209,97735700
2022-10-13,6.957837314286597,7.286319313687549,6.818481616586367,7.067331314086914,81275600
2022-10-14,7.236548933998935,7.395812583004135,6.977745504365484,7.097193241119385,63672500
2022-10-17,7.346042896111595,7.43562846094205,7.137009120435346,7.236548900604248,52393700
2022-10-18,7.664570242414526,8.20208553345954,7.644662286251493,8.042821884155273,116496300
2022-10-19,7.983098588436306,8.10254632688274,7.584938510995289,7.644662380218506,70897600
2022-10-20,7.684478217136643,8.251855681118059,7.674524476352644,7.963190078735352,59658500
2022-10-21,7.8935119477125335,8.18217802302094,7.754156255063832,8.162269592285156,57281000
2022-10-24,8.072684020493062,8.24190189441132,7.883558663971274,8.182178497314453,51101500
2022-10-25,8.231948514703348,8.640061869977016,8.172224169140394,8.580337524414062,52082000
2022-10-26,8.550475104790559,9.08799037235678,8.530566674854017,8.630106925964355,58695700
2022-10-27,8.75950935957402,8.91877301077398,8.600245708374057,8.610198974609375,48689900
2022-10-28,8.520614042065626,8.908818961801401,8.440981265690683,8.89886474609375,42739400
2022-10-31,8.978497494477736,9.107898501128739,8.75950949602343,9.01831340789795,49289000
2022-11-01,9.346794685200463,9.44633399149089,8.99840473996839,9.0083589553833,52041000
2022-11-02,8.968543128633943,9.217392820665166,8.610198964565791,8.650014877319336,52525000
2022-11-03,8.301625396541596,9.028265999469207,8.212039360720672,8.7893705368042,63837000
2022-11-04,9.078036334246463,9.277115891059415,8.79932495470833,8.958588600158691,51717100
2022-11-07,9.028266261474649,9.038220476696113,8.530566891835937,8.719693183898926,46375900
2022-11-08,8.869003010120823,9.187530317105912,8.78937118337455,9.05812931060791,53290100
2022-11-09,8.958588700229985,8.97849713077677,8.48079775854177,8.520613670349121,41664900
2022-11-10,9.078036623610583,9.764862303115722,9.038220710978852,9.734999656677246,84559500
2022-11-11,10.123205617536827,10.401917008732381,9.71509227167892,10.302377700805664,69889400
2022-11-14,10.362101267595389,10.700537008590086,10.172975914896961,10.551227569580078,70950200
2022-11-15,10.939432339363467,11.437131728225713,10.909570641831882,11.108650207519531,106425900
2022-11-16,9.734999937709784,9.77481585149093,9.446334325474906,9.58569049835205,124544100
2022-11-17,9.326886616856074,9.525966186460302,9.107898615648288,9.466242790222168,45732600
2022-11-18,9.655368155507784,9.685229853662365,9.34679505957581,9.426426887512207,38882000
2022-11-21,9.416471985210745,9.486149592253827,9.087990481598782,9.277115821838379,38776300
2022-11-22,9.316932412134959,9.516012931262221,9.137761273921198,9.426426887512207,36685900
2022-11-23,9.446333831264226,9.734999428396776,9.346794526662162,9.685229301452637,44422600
2022-11-25,9.65536760500064,9.884309809229194,9.595644212096644,9.685229301452637,23780800
2022-11-28,9.535919718407259,9.685229147581351,9.227346644971147,9.277115821838379,32078200
2022-11-29,9.316932336479601,9.744954120126819,9.277116422834716,9.705138206481934,46085800
2022-11-30,9.764862034072612,9.89426303459578,9.366701969439246,9.884309768676758,65648500
2022-12-01,9.914171456190338,10.2426529633812,9.854447114298267,9.924125671386719,52863100
2022-12-02,9.685229013641946,9.993803032096912,9.406517640037782,9.953987121582031,48326900
2022-12-05,9.844493668781586,10.22274529576718,9.585689774114677,9.635459899902344,52424100
2022-12-06,9.655367955595924,9.71509229995478,9.127806869118736,9.257208824157715,50508400
2022-12-07,9.177576860380551,9.306978813480958,8.819232698168278,8.849095344543457,52196200
2022-12-08,8.95858930547689,9.1974847924609,8.898864959087746,8.98845100402832,37881700
2022-12-09,8.978496815513635,9.087990331817636,8.809278958952607,8.82918643951416,37684100
2022-12-12,8.72964757817543,8.96854305267334,8.530567066807606,8.96854305267334,44353700
2022-12-13,9.555827982795858,9.62550558863008,8.679877005265721,8.869002342224121,62156900
2022-12-14,8.839141119302768,9.068082378875031,8.669923253842299,8.888911247253418,57877700
2022-12-15,8.679877059478608,8.908818308241656,8.431027380760764,8.590291023254395,52117200
2022-12-16,8.450935374098378,8.659969154873679,8.311580153105675,8.41111946105957,43358200
2022-12-19,8.440981255958091,8.450935471654264,7.983098725369227,8.052776336669922,41998400
2022-12-20,7.913420397215205,8.231948663844745,7.893512439881252,8.06273078918457,49501000
2022-12-21,7.843742233167728,8.749554940231244,7.744202453486535,8.440980911254883,77709700
2022-12-22,8.431027792979561,8.4608894900856,7.594892679720599,7.843742370605469,64849100
2022-12-23,7.823834190637173,7.903466013500761,7.495352684003321,7.774064064025879,39623700
2022-12-27,7.744202398737799,7.863650133510777,7.515260669768037,7.634708404541016,37674800
2022-12-28,7.6745243161320085,7.873603874086972,7.594892492950023,7.634708404541016,34112400
2022-12-29,7.694432413980634,8.06273031496142,7.664570242414526,8.042821884155273,38092700
2022-12-30,7.9432825823769635,8.182178545383616,7.893512451646328,8.02291488647461,30690600
2023-01-03,8.202085313170004,8.281717135683406,7.8835580231163975,7.933327674865723,33965200
2023-01-04,8.032867964558747,8.719693664083211,7.943282395847708,8.699785232543945,52046600
2023-01-05,8.530566622056535,8.948634155274553,8.431027320848452,8.908818244934082,35689900
2023-01-06,8.958588557836046,9.187529809767813,8.789370698022914,9.157668113708496,40099600
2023-01-09,9.217393101857596,9.595644759198619,9.16762297207578,9.426426887512207,44454500
2023-01-10,9.376656005235434,9.665321595660465,9.217392362143856,9.635459899902344,38995500
2023-01-11,9.705137939902846,9.854447374648396,9.615551899341023,9.814631462097168,33668900
2023-01-12,10.01371234179723,10.242653610050914,9.814631822445525,10.232699394226074,48425800
2023-01-13,10.103297146521529,10.561180619179536,10.093343880268495,10.461641311645508,41626900
2023-01-17,10.561180761095383,10.889662284015506,10.382009625412023,10.829938888549805,48197800
2023-01-18,11.038972544523837,11.118604370421428,10.292423464769234,10.382009506225586,57513800
2023-01-19,10.083389999255747,10.192883525961607,9.874356212427267,10.07343578338623,44119300
2023-01-20,10.23269911064989,10.57113484502528,10.113251371920853,10.421825408935547,39941600
2023-01-23,10.591043450578908,10.780168802693595,10.481548976309016,10.670675277709961,34611400
2023-01-24,10.670675288606184,10.909570770243288,10.352147030470451,10.630859375,33317400
2023-01-25,10.441733020877724,10.84984637060962,10.332239496333102,10.829938888549805,29042400
2023-01-26,10.949386450091389,11.038972491114297,10.521364675998036,10.58108901977539,32096200
2023-01-27,10.730398129465483,11.198235802109298,10.710490648335007,10.969294548034668,50631600
2023-01-30,10.780168824792423,11.168374694816805,10.561180825089982,10.591043472290039,35766600
2023-01-31,10.730398169116256,10.780168296055672,10.53131861064481,10.770214080810547,30246300
2023-02-01,10.770213973556903,11.367453592309932,10.571134417067961,11.287821769714355,47240000
2023-02-02,11.666073721693301,12.203589013600888,11.417224031934488,11.984601020812988,61194400
2023-02-03,11.735751389084953,12.094094602366532,11.626257866792697,11.745705604553223,35978400
2023-02-06,11.546625790660144,11.845244653928043,11.496855663686757,11.815382957458496,33494900
2023-02-07,12.094094267653277,12.561931939565584,11.646165026126528,12.133910179138184,70218900
2023-02-08,12.263312201646558,12.342944025089494,11.785521260988949,11.815382957458496,38275600
2023-02-09,11.895015352222241,12.074187438217637,11.307729914158458,11.476947784423828,34305000
2023-02-10,11.317683988813124,11.397315815088184,10.959340770575357,11.108650207519531,39694500
2023-02-13,11.16837443548289,11.65611960365638,11.078788394535467,11.586441993713379,28988700
2023-02-14,11.496855894358855,11.904969235013807,11.33759224427753,11.825337409973145,34073000
2023-02-15,11.765612760581247,12.153818609523741,11.576487418349494,12.133910179138184,34244000
2023-02-16,11.944785218574747,11.944785218574747,11.516763444470888,11.546626091003418,30227800
2023-02-17,11.457040369070489,11.516763765226436,11.108650410777823,11.238052368164062,31103300
2023-02-21,11.068834541496043,11.228098197601758,10.979248497615012,11.078788757324219,20923500
2023-02-22,11.01906419700624,11.28782232341432,10.829938846386158,10.989202499389648,25605800
2023-02-23,11.108649547785625,11.168373888588063,10.620904403496121,10.839892387390137,28657500
2023-02-24,10.630859158173717,10.71049098376192,10.332239337574837,10.54127311706543,32077800
2023-02-27,10.77021431786098,10.939432183607718,10.710490923648152,10.780168533325195,23336700
2023-02-28,10.511411174108623,10.650766390987714,10.202837145201945,10.571134567260742,39800000
2023-03-01,10.571134814339445,10.71049098376192,10.461641291477227,10.54127311706543,26906600
2023-03-02,10.391962922932294,10.750307093945093,10.302377829465351,10.710491180419922,22463300
2023-03-03,10.939432115328572,11.148465892341243,10.800076896844278,11.058879852294922,29919900
2023-03-06,11.138511686655509,11.476947416331841,11.019063949584961,11.019063949584961,32128800
2023-03-07,11.00911073253797,11.148465951765058,10.810030220580012,10.819984436035156,24794000
2023-03-08,10.800076546867418,10.91952427996306,10.40191648726241,10.481548309326172,29901000
2023-03-09,10.461641445996358,10.54127327276073,9.894263493692403,9.9440336227417,37505400
2023-03-10,9.914171514919742,10.023665034869909,9.476196485832862,9.645413398742676,46525200
2023-03-13,9.396563572107691,9.516012254807434,9.068082067898905,9.197484016418457,50015700
2023-03-14,9.426427000478071,9.51601304530168,8.968543509713394,9.028266906738281,45033700
2023-03-15,8.679877513817093,8.849095380145645,8.33148756566155,8.689830780029297,54438600
2023-03-16,8.5106600300603,9.117852963466229,8.450935683671158,8.98845100402832,51497900
2023-03-17,8.849094933405908,8.938680020510532,8.510659217834473,8.510659217834473,53049200
2023-03-20,8.540521374585825,8.849095411113717,8.480797979958647,8.570383071899414,45019800
2023-03-21,8.908818448159877,9.16762234591979,8.908818448159877,9.078036308288574,43641300
2023-03-22,9.107897788870115,9.416471805710268,8.928726667133875,8.948634147644043,47728500
2023-03-23,9.008359150170229,9.51601275587292,8.948634805675574,9.177577018737793,57700900
2023-03-24,9.03822107649249,9.227347381106322,8.918773333766728,9.187530517578125,45523800
2023-03-27,9.486149452605556,9.675275739347171,8.640061117597536,8.749554634094238,93540200
2023-03-28,8.898864419575109,9.43637970734426,8.898864419575109,9.287070274353027,72930100
2023-03-29,9.625505877686452,9.914171473893456,9.52596562411733,9.844493865966797,55593500
2023-03-30,10.073435771949603,10.252607860252388,10.013712375372858,10.113251686096191,46584200
2023-03-31,10.232699188848454,10.302377748937559,10.013712140814837,10.103297233581543,37314300
2023-04-03,9.934078937296889,10.023664975491888,9.774815291299648,9.924125671386719,39031900
2023-04-04,10.023665002448865,10.073435129278405,9.506058151565815,9.804677963256836,38016300
2023-04-05,9.734999686812309,9.844494158853188,9.565781820282076,9.615551948547363,25510600
2023-04-06,9.67527603549278,9.834539682285055,9.496103958208366,9.685229301452637,28095400
2023-04-10,9.555828735727797,9.844494346010915,9.516012822215858,9.824585914611816,24047400
2023-04-11,9.864402019224077,10.09334423831765,9.744954276374234,9.993803977966309,26263500
2023-04-12,10.143113040512635,10.182928953309384,9.555828564082148,9.575736045837402,34149900
2023-04-13,9.675276030916317,9.804677981195384,9.655367600433593,9.725046157836914,21807900
2023-04-14,9.774815129459794,9.82458525533145,9.506057968610767,9.555828094482422,21640200
2023-04-17,9.57573624981449,9.754908335859605,9.466242724612618,9.705138206481934,24539000
2023-04-18,9.715091689458609,9.814630991419989,9.615551438211039,9.794723510742188,22055200
2023-04-19,9.65536735670372,9.80467773369648,9.476196233313074,9.754907608032227,25981000
2023-04-20,9.585690089621716,9.615551786362719,9.257208577612026,9.287070274353027,38877300
2023-04-21,9.25720880346797,9.336840629577637,9.028266591437998,9.336840629577637,28720300
2023-04-24,9.277115830229938,9.396563563534498,9.097944704916198,9.237299919128418,23084800
2023-04-25,9.227346722772827,9.227346722772827,8.869002570875656,8.91877269744873,27625300
2023-04-26,8.988450349875,9.038220476696113,8.659968841856347,8.719693183898926,33804600
2023-04-27,8.869003059103614,8.918773188416473,8.679877706858255,8.859048843383789,25196300
2023-04-28,8.799325141000343,9.257208606007165,8.789370925627402,9.167622566223145,34200500
2023-05-01,9.227346844246416,9.585690051574796,9.167622501715243,9.446333885192871,43945100
2023-05-02,9.336840373866796,9.496104021724326,9.127806598732233,9.40651798248291,33396200
2023-05-03,9.416472682992644,9.655368167088367,9.366702553151134,9.386610984802246,28997800
2023-05-04,9.735000006895845,9.794724352635154,9.167622994160629,9.346795082092285,51862300
2023-05-05,9.496103902427814,10.043573397025055,9.486149687240214,9.96394157409668,52156100
2023-05-08,10.103296663957964,10.61095024077906,9.993803146114397,10.561180114746094,44199800
2023-05-09,10.441732373703603,10.660720358506323,10.332238855945342,10.600996017456055,26602000
2023-05-10,10.750306429323865,10.839892466538545,10.29242297744921,10.441732406616211,29655000
2023-05-11,10.32228544952371,10.44173319169543,10.113251663401634,10.192883491516113,25870000
2023-05-12,10.202837578881866,10.212791794592405,9.63546057338882,9.784770011901855,29797400
2023-05-15,9.814631589473263,10.332239408643083,9.774815676405295,10.262561798095703,27705900
2023-05-16,10.21279188947462,10.591043546412894,10.023665586362348,10.312331199645996,30032700
2023-05-17,10.362101153723714,11.128558670410829,10.352146938089433,10.989202499389648,53763700
2023-05-18,10.91952482701484,11.267913828676013,10.91952482701484,11.228097915649414,33835000
2023-05-19,11.1186039925806,11.16837411939683,10.760260788218929,10.88966178894043,28822700
2023-05-22,11.01906368190868,11.228097454025825,10.78016821357086,11.168374061584473,24221100
2023-05-23,11.068834325891395,11.476947674034403,10.969295017407338,10.989202499389648,31999100
2023-05-24,10.790122788860511,10.81003027057664,10.332239317954711,10.620904922485352,34266800
2023-05-25,10.949386596679688,11.168374594413432,10.819984641168213,10.949386596679688,40944700
2023-05-26,11.098695960991408,11.317683957280822,11.098695960991408,11.228097915649414,30569800
2023-05-30,11.447085406227124,11.78552112664485,11.148465597077003,11.327637672424316,32709100
2023-05-31,11.347545424678833,11.397315552274645,10.889661959512564,11.178327560424805,32724100
2023-06-01,11.267913921234046,11.875107786485149,11.14846618117307,11.795475959777832,39965900
2023-06-02,11.984601460847497,12.223496943958706,11.845245287722825,12.123957633972168,36332300
2023-06-05,12.114003385115193,12.323037169588384,12.024417341871503,12.24340534210205,26125500
2023-06-06,12.17372643174392,12.780920285510726,12.143864734615036,12.71124267578125,32243400
2023-06-07,12.810782387954754,13.11935643233686,12.751058991807422,12.970046043395996,38518700
2023-06-08,12.790874023178214,12.910321756518005,12.641563644538822,12.691333770751953,31998400
2023-06-09,12.820736120255663,13.328389714795078,12.790874423308118,13.029769897460938,34064600
2023-06-12,13.875858584678733,15.030521967641814,13.776319276184742,14.652270317077637,126582800
2023-06-13,14.99070542794508,15.299278505453723,14.672177185930927,15.269416809082031,68046100
2023-06-14,15.4386350895392,15.707392262748645,15.120106838882885,15.528221130371094,59729300
2023-06-15,15.378911540016755,16.085644738390183,15.339095625289504,16.04582977294922,64037400
2023-06-16,16.224999076092374,16.32453933209841,15.617806172457012,15.727300643920898,51111900
2023-06-20,15.91642548471899,15.986103092134293,15.627759890630475,15.826839447021484,37891000
2023-06-21,15.806932686260808,16.105552509096896,15.378910908552875,15.816886901855469,37155600
2023-06-22,15.667576310282755,15.886564304061586,15.518266875466328,15.687484741210938,23564100
2023-06-23,15.418726609731173,15.926380206646735,15.359003215556541,15.727300643920898,39855000
2023-06-26,14.911073311049044,14.970797655704448,13.836042701541814,14.532822608947754,107033000
2023-06-27,14.682131954792837,15.83679438375854,14.63236182610578,15.816886901855469,62431700
2023-06-28,15.866655754335055,17.40952401612659,15.806932360570144,17.210445404052734,96977000
2023-06-29,17.170629287227367,17.668328686857144,16.802330896129412,17.081043243408203,60301600
2023-06-30,17.718097203739433,18.793127790730345,17.53892702138467,18.743358612060547,115111200
2023-07-03,18.464645541058946,19.101702014423065,18.345198757571694,18.872758865356445,44829000
2023-07-05,18.842898304202897,19.460044454962592,18.713495405817135,19.12160873413086,55764800
2023-07-06,18.743359322127823,18.95239405731942,18.06648783457034,18.773221969604492,56532200
2023-07-07,18.733403644199473,19.370458218733965,18.733403644199473,18.952392578125,44380200
2023-07-10,18.942438774208277,19.30078103087529,18.88271348262008,19.21119499206543,39739700
2023-07-11,19.221149299922295,19.29082690853841,18.574140493179527,18.81303596496582,43404900
2023-07-12,19.071841031080755,19.071841031080755,18.106304869708968,18.136165618896484,55581800
2023-07-13,18.21579586971112,18.39496794360539,17.638464686369794,17.66832733154297,49645400
2023-07-14,17.658374204090244,17.857454720361623,17.021319589737836,17.150720596313477,41398100
2023-07-17,17.27016916015292,17.897269554272444,17.260214944554516,17.628511428833008,35689400
2023-07-18,17.807682913884342,18.49450857850782,17.76786795140153,18.166027069091797,39141300
2023-07-19,18.404922074773072,18.414876289785425,17.80768246403853,18.066486358642578,35920000
2023-07-20,17.917178489905044,18.076442146818398,17.52897356350032,17.568788528442383,32239300
2023-07-21,17.519019046663363,17.817637923602803,17.489156399540413,17.7977294921875,27228300
2023-07-24,17.797728789363433,17.92713168988031,17.14076576718182,17.767868041992188,28805300
2023-07-25,17.628511020161458,17.69819052773495,17.260214544420972,17.369709014892578,26368800
2023-07-26,17.419479087407684,17.65837457277771,17.25026121461568,17.568788528442383,23856600
2023-07-27,18.534326661407277,18.723451068170093,18.00676460908127,18.136165618896484,50553800
2023-07-28,18.27552148444904,18.633863740025788,18.27552148444904,18.404922485351562,24508400
2023-07-31,18.673681238553385,18.77322149572377,18.414877329339376,18.753313064575195,27014200
2023-08-01,18.076440606172387,18.325290286211732,17.39956917269378,17.907222747802734,42573300
2023-08-02,17.538927521171622,17.85745483030898,17.46924801104687,17.638465881347656,25360500
2023-08-03,17.48915648626482,17.81763801195607,17.30998439978368,17.479202270507812,22112300
2023-08-04,17.53892767832532,17.56878842721668,17.001411415410338,17.081043243408203,26799300
2023-08-07,17.309984280631614,17.966947327491955,17.309984280631614,17.956995010375977,29955200
2023-08-08,17.678281749292587,17.86740804041303,17.429432065713424,17.83754539489746,21033700
2023-08-09,17.907222900147886,18.046578114612316,17.180582283908493,17.190536499023438,24718700
2023-08-10,17.37966111223264,17.628510797564076,17.100950679747786,17.280122756958008,22120800
2023-08-11,17.04122717300368,17.071087919957574,16.60325119814651,16.712745666503906,26491300
2023-08-14,16.523620303042037,16.77247000068251,16.4041716128027,16.752561569213867,20464000
2023-08-15,16.57338811170487,16.752560182951253,16.414124470279724,16.533573150634766,17912200
2023-08-16,16.404171549934972,16.533574455412705,16.0856442419475,16.105552673339844,22550600
2023-08-17,16.18518411283344,16.21504675920699,15.727300643920898,15.727300643920898,27220500
2023-08-18,15.368956295655103,15.767116365572459,15.319187117540878,15.518266677856445,25707700
2023-08-21,15.697438728616943,15.777070552600284,15.428680610708506,15.637714385986328,18829000
2023-08-22,15.717345980164197,15.787023587809298,15.359002777478555,15.587944030761719,20250500
2023-08-23,15.62776051242265,16.314585246620343,15.418726732573571,16.175230026245117,29806800
2023-08-24,16.095597848533643,16.25486149650032,15.627760170666855,15.637714385986328,21392500
2023-08-25,15.647668320912677,15.91642548471899,15.478450460658769,15.826839447021484,19060500
2023-08-28,15.84674816126415,16.015966024550302,15.60785268931413,15.637714385986328,19018100
2023-08-29,15.518266812646502,16.045828838672882,15.359003163010701,15.96619701385498,17645000
2023-08-30,16.095597810704977,16.165275419205084,15.75716208492808,15.796977996826172,18121700
2023-08-31,15.777070287057365,15.96619657779929,15.617805692485037,15.747207641601562,21797600
2023-09-01,15.75716259495154,15.986103858454324,15.508312900212209,15.657622337341309,16767300
2023-09-05,15.498358780112834,15.498358780112834,14.851349949517454,15.29927921295166,31023200
2023-09-06,15.040474820449576,15.418726460613637,14.970797211490957,15.359003067016602,19238600
2023-09-07,15.179830779532754,15.289324299150282,14.921026879397274,15.22960090637207,18761400
2023-09-08,15.140014867918543,15.448588894893339,15.02056713307591,15.22960090637207,13695000
2023-09-11,15.488405243327414,15.528221156064554,14.881211387478224,15.408772468566895,18092800
2023-09-12,15.249508352241604,15.568036593704283,15.15992231399542,15.388864517211914,15495000
2023-09-13,15.090244803989943,15.199739273350161,14.851349333308729,14.950889587402344,23991200
2023-09-14,15.279371196292168,15.707392013391765,15.189785156882465,15.558082580566406,24656700
2023-09-15,15.468496641653427,15.548128466249139,15.04047487248681,15.12010669708252,24302500
2023-09-18,15.070337795976668,15.140015406458462,14.91107319456847,14.970797538757324,19251100
2023-09-19,14.990706196080106,15.508313073285578,14.930981850990191,15.020567893981934,23552300
2023-09-20,15.169876461102529,15.229600802760629,14.572637790952552,14.58259105682373,22637100
2023-09-21,14.383511543273926,14.622407012050875,14.20434041633432,14.383511543273926,22663700
2023-09-22,14.59254540710412,14.602499622353678,13.945536604462301,13.985352516174316,21291500
2023-09-25,13.487653407245736,13.985352787961178,13.318435541859586,13.836042404174805,29506500
2023-09-26,13.607100707156075,13.905720515840231,13.587192276910235,13.696686744689941,26210700
2023-09-27,13.82608911859225,14.11475472103018,13.656871253443853,13.915674209594727,25160200
2023-09-28,13.597147257570779,14.572638560955667,13.577239775490325,14.373558044433594,45202200
2023-09-29,14.582591015404667,15.169876418015393,13.17907895793087,13.65687084197998,91954900
2023-10-02,13.437882872436205,14.104800098344453,13.358251049875776,13.577239036560059,38918600
2023-10-03,13.308481619329614,13.447837790740142,12.5917942295253,12.681380271911621,53693600
2023-10-04,12.780920207896859,13.169125116073634,12.761011777074343,13.029769897460938,35704600
2023-10-05,13.208942166151852,13.587192864313332,13.03972429889139,13.23880386352539,24169100
2023-10-06,13.00986166230205,13.408021741164497,12.93022983638681,13.19898796081543,26188700
2023-10-09,12.601748219521737,12.701288475787633,12.22349657471206,12.631609916687012,37982300
2023-10-10,12.761012056291476,13.228849748708603,12.741104574319603,12.840643882751465,26502400
2023-10-11,12.86055213653537,12.950138177388144,12.432530363254893,12.59179401397705,25157700
2023-10-12,12.631609702402848,12.860551908216113,12.283220709954795,12.542024612426758,28842100
2023-10-13,12.323037180729582,12.462393353599788,12.09409496453469,12.20358943939209,25958500
2023-10-16,12.412622712840546,12.472346106406453,12.183680506074637,12.303128242492676,28778300
2023-10-17,12.213543589965266,12.601748509918398,12.17372672711237,12.442484855651855,22430900
2023-10-18,12.243405262507414,12.283221175991736,11.61630391316464,11.636211395263672,37759500
2023-10-19,11.536671685445125,11.666073637095685,11.28782199749087,11.337592124938965,36476100
2023-10-20,11.188281824253682,11.337592207687731,10.969294780741714,10.979248046875,33490700
2023-10-23,10.929477610462085,11.586441570306837,10.790122395668579,11.327637672424316,41028400
2023-10-24,11.45704032421228,11.67602737497503,11.347545849544641,11.397315979003906,23219100
2023-10-25,11.267913595095948,11.41722397781522,11.188281770693491,11.218144416809082,22471300
2023-10-26,11.586442303614703,11.685981613440466,10.899616604171488,11.317684173583984,38025200
2023-10-27,11.506810545073026,11.526718027443104,10.959341015244934,11.078788757324219,25951000
2023-10-30,11.307729710861295,11.447085880717424,11.138511843638225,11.347545623779297,28263900
2023-10-31,11.377407781759892,11.427176958805068,11.048926276973466,11.407269477844238,25679000
2023-11-01,11.397315297163546,11.516763031148109,11.068833791384447,11.248005867004395,26672000
2023-11-02,11.566533031398219,11.984600570424702,11.556578816353257,11.845244407653809,30172100
2023-11-03,12.133910106691316,12.76101142079907,12.10404841057748,12.492254257202148,43517900
2023-11-06,12.591794361417373,12.681380404742058,11.964693956717104,12.20358943939209,30665400
2023-11-07,12.19363467972755,12.512161975752925,12.104048640398858,12.502208709716797,22553000
2023-11-08,12.55197759892739,12.910321747996438,12.452438295853032,12.731149673461914,30333400
2023-11-09,12.741103993080847,12.860551727321722,12.19363449917884,12.253358840942383,22164800
2023-11-10,12.243404762262124,12.751058350410043,12.173726204546817,12.701288223266602,21955600
2023-11-13,12.571886736960241,12.770966303604112,12.392714652337629,12.721196174621582,19364700
2023-11-14,13.517514876798044,14.05503016095326,13.268665190628292,13.826088905334473,46888800
2023-11-15,14.124707618548719,14.58259107418528,14.084891707157983,14.502959251403809,45858300
2023-11-16,14.423327381956383,14.761763102325745,14.343695559432557,14.74185562133789,31253700
2023-11-17,14.851349623115249,14.940935663690423,14.57263823521511,14.72194766998291,25665200
2023-11-20,14.682131327305221,14.930981010818869,14.483051770351544,14.502959251403809,23870500
2023-11-21,14.25411036905974,14.293926282688377,13.816135319144731,14.134662628173828,26656000
2023-11-22,14.43328214556286,14.771717878792892,14.343696104497706,14.403420448303223,26064700
2023-11-24,14.204340425002144,14.393465767244418,14.055030044960782,14.343695640563965,8927300
2023-11-27,14.31383413453028,14.672177342677486,14.293925703878992,14.552729606628418,21496800
2023-11-28,14.612454187295695,14.711993494314717,14.413373674685179,14.562684059143066,18419200
2023-11-29,14.741856071561134,15.229601236737087,14.692085943642189,14.841395378112793,27451400
2023-11-30,15.020567186607835,15.120106491355006,14.761763285550003,14.990705490112305,30451000
2023-12-01,15.050429190802625,15.697438956675029,14.960843150198274,15.687484741210938,31943600
2023-12-04,15.677531077824606,16.334494133009546,15.677531077824606,16.274770736694336,36854500
2023-12-05,16.125461019993633,16.543528584173394,16.075689941774314,16.42407989501953,27681700
2023-12-06,16.742607412872324,17.738006206965306,16.72269898133306,17.39957046508789,43374500
2023-12-07,17.46924726014108,17.956994317186215,17.349800473635185,17.84749984741211,33502900
2023-12-08,17.83754606505532,18.056533111346273,17.75791423926111,18.02667236328125,32727000
2023-12-11,17.927132222310696,17.9769014017892,17.37966175518468,17.548879623413086,34179200
2023-12-12,17.558832613118888,17.966945931781364,17.52897186694557,17.738004684448242,22240600
2023-12-13,17.668328158332272,18.21579672211921,17.53892715367131,18.185935974121094,38465400
2023-12-14,18.41487781644949,19.141518485441168,18.394969384774296,18.69359016418457,41074500
2023-12-15,18.594049712401304,18.862807841523917,18.46464680642115,18.524372100830078,36118100
2023-12-18,18.444740100818123,18.63386450229131,18.126210896003933,18.275522232055664,26063300
2023-12-19,18.365107002117107,18.773220322291053,18.315335927356642,18.62390899658203,27102200
2023-12-20,18.554231519428203,18.713495162623712,17.97690033820139,17.986854553222656,34109700
2023-12-21,18.414877935157502,19.410276742463314,18.245660061972615,19.101703643798828,63822500
2023-12-22,19.051932156252274,19.649171807559114,18.613958057390107,18.842899322509766,38240400
2023-12-26,18.703544186911817,18.773221798483046,18.27552240317711,18.524372100830078,26668600
2023-12-27,18.31533762425656,18.52437236047265,18.11625900248736,18.454694747924805,25594200
2023-12-28,18.53432582244595,18.67368104187324,18.454693997262858,18.584095001220703,17540700
2023-12-29,18.55423310952313,18.7931285947897,18.444740532050464,18.454694747924805,25436700
2024-01-02,18.225750692346036,18.25561333851472,17.130811680936244,17.210445404052734,36400200
2024-01-03,16.68288409223127,16.82223931649094,16.18518469293525,16.274770736694336,43978500
2024-01-04,16.274769214159218,17.02131824326219,16.224998139742272,16.77246856689453,33978600
2024-01-05,16.82223951455696,17.47920257747702,16.772470333470388,17.250261306762695,34785400
2024-01-08,17.32989169650209,17.499109556145502,16.96159523047211,17.27016830444336,26151600
2024-01-09,16.971548237100357,17.47920183667275,16.971548237100357,17.300029754638672,21013000
2024-01-10,17.18058287668529,17.74795986780641,17.11090526704901,17.698190689086914,24717400
2024-01-11,17.658373647088627,17.698190508515957,17.081042446399504,17.4493408203125,23338900
2024-01-12,17.449340702586557,17.449340702586557,16.662974781854253,16.881961822509766,24801400
2024-01-16,16.57338850155223,17.02131869020462,16.453941716959868,16.951641082763672,24477200
2024-01-17,16.493756479420583,16.901869802556444,16.493756479420583,16.78242301940918,15919000
2024-01-18,17.04122730464562,17.56878742301225,16.76251497329759,17.200490951538086,31558400
2024-01-19,17.140766830085163,17.270169738626347,16.74260768567491,17.250261306762695,21539400
2024-01-22,17.419478133806013,17.469247311902198,16.31458491320428,16.563434600830078,54155000
2024-01-23,16.434033934493737,16.702792058279513,16.13541316409649,16.175230026245117,40097200
2024-01-24,16.424079517459774,16.672929207118255,15.986103532060556,16.006011962890625,35602600
2024-01-25,16.20509214415734,16.42407918311277,16.135412637670573,16.394216537475586,40046700
2024-01-26,16.424079330762808,16.434033546064693,15.737254612798665,15.757162094116211,39896600
2024-01-29,15.627759985761747,16.473848342895508,15.617805770560052,16.473848342895508,37138300
2024-01-30,16.732652260407338,17.12085905940107,16.314584714348843,16.394216537475586,42567900
2024-01-31,16.324539616224616,17.100951348298068,16.27477043664161,16.503711700439453,37512800
2024-02-01,17.011364759985806,17.160674192513273,16.145367013610596,16.722698211669922,41876600
2024-02-02,16.553481401864413,16.58334404969913,16.065736211999447,16.364356994628906,32332100
2024-02-05,16.135412782725542,16.17522964393307,15.568036749811546,15.757162094116211,32575500
2024-02-06,15.687484926491805,16.055781410150686,15.488405361289878,15.89651870727539,22660700
2024-02-07,15.926380226667511,15.956242873078603,15.538174366899446,15.647668838500977,27082300
2024-02-08,15.568037255079096,15.717346692308356,15.34904925776143,15.617806434631348,25545000
2024-02-09,15.60785278437435,15.667576178082491,14.89116541487306,15.239555358886719,45686600
2024-02-12,15.259463267684863,15.568037308105623,15.209693138676837,15.418726921081543,28026400
2024-02-13,14.96084330265995,15.169877083104893,14.83144134816677,15.050429344177246,26733700
2024-02-14,15.189785240790421,15.289324546795104,14.771717687426557,15.199739456176758,25927100
2024-02-15,15.289324317122592,15.538174002325482,15.07033727763012,15.149969100952148,26700100
2024-02-16,14.950890119728848,15.050429428080342,14.702040424920735,14.731902122497559,24237600
2024-02-20,14.682132004159467,14.761763830612008,14.373557964691182,14.692086219787598,24917100
2024-02-21,14.552729823867317,14.682131777173705,14.473097998645883,14.642315864562988,18529500
2024-02-22,15.478451341887672,15.538174737562082,15.030522077184559,15.140015602111816,39773500
2024-02-23,14.970797253818835,15.388864807325026,14.881211213883763,15.15992259979248,26825200
2024-02-26,15.080290640009213,15.179830894441348,14.702039951454024,14.711993217468262,25467300
2024-02-27,15.936334153866724,16.135412763955465,15.418726350205604,15.836793899536133,56116000
2024-02-28,15.647668657896027,16.045828728538904,15.359003057590897,15.398818969726562,28772600
2024-02-29,15.448588772906227,15.866655366911147,15.368956001020399,15.787023544311523,34166800
2024-03-01,15.826839901772018,16.035874628596503,15.577990211811539,15.926380157470703,22562800
2024-03-04,15.986103295108487,16.334493235180886,15.946288332610962,15.996057510375977,26876000
2024-03-05,15.846748599353202,16.085644077907574,15.687484946983622,15.816886901855469,26446500
2024-03-06,16.075689830893243,16.254861914101955,15.806932655366419,15.936334609985352,21260400
2024-03-07,16.085643398023773,16.155321005668874,15.538173904178272,15.587944030761719,26335600
2024-03-08,15.886563465466278,16.702791053997537,15.607852092187553,16.294677734375,44025100
2024-03-11,16.28472402083003,16.304630552747852,15.996057474438661,16.15532112121582,24125300
2024-03-12,16.16527557373047,16.1752297891217,15.836794060109664,16.16527557373047,22403600
2024-03-13,16.32453936215765,16.86205560643652,16.274770183349226,16.573389053344727,32798700
2024-03-14,16.46389732768949,16.543529157025304,16.06573628243785,16.12546157836914,23985100
2024-03-15,16.11550686755196,16.304631269809573,16.006012393612544,16.185184478759766,24012900
2024-03-18,16.28472499803107,16.57338966317197,16.045829513529878,16.115507125854492,25799400
2024-03-19,16.03587460913573,16.125460649298578,15.81688661643612,16.006011962890625,21516100
2024-03-20,16.006011108024783,16.77246856689453,15.966196147063584,16.77246856689453,29629800
2024-03-21,16.991455806703126,17.20049052466959,16.792377202314338,16.941686630249023,31116800
2024-03-22,16.991457222153763,17.100951697760934,16.881962746546588,17.00141143798828,18601300
2024-03-25,17.260214140565218,17.588695645721756,17.01136445791413,17.031272888183594,41079600
2024-03-26,17.369708625981765,17.538926486297957,16.712745615006536,16.951641082763672,65639200
2024-03-27,16.533573506372363,17.598649843283937,16.0955975337435,17.110904693603516,112964400
2024-03-28,16.921779329803922,17.05118033636581,16.234953637170403,16.264816284179688,60284300
2024-04-01,16.404171528066087,16.593297828896212,15.986103962246737,16.185184478759766,33043900
2024-04-02,15.767116632487395,15.806932545224537,15.339094858598457,15.408772468566895,35824500
2024-04-03,15.279371024301332,15.52822070906659,15.179830770680743,15.269416809082031,26613300
2024-04-04,15.518266558202336,15.727300332243475,14.911072717313866,14.990705490112305,35613200
2024-04-05,14.94093582081513,15.090245257153128,14.771717953346068,15.050429344177246,29861000
2024-04-08,15.179830701492628,15.60785246110958,15.169876486318698,15.587944030761719,26731500
2024-04-09,15.548128154419828,15.637714192614846,15.080290482338187,15.428680419921875,25736000
2024-04-10,15.080290843081627,15.269417139192234,14.721947631015656,14.881211280822754,33185600
2024-04-11,14.811533194722537,14.960842624290398,14.522867601414793,14.901119232177734,26083900
2024-04-12,14.642316194164446,14.672177891973117,14.164524282794419,14.293926239013672,34056700
2024-04-15,14.59254565449431,14.692085910104984,13.855950800691268,13.995306968688965,30780000
2024-04-16,13.955491090918397,14.015214485003959,13.736503097603457,13.836042404174805,27095100
2024-04-17,14.124708434390714,14.234202909004283,13.945537297426599,14.055030822753906,22639800
2024-04-18,14.144616373726137,14.493006318360695,14.094846246023168,14.114754676818848,23061100
2024-04-19,14.035123340551788,14.244157124748474,13.985353211117097,14.055030822753906,29493400
2024-04-22,14.283972994301514,14.343696390009587,14.005260650042977,14.21429443359375,24348300
2024-04-23,14.333741810585897,14.871257104750713,14.264064200932422,14.72194766998291,25455300
2024-04-24,14.76176400231659,14.98075200225141,14.702040606425625,14.940936088562012,24536500
2024-04-25,14.990705463188386,15.13006067944138,14.731901562595375,15.110153198242188,29288000
2024-04-26,15.110153698618191,15.159922877907398,14.841395573882494,15.010613441467285,20459000
2024-04-29,15.010613667367434,15.209693235379017,14.781672401475674,15.060383796691895,19562500
2024-04-30,14.88121107114476,15.070337364590554,14.702039942279432,14.751809120178223,22986100
2024-05-01,14.562684099402945,14.731901966017961,14.144616540623053,14.403420448303223,33933600
2024-05-02,14.54277542891451,14.612453987088008,14.293925740847133,14.393465995788574,19596400
2024-05-03,14.692086301297158,14.801579825955294,14.303880433222622,14.373558044433594,23570400
2024-05-06,14.52286839329081,14.642316133315363,14.37355800629543,14.532822608947754,29357200
2024-05-07,14.46314417540309,14.52286852058197,14.055030822753906,14.055030822753906,25935000
2024-05-08,13.955490999376453,14.264064081795631,13.915674137865615,14.23420238494873,23651400
2024-05-09,14.244157010349197,14.632361928392205,14.204341096978473,14.493006706237793,24245800
2024-05-10,14.562684109607417,14.562684109607417,14.274018504465333,14.363604545593262,16374000
2024-05-13,14.393466448167853,14.62240771272796,14.383512232503609,14.493006706237793,24898100
2024-05-14,14.612454457128207,14.692086283928393,14.343696329712882,14.453190803527832,24220000
2024-05-15,14.542775336403809,14.950889619638607,14.512913639825825,14.791625022888184,35205300
2024-05-16,14.871256837439615,15.010613003527874,14.751809101915203,14.831440925598145,29313600
2024-05-17,14.9210274204613,15.050429375221393,14.86130402551741,14.930981636047363,22775900
2024-05-20,15.319187463903688,16.16527585169624,15.239555637977007,16.015966415405273,53286300
2024-05-21,15.886565141075414,16.12546157836914,15.77707161306024,16.12546157836914,29685600
2024-05-22,16.065735706437835,16.11550678459615,15.518267136703914,15.577990531921387,29002500
2024-05-23,15.577990013597454,15.667576052729133,14.702039951454024,14.711993217468262,33957700
2024-05-24,14.741856487873358,15.07033801241404,14.731902272151213,15.060383796691895,21930800
2024-05-28,15.130061270645337,15.627760660793449,15.110153788668264,15.577990531921387,27374300
2024-05-29,15.140014885715342,15.229600924274177,14.672177211733766,15.149969100952148,37684800
2024-05-30,15.159922846966994,15.3789108426803,15.010613410831613,15.130061149597168,27430100
2024-05-31,15.22960143762753,15.359003392209209,14.891165702457947,15.010613441467285,27997800
2024-06-03,15.140015400407595,15.966197256710966,15.130061184832389,15.936334609985352,43854800
2024-06-04,16.095597355843147,16.881961356286258,16.06573471079883,16.8620548248291,51622200
2024-06-05,16.9217784545458,16.98150184690275,16.483802480592576,16.87200927734375,29171100
2024-06-06,16.812283815306596,16.99145588912631,16.493756527881498,16.543527603149414,23698600
2024-06-07,16.364355513149242,16.67292858521565,16.33449286801802,16.623159408569336,17319800
2024-06-10,16.51366473616169,16.762514413441316,16.284723488721802,16.453941345214844,16632000
2024-06-11,16.414125722081103,16.424079937750864,16.155321810384812,16.264816284179688,13762600
2024-06-12,16.67292952688524,16.9516418681342,16.623160347428016,16.662975311279297,25555900
2024-06-13,16.603252218773868,16.62316065034854,16.195138864355656,16.43403434753418,21689200
2024-06-14,16.095597686559792,16.155321079303175,14.97079699750648,15.269416809082031,56577700
2024-06-17,15.18978560490722,15.707392476683404,14.9110732631261,15.617806434631348,25057400
2024-06-18,16.02592018365579,16.195138046348376,15.737254585407175,15.876609802246094,28003700
2024-06-20,15.67753091870431,16.075690054385472,15.6277607894226,15.986104011535645,21089900
2024-06-21,15.866655559757262,16.025920156178444,15.697438646641025,15.996057510375977,24785100
2024-06-24,16.215046376968523,16.42407920093843,15.926379831213023,16.314584732055664,38154600
2024-06-25,16.94168647695374,17.927130970692822,16.58334233429503,17.738004684448242,105894500
2024-06-26,17.817638036216433,18.41487769244259,17.708145459885284,18.285476684570312,55127800
2024-06-27,18.404923410584743,18.574141280931663,18.046579238421266,18.524372100830078,38085600
2024-06-28,18.544277411958088,18.832943953531867,18.48455402005649,18.63386344909668,34277000
2024-07-01,18.56418681078559,18.653772852598735,17.37966173459038,17.628511428833008,41781100
2024-07-02,17.588696745262403,17.907224055196643,17.429433090295284,17.479202270507812,24523800
2024-07-03,17.479201586791735,17.509064232894662,17.240306113685687,17.369709014892578,14095400
2024-07-05,17.449340888225176,17.45929510362075,16.931733079090073,17.13081169128418,25550000
2024-07-08,17.250261003814142,17.79772958044205,17.250261003814142,17.479202270507812,29603500
2024-07-09,17.429431601370137,18.026671205763357,17.419477386463473,17.817636489868164,26254200
2024-07-10,18.03662545184585,18.086394627892826,17.64841866410445,17.65837287902832,22307800
2024-07-11,17.598650818887286,18.06648756425324,17.230352433142485,18.0366268157959,30702600
2024-07-12,18.066486342606737,18.4845538798926,18.066486342606737,18.1461181640625,22504500
2024-07-15,18.21579599174824,18.2556128522459,17.70814431040997,18.23570442199707,25269100
2024-07-16,18.31533744772196,19.151472587382035,18.295429016165162,19.09174919128418,28752600
2024-07-17,18.594048554924623,19.032024527130215,18.315336227416992,18.315336227416992,30846600
2024-07-18,18.375059893914525,18.613957263101117,18.016717637279502,18.166027069091797,20659600
2024-07-19,18.205844365083266,18.414877194899773,18.076441462134735,18.345199584960938,13619900
2024-07-22,18.315336701700407,18.65377243009061,18.116258089958933,18.33524513244629,21676000
2024-07-23,18.42483125494045,19.390367367580698,18.37506017785232,18.982254028320312,35636000
2024-07-24,18.78317563647654,18.942439287885747,18.096349953166538,18.106304168701172,28171400
2024-07-25,18.07644054379451,18.07644054379451,17.001410005677123,17.021318435668945,34773400
2024-07-26,17.300029068143033,17.42943196606492,17.041227069444062,17.190536499023438,20816900
2024-07-29,17.260215546279063,17.459296068042494,16.951642446261044,17.170629501342773,16795900
2024-07-30,17.250260165722175,17.319937774063483,16.991456264331283,17.041227340698242,20316800
2024-07-31,17.349801021328528,17.449341278940658,16.57338929024091,16.583343505859375,38380700
2024-08-01,16.712746151142692,16.782423760818862,15.408772403933794,15.687484741210938,41570900
2024-08-02,15.090245341278191,15.13006125447604,14.562684254085141,14.731902122497559,44420000
2024-08-05,13.806181050831965,14.64231618313499,13.716595008187175,14.333742141723633,35572300
2024-08-06,14.383511761734928,14.970797176696115,14.373557546396482,14.473097801208496,32738600
2024-08-07,14.73190158224895,14.77171749398667,13.88581227121467,13.945536613464355,29573300
2024-08-08,14.04507581267349,14.483051787784984,14.015214116416045,14.423327445983887,24132100
2024-08-09,14.423327390346213,14.781671541198078,14.423327390346213,14.70203971862793,26030000
2024-08-12,14.7219479599984,14.781672304653803,14.42332813529389,14.532822608947754,19250800
2024-08-13,14.731901865842067,14.841395387907017,14.493006390816955,14.801579475402832,18842800
2024-08-14,14.83144144143642,15.010613525597762,14.463144006771854,14.692086219787598,23097000
2024-08-15,14.990705342971546,15.717345962709818,14.970796912645794,15.66757583618164,32425400
2024-08-16,15.577989859620141,15.597898290024276,15.239555086325748,15.388864517211914,23514000
2024-08-19,15.418726658560452,15.59789874022424,15.349049048707306,15.528221130371094,17931300
2024-08-20,15.45854263746839,15.45854263746839,15.209692944885187,15.24950885772705,20241900
2024-08-21,15.339095094383204,15.538174661129055,15.229601569994548,15.418726921081543,13809500
2024-08-22,15.5879448009209,15.597899016586643,15.249509062575694,15.378911018371582,18683600
2024-08-23,15.44858840681822,16.67292836223868,15.398818281551318,16.533573150634766,42378900
2024-08-26,16.52362060546875,16.633113183405253,16.334494300200163,16.52362060546875,21673600
2024-08-27,16.473848479221072,17.290077045362885,16.434033516657227,16.96159553527832,30136600
2024-08-28,16.85210090833117,16.94168694647865,16.41412493278487,16.55348014831543,24878400
2024-08-29,16.712745478600333,16.792377300536106,16.43403315253893,16.463895797729492,22800000
2024-08-30,16.543528584173394,16.71274645297407,16.175230199640446,16.42407989501953,20664200
2024-09-03,16.224999421500637,16.712746496456443,16.125461061948034,16.264816284179688,23606100
2024-09-04,16.155321139273486,16.443987685987512,15.916425668840724,16.0756893157959,18999300
2024-09-05,16.224998747494823,16.513665294208845,15.996057492318311,16.0756893157959,15078900
2024-09-06,16.135412820840653,16.384262508258228,15.428680619889521,15.597898483276367,24505600
2024-09-09,15.80693218006067,16.125460423885553,15.777070483519225,15.956242561340332,21478400
2024-09-10,16.055780648172004,16.095597508608996,15.418726069759307,16.06573486328125,17919700
2024-09-11,16.035874042860065,16.47384811422062,15.806931842830071,16.463895797729492,31864300
2024-09-12,16.563435478748755,17.090997527964124,16.533574729737303,16.842147827148438,27585200
2024-09-13,16.931732367790943,17.409523295271836,16.92177815281354,17.18058204650879,23340800
2024-09-16,17.290076636166777,17.85745360392387,17.190536384254283,17.74795913696289,27539900
2024-09-17,17.956994773418465,18.096349994073414,17.787776906092105,17.947040557861328,24716400
2024-09-18,18.04657906944351,18.653772933574544,18.04657906944351,18.275522232055664,30907100
2024-09-19,18.842899126959875,18.902622521898998,18.53432603810648,18.673681259155273,25872300
2024-09-20,18.613957803126954,19.002162716815963,18.464646468410425,18.91257667541504,36581200
2024-09-23,18.912575963404645,18.932484393760344,18.623909418964235,18.882713317871094,27346800
2024-09-24,18.912576016449837,18.922530231655607,18.285475647065734,18.643817901611328,32022100
2024-09-25,18.584095410170843,18.594049625859334,17.90722393193352,17.956995010375977,32886900
2024-09-26,18.345199759544187,18.81303650113748,18.29542868156246,18.59404945373535,31889000
2024-09-27,18.71349676636751,18.783176277487907,18.39496945267875,18.454694747924805,34530800
2024-09-30,18.58409432270634,18.633863499663995,17.250259875659165,18.394968032836914,68527300
2024-10-01,18.613957565710322,18.733404353673045,17.538926981183497,17.93708610534668,45154300
2024-10-02,17.628511428833008,17.777822764236582,17.39957016578719,17.628511428833008,29643700
2024-10-03,17.34979988807078,17.618557996496985,17.031272603375594,17.26021385192871,31611000
2024-10-04,17.59865037516486,18.06648710873504,17.469247473204035,17.93708610534668,31705200
2024-10-07,17.90722322224405,18.335244987023493,17.747959574685062,17.92713165283203,31436400
2024-10-08,17.996808621647347,18.90262129690797,17.986854406707163,18.783174514770508,35723400
2024-10-09,19.061885829381144,20.35590535347628,19.002162435522123,20.1070556640625,70901700
2024-10-10,19.76862058136604,20.405675199565362,19.629263459705545,20.296180725097656,38703100
2024-10-11,20.36585737501794,20.714247314860305,20.26631901955363,20.335996627807617,28855400
2024-10-14,20.236456896874785,20.3359971534846,19.878112732508455,20.117008209228516,27465900
2024-10-15,20.684386323371907,21.699691586553293,20.664477893085188,21.450841903686523,46916700
2024-10-16,21.470750607811837,21.570290861942567,21.192040174532718,21.301532745361328,22859800
2024-10-17,21.520521923734773,21.679785572687923,21.132315118160566,21.311487197875977,20065300
2024-10-18,21.26171780105676,21.321441194157362,20.953142823130058,21.221900939941406,17996300
2024-10-21,21.15222429738002,21.281625304768554,20.93323724696384,21.182086944580078,17595600
2024-10-22,21.072592660598502,21.460797584846297,20.684387736350704,21.35130500793457,19644100
2024-10-23,21.18208605132462,21.30153283794269,20.72420163976217,20.90337371826172,15934800
2024-10-24,20.95314267610821,21.15222318314323,20.515168598347035,20.81378746032715,15605400
2024-10-25,20.883465068217678,20.963096891317203,20.644569598919105,20.81378746032715,16284000
2024-10-28,21.62006087201413,22.286978132219698,21.45084300304936,21.819141387939453,32073400
2024-10-29,21.37121159535099,22.247163604307396,21.331396630528904,21.998313903808594,27969800
2024-10-30,21.819141324922303,22.19739202580096,21.620060809571957,22.05803680419922,23747300
2024-10-31,22.386518368473677,22.943941154522523,21.809187151137102,21.898773193359375,32433300
2024-11-01,21.898772738709695,22.04808217312277,21.649923048497083,21.799232482910156,23499000
2024-11-04,21.699692462997803,22.107805807497094,21.450842770080065,21.809186935424805,16784900
2024-11-05,21.83904898810925,22.565689616009365,21.83904898810925,22.346702575683594,17652300
2024-11-06,23.521271571645467,24.228005669736074,23.401824785127793,24.118511199951172,48011000
2024-11-07,23.720352449280337,24.07869661154784,23.571043014526367,23.571043014526367,24617800
2024-11-08,23.590951115113448,24.297683315720022,23.561088469151816,23.959247589111328,18979500
2024-11-11,24.387270425203052,24.616211691904695,23.899525244527695,24.4868106842041,20466800
2024-11-12,24.10855784651977,24.66598253210483,24.098603630858697,24.476856231689453,18197400
2024-11-13,24.466901067456316,24.715750753617822,24.20809716601966,24.43703842163086,17563900
2024-11-14,24.456946907391995,24.875014457029998,24.148373827455416,24.198143005371094,20945300
2024-11-15,23.89952414073214,24.297683259774892,23.809938101625963,24.198143005371094,18241900
2024-11-18,24.108557867563956,24.526625432831423,23.83980163877041,24.39722442626953,24142300
2024-11-19,23.88957020291746,25.103956004746347,23.750214984276965,25.01436996459961,27670700
2024-11-20,25.064141775196774,25.3328999035025,24.775475215481915,24.964601516723633,14496000
2024-11-21,25.014369445774328,25.48220806763102,24.884968445230992,25.23335838317871,19109500
2024-11-22,25.233359206920277,25.462300468432794,24.735659821768287,24.785429000854492,32540400
2024-11-25,25.084048987559672,25.32294445714175,24.934737657820005,25.074094772338867,24680900
2024-11-26,24.964600033439858,25.68128643443368,24.85510556576782,25.223403930664062,20993100
2024-11-27,25.233359145628036,25.40257701211158,25.024324417114258,25.024324417114258,9131300
2024-11-29,25.153726542546075,25.462299619451354,25.143772327346234,25.312990188598633,8047700
2024-12-02,25.551885535950404,26.5373300531707,25.512068675340736,25.870412826538086,21179700
2024-12-03,25.96995401099768,26.44774496401693,25.810690359991263,25.9898624420166,19172800
2024-12-04,26.13917241717642,26.666734458634895,26.13917241717642,26.656780242919922,19191500
2024-12-05,26.865812924266375,27.04498500897081,26.298435921750677,26.328298568725586,21657700
2024-12-06,26.36811349043018,26.527377143562177,25.770873841898943,26.48756217956543,18633200
2024-12-09,26.43779092840563,26.47760779071441,25.213450890997994,25.273174285888672,19616000
2024-12-10,25.840550215708234,26.2387112280488,25.522022924693715,25.711149215698242,18652700
2024-12-11,25.810690704468197,26.497516395207743,25.810690704468197,26.48756217956543,15172100
2024-12-12,26.378067093792303,26.656779429590156,26.059539794921875,26.059539794921875,15743800
2024-12-13,26.169033361943324,26.288480145607576,25.661379784939264,25.780826568603516,13799100
2024-12-16,26.159079387713934,26.338249564859872,25.731057628736185,25.790781021118164,15710900
2024-12-17,25.750967296069135,25.870414086571035,25.283128653981276,25.601655960083008,17328000
2024-12-18,25.989862521494565,26.069494347241292,24.437039071574688,24.70579719543457,21896700
2024-12-19,24.884968244690857,25.332898432524257,24.65602699249708,25.06414031982422,21381700
2024-12-20,25.66138006666943,27.015121054970265,25.322944344951118,26.676685333251953,61015000
2024-12-23,26.39797636806021,26.417884799518824,25.143773664755358,25.611610412597656,35169600
2024-12-24,25.880368050972283,25.93013723010285,25.303036839624262,25.671335220336914,10234900
2024-12-26,25.36275907792675,25.711149011673978,25.25326650911712,25.54193115234375,12363700
2024-12-27,25.293083040684238,25.422485946271077,24.775475215481915,24.964601516723633,14967400
2024-12-30,24.42708646271825,25.233358926090936,24.198143305181222,24.934738159179688,15497600
2024-12-31,24.745614510124685,25.263220437657775,24.745614510124685,24.80533790588379,10363500
2025-01-02,25.01437095636819,25.28312908746411,24.486810808556793,24.89492416381836,26418700
2025-01-03,24.914831055800068,24.984508663577103,23.819892066035827,24.267820358276367,20575500
2025-01-06,24.536578284112267,24.62616432158607,23.949292882260643,24.018970489501953,20057300
2025-01-07,23.969202100290673,24.058788140708906,23.162929635099054,23.73030662536621,23142500
2025-01-08,23.401825494975824,24.158328793967087,23.292331021869625,24.068742752075195,18531000
2025-01-10,23.44164066846544,24.407178706696545,23.232607834563353,24.158329010009766,20698600
2025-01-13,23.620811428186766,24.0687416165129,23.451593567993825,23.780075073242188,16174100
2025-01-14,23.969202645332302,24.47685625305512,23.720352949305774,24.39722442626953,16470100
2025-01-15,25.1039553333919,25.163680624274136,24.556486790311634,24.825244903564453,27603600
2025-01-16,24.795382940431253,24.994463451705414,24.47685564125056,24.934738159179688,14694700
2025-01-17,25.084049311596438,25.989862024094467,25.054186665548254,25.73105812072754,21345400
2025-01-21,26.31834334964675,26.64682485955693,25.412530643574062,25.482208251953125,30257400
2025-01-22,25.75096766850542,25.80073684883894,24.994464356286247,25.133819580078125,16706300
2025-01-23,25.133818545386404,25.531977667381007,24.83519967853357,25.492162704467773,15381900
2025-01-24,25.402575988576363,25.621563025201667,25.233358128911043,25.303035736083984,17631700
2025-01-27,24.894922822749738,25.75096635039016,24.76551992279029,25.561840057373047,17600300
2025-01-28,25.67133431626238,27.69199253553213,25.641471670692233,27.642223358154297,37778500
2025-01-29,27.64222474878689,27.990614703675874,27.24406561401627,27.781579971313477,39258100
2025-01-30,28.030428101778856,28.36886382206827,27.881118671903508,28.358909606933594,19956000
2025-01-31,28.398728120747815,28.587852523599636,27.473006943626984,27.54268455505371,18005900
2025-02-03,26.39797508404169,27.40332804093027,26.14912539863083,26.925535202026367,18261600
2025-02-04,27.054939053871756,27.21420270625439,26.48756205493706,26.96535301208496,18287100
2025-02-05,27.164433981582757,27.46305286015596,26.61696350610185,27.06489372253418,13072200
2025-02-06,27.15447803903899,27.443142683493598,26.81604231893883,27.31374168395996,14071200
2025-02-07,27.413282818726167,27.691993257019423,26.547285060353268,26.626916885375977,15149200
2025-02-10,26.62691680313466,26.806088883525476,25.890321949306546,25.979907989501953,14713100
2025-02-11,25.681287100807424,25.731058177664533,25.213450369785328,25.492162704467773,14040800
2025-02-12,25.084050226432243,25.780828239149933,24.94469310503069,25.7708740234375,13942600
2025-02-13,25.870413576831666,26.2188035229806,25.263219724931307,25.741012573242188,14560100
2025-02-14,25.860458560197248,26.129216673063276,25.362759194996045,26.10930824279785,12164800
2025-02-18,26.02967798036594,26.268573462151743,25.263220456362,25.611610412597656,22472200
2025-02-19,25.41253076863907,25.97990775231508,25.084049257112305,25.969953536987305,13325400
2025-02-20,25.47225427456637,25.561840314339673,23.312238901780297,24.446992874145508,52245800
2025-02-21,24.586350829213163,24.586350829213163,22.715000044101856,23.1131591796875,31226400
2025-02-24,23.610858702618817,23.93934022859053,23.152976168840535,23.521272659301758,21830700
2025-02-25,23.969201639192573,23.999064284948336,23.202744151946554,23.630765914916992,19622200
2025-02-26,23.96920298843557,24.486810819237363,23.710399073034672,24.00901985168457,12983300
2025-02-27,24.29768320437901,24.45694685163301,23.12311238195144,23.391870498657227,18890600
2025-02-28,23.441640287286937,23.8398013143694,23.172884062150505,23.81989288330078,16216900
2025-03-03,23.710397849101497,24.35740665491881,22.91407961095287,23.15297508239746,18349000
2025-03-04,22.42633500923269,22.54578179863261,21.34135019622555,21.809186935424805,44502500
2025-03-05,21.948542757062718,22.267071967522487,21.630015445175488,22.23720932006836,28569300
2025-03-06,21.460797259202035,21.769372249325855,20.704293955259708,20.77397346496582,26983500
2025-03-07,20.764019544632493,20.764019544632493,19.73875809867265,20.54503059387207,34604900
2025-03-10,19.86815856422431,19.907975426391886,18.574140920937833,18.99220848083496,41514100
2025-03-11,18.803082651418507,19.111657645192114,18.076441985898462,19.012117385864258,46610200
2025-03-12,19.350553017139667,19.85820662807666,19.131564068163406,19.410276412963867,30901500
2025-03-13,19.43018349228595,19.698941602650788,18.693588666471953,19.032024383544922,28369700
2025-03-14,19.320688866315123,19.848250867660347,19.16142522413022,19.82834243774414,22467900
2025-03-17,20.176732415005734,20.923281451488776,20.15682398504215,20.79387855529785,27688100
2025-03-18,20.495260591704067,20.644570025781356,19.7686199535748,20.027423858642578,26922300
2025-03-19,20.206594970175804,21.27167328569976,20.176734221129813,20.953144073486328,31084000
2025-03-20,20.644570707813937,21.46079741306967,20.634616492070265,21.102455139160156,29910600
2025-03-21,20.296180354112085,21.430936245253537,19.7288033578276,20.843650817871094,59554700
2025-03-24,21.430936598263923,21.649923648231187,20.953143736905083,21.341350555419922,21696800
2025-03-25,21.470751126089425,21.679785854667042,20.953143310973164,21.16217803955078,18816800
2025-03-26,21.072591840097285,21.291578883966604,20.6545242846577,20.833696365356445,15994700
2025-03-27,20.654524560325406,21.072592121344773,20.435537513533355,20.68438720703125,14326900
2025-03-28,20.60475487609094,20.60475487609094,19.569539265195083,19.778573989868164,18880900
2025-03-31,19.071839498013688,19.589447292812388,18.683634601200865,19.44013786315918,25028400
2025-04-01,19.509815975787024,19.579493584858547,18.773221124988492,19.30078125,20870100
2025-04-02,18.94243862749005,19.95774389518374,18.94243862749005,19.92788314819336,20897000
2025-04-03,18.325290695037673,18.365107556047004,17.170628305781086,17.200490951538086,46293300
2025-04-04,16.414125679375665,16.66297537475475,15.538174637726941,16.42407989501953,39839300
2025-04-07,15.259463485456541,17.369709770937185,15.000659570350352,16.354402542114258,41421800
2025-04-08,17.698189698872493,17.9171767309874,16.26481502879324,16.613204956054688,42041100
2025-04-09,16.692837128455572,19.888066134832066,16.533573483820927,19.5197696685791,66939000
2025-04-10,18.23570458128411,18.514416911485007,17.001410373661432,17.519018173217773,47116900
2025-04-11,17.43938728413875,17.738006162183733,17.021319715732254,17.558834075927734,18749000
2025-04-14,18.195889077686854,18.295427429694392,17.33984558070099,17.738004684448242,21774700
2025-04-15,17.837545377592203,17.94703984580398,17.509063871529282,17.917177200317383,22760900
2025-04-16,17.7678685158614,18.166027646200614,17.439386996009986,17.787776947021484,21109300
2025-04-17,17.80768249607252,18.136163997781562,17.608603891184472,17.907222747802734,17701900
2025-04-21,17.50906500782511,17.757914707312594,16.97154874561733,17.160675048828125,18735400
2025-04-22,17.469246547528382,17.907222510186262,17.389614726915344,17.897268295288086,18510400
2025-04-23,18.793127144215383,19.430183620993336,18.31533621056122,18.394968032836914,21605300
2025-04-24,18.34520022653929,18.713496720116964,18.22575153491495,18.61395835876465,17254700
2025-04-25,18.613957905818108,18.79312809103593,18.30538291770256,18.51441764831543,14859300
2025-04-28,18.75331353795338,19.241058721970383,18.643819062444805,18.773221969604492,18025400
2025-04-29,19.081793391516445,19.131562567704535,18.225749891360177,18.62390899658203,30363300
2025-04-30,17.708144770952224,18.265567542409663,17.250260356182842,18.255613327026367,31787800
2025-05-01,18.59404826596451,18.713495048345518,18.4248304087811,18.54427719116211,20649000
2025-05-02,18.95239362904396,19.549631376500955,18.932485197842727,19.47995376586914,27621700
2025-05-05,19.032025223691697,19.798480829887826,18.97229993081475,19.469999313354492,16771300
2025-05-06,19.131562890160488,19.629262254719453,19.131562890160488,19.44013786315918,15400400
2025-05-07,19.61930800563189,19.917928762993697,19.350551792150387,19.599401473999023,23037000
2025-05-08,19.888066001455257,20.40567379233278,19.808434179671977,20.156824111938477,30449300
2025-05-09,20.136916174126632,20.27627328958346,19.82834309449444,20.09710121154785,17379300
2025-05-12,21.490659110266552,22.25711660149379,21.450842249052048,22.028173446655273,43025800
2025-05-13,22.117760518643443,22.675185210241793,21.878865035918093,22.63536834716797,27784500
2025-05-14,22.615458198963605,23.123111773185308,22.59555166751026,22.88421630859375,28264100
2025-05-15,22.645321078922436,23.00366522881339,22.396471396736477,22.8941707611084,25853400
2025-05-16,23.152976234866404,23.352054855026733,22.943941500339644,23.282377243041992,18741000
2025-05-19,22.874263888354903,23.302285674629786,22.645322620812884,23.282377243041992,19197100
2025-05-20,22.86430956967903,22.983758260095772,22.496013079824742,22.794631958007812,18785200
2025-05-21,22.426334249843627,22.49601185772961,21.73950858904731,21.938589096069336,22318800
2025-05-22,21.948541092544463,22.43628813777647,21.928634560990574,22.326793670654297,15231000
2025-05-23,21.630015236035504,22.19739224217025,21.520522660240786,22.14762306213379,15876600
2025-05-27,22.48605822968089,23.56108881881186,22.48605822968089,23.491411209106445,27592600
2025-05-28,23.332146733355962,23.34210094847209,22.85435390064389,22.8941707611084,18060800
2025-05-29,22.943939904404136,23.232606446630456,22.81453890522943,23.053434371948242,14925700
2025-05-30,22.943941309742037,23.232607869649453,22.794631871218986,23.1131591796875,22350600
2025-06-02,22.963849664709343,23.481457488533632,22.794631795327266,23.43168830871582,19914900
2025-06-03,23.5013655804928,23.919433140071394,23.371962677119253,23.81989288330078,21199700
2025-06-04,23.809938212374433,23.899524251897304,23.48145670031472,23.720352172851562,21135600
2025-06-05,23.660629446339662,24.287729842104902,23.571043404291412,23.90947914123535,23975700
2025-06-06,24.178237678318126,24.20809842712673,23.88957111601809,24.168283462524414,16655100
2025-06-09,24.347451976935886,24.546532481976055,24.048833117948035,24.098602294921875,17924500
2025-06-10,24.148374730243003,24.407178641939293,24.009019508011352,24.39722442626953,14021800
2025-06-11,24.496764860618875,24.516671393529094,23.670583939810342,23.760169982910156,21334500
2025-06-12,23.471502066729048,23.630765712249,23.133066345356042,23.4615478515625,22811700
2025-06-13,22.177485665988034,22.724954239610017,22.00826779619301,22.306886672973633,36875900
2025-06-16,23.003665985149414,23.740260840809622,22.784677042539304,23.73030662536621,32993500
2025-06-17,23.53122625264398,23.8398012374951,23.093252161981546,23.172883987426758,25124100
2025-06-18,23.0832981005993,23.700444277277075,23.0832981005993,23.501365661621094,19275500
2025-06-20,23.670583488012312,23.790030277483847,23.521272153314168,23.660629272460938,23641100
2025-06-23,23.242562343153715,23.989111442621784,22.476104812042422,23.92938804626465,43972100
2025-06-24,24.95464667866195,26.407929859551583,24.835199890331136,25.581748962402344,70082400
2025-06-25,25.661381317968484,25.681287850720157,25.113910847988464,25.362760543823242,27543700
2025-06-26,25.59170093051931,26.149125597041333,25.412530750464846,26.049585342407227,29096500
2025-06-27,26.238712549693584,27.22415711787129,26.08940121325885,27.134571075439453,46846200
2025-06-30,27.23411065273826,28.050337331315347,27.05493857235354,27.99061393737793,32239400
2025-07-01,27.950797883087464,28.69734697387353,27.940843667381614,28.508220672607422,35589200
2025-07-02,28.49826550756658,29.583250301918422,28.488313190764778,29.513572692871094,33758000
2025-07-03,29.652929498168017,30.10085779387128,29.523526598233953,29.822145462036133,20052800
2025-07-07,29.642975189503268,30.31984473856044,28.82674662710894,29.17513656616211,45731600
2025-07-08,29.483711896922493,29.603158684072564,28.66748332472557,28.707300186157227,26835500
2025-07-09,29.065644104551964,29.1552301434604,28.59780547945849,28.697345733642578,23875300
2025-07-10,28.926287645440457,29.274677593701558,28.806840856567927,28.96610450744629,22868400
2025-07-11,28.926286785649303,29.05568968474946,28.518173455082504,28.528127670288086,14579200
2025-07-14,28.528127996182747,29.24481441202009,28.458450387520116,29.185091018676758,16150000
2025-07-15,29.09550433631751,29.155229626913265,28.47835818874062,28.836700439453125,18347500
2025-07-16,29.135322871784638,29.3742183521852,28.697346875097352,28.906381607055664,17907800
2025-07-17,29.21495482808533,29.37421848239167,28.747116182309504,29.314495086669922,18769900
2025-07-18,29.414031982421875,29.503618020831073,29.125367335326345,29.414031982421875,17147500
2025-07-21,29.583249799593652,30.090903383625932,29.523526406934685,29.652929306030273,17523800
2025-07-22,29.822145718044688,29.931640188379244,29.115413514978783,29.75246810913086,12900600
2025-07-23,30.16058242886248,30.8673165535356,30.15063011175537,30.59855842590332,22087400
2025-07-24,30.3098920783477,30.37956968565409,29.603157993013458,29.642974853515625,16342100
2025-07-25,29.762422839084742,29.822146233676015,29.2448150231004,29.613113403320312,13068100
2025-07-28,29.692744753397193,29.742513931664057,29.3443548098118,29.593204498291016,15433000
2025-07-29,29.38417097287765,29.752467439872618,28.866563177486043,29.563343048095703,22569600
2025-07-30,29.802239365320492,30.28998452922603,29.533481244829954,30.001317977905273,25730700
2025-07-31,30.499018188778233,30.77773053228294,29.57329701423056,29.63302230834961,23139600
2025-08-01,28.906380402704208,29.05568983441219,27.940842407085903,28.936241149902344,26986600
2025-08-04,29.324446144003925,29.73256137652494,29.224907788268123,29.583250045776367,15609400
2025-08-05,29.842055031640523,29.861963462939883,28.796887069866628,29.14527702331543,12020000
2025-08-06,29.294585507299196,29.324446254703684,28.94619556519141,29.105459213256836,11524300
2025-08-07,29.473757885103833,29.573296242225467,28.5082198730153,28.87651824951172,15559200
2025-08-08,28.966104449143863,29.00591941249708,28.189692728745236,28.239463806152344,18063000
2025-08-11,28.070245881389965,28.717254697749038,27.990614056277654,28.47835922241211,13503900
2025-08-12,28.856609434809975,29.513572455650692,28.727208433129658,29.503618240356445,14826800
2025-08-13,29.583250770805016,30.51892614651815,29.563344238313448,30.4990177154541,22097800
2025-08-14,30.11081314086914,30.160582320515953,29.712654007977108,30.11081314086914,15950600
2025-08-15,30.130721460353286,30.150629891567142,29.44389577205526,29.62306785583496,10998200
2025-08-18,29.463803439503984,29.981411246211728,29.10545928123363,29.83209991455078,18898100
2025-08-19,29.782330831485176,29.782330831485176,29.26472302312451,29.433940887451172,13672900
2025-08-20,29.16518308166475,29.244814906994463,28.518174263539283,29.125368118286133,12257300
2025-08-21,28.966104703276933,29.34435540202716,28.74711575790931,29.13532257080078,10453200
2025-08-22,29.364264018738574,31.235612890323573,29.254769545362787,31.155981063842773,27206100
2025-08-25,30.96685549218673,31.235611709794146,30.82749837718287,31.106210708618164,15569700
2025-08-26,31.046488585176508,31.763175025722944,30.96685675844913,31.723360061645508,17354700
2025-08-27,31.623819445324095,32.250921734948676,31.623819445324095,32.19119644165039,21174600
2025-08-28,32.310642962351,32.61921794610803,32.13147088109142,32.34050750732422,13455100
2025-08-29,32.14142616609444,32.46990577516776,31.603909936180077,31.74326515197754,14832500
2025-09-02,30.558741943603557,31.05644131142399,30.39947829778681,31.016624450683594,15255600
2025-09-03,31.07634804486395,31.603910061662823,30.85736100508811,31.185842514038086,12020500
2025-09-04,31.26547495238029,31.773128548664122,31.036533692852036,31.61386489868164,10765900
2025-09-05,31.852759692436557,32.091657060873565,31.215705106131,31.42473793029785,12091700
2025-09-08,31.55414059141427,31.942345489690478,31.355060085411267,31.414783477783203,20390300
2025-09-09,31.315243461311926,31.922437300492174,30.93699277533611,31.42473793029785,13089300
2025-09-10,31.424738700874645,31.733311786361472,30.419385720600822,31.21570587158203,19089800
2025-09-11,31.36501481578501,32.649078215022534,31.3451063851432,32.32059860229492,22241400
2025-09-12,32.250921213791145,32.27082584742395,31.365015029907227,31.365015029907227,13004100
2025-09-15,31.37496858541228,31.394877015771282,30.568694243024485,31.096256256103516,25356700
2025-09-16,31.106211439616583,31.106211439616583,30.409431543940183,31.056442260742188,19976900
2025-09-17,31.245566420777728,31.434692716487,30.618466038314562,31.04648780822754,18048300
2025-09-18,31.215706088177452,31.44464735001195,30.897178785003803,31.3052921295166,15543800
2025-09-19,31.464554786055256,31.574047356450755,30.14067453749891,30.37957000732422,33360000
2025-09-22,30.4293398492287,30.74786714928308,30.220307020532687,30.568695068359375,17155200
2025-09-23,31.165934705247576,31.52427886709499,30.459202495573475,30.568695068359375,21772600
2025-09-24,30.568694677045112,30.708051792964326,30.041134555048092,30.230260848999023,15228900
2025-09-25,29.931640760118448,30.58860379752987,29.78233132408358,30.339754104614258,24816900
2025-09-26,30.40943121011274,30.60851172056982,30.100858127619478,30.479110717773438,22456400
2025-09-29,32.06179277558175,32.35045932394092,28.687391625950784,29.26472282409668,102357500
2025-09-30,29.6429752817718,30.011271753875658,28.45845024473297,28.7769775390625,38967500
2025-10-01,28.747115264318154,28.97605842132355,28.189692492046337,28.229509353637695,29096900
2025-10-02,28.36886469255755,28.866564073128735,28.20960104266057,28.717254638671875,20949000
2025-10-03,28.866563170025476,29.105458637397,28.339001159638944,28.438541412353516,23869100
2025-10-06,28.528128284734827,29.01587344887906,27.891073686435824,28.95615005493164,21702900
2025-10-07,28.88647301388568,28.8964272295015,27.811442408819396,28.577898025512695,24053600
2025-10-08,28.657530989153987,29.12536771923458,28.33900179362689,28.78693199157715,15208900
2025-10-09,29.035782038579782,29.095505432853958,28.17973849350256,28.319095611572266,13514400
2025-10-10,28.269323744525614,28.657530542894776,27.48295972973575,27.562591552734375,17265700
2025-10-13,28.080197364670237,28.38877233907078,27.741763541919248,27.960750579833984,13933500
2025-10-14,27.512821802223264,29.135322884523703,27.343603932877315,28.82674789428711,18603400
2025-10-15,28.99596483724694,29.26472295619328,28.597805715792617,28.707300186157227,13077100
2025-10-16,28.816795045820946,28.98601291204663,27.90102810481827,28.080198287963867,18101200
2025-10-17,27.851257476160846,28.43854290966826,27.59245356490567,28.179738998413086,16897400
2025-10-20,28.31909574763595,28.926287705914437,28.279278885546876,28.727209091186523,15392300
2025-10-21,28.85660959322865,29.881870991295248,28.677437514093477,29.83209991455078,19411400
2025-10-22,29.861963272094727,30.230261654489126,29.49366488970033,29.861963272094727,19819600
2025-10-23,29.62306794019405,29.961503677503384,29.11541433423006,29.304540634155273,19081400
2025-10-24,29.752467982998173,30.01127188541839,29.234862076730174,29.26472282409668,19776100
2025-10-27,29.56334406668723,29.752468464980335,28.916333350869053,29.284631729125977,19687500
2025-10-28,28.239463203370477,28.358909989452954,27.652177792509736,27.731809616088867,36340400
2025-10-29,27.672084561125004,28.279278407716316,27.53272934331288,27.741764068603516,32133800
2025-10-30,27.49291380782693,28.796885614891252,27.423234301799752,28.19964599609375,23362400
2025-10-31,28.1200145376618,28.846655165632487,27.891073282039105,28.697345733642578,44832700
2025-11-03,28.677438283098418,28.82674772019075,28.000566809802518,28.577898025512695,21219900
2025-11-04,26.875766738061355,27.18433982456473,25.79078192897234,25.9898624420166,39919000
2025-11-05,26.407929568735803,27.154478632585683,26.38802113804242,26.776226043701172,21405900
2025-11-06,26.557239854673107,26.90562980870603,26.16903493654721,26.248666763305664,16602400
2025-11-07,26.009768354032776,27.00516709836514,25.890321567913457,26.60700798034668,18927700
2025-11-10,26.965352099211476,27.30378782371044,26.547284551217018,26.766271591186523,21167200
2025-11-11,26.616961712629003,27.064891898879427,26.567192535744464,26.666732788085938,16090300
2025-11-12,26.796134183155015,27.69199267032355,26.756317322201006,27.00516700744629,17427300
2025-11-13,26.985261938391005,27.283880817444263,25.85050602112906,26.019723892211914,18128500
2025-11-14,25.601655417016673,26.049585618328482,25.173635545129507,25.90027618408203,14243700
2025-11-17,25.82064403310721,25.94009081956666,25.00441736420202,25.24331283569336,16530000
2025-11-18,25.263219277026938,25.8903215486913,25.18358745348237,25.64147186279297,17925300
2025-11-19,25.97990751494631,26.268572162524556,25.731057829742937,25.959999084472656,12727100
2025-11-20,26.238712580721,26.50746880976181,25.17363618451915,25.2034969329834,21939900
2025-11-21,25.671334332594867,26.696593816380894,25.46229961061566,26.437789916992188,18027600
2025-11-24,26.60700922999136,26.736412136032765,24.486810640356467,24.646074295043945,42975800
2025-11-25,24.57639643088962,26.238712470858975,24.536579568340652,25.601655960083008,32096800
2025-11-26,25.81068955715599,25.830597987555663,25.312990188598633,25.312990188598633,30084200
2025-11-28,25.551886296459177,25.890322027424663,25.392622646425124,25.661380767822266,12260700
2025-12-01,25.522023376942638,25.860459104285734,25.293082119790675,25.81068992614746,17335300
2025-12-02,25.9998159997087,26.029676746909104,25.293081904997777,25.72110366821289,17932900
2025-12-03,25.7111503584843,26.029677663656436,25.412531484528547,25.920185089111328,20048800
2025-12-04,25.880366837367724,25.95004444431213,25.482207727276545,25.701194763183594,15680500
2025-12-05,25.81069042038086,25.920184892668633,25.54193229671403,25.750967025756836,10879900
2025-12-08,25.810689907460333,26.029676949111604,25.43243731902252,25.890321731567383,15756300
2025-12-09,25.561839855153625,25.741011931481626,25.15372652510536,25.392621994018555,17038500
2025-12-10,25.671335333172255,26.43779094744329,25.432437956292524,26.159080505371094,17622000
2025-12-11,26.248665265882366,27.960750392805025,26.248665265882366,27.71190071105957,24096700
2025-12-12,27.930888281095946,28.03042853541021,27.482959984540432,27.4929141998291,16421300
2025-12-15,27.980659607824418,28.677437597111997,27.791533312792847,28.46840476989746,21363700
2025-12-16,28.538082475701245,28.90638085163506,28.040383096563502,28.07024574279785,22716600
2025-12-17,28.129968936560505,28.76702352978124,27.881119248762097,27.90102767944336,18753700
2025-12-18,28.259369626188466,28.378818310382023,27.851256294600148,28.2096004486084,22533800
2025-12-19,28.41863403008204,31.345106935803607,27.831348605838567,30.976810455322266,84281000
2025-12-22,31.106212127727908,32.21110539004801,30.877270862125236,32.051841735839844,29981700
2025-12-23,32.37036771846991,32.73866419177735,31.17588846225818,31.514324188232422,24490100
2025-12-24,31.33515196377621,31.47450907878007,30.976809707442182,31.106210708618164,7559200
2025-12-26,31.106211078750388,31.30529158908337,30.469156483400763,30.55874252319336,10287000
2025-12-29,30.29993908045192,30.578649520874023,30.13072121366458,30.578649520874023,14914700
2025-12-30,30.578649973169107,30.867316531958846,30.558743440396288,30.678190231323242,9327600
2025-12-31,30.67818934888112,30.757821173399357,30.38952469696718,30.399478912353516,8289900
2026-01-02,30.548787780493544,31.076347896196165,30.230260488317075,30.777729034423828,15892000
2026-01-05,30.369615814398365,31.643726886308208,30.27007556058827,31.34510612487793,21182300
2026-01-06,31.454600650806015,32.64907800296983,31.325197751047163,32.1513786315918,23312500
2026-01-07,31.33515318243036,32.04188540590089,31.33515318243036,31.962255477905273,18236300
2026-01-08,31.94234667397195,32.320599269687115,31.345107032392335,31.544187545776367,20601600
2026-01-09,31.623818322805953,32.03193165299542,31.205750777420107,31.982162475585938,14978600
2026-01-12,31.75322039651906,31.85276065327504,31.255521011311636,31.464555740356445,14816100
2026-01-13,31.14602714520592,31.384922612363933,30.170534947761862,30.8474063873291,19716400
2026-01-14,30.598558578800528,30.618467010259256,29.453850349939117,30.041135787963867,23791600
2026-01-15,30.319845947510757,30.419386205291,29.23486302328085,29.304540634155273,19752000
2026-01-16,29.30453979841468,29.354308976599178,28.66748330593293,28.78693199157715,16310400
2026-01-20,27.811441403453273,28.55799046050015,27.632269325990436,27.89107322692871,20008700
2026-01-21,28.19964601332399,28.398726519235602,27.901027153028984,28.120014190673828,15394100
2026-01-22,28.73716218776172,28.836700541963683,28.27927778442858,28.358909606933594,16454800
2026-01-23,28.219555797780615,28.73716361913094,28.06029214483782,28.41863441467285,18889900
2026-01-26,28.279278221022746,28.75706916342929,28.189692181999966,28.538082122802734,15455200
2026-01-27,28.538082596924564,28.587851775620763,28.209601081241235,28.55799102783203,10045400
2026-01-28,28.61771512512227,29.175137914220002,28.488314118189276,28.587852478027344,19948900
2026-01-29,29.155231448536245,31.29533846571577,29.09550615420885,31.006671905517578,40745500
2026-01-30,30.8573625371574,30.8573625371574,29.443896177254388,29.881872177124023,22778800
2026-02-02,30.04113411406158,32.539583267169014,29.981410721585736,32.300689697265625,30352500
2026-02-03,31.783083198969123,32.997470919916495,31.49441664281852,31.79303741455078,29019700
2026-02-04,32.280782305414206,32.280782305414206,30.996716985153416,31.942346572875977,23860000
2026-02-05,31.693497042937924,32.459954552807325,31.106211615746826,31.3052921295166,17165700
2026-02-06,31.66363514406627,33.873419785948904,31.584003316392277,33.8336067199707,27375400
2026-02-09,33.31599775965212,33.46530529557744,32.6291701841029,32.659034729003906,18347600
2026-02-10,32.40023018132456,33.49517113963707,32.35046100075242,33.19654846191406,21443400
2026-02-11,33.126868532427736,33.405582758996545,32.39027559833723,32.937744140625,18968700
2026-02-12,33.176641359698415,33.59470700198247,31.96225369891079,32.44999694824219,21246400
2026-02-13,32.2599983215332,32.380001068115234,31.360000610351562,31.770000457763672,18274800
2026-02-17,32.599998474121094,33.209999084472656,32.130001068115234,32.68000030517578,21158200
2026-02-18,32.15999984741211,33.16999816894531,31.84000015258789,32.540000915527344,17421100
2026-02-19,32.20000076293945,32.689998626708984,31.469999313354492,31.549999237060547,23590700
2026-02-20,31.549999237060547,32.36000061035156,31.399999618530273,31.989999771118164,18134900
2026-02-23,31.920000076293945,32.369998931884766,29.959999084472656,30.420000076293945,24145900
2026-02-24,30.31999969482422,31.639999389648438,30.079999923706055,31.610000610351562,15667800
2026-02-25,31.780000686645508,31.940000534057617,31.190000534057617,31.700000762939453,13818900
2026-02-26,32.20000076293945,32.9900016784668,32.02000045776367,32.70000076293945,15711500
2026-02-27,31.3799991607666,31.959999084472656,31.219999313354492,31.549999237060547,19943500
2026-03-02,28.850000381469727,29.75,27.899999618530273,29.139999389648438,38114600
2026-03-03,27.68000030517578,28.829999923706055,27.110000610351562,28.530000686645508,30039700
2026-03-04,28.600000381469727,28.950000762939453,27.8799991607666,28.010000228881836,21974000
2026-03-05,27.709999084472656,28.40999984741211,26.709999084472656,27.15999984741211,34668300
2026-03-06,25.84000015258789,25.969999313354492,25.440000534057617,25.790000915527344,36028000
2026-03-09,24.469999313354492,26.389999389648438,23.469999313354492,26.389999389648438,56154000
2026-03-10,25.899999618530273,26.959999084472656,25.280000686645508,26.209999084472656,35613600
2026-03-11,26.010000228881836,26.549999237060547,25.510000228881836,25.969999313354492,23368300
2026-03-12,25.09000015258789,25.239999771118164,23.8700008392334,23.920000076293945,38826500
2026-03-13,24.09000015258789,24.829999923706055,23.780000686645508,23.989999771118164,23093200
2026-03-16,24.43000030517578,25.09000015258789,24.40999984741211,24.719999313354492,24107700
2026-03-17,25.290000915527344,25.40999984741211,24.90999984741211,25.09000015258789,21006500
2026-03-18,24.739999771118164,25.040000915527344,24.15999984741211,24.15999984741211,26305600
2026-03-19,24.020000457763672,25.040000915527344,23.959999084472656,24.940000534057617,30118800
2026-03-20,24.56999969482422,24.760000228881836,23.90999984741211,24.1200008392334,48721700
2026-03-23,25.649999618530273,26.219999313354492,25.3700008392334,25.450000762939453,34796900
2026-03-24,24.760000228881836,25.690000534057617,24.709999084472656,25.469999313354492,24791300
2026-03-25,26.219999313354492,26.389999389648438,25.520000457763672,25.729999542236328,24569000
2026-03-26,25.389999389648438,25.8799991607666,25.15999984741211,25.280000686645508,22463500
2026-03-27,24.56999969482422,25.459999084472656,23.65999984741211,24.190000534057617,43089900
2026-03-30,24.389999389648438,24.84000015258789,23.790000915527344,23.959999084472656,26741400
2026-03-31,24.739999771118164,25.93000030517578,24.5,25.8799991607666,41039100
2026-04-01,26.489999771118164,26.739999771118164,26.030000686645508,26.579999923706055,27439500
2026-04-02,25.34000015258789,26.059999465942383,24.940000534057617,25.639999389648438,26943800
2026-04-06,25.700000762939453,25.979999542236328,25.280000686645508,25.969999313354492,16505100
2026-04-07,25.459999084472656,25.479999542236328,24.739999771118164,25.200000762939453,25395300
2026-04-08,28.280000686645508,28.989999771118164,27.600000381469727,28.030000686645508,52285400
2026-04-09,27.81999969482422,28.1200008392334,26.899999618530273,27.850000381469727,25712600
2026-04-10,28.31999969482422,28.510000228881836,27.440000534057617,27.979999542236328,19468100
2026-04-13,27.100000381469727,27.799999237060547,26.829999923706055,27.75,20060100
2026-04-14,28.25,28.93000030517578,28.040000915527344,28.690000534057617,20048700
2026-04-15,28.739999771118164,29.1299991607666,28.270000457763672,28.81999969482422,20614900
2026-04-16,28.899999618530273,29.1299991607666,27.15999984741211,27.309999465942383,32073600
2026-04-17,29.059999465942383,30.15999984741211,28.950000762939453,29.219999313354492,37524000
2026-04-20,28.760000228881836,29.059999465942383,28.5,29.010000228881836,19133300
2026-04-21,28.93000030517578,28.959999084472656,27.209999084472656,27.360000610351562,29166000
2026-04-22,27.420000076293945,27.700000762939453,26.709999084472656,26.940000534057617,17360200
2026-04-23,26.790000915527344,27.329999923706055,26.18000030517578,26.649999618530273,21057000
2026-04-24,26.75,27.299999237060547,26.530000686645508,27.170000076293945,17360500
2026-04-27,26.729999542236328,27.049999237060547,26.450000762939453,26.770000457763672,18879800
2026-04-28,26.239999771118164,26.6200008392334,26.1200008392334,26.299999237060547,15692200
2026-04-29,26.010000228881836,26.020000457763672,25.34000015258789,25.579999923706055,26210400
2026-04-30,26.489999771118164,27.3700008392334,26.18000030517578,26.510000228881836,28026900
2026-05-01,26.6299991607666,27.309999465942383,26.079999923706055,26.65999984741211,21981200
2026-05-04,26.1200008392334,26.770000457763672,25.25,25.670000076293945,31850900
2026-05-05,25.739999771118164,26.290000915527344,25.670000076293945,25.770000457763672,80404400
2026-05-06,27.299999237060547,27.6200008392334,26.790000915527344,27.520000457763672,50805300
2026-05-07,27.6200008392334,28.049999237060547,26.75,27.0,26335100
2026-05-08,27.200000762939453,27.290000915527344,26.25,26.3799991607666,29507500
