Date,Open,High,Low,Close,Volume
2020-01-02,268.09140064267433,268.56546914621606,265.3016331181639,265.74835205078125,2103600
2020-01-03,264.43544303974846,267.033762841048,263.7790256986049,265.96710205078125,1926000
2020-01-06,264.89139285632314,266.27717880613545,263.13183866747744,266.0401306152344,2655100
2020-01-07,265.59328642508314,265.93060695461924,263.7334327927919,265.6206359863281,1963400
2020-01-08,265.29247919017484,269.3859833548424,264.84576030492514,268.6657409667969,2492800
2020-01-09,272.1848951253889,275.29375972796277,271.4190792671313,272.97808837890625,3261200
2020-01-10,273.5068419172153,273.7529880588211,270.4618024159102,270.9905700683594,2024200
2020-01-13,270.69886874915966,274.0994529054474,270.5894426341031,273.3883361816406,1778600
2020-01-14,272.8230554423201,274.41851190689505,272.21221129681675,273.2789001464844,1459900
2020-01-15,272.0024904766607,274.4549367594904,271.71986903790014,274.2543640136719,1604000
2020-01-16,274.77406998923817,277.20826500356577,274.4002740123552,276.26922607421875,1758600
2020-01-17,276.6065676944057,278.33877204812825,276.26924705667415,277.7735290527344,2506500
2020-01-21,279.15933020302407,285.6687786294443,278.75818460559145,285.5958557128906,3585900
2020-01-22,285.72346440793154,285.86933805677074,282.8151728738564,284.3468322753906,2218900
2020-01-23,284.4653222809743,285.7234581298329,283.28926296360913,285.2493896484375,1535900
2020-01-24,286.28866408945606,286.5257122107709,281.8031683122103,283.0886535644531,1986100
2020-01-27,279.1136923502354,284.2373821082658,278.65784766966254,282.1222839355469,2265100
2020-01-28,283.08868007060016,284.1826906399618,281.8031946979948,283.3986511230469,1571700
2020-01-29,283.40771433152554,284.4197038932863,282.06755780853075,282.2407531738281,1713700
2020-01-30,281.5661646457341,282.2955328947241,279.58781413218526,282.1405334472656,1232600
2020-01-31,281.30178576426175,281.876154604277,277.6641535409063,278.53936767578125,1837000
2020-02-03,279.8886472184137,281.3291042357905,275.029354933711,275.3302001953125,2816800
2020-02-04,277.6732453181722,278.89490576703076,276.02308974137014,277.9740905761719,1982300
2020-02-05,279.88863746501517,282.249909601991,278.4299289039445,281.66644287109375,1731800
2020-02-06,282.62572393457884,284.90060765429917,281.2553066805381,283.77685546875,1917900
2020-02-07,283.2195660068261,286.7004236037035,282.41558342297435,286.5359802246094,1903500
2020-02-10,286.65463013552665,289.5599067671493,285.59483790462315,286.6820373535156,2336300
2020-02-11,286.90145532706657,287.266894398077,283.6490001970101,283.8408508300781,2047500
2020-02-12,283.9230618661763,288.2261925004368,283.9230618661763,287.89727783203125,1384600
2020-02-13,287.65054743586467,291.25017848937824,286.45371876327687,290.7111511230469,1438000
2020-02-14,291.32338795167016,292.182185267525,289.5692689227208,290.811767578125,1113400
2020-02-18,291.44213315462787,295.53512361986816,291.08581120759914,294.2286376953125,1547100
2020-02-19,294.25594914229765,296.4943082376972,293.9362074554184,295.11474609375,1413600
2020-02-20,294.47534475645665,296.98777705876074,293.27851559931105,296.0832824707031,1427500
2020-02-21,294.694496612973,297.1612585928289,293.2966722593767,294.13720703125,2239000
2020-02-24,288.2444496774256,292.3557017330466,286.19796868728224,286.52685546875,2300400
2020-02-25,287.7876662415741,289.22204320607915,278.1033772933925,278.53277587890625,2881800
2020-02-26,280.9812562169963,284.4072999582922,278.3591952013189,279.2819519042969,2236000
2020-02-27,275.8923503449225,278.65144643302585,267.6881108356609,267.806884765625,3625300
2020-02-28,260.60771356333356,262.5080134576038,247.8445581677002,256.852783203125,7091800
2020-03-02,269.0037974663829,282.7719307514238,266.20814824523677,282.43389892578125,7563800
2020-03-03,282.43392130927697,287.0293868333156,275.0245162653951,276.5776672363281,5131400
2020-03-04,281.6573213739605,293.24190949914316,278.6697936679557,293.0317687988281,4219300
2020-03-05,288.49117282235204,296.47615849213804,286.143211810003,288.4820556640625,6407700
2020-03-06,285.1746925127068,290.0624914845515,276.5958675803316,284.44378662109375,6185500
2020-03-09,270.2919822821085,283.52105966443327,267.6881837918499,275.8924255371094,5203100
2020-03-10,281.36502012166386,282.97298577142374,268.98559169387755,282.6714782714844,4245500
2020-03-11,274.86912365380545,281.20047210425946,268.7753509802538,271.7354431152344,3622700
2020-03-12,256.2131912153796,270.0909510435099,252.46737878263386,255.67416381835938,7307600
2020-03-13,263.8784656938713,277.0527592073446,254.2307279829687,276.15740966796875,6100100
2020-03-16,257.4831106274353,273.6540449436862,255.3635531877795,258.71649169921875,5465500
2020-03-17,264.033798872463,280.65239903199193,261.5670359658039,280.46966552734375,7170600
2020-03-18,272.2562077219893,290.5284364281631,270.428984851372,280.9355163574219,6701800
2020-03-19,283.5941545522355,286.7369804035897,276.4862580598473,278.8525085449219,5429500
2020-03-20,281.3193524399407,281.40157415465006,262.22484387360197,265.3311462402344,6581200
2020-03-23,266.783707529987,270.1275290220467,254.36773038163034,260.8634948730469,5646400
2020-03-24,269.1408713865263,271.6624486382658,258.3967887116888,260.32452392578125,7124200
2020-03-25,259.65755894598334,265.605179702743,255.08950070115165,256.5969543457031,5639600
2020-03-26,257.0354702342579,268.35513072627583,256.5969266528459,267.04864501953125,5463100
2020-03-27,262.32531067844263,268.13586723779594,258.8535697703309,259.7671813964844,4250400
2020-03-30,262.65416677842194,266.48220127503146,261.1467133477224,265.9705810546875,4396000
2020-03-31,262.59022497994687,266.336009759107,259.4656614371614,260.498046875,5618600
2020-04-01,257.9674083881859,263.85107047208453,256.6335429983487,262.0055847167969,3745800
2020-04-02,259.8128818293967,267.48721400508634,258.38764990596354,266.2995300292969,3500600
2020-04-03,264.179909535776,267.085187467623,261.11016034118967,263.7139587402344,2650100
2020-04-06,267.68817189782294,279.0991707130499,264.55449111624336,278.7611389160156,5272500
2020-04-07,280.02199405428377,283.21963509568667,277.02534870787485,277.3999328613281,4036500
2020-04-08,278.7520297477694,280.8624982539551,276.1665211146481,279.5377502441406,3964400
2020-04-09,273.58109197376683,278.0577846644259,271.87261431698715,274.09271240234375,6487600
2020-04-13,272.7861945791526,277.692313286294,271.9456873501839,273.7363586425781,3120400
2020-04-14,276.5958745072248,287.5592122250999,275.2254572924904,287.0019226074219,4288300
2020-04-15,284.7178881587115,286.64559495214235,280.31427423959,283.4662170410156,2937300
2020-04-16,287.54101971296916,294.75854655002706,285.0834020151579,293.7809753417969,3940000
2020-04-17,293.55251181904026,294.3016799481475,286.89227610958704,290.45538330078125,3688000
2020-04-20,290.48282722158325,290.87567352870707,284.6174283233612,285.1199035644531,3156300
2020-04-21,284.26113984858995,284.94634858050875,273.4896507760868,275.298583984375,3833000
2020-04-22,277.73794039397086,284.2519958911791,275.9472693744867,282.6897277832031,2970600
2020-04-23,280.5062204537645,282.8907616702183,278.45973901222453,279.01702880859375,2625200
2020-04-24,280.7801854926683,283.9778254632582,279.1174338976796,283.7220153808594,2019400
2020-04-27,286.00609184923377,286.2253775860351,281.01778046610144,282.10498046875,2287300
2020-04-28,283.97778488860655,284.37977608654097,277.99364209399806,278.60577392578125,2425900
2020-04-29,278.60592046631643,282.0136745250766,275.10677177307684,280.56103515625,3667700
2020-04-30,280.3411715978898,281.9436444382524,277.06298231165056,277.45672607421875,3794300
2020-05-01,276.339592704901,279.1233249817956,274.87446898311913,276.4678039550781,2525400
2020-05-04,277.4567541178536,279.77347111199833,274.77376316930133,278.8211364746094,2477500
2020-05-05,279.343122575171,283.6835267043352,277.8596947307688,281.9620361328125,2460900
2020-05-06,283.7933577667014,284.81893585529764,280.6982916418902,282.8501892089844,2406700
2020-05-07,283.2623075476894,283.747626869466,278.8577978694201,279.2881774902344,2601800
2020-05-08,280.11222897322796,281.28432220077207,278.09770858411827,280.14886474609375,2337400
2020-05-11,279.874251228826,285.5424022374613,279.28819046478316,284.1688537597656,1865900
2020-05-12,284.63582514070276,285.28596349496826,279.09585831587066,279.1416320800781,2264900
2020-05-13,279.14162049601515,280.57010839690406,274.8195210165563,276.66925048828125,2954900
2020-05-14,275.6345743066417,277.3469270236919,269.71000045735167,274.47161865234375,3718900
2020-05-15,273.8581142752028,274.5540265320704,270.9187002828776,273.9862976074219,4577200
2020-05-18,276.2846648599796,277.63074332001725,274.63641806785307,277.23699951171875,3987300
2020-05-19,278.94020540615844,282.96927513547496,277.59412685247554,278.9493713378906,3523000
2020-05-20,280.90893601897193,281.96201208938163,277.6399122478066,279.20574951171875,2827000
2020-05-21,279.0958577624171,279.3247824728225,275.85427603850167,276.5135803222656,2492100
2020-05-22,276.55020608514354,278.31749807869153,275.46966025303016,276.9347839355469,2366400
2020-05-26,280.2129961267899,281.02795351986475,277.94205306372277,279.10498046875,3234600
2020-05-27,278.88520781820426,280.4876806235436,274.2243045549206,280.2129821777344,2980200
2020-05-28,281.34845263475853,284.7823230900241,281.0279524699519,283.4637145996094,4301900
2020-05-29,278.555552823668,282.84101598836287,276.86150465728844,282.465576171875,4971800
2020-06-01,281.9437062745631,283.6285890200006,280.62509752684423,282.30084228515625,2293700
2020-06-02,281.98945029609513,282.9692267519289,279.0317331784459,281.2019348144531,2528900
2020-06-03,281.5772822000044,282.21828231305375,280.1304908994156,280.789794921875,2165900
2020-06-04,284.6449812318791,288.7656258849048,283.03334238076894,284.55340576171875,4553900
2020-06-05,286.73284982842017,287.19069935634343,281.3851706956663,285.7347412109375,4375600
2020-06-08,284.4710248989843,285.04791967974904,280.6250783238277,281.2935485839844,3764500
2020-06-09,281.5774025390067,282.58467688503913,279.44383646756177,279.7917785644531,3155800
2020-06-10,280.6433702926223,282.61211706757877,279.8833246611158,281.42169189453125,2713700
2020-06-11,281.1104047913195,283.1341195412917,275.29573895802946,275.4696960449219,3443000
2020-06-12,277.1545821297236,279.42549738400396,271.2757832402004,273.5192565917969,4020000
2020-06-15,272.0083655523957,272.9423963786154,269.0689797082141,272.1274108886719,3266800
2020-06-16,275.9457875533506,277.21859411684176,273.9953450015815,275.9549255371094,2633800
2020-06-17,275.6436472274438,276.54104212629943,273.7023702108554,274.3525085449219,2188400
2020-06-18,274.7096617771851,275.45137562839056,272.6859750933352,274.31591796875,1881800
2020-06-19,274.8744976094891,276.44950088407154,273.4643413801465,274.61810302734375,3438000
2020-06-22,274.43483870616495,276.0647808416229,273.1070647657231,275.1216125488281,2094400
2020-06-23,276.29377880420736,279.19652803398657,275.37808010423043,275.890869140625,2409600
2020-06-24,275.4146863026179,275.8817015792135,271.59623839545065,272.8965148925781,2398100
2020-06-25,272.0175308153005,275.7627362082184,270.49746718834825,275.19500732421875,2274300
2020-06-26,275.08510819736557,276.6509454820847,271.00109895325454,271.5596618652344,2866000
2020-06-29,272.3654440766813,276.2022241542393,271.8068532962598,276.16558837890625,1841700
2020-06-30,275.6345270950523,278.94018661771327,274.83787354559826,277.6490478515625,2391700
2020-07-01,276.99891213220684,279.81925239633705,275.3964390868139,279.0592346191406,1906100
2020-07-02,280.2038193787326,282.87767204242004,278.92184670911877,279.9657287597656,2540500
2020-07-06,281.60488867346635,285.2951542153738,281.33932816121956,285.2310485839844,2332400
2020-07-07,283.8849020624713,291.23796153542656,283.6102036293225,289.5714111328125,3346600
2020-07-08,290.40477999634857,291.2380414538569,287.5386377960706,289.6539001464844,2364500
2020-07-09,293.02360907802773,301.24659416794714,292.73057876217155,298.0965881347656,5313600
2020-07-10,298.5178642841073,299.79983725339963,295.87148084667984,298.7284851074219,2484100
2020-07-13,298.79242531675925,301.3655360034783,294.397083460167,295.6973876953125,2583200
2020-07-14,294.2324110341724,300.9536383784143,293.4357573708985,300.3492736816406,1844800
2020-07-15,300.4406942811111,301.55784760922234,298.16975185899446,299.1587219238281,1770700
2020-07-16,299.08557589362744,300.25766938996037,296.74138890096157,298.76507568359375,1402000
2020-07-17,299.70823629150215,300.1660857376822,297.21753418648615,297.40985107421875,1768100
2020-07-20,297.5013747698592,299.8363953609828,295.4593565351578,298.98480224609375,1863300
2020-07-21,299.43350633518645,303.54498498744834,298.9756569371204,300.1111145019531,1874200
2020-07-22,301.8600696787284,301.86923560806247,297.61124225879155,300.6238708496094,1312600
2020-07-23,300.44085134452143,302.5286439735173,297.9043471972245,298.61859130859375,1561700
2020-07-24,298.7193160282349,301.03603328062843,297.2999938173491,298.31640625,1423400
2020-07-27,298.22487765013835,301.26500538389314,297.7670280978832,299.9830322265625,2083300
2020-07-28,300.32177935431156,302.18064706543265,298.3530322427165,299.95550537109375,1374000
2020-07-29,299.45184869923855,300.3858794759608,297.9592829436284,298.64605712890625,1341300
2020-07-30,296.1224793437631,299.5729222013964,295.4892857766969,298.0771179199219,1390300
2020-07-31,298.07710087552283,299.44441803389,295.99397537355696,298.7286376953125,2149900
2020-08-03,298.7470059253461,302.7297123523893,297.59992015846177,302.2066345214844,2480200
2020-08-04,302.42675753006904,311.8420430884844,301.83946439073077,311.81451416015625,3933300
2020-08-05,313.7141150929945,314.5125101489062,309.795680990497,311.979736328125,2923700
2020-08-06,314.2188428037032,316.7057163468689,313.4846912746203,315.04473876953125,2104300
2020-08-07,314.88869542697324,316.34778457775326,311.66767092137604,312.84228515625,1759000
2020-08-10,312.6587999211898,312.9891751154052,310.7041617033839,312.00726318359375,1503800
2020-08-11,312.78726574429066,312.78726574429066,304.48235029291163,305.06048583984375,2065600
2020-08-12,306.2718966743127,310.99788438528617,305.73966120604774,309.0340881347656,1853900
2020-08-13,309.24517385567736,311.5118167206148,307.5383234741188,308.0614013671875,1536500
2020-08-14,308.8229840231255,310.86939489199386,307.96955902595977,308.59356689453125,1522900
2020-08-17,309.85076902179236,312.34682850708725,309.5846373105788,311.9705810546875,1504700
2020-08-18,312.9249126968887,314.57670455310637,309.07988000428816,312.69549560546875,1489400
2020-08-19,313.03507911131175,313.7875740142285,311.9614226324125,312.83319091796875,1730100
2020-08-20,312.13578396583296,313.5306300350092,310.8510256332787,312.8056640625,1717500
2020-08-21,312.0715671754314,317.3665049097224,311.3924733687724,316.2377624511719,2372600
2020-08-24,316.69650774439856,317.61417608546896,313.9435027211874,315.7972106933594,1461500
2020-08-25,315.80638759973414,316.51298212100073,313.34701522990684,316.3294372558594,1176200
2020-08-26,314.76941615184654,316.43955119317553,313.5580872607614,315.9256591796875,1757000
2020-08-27,317.15537659861843,319.11001485965744,314.34731340825823,317.8436279296875,2220700
2020-08-28,318.86233621384827,320.3214260492014,317.0545278005443,319.688232421875,1487300
2020-08-31,318.29337277233896,320.036937583978,315.94414329886285,319.03668212890625,1586900
2020-09-01,317.2471253857394,322.55124746143383,316.9718360758482,322.4503173828125,1773700
2020-09-02,324.496724322241,330.28723795568214,322.3860981077197,329.3144836425781,2434900
2020-09-03,333.17797736878,333.72858418274285,317.07287508675233,319.6239929199219,3630400
2020-09-04,324.8363350300356,324.8363350300356,312.3743799924658,318.0364074707031,2557000
2020-09-08,315.5310886474775,316.5221861688415,310.3370823181525,310.9610900878906,2144300
2020-09-09,312.83313210434073,320.9086303148214,312.3651402934545,317.9078369140625,2100900
2020-09-10,317.761003332249,319.3485796288761,310.8693332003349,311.575927734375,1959600
2020-09-11,312.2641752732522,314.99883695271967,308.42832841115774,311.2088623046875,1599600
2020-09-14,312.91570749440166,316.44873608245877,312.4385300558774,314.68682861328125,1522300
2020-09-15,316.6139353766423,319.1283657891225,314.53083822932916,315.5953369140625,1362500
2020-09-16,318.67870182127393,320.04604680915446,314.98968485827254,315.43017578125,1656500
2020-09-17,311.6219350482946,314.65944430958126,308.6762262660514,310.9795837402344,2681500
2020-09-18,312.190829658294,313.126841430765,303.93181329701656,308.2998962402344,3409300
2020-09-21,306.4736921509608,311.65851259518286,306.23508942444306,311.6126403808594,2427400
2020-09-22,312.64968532974814,316.50387642616727,311.6310586794299,316.0909423828125,2128100
2020-09-23,319.348641917761,319.57805904557546,315.73302574300305,316.256103515625,3577100
2020-09-24,316.5956322397897,318.7337875208235,310.45642773943393,318.43096923828125,5779300
2020-09-25,312.68637116692184,315.46690573900673,307.7493099123569,314.3748779296875,7338500
2020-09-28,315.4577119783089,320.97288026073534,314.85204744714866,320.8352355957031,3459200
2020-09-29,320.22040165609087,325.1207475862892,318.5227095030311,323.14776611328125,2526000
2020-09-30,323.53319503210065,328.2500244320226,322.25765041553905,325.7723083496094,2525800
2020-10-01,326.9285341357129,330.0761298434858,325.6070894761495,328.9473876953125,2053000
2020-10-02,325.5245480879289,328.37848360162434,323.7993268748181,325.781494140625,2125000
2020-10-05,326.0751033068049,329.42461540222087,326.0751033068049,329.0575256347656,2093500
2020-10-06,332.10427003637915,333.1137111256434,327.6444139579349,328.8465576171875,2760400
2020-10-07,330.79197549794344,334.710410031757,330.0486662304638,333.13201904296875,1959100
2020-10-08,334.7653930031491,335.8390772631846,331.96651582021605,335.0315246582031,1793100
2020-10-09,335.8666837925026,339.3079407985733,335.59139443402546,339.04180908203125,1730700
2020-10-12,340.45496245814354,349.31964219973105,340.24388865298096,345.4837951660156,2806900
2020-10-13,347.264101078114,350.8154734364987,345.48382207594926,349.3380126953125,1823300
2020-10-14,351.36602025913356,352.26531724798957,345.685651380284,347.19061279296875,1904400
2020-10-15,345.465506809471,347.20907151563495,342.34543922922654,345.57562255859375,1697800
2020-10-16,349.17284475508234,353.1830513953824,347.90645781498364,350.1272277832031,2459400
2020-10-19,350.57690385162266,351.54963024318744,343.85956355872503,344.63958740234375,1938100
2020-10-20,346.59422748547564,350.6227777480544,345.1534811798634,347.1631774902344,1282300
2020-10-21,347.39262782358793,349.88868757062227,345.9794103184595,346.71356201171875,1466500
2020-10-22,346.28214821275213,347.2273454677738,341.4001460001096,344.8138732910156,1813200
2020-10-23,344.68537084566833,345.52045234503663,342.80416206473785,343.758544921875,1108000
2020-10-26,336.4907006344689,341.95083976482465,335.97680848161446,340.18890380859375,2145000
2020-10-27,338.4086450347616,344.0431437726573,338.4086450347616,342.033447265625,1525400
2020-10-28,337.0871623742896,341.7489341005994,334.6461887754586,334.91229248046875,1908300
2020-10-29,333.9652473304858,339.35310460575164,333.30325526353784,335.4638977050781,1838500
2020-10-30,332.0345277488921,334.53538425093114,327.1247635690708,328.80731201171875,2724100
2020-11-02,333.03658943664806,336.19943708967327,331.64823843265873,335.0317687988281,1646300
2020-11-03,339.21520808206753,344.60306555817255,338.2498158087477,341.99188232421875,2013100
2020-11-04,343.88587009082244,350.89196394274745,343.86749155608976,345.8626708984375,2449800
2020-11-05,351.6642810837664,355.4339289750944,348.92436424882817,354.1927185058594,2255800
2020-11-06,351.1126830624675,355.6362726144697,350.2024543965186,354.588134765625,1950200
2020-11-09,356.9694435433166,358.118733445259,335.3719966848419,335.5926513671875,4371300
2020-11-10,334.5629489238146,341.60580200607683,331.5380095316979,337.0821838378906,2662600
2020-11-11,339.8956244290614,344.5111911544069,338.4980978515806,342.8746032714844,1688800
2020-11-12,346.57990357822007,347.7659506557017,343.40785195509966,345.4397888183594,1535900
2020-11-13,346.18453790894444,349.2278556841925,344.77780802509517,348.317626953125,1274600
2020-11-16,346.5431626052714,350.56107646737564,346.5431626052714,349.1911315917969,1691500
2020-11-17,356.1144021913233,357.1809466580697,351.0299444505188,351.14947509765625,3299100
2020-11-18,352.0413072041738,356.78555129893584,350.97476279207785,351.4344787597656,2134600
2020-11-19,352.7032549234057,353.71463561723726,349.6691409007457,352.638916015625,1768900
2020-11-20,353.0158258824112,354.440933848152,350.3126943367617,350.413818359375,1807600
2020-11-23,352.1424043080706,352.19756797526594,349.69671218001974,350.9563293457031,1679600
2020-11-24,352.77689279961135,354.9467390142099,350.0369751328066,353.2641906738281,2061100
2020-11-25,354.7076867229319,357.0522271495416,354.4962072572271,356.509765625,2034200
2020-11-27,359.0013777887695,359.19447869334243,356.50972515479975,357.0981750488281,1329400
2020-11-30,360.1875235588746,361.4747228813309,354.1928363949549,360.2059020996094,3733800
2020-12-01,362.7816078911673,366.1499641909419,359.64913040016467,365.66876220703125,2996800
2020-12-02,363.69683047246815,365.0271904518175,360.01712669650243,361.8381042480469,2212800
2020-12-03,356.64883351132875,357.3376101428747,352.1954395178477,352.92193603515625,3976400
2020-12-04,354.01640081967975,354.1107581172808,350.8839516134799,352.3369445800781,2839700
2020-12-07,353.12949098942744,355.2335406530891,351.6010006804786,352.2425842285156,2652900
2020-12-08,352.8275978640419,358.0829567962336,349.8083370449852,356.27142333984375,2685500
2020-12-09,358.4226858830419,359.4794186747614,351.7425797736865,353.1484375,2461600
2020-12-10,353.1483969185322,353.81828480883803,350.57258943935386,351.7331237792969,2566300
2020-12-11,358.3188289159421,358.3188289159421,351.49723108148453,353.9126281738281,3483900
2020-12-14,355.2901635859984,356.8186539565256,352.12938117615954,353.2333068847656,2778400
2020-12-15,353.3464559957012,354.4692414304065,348.44016524940247,350.87445068359375,2133900
2020-12-16,350.19517427653983,351.78027321520165,348.01565603742876,348.57232666015625,2385100
2020-12-17,349.3460548178893,350.0159427540533,347.2137005947833,349.3743591308594,2314200
2020-12-18,350.13852952787914,350.38382392324894,345.26054281418084,346.2701110839844,4140000
2020-12-21,344.46798407030656,345.43980363988715,341.37325515800904,344.3547668457031,2329700
2020-12-22,343.5339246354289,344.1566481853256,340.2410366764084,341.5808410644531,2105500
2020-12-23,341.9771272434711,342.5904064211761,339.19374562968466,341.4487609863281,1782100
2020-12-24,340.99594935163543,344.70395845443795,340.99594935163543,343.98687744140625,972500
2020-12-28,344.85479645599344,350.6951576926371,344.45850741322977,350.1007385253906,3207700
2020-12-29,351.22353888457076,352.17649846601006,349.34595282019757,351.6669921875,2072600
2020-12-30,353.0634680779166,354.6296782762213,352.19542125568813,353.2993469238281,1778000
2020-12-31,353.8088106487648,355.7430343858023,351.42171797334066,355.4977111816406,1628900
2021-01-04,356.1109142651881,359.9981920555626,353.6389091923071,358.6772766113281,3322200
2021-01-05,357.46024303539775,358.73399462838836,354.05416614415174,354.5164794921875,2748400
2021-01-06,352.7048512763844,354.5729929035791,348.77038030898655,349.1194763183594,2661400
2021-01-07,350.0536118242679,350.6574466282373,346.0719762070964,347.1381530761719,2849500
2021-01-08,347.32683218507754,349.3459686583214,343.71318141603166,349.0440368652344,2599700
2021-01-11,347.76090986012696,350.04422990506276,343.3075158103911,343.4490661621094,2562500
2021-01-12,343.43952031262336,344.4490884504274,339.90133844127075,343.62823486328125,2387600
2021-01-13,343.7887060559216,347.9118637992627,342.49609454851867,346.2229919433594,1968800
2021-01-14,345.3265763168943,345.79833393481357,341.1373663662673,341.88275146484375,2363900
2021-01-15,340.66567951232173,344.2982196836208,340.42035628602855,341.70355224609375,2340400
2021-01-19,341.8922280608475,342.4489274879,332.53257137527737,334.4479064941406,4533800
2021-01-20,334.37233420864015,341.458113116714,333.4476790335396,340.8919982910156,2767200
2021-01-21,340.8920391746354,343.43009743264224,339.60887229003686,342.30731201171875,2121600
2021-01-22,342.6847580683095,344.03397799581387,339.5239761505594,341.8355712890625,1960300
2021-01-25,340.4768965618,341.5147690872316,336.66511571392414,341.4393005371094,2735900
2021-01-26,339.8542855126557,345.232306442291,338.6088381755079,344.3642883300781,1807000
2021-01-27,342.4866078459246,345.1378835223605,334.80640831453354,336.2594299316406,3120800
2021-01-28,336.6934408939921,341.18455414661173,335.95750011102234,336.8915710449219,2251100
2021-01-29,334.71209500757936,336.1651168156143,332.0042103611091,332.52313232421875,2598700
2021-02-01,331.372036231582,332.8628066910813,329.48500542782443,330.72100830078125,2371200
2021-02-02,331.89100162925206,337.49548566730994,330.9097375057177,335.4952087402344,1905000
2021-02-03,336.10839993953005,337.3349580720856,333.2589658628668,335.14599609375,1759800
2021-02-04,337.22588380048734,338.80467824868634,334.5221157229437,336.4128723144531,3411600
2021-02-05,337.07458669910733,337.35821747036533,334.758427412426,335.7699890136719,2165600
2021-02-08,337.09353205695226,340.3739957631023,336.14815379985606,340.1754455566406,2520700
2021-02-09,340.37404958976384,341.91502100862425,338.7290715438348,339.9202575683594,2154000
2021-02-10,341.2815721368989,341.2815721368989,335.72274302172195,336.6681213378906,2162400
2021-02-11,336.29940318696384,337.02733402709845,332.19646519132107,332.96221923828125,2088400
2021-02-12,332.76371148389165,333.69965565561836,330.9769614299721,333.4822082519531,2096600
2021-02-16,333.7941796416259,335.9496411547738,332.8110069167921,334.6639404296875,1829000
2021-02-17,333.8225391221063,338.6061801701925,332.68810239958077,338.4832763671875,2143000
2021-02-18,333.03783915710056,338.634490930081,333.03783915710056,337.4244079589844,1914900
2021-02-19,337.2069233495258,338.3791829840967,335.21216051742635,335.39178466796875,1839400
2021-02-22,333.482293839468,333.99280635046296,329.76696294707443,331.0810241699219,2215600
2021-02-23,330.69335111158955,331.82781672613055,323.3477713668808,323.4612121582031,3692600
2021-02-24,323.1208825496355,323.7920931170368,319.43391266091623,322.0904235839844,3305800
2021-02-25,322.2321948328832,324.26475237941605,315.1418576817298,315.66180419921875,3618100
2021-02-26,317.1839234822421,317.5431718985772,312.86353717111274,312.9202575683594,3362200
2021-03-01,316.90017415160406,317.6470309036366,313.2604628190367,313.6480712890625,4653200
2021-03-02,315.4633213637378,316.4086997660144,310.48118756997735,310.51898193359375,4660100
2021-03-03,310.24484802119304,310.4811926256107,306.0757257371873,306.22698974609375,4064200
2021-03-04,305.70700106758295,307.8152052339314,297.8320118836987,301.613525390625,5501200
2021-03-05,298.1061954409336,301.0368746173998,290.2312050788512,299.9875183105469,8102800
2021-03-08,301.4905721344169,304.72374949615744,293.9370093754938,294.4096984863281,4873500
2021-03-09,296.6219774886847,302.7858351322528,295.6293127194989,301.3677673339844,5426800
2021-03-10,303.59877432550866,309.507388179225,299.98742261396035,306.1418151855469,4523500
2021-03-11,312.36251431176817,313.1566287913785,308.874065331292,310.6986389160156,4338900
2021-03-12,310.1786539356673,313.51583848119697,307.8152079728089,313.0526123046875,3182100
2021-03-15,315.37818550389636,315.45380306853747,309.4412113319991,312.45697021484375,3243000
2021-03-16,311.6628893068483,312.0032116601299,308.7983940974322,309.37506103515625,3066700
2021-03-17,308.19325648578484,312.44745787899353,306.4159410654071,311.2090148925781,2672400
2021-03-18,308.64711133452215,310.21644274187815,304.771054615212,305.3382873535156,2736900
2021-03-19,305.93393445226417,311.26588324825195,304.78060033397963,310.9444580078125,4859300
2021-03-22,310.50950989381477,317.8078314232084,310.2637023069941,316.2195739746094,4064900
2021-03-23,315.652417986814,323.8015754410724,315.56730853949375,321.7500915527344,3641200
2021-03-24,323.5273579015624,323.8015256824425,318.43175509623404,319.57568359375,3006400
2021-03-25,319.358256629468,328.78367988943273,318.84774424464325,327.4223327636719,4307100
2021-03-26,327.2994076994273,333.20802197576273,325.3046733680512,332.79205322265625,3061200
2021-03-29,332.25321151596137,338.2279803814573,331.837242760365,336.69647216796875,3012000
2021-03-30,334.2667815839929,335.39178385016237,329.78569854605274,330.64599609375,2602400
2021-03-31,331.5063334091394,337.9254596654453,330.1544494651497,333.2269287109375,2832200
2021-04-01,333.2837099100818,337.80261751749094,332.42341210220644,335.5526123046875,2938600
2021-04-05,337.97272642694327,342.86034470340564,337.3487733160765,341.11138916015625,2705700
2021-04-06,340.14699603879853,342.9831300653054,339.39070517198894,340.44952392578125,2142000
2021-04-07,341.15871999390015,341.7164898228118,338.07677698434884,339.21124267578125,1808400
2021-04-08,342.9832480618292,346.0273674515742,339.95805470318635,341.48956298828125,2839200
2021-04-09,341.19646070146473,343.8435082071434,339.9580175273093,343.3708190917969,1610800
2021-04-12,343.02105697462184,345.29942212684625,341.6029895326225,344.8834533691406,1836600
2021-04-13,345.3845004733027,347.23743384065847,344.372938780407,345.2615966796875,1796400
2021-04-14,344.9212975551245,344.9212975551245,342.74691003476556,343.33306884765625,1509400
2021-04-15,344.9495600904926,349.3644595887698,344.37286445660646,348.6554260253906,1850100
2021-04-16,349.5064274840196,352.4370776234682,348.44757937644033,350.470703125,2249200
2021-04-19,350.7353425194646,351.2363918547519,348.08829487090065,349.3645324707031,1560000
2021-04-20,348.8446738811063,354.85726742000725,348.58943206694414,351.4255676269531,2330700
2021-04-21,351.3120672997751,354.11984241308636,351.1797293208727,353.6566162109375,1531800
2021-04-22,353.8929540089486,354.932876040282,349.81837532993046,350.981201171875,2138000
2021-04-23,350.9811846920162,354.37508959577434,350.17760730323226,352.8908386230469,1404500
2021-04-26,353.47697904635396,353.47697904635396,348.09777362622367,348.3908386230469,2059700
2021-04-27,348.0599135502818,350.69749802372525,345.3372196480723,349.98846435546875,1875900
2021-04-28,349.3644900275644,350.2626108263543,348.06932655505307,349.4023132324219,1305600
2021-04-29,349.15604950965576,355.00151216907733,349.14656622387645,353.89306640625,1848300
2021-04-30,353.2961341622192,354.48038817355143,351.7992209009224,352.5192565917969,2118900
2021-05-03,354.1772682564991,359.65325851498113,353.2772524129292,359.3690490722656,2685800
2021-05-04,359.09424316448315,359.28373537443713,354.09195529368844,355.55096435546875,2133800
2021-05-05,356.555254015339,357.6636997359686,352.48140229188255,352.9077453613281,1905300
2021-05-06,353.5614558621119,362.79863845570736,353.5614558621119,362.62811279296875,2641400
2021-05-07,362.6944283848827,366.1240529555591,362.0975885334865,364.1060791015625,1817100
2021-05-10,365.2145343543179,367.4883256874934,361.22597406000983,361.41546630859375,1998700
2021-05-11,359.35960251349013,360.8849371118365,356.2236993877279,358.2890319824219,1859700
2021-05-12,356.2236254586451,357.1141868352879,351.59080964318684,352.6235046386719,2344600
2021-05-13,353.4667432616231,361.37756770772097,352.02670045230195,359.5680236816406,2023100
2021-05-14,362.0407271995496,365.5271645611396,360.1080162852627,364.2008056640625,1876100
2021-05-17,364.78816534192964,366.6924262654664,362.7607084541156,363.76495361328125,1830800
2021-05-18,366.1241305882442,368.966341371191,362.3913581136437,362.6755676269531,1698200
2021-05-19,357.3132007463376,361.65232468198366,356.34685964836785,359.6911926269531,1725000
2021-05-20,359.2364897609843,364.29562151058747,358.383832304303,363.4050598144531,1427300
2021-05-21,364.79764783088797,365.081886182955,360.42064898613967,360.6954040527344,1706600
2021-05-24,364.1251261432584,365.4704520875411,361.8040044795726,363.2819519042969,1657000
2021-05-25,363.4429425921695,365.4514334776258,361.93657442807734,365.1103820800781,1379700
2021-05-26,365.5650140185174,367.3556200872492,364.76919873656556,365.337646484375,1648000
2021-05-27,364.87346357650335,367.3745934323991,363.32919146137857,367.1188049316406,4452000
2021-05-28,363.9449731088514,365.04396440995845,357.19946621667054,358.3742370605469,4681200
2021-06-01,359.94690237266076,360.202719748828,355.74991300114306,358.3363342285156,2117800
2021-06-02,358.4784818133433,361.8322977455115,357.8437088515871,360.5722351074219,1881000
2021-06-03,359.67222036560554,363.98289402746633,358.93321799933216,363.6797180175781,1780300
2021-06-04,363.9828854815892,367.3651222883831,363.52812147743424,367.1377258300781,1765900
2021-06-07,365.19558454004573,366.1240502672732,358.658506955877,360.3922424316406,2515800
2021-06-08,360.4017743762861,361.1596856228089,357.8248356606633,359.7291259765625,1553800
2021-06-09,360.21210100365454,361.699530712389,359.1889184440308,359.9752502441406,1398900
2021-06-10,360.26905492467654,363.19652775328444,359.53008148165367,362.8649597167969,1404000
2021-06-11,363.67023692596194,363.67023692596194,360.5153964843697,361.74700927734375,1404200
2021-06-14,360.76171152437274,363.78393037125426,359.1416310607148,363.57550048828125,1652600
2021-06-15,363.5755466363175,364.27661591691486,361.49124754203075,363.7176513671875,1252000
2021-06-16,364.1818487380813,366.11455970355337,357.28475337816496,359.4543151855469,1801700
2021-06-17,360.3733100187883,366.1429932569072,359.2648353189971,364.5134582519531,1686500
2021-06-18,364.51349277875653,364.66508080665227,360.297535683258,360.8470458984375,3415700
2021-06-21,362.14492333207784,367.2608955377966,360.54380938943797,366.4555969238281,1631600
2021-06-22,366.6640681307425,371.8558493789644,366.2282706447931,371.55267333984375,1934800
2021-06-23,372.32949244371315,372.7463522037202,370.04624704854604,371.3536682128906,1538000
2021-06-24,372.72739493026137,374.6979809454868,371.19257739694507,371.4483947753906,1487300
2021-06-25,372.30115287459836,373.7980376763736,370.6716177054396,373.7601623535156,2056100
2021-06-28,374.2244010865778,376.51713039193316,372.45276107957955,375.68341064453125,1645500
2021-06-29,375.4559180349869,378.4307782893059,374.66958601367605,377.8149719238281,1523600
2021-06-30,377.03808581082393,379.4065940190703,374.2242969029291,374.85906982421875,2031700
2021-07-01,375.45597695571024,376.77288163369997,373.1632767898361,373.7790832519531,1523400
2021-07-02,375.3707313656044,379.69088899794616,375.2759852334339,377.9571533203125,1676600
2021-07-06,378.80975231335935,380.28769922760694,376.2233307571982,377.88128662109375,2113100
2021-07-07,378.20342038183844,384.75943522546436,378.20342038183844,383.3951721191406,2308600
2021-07-08,382.2772738819072,387.14694126113335,381.95516019373207,385.73529052734375,2235500
2021-07-09,387.0616675012764,392.22502786300726,386.1521682857782,390.6807556152344,2304200
2021-07-12,392.26294989780666,392.5566426673108,383.25313343748195,386.42694091796875,2491300
2021-07-13,383.4141359347969,387.762713712788,383.4141359347969,385.6499938964844,1540300
2021-07-14,387.090033660473,388.88063980352024,385.8394832583348,388.38800048828125,1265800
2021-07-15,388.8711539171167,390.5196553343999,386.42686610263087,390.1596374511719,1894100
2021-07-16,390.44393639462317,391.67557832553865,388.21753232668385,388.7859802246094,1413900
2021-07-19,388.4922498887234,393.47560120426425,388.4827666023954,392.36712646484375,2293100
2021-07-20,392.2249633267035,396.08090166844534,391.1354553221757,394.3471374511719,2045400
2021-07-21,395.1714393994845,395.1714393994845,390.53865156055605,393.1819152832031,1480000
2021-07-22,394.1198175611066,396.583072203355,391.7986676475065,395.5788269042969,1339200
2021-07-23,396.2894186549762,401.68960126491965,395.114618652889,401.1590576171875,1344500
2021-07-26,401.1305553110339,402.17270473358826,398.2409867831124,400.9695129394531,1220000
2021-07-27,401.6990654935539,402.2296091161147,399.4253029807992,402.02117919921875,1666500
2021-07-28,401.0073962066938,402.5137640286163,398.4210036254017,400.01263427734375,1362700
2021-07-29,400.24997099867886,404.2080619266449,398.99704721188965,403.6670227050781,1434200
2021-07-30,404.33139593754265,409.57085508091893,404.2934206560729,407.8813171386719,2283900
2021-08-02,408.7355967516467,408.82101941499326,403.85683007837815,407.12200927734375,1366900
2021-08-03,408.0712348835813,414.60156505547616,407.3118739566232,412.9595031738281,1448100
2021-08-04,413.84217325221033,415.73103078281684,410.89023954424437,412.93096923828125,1280500
2021-08-05,415.5031805411621,420.96096075386725,414.5350282183804,420.6667175292969,1742600
2021-08-06,420.2301814869223,420.9230638695313,416.5948083772987,417.2877197265625,1789800
2021-08-09,418.255897830651,420.2776545922174,416.98400090756627,418.0850524902344,1472500
2021-08-10,418.26534233353476,421.2457501910693,418.26534233353476,420.514892578125,1893700
2021-08-11,422.85939422159294,425.2323425617815,419.34741909145214,421.7203674316406,2267500
2021-08-12,420.48642174669425,423.9319471735494,419.7745372854978,422.7264709472656,1230700
2021-08-13,423.12518936187166,425.5740594545863,421.9482161819095,425.0615234375,1309300
2021-08-16,425.1468864327329,430.15855177405916,424.33057720530223,429.8453063964844,1515600
2021-08-17,429.8453389483375,430.7185966802488,426.8459577459462,429.3517761230469,1936700
2021-08-18,428.0418964308212,432.10438274651545,423.2390514069705,423.5332946777344,2030100
2021-08-19,420.4390086214333,432.35119798925,418.8823405688057,431.1742248535156,1953700
2021-08-20,432.34163008162653,437.2109240747187,430.6046448686832,435.66375732421875,1911200
2021-08-23,434.0312570003899,435.7302962495427,431.4874631416891,431.8101806640625,1835900
2021-08-24,432.11389483969305,432.246793851381,427.4154455167182,428.8297424316406,1541700
2021-08-25,427.9185533424414,429.80744012162796,424.5869532119664,428.2982482910156,1520600
2021-08-26,428.2982367780789,429.48471104383606,423.9984551976412,426.4757995605469,1418600
2021-08-27,426.47577659211646,428.66837859981763,424.09332712545597,427.45343017578125,1310200
2021-08-30,428.1178663741046,433.3858002321084,427.54835296513403,432.75933837890625,1219800
2021-08-31,432.95863396861245,433.6610173393677,429.4466591815328,432.3416442871094,1699000
2021-09-01,432.33221029340325,433.47120810581976,428.8866847017011,433.3193359375,1325400
2021-09-02,436.07196604708423,437.98929780199256,435.0943125283292,437.5431823730469,1455000
2021-09-03,435.67330224153613,440.03953285035936,435.67330224153613,439.0428771972656,1302400
2021-09-07,438.9954733587722,439.65991052673456,434.3729743063946,436.24285888671875,1463400
2021-09-08,435.777689392416,442.1561753720442,434.8000358835835,442.0328063964844,1372000
2021-09-09,443.58946538819924,445.8959642121683,441.59618299835444,442.2606201171875,1398700
2021-09-10,443.42809275824897,444.5955647228683,439.6598498938841,441.5202331542969,1324800
2021-09-13,443.3237264253116,444.4437511607125,434.91401087985724,436.2998046875,1679500
2021-09-14,437.52423544086156,438.7107096350643,434.1736334750992,435.1133117675781,1383900
2021-09-15,434.9519229623473,438.75814131043234,432.9586695607611,437.3153991699219,1770300
2021-09-16,437.37233034153724,440.2008660689181,433.3667926047894,439.7642517089844,1577500
2021-09-17,438.16013352227606,439.2991602421383,433.7939030516743,436.1573791503906,3411400
2021-09-20,433.4237537062305,437.5242152844876,423.9224595274421,428.2127685546875,2602000
2021-09-21,428.2127467740941,433.6230511952278,427.2825406680111,429.1334228515625,1531300
2021-09-22,431.59183388344553,432.2087946273767,426.9788074806444,429.3422546386719,1380800
2021-09-23,429.31382316561906,432.3986561590856,428.1748252864865,429.7694396972656,2061200
2021-09-24,432.80671800702675,444.89925107411057,431.87651201469384,443.9785461425781,3353800
2021-09-27,441.8903868726177,446.5793346703254,434.0027096470509,437.15399169921875,2526000
2021-09-28,433.907860887011,434.2495515481693,423.020772610842,424.6153869628906,2632700
2021-09-29,427.00730535222755,432.82577934519503,426.08660023311216,428.8297424316406,1922000
2021-09-30,430.56674898304493,432.2183118474278,426.46628707838113,426.5137634277344,1836400
2021-10-01,426.87446761254716,428.15583664609943,418.3603271237374,425.54559326171875,1860700
2021-10-04,425.55504240367804,426.5137227626678,414.00354658424095,417.77178955078125,2264000
2021-10-05,417.2402899985717,426.2859690008531,416.9270735253165,423.56182861328125,1808700
2021-10-06,421.36920837867433,426.9219137185207,419.89799188036295,426.5042724609375,1334600
2021-10-07,433.2718484172661,436.2332830085024,429.0954655586853,429.85479736328125,1966200
2021-10-08,432.29420780838893,432.58845106391425,427.13067027704096,428.88665771484375,1545800
2021-10-11,427.16863421435437,430.6331326545999,426.69404459331656,426.8459167480469,1011700
2021-10-12,427.2730665428978,429.83586230218594,423.09668331417066,424.1597595214844,1380900
2021-10-13,425.74488573537684,427.6147700904595,421.5020531614914,422.6695251464844,1621500
2021-10-14,424.3875978175553,428.74435685879826,423.80861227365165,427.7572021484375,1480400
2021-10-15,430.82303050433137,430.87047788532675,426.3523748950127,429.3992614746094,1494800
2021-10-18,426.7605203362713,438.853085142071,425.7069451452576,438.4734191894531,2141300
2021-10-19,439.47013360163294,443.4187240231675,436.9168382834612,443.3427734375,1365300
2021-10-20,444.7094609715762,448.48720489263496,444.06402602023525,445.89593505859375,1352900
2021-10-21,445.8959689305782,453.3755067779759,445.24103286746083,452.97686767578125,1423300
2021-10-22,454.6474264315834,460.3804780538727,454.24878730938724,457.4949645996094,1710300
2021-10-25,457.4949203749204,467.1955339549318,455.13147319325634,465.1927795410156,1903400
2021-10-26,457.62783755725667,463.43681045455685,456.773581948828,460.85504150390625,2378600
2021-10-27,459.2603885711608,466.521604082471,458.98511847640066,464.2530517578125,1741800
2021-10-28,462.96009749977316,467.59007419978826,462.5037729381875,466.3541564941406,1362400
2021-10-29,462.7889498335841,469.81474614194025,462.67486869958594,467.3143615722656,2471600
2021-11-01,469.7957721687758,470.4993209391468,463.1883208793208,467.6281433105469,1548700
2021-11-02,470.35664967112547,474.87254515165745,468.43621614321705,472.4957580566406,2012200
2021-11-03,476.63140285490226,478.1715563454743,471.31691006369306,477.5726013183594,1856000
2021-11-04,482.02199974635437,494.57144878711546,481.0712847891306,490.2076416015625,2615000
2021-11-05,489.3994826809947,492.3752246867788,483.5620798047834,487.8307800292969,2071700
2021-11-08,488.10654629450534,488.10654629450534,475.54763870181375,478.9797058105469,2834800
2021-11-09,480.2251507811636,484.00900688366596,479.21739521352816,483.6382141113281,1881800
2021-11-10,483.2104441901425,485.20692259917024,478.94171385470906,480.5959777832031,1226600
2021-11-11,481.25190761230994,487.2414000464991,479.1983598885407,486.9371643066406,1227300
2021-11-12,488.9050814008641,494.048422889641,487.9353337451397,491.68115234375,1780200
2021-11-15,492.93615733076376,497.318939076508,492.47983274916,494.2671813964844,1392300
2021-11-16,494.21966338129505,502.2626743668893,491.90937509071694,500.7605285644531,1690700
2021-11-17,501.50207039877716,504.5823771487504,498.65944235515406,500.3516845703125,1609400
2021-11-18,502.129582282892,504.6394836764947,496.7390447658644,503.27996826171875,1664200
2021-11-19,507.7577085036272,508.8985777159574,501.9868634786821,507.4819641113281,1909800
2021-11-22,507.0353028601754,518.5389305162946,506.08458791249495,513.0533447265625,2190500
2021-11-23,511.4466333188481,518.9192388690733,507.4631353734118,518.3868408203125,2147000
2021-11-24,518.6529163544081,523.6822346406967,516.5423574113944,522.6364135742188,2316400
2021-11-26,522.4653569033009,527.2189313597535,517.4836201572637,519.2139282226562,1844800
2021-11-29,519.2140191237132,533.1420179303675,515.6773289348721,527.5327758789062,2919100
2021-11-30,523.8439962105653,529.7098918624839,509.4787056311722,512.7966918945312,4244200
2021-12-01,516.3332999968383,521.22950552126,503.30855074926535,503.72686767578125,2877100
2021-12-02,492.95522475116445,504.7440554761835,488.70549869248083,499.6102294921875,3277500
2021-12-03,503.8694499476204,511.00932911408034,498.90674533925005,502.8616943359375,2984400
2021-12-06,506.01801283981854,509.63071790663605,501.56867400674435,506.92120361328125,2432900
2021-12-07,511.7221835230083,516.2380783148974,508.3566743994118,515.306396484375,2579800
2021-12-08,519.2900041108488,520.7920918667097,499.64820186900477,503.98345947265625,3037500
2021-12-09,502.73807144165437,506.0941231848671,497.98449652630774,498.4884033203125,3200500
2021-12-10,508.3567812764499,533.6077665109992,508.2616749709399,531.2785034179688,6333600
2021-12-13,523.3115074256369,532.162660748265,520.9727279017995,529.75732421875,3415200
2021-12-14,529.0348979816969,529.7098685048439,511.07587742711706,518.4629516601562,3494400
2021-12-15,519.2900522459687,538.5705219454092,518.6435730201609,537.6102905273438,2937100
2021-12-16,536.954284164556,538.6275517871944,522.3703490973586,525.3936157226562,2683000
2021-12-17,522.2467150459746,529.044291754534,514.3177272600027,520.6209716796875,5752000
2021-12-20,515.411019679869,522.0755397188357,511.5131122067945,521.5241088867188,2033600
2021-12-21,523.3686554036475,524.5855985680122,509.659360096414,518.5485229492188,2472800
2021-12-22,518.5009215475369,522.8932199529792,513.1959159048077,522.5794677734375,1454500
2021-12-23,524.5475311752937,525.3746486562314,520.50699206819,523.2450561523438,1757800
2021-12-27,524.3572583527038,537.8574211080584,524.2622100765445,535.6992797851562,2262900
2021-12-28,535.6613205567745,538.7131364544751,533.0658872962198,536.8117065429688,1155000
2021-12-29,538.4849397866781,543.3240461075202,535.7278433801201,539.7874145507812,1753000
2021-12-30,541.4606242356725,541.793351202612,534.6534738185669,536.1175537109375,1338700
2021-12-31,535.6422819764822,540.2437678451494,531.4782038995653,539.7208862304688,1509200
2022-01-03,537.182469013573,539.5021576688625,528.1316445764751,538.7796630859375,2714100
2022-01-04,536.4217529296875,540.6904527782133,534.1020066700427,536.4217529296875,2097500
2022-01-05,535.9085018419967,537.2014602218266,522.6745662484282,522.817138671875,2887500
2022-01-06,519.2804527459439,526.2396922781157,516.7610352308074,522.7030029296875,2503100
2022-01-07,520.563895475631,521.3434886023416,507.9098833628731,509.7542724609375,2323900
2022-01-10,503.2038863662396,504.26868244981637,483.43854378443154,493.23089599609375,4916800
2022-01-11,493.23078772207833,496.71989451524445,485.14022514155704,496.3016357421875,2457300
2022-01-12,496.30167837747706,503.90739683081506,496.2826455126951,499.8858337402344,1729500
2022-01-13,501.63525024405936,502.9757327919298,489.83684521707755,491.4055480957031,2428100
2022-01-14,486.35728532234435,487.6977679564583,477.125821672349,478.20013427734375,3872500
2022-01-18,470.0904642805897,470.67990285504885,462.8650254999446,464.0154113769531,3801900
2022-01-19,465.74572831493157,471.782744615778,463.09322566555215,466.0024108886719,2709400
2022-01-20,466.56330101372566,475.24333202013713,458.09242842964386,459.0241394042969,2893700
2022-01-21,458.1685581392468,470.23310407460605,457.5981233706901,457.8738098144531,3295600
2022-01-24,452.1124547973239,465.8217762911174,445.89480030008485,464.80450439453125,4412600
2022-01-25,456.248150688048,458.85312967705613,449.08926745939243,453.7953186035156,3076800
2022-01-26,459.4140495836441,469.5296427503154,455.17383951989456,459.6422119140625,3074900
2022-01-27,462.9221522903302,471.354989547414,456.63791116564295,458.7389831542969,2372300
2022-01-28,459.89880781384824,468.44575433369624,452.44520661930176,468.1605224609375,1918500
2022-01-31,467.75178738649475,481.4611106689338,466.4493124580899,480.23468017578125,2480700
2022-02-01,480.11102501449767,484.5603637880218,472.4482652333674,483.35296630859375,2347200
2022-02-02,485.9197543388135,498.1649637612708,485.1877144978981,496.2920837402344,2547600
2022-02-03,491.1982145272152,501.2529790017005,489.6081303681169,496.8064270019531,2665100
2022-02-04,493.3213969823218,497.0252967621084,486.3611408407694,494.9020080566406,2387400
2022-02-07,496.35884029047327,497.02536101828343,489.62709135805613,491.20770263671875,1863600
2022-02-08,491.20774539163364,498.3489149933516,486.0756108902688,496.2160949707031,1462000
2022-02-09,502.7383198118358,508.6797633839418,500.5293111297736,503.52862548828125,2256700
2022-02-10,495.94931098078496,499.37704809010273,490.1221230259633,493.67364501953125,2558900
2022-02-11,493.59757819927546,496.4063912503346,483.1048029366164,485.2852478027344,2349700
2022-02-14,484.63776724516737,487.0562510928119,477.4490026389562,482.32403564453125,1749600
2022-02-15,488.7797006396079,491.31240958353646,486.32312231949584,489.3319091796875,1984600
2022-02-16,487.0181797162999,489.93177425260706,477.7060967937421,487.8846740722656,1770800
2022-02-17,485.25670935513847,493.4166917618743,482.77156753812955,490.3697814941406,2022800
2022-02-18,490.25550919110964,493.12150742050676,485.9136520511225,488.1416931152344,2154700
2022-02-22,485.59952232192717,489.9604127357593,474.32599964354864,478.1536560058594,2451800
2022-02-23,478.8772159451769,483.666558212534,471.1076215266684,471.5646667480469,2021400
2022-02-24,460.14833600237495,482.31452249016803,459.87223173396836,481.39093017578125,2859800
2022-02-25,484.2474576978842,493.4548184708575,481.07679118649446,492.7311706542969,2003000
2022-02-28,489.69367788843255,494.7686841763667,486.837210712593,494.4068603515625,2408900
2022-03-01,494.6069052069385,504.0332133757712,494.3498045272946,497.9108581542969,2316000
2022-03-02,498.92959733442825,507.5847184007606,494.9019972351803,502.73822021484375,2571500
2022-03-03,508.9176763178148,513.1738423955284,504.20449411389274,507.54656982421875,3851800
2022-03-04,494.64500510000704,504.5664536076803,487.2943601660576,500.3579406738281,4417900
2022-03-07,498.4060220416557,519.2010745436746,498.3774294692015,503.23345947265625,3896900
2022-03-08,501.04340313762407,513.907037446954,497.415691821094,498.32025146484375,3649700
2022-03-09,502.3764367277891,505.4614122102225,491.03628676144,502.405029296875,2789700
2022-03-10,498.0821884011687,508.80347161603953,493.3500021431707,507.2323913574219,1777700
2022-03-11,510.94584977647554,516.687377247132,501.24337967840984,502.1860046386719,1735100
2022-03-14,502.51936880652283,509.69860381210555,498.49170958393887,500.78643798828125,1950000
2022-03-15,504.642542219115,517.8298759726248,502.6620420076472,516.3731079101562,2547900
2022-03-16,518.4773781984925,525.2281296580202,505.8422532925449,517.3919067382812,3017200
2022-03-17,517.353930348116,526.7041090791507,517.2111418195958,526.34228515625,1974200
2022-03-18,526.5041321783712,535.6352744512451,523.2191827952535,534.49267578125,3597800
2022-03-21,533.3406579759678,539.6343949781824,524.4856190946919,528.9512329101562,3136900
2022-03-22,530.3128237784466,533.5405884333851,525.9043368733796,532.6550903320312,1777500
2022-03-23,530.303176175983,533.8642295141397,525.5042738251178,527.5133666992188,1546800
2022-03-24,528.9321935031633,531.5506225261568,522.9430950169768,531.4077758789062,1614200
2022-03-25,533.035843779035,533.616644844215,523.90464448303,529.1224975585938,1974900
2022-03-28,530.1031793820943,538.215564914184,527.0182040712924,538.16796875,2056100
2022-03-29,540.8245886514312,543.8905029665495,537.5206353448289,542.7098388671875,2005400
2022-03-30,543.6333002901711,550.5840251717226,541.3862268198562,548.88916015625,2086500
2022-03-31,551.0126293715143,558.2680526594916,547.9752497346327,548.2989501953125,3439800
2022-04-01,549.7558096208967,555.0973905776802,544.9283719581126,548.0324096679688,1933500
2022-04-04,546.4804573423066,551.9553547468294,544.1286016287405,547.613525390625,2201800
2022-04-05,545.1948838997945,556.0398936739244,544.7282787679093,547.7942504882812,1826800
2022-04-06,546.5659499462778,558.7249383963094,543.0810276318352,556.8110961914062,2646200
2022-04-07,563.9523285301551,582.9764406175909,560.6103105440295,578.9583129882812,4804200
2022-04-08,577.3683596467046,578.9108477167506,569.1321870047383,571.3316650390625,3230200
2022-04-11,570.1413967860573,572.245682196059,554.9164336080569,556.6969604492188,2792700
2022-04-12,558.6202948284747,563.41913919236,551.0697062244445,553.5452880859375,2142000
2022-04-13,554.6021175974851,565.0948922904347,554.6021175974851,562.8097534179688,2211800
2022-04-14,563.4667599572788,567.7514608499744,558.9630237229956,562.1432495117188,2206200
2022-04-18,557.3730194328086,563.7810099745114,551.8695304944492,554.2689819335938,2161900
2022-04-19,555.4400328297401,566.3708203444078,554.1546458148193,565.8661499023438,2327800
2022-04-20,570.4842157045873,576.3209358670483,568.7226924669949,574.6546630859375,1793300
2022-04-21,578.2251252250858,580.0341861355247,562.8668495642769,563.4285888671875,2027900
2022-04-22,562.1050806146642,563.5809684058428,543.7284876733988,544.347412109375,2878200
2022-04-25,543.0239790577508,543.0430407707925,527.0468347450998,541.0244750976562,3154500
2022-04-26,538.2060067097228,541.148193378467,526.8372653844798,527.2657470703125,2057400
2022-04-27,529.5795916393496,536.6541029931169,526.3993653669977,527.570556640625,2261600
2022-04-28,529.7544565187018,538.652539931715,520.5321460225457,535.982177734375,2118700
2022-04-29,534.9618128077772,535.5817444275099,505.17762015689397,507.10406494140625,2968000
2022-05-02,507.59034104592405,514.2376944776477,494.2766578764555,504.46221923828125,3303400
2022-05-03,505.46357383204446,509.5359121954374,499.4552448793421,503.6324768066406,2398000
2022-05-04,506.9895349655077,520.8564423793993,498.60648929751625,519.2255859375,2465200
2022-05-05,516.4980441825863,517.2324156885677,488.4590927941782,493.3706970214844,3977000
2022-05-06,490.58585530859716,492.5313924739485,475.727115714932,480.0569152832031,3560800
2022-05-09,473.13306773261314,483.5761202716326,471.4545375786027,475.7366638183594,3292700
2022-05-10,486.1034215763133,486.9903601890488,472.68478602970777,478.244873046875,2729400
2022-05-11,480.59108920094366,484.48219322229954,465.22688482864584,466.4380798339844,2782900
2022-05-12,464.25401633430687,474.2393077996471,457.54947205273976,463.6722412109375,2829500
2022-05-13,470.2814848529675,475.69855167522604,466.93399990719473,474.2489013671875,2338600
2022-05-16,473.17119178663137,474.6398764663781,466.953016834023,471.6357116699219,1579700
2022-05-17,466.5143815806439,470.7106781220817,457.99780218029815,467.76373291015625,2602800
2022-05-18,438.7042167916473,442.3855034231353,404.89536931221255,409.5208435058594,9511600
2022-05-19,410.44596955414124,410.5985658293737,399.33531338760173,403.35040283203125,5839600
2022-05-20,408.9486934111148,408.99639612409777,387.69062986180853,397.1513671875,5115000
2022-05-23,400.55612507772753,410.0931756748163,397.3803000349952,409.5972595214844,3687200
2022-05-24,405.13380352396047,418.41893403637727,404.70465380973513,417.4461364746094,3473400
2022-05-25,416.13010356717865,422.73930155476177,410.88472589419484,419.735107421875,3225100
2022-05-26,428.30890026540044,446.38159166409156,426.79251288251766,443.4632568359375,5917600
2022-05-27,435.6524138170502,452.89541578187027,434.0501964703834,448.9661560058594,5719600
2022-05-31,448.9661814495014,449.0043086946073,436.82550615045164,444.6363525390625,4424500
2022-06-01,447.650036529298,448.71818142236134,435.5570646824852,435.8336181640625,2319400
2022-06-02,439.5625621944267,468.393070461477,436.68238400777483,465.0360107421875,4950600
2022-06-03,462.57549331348946,465.5510479886662,453.5725165961648,454.20196533203125,2857400
2022-06-06,458.2552345490995,458.73208703042013,447.2017975246598,450.59698486328125,2297000
2022-06-07,438.6184311199261,451.798640035469,438.3132385618646,449.93890380859375,2435500
2022-06-08,449.93892125664064,452.46623355942154,445.2753191741153,446.3243713378906,1697000
2022-06-09,445.7044689563997,461.82207683080253,445.52326268706474,450.1964111328125,3087500
2022-06-10,443.4728172168912,446.5151384418787,436.5680024515986,441.8610534667969,2549900
2022-06-13,429.1672132501555,437.4072377148454,428.11813201903556,431.31304931640625,3113400
2022-06-14,431.31302881535834,437.5216568521284,429.434229051353,433.7449645996094,2224600
2022-06-15,437.27367989143806,442.86237642096404,430.49285228260067,437.5502624511719,2250200
2022-06-16,429.462880319455,436.5775112066795,427.2312141946612,430.84576416015625,2906600
2022-06-17,430.1686379670534,434.5938432336185,422.6820768379856,426.010498046875,3623400
2022-06-21,429.69175617013013,443.3011445156969,428.3470577947198,441.6702880859375,2420600
2022-06-22,438.1224870127929,443.2057210804138,437.2736757221303,438.66607666015625,1827500
2022-06-23,444.77934873165265,454.2305677657025,444.14990000624795,453.00982666015625,2030100
2022-06-24,457.77835910098867,462.38474103334613,454.6120517987301,461.946044921875,2862600
2022-06-27,463.3193969254125,464.6831880113932,455.25106124138165,459.4473571777344,2034700
2022-06-28,461.11626669476533,464.6831133014869,446.2289488695896,446.91558837890625,1754600
2022-06-29,449.14731160201717,451.0737849249598,444.82702978750655,448.08868408203125,1275600
2022-06-30,446.6200443566521,459.7716445884557,443.20579322835965,457.09173583984375,3852400
2022-07-01,458.9037435205926,468.5075594080032,455.87096874712574,463.271728515625,2660400
2022-07-05,463.08096040599776,468.17374120579274,456.3096496270292,465.6559753417969,2489400
2022-07-06,465.65599327824566,474.0104289401057,465.19820441953823,469.8427429199219,2262300
2022-07-07,469.28003373409115,472.58939092221533,466.57151529352984,472.0362548828125,2125200
2022-07-08,474.29650086145637,482.11686313355,473.99130832568125,478.3211364746094,2607800
2022-07-11,477.92066262180504,482.14556894294276,471.93139616444915,475.8034362792969,1891100
2022-07-12,474.00090144738385,478.66450346856607,465.4461669731176,467.8590393066406,1775300
2022-07-13,461.8984145121768,474.29657956390173,461.42156201018736,469.43267822265625,2008400
2022-07-14,473.1234271168085,489.5080982675894,470.7677750150761,488.2396545410156,3715600
2022-07-15,492.989151899372,500.50435164512425,491.90197248360965,498.7400207519531,4265100
2022-07-18,497.7005165910889,504.0617713537642,491.79707984701173,492.3979187011719,2464100
2022-07-19,498.2249130435041,501.2481992558453,493.03675645642414,496.1458435058594,2391000
2022-07-20,497.1283251624185,501.80144518366876,492.8843258645855,499.9322204589844,1740700
2022-07-21,499.77945581562693,505.21558496305596,497.45241371295134,504.9485778808594,1716100
2022-07-22,506.1407193783453,512.2443954622343,501.71551492609694,505.1965026855469,1800800
2022-07-25,506.81778825595865,507.64750677476906,501.64872454129045,504.64337158203125,1452700
2022-07-26,491.1581061300911,495.62143882783755,485.20699586642917,488.230224609375,3334800
2022-07-27,489.34605493481,501.0003613211578,487.50544021404005,498.12969970703125,2060100
2022-07-28,497.05018424440937,515.1062881705847,497.05018424440937,512.240234375,2083300
2022-07-29,508.2467773312741,517.9149256487906,508.15126554675425,517.1315307617188,2131500
2022-08-01,517.2462120675327,528.032164052134,517.0838186960839,522.3955688476562,2256000
2022-08-02,519.7396865183089,526.4366487437068,516.6252326051263,519.1951293945312,1984200
2022-08-03,520.6662830560134,524.201093336925,517.9148675743305,522.5865478515625,1693300
2022-08-04,522.5770715978924,522.7681534871689,516.5296825778281,519.023193359375,2000500
2022-08-05,513.2528158090231,517.4181326120394,509.5364860343578,516.5296630859375,1711500
2022-08-08,519.558156374575,523.0547156667407,514.6189493137531,517.7047729492188,1344100
2022-08-09,519.3670310073994,520.6662943714315,510.0523587686444,511.89617919921875,1877300
2022-08-10,520.1695619539109,525.3571115661895,513.3005850317952,515.7176513671875,2336600
2022-08-11,518.9849524959028,519.2237902848292,508.14174020264716,508.4378967285156,2340200
2022-08-12,512.2402034315492,514.3611134333688,509.89958131121136,513.2242431640625,1918200
2022-08-15,512.4503638906676,522.577062434687,511.7624807633354,521.3828735351562,1848000
2022-08-16,526.4939311032616,534.9678901034405,524.4590287376269,528.3282470703125,2498000
2022-08-17,525.443070443974,534.4711494072385,524.4972822467747,531.4808959960938,1835200
2022-08-18,534.098566966861,539.5345168886303,531.5764261471644,535.9137573242188,1619200
2022-08-19,533.7069158947356,534.2896660719416,528.4715522104817,529.7708740234375,1617000
2022-08-22,528.3091784920633,528.3091784920633,519.988049101427,521.1153564453125,1860900
2022-08-23,521.3732483276624,521.631211758305,512.9088524147006,517.8671264648438,1359000
2022-08-24,518.516772281395,520.8764613401033,515.2781182906175,518.9657592773438,1145800
2022-08-25,521.3732672177055,526.3124157674943,515.4596419479583,526.1787109375,1483300
2022-08-26,525.4431682274728,527.9939396446105,507.93156413047063,508.07489013671875,1886800
2022-08-29,503.49875054145826,511.5905468890701,500.6040085338426,507.3487854003906,1579900
2022-08-30,510.42509925859247,512.0778382794374,498.22524500734806,500.7378234863281,1872700
2022-08-31,502.0752901263798,502.820492112736,497.03106569494634,498.78887939453125,2179800
2022-09-01,496.5151317687044,505.9349395631286,493.94529284185427,505.543212890625,2280600
2022-09-02,508.9155908652044,510.96005640737246,493.0089702186302,495.9323425292969,1901700
2022-09-06,496.93538281098307,499.7919314670945,489.6461078522814,495.731689453125,1933400
2022-09-07,496.78249870759527,507.9218652337562,495.7316359766349,505.9920959472656,1827900
2022-09-08,500.9192808648127,509.23084746641445,498.27293954093335,505.4953918457031,1600800
2022-09-09,508.3614880427278,514.0362766389085,505.8871610291302,512.6223754882812,1930900
2022-09-12,513.7209753646646,518.3735309827125,513.0235876570338,515.4310913085938,1522400
2022-09-13,507.0908220040359,508.4760928501661,485.97758465959447,487.51568603515625,2881400
2022-09-14,490.916702833232,491.0600288224033,480.6562413366761,485.318359375,2007300
2022-09-15,485.7005325633248,486.33106783875513,478.181923465019,481.0193176269531,1749600
2022-09-16,477.2648058423348,483.82806391962436,475.0961399597627,481.6307678222656,3004800
2022-09-19,479.73913791197214,484.0859739908917,476.6151501412214,483.9522399902344,1441300
2022-09-20,480.54158163681427,480.9523755940949,471.38933133960563,477.2169494628906,1843100
2022-09-21,480.06394691116213,483.8184698868189,470.9881110989113,471.05499267578125,2082600
2022-09-22,471.9434000641585,471.9434000641585,462.78158735503513,465.4183654785156,3133100
2022-09-23,457.5558241788378,460.78491532177895,442.83386132279514,445.5757141113281,5377800
2022-09-26,445.06945293940095,462.4950492652412,444.43891765721537,458.85516357421875,4001900
2022-09-27,463.8134043522281,466.59347960063604,454.202574449898,456.9444274902344,2412400
2022-09-28,460.03028065436956,469.6028895672068,453.01800606320853,466.48846435546875,2419500
2022-09-29,463.92810094978677,467.1763184848051,452.9033686487161,457.5941467285156,1963900
2022-09-30,459.19900241190334,462.22744867103876,450.80145919160725,451.18359375,2436700
2022-10-03,453.31413803286864,459.3710610571941,449.3971923368841,456.3999328613281,2338500
2022-10-04,462.2275101806705,466.23043362463295,459.2659450927763,464.4248352050781,2175600
2022-10-05,459.8104930381962,462.26575247063386,453.61983629648967,458.874267578125,1587700
2022-10-06,461.86454583202544,471.8288517759627,460.4028596732073,460.9473876953125,2430700
2022-10-07,456.90623458316264,457.7182597086767,445.3082580274387,447.24761962890625,2568100
2022-10-10,448.71886804851124,449.25386234112125,440.99961470370624,445.4897766113281,1616300
2022-10-11,444.23823980253377,455.94129020593385,442.99629509519355,450.9447937011719,2341400
2022-10-12,453.1421615573009,458.3201484302709,445.4802267242668,445.5566711425781,2043900
2022-10-13,437.7323876118927,450.67738527034055,428.9813667424193,447.0948181152344,3390900
2022-10-14,450.95431574917063,452.25360822478103,433.5287234421444,434.3503112792969,2301600
2022-10-17,441.0378698834258,446.03436708990967,439.9201253208405,443.44537353515625,2097500
2022-10-18,452.072155148722,455.2438986637352,447.89724632412265,452.1390075683594,1864000
2022-10-19,446.9227982145768,453.6675746852412,446.1012102584628,450.38116455078125,1207600
2022-10-20,449.9703891079924,451.00215551596216,442.24160184675486,443.875244140625,1709500
2022-10-21,443.0058712340234,458.157755552597,441.63972609403,456.8298034667969,2508400
2022-10-24,460.10661514791235,475.76483319048975,459.5334278295149,474.78082275390625,2366200
2022-10-25,471.293790598426,477.8570476974718,468.59969361955996,476.7774963378906,2130900
2022-10-26,475.7649365042529,484.7643583723558,473.558077384194,477.15020751953125,2088700
2022-10-27,478.3560371580048,481.41869129795776,472.9294339109619,475.2264099121094,1576600
2022-10-28,475.95372952343774,490.8075629428953,474.6808317055728,488.9412536621094,2369300
2022-10-31,487.76409071292414,487.76409071292414,479.01640449135994,479.9734802246094,2192200
2022-11-01,482.07911732926465,485.6107295523845,478.3273671458949,478.4996337890625,1586300
2022-11-02,476.432298271164,481.6387927053057,462.52598874514473,462.7557067871094,2464400
2022-11-03,460.2386286215973,470.2400534948289,459.1188370520132,465.4164123535156,2010400
2022-11-04,469.3499423819243,471.48423182109804,456.03701518249716,465.5312194824219,1987300
2022-11-07,456.5729745846293,468.96711722285846,454.13244310662515,467.579345703125,2036000
2022-11-08,469.6657192451668,476.8724973378403,463.71270785066145,471.60858154296875,1709900
2022-11-09,470.7855034754069,476.22168612388043,465.9618340511688,468.9383544921875,1640500
2022-11-10,483.27543606133725,492.75045141586816,479.8777994526033,491.10430908203125,3098300
2022-11-11,491.1042864826196,494.6550585606085,484.95984728858656,493.34381103515625,2393500
2022-11-14,493.6310470313413,498.3494241262614,487.5536093307502,487.80242919921875,1820200
2022-11-15,497.6793608483686,507.0586909659196,497.6793608483686,503.8716125488281,2502200
2022-11-16,498.9331452025001,505.87194422737696,497.84206485340724,501.6129455566406,1833600
2022-11-17,496.7223262200972,499.3925465974482,490.941609580289,498.9427490234375,1902500
2022-11-18,504.254487529344,506.8098633840147,495.9470771642671,501.19183349609375,1584400
2022-11-21,503.1730502575582,504.64698445885125,499.6701783337893,500.90478515625,1268300
2022-11-22,507.2118532854529,509.92991553027326,504.0726169855035,509.1164245605469,1809100
2022-11-23,511.07831408263297,513.7581137842855,507.63286566840156,511.5472717285156,1288200
2022-11-25,511.2315591172937,512.858599582349,510.1883792578546,510.7530212402344,744200
2022-11-28,508.1019943709704,513.2319067290538,506.23568484526487,508.13067626953125,1684300
2022-11-29,508.24540541291174,510.81036101016423,505.3359166194445,506.2547302246094,1685700
2022-11-30,504.77128601155044,519.2901669221105,499.7275366272896,516.1030883789062,3601800
2022-12-01,496.85626047979065,496.85626047979065,474.39369409898165,482.23211669921875,6970400
2022-12-02,477.1213962670496,477.5520920411163,470.9865371545925,473.30267333984375,3632100
2022-12-05,471.3598294160698,471.5512562582777,463.92336099769597,467.6846618652344,2455300
2022-12-06,469.5987495848537,470.37397853737366,456.6878082024441,460.50653076171875,2995900
2022-12-07,458.5254164896347,465.6556424935036,458.3148586568221,461.28179931640625,2072600
2022-12-08,462.17188558202724,462.58342115515643,453.17537914486,460.75543212890625,2901000
2022-12-09,454.70671917183074,469.05327609106035,450.30416464303903,462.2867431640625,4211100
2022-12-12,462.00919656872566,466.8807087289116,460.03762282083534,466.7467041015625,2276400
2022-12-13,475.70499288496904,476.59506642353733,460.8798679756733,467.24444580078125,2626700
2022-12-14,467.87600896395116,470.5845495296996,460.39169924723245,462.7652282714844,2145000
2022-12-15,454.93637795671617,456.23801614882547,443.27920247359015,443.99700927734375,3437700
2022-12-16,441.46073141169865,444.83920734717515,437.26873531792126,441.642578125,4909200
2022-12-19,441.1353762396348,443.5184855576819,435.8140080936852,438.94366455078125,1939200
2022-12-20,436.96250172322294,440.4941135744227,433.1054876222075,438.1684265136719,1993700
2022-12-21,439.66148430353405,443.786478652035,436.6179902788757,442.2264404296875,1462400
2022-12-22,438.96274991558886,440.63763233698853,433.9285517558856,439.0201721191406,1906100
2022-12-23,437.88127353619757,443.2983256241883,435.2780264057079,442.79107666015625,1229500
2022-12-27,444.46592381509015,444.75306403324527,437.48883418304155,438.8191833496094,1230800
2022-12-28,437.90045814922286,440.69510305516616,433.3638991157994,433.5457458496094,1324100
2022-12-29,436.07241454983875,439.2977550498594,433.99554738811383,436.93377685546875,1465000
2022-12-30,435.1344943106264,437.0965171696665,431.4019046378162,436.90509033203125,1803200
2023-01-03,438.34073285411057,439.10638183979677,428.6742610697306,433.8233337402344,1978100
2023-01-04,437.55584561812526,439.78584827437504,433.16287181965436,436.96246337890625,2097300
2023-01-05,435.0291908406765,436.8380487006953,430.32036561043054,430.86590576171875,2169300
2023-01-06,443.20265015069486,463.62667349629197,442.37957897950355,462.1431884765625,5174500
2023-01-09,462.2005818050851,465.9714625711385,457.6162100231523,458.20001220703125,2384800
2023-01-10,456.659113947617,461.396621142498,455.0703647792053,460.7362365722656,1649900
2023-01-11,459.7121902378911,463.72234003758757,458.5445566340333,463.5213623046875,1576400
2023-01-12,464.1721574756488,464.18173757956754,458.2000141571504,461.7220458984375,1628200
2023-01-13,460.2481841422859,464.7464227668791,458.4392969051874,464.4210205078125,1405900
2023-01-17,464.3061738616202,469.42653508244325,463.57878692858554,465.8757629394531,1539900
2023-01-18,463.9998491311859,467.82815177731777,457.9798350420068,458.8890686035156,1925500
2023-01-19,455.79772438743913,457.06107132782853,447.9784322341262,449.33746337890625,1919500
2023-01-20,453.57740574712284,459.7026854274828,449.31840647463054,459.5016784667969,2588600
2023-01-23,459.3484747025192,473.98214051450327,457.0993410599808,471.46502685546875,2709400
2023-01-24,470.92911953862915,472.41260450227827,466.1054787017358,470.9865417480469,1510200
2023-01-25,468.3545828322404,470.823854664807,463.70320862912365,469.8093566894531,1329800
2023-01-26,472.0297345432608,477.26493965326387,470.66109413035514,476.9107971191406,1576400
2023-01-27,478.308199700599,487.2472839536223,476.4897323580367,481.6866760253906,2034100
2023-01-30,478.89199950360216,483.8975163073863,478.89199950360216,481.6770935058594,1855900
2023-01-31,481.629264479574,489.45813749961303,480.45205073294966,489.1997375488281,1924100
2023-02-01,486.4910834371689,498.10999494319464,483.0551856261003,495.6789855957031,2080200
2023-02-02,502.65870187675137,508.18106383850426,499.1593295239901,501.8341979980469,2287400
2023-02-03,497.71164063995644,500.0317794360301,491.3551777565975,493.5602722167969,1844100
2023-02-06,493.21517246052673,495.8804444439094,491.1347189767582,494.3177490234375,1740100
2023-02-07,490.86620785569204,496.6186586912756,486.45601895519366,495.21893310546875,1927300
2023-02-08,490.19508050693736,491.04834545517696,480.8665126901121,483.023681640625,2062900
2023-02-09,484.442654873399,488.1529809776421,477.8561033539626,479.97491455078125,1517300
2023-02-10,477.9424697671953,479.89828232373327,474.9416027138374,479.36138916015625,1536800
2023-02-13,481.03911450291815,485.880778280195,480.6652204051183,485.5548095703125,1452600
2023-02-14,484.17419430377186,486.8970174402123,478.0574170834085,482.4580383300781,1257300
2023-02-15,481.98831551043,490.3197847821716,480.6556502541411,490.185546875,1422600
2023-02-16,482.8319544244498,489.6582207670169,482.82238690200523,483.3017578125,1456000
2023-02-17,483.46468480623486,486.76275871961633,481.13494940917917,486.5422668457031,1340400
2023-02-21,480.1570974232608,483.19629268455674,476.0632510231941,481.03912353515625,1811800
2023-02-22,483.12917400511435,484.6056152904599,476.1111771047623,476.86859130859375,1332000
2023-02-23,478.2204290210692,478.2779511921059,467.7317907110131,472.7939758300781,1546300
2023-02-24,468.4220445810886,470.128603773985,464.7021510630669,468.4508056640625,1587600
2023-02-27,472.2282486937682,472.6596941951058,465.6416973931359,466.9360046386719,1501700
2023-02-28,465.5650089495907,468.7096807820546,463.82009190770833,464.2035827636719,1918200
2023-03-01,461.2506643987878,462.6695834714292,455.4214981409038,458.9209289550781,1759300
2023-03-02,457.66494059709294,467.31947689103197,455.93921717740193,465.6512756347656,2379200
2023-03-03,455.2393606310843,456.36110142217586,446.131313438835,455.6516418457031,5354200
2023-03-06,456.8595825941134,468.65212301385054,455.9008408978002,463.14892578125,3104700
2023-03-07,466.04439184701107,474.77851554500586,464.98977002206965,465.1335754394531,2659100
2023-03-08,463.07226382045235,466.7921864803248,461.28901821502603,465.9868469238281,1548500
2023-03-09,467.36744534637165,469.783464057042,458.87297810840175,459.73583984375,1629400
2023-03-10,459.21816190526135,460.6370810562204,449.05549288486264,451.7016296386719,2123000
2023-03-13,447.54062387431276,457.02259354362405,447.54062387431276,452.5260925292969,1799600
2023-03-14,455.81464110793047,465.1432100540085,453.48490538138896,462.0368957519531,2422900
2023-03-15,461.6437556118737,466.92640282963345,458.79629140575133,465.6225280761719,2226300
2023-03-16,464.9226703188736,468.00025267065735,462.8422169248294,467.15655517578125,1979600
2023-03-17,468.8918774322581,469.6876202835575,461.64379148230057,466.9552001953125,3959300
2023-03-20,467.86599808957186,470.5408959021708,465.6800679573613,469.102783203125,1623800
2023-03-21,472.65967756004613,472.65967756004613,465.9388886036302,470.598388671875,1664000
2023-03-22,469.26578430974854,476.1303795633297,467.2428530218622,467.40582275390625,1299700
2023-03-23,470.4450011375188,472.89937772634784,464.309059665446,467.6358947753906,1565900
2023-03-24,466.84975293355194,475.5071905603,466.48542635375753,474.8360595703125,1635200
2023-03-27,476.7631561571743,479.236697309153,472.1899679682752,472.87066650390625,1452100
2023-03-28,472.2857856808166,473.6759729989965,465.3828622521247,466.6867370605469,1407800
2023-03-29,469.0165322157654,471.0298667261443,465.8526665051362,470.61761474609375,1643000
2023-03-30,472.6597306880295,475.2866739867466,470.7422469935548,471.20245361328125,1545500
2023-03-31,474.57718317966544,477.79854153051286,473.56091922909025,476.3700256347656,2082000
2023-04-03,476.0153359994386,478.60395073847695,474.5772232018572,476.5234680175781,1804700
2023-04-04,476.01531709788156,481.8444545322177,475.05657527089693,477.194580078125,1913300
2023-04-05,478.4121968776343,483.3305473906189,474.7306315790124,476.6193542480469,1941500
2023-04-06,462.113518631214,467.72216366131704,457.7991808016695,465.9293212890625,4114700
2023-04-10,463.935145402295,473.52256328313797,461.787573159699,473.4554443359375,1653600
2023-04-11,473.45548678376076,479.3613402388687,472.6597439020382,478.0766296386719,1547400
2023-04-12,479.3708720431361,479.41879742695,468.38369984828074,469.1602783203125,2063700
2023-04-13,473.1294741645747,477.8752577041934,470.08068231000226,477.34796142578125,1600500
2023-04-14,475.718107752483,479.7256415527568,469.9368957270036,471.02984619140625,1675300
2023-04-17,472.4391418939534,477.34792402617165,470.88598500514126,473.5608825683594,1411800
2023-04-18,475.63182195960934,477.0986957714212,473.73350262612644,476.3988037109375,1339600
2023-04-19,476.619349690075,477.44385365277856,473.4554839694594,475.5647277832031,1098800
2023-04-20,475.2962833901084,489.5911282230554,475.06619470337444,484.720703125,2936500
2023-04-21,488.3543130848882,489.5719339140171,484.60562908136825,485.45892333984375,1508600
2023-04-24,485.21927978851437,490.57864348023685,484.94123644608703,490.3197937011719,1374100
2023-04-25,490.04179529051714,491.9592792597976,481.53775856811563,482.41021728515625,1789900
2023-04-26,479.7736136881912,482.1225136863496,473.0336595935017,474.2512512207031,1441900
2023-04-27,474.414231448323,481.53770585079036,474.414231448323,480.5885314941406,1361600
2023-04-28,480.8665234687863,484.00159854742,479.98449741844155,482.4580383300781,1170200
2023-05-01,478.55600536435946,479.4188672079343,468.6330210170485,473.22540283203125,2203200
2023-05-02,474.5772133400814,475.22915077273586,469.60134082317074,474.3950500488281,1940800
2023-05-03,476.11121389718716,478.2012641315741,469.45754304294513,469.8410339355469,1426400
2023-05-04,469.74490320450724,471.6375649382807,466.8530622036933,471.0899353027344,1487000
2023-05-05,473.8376900828234,479.79426942097047,473.6263257931778,479.4676208496094,1709200
2023-05-08,477.84396546994543,480.6109055091243,476.2395436835687,479.4676208496094,1015000
2023-05-09,477.4500739659984,482.04241703178616,476.9024736094935,481.1297302246094,1571800
2023-05-10,482.2442041287743,485.14563288255056,475.66311903796515,480.0440979003906,1257600
2023-05-11,479.90001492160536,483.25299350623607,478.0169403975017,482.18658447265625,1046700
2023-05-12,483.4162833918929,486.163989837651,481.52362158181745,484.28094482421875,1472800
2023-05-15,484.22328919877503,485.17441381589657,479.2754474636655,482.33062744140625,1135700
2023-05-16,480.37070477307475,480.64932799130344,474.89446701086126,476.6718444824219,1229300
2023-05-17,478.4492716471354,478.45888844447,472.58874257631186,475.5670471191406,2069500
2023-05-18,475.5670749217256,479.0257504214211,474.6831797808845,478.5453796386719,2298900
2023-05-19,479.7847577830462,479.7847577830462,474.52950010114085,477.02740478515625,1635000
2023-05-22,477.48851447821374,477.48851447821374,469.36064978528896,472.5599060058594,1943800
2023-05-23,468.04450111763947,468.04450111763947,464.0093746444467,465.83477783203125,1800200
2023-05-24,468.1212759212293,468.1212759212293,462.0301785892041,463.80755615234375,1600600
2023-05-25,461.3576935681537,469.36068713417393,458.0335359998294,467.44879150390625,3421900
2023-05-26,466.5840657486282,490.69868130567056,465.1141325456908,487.345703125,5302600
2023-05-30,489.77642470102757,494.58010295220504,481.89833255730787,488.08551025390625,2544800
2023-05-31,488.88294524047,493.69626992782986,485.1264714721721,491.4769592285156,3320800
2023-06-01,489.33442971541496,493.57130302728115,482.3882877979934,492.4760437011719,2407700
2023-06-02,490.2856201989078,498.14447880665966,489.4017250987075,492.4665222167969,2284800
2023-06-05,492.4664350749464,498.54788560873135,491.91880546801343,497.9042053222656,2023500
2023-06-06,497.9043898086448,498.2694763485407,492.62992721780654,495.9925231933594,1410300
2023-06-07,494.3111125004686,498.9034263220081,490.5257886912131,491.1598815917969,1784700
2023-06-08,492.379974457688,499.864128959404,492.379974457688,499.6720275878906,1530400
2023-06-09,497.84669168114016,501.5647569792676,495.2622944334921,496.9724426269531,1287300
2023-06-12,496.9724369226114,500.80578647753254,495.74265954291053,500.51751708984375,1404500
2023-06-13,501.52618408203125,502.41966643990634,497.5774928372354,501.52618408203125,1204700
2023-06-14,504.3892562729772,507.1273459228575,502.602291266971,506.5028991699219,1841400
2023-06-15,508.23234697237683,510.40363254395356,505.9841856477393,508.4052734375,1871600
2023-06-16,509.2890824018352,509.59652674067536,502.11237102629127,503.09234619140625,3147800
2023-06-20,501.45906227998995,502.3717784776159,497.798639330783,499.2973937988281,1684400
2023-06-21,497.57760044019557,501.161206080742,496.2613892869596,499.2204895019531,1273600
2023-06-22,500.24845472131454,504.081803623234,499.2780965002265,503.62066650390625,1114000
2023-06-23,502.5927187892944,504.77362081606935,498.9515295186826,503.8512878417969,1434300
2023-06-26,503.81284335757397,504.2643636955082,500.7961011101239,502.87127685546875,1278500
2023-06-27,502.1316430560474,511.508432232834,501.6031882413038,509.5101318359375,1673600
2023-06-28,508.2130170942456,512.5459706175183,507.8575474323325,511.883056640625,1245200
2023-06-29,509.75030230691044,511.5468844351389,508.18428878394974,510.81671142578125,1121800
2023-06-30,513.1993968055617,518.3778088370301,512.6806173780631,517.244140625,2221900
2023-07-03,516.1583713684369,519.8380277358766,513.3626394019275,519.799560546875,951400
2023-07-05,519.972420214265,524.6128174867816,516.3984904364759,519.885986328125,1630400
2023-07-06,517.7242883489358,519.0885246074107,515.5145950358857,516.2735595703125,1750100
2023-07-07,512.9302976238376,515.3994103353294,504.03382188021595,504.43731689453125,2740600
2023-07-10,504.4469159332764,510.2978573104077,504.4469159332764,506.32037353515625,1955600
2023-07-11,506.7911365867285,509.9231632301502,505.49415902926575,508.8471374511719,1262300
2023-07-12,511.1144574814126,518.9060566602586,510.2593835073776,516.87890625,1960500
2023-07-13,516.6867128964756,517.9548985804299,511.87338910299025,517.3112182617188,1647200
2023-07-14,517.5609907283313,525.3909975014379,516.9748939426353,525.2373046875,1828700
2023-07-17,524.7377923466759,532.4525748400408,524.6609166067409,531.2516479492188,1909900
2023-07-18,530.9730091590832,533.2115533605828,527.8218074080842,531.85693359375,1778800
2023-07-19,532.7119760434905,534.0666545181131,530.3485892699994,532.3565063476562,1261100
2023-07-20,532.0682453254855,539.0432379656884,531.9721946315298,535.0946044921875,1732800
2023-07-21,537.2176751532061,539.9846146793984,535.5652283289764,535.9591064453125,5264300
2023-07-24,536.0937644523272,544.327326258464,534.0569971351342,541.7909545898438,2086400
2023-07-25,544.5194527603043,545.2688006022962,542.1463908761526,543.00146484375,1602500
2023-07-26,543.3089295816044,545.7300169017309,541.3009540656411,543.9429931640625,1306400
2023-07-27,545.432098947366,548.7370518269986,538.5916246261036,539.7733764648438,1485300
2023-07-28,542.4154998325887,545.5186763839608,540.5324252181855,541.2049560546875,1371400
2023-07-31,540.8975410126064,542.1368766128738,537.1025998229919,538.6589965820312,1365900
2023-08-01,538.6205452226334,540.7822137316249,532.7696033237982,533.6630859375,1445300
2023-08-02,530.5791544745334,534.7775904889738,529.3878442973026,530.6655883789062,1635000
2023-08-03,531.7992398302226,538.3514448782729,530.540612244698,535.7958984375,1463400
2023-08-04,539.0431369725542,539.2544719152648,529.7623430261548,530.3676147460938,1142000
2023-08-07,533.2018905074628,537.5924859916757,533.2018905074628,536.4876098632812,1015400
2023-08-08,536.0937965004549,536.9584873697701,530.1756542255578,534.28759765625,1020400
2023-08-09,536.0746056904703,540.023298427222,534.9505543818558,537.7271118164062,1471800
2023-08-10,541.0896053253327,546.8636709176609,538.6877516605709,539.4467163085938,1107200
2023-08-11,538.3514291270687,542.8189001681243,537.0833020599716,540.8590087890625,1043100
2023-08-14,542.5980454211527,545.4226280354433,538.4380179261746,539.4275512695312,1247600
2023-08-15,539.0239412019879,542.9725742127405,536.28585171605,536.5836791992188,1124300
2023-08-16,539.648527565227,542.7709375286802,536.785477939596,537.1025390625,1340100
2023-08-17,537.5059754945712,538.4186915737386,523.6809509905613,525.6312255859375,1941900
2023-08-18,525.4487583160571,527.8986375697041,521.7883353128641,523.5465087890625,1878100
2023-08-21,522.5087239750337,523.7481177208139,515.2455224452472,521.88427734375,2076100
2023-08-22,520.6834626417015,520.6834626417015,516.398534621129,517.234375,1286000
2023-08-23,517.801274232275,519.9244754768732,515.1880267879113,519.6266479492188,1295800
2023-08-24,519.0972245152158,520.743217758244,510.94439679199326,511.80108642578125,1587500
2023-08-25,512.9561059092606,515.7282741255354,510.69412098443087,514.0149536132812,1511500
2023-08-28,515.9304541398533,516.9314920800452,513.1582858056845,516.1133422851562,945800
2023-08-29,514.3326739594314,522.7357768011361,514.3326739594314,522.447021484375,1468500
2023-08-30,522.4084281791905,524.0351515053491,519.1165004051779,521.9560546875,1292800
2023-08-31,519.7806410291171,531.5238450393647,519.7806410291171,528.7131958007812,2086500
2023-09-01,532.361278740026,532.755901165002,520.3967051634862,523.8715209960938,1437700
2023-09-05,525.2959916533443,528.6264586211068,523.6307875443592,524.3334350585938,1714300
2023-09-06,521.4362766751003,528.1356936050101,519.9539602530247,526.22021484375,1476600
2023-09-07,528.106785761855,530.359135662828,523.9099936710834,528.077880859375,1340000
2023-09-08,528.5110202154049,531.6970805779588,527.5773096560926,530.5516357421875,1075300
2023-09-11,532.1109886274486,538.4446284210943,531.1965479752823,537.8574829101562,1388600
2023-09-12,538.3387675872376,539.4168264477488,535.3548064109857,537.8670654296875,1055500
2023-09-13,537.3954272308039,539.4553127966687,533.8532254048189,538.80078125,1162700
2023-09-14,543.6617111030519,545.480957579249,539.2724543865512,543.6232299804688,1257300
2023-09-15,544.1623030600163,544.3355562502347,534.7388335072739,535.5281372070312,2945300
2023-09-18,537.2799158794685,543.0648913061772,536.5964794418553,541.64990234375,1003100
2023-09-19,540.6103201658299,544.1621564831016,538.4830488620588,543.2188110351562,1144700
2023-09-20,543.2191177103432,547.9067664482839,541.5923937361003,542.7186279296875,1311500
2023-09-21,542.9493343195978,543.4306126425628,533.5259259058714,534.2959594726562,1687700
2023-09-22,534.3730001022916,541.8905662599129,534.0072825729956,537.6746215820312,1527300
2023-09-25,538.540788691906,540.2541676587614,533.9686447913243,537.703369140625,1313300
2023-09-26,538.2136611028131,540.3505090103528,531.3313564460268,532.2554321289062,2425100
2023-09-27,526.8842523688572,545.2883304183875,524.3334538016691,542.4295654296875,4591400
2023-09-28,542.9494879200186,550.7558104269671,542.9494879200186,547.3387451171875,2192400
2023-09-29,548.657356256087,549.6102780538266,539.7055900881851,543.8060913085938,1887500
2023-10-02,546.6456182701779,550.3322273439196,542.8820469506298,549.9183349609375,1831700
2023-10-03,549.716148321871,554.6155881353159,541.9290969457348,543.883056640625,2007400
2023-10-04,548.1664498072938,551.1696222530481,542.6510182722687,550.3899536132812,1798800
2023-10-05,550.7460525140363,553.22946525866,543.2284870107526,548.1953125,1579700
2023-10-06,544.8938423363369,545.7216271414655,522.31223710124,536.6543579101562,4246700
2023-10-09,534.2190219568026,538.7911667393158,529.1945036799259,538.0403442382812,1781500
2023-10-10,538.9548493392788,545.7216526258047,536.3752038669045,541.0436401367188,2176800
2023-10-11,543.7001374739315,545.2883795550797,539.2242839948949,544.3450927734375,1449800
2023-10-12,546.780427072414,547.8296399275524,541.3227459814351,542.6703491210938,1458000
2023-10-13,542.7376891860605,546.1932943363989,540.93771246772,545.6157836914062,1243900
2023-10-16,548.3590293125909,552.603879287957,547.2328542170545,550.8135375976562,1428300
2023-10-17,550.5248008560903,554.4905306209884,549.3408746580188,552.8349609375,1404600
2023-10-18,552.4305248175067,555.6839711635109,550.5824324034387,553.1235961914062,1311900
2023-10-19,552.2188289285033,554.2882907274867,542.9878836838851,544.4509887695312,2019600
2023-10-20,545.3269473864912,545.4520844794397,531.3410266305101,532.2265625,2295400
2023-10-23,533.3911777221172,536.0670547675405,526.1623675880346,531.6104125976562,1776500
2023-10-24,531.4276446450986,535.1720051118059,528.7614019636322,531.1774291992188,1678600
2023-10-25,528.0104614242681,533.0927889557908,525.180542400988,529.3965454101562,1757500
2023-10-26,529.069480262491,533.8918414982544,525.1037501096395,527.09619140625,1925300
2023-10-27,527.0959755577431,527.5099265994069,520.0019380498103,522.6971435546875,1503100
2023-10-30,525.3057324761452,535.5280808723685,523.2843867197546,534.103515625,1696200
2023-10-31,531.4853997118634,533.2854351906248,528.5014967787948,531.7549438476562,1394700
2023-11-01,534.2191303564298,537.5303287576406,529.0694739511187,535.9517211914062,1735300
2023-11-02,536.6459462892353,539.5485690008502,532.3161438487042,536.1348266601562,2100600
2023-11-03,537.4462750676563,542.9043185791022,535.4211609971709,540.888916015625,1826800
2023-11-06,540.4935095419509,552.219712800605,540.1463673102611,549.4906616210938,2056900
2023-11-07,552.0750758465454,553.4154993268317,549.2399630590721,550.8889770507812,1373100
2023-11-08,551.708762443206,552.5477191892236,544.1580928714109,547.1378784179688,1343600
2023-11-09,548.6999925015842,548.6999925015842,541.9593816242772,543.1744384765625,1288400
2023-11-10,547.6393006795951,557.272882349879,544.784882131587,556.5303344726562,1908800
2023-11-13,554.4860229139134,559.259436100091,553.0298849843438,557.6007690429688,1650700
2023-11-14,560.9854617214046,570.4454715235095,560.474400946851,569.7222290039062,2037600
2023-11-15,572.7983311554182,578.4878616083097,572.2197607754301,575.4888305664062,2165100
2023-11-16,565.4598192274818,565.6623482798082,551.8242756202653,557.9381103515625,2954700
2023-11-17,558.2467698400662,559.2303395616111,553.5794192716509,556.5592041015625,1773600
2023-11-20,556.7423370890094,561.5446474015829,556.7423370890094,560.078857421875,1624100
2023-11-21,561.236169708031,564.080935260722,557.0992438726391,563.4541015625,1173700
2023-11-22,565.9130567988731,570.0500410719352,565.4308951899935,568.0635375976562,1068600
2023-11-24,569.9343700726987,573.0009110740418,569.3460881336107,570.26220703125,645800
2023-11-27,571.3809309452568,578.5361942326592,571.2748106373889,573.676025390625,1627400
2023-11-28,572.0270058610523,576.1060750504033,570.3201345911231,572.80810546875,1286800
2023-11-29,573.96536752408,573.9750201764455,566.4629023306221,566.88720703125,1319800
2023-11-30,566.8583368487101,571.9113829045519,562.0367190309007,571.5931396484375,1755200
2023-12-01,572.1137711761883,575.0741919926877,569.5197390746021,574.977783203125,1475300
2023-12-04,571.023973743584,578.140683260907,570.358588419359,577.7067260742188,1624000
2023-12-05,577.1765397286124,587.1572638402911,575.7300545612601,583.753173828125,2349700
2023-12-06,583.8977133344179,586.7713777134176,582.3162091179726,585.7588500976562,2233900
2023-12-07,588.2372014240037,590.5033375913588,584.7173979052211,589.1533203125,1690400
2023-12-08,586.8871642311321,591.7184336068614,586.048207629582,588.9894409179688,1502100
2023-12-11,599.7801369980021,602.7310228108757,596.6846968617597,601.6027221679688,2139300
2023-12-12,605.0550611419714,607.2247887370758,600.9759920976162,607.0415649414062,2374400
2023-12-13,611.3037114939725,619.6740293282307,608.4879043911848,619.095458984375,2436900
2023-12-14,618.3049299860547,618.9992735067685,607.813085676875,608.2760009765625,3839200
2023-12-15,618.6134039156736,638.266317699578,617.6490806048151,635.3154907226562,8807700
2023-12-18,640.7928449798036,657.5816880532516,637.5141221546902,656.9356079101562,5733400
2023-12-19,650.9181885380632,656.5112515717552,645.2479631648554,653.5604248046875,3437300
2023-12-20,647.8227522081263,650.2914175920966,637.2248481707971,637.417724609375,3782700
2023-12-21,642.1042372359607,643.531475607165,635.9229513692344,641.42919921875,2388400
2023-12-22,644.1679252063027,649.2499275225332,642.239278723649,647.6394653320312,1641700
2023-12-26,648.9992114781309,651.7475092466135,646.8487894267049,650.5517578125,1774800
2023-12-27,653.589506733467,659.3886759203648,651.3211381512889,657.6331176757812,1875900
2023-12-28,656.6961418762693,657.6922664398538,652.4947571823255,653.9839477539062,1496900
2023-12-29,651.9128285061764,654.0727236438657,648.1255928497645,651.0054931640625,1947500
2024-01-02,646.5672947029781,648.756745897984,640.570863910321,641.705078125,2657700
2024-01-03,642.2575342207638,646.4392353327963,634.2589804224491,635.8271484375,2612600
2024-01-04,633.2530054981344,640.9655070700155,631.7045818900897,639.436767578125,2171100
2024-01-05,647.1589790314911,650.5813055608257,643.273142849616,646.9913330078125,2233500
2024-01-08,646.7941540946766,652.9779756191565,645.0386562058984,652.5933227539062,2245300
2024-01-09,649.821930322202,658.1162858076278,649.2104587023996,658.0078125,1886200
2024-01-10,660.355149737315,664.5664667174532,659.8127229604706,663.5111694335938,1801900
2024-01-11,661.7752156930972,665.2369704915045,658.4614228007634,664.3197631835938,1670800
2024-01-12,668.1860275639071,674.320488841671,666.8151222263498,673.8471069335938,2388400
2024-01-16,673.8470353352285,677.0819718862253,668.8368566214954,672.12109375,1626700
2024-01-17,671.1447230090112,675.4546409553382,669.8527348405984,674.7839965820312,1786800
2024-01-18,673.4428140999139,678.2655430950174,670.8588373553551,677.8612060546875,1900600
2024-01-19,679.0347476302406,686.5598579280156,673.2848795354229,685.415771484375,2267900
2024-01-22,685.869341443379,689.0549166994198,681.026869760231,682.989501953125,2452900
2024-01-23,681.2241824880098,682.1217058207471,675.2179394904326,678.1372680664062,2208600
2024-01-24,679.5279636514939,680.4845996699208,673.728794211322,677.0722045898438,1946500
2024-01-25,677.0622197692855,677.0622197692855,666.6671419549915,670.552978515625,2751900
2024-01-26,670.730568280804,677.7921091810307,670.1585250175007,677.4370727539062,1825500
2024-01-29,680.4155114819717,684.5873396053984,676.8255385276702,684.468994140625,2215400
2024-01-30,683.4137495644305,692.9902821665402,681.3031549532685,691.1065063476562,1610500
2024-01-31,691.6784938032245,695.8207656434338,683.512295587149,685.3270263671875,1928500
2024-02-01,685.4653067872677,696.6263292645006,682.9960513593596,695.81640625,2039200
2024-02-02,694.6904981015488,705.4959626778091,693.6237628363086,700.7549438476562,2377400
2024-02-05,701.9006814728237,704.0933513440017,697.0016570287106,702.4142456054688,2276900
2024-02-06,702.4833584333558,703.955024944358,695.6781366533095,702.0487670898438,1920200
2024-02-07,705.367515754538,714.424727606005,703.2439320145484,710.9282836914062,2145500
2024-02-08,714.9877559322763,719.2150899761003,711.7974368510445,715.25439453125,1918500
2024-02-09,716.2223763347039,716.607594654844,711.2640920788534,714.5037841796875,1426100
2024-02-12,714.622274101713,714.8987993539034,706.5033311347934,713.52587890625,1572600
2024-02-13,712.5185168924389,712.9037352254185,700.3203583399984,705.46630859375,1951100
2024-02-14,707.1947142191767,713.6641510144108,702.325350027205,713.2987060546875,1472500
2024-02-15,712.6172786391172,717.1014853854687,709.4467930346308,715.6001586914062,1264100
2024-02-16,713.1111433363149,720.0942055318628,709.6640721027375,715.0865478515625,1764900
2024-02-20,719.0768134833851,725.9215820371996,714.8099330307693,716.7655639648438,2407300
2024-02-21,716.7656883144247,719.8275413469001,711.4123586996017,714.1285400390625,1564200
2024-02-22,716.9235677892136,726.9981415839642,716.9235677892136,725.3684692382812,1801600
2024-02-23,731.01817284361,733.378795651934,728.055066140644,728.8551025390625,1265800
2024-02-26,732.8749987512093,737.5962439870287,729.9118922872556,736.1837768554688,1707000
2024-02-27,736.8258108604399,737.4579547107046,732.2132586560427,735.5516967773438,1471300
2024-02-28,734.0701335569737,742.6334942822537,734.0701335569737,738.76171875,1365000
2024-02-29,742.179310987793,743.3053061776154,733.8529870969742,734.741943359375,3361200
2024-03-01,731.3342515858759,742.1397165411092,730.1588835047328,740.2235717773438,1678100
2024-03-04,745.7942557937506,755.3354333103795,744.4015618171086,749.8438110351562,2133400
2024-03-05,758.9701796078231,759.8097627281649,747.5918901784639,750.6043701171875,2353400
2024-03-06,755.4342330729023,765.6272674807428,754.2686913402449,763.7308959960938,2400600
2024-03-07,769.5286647129136,777.4006827804418,767.4545141578453,775.9290161132812,4187900
2024-03-08,746.752301114613,746.9201936235196,716.1829033125,716.6372680664062,8590200
2024-03-11,710.9579151699612,711.1455809985514,702.2661479035571,705.2984008789062,3762500
2024-03-12,708.2613831070084,730.9488696251057,708.0934303583253,727.81787109375,3727400
2024-03-13,725.9611702688796,727.4427236775917,717.6447340143205,725.1710205078125,2270300
2024-03-14,729.2501530048743,731.57122896811,720.0249883010649,722.9486083984375,1826100
2024-03-15,723.5116425622565,723.5116425622565,714.3259637765058,716.7063598632812,3390700
2024-03-18,717.1705983798759,724.3216134960528,717.0916256026932,722.543701171875,1595200
2024-03-19,722.7905619007702,726.3067792759762,721.0423700228475,723.1658935546875,1322700
2024-03-20,722.0102816786746,732.9639251995242,720.1632834552843,731.6107177734375,1398700
2024-03-21,734.3566041237691,743.0582583126967,731.9860946704738,733.4281616210938,2106900
2024-03-22,735.27518845588,735.6307468022869,725.3487927690358,725.7636108398438,1794100
2024-03-25,722.0103115810565,725.1314240224666,717.8026905438236,721.9708251953125,1604700
2024-03-26,722.010373922796,725.6648844523685,721.2399372000772,721.9906005859375,1353500
2024-03-27,724.9733976666943,726.8401692488708,718.8002590625841,723.0770263671875,1246700
2024-03-28,724.8252680948063,725.8624036792978,719.3633060300727,723.6203002929688,1713300
2024-04-01,722.7610082918634,724.2524483352777,711.3431726903021,712.370361328125,1600700
2024-04-02,711.1455723253744,711.1455723253744,699.6882511072884,702.5525512695312,2326700
2024-04-03,701.24869477763,702.0685043735454,688.6950400785046,697.011474609375,3205500
2024-04-04,700.053662595781,708.3108379888358,695.5595696469495,696.2114868164062,2252400
2024-04-05,697.3571433729863,708.073746935179,697.3374303252056,704.9426879882812,1552900
2024-04-08,704.7354413294307,707.3331030670653,702.1278929237765,703.0563354492188,1459000
2024-04-09,707.4319150856786,710.2073562525584,698.2857817623151,709.7530517578125,1386400
2024-04-10,702.2562997566213,715.0766556706826,700.2315222010144,713.6939086914062,1832000
2024-04-11,722.5042271649667,724.7660437129787,715.2446394268953,723.34375,2107800
2024-04-12,719.0472362919609,723.8870014192889,717.6051693079444,722.3165283203125,1481800
2024-04-15,726.3858341940966,731.8873427767817,709.1208187324725,709.44677734375,1808000
2024-04-16,709.4664630541926,713.6148242625262,703.3723574899934,707.1651000976562,1412300
2024-04-17,714.1087892621683,714.8989390744248,702.256361224622,706.3948364257812,1376700
2024-04-18,706.3947228193074,710.108492652666,700.8438414038799,702.503173828125,1846400
2024-04-19,704.2612766771555,706.07861483181,693.3668932778144,700.7845458984375,2190400
2024-04-22,706.0688414812845,709.4270533664616,697.4857062072409,706.6614990234375,1437100
2024-04-23,710.1875864881195,715.3631366962396,707.4911183189562,713.7926635742188,1176200
2024-04-24,710.8591441339578,716.5087715593894,707.283667133207,714.9877319335938,1206600
2024-04-25,719.498960681189,719.498960681189,706.7569314951305,714.1271362304688,1613600
2024-04-26,707.3406226811425,723.1197717249092,707.3406226811425,721.3687133789062,1524400
2024-04-29,721.714926357368,724.4057593277284,712.5046019258335,718.5491943359375,1526900
2024-04-30,717.7379706604842,717.7379706604842,709.4180291240963,715.1559448242188,1734800
2024-05-01,714.5327890532772,722.0414482800945,707.6572280138375,714.4832763671875,1609100
2024-05-02,716.9861265933669,726.5327752669372,712.9102668615202,724.59375,1826900
2024-05-03,726.414088902998,739.4825387531824,725.4939983488418,735.9310302734375,2323300
2024-05-06,741.559999230451,748.8312377669565,738.4832694001241,748.3464965820312,1773300
2024-05-07,750.5624994313898,763.9673323307675,747.4759274114155,763.0473022460938,1897800
2024-05-08,761.7513646983633,765.1050637695253,754.5394806581683,755.23193359375,1511900
2024-05-09,755.6177870713408,771.3573851483487,755.4298200294345,770.6945190429688,1716200
2024-05-10,770.6944851545067,779.0144265504007,769.8239073546229,778.7572021484375,1652700
2024-05-13,779.558510992627,781.0226370973439,765.2930028632101,766.84619140625,1596800
2024-05-14,766.6284963776702,772.4455112623812,763.1659903930239,769.5667114257812,1327700
2024-05-15,770.1801370976043,781.2007541477655,770.1801370976043,778.6088256835938,1661700
2024-05-16,783.3277068804892,795.9411220855519,779.3903620835964,784.57421875,2000000
2024-05-17,785.1084065861027,789.0556538902259,782.1405442063029,787.2848510742188,1309100
2024-05-20,786.7309630154662,794.3781368328448,783.9016149741648,784.5050659179688,1347100
2024-05-21,787.0474700691651,792.8545829112384,783.5157064194707,792.3500366210938,1375700
2024-05-22,791.469448231309,797.7118491402676,789.461226262213,793.2699584960938,1192800
2024-05-23,795.683955300732,799.3937835708598,786.9089796629621,787.8092651367188,1519200
2024-05-24,792.0532332581615,808.1192521367575,790.529752289093,801.0557250976562,1623000
2024-05-28,801.0655528044965,806.5560856830145,796.0993108386944,804.4588012695312,1986300
2024-05-29,798.3747706740687,804.7259791442187,797.6525497821976,797.880126953125,2282800
2024-05-30,801.5207605477835,810.7211224048513,799.6410901078013,806.605712890625,2277800
2024-05-31,800.3632775531454,803.0442079752999,779.7564024733606,801.2140502929688,4360700
2024-06-03,802.3122254451002,819.0410518147744,798.483687350239,806.6552124023438,2008700
2024-06-04,806.2494593367362,819.139903675878,804.3302392859614,818.5265502929688,1754500
2024-06-05,822.0087889258614,825.4515502291249,812.8776853019472,825.3624877929688,2080000
2024-06-06,826.470533180318,839.9941365644805,825.3823411001761,833.6132202148438,1735000
2024-06-07,837.6099205966539,841.2702963676034,833.266934045767,836.521728515625,1593600
2024-06-10,838.1045899343823,840.3799391432226,833.7121509513638,839.252197265625,1401600
2024-06-11,840.1425956492646,841.8243966533088,831.258812282194,840.2118530273438,1690500
2024-06-12,843.1796380481454,846.572886973017,834.5728246061445,838.7278442382812,1838300
2024-06-13,838.7279240344852,838.7279240344852,828.5778235213081,836.8977661132812,1322400
2024-06-14,834.3848896060176,847.0082084215464,832.8910557425518,846.503662109375,1395500
2024-06-17,845.3363265374977,861.2341850427327,844.228329288936,858.612548828125,1904900
2024-06-18,858.7015175831718,864.5976925978596,858.4047434206389,861.4220581054688,1763800
2024-06-20,861.9760861027086,864.488854606377,851.3412455160424,853.2011108398438,1944600
2024-06-21,857.3561922032487,857.6826136260538,838.5696309527563,839.2225341796875,3833100
2024-06-24,840.894412328273,841.5176683114454,832.4953707414405,839.0740966796875,1722900
2024-06-25,840.2217056256025,846.5234624617003,835.9479761820847,846.3453979492188,1564200
2024-06-26,843.5852127388736,850.5300303497681,840.9537345419236,847.6611328125,1505300
2024-06-27,848.5217650558171,849.135118447622,839.5489205901375,841.5076904296875,1254900
2024-06-28,842.1310334680527,848.056856277495,837.7385942967373,840.884521484375,2131700
2024-07-01,844.356917169892,846.8301360251055,831.4961791227818,836.6107788085938,1989000
2024-07-02,836.6305701971899,851.1434012954354,834.0485442460963,850.1541137695312,1377900
2024-07-03,845.8407857294924,854.2695342847476,845.8407857294924,853.418701171875,814400
2024-07-05,855.2984061581584,877.4386654347092,849.5209405392212,876.1822509765625,2620700
2024-07-08,877.2902652209407,878.4378725669633,868.2580652597633,871.404052734375,1611300
2024-07-09,874.3818076558143,887.0644817384605,873.5112297507017,877.3496704101562,1356800
2024-07-10,877.8937168136541,880.7329669954743,871.2654787504298,874.8367919921875,1755800
2024-07-11,881.2177472285199,881.2177472285199,837.451677687516,837.5209350585938,6021100
2024-07-12,840.7855935738589,840.8944007106696,829.3988844396952,833.8704833984375,3288400
2024-07-15,837.7880376057977,848.7098107693078,835.6214954624988,839.6380004882812,2064000
2024-07-16,838.7179127184282,842.1210640618405,832.3271542473799,841.6561279296875,1687600
2024-07-17,838.9257425682399,840.8449628250748,833.6231758067258,837.2142944335938,1783100
2024-07-18,840.3305263546634,846.1376395117901,816.2710456064831,830.3782958984375,2338500
2024-07-19,827.5489093481777,839.7863910858308,826.6090741320799,829.1515502929688,1984400
2024-07-22,836.6898867944832,840.4887772881159,829.6164571550155,838.3419799804688,1920200
2024-07-23,839.8061762823572,845.4253219923036,836.5217345624903,842.9817504882812,1744100
2024-07-24,835.5521493571063,836.9371759284257,820.6139331354955,821.9197998046875,2511300
2024-07-25,826.836598147866,827.6874313085151,805.557074221756,807.2091674804688,2183700
2024-07-26,810.3892835221944,814.6294911937697,801.4829366457805,809.9929809570312,1441500
2024-07-29,814.9067949396652,816.075808813823,806.5156299189947,807.971923828125,1320400
2024-07-30,810.3892252981796,814.3520087959702,795.8062110506033,802.493408203125,2017200
2024-07-31,812.7867342880825,817.7996532525459,803.7219028499005,814.35205078125,2135000
2024-08-01,810.9341404526651,816.5018467353233,802.1466724013003,809.2896118164062,1861400
2024-08-02,808.6059778848726,822.5648487744852,797.5200887261594,814.4312744140625,2598500
2024-08-05,790.5753685550395,803.2760978974237,785.6218888021884,794.3697509765625,2820900
2024-08-06,797.5696905674811,825.3389274699505,797.5696905674811,809.2797241210938,2476300
2024-08-07,816.4423720235111,826.0719674775216,801.7305623046883,802.7608642578125,1702000
2024-08-08,813.8567620995838,834.9189686851676,812.8165433954698,831.6199340820312,2345000
2024-08-09,830.6985204294971,849.789249962302,829.836619825289,846.9756469726562,1710600
2024-08-12,849.2740728832854,862.1531197744871,844.4692218838644,855.5352783203125,1748200
2024-08-13,856.8726049646239,859.9734876942186,848.1940999749128,856.7735595703125,1484100
2024-08-14,856.8231651299341,858.6658450067,850.5124370332433,854.6832885742188,1341500
2024-08-15,864.7487134973469,872.1393265778783,860.9147252544819,869.18701171875,1923800
2024-08-16,869.1871053906087,869.1871053906087,860.538348720066,862.4900512695312,1516300
2024-08-19,862.4900074761003,865.5017013740895,860.6175776319993,864.2335815429688,1318400
2024-08-20,863.8869162485796,868.6026389065371,863.0646216336958,868.0478515625,1104600
2024-08-21,872.5455112793674,882.8289397236075,869.0582423059323,873.2191772460938,1465500
2024-08-22,874.0910307629521,875.7752259832995,865.0558884725432,869.3951416015625,1440900
2024-08-23,874.2792363441631,876.3299841630298,863.5598991898189,871.02978515625,1305800
2024-08-26,874.9529882772979,884.9392211037166,873.2391035098304,884.2061157226562,1737000
2024-08-27,884.384339909587,910.3801910776244,878.8166336975582,900.4435424804688,2098900
2024-08-28,902.4843523536829,903.732578386208,873.4569143182349,879.7874755859375,1668400
2024-08-29,882.7101350176429,892.0821409354355,876.9343604132308,878.3807983398438,1709900
2024-08-30,882.2148181619087,887.9905929702156,874.8836433243503,884.0773315429688,1933500
2024-09-03,888.3371788827071,888.5452467867718,866.3041120756425,870.3956909179688,1784200
2024-09-04,869.2861418815907,883.4629979930359,868.4341579076499,881.7391967773438,1425200
2024-09-05,880.3621849742478,880.3621849742478,860.6176210925845,877.73681640625,1998800
2024-09-06,882.9676172153926,884.8895696359111,862.8961090679343,868.5232543945312,2074600
2024-09-09,876.5083096099999,890.4672419039665,873.4966157435423,888.1489868164062,1954000
2024-09-10,884.2952038040969,892.3099608538506,879.2625117835231,885.969482421875,1360800
2024-09-11,886.6728618071638,893.6077333520244,869.7022356035727,892.0226440429688,1796100
2024-09-12,892.0424868612198,907.1803509601963,888.1688920570091,906.5166015625,1867300
2024-09-13,905.1295334947209,915.2346441426301,900.8992424954347,907.4774780273438,1327500
2024-09-16,913.4216338224061,914.04577708637,896.9265226472695,899.423095703125,1661000
2024-09-17,899.977892858967,900.1462942355595,887.1186790881759,888.9217529296875,1387000
2024-09-18,891.5668891826546,896.5599748541412,882.6605425314332,884.2159423828125,1338200
2024-09-19,895.8466437600744,896.708544316776,887.168138393156,892.359375,1747500
2024-09-20,893.1817434209087,899.3636763947108,887.3663631065142,898.5413818359375,4658200
2024-09-23,898.5412989573778,910.9448302974708,892.3990330866695,908.54736328125,1697600
2024-09-24,903.5245952596923,904.2775338333118,889.1793376941994,893.1519775390625,2432600
2024-09-25,894.5984623429634,901.8899701816949,892.7458657134786,899.968017578125,1728100
2024-09-26,896.8770504515314,900.7803949959571,889.7737772703111,893.052978515625,2738600
2024-09-27,884.9489968283118,885.17683752742,865.8681848198739,877.3800659179688,3459100
2024-09-30,883.0765793337399,901.5332483656855,873.2092266273636,878.271728515625,2142900
2024-10-01,877.0135073969423,878.7373085133338,864.6298091846161,869.2167358398438,1836700
2024-10-02,866.5122350214673,873.030970822235,859.0918715791468,870.3561401367188,1317100
2024-10-03,866.3041684098963,872.9814494340707,864.5506172299323,867.522705078125,1451900
2024-10-04,869.8210744994428,876.0624465109286,867.5226527793275,874.8934326171875,1516400
2024-10-07,873.3975208946252,879.4507190734982,864.2138106025471,865.4620971679688,1963200
2024-10-08,868.5431782183892,883.0172319816891,868.5431782183892,882.135498046875,1697900
2024-10-09,883.9385434180342,901.5333131382223,879.6092069604563,900.6416625976562,1956500
2024-10-10,901.5333004035043,901.5333004035043,883.5422888384182,885.3156127929688,1765800
2024-10-11,886.1776233314761,886.1776233314761,877.2613588150051,880.758544921875,1527300
2024-10-14,884.1465416930639,886.8412054364451,878.0141318361727,881.4815673828125,1431500
2024-10-15,883.789925456618,892.270279878789,881.2735191902946,886.2864379882812,1613900
2024-10-16,881.6401864582349,883.0371017101286,871.3171508457968,879.1238403320312,1475500
2024-10-17,883.2647828675676,886.9997255430965,874.5862776130247,877.0531005859375,1321500
2024-10-18,877.5187541438047,882.3236047657309,875.5274458369249,881.2833862304688,1654000
2024-10-21,880.728764030714,883.1064586717048,875.4780872047531,878.51953125,1184900
2024-10-22,882.6902843350256,886.5639394759775,876.0823590835759,885.1769409179688,1189700
2024-10-23,887.6832994850643,897.2533946246356,886.6628537529537,890.803955078125,2193500
2024-10-24,893.1123224313939,895.0937141616909,879.9955188515917,885.1074829101562,1649600
2024-10-25,887.3168146013197,893.2312401505465,881.7193585315949,882.927978515625,1425800
2024-10-28,887.6536402968158,887.6536402968158,881.7193813264734,882.6704711914062,912500
2024-10-29,881.7194313633687,882.8785287411753,865.9574847633659,878.7374267578125,1361700
2024-10-30,878.1329785010139,878.321213128234,869.2067993586295,870.9108276367188,1412200
2024-10-31,869.0384296674026,869.4842549025683,860.5679920683623,866.0465087890625,1771900
2024-11-01,867.2866115387717,872.3855087365954,860.4119735762469,870.3023071289062,1625200
2024-11-04,874.300232379311,879.9149959038726,869.727009214163,878.992431640625,1576700
2024-11-05,880.9069205792845,888.4263907510779,879.7164937122197,883.0595703125,1622300
2024-11-06,891.1048547503914,892.7119098629576,879.2007069253809,892.0670776367188,2437400
2024-11-07,891.4421154221552,912.135478101056,887.2260630183245,906.6298217773438,2145500
2024-11-08,906.6992158618461,954.3158048786609,906.4512127940502,936.2611694335938,3277100
2024-11-11,936.2612244817859,943.6815178789057,923.9999666204759,925.428466796875,2181800
2024-11-12,928.4739865312932,932.055136642912,919.5954637416296,924.9324951171875,1691400
2024-11-13,922.5714808090243,930.1008811481963,915.8258089728496,926.2716674804688,1757600
2024-11-14,919.5953363721537,923.7122113419514,914.8039003522853,916.5101928710938,1859900
2024-11-15,910.4093390219765,913.1968911033883,898.3266367323894,899.8245849609375,2269900
2024-11-18,903.366017633136,918.5437924069645,899.8641854527466,912.1651611328125,1797300
2024-11-19,920.587364295783,926.5394377718334,909.040327220816,922.72021484375,1690500
2024-11-20,917.6907721279044,921.3810288881608,909.1792894857659,920.6668090820312,1452100
2024-11-21,927.5315228547323,950.8338826557298,922.5714612351883,948.0166015625,2320500
2024-11-22,955.0498784659845,968.5015623595572,950.8636157698974,956.3097534179688,2078700
2024-11-25,967.2119388902729,967.2119388902729,942.1041113908313,953.2146606445312,3240900
2024-11-26,956.2998371055552,966.5869995965841,953.2146934488126,963.7399291992188,1438000
2024-11-27,963.7002602541495,964.5235868428007,950.9330672010396,953.869384765625,1499500
2024-11-29,960.3572384444021,965.4958550226909,954.7820734735382,964.116943359375,1095900
2024-12-02,963.6010358591951,968.6999935208835,957.0537790160455,967.2119750976562,1955800
2024-12-03,966.9044373090189,975.1480568119433,963.0058363720167,974.3048706054688,1653900
2024-12-04,974.1560889209289,983.233025781147,969.7416220296337,983.0048217773438,1784700
2024-12-05,978.7788805199398,982.2211948659237,970.3864947730461,974.4140625,2089400
2024-12-06,974.414032145577,989.7406346150636,974.414032145577,984.6813354492188,1737300
2024-12-09,989.0462364803159,989.0462364803159,972.6681029982024,979.9692993164062,1855500
2024-12-10,981.8242981799673,987.0422924798961,978.005075106738,985.4650268554688,1556800
2024-12-11,987.0522113240344,999.7499563049092,985.6535006604996,986.7446899414062,1903600
2024-12-12,993.678939737523,994.4626077096964,979.3245498610665,980.4951171875,2344300
2024-12-13,973.1640483271857,998.6389164549897,958.0160014107062,981.4473266601562,2951900
2024-12-16,981.1497148806817,1000.1963624062238,978.4911292862441,984.939208984375,2581300
2024-12-17,986.0602435029734,988.9569025164676,972.9260101081195,974.2354736328125,2050200
2024-12-18,974.1561396405231,977.7273599252451,956.2999171216541,957.0339965820312,2725300
2024-12-19,966.7258619421392,966.8548283777162,945.893604810509,947.1732788085938,2610800
2024-12-20,941.8066082730481,954.2563510076407,935.5172234080513,946.44921875,5373800
2024-12-23,946.2607080547242,946.6376775767121,929.5155354013361,942.3223876953125,1856800
2024-12-24,943.1457179055835,951.7167182863569,937.8979948945067,951.1611938476562,939000
2024-12-26,949.1771855882828,951.7464634558819,946.3797037266464,948.5026245117188,969000
2024-12-27,941.1418178725071,942.8580402102476,924.5554023776886,932.1939086914062,1943400
2024-12-30,923.5634553226784,926.7081173740401,908.1872646057058,914.8436889648438,1881200
2024-12-31,916.2721663073877,917.3534257855242,905.2508638644065,908.9511108398438,1742900
2025-01-02,907.6912709616528,918.3752630016551,894.7951108277713,902.542724609375,1765100
2025-01-03,907.0266392776538,916.8277258190612,903.7232213068081,909.2586669921875,1612200
2025-01-06,910.6474014494225,920.0020698611479,905.9750624225164,915.3396606445312,1970400
2025-01-07,916.4606778636924,923.8709807464434,909.109832749929,914.0103759765625,1888000
2025-01-08,915.6074540021332,923.0674055533653,908.1078437577474,919.96240234375,1774800
2025-01-10,925.9045727151838,936.7373904724259,916.1233461068053,929.4559936523438,2765800
2025-01-13,926.539483976704,927.5215664616074,913.6433241354865,917.3137817382812,1693800
2025-01-14,916.9169767623699,920.3493611923154,902.6518347336871,909.9034423828125,1683800
2025-01-15,919.8533892415637,925.4185640413857,910.9649367121486,916.1234130859375,1839400
2025-01-16,917.3434608656287,919.9921771451794,910.4886829166325,912.4032592773438,1353000
2025-01-17,922.571422470067,936.2611798552591,917.1848030432953,935.6560668945312,2375000
2025-01-21,937.6996189303594,948.9093457194465,935.9635974195124,940.1597900390625,2042400
2025-01-22,943.631800255442,944.3361507553583,931.7375829765322,937.1539916992188,2155000
2025-01-23,934.1681216326072,935.8545547539927,929.0096452515103,934.6343383789062,1352400
2025-01-24,934.6342432926903,938.4832557013963,926.1029620843925,932.174072265625,1562400
2025-01-27,922.5714817951146,959.2660087866352,919.7739997136333,957.5399169921875,3044700
2025-01-28,954.1471828304627,957.9961952989082,946.4491578935716,951.0123901367188,2166400
2025-01-29,950.14941489369,960.5258858518863,947.3717924285562,956.3197631835938,1713700
2025-01-30,962.549553236077,978.8681682003229,962.3511386602327,971.1900024414062,1788200
2025-01-31,968.4421609733723,983.0842734625137,967.9858740267898,972.0531005859375,1873800
2025-02-03,964.622881712202,1001.5455514805385,961.2004270726488,997.7957763671875,2751000
2025-02-04,997.3692088651841,1016.1677938556128,991.6651380359467,1013.6976928710938,2001600
2025-02-05,1011.8526775393927,1034.7582106174086,1011.8526775393927,1034.5499267578125,2047600
2025-02-06,1041.6128882389767,1054.5090478076497,1035.8591686087002,1042.594970703125,2218000
2025-02-07,1039.7844124332291,1049.4274554400563,1028.3736075194631,1036.616455078125,1632900
2025-02-10,1044.7501268212923,1055.6743201625795,1038.7914759078628,1054.601806640625,2036900
2025-02-11,1052.6055126572612,1058.653508607518,1041.810429665369,1051.0462646484375,1748500
2025-02-12,1046.8852925289962,1059.6467118134592,1043.7569766784868,1057.7796630859375,1662300
2025-02-13,1059.6566269928244,1070.799274392021,1057.3129056645319,1069.438720703125,1623300
2025-02-14,1069.0612311632524,1070.0642802706366,1060.6496327386756,1064.463134765625,1410700
2025-02-18,1061.841296897687,1063.6189995651368,1038.0365198119134,1048.752197265625,2090600
2025-02-19,1048.7820843796737,1055.8530111314349,1045.7431145747266,1055.2174072265625,1349600
2025-02-20,1046.3786679319778,1046.3786679319778,1026.725015427664,1027.6982421875,2000500
2025-02-21,1027.4797014827489,1029.0686504207008,1017.6182045493064,1027.8968505859375,1816300
2025-02-24,1021.4518518192028,1031.035251827512,1018.1546637224312,1028.463134765625,1759700
2025-02-25,1033.5577253738848,1049.7355006236241,1030.3102413846902,1048.3848876953125,2083800
2025-02-26,1042.902731026912,1051.5924283712613,1023.0803287924081,1024.85791015625,1555700
2025-02-27,1026.8740421048242,1035.3452854929815,1011.8086052870165,1014.6687622070312,1629100
2025-02-28,1023.5075909728868,1042.1482579041221,1016.9332172030329,1041.383544921875,3307100
2025-03-03,1044.4919352817028,1058.653672341748,1033.965009314737,1039.6356201171875,2422500
2025-03-04,1038.5234147658236,1040.708326376742,1021.6405689253467,1029.7244873046875,2536800
2025-03-05,1025.960353413734,1043.7370175202575,1021.4119607119422,1040.529296875,1898600
2025-03-06,1025.8312542881067,1038.6821397851922,1012.027084152501,1019.544921875,2594600
2025-03-07,988.2918576866914,995.5117146038834,936.2827751447076,957.6643676757812,5510700
2025-03-10,948.8852585317641,953.0463851728626,917.6619884717545,927.9703979492188,4459900
2025-03-11,924.5839486110597,931.5357076231729,914.8514981170068,924.0774536132812,3204900
2025-03-12,931.5357060726845,937.8717426966269,916.8873567501131,920.6909790039062,2331600
2025-03-13,915.6459234488572,917.135586014121,881.3538621015109,884.482177734375,3447200
2025-03-14,885.6639630449638,900.6996381448193,875.4846023671705,897.6904907226562,3186400
2025-03-17,895.4162861047012,917.0263334904582,891.8112979464684,910.2930297851562,2256100
2025-03-18,906.7079442077293,911.2365159623239,890.6593395764806,891.8609619140625,2182000
2025-03-19,896.6377787323348,903.88745747063,889.8250700869669,897.819580078125,1908500
2025-03-20,895.2871847851916,901.2259533697036,887.9381586897865,889.229248046875,1891800
2025-03-21,882.6250513011875,903.5002083387362,877.8680840976815,902.9937133789062,3447600
2025-03-24,913.6596675019423,922.250078838938,913.6596675019423,919.6580200195312,2208100
2025-03-25,920.2440715996796,925.8650386568892,916.1325881418973,923.8490600585938,1623000
2025-03-26,927.8909827133409,932.9458704945316,917.085958537747,923.342529296875,1644700
2025-03-27,923.1537884506064,936.4018804102461,921.6045418608522,932.2804565429688,1547000
2025-03-28,931.0391091871221,932.2804946660383,919.6183627810934,923.2531127929688,2100500
2025-03-31,916.0034427560427,988.1428509660125,915.6856407965618,939.2620849609375,3102000
2025-04-01,935.9252128747881,951.119759458889,932.2805219739986,947.8226928710938,2041500
2025-04-02,944.2872231495434,964.1990345609939,943.4529854183606,958.4290771484375,1719900
2025-04-03,924.6633222351271,974.5868368401395,921.60453160214,960.4152221679688,3096900
2025-04-04,948.418430675601,957.8728411298724,907.8400399064315,910.1638793945312,5167000
2025-04-07,881.6319076293911,931.3568482909159,865.702472060165,901.8714599609375,4626600
2025-04-08,925.6266568687505,936.4912650105878,893.3705159640747,902.4872436523438,3545400
2025-04-09,901.7423989986388,960.7926444371133,891.483572575409,958.5382690429688,5084500
2025-04-10,959.8392775165665,986.5637981384363,936.392002522236,957.6643676757812,4209100
2025-04-11,957.3167659074719,963.5236932182929,936.66006332544,956.7705078125,2721800
2025-04-14,963.3151453156116,980.3270970093679,958.3496033294487,972.5709228515625,2219900
2025-04-15,978.5593354841933,987.1497473706031,967.5358565148995,970.1874389648438,1788200
2025-04-16,965.4304469619124,971.9055329469539,952.6292654935071,961.0806274414062,2531700
2025-04-17,966.5725701704973,993.0289318116729,965.2914215444829,987.6463012695312,2711100
2025-04-21,986.1566224643935,990.1191152067875,936.4713810613715,951.16943359375,2841300
2025-04-22,963.0668582361031,980.6448888078652,960.1173554218605,972.4815063476562,2230600
2025-04-23,987.6662490691892,988.8877530833279,962.3221016698416,969.114990234375,2109700
2025-04-24,966.8902756516267,971.2599766841544,954.0891549503023,968.75732421875,2468500
2025-04-25,967.2577630170907,971.5778209426179,956.2442247623666,970.42578125,1780900
2025-04-28,971.7565621339639,978.509687080564,962.103577653114,971.7962646484375,1616200
2025-04-29,971.2600035462798,986.3652039502687,964.3678289083949,984.8656005859375,1523100
2025-04-30,983.1773134809813,990.8838443435604,969.8199934122991,987.6463012695312,2212400
2025-05-01,983.2766374614636,999.4444718817523,978.2118086876739,992.155029296875,1829900
2025-05-02,1002.1884828077426,1012.3015371622266,998.9864758545272,1002.6558227539062,1547400
2025-05-05,1001.8702298119485,1012.082760435183,996.8882647827232,1009.2089233398438,1952600
2025-05-06,1002.804993320181,1010.5414115127393,997.8926436198578,1004.843505859375,1381200
2025-05-07,1005.5198002028776,1008.4234381839324,995.8641311581664,1001.5123901367188,1316000
2025-05-08,1007.8267202376018,1011.3071282502624,985.8504539207725,1002.0691528320312,1882600
2025-05-09,998.9865211016988,1005.052411797148,992.4632441732878,1002.4470825195312,1176700
2025-05-12,1004.137530006645,1011.2176699032586,986.6857808533164,1010.4619750976562,2069000
2025-05-13,1008.0455173774424,1018.0989712257877,982.0717329470748,993.4378051757812,2917000
2025-05-14,993.1693015919623,994.2631199004367,984.9754359323638,985.9896850585938,2215000
2025-05-15,987.0935241088777,1008.3239901567692,977.4975170849154,1004.813720703125,2470700
2025-05-16,1006.822414308201,1022.5041586131152,1003.3519598567233,1020.0877075195312,2033700
2025-05-19,1012.8981662178643,1029.1964346054483,1007.2201678854547,1028.550048828125,1879800
2025-05-20,1024.244296910224,1032.189561375944,1024.244296910224,1031.01611328125,2271200
2025-05-21,1025.1691135206015,1033.6513948071854,1018.0691267780941,1019.560791015625,1438900
2025-05-22,1021.9671931161832,1023.0213179132835,1008.4433449160746,1012.430908203125,1660900
2025-05-23,1006.3352056833322,1009.4277825098509,1001.363193797545,1002.8547973632812,1413900
2025-05-27,1009.3183517874847,1013.2462530784613,1005.2711270739444,1012.0927124023438,1868200
2025-05-28,1011.3568975169317,1018.8845305865864,1007.2898258954494,1007.4688110351562,1674700
2025-05-29,1010.3227080573704,1011.8441120421384,997.9821413119712,1003.0933837890625,2016700
2025-05-30,996.6893977828425,1046.5984508780098,996.3910892361423,1034.357421875,5403800
2025-06-02,1028.480521036954,1054.563674826441,1028.480521036954,1050.93408203125,2148000
2025-06-03,1048.2492712122869,1061.1068257398254,1037.4202149543212,1049.68115234375,1992900
2025-06-04,1049.0945086521367,1051.9086236821838,1043.4960184092522,1045.802978515625,1422100
2025-06-05,1044.1224233084363,1045.1665942865448,1000.3786754943123,1005.1517944335938,3289400
2025-06-06,1014.916818474425,1014.916818474425,1002.9640834751659,1009.2586669921875,1855400
2025-06-09,1006.7527903227591,1007.6775772067864,991.3892621797851,1000.5477294921875,1696700
2025-06-10,1001.2935293352067,1005.847908993835,992.1350620402266,1001.6316528320312,2255000
2025-06-11,996.8286688710313,999.8118758453438,987.8193862363474,991.2003784179688,2459800
2025-06-12,993.4079743366382,997.6341844376699,989.7883351189605,997.0972290039062,1720100
2025-06-13,993.4875193039331,997.9722836245514,983.1357568263169,984.6671752929688,1786000
2025-06-16,986.7752715696158,996.2419403879833,975.946215734317,978.849853515625,2109300
2025-06-17,977.497482671164,980.5801055924213,970.73555901926,972.2470092773438,1668200
2025-06-18,974.5142987793846,977.1494892728728,968.617500152644,969.44287109375,1509600
2025-06-20,978.4819742320778,983.1258162862754,968.448488349318,974.8026733398438,3255700
2025-06-23,977.646620908702,999.2450091880507,975.7671860425795,998.857177734375,2082900
2025-06-24,1000.2096241059307,1000.2096241059307,986.516685177719,996.3115234375,2385100
2025-06-25,997.385585187736,999.3544824743606,980.4807447608251,981.0177001953125,1827700
2025-06-26,982.2009854565579,982.2009854565579,971.0338668095876,977.407958984375,2262800
2025-06-27,976.7417582131986,987.5807681462169,974.8126152192294,979.6255493164062,2129200
2025-06-30,979.6453484529213,986.1885326164343,974.265658686011,984.3986206054688,2127600
2025-07-01,984.4582814291645,991.260019896906,969.045045709819,980.44091796875,2200600
2025-07-02,978.3626412530656,980.1824145589327,971.4018247602771,976.861083984375,1606100
2025-07-03,976.9107543051608,982.141320207644,971.8592342301587,981.4949951171875,1101400
2025-07-07,979.4862971711708,987.332146138302,970.7355687869206,986.6260986328125,1832600
2025-07-08,983.961079966367,990.2954177883865,978.4222518489755,980.3215942382812,1716200
2025-07-09,982.8573127399098,982.8573127399098,966.8375061086703,976.5925903320312,2922600
2025-07-10,981.4750654361535,982.4694677314282,963.6454395650976,964.7392578125,2897000
2025-07-11,967.8418295762551,973.4999813064779,960.2943498201797,964.8984375,1942000
2025-07-14,965.6641651819099,975.9960208857033,964.1924690231507,975.4192504882812,1679300
2025-07-15,973.7684869326118,974.7628892680038,961.2489348248857,962.2632446289062,1878000
2025-07-16,962.5714557082682,964.1625357763378,944.811445509589,946.0444946289062,2950300
2025-07-17,945.0401963203284,949.4056371734318,942.2061739195998,948.5703125,2280600
2025-07-18,954.5765129106653,954.8847752000869,944.3341812210919,945.6268920898438,2115500
2025-07-21,946.1837606754639,950.4099705330577,941.3012112986831,942.255859375,1742400
2025-07-22,943.4889276122793,952.3391327115432,935.9812020874891,936.3391723632812,1799900
2025-07-23,937.1048499609136,943.1905872180052,930.7605583933083,935.9215087890625,2401600
2025-07-24,936.0607545927455,937.6219735212227,928.2646136845384,928.5728759765625,2057100
2025-07-25,931.0588864294646,936.020944329158,929.1197897535347,930.2434692382812,1827700
2025-07-28,930.2633980792148,934.9768555055023,925.6792178138594,928.7618408203125,2006300
2025-07-29,928.761852682542,936.5181789700229,922.1888676339752,929.338623046875,2065900
2025-07-30,929.7661174505097,932.5007236783053,919.961325687471,922.3180541992188,1699600
2025-07-31,920.180154175978,940.6549254933855,919.8221838924715,934.3802490234375,2564400
2025-08-01,935.535291419605,952.6825935058051,935.535291419605,948.5003662109375,2934500
2025-08-04,948.5799878682698,956.1280171601062,944.6566123026015,951.3383178710938,2389900
2025-08-05,947.3153448215872,947.4846103932141,931.731364490949,939.6478271484375,2462300
2025-08-06,939.647809145519,966.4541875278009,938.6818710204476,964.4725952148438,2753000
2025-08-07,970.5668652008807,977.8559822601222,966.862592689798,973.3251953125,1893300
2025-08-08,973.0264772542721,984.0298343921305,972.8770859392538,976.8402709960938,2189700
2025-08-11,979.0109747890199,985.4039257357371,972.1998740646383,984.5674438476562,2290100
2025-08-12,984.3285604816067,987.5648455818244,975.9142070655226,987.0669555664062,1588500
2025-08-13,979.807720322293,982.2374259773075,966.006163195504,974.71923828125,2352600
2025-08-14,976.4619009880256,984.1194520684763,971.0647900890463,971.27392578125,1808700
2025-08-15,975.008001405327,975.8643575814822,963.1382605614133,967.9379272460938,1638300
2025-08-18,969.1926453090821,977.1390109022689,965.9065835206633,975.2171020507812,2078500
2025-08-19,974.4902454177201,984.3584595233447,972.667950950104,976.7108154296875,1673400
2025-08-20,974.8686228657992,995.0829447697053,974.8686228657992,990.3729248046875,2229600
2025-08-21,984.7268127891059,985.1450233486507,963.4370326840423,965.587890625,2145600
2025-08-22,967.4400740109915,969.3918246802124,949.0878560050145,954.4949340820312,3136000
2025-08-25,950.9300469978306,954.2559180096035,936.5907913454862,937.6065063476562,2284300
2025-08-26,937.3676147460938,940.0661397716628,929.311727436091,937.3676147460938,4341300
2025-08-27,936.5211387935202,947.9825765176382,933.2649186879557,945.5130615234375,1893600
2025-08-28,946.2797536755845,946.9867793550346,940.1457756219008,940.9722900390625,2067900
2025-08-29,941.0120754262842,944.6068265457893,936.4912562242731,939.3391723632812,1609000
2025-09-02,934.6988564917342,940.5242061354962,932.6276777885915,934.8582153320312,1793900
2025-09-03,935.0374349118152,946.0806620300694,932.547984872114,945.77197265625,1670500
2025-09-04,949.3766389651157,955.4508724151366,947.0962639571633,951.8660888671875,1471900
2025-09-05,954.6642941224036,965.4585156085484,952.1847507953563,959.4141235351562,1928500
2025-09-08,959.6629899452552,968.2367014894648,954.5447272029234,967.7487182617188,1737000
2025-09-09,965.906588817574,975.7349324415829,959.0456501103829,975.1175537109375,1496800
2025-09-10,972.2695458434508,976.8600765707878,949.93421010161,952.2543334960938,2277500
2025-09-11,953.7580444540328,961.0869704569363,950.2529402834537,960.2505493164062,1532000
2025-09-12,956.2374981417319,965.4783651720791,955.9487438386276,963.8154296875,1461600
2025-09-15,963.7357929367682,965.6476734913563,955.6600318403401,956.04833984375,2199400
2025-09-16,955.0525476989035,955.5305634146549,946.7875860793374,948.05224609375,2012600
2025-09-17,949.4662841387207,959.9120068526374,949.4662841387207,958.966064453125,1556800
2025-09-18,953.3298708224646,958.4780362809929,946.6581328273166,948.3410034179688,1860900
2025-09-19,950.9698789865505,953.3995845639652,939.8071635532798,947.1460571289062,4606000
2025-09-22,943.3820275364378,945.9909661809617,935.6447977642146,939.2794189453125,2794300
2025-09-23,938.7814988140879,941.0020686145609,929.5605669154515,939.617919921875,3258500
2025-09-24,940.2951933567575,949.6355540974955,939.1300869649463,941.281005859375,2149800
2025-09-25,948.4306673638549,948.978334204993,931.6716730484703,939.3292236328125,2991500
2025-09-26,921.6441806288134,923.715420077516,901.2306903235044,912.084716796875,4812900
2025-09-29,912.4730616673194,913.3492921420718,899.4780841915779,913.0007934570312,4107000
2025-09-30,912.3833949632594,926.5832270201983,909.5155437954654,921.7238159179688,3096700
2025-10-01,919.1048988406222,920.1006787960291,907.324804950434,913.4688110351562,2642100
2025-10-02,908.7089894599031,914.6338925834134,906.1697626291381,912.9012451171875,2063800
2025-10-03,911.7262255210618,914.2255822365788,907.3547367892018,911.51708984375,2319200
2025-10-06,911.6365181712823,911.9153657225539,900.43399405394,907.0957641601562,2504000
2025-10-07,904.8951223841873,913.7675560473934,900.065613788979,910.9395141601562,2601800
2025-10-08,908.6890416794313,912.512863547337,907.1157530698373,910.9395141601562,2376900
2025-10-09,928.3756414147282,939.7873019968866,923.366899661988,938.9110107421875,3742900
2025-10-10,940.4344895806962,941.4601721092201,925.0795796678726,926.0853271484375,3142500
2025-10-13,925.0796240788637,932.0301490606819,919.1049440525201,931.6119384765625,2169600
2025-10-14,936.2920613751504,943.4218190435159,932.0002522407137,942.5156860351562,1925900
2025-10-15,942.0078477333926,959.9318871194403,941.2709802830466,950.9598999023438,2009800
2025-10-16,951.5075243883481,953.8576111942443,917.272605822159,921.7138061523438,2721400
2025-10-17,925.6572080095298,934.8582056699175,924.2332498742402,932.3787231445312,2502200
2025-10-20,932.2392863518073,935.8340375872455,927.5690756920449,932.1596069335938,1523700
2025-10-21,932.1595524576505,939.3889246039391,931.0542513020833,933.543701171875,1448200
2025-10-22,936.0331774159066,948.9783171035734,928.5648275960989,940.6934204101562,2372400
2025-10-23,941.4800744611571,941.4800744611571,930.546429660558,938.0745239257812,1974800
2025-10-24,936.0331758749339,939.020515797939,926.2247674387684,928.2063598632812,1639400
2025-10-27,926.2844913292693,929.2618636622981,921.2159446298135,925.9259643554688,1967600
2025-10-28,922.9585954212404,926.7923240756604,916.316759898813,920.260009765625,2090800
2025-10-29,915.121768089012,915.9980593015107,905.462690481413,908.5695190429688,2449600
2025-10-30,908.8384316450666,919.1049207994917,906.5282148000176,916.2968139648438,2677100
2025-10-31,913.6343234847549,917.4136469236963,907.1226517545758,908.8876953125,2456300
2025-11-03,909.8350444016509,926.5778216871088,905.8263261302335,925.4310302734375,3206600
2025-11-04,930.5865372597931,938.5241207738377,926.3584058254817,938.0953369140625,2554500
2025-11-05,937.3574271067811,942.6226129331292,924.8327388131737,932.4014282226562,2974800
2025-11-06,921.761418187689,922.3996336225341,905.7465686049585,920.983642578125,3247700
2025-11-07,926.9168856062789,934.3658563350119,918.2014048284054,920.1459350585938,2584000
2025-11-10,916.4164768123271,919.408043113129,906.5143996603014,912.9861450195312,2612700
2025-11-11,913.9234864535292,916.3067821656678,910.433325839686,911.2908935546875,1663400
2025-11-12,912.8963802795637,915.5189916316249,909.1070751004507,911.4305419921875,1829700
2025-11-13,913.7738710913252,924.1446582594108,909.1568823886911,922.4793701171875,2430600
2025-11-14,924.5236115682593,926.2786735081614,912.5274016794157,920.38525390625,1739100
2025-11-17,919.4279573650683,922.2998657298693,906.2550725450167,910.0244750976562,2481900
2025-11-18,910.0245054011991,916.3266847222724,891.6562448597587,892.563720703125,2984700
2025-11-19,892.4839685051458,892.4839685051458,871.5130590027385,888.0963134765625,3462300
2025-11-20,890.9881791142635,902.0270662643333,888.4952071525561,890.7787475585938,2648300
2025-11-21,892.0052982755861,902.7749245805268,889.6220025607739,896.482666015625,2870100
2025-11-24,896.4727024512009,898.8260533364739,878.842412336212,883.62890625,3661200
2025-11-25,884.1673146723202,893.2018419487803,882.6416475953456,891.8157958984375,2534700
2025-11-26,893.5010844607134,909.436141230939,893.102184614745,905.7066650390625,1936200
2025-11-28,902.4758133278527,911.629999066982,900.4614725065887,911.021728515625,1092600
2025-12-01,910.6327444998018,915.9976246425621,903.6624051370461,909.396240234375,2149400
2025-12-02,909.3962900914224,920.405232170967,902.4558343604823,919.43798828125,2160600
2025-12-03,918.2213615171383,923.715881214339,913.4448493620074,919.6672973632812,1886800
2025-12-04,904.4801337678623,905.4075119941882,885.5833949363982,893.3414916992188,3787800
2025-12-05,894.7276384412609,903.3433641615109,890.4895860998004,892.1648559570312,2359800
2025-12-08,890.9881939695463,891.4867883702008,880.4180170211012,885.0250244140625,2407900
2025-12-09,884.356825906914,886.520769334084,879.0318720214691,885.9423828125,1899500
2025-12-10,885.3241173574713,887.0791792838055,868.6411691588339,871.9517822265625,3318300
2025-12-11,873.3977676872468,883.5092767256536,870.0970751940674,881.9935302734375,3041600
2025-12-12,880.8168266909345,886.1218782408607,864.6823197266883,881.9835205078125,4808900
2025-12-15,879.6301524301697,884.9950327667835,849.0065249130051,858.1407470703125,4771400
2025-12-16,855.0295334245739,861.1622686484181,841.6871429370814,857.9712524414062,3843300
2025-12-17,856.0865568206051,866.1382366378879,855.8172963770616,860.2249145507812,2363700
2025-12-18,857.8814807790878,860.7235052722544,850.1134022249098,855.1791381835938,2467500
2025-12-19,854.1620021599891,856.0367219389246,846.9323834916858,853.2146606445312,10097600
2025-12-22,851.5991674804687,853.0949505615234,844.9279725044221,847.6104125976562,2373300
2025-12-23,846.712956380788,852.5764311905995,844.4194343930145,852.386962890625,1903300
2025-12-24,856.1862635988776,873.5373727454145,855.9369664034595,869.4089965820312,1822200
2025-12-26,868.1924328155329,875.1229068399282,866.5570286490303,870.894775390625,1324100
2025-12-29,870.8349596995871,872.0415800230837,863.2563493872968,865.4003295898438,1792500
2025-12-30,861.5711058668909,865.3803743098849,859.0083233988202,863.2164916992188,1680800
2025-12-31,862.1495257347843,865.5598944522304,858.9186437010379,859.9158325195312,1490000
2026-01-02,858.7191261610942,860.6735771387868,850.1034008403352,852.0977783203125,2373400
2026-01-05,861.5212425858332,876.299587333437,858.4299209073444,873.278076171875,2805600
2026-01-06,873.4874687578451,891.5665050646708,868.8505168787445,886.6004638671875,2742300
2026-01-07,889.4923780743975,891.0878557524205,877.1471762988531,880.098876953125,2680100
2026-01-08,898.5966874815377,929.050809464413,893.4811044141879,912.73681640625,5207200
2026-01-09,913.3949821045207,927.2359673082335,908.7680723988286,922.2799682617188,2895400
2026-01-12,917.8125982682329,942.1739134123811,914.4221319939271,940.4288330078125,3246400
2026-01-13,935.3830012290383,940.2492871485847,926.9866282177431,939.281982421875,2222100
2026-01-14,935.6921176439745,952.923507241607,935.6521911421075,948.3065185546875,2894900
2026-01-15,951.8564937641298,955.5860306822914,947.3292789105369,954.060302734375,2185900
2026-01-16,959.2956026893195,962.2672057660054,948.3265261512919,960.9010620117188,3862900
2026-01-20,955.6857198575818,967.1733532622899,951.4476678440788,961.5491943359375,3209900
2026-01-21,956.9023036795116,986.8578927925446,956.9023036795116,980.096923828125,4073700
2026-01-22,975.1409165053886,981.2337251303946,968.8286947074147,973.4257202148438,2074400
2026-01-23,968.7090431239021,982.0813175006098,968.2802592644157,980.48583984375,1680600
2026-01-26,983.6569535648111,990.2084913702555,973.6052732873484,974.9215698242188,2458700
2026-01-27,974.9315286903042,975.2506364066631,959.0064529320031,967.5523681640625,2077900
2026-01-28,966.7844788756445,967.3727861570547,952.9235308460756,958.0790405273438,2474800
2026-01-29,955.2968198080476,957.6003233352077,945.8434901428559,950.211181640625,1825000
2026-01-30,947.4552194382504,949.7418794251049,928.9520390398109,938.8876342773438,2396300
2026-02-02,942.8618667440954,968.9140912372628,929.9206837534902,966.9569091796875,2451300
2026-02-03,962.9527063348241,989.2146484066255,962.8828613925771,976.5030517578125,2960700
2026-02-04,981.8852694270165,993.1588892872101,973.7770394556126,976.9324340820312,2631500
2026-02-05,994.0575914763876,999.4997070043017,985.8994462889711,987.8565673828125,2988800
2026-02-06,986.7182525143253,999.9190682489734,982.0749657151235,999.7093505859375,2358600
2026-02-09,999.869168286569,1008.1571300077385,991.2416723838332,996.1445922851562,1861700
2026-02-10,994.5668791266988,996.0047951316005,967.5960044824766,969.82275390625,1781500
2026-02-11,971.8797689631986,988.1362099714881,965.7187257996974,976.7227783203125,1769400
2026-02-12,977.3318720829325,1007.7477599993804,976.722770549767,997.4127197265625,2970400
2026-02-13,998.5510682231246,1021.3979215398074,992.3201193088877,1017.0042724609375,2661600
2026-02-17,1020.8587478832064,1026.9498242051018,1009.0158856395919,1010.5836181640625,1732200
2026-02-18,1008.5365937949513,1014.5279002927431,992.0605009260238,994.6367797851562,1926800
2026-02-19,990.8722174976581,1006.39967456691,982.6840864709835,986.3887329101562,1750000
2026-02-20,981.705493363883,985.9393400415574,976.3931944929476,983.8424072265625,1662200
2026-02-23,980.3774523181329,989.8736829776,976.6428809764551,984.5913696289062,1489300
2026-02-24,984.9508091994448,997.4326975731409,983.6127239492275,996.9833374023438,1671100
2026-02-25,996.2344165878087,1001.0474400220197,990.0034677101194,993.3186645507812,1554600
2026-02-26,995.4755456195096,1004.0631216481693,982.1049927090436,985.310302734375,1804400
2026-02-27,989.0948454620902,1012.7205375550792,988.1462097324217,1009.325439453125,3935000
2026-03-02,1009.4452370405662,1019.3409122909325,1001.0374540822265,1001.3170776367188,1986900
2026-03-03,1001.087351000773,1014.2782323552399,999.180145305591,1006.309814453125,1947100
2026-03-04,1003.5438418961846,1012.5308016743594,995.5554332044736,1005.2813110351562,1806600
2026-03-05,995.0561718234956,997.8021873503542,977.3918004146707,981.1463623046875,2766000
2026-03-06,965.6088896459527,1001.0474577245462,959.0683922611365,996.65380859375,2708900
2026-03-09,998.1816162573101,1005.9503119306892,986.5584671138445,1003.8433837890625,2348200
2026-03-10,999.0503208666239,1008.6363865232382,994.5568411625761,995.9148559570312,1613400
2026-03-11,994.8763980094773,995.9448549557765,986.4586198991574,990.7922973632812,1260500
2026-03-12,987.1775637172665,1004.7520992068786,982.5742578883157,1001.8662719726562,1669200
2026-03-13,1004.4425694956371,1011.3625212611244,1000.5481958516575,1006.9688720703125,1469700
2026-03-16,1009.0358300815452,1011.1827392050872,993.987658533076,1000.2885131835938,1243400
2026-03-17,1005.0316634571379,1006.6393160634452,993.3086835679123,994.7166137695312,1210400
2026-03-18,988.9349926705112,992.539747312503,976.7227329041068,978.5001220703125,1434400
2026-03-19,984.4115868414918,987.3572636603498,969.0038906181163,973.3676147460938,1340200
2026-03-20,973.6672191255122,979.3389820335317,969.1337581466905,970.9212036132812,2621600
2026-03-23,984.2417989022865,985.2104251155546,963.1324759708775,964.3306884765625,1779100
2026-03-24,960.6660264130286,979.8582093999555,959.6075647316304,972.4089965820312,1259300
2026-03-25,976.5829748437683,979.3889009941519,966.6473792191523,973.447509765625,1067100
2026-03-26,974.2763065989756,985.7596440297709,971.3105781962925,978.2305908203125,1498300
2026-03-27,980.5971483901997,985.6797392432705,976.6927795479637,982.4344482421875,1540900
2026-03-30,986.2189935773645,1004.0830259891525,983.5828041122185,995.1360473632812,2129100
2026-03-31,995.5553874614261,1007.1385551535035,984.4215189802362,994.9862060546875,2447900
2026-04-01,993.5882764241476,1001.6765155169883,989.1547073426264,995.1160278320312,1769800
2026-04-02,1006.5395033587195,1014.5279121155347,997.7622611779888,1013.4894409179688,1828600
2026-04-06,1013.4893935828142,1019.2110715847003,1002.5552474182597,1017.0741577148438,1448600
2026-04-07,1018.7817161563623,1019.3808224148089,1003.3940101624592,1011.741943359375,1428500
2026-04-08,1002.9846306949294,1028.9668878725295,998.551061543806,1028.7772216796875,2265700
2026-04-09,1027.9983092993375,1034.3190935555074,1023.5747964142464,1030.53466796875,1433300
2026-04-10,1025.0226653129753,1027.509047717785,994.0575869806171,997.0232543945312,2333000
2026-04-13,997.0232365792153,998.6009643016196,977.940940661213,979.4287719726562,2255500
2026-04-14,972.2692009167729,976.1934993179242,964.600335993906,973.3875732421875,2136500
2026-04-15,968.9041010441629,983.9522732117586,966.8970036114321,983.3231811523438,2346200
2026-04-16,983.5727822938512,994.3072060600024,980.187679613871,985.7796020507812,1484300
2026-04-17,983.5727833957324,999.2200612705607,975.5843750026705,998.4412231445312,2346500
2026-04-20,1002.3954668070767,1009.8346844647018,992.6995749274732,996.3942260742188,1475400
2026-04-21,992.9292343193174,1005.0416638171133,985.2703645871046,1004.3526611328125,1367100
2026-04-22,1003.5238412245176,1006.6493109692844,996.8435320857524,1002.2457275390625,1215200
2026-04-23,1006.1200823458264,1015.1269713580333,1005.5708914585863,1012.9102172851562,1570700
2026-04-24,1010.533680552328,1011.9815917898942,1001.0474454088031,1009.6849365234375,1695200
2026-04-27,1007.1685723497319,1012.9401658520077,995.1859594890318,996.56396484375,1620400
2026-04-28,1009.0158553801372,1011.1827550614909,984.5713449397557,992.5597534179688,1776000
2026-04-29,986.9378977858162,997.5225145518541,983.6926068688012,997.2229614257812,1516900
2026-04-30,995.0062379640076,1016.2154531966797,994.8764214475948,1013.06005859375,2049300
2026-05-01,1015.3800048828125,1031.27001953125,1006.3200073242188,1011.7000122070312,1509700
2026-05-04,1007.02001953125,1024.719970703125,1002.2100219726562,1012.7899780273438,1479400
2026-05-05,1010.510009765625,1020.780029296875,1009.0700073242188,1016.4199829101562,1456300
2026-05-06,1011.3099975585938,1012.22998046875,992.4199829101562,995.75,2619100
2026-05-07,993.5,1012.6599731445312,990.6599731445312,1012.0599975585938,2014000
2026-05-08,1011.739990234375,1016.0,1005.1099853515625,1008.7899780273438,1804700
