Date,Open,High,Low,Close,Volume
2020-01-02,161.54820477014138,164.6526357714122,161.21312791174583,164.57379150390625,5189300
2020-01-03,162.67171569942684,164.35698002825714,162.61258625596034,163.76565551757812,3205400
2020-01-06,162.61257568803768,171.15712558781203,162.07053076147633,170.9403076171875,8836200
2020-01-07,170.72350550157716,174.31083720596507,169.60000093036797,173.45343017578125,8272700
2020-01-08,172.69455475718158,176.26218641465016,172.22150419235936,174.76417541503906,7225100
2020-01-09,176.25232971962382,177.29698999151447,174.72475392819578,177.0013427734375,5952900
2020-01-10,177.237859669247,178.06570195177252,176.10450523755185,177.5926513671875,5111800
2020-01-13,178.6372684329793,181.7811134053781,178.5091596827647,181.18980407714844,6202600
2020-01-14,180.84491596271133,181.18985778492777,179.40603426530365,179.48487854003906,4342300
2020-01-15,179.05122507773535,180.44082708809714,178.00656485593362,178.44020080566406,3886600
2020-01-16,179.59328005803027,180.46055200599037,178.34166672350543,180.046630859375,3485300
2020-01-17,180.57879245424576,180.6872014366705,178.73585479103048,179.59326171875,4577000
2020-01-21,178.88368902345266,183.3087277026451,178.873839129194,182.58929443359375,6302400
2020-01-22,182.70757492844183,183.7423853922518,180.04664447722212,180.10577392578125,4781800
2020-01-23,180.55911471485425,181.6333397385962,178.67674717108136,181.31796264648438,4369000
2020-01-24,182.3231893793265,183.43684394283235,178.50919017582353,179.47500610351562,4653600
2020-01-27,176.1833286430852,179.10049111356284,174.73459730123125,178.0952606201172,4239400
2020-01-28,178.51905087846956,181.19969589306785,177.7404881528651,180.20431518554688,3445300
2020-01-29,181.3376523895656,181.4362114767186,178.99208446497363,179.13992309570312,2785500
2020-01-30,178.28250416780213,183.24958749965654,177.9277125012411,182.98348999023438,3715700
2020-01-31,182.18522570779027,183.33829494820586,178.1741081023215,179.672119140625,4193300
2020-02-03,180.60835633532648,183.18059214455658,179.2187694336088,182.7371063232422,4755200
2020-02-04,185.27979129955725,186.94534076572475,183.949318697895,185.6148681640625,3983200
2020-02-05,187.64505118283847,187.7928898200313,180.21415584959666,182.8061065673828,6162700
2020-02-06,184.12671155587748,184.84614479167627,181.57419052625826,184.0281524658203,4102700
2020-02-07,184.14643046160305,185.92037381789078,182.96378150673635,183.03277587890625,3713100
2020-02-10,183.4762626595001,186.53141407857316,182.87508828496016,186.38357543945312,3873500
2020-02-11,188.70943674609086,189.81324148766322,185.92038272768235,186.3737335205078,4299200
2020-02-12,186.96502585047878,187.76330326928525,184.0675633392521,186.71864318847656,4535400
2020-02-13,185.77257925061906,188.28568611545725,185.69373497210552,185.91055297851562,3132100
2020-02-14,186.61027436906843,187.4972461279266,185.3783607939835,187.2015838623047,3599400
2020-02-18,188.18709953443368,188.72914447132595,186.1864732530001,188.3250732421875,4957000
2020-02-19,189.22192341601945,191.11414084561875,189.02482025339592,190.07933044433594,3903200
2020-02-20,191.19294910740896,192.88806305511295,187.0241586029763,190.5622100830078,5451200
2020-02-21,189.06421018076574,189.26131331764952,184.0182976941148,186.75807189941406,5242100
2020-02-24,176.20304887819708,184.44208714366687,176.20304887819708,183.24960327148438,8463300
2020-02-25,185.74300558589135,187.23115179643577,176.8337980367831,178.64718627929688,11361100
2020-02-26,173.9855872212074,180.02689536534209,171.72872848226612,176.28187561035156,13923100
2020-02-27,169.71827839548789,175.74972253104065,167.58952809893714,169.6591339111328,9927300
2020-02-28,162.60273785456775,169.2846357117684,160.7597849675649,167.9344482421875,12640800
2020-03-02,169.70839007767069,174.2319725560139,166.1506235119354,174.20240783691406,7761000
2020-03-03,175.82856471437097,175.83841460930915,164.672348137283,166.9193572998047,8323500
2020-03-04,169.75769014644754,173.26617759186914,167.17560411284103,173.14791870117188,5846300
2020-03-05,170.07306976236237,171.23598897282622,165.6677455624381,167.1460418701172,5797500
2020-03-06,163.27287712009272,165.1453945629894,156.24603807884424,161.7058868408203,9757700
2020-03-09,149.50502573242386,155.42807571751018,148.46036544592474,149.02212524414062,9657100
2020-03-10,154.95497692724805,159.13363221706416,148.81512530573852,159.00550842285156,11443900
2020-03-11,155.39849787262602,157.3104301358628,147.97745174351132,152.33351135253906,10341300
2020-03-12,142.2515270214408,149.04183434596024,138.07288561435698,138.5557861328125,13213000
2020-03-13,147.307288332193,147.336853052842,133.36203367383226,145.64173889160156,13765400
2020-03-16,132.07099209494842,139.50190359223546,121.60465862234378,122.50149536132812,13845300
2020-03-17,125.16241855528268,136.01310785257374,121.1414508632765,133.46058654785156,12191500
2020-03-18,123.72355269914016,131.48953364817925,113.62186076097055,130.3266143798828,12988200
2020-03-19,129.68598627495626,141.9164263493212,126.99549156939197,137.44212341308594,10444000
2020-03-20,138.38821975107587,144.08458602126987,132.65243886941562,137.33370971679688,12450100
2020-03-23,136.75224213573057,141.6404812967389,132.1498153149255,138.48678588867188,11898300
2020-03-24,142.53731961585896,151.90971179453769,141.10828797357993,151.4169464111328,11834400
2020-03-25,150.4610037450895,155.73360018205634,144.83363061342666,144.9321746826172,10639300
2020-03-26,146.15422443016078,152.83612222405182,145.59246464137894,152.49118041992188,8573100
2020-03-27,148.45049362642408,149.25862097779404,142.81325683938593,143.88748168945312,8273500
2020-03-30,145.58262288385956,150.78622473033641,144.43940345325277,147.6818084716797,7650400
2020-03-31,146.87367814279193,149.75142674881818,140.71410962698,141.89674377441406,10429700
2020-04-01,136.3186410250557,137.04792426522621,131.17416853462672,132.12026977539062,8737600
2020-04-02,132.07096820197376,133.4310054265645,128.15840998636594,132.37649536132812,8150500
2020-04-03,132.50461189286608,134.2194408835422,129.75498760165064,132.36663818359375,6004400
2020-04-06,136.98876402983836,147.68177788477942,136.29889556390773,145.41505432128906,12296800
2020-04-07,148.15486500874036,148.61806574418284,142.4190678360739,142.97097778320312,7859500
2020-04-08,144.18315997765325,149.95837110442645,142.9019669217876,148.93341064453125,7665500
2020-04-09,150.18503169073685,153.84135742160262,149.48529823545854,152.31378173828125,7094600
2020-04-13,151.8899968007671,153.06278081805613,147.8296148581583,150.29344177246094,5138600
2020-04-14,153.4569933906007,156.4924147423693,152.90508356136485,155.4280548095703,7334300
2020-04-15,152.8361136381567,154.9944284308483,151.77173860184277,153.37815856933594,4042600
2020-04-16,154.72833088703055,155.71386165701165,152.01812126958256,154.78746032714844,4391500
2020-04-17,157.68492767134845,160.8977526589698,155.3492244923787,160.2670135498047,7312900
2020-04-20,158.42408714685104,161.93257463341547,158.19741925768741,160.40499877929688,4686000
2020-04-21,157.68494491795968,157.77363909035407,145.8585740491127,148.38153076171875,13737900
2020-04-22,151.77174003751242,153.4471393550006,148.48992073733532,151.9097137451172,6660900
2020-04-23,151.2789935595681,154.20602154353332,149.30793175423173,149.52474975585938,6281400
2020-04-24,151.3676577856756,152.26449433879884,149.1107990817775,151.75201416015625,6710500
2020-04-27,153.28945706343,156.1475054630661,151.96884937429138,155.34922790527344,5036400
2020-04-28,157.19216639132816,158.48320936438586,151.94913519062797,152.22509765625,4731800
2020-04-29,155.59562704702424,159.54760063740628,154.2553043892624,158.1087188720703,5256700
2020-04-30,159.2913426862296,162.90823879664646,157.6947726178068,159.60670471191406,6830700
2020-05-01,156.19678799588704,157.85247258619998,153.0135125604045,154.10745239257812,4276900
2020-05-04,153.32887620545927,159.67569665461636,152.83611082944404,159.13365173339844,5974200
2020-05-05,160.17834072226051,161.76504611981687,157.93133140669116,160.88792419433594,5264800
2020-05-06,162.06068174896947,163.31231003383562,160.56267077232684,161.30181884765625,4112600
2020-05-07,164.09086716985647,168.79185298049933,163.61781662829665,167.44166564941406,6460900
2020-05-08,170.44754560148937,173.53226175881736,168.67358718772238,173.3548583984375,5403400
2020-05-11,173.0197916391068,180.64780574446038,171.64005448010565,180.02691650390625,8696000
2020-05-12,180.35213511755344,180.3718499440551,174.44880025384847,174.97113037109375,5904600
2020-05-13,172.6354398021921,172.67486945807286,163.86422111967235,167.18545532226562,12534900
2020-05-14,166.0028154835395,166.13093930365753,162.1888159819416,164.58364868164062,7442300
2020-05-15,164.84974518439546,169.2353543447453,163.77550515706818,168.8509979248047,5673800
2020-05-18,171.4823396102242,174.43893167246944,169.63940203691953,170.00404357910156,6398300
2020-05-19,170.25043878554806,175.62157841980638,170.25043878554806,173.49282836914062,5264000
2020-05-20,175.98623421621892,176.5479789270536,172.3693231103283,174.3699493408203,4951200
2020-05-21,174.36994030670542,175.7102626661747,172.3988788979568,172.72410583496094,4429700
2020-05-22,174.04474361637517,176.0552198122593,172.91137418450364,175.2766571044922,4965100
2020-05-26,179.36661677507246,179.36661677507246,173.6702495992124,173.96591186523438,8353600
2020-05-27,173.7392268330642,174.0546039231322,168.89041685832422,174.0447540283203,6340200
2020-05-28,177.39553964799467,182.12609037954243,174.5375064133128,178.47962951660156,10275200
2020-05-29,171.77800959981028,172.4678781046277,168.22024305567462,172.2609100341797,19588900
2020-06-01,170.59538728982372,174.9514316160187,170.18145112087626,173.80821228027344,5711600
2020-06-02,172.3200847972536,172.36934931210928,168.7426027990524,171.70904541015625,8571800
2020-06-03,172.30036503941716,173.38443998136879,170.33915318040252,172.4580535888672,6004000
2020-06-04,172.46788347141361,172.89165448112905,167.54022965794465,168.9593963623047,7301600
2020-06-05,167.64863486359087,171.6696020892864,164.5836336591958,171.3640899658203,8232200
2020-06-08,171.11771996864664,174.0151829665613,170.16175387646373,173.99546813964844,4592600
2020-06-09,173.45342275552616,173.45342275552616,171.01916044904158,172.0342559814453,4025600
2020-06-10,173.69981777436868,179.85938578055197,173.50271460577238,179.46517944335938,8127200
2020-06-11,174.08416016199212,175.84825367981793,169.5112978449056,169.56057739257812,6521200
2020-06-12,173.35487196546086,175.11898062315998,169.37333391452137,172.57630920410156,5443800
2020-06-15,169.51127639116527,176.31143204514385,168.79184320782082,176.025634765625,6000000
2020-06-16,177.40539063805522,179.85936769869505,175.43432907423391,177.86859130859375,5824100
2020-06-17,178.35151278129902,180.1057564288376,178.06570042368492,178.77528381347656,5038600
2020-06-18,179.27791518864453,186.2653250977397,178.99210282938,184.94471740722656,8677800
2020-06-19,186.7580864033536,188.48276530153757,182.80611331319716,184.24497985839844,11841000
2020-06-22,184.32382098241942,189.71467556381884,184.29425626199543,188.87696838378906,6252200
2020-06-23,189.22191054310832,191.28166627271125,185.86124696027846,186.32444763183594,6950800
2020-06-24,184.79688165113254,186.56099026891815,181.3770884470525,182.86524963378906,4903100
2020-06-25,183.4467034011371,186.03865422988346,181.77130404060415,185.6148681640625,4022400
2020-06-26,185.27979964394214,185.49661763380013,180.37186022571808,180.51968383789062,7595700
2020-06-29,180.66748775356902,181.05184410932998,177.39551874513876,180.67733764648438,3972100
2020-06-30,180.79562715724776,185.17138643403987,180.48026511245567,184.61949157714844,4478900
2020-07-01,185.3783549075073,190.030061622359,184.7476157786125,189.11351013183594,4754600
2020-07-02,190.36515197356331,192.56288166669358,189.50772986597696,189.7442626953125,4200300
2020-07-06,191.62659137218287,196.56409475669162,191.03526693803587,194.859130859375,5794200
2020-07-07,194.80002192464082,197.32297837157873,193.37100526939938,193.53854370117188,5431500
2020-07-08,195.13508645352005,198.2887818128445,194.49449748794055,197.38209533691406,4233700
2020-07-09,199.0969427384904,199.88537041108677,192.80925122299348,197.83546447753906,6062800
2020-07-10,197.1652688578637,197.8255726203672,194.22839159111555,196.00234985351562,3783200
2020-07-13,197.1061609569758,197.36239355253747,185.30935602066026,185.6148681640625,5555400
2020-07-14,183.29889282126956,187.2114515973416,180.6478123619252,186.81723022460938,5854700
2020-07-15,188.26594745412274,189.32047262799153,184.0478768346607,185.3684844970703,7681800
2020-07-16,183.72265759739426,184.1562935735691,179.2976187070741,182.82582092285156,7350000
2020-07-17,184.43220349636425,185.6739666899465,180.7068988776134,185.0629425048828,4324300
2020-07-20,185.18122792646446,192.48401463035847,184.56035375963577,192.26719665527344,5729000
2020-07-21,193.16403317938858,193.65679857015232,186.73836827318755,188.03927612304688,5376800
2020-07-22,188.01957049803488,189.09379549334852,186.13720300407698,188.54190063476562,2833000
2020-07-23,188.7094288307157,191.75473035829376,184.79687044585887,185.8119659423828,3639500
2020-07-24,183.36784778530358,186.20618113960876,181.71216335396272,185.7626953125,3908400
2020-07-27,187.15230038632077,188.7882851888418,185.9203868370743,188.1969757080078,3015700
2020-07-28,188.23636798305057,190.17786470926697,186.31458608192418,186.75807189941406,3114200
2020-07-29,187.3987109571549,191.74490621417672,187.00450457799136,190.80865478515625,3747800
2020-07-30,187.3395490584164,189.14307225485263,184.65890403794359,188.92625427246094,3587400
2020-07-31,190.20743228692317,192.1686438677087,187.9111438645981,192.03067016601562,3734000
2020-08-03,194.93798973961157,201.82684021264228,193.72579110050418,200.25,6557500
2020-08-04,200.06274838809583,200.447104790868,196.02206617392193,198.49575805664062,4480300
2020-08-05,199.8656353034638,200.9497100850266,198.6632866083082,199.70794677734375,3559100
2020-08-06,200.03316661209368,206.91216666097432,199.4714068970135,204.78341674804688,5113300
2020-08-07,203.6303591621299,203.9457362210066,195.7066985329261,198.14096069335938,5423400
2020-08-10,197.50036105943326,198.56473609972556,192.88808425617276,194.3072509765625,5528200
2020-08-11,190.81847165354662,193.00635126663713,188.9459691196075,189.21206665039062,5015400
2020-08-12,190.20743802215924,192.59242067362766,189.3401661350776,189.8329315185547,3980300
2020-08-13,190.52282428128214,195.20409565025295,190.43411507909016,192.3164825439453,4711600
2020-08-14,192.39532593105653,192.65155852797386,189.73439575166043,190.66079711914062,2833000
2020-08-17,192.5136040287417,194.21858332756,191.60691739761702,193.8933563232422,3574500
2020-08-18,196.44585899422853,201.83671375081084,196.1206320209897,201.05813598632812,7284800
2020-08-19,201.04828736069223,204.1034389191212,197.13572880068136,202.14222717285156,7080700
2020-08-20,200.90043856849033,207.0698553171023,200.56534670267683,206.47853088378906,5175100
2020-08-21,206.90235470213455,206.9614841486672,203.26574336029813,204.5272216796875,5727800
2020-08-24,205.85767723277644,206.26173342976497,202.18163654075792,205.44375610351562,5699000
2020-08-25,210.1348809340508,215.19065881168564,207.74989817361282,212.92393493652344,27096500
2020-08-26,248.3143525989975,273.94800387288035,245.8603754378318,268.3797607421875,63253400
2020-08-27,263.136744413302,274.25353151356495,257.0658705959931,272.3218994140625,22817100
2020-08-28,267.3548175404479,271.76014180373403,263.53095289075685,267.17742919921875,28068000
2020-08-31,266.0933357733965,270.7351777650481,262.062518110988,268.7049865722656,16010100
2020-09-01,267.0788217230903,277.8506651374433,266.6648855925103,277.1805114746094,13293600
2020-09-02,279.3683898905915,280.3834853127608,264.6839884148968,272.6864929199219,12963800
2020-09-03,266.66488986250994,267.81797404215274,253.68546707992365,261.1755065917969,14000600
2020-09-04,259.17490315285283,261.8259834369306,239.681089902729,251.0146942138672,14374300
2020-09-08,237.089168873433,250.00946415677575,236.66538277910556,237.77903747558594,15229600
2020-09-09,242.83478482915802,249.7827800260968,239.4445714850098,246.8064727783203,9988600
2020-09-10,251.1231041626428,252.79851857587008,243.3965461945155,244.21453857421875,5945000
2020-09-11,247.09229013809008,247.66389982228688,235.98535350762518,239.58255004882812,5455200
2020-09-14,242.7460773682345,245.26903368986356,240.50891834825626,243.07130432128906,4255200
2020-09-15,247.73289420324298,248.29465402696388,244.9142752654691,248.0384063720703,4133600
2020-09-16,250.9851166525943,251.73411461593903,246.60935767546152,246.97401428222656,5441200
2020-09-17,242.55884221169057,245.2197874737084,237.81844134219583,240.99185180664062,5279500
2020-09-18,241.5831541236685,244.52003150625617,235.25604860321846,239.26715087890625,6595600
2020-09-21,235.51230423032075,241.58317776724948,233.37370412849504,241.50433349609375,5561600
2020-09-22,243.16986359278846,244.973386676703,237.76914423490015,244.19480895996094,3600800
2020-09-23,244.89455947446714,245.17050690170154,231.9446850695135,232.57542419433594,7507900
2020-09-24,232.42757450216354,236.48797152337113,230.2495599094293,234.1128387451172,4166800
2020-09-25,233.95517179343628,240.42025187149895,231.6490331749824,239.22776794433594,5117800
2020-09-28,243.9780282754237,244.98327400850553,238.70544695994275,243.1009063720703,4088300
2020-09-29,241.71126836315895,244.3130689635096,240.96227040054492,243.8695831298828,3983700
2020-09-30,243.0811669182612,251.71442639013114,242.65739589056324,247.68360900878906,8188500
2020-10-01,249.51667835479293,250.98512464652177,247.1809751931494,249.78277587890625,4318000
2020-10-02,246.1363116660381,251.26106870113315,243.6330701080592,244.26380920410156,4494500
2020-10-05,246.38268785939565,249.61522752107047,245.39715710795807,247.8905487060547,3403500
2020-10-06,249.07319684223532,253.56722995768536,245.39717113981888,246.5206756591797,4448100
2020-10-07,248.55084925542192,256.96727514594056,248.55084925542192,256.2182922363281,4963200
2020-10-08,260.377319486856,260.79122569171676,253.36031303794925,256.45489501953125,4150400
2020-10-09,259.09601828963036,262.2004340186665,257.7162813073933,262.1314697265625,4225000
2020-10-12,266.09331703108666,266.09331703108666,261.45147536638365,263.2057189941406,4317000
2020-10-13,262.56513607405265,264.90083932109104,260.4068211575709,262.96917724609375,3713200
2020-10-14,266.0933348640882,266.25102341238875,255.00611257808453,258.0415344238281,5129500
2020-10-15,254.3753845300438,256.7505177796656,250.34458150512407,253.9910430908203,5256800
2020-10-16,255.48899387489905,258.7215336820323,254.74984577806052,254.80897521972656,3092300
2020-10-19,256.0014765168914,257.69659060511515,250.8175751622978,251.3201904296875,3242300
2020-10-20,252.41413524536327,255.42985698646342,250.37409437732745,252.2663116455078,2989300
2020-10-21,252.73939309422587,254.57246599943812,248.20594526621912,250.55149841308594,2794000
2020-10-22,250.21640563613246,251.52716335977655,242.56869230388457,246.05746459960938,3685700
2020-10-23,246.4812662345013,246.94446692695837,243.23886138730177,246.8951873779297,3159600
2020-10-26,241.75069859160112,244.5200376229072,233.9452967719251,238.47872924804688,5864100
2020-10-27,244.41162103996177,248.1073612774612,242.21389172270366,246.6783447265625,4285600
2020-10-28,241.06084083731807,241.89853299848298,234.56618140566218,234.9801025390625,4425400
2020-10-29,239.01094681503568,239.01094681503568,233.6989361158893,233.7087860107422,4589000
2020-10-30,232.40787803351517,234.30994523929664,225.35147397049934,228.90924072265625,5741200
2020-11-02,231.71797405896103,235.0490726470005,225.67668107589,229.08660888671875,3953400
2020-11-03,231.69830246567636,237.4537988619599,229.9046291498581,233.6989288330078,4151400
2020-11-04,242.46027793653974,249.22101944432637,239.7205036702769,247.1119842529297,6505400
2020-11-05,254.37540883218375,257.14477879566084,251.74405773036233,256.45489501953125,8961700
2020-11-06,256.2379491342404,257.96262763802855,250.80768108742282,256.3857727050781,3798600
2020-11-09,257.1742460954506,266.999988297259,253.5277705048218,255.5283966064453,8777500
2020-11-10,254.32609910460414,255.25250054742122,239.38544720089186,244.0765838623047,6863200
2020-11-11,249.84189347177437,253.0251535639217,247.5751847912147,250.502197265625,4163400
2020-11-12,243.82033485251677,251.28081086772352,242.7953893491819,245.8111114501953,5607000
2020-11-13,249.18161504810112,250.1178663425261,243.97801339356326,245.89979553222656,5160000
2020-11-16,245.90963517069966,249.82219342292026,244.58901254637416,246.27427673339844,5712600
2020-11-17,250.06859226178273,254.53303057430173,246.8360524194155,252.46343994140625,5090700
2020-11-18,252.69010436002583,258.85953711597665,252.14807442199813,253.43911743164062,5880500
2020-11-19,253.12374602749813,263.2254374843403,251.9608268146127,260.82073974609375,8084600
2020-11-20,259.776049659449,261.18535142930904,254.08954799635595,254.30636596679688,7286100
2020-11-23,257.45023785366186,257.95283814148627,250.9260133227443,253.9121856689453,5383600
2020-11-24,256.23798422993247,258.51455776066376,254.08953450347784,257.0658264160156,5797300
2020-11-25,259.91403132527955,262.2497343528783,241.50430939297325,243.2487030029297,26394900
2020-11-27,247.36824652405497,248.19608883955547,243.45568779631117,244.04701232910156,7395000
2020-11-30,241.92809216977858,244.04699237401428,232.65425893946608,242.24346923828125,18966400
2020-12-01,241.45504578142385,243.13044513230588,235.24619873944306,237.8578643798828,18872000
2020-12-02,222.21748687895226,222.7299671201361,212.5100172462992,217.5854949951172,52225500
2020-12-03,222.8383631553735,222.8383631553735,216.9448933574705,217.77273559570312,21395300
2020-12-04,220.5815038294014,225.29233969990813,218.61044229235236,222.59197998046875,20504800
2020-12-07,224.80946680859614,226.54399587619147,222.97637863027003,224.4053955078125,12864100
2020-12-08,225.34162734554823,226.1793346000106,222.39489966941986,224.5630645751953,12116800
2020-12-09,224.7502905808028,225.5288532567039,216.88575940519516,217.37852478027344,15651800
2020-12-10,217.3785458373477,221.06442157565374,216.97447458152047,219.6945343017578,9258600
2020-12-11,218.70898632477085,219.51712877312397,216.79705422794137,219.20175170898438,8214400
2020-12-14,219.8620633943873,220.23656991196577,217.26026267406766,218.0684051513672,8508500
2020-12-15,218.8568473707276,218.92582671181685,215.04283268056884,216.96461486816406,10766800
2020-12-16,218.27536403917586,220.7589059416615,217.06316532879887,220.3843994140625,8821400
2020-12-17,221.64584701102208,223.44936998516025,221.2516407487208,222.65109252929688,9946900
2020-12-18,223.7352259921131,224.5236537086618,221.15312484446588,224.1392822265625,11845400
2020-12-21,221.64587043974552,224.14912708777692,221.45863222006392,223.1931610107422,9219000
2020-12-22,223.71550295489288,228.51503338233547,223.3212966300872,227.82516479492188,10339600
2020-12-23,229.1359310377587,229.80608482211997,223.82392016274775,224.1392822265625,7090500
2020-12-24,224.9966950172755,225.87381686818014,221.57690178062313,222.51315307617188,6146300
2020-12-28,223.93233525640716,224.5433596103086,218.83714224072386,221.38966369628906,6422500
2020-12-29,221.7148726553259,222.04009963470676,217.66434033104753,219.24119567871094,6122400
2020-12-30,219.90150095225115,220.40411626653633,218.37392514396342,219.1820526123047,4724000
2020-12-31,219.0539175727,219.56638272026873,216.98429704334694,219.31015014648438,6011100
2021-01-04,219.41857245962103,220.51251222794806,212.59870126030512,217.12228393554688,10319900
2021-01-05,216.31416248098068,219.77337020368816,214.83586626884826,218.31478881835938,8657200
2021-01-06,214.8457295790946,217.270142135105,212.6578498454779,213.02249145507812,9789800
2021-01-07,213.88973756421763,217.46721900046438,213.36740746952668,214.82598876953125,8443100
2021-01-08,216.81677900587377,219.10321771181535,216.04806617425712,218.82725524902344,7301700
2021-01-11,216.45213939824737,217.38839067219578,213.10132557831764,215.09210205078125,7199000
2021-01-12,214.84570817184178,215.14137041087216,210.99227924642716,212.40159606933594,10736000
2021-01-13,213.8601675095904,215.73266987350445,212.41143613954952,215.02308654785156,6839200
2021-01-14,215.07238935470704,216.32401772255926,212.43117394198708,212.48045349121094,6548000
2021-01-15,213.04218733984956,214.71758666164413,209.9082066713404,210.0560302734375,8525600
2021-01-19,212.23405502607366,214.13612217324052,210.60792025045868,213.62364196777344,7753800
2021-01-20,218.77799926331994,221.389650006086,216.78722273150905,220.20701599121094,9857700
2021-01-21,220.45339437715722,221.48820475911435,217.6249256994139,218.95538330078125,6785900
2021-01-22,221.64587386514114,224.49405731366176,220.5125194452065,222.5032958984375,10186100
2021-01-25,226.36654745540676,226.96772178011946,218.11766036081204,222.65109252929688,8213500
2021-01-26,224.50391663149634,224.6123256197533,221.29107663661077,222.98619079589844,5021000
2021-01-27,220.46321293800338,224.51374468631138,218.37389268174886,221.527587890625,7641100
2021-01-28,221.74443630193244,226.27788412597474,221.74443630193244,223.2227325439453,7246000
2021-01-29,221.40935397543808,225.4795859690046,219.7930840588387,222.29632568359375,6473000
2021-02-01,223.92245966903164,226.57352488892033,221.49804728447862,225.1543731689453,5696700
2021-02-02,228.1207998664435,232.53597333762698,228.0321057096353,230.81129455566406,7134900
2021-02-03,231.59973634695166,232.58526713991742,228.89937656054317,231.42234802246094,5357600
2021-02-04,232.11220858891014,234.78298852473068,232.06292904335498,234.53660583496094,4770700
2021-02-05,235.68967374440257,235.89664181941293,232.989329103448,235.43344116210938,5020000
2021-02-08,236.04449484483467,237.62135026262484,233.6989415843317,235.47288513183594,4336400
2021-02-09,236.09376528423516,236.606245530939,232.82181071991204,233.275146484375,5157200
2021-02-10,234.014278834066,234.7731417392459,230.5747860636651,233.2948455810547,5535600
2021-02-11,235.47287706347737,239.37558581787945,235.12795029128486,237.7494659423828,6091600
2021-02-12,237.4636384656321,238.06481284303396,235.45316229088198,236.89202880859375,4314400
2021-02-16,241.45505099132717,247.59490379160755,240.27241701448122,244.99310302734375,10837600
2021-02-17,244.99312037189523,245.88995709104861,241.9478335304707,244.0765838623047,5879200
2021-02-18,242.41101344126793,244.42148966784288,239.06021471764075,243.4359588623047,4152800
2021-02-19,244.41161351298965,245.78150058398177,242.42083728905695,242.99244689941406,4647700
2021-02-22,240.72574277962832,240.9819904066145,236.90189358112949,237.46363830566406,5055000
2021-02-23,231.85597748150238,235.5024535802247,225.696409798535,232.23048400878906,8641600
2021-02-24,232.12206092009814,238.00568081661774,228.16022301635994,236.99058532714844,6128300
2021-02-25,235.07865136163852,236.87232456599517,226.4454073036962,227.7364501953125,8828900
2021-02-26,226.07090768406565,227.16484746426414,213.2097278460581,213.36741638183594,20372900
2021-03-01,216.71821780109255,217.01388004991665,211.91868759740495,214.39236450195312,14027700
2021-03-02,215.2399000031811,215.4370181746277,210.2531170408873,210.38124084472656,10211500
2021-03-03,209.7505096592816,210.2334251366239,202.42800842524161,203.0193328857422,11459000
2021-03-04,203.8471853887365,206.06462967052522,198.5943044633162,202.35903930664062,12800500
2021-03-05,206.9713163829366,209.27746986698122,200.2795689165251,207.71046447753906,11406000
2021-03-08,210.52910377103112,211.79058210635998,204.56665392086302,204.7144775390625,9576400
2021-03-09,209.10990353591072,212.66767008060415,208.11452291008996,208.4693145751953,9732200
2021-03-10,211.61318719792607,213.0224891077222,208.70587417215896,208.89312744140625,7186400
2021-03-11,211.88912714284592,215.01325805011217,211.24853812250058,212.82537841796875,6431000
2021-03-12,210.3615751024613,210.75579649933078,206.27162773674763,209.1395263671875,6114600
2021-03-15,208.78469605778858,209.85892096953768,206.4686927728195,209.720947265625,5733700
2021-03-16,211.73142436470442,213.5546622815619,210.3911019327783,211.3766326904297,5311000
2021-03-17,210.43053725445523,211.70186534935908,207.8090217593439,210.03631591796875,5805100
2021-03-18,207.65133865940464,208.32150742996816,205.38461478880322,206.44898986816406,5580100
2021-03-19,206.77420550779448,209.67166833648062,206.04492237268704,209.12962341308594,7088400
2021-03-22,208.42005990080915,213.84047957459856,208.31165090581308,212.05667114257812,5002500
2021-03-23,211.6525815827068,214.28394691951488,211.22881057218996,211.8891143798828,4578000
2021-03-24,212.01725447750013,212.1650780883364,206.38001686816693,206.49827575683594,4617700
2021-03-25,203.18687097409864,205.15793245519347,201.41291263351218,202.46743774414062,7977200
2021-03-26,202.6645729047727,206.38002859430392,201.8071658371917,206.0646514892578,7333200
2021-03-29,205.98579303174105,208.5875938172162,203.00950075731586,207.7203369140625,5686900
2021-03-30,205.6211490450571,208.2327996947481,204.35967080241312,206.9614715576172,4717900
2021-03-31,207.39511096840315,210.57837134936113,207.0698839888491,208.80441284179688,6838000
2021-04-01,210.5093700644294,215.76223562490952,210.28268716903486,215.55528259277344,7763500
2021-04-05,216.432400654163,218.630129935245,215.76223194903167,217.10255432128906,5553200
2021-04-06,216.63939314945878,218.34435726590718,215.0921025361103,217.89100646972656,5448500
2021-04-07,218.7484058343146,219.45797411971668,216.2155846586508,217.59532165527344,4403400
2021-04-08,219.77336071689456,222.44415570824853,219.2313157882427,221.20237731933594,6169100
2021-04-09,221.08409754910807,227.96309743197605,220.3942290860132,227.93353271484375,7319300
2021-04-12,226.19902521215482,226.5242521689049,223.86330707513267,225.45001220703125,6205700
2021-04-13,225.68655033769278,230.11158898725387,225.19378494394238,228.6431427001953,5397100
2021-04-14,229.48084913522,229.76664644593893,224.36594195871643,224.72073364257812,4617600
2021-04-15,226.5439611389961,229.70752163705728,226.17931955362081,229.62867736816406,5073900
2021-04-16,230.61419904945595,230.61419904945595,226.5636670030927,228.554443359375,5088700
2021-04-19,227.49006765434487,228.84023998646316,225.55842074361547,227.1648406982422,4257700
2021-04-20,226.67206663745122,228.1010831803906,223.60706548270286,224.66159057617188,4081200
2021-04-21,223.82389040812487,227.45063636890677,223.39025446976925,227.22396850585938,4024000
2021-04-22,226.6720605017071,230.50577431475926,225.69637969717013,228.00253295898438,4975400
2021-04-23,229.56954189724078,232.0826483894409,228.39675786501365,230.13128662109375,5447100
2021-04-26,230.65363354532087,232.38817746585647,229.0570783802891,232.0531005859375,3459600
2021-04-27,232.0530804479295,232.4867013524256,228.55444322602105,230.8211669921875,3445200
2021-04-28,231.59972727684988,234.88154649346126,230.15099586488614,233.45252990722656,4274500
2021-04-29,233.88615641385837,234.23108314117516,228.81066421071887,230.96897888183594,4140800
2021-04-30,229.43156940784422,231.10696873220348,226.1990296409844,226.98745727539062,5024800
2021-05-03,227.43093427395507,228.1109528942046,219.8423505437328,220.52235412597656,5835700
2021-05-04,218.46260574538547,218.78783270667236,211.2583781645936,214.03756713867188,6727500
2021-05-05,215.65383821432698,216.3929862503706,211.7314151423584,212.28330993652344,4205800
2021-05-06,212.6874097607123,215.1216721567096,210.41083590941295,214.89500427246094,5200000
2021-05-07,217.3193894424777,218.04868764194552,211.97781435655557,213.36741638183594,5774700
2021-05-10,212.38188645688834,212.8352372395981,210.1447273401809,210.79518127441406,5263700
2021-05-11,205.97591530791524,213.43638988922422,205.88722115446365,212.4409942626953,6097900
2021-05-12,210.25314164891634,210.28270637049255,205.9759414968123,207.49365234375,5482500
2021-05-13,209.88849545240151,212.51986088099935,207.42466845506198,208.7945556640625,5337000
2021-05-14,211.0908573469185,215.11182506099254,211.0514276912273,214.51065063476562,4429000
2021-05-17,213.45610304262087,214.56975761015684,209.74066291621503,211.9482421875,3816100
2021-05-18,212.3227452661203,214.20511259072012,210.69661052052138,211.2288055419922,3540600
2021-05-19,212.72683550846955,218.39363777664784,211.40621276839133,218.13739013671875,8092100
2021-05-20,219.75365608362677,223.54795572217208,219.14263179280908,220.54208374023438,6705500
2021-05-21,221.95138671858447,222.5131314260541,219.22146233174217,219.35943603515625,4913600
2021-05-24,221.7444309857941,224.30681709238817,220.9658682670558,223.7056427001953,5288300
2021-05-25,224.7010500359742,226.39616442349677,223.00593564845158,224.41525268554688,6256300
2021-05-26,225.17405559201464,226.90859929044822,224.9868023483878,226.356689453125,5807100
2021-05-27,226.1990192778764,226.1990192778764,222.12877251630854,222.56240844726562,15344100
2021-05-28,235.75865100211269,239.97672111894536,234.38876395535635,234.6548614501953,17810800
2021-06-01,234.55633765284549,234.95054396983232,229.09650346874184,232.78237915039062,8103900
2021-06-02,231.00843224750872,234.8421467690343,230.51566680752853,231.22525024414062,5543900
2021-06-03,229.52026483094983,229.8060621430149,226.11032168455057,227.4999237060547,5109000
2021-06-04,228.27847774840353,234.44789443281303,228.1700687713578,234.0438232421875,6177600
2021-06-07,233.17659459617693,236.00506319579586,232.4275815596737,234.69430541992188,3510800
2021-06-08,235.34472858916558,238.29145568799532,232.26001275912176,232.99916076660156,5827300
2021-06-09,235.4137399043956,235.4137399043956,232.1023557794206,232.67396545410156,3350900
2021-06-10,232.58526892543415,236.8131894429914,231.74756172977973,236.7146453857422,4659500
2021-06-11,235.57140761923324,236.89201517951264,234.9603833828663,236.8328857421875,4624200
2021-06-14,237.21725905402064,243.07131437512467,237.00044107634963,242.69680786132812,6764700
2021-06-15,241.66200380650884,241.80982740501906,238.50829335023516,239.07005310058594,5135300
2021-06-16,238.49844085127663,241.4648829870257,236.0148991573903,238.88279724121094,5099300
2021-06-17,238.49844746514196,243.60348965958258,237.71001983782122,240.89328002929688,5170200
2021-06-18,238.35061451268479,242.4504109454897,237.5720368099751,239.26715087890625,7822200
2021-06-21,239.92745520189652,241.1790834500245,235.43343744188456,240.9425506591797,5895100
2021-06-22,240.27241062181923,241.17909714787814,237.40451240171583,239.59239196777344,4457200
2021-06-23,240.22311128947243,240.96225932420927,237.36507823702541,238.3407440185547,4482400
2021-06-24,239.8289225028631,244.10612249989092,239.18831846992168,240.2428436279297,4987300
2021-06-25,240.65675408948744,240.66660398321696,237.50305872538252,238.3703155517578,15409300
2021-06-28,240.67648881989822,244.00757277466337,240.07531441655192,241.03128051757812,4274900
2021-06-29,240.90315401615928,243.20929250639776,238.92222746033332,242.25332641601562,3871900
2021-06-30,241.9280794655153,243.06144882817352,239.9767328301458,240.735595703125,4168800
2021-07-01,240.9622674456302,243.02202309606452,239.10946483061443,241.43531799316406,3899600
2021-07-02,243.34728630836884,245.35777775148378,242.28291113930942,244.6087646484375,4056200
2021-07-06,245.39717582222465,249.2604548579173,244.7861515218978,246.62908935546875,5590200
2021-07-07,249.33929394873923,249.83205935179998,244.27366620679499,244.84527587890625,5101400
2021-07-08,241.29735307077956,243.01218204524858,238.24221666919317,242.24346923828125,5159600
2021-07-09,242.0365055359404,244.41163837279763,240.5582093361049,241.51417541503906,4213500
2021-07-12,243.64291407197044,243.682328685386,238.35061873808363,239.39527893066406,5604500
2021-07-13,238.784248202924,243.58379337025042,238.1830738202325,240.48922729492188,6699800
2021-07-14,240.9622973267945,242.58841724447166,236.39928459388335,238.9222412109375,6375700
2021-07-15,237.72974180427073,238.5280193496323,232.4078814765224,234.1424102783203,7912600
2021-07-16,234.85199376030002,237.39466504090765,234.3296636368658,234.9801025390625,7288100
2021-07-19,233.0878783172371,235.04908997431087,230.91971361857637,234.1128387451172,8843000
2021-07-20,235.2462163416055,239.66139044132967,232.8513835388246,236.6358184814453,8487000
2021-07-21,237.94655348300387,239.46426426463458,234.82242272082402,238.6068572998047,15323100
2021-07-22,239.97674045640423,245.10149740926832,239.81905192542231,244.6875762939453,7868700
2021-07-23,246.3827142782682,246.9346091521703,243.1107446144092,244.6580352783203,5877300
2021-07-26,244.60875027417822,244.8846977049769,242.26319711238958,244.01744079589844,3960700
2021-07-27,243.63306332990373,244.5397498153642,237.70016400412376,239.98658752441406,6352500
2021-07-28,240.29215627751998,242.5194507443798,239.48401370438867,240.4301300048828,4100200
2021-07-29,239.96692693852398,242.59829266639278,239.96692693852398,240.5089569091797,3271100
2021-07-30,239.48396846344437,240.70603198780404,238.13379616945423,238.429443359375,3748400
2021-08-02,238.80397090693927,238.96165944747145,235.42360740806956,237.3749542236328,3525700
2021-08-03,237.88743495193077,239.5332696223613,235.5812813964109,237.64105224609375,3077900
2021-08-04,238.12396298671177,241.1101203070988,236.20218080596877,240.63706970214844,4121600
2021-08-05,241.13968967409335,247.26969298057656,240.0161850669441,246.9346160888672,5235200
2021-08-06,245.62383462831406,248.432603395557,245.6139847340945,246.9641571044922,4045400
2021-08-09,247.78216066175685,248.76769149648086,244.26382340155573,245.71255493164062,3312200
2021-08-10,247.24011353670878,247.61462006279683,239.52340536362377,239.86834716796875,4430600
2021-08-11,241.12983220162954,242.58841365465346,236.62596401939768,238.7744140625,3999200
2021-08-12,238.99122919101757,244.83541986598124,238.42946939281995,244.79600524902344,4467400
2021-08-13,248.06797414672818,250.0981652693579,245.26905513457143,247.92013549804688,5986400
2021-08-16,246.55025018221983,247.3682425897668,240.93272736208556,245.5942840576172,4047500
2021-08-17,244.6678730648522,245.59427443077305,242.38144940926645,243.416259765625,3472600
2021-08-18,244.411657126836,253.08431680093042,244.13570968473343,247.58506774902344,8306700
2021-08-19,245.56471541313135,251.74399793558828,244.78615267318241,249.40829467773438,6600800
2021-08-20,249.33929498235884,254.13882521590452,248.95493856789838,252.42401123046875,5510700
2021-08-23,253.28140038344944,258.0710653472113,252.85762938315176,256.7504577636719,7603900
2021-08-24,258.13023275056815,258.70182736425136,255.31159910623506,255.90292358398438,6685200
2021-08-25,257.0855489675977,258.11050941656,255.00609342485134,257.0757141113281,9701000
2021-08-26,265.8961795232045,271.23776932529495,263.4914821305009,263.915283203125,18987000
2021-08-27,263.98426567991396,266.99015266584524,261.5894330538995,262.67352294921875,7992500
2021-08-30,261.96395069656614,263.70832945947853,260.91929041016465,261.1361083984375,5730000
2021-08-31,260.93896680093883,262.91002830812096,258.8989409987743,261.4317321777344,5901500
2021-09-01,262.4172356721347,269.30611537582604,261.7470820475494,264.4375915527344,7189000
2021-09-02,265.10780313059644,265.364050780252,260.1013195614281,260.3279724121094,4498300
2021-09-03,259.78591781245,263.54078765199694,258.0119443752074,263.2155456542969,7356700
2021-09-07,262.6833924584531,264.02369993346406,260.24913013673694,261.37261962890625,4672500
2021-09-08,259.8056296959658,260.51521308869553,257.7951384038961,258.8200988769531,3851500
2021-09-09,258.031705881903,259.89434363200996,256.6815333693035,256.9673156738281,4126500
2021-09-10,257.22355133466937,257.8050109258827,252.7886625185544,253.47854614257812,5280900
2021-09-13,253.2813954643248,253.9614140683449,248.54099509926402,250.43321228027344,5258200
2021-09-14,250.43323578579188,251.4187665999443,249.3392959805624,250.68946838378906,4097500
2021-09-15,250.85702774450112,253.03505764219545,249.2900372283997,252.45359802246094,4764600
2021-09-16,251.8327030664199,257.4403761463681,251.31037290616536,256.5928039550781,5122600
2021-09-17,255.51853662118606,257.91339910675504,254.93707711080006,256.76031494140625,7049400
2021-09-20,252.87737495551178,255.45946115172563,251.25125495398945,254.48379516601562,5985500
2021-09-21,255.71567717738907,258.75109879961445,254.04026279158091,254.2373809814453,6040600
2021-09-22,255.15390088104942,256.5927673306374,252.5028208019252,255.42001342773438,4355600
2021-09-23,266.0933115692666,275.3474600636616,262.5453947331405,273.8395690917969,15617200
2021-09-24,274.4703225826442,282.21658008691065,274.18451023479344,281.4971618652344,13368300
2021-09-27,278.35328348882626,279.65419118514956,275.0024852423041,275.6332092285156,5941100
2021-09-28,271.1293710346668,272.6963915144962,266.13275260590206,268.34033203125,7127100
2021-09-29,269.5328485065049,270.7056327370613,265.3443419905224,266.58612060546875,4361900
2021-09-30,266.7339554515438,270.29173795194544,266.527002365687,267.29571533203125,5224200
2021-10-01,267.57161619207693,272.3415817261216,264.88110624057066,271.2772216796875,4756000
2021-10-04,271.23778684312555,271.3166160733496,262.2891804500471,266.94085693359375,6393800
2021-10-05,268.1727843984617,269.5919512245286,267.1084243169188,267.83770751953125,4050400
2021-10-06,265.76812990179707,271.50389685753686,263.62951462448035,271.2870788574219,4745500
2021-10-07,272.8934945227834,275.4558808247282,270.11429022430445,270.6070556640625,5374200
2021-10-08,271.5531977914285,272.91323527155515,268.33049243825434,268.5374755859375,2683300
2021-10-11,267.8475655777813,272.2725893438679,267.58148308322853,269.7890625,2693000
2021-10-12,272.42047815070254,276.6878139263413,272.026241710296,274.963134765625,5970100
2021-10-13,275.9486056564766,280.9748184175647,274.5688686433965,280.2947998046875,6573500
2021-10-14,281.8618158285872,286.4346932911041,280.54120813277774,285.8236389160156,5433900
2021-10-15,288.2579188070059,288.6324253553096,285.13380274545045,287.43994140625,5119300
2021-10-18,286.572607630255,289.0068695933829,284.53255192076534,287.47930908203125,5163300
2021-10-19,287.87355913133314,291.25392263266644,287.14424587133857,288.1100769042969,3631200
2021-10-20,288.86893148409996,291.1356704727586,283.7836187918026,285.89263916015625,4487900
2021-10-21,285.28159185007297,287.35121247251885,284.0989429012433,285.6166687011719,2828500
2021-10-22,284.8183867157991,288.7605097153257,284.01024428265333,288.3268737792969,2927000
2021-10-25,289.0561514932211,290.8596895742743,287.49902617103237,289.6672058105469,2993500
2021-10-26,291.500284657675,294.0429407646878,289.3715346239842,290.8399658203125,3601400
2021-10-27,292.2394624372004,294.8609781135095,290.82029560376975,290.8794250488281,3742700
2021-10-28,290.8005484045966,294.4864235670595,289.28282271816664,294.0626525878906,3450400
2021-10-29,293.6881494366432,296.42792358740775,291.9831704934225,295.35369873046875,4251900
2021-11-01,297.13752459469157,300.44889351687306,295.38328104224763,298.3793029785156,3825100
2021-11-02,297.3543451632801,299.0494592909249,295.0777714903867,298.5665588378906,4177500
2021-11-03,299.5521065584204,299.5521065584204,293.87543937699326,298.5074462890625,3260200
2021-11-04,299.1085980034387,303.94755784385154,298.0245081074988,303.5829162597656,3833800
2021-11-05,304.0362960033246,306.8943297236467,298.95095272685353,302.80438232421875,4681800
2021-11-08,302.75508353001345,306.88446012093624,301.4738754031892,305.4751281738281,3893000
2021-11-09,305.51451104918453,307.23918974059126,302.7747369595903,305.22869873046875,3126500
2021-11-10,302.13417109397403,304.12493239378784,293.57977134988744,295.3340148925781,4350900
2021-11-11,297.13756433917683,301.3260706358319,297.13756433917683,298.5961608886719,2681900
2021-11-12,300.094127498294,302.77477246749334,297.26565892483995,302.2130126953125,3803700
2021-11-15,302.4593957347556,303.3069678601246,298.84251455053135,301.0697937011719,3595300
2021-11-16,299.6801797560283,303.12953741014286,298.3398723612009,302.6466369628906,2989400
2021-11-17,303.3266536305757,305.41597401253716,302.80432353508536,303.56317138671875,3864700
2021-11-18,301.7301027915054,302.54808009347084,295.24529351158526,298.60595703125,4443100
2021-11-19,301.28660496062884,301.57241730681096,296.7433225220024,296.81231689453125,4758900
2021-11-22,297.47257524860396,301.069756196133,292.426663006195,292.544921875,4474700
2021-11-23,289.4010833477229,292.1802871333191,284.1383530314294,287.203369140625,6431100
2021-11-24,281.90127580673675,285.26193988916464,279.1023715729883,284.9859924316406,5091400
2021-11-26,280.3834991071077,283.4090857357506,278.94463262963393,280.0976867675781,4195300
2021-11-29,285.3308772821122,294.07256107570686,280.58064150252585,292.4464111328125,8215600
2021-11-30,291.9043749231677,294.93979660431245,279.299427359801,280.83685302734375,13597600
2021-12-01,267.33509036789,272.93289800854046,247.82157781696276,247.86099243164062,30723100
2021-12-02,249.1619310056201,258.78069220160233,248.49176216941956,257.4206848144531,12200800
2021-12-03,257.76559727265806,257.962715484906,248.058126839775,254.5823516845703,8944000
2021-12-06,252.39442261346227,255.47913856952303,247.08241265088787,255.00607299804688,7123000
2021-12-07,261.6288959109342,266.3200327391229,259.78595789300783,263.12689208984375,7401200
2021-12-08,264.42775708615676,264.6150103375418,260.74188165028545,262.4566955566406,4586500
2021-12-09,262.1906281317687,262.82135221790196,258.83982935440025,260.4955139160156,3967000
2021-12-10,262.24978051458504,266.6551048743797,260.613795598928,262.1807861328125,3480100
2021-12-13,261.95407242850496,266.6452086217697,260.78128838018876,261.9146728515625,3625700
2021-12-14,258.20908690483174,258.35691051953603,249.63497137780715,251.89183044433594,7227300
2021-12-15,251.1625280915667,256.42525890617594,248.25520022782712,256.2774353027344,6484900
2021-12-16,256.2380067314217,257.56847932003745,248.57057834842198,249.45755004882812,6556700
2021-12-17,247.60474463817613,250.2262449364738,243.21912088372704,249.27027893066406,12119400
2021-12-20,246.27428718413452,247.900406963667,242.93333842556285,243.63307189941406,5580100
2021-12-21,244.4116297407601,249.3491334601473,241.7014201367799,248.8957977294922,5428200
2021-12-22,249.75322095727873,250.58106324477114,245.89979180558427,249.14219665527344,4982400
2021-12-23,247.59491212370662,250.6303489571645,245.73225941204012,249.47727966308594,3769500
2021-12-27,249.72366176145482,254.6907306343302,249.57583814899115,254.56260681152344,3531800
2021-12-28,255.97194647810358,257.0067418724587,251.25124513814583,251.7538604736328,3293700
2021-12-29,252.2958761643789,252.71964717563085,249.4575427453677,250.85699462890625,2592700
2021-12-30,251.60600962063953,254.1683806103462,250.77816737956536,251.6355743408203,2950600
2021-12-31,250.78801875055754,252.77878009848277,249.96017650460806,250.45294189453125,3169300
2022-01-03,251.32021673829635,252.98578131950438,245.05223992844466,251.7637176513672,4316800
2022-01-04,253.13359136474864,253.15329115333483,239.87819010735723,244.6383056640625,7240700
2022-01-05,232.75282101178922,234.75344745119767,224.02101700529428,224.3758087158203,18882500
2022-01-06,224.7404261082968,231.08724655835738,222.7792295358007,225.83436584472656,9376100
2022-01-07,225.19376874516624,228.91907365090802,222.77922149707516,225.0065155029297,6286700
2022-01-10,222.23721718446743,226.5045677713288,215.72285735638687,226.30746459960938,7803800
2022-01-11,225.4894328978046,232.93019287949238,223.28183866002274,231.44203186035156,7635300
2022-01-12,233.5707711587781,235.81777990612593,232.34870770190275,234.38876342773438,6718900
2022-01-13,234.06358402605107,235.3349122446691,224.6221963900393,225.32192993164062,6680300
2022-01-14,224.73061196035258,229.91449912764335,224.3166907831628,227.88430786132812,5805100
2022-01-18,225.1445110574033,227.39152010635755,222.04009501392898,222.78909301757812,6032000
2022-01-19,224.17869721083778,228.85011871928864,222.89750413505098,222.99606323242188,5332600
2022-01-20,225.7555575400784,228.05183117200013,219.2707627852505,219.71424865722656,5663700
2022-01-21,219.83247706507996,221.51774119052493,215.0920767711864,215.46658325195312,9128400
2022-01-24,209.31688564698777,220.14787453386143,204.50749053917747,219.8029327392578,11664300
2022-01-25,217.80229613640714,220.6603293012753,211.56388467327875,212.27346801757812,9092700
2022-01-26,216.43241143667788,218.25564936320055,206.04492381268943,207.94699096679688,10029600
2022-01-27,210.98241171340592,219.92116724320067,208.99163551091166,209.66180419921875,9462100
2022-01-28,211.1992615828305,219.07364335382124,207.82874792156176,218.9159698486328,8254900
2022-01-31,219.72407736226194,229.53997023367765,219.04405873974144,229.26402282714844,7084200
2022-02-01,229.00778100878614,229.4118522350122,223.04533185996513,228.7613983154297,6387100
2022-02-02,230.35798273470408,231.09713086078762,219.7930909828428,221.75428771972656,9378900
2022-02-03,214.9146915616869,217.5953212880287,207.35565769764548,209.69137573242188,12826600
2022-02-04,211.87929617961325,218.46263545337547,210.10533753045303,216.0579376220703,6176500
2022-02-07,215.83122303937185,218.23592035054887,213.52508481327786,213.83059692382812,3922300
2022-02-08,212.48044270726146,214.78658112902778,209.0803494774705,214.28395080566406,5628700
2022-02-09,217.9402835319294,218.97509389387696,212.45088471958968,218.82725524902344,6107700
2022-02-10,214.55007253626835,218.77800849123773,212.68741974882258,214.5205078125,5312600
2022-02-11,214.47122217946924,216.74779607313377,203.12776732905087,204.89186096191406,8165600
2022-02-14,202.82224947993046,206.8629168931638,201.6691802039635,203.41355895996094,7005900
2022-02-15,206.71507499988604,211.46534043743495,205.50287638692882,211.14996337890625,6353000
2022-02-16,207.94700183251032,209.3464537843579,205.1973774771352,208.67630004882812,7072700
2022-02-17,205.31561977598616,206.715071614777,196.61338158354238,197.13571166992188,8820100
2022-02-18,197.50036962512144,199.66854945197758,192.95707195922046,193.99188232421875,6691800
2022-02-22,192.7008316618864,198.54503699041567,190.72977010749653,192.30662536621094,8434800
2022-02-23,193.5089819577437,196.12063260792286,187.37897907218417,187.7830352783203,7784300
2022-02-24,182.0669474585897,201.93523499920533,181.77128524013304,201.3340606689453,11792600
2022-02-25,201.75786756247334,205.45360808048758,198.6928661580133,205.0791015625,5853600
2022-02-28,204.78345045899027,208.60731500190855,203.95560814702057,207.4838104248047,7904700
2022-03-01,210.31226157935595,211.28794246126037,205.44375217793012,205.86752319335938,12587300
2022-03-02,212.97319702842165,214.1656807918956,198.239500566515,207.34580993652344,16670100
2022-03-03,207.345822878995,208.56788647565102,201.26509969246882,201.7874298095703,6559900
2022-03-04,201.73816615413014,203.39386583609104,196.37687581331605,200.07261657714844,6813600
2022-03-07,200.5062347486452,201.9648160965153,193.20344803913642,193.3907012939453,7043500
2022-03-08,191.46893083664276,194.3466790915624,186.4624323532596,189.30076599121094,8229000
2022-03-09,195.48004291764755,202.2604846902341,194.36638828597563,200.22044372558594,6881300
2022-03-10,196.2192024186572,198.2888082248192,194.67191173304323,197.25399780273438,5604200
2022-03-11,201.80713602391475,201.80713602391475,194.7704470657008,195.03652954101562,5196900
2022-03-14,195.37164232023176,197.26385975931782,189.0445360288481,190.32571411132812,5665500
2022-03-15,195.65743530405192,197.06675221667382,189.95121839095052,193.30201721191406,5276300
2022-03-16,195.78555937284202,202.92079299692847,194.474801557178,202.5955810546875,6043400
2022-03-17,201.65930778886636,207.63162203981898,199.62911674387655,207.36553955078125,5842600
2022-03-18,206.20260312932382,216.40285282836066,205.29591660643266,215.63414001464844,12220600
2022-03-21,215.032979143639,215.92981582866335,207.56265347606566,210.62765502929688,6448700
2022-03-22,210.62764976714735,218.64002021109974,209.54355984112425,215.0526885986328,7018800
2022-03-23,210.77544875825112,210.83457819494495,205.29590040054322,208.05538940429688,8404700
2022-03-24,209.27746046221097,211.01198916591403,206.83333337853136,210.8838653564453,4150300
2022-03-25,211.16967219694556,212.7366624371649,205.46344089032766,207.97654724121094,3656500
2022-03-28,207.33597467165905,212.26362867535468,206.2715996023,212.16506958007812,4290900
2022-03-29,215.4567388150057,218.94552627041332,213.63351585669972,218.08810424804688,5370400
2022-03-30,216.5309725660687,216.6689462726496,210.31226076186928,211.82998657226562,4951200
2022-03-31,211.39634408568148,213.65320286735624,208.72554915906528,209.24789428710938,7141300
2022-04-01,209.40559244719066,210.93316828432734,207.00089474816372,209.17892456054688,6007900
2022-04-04,211.5244547120887,217.80228033305644,211.00212465460183,215.6833953857422,7843600
2022-04-05,214.84571421102717,215.11181173743495,205.65071005055407,207.0994415283203,7304600
2022-04-06,202.24077074983157,202.49700332978824,195.21393172749933,197.91429138183594,7171300
2022-04-07,196.23889449370617,199.78681150479653,195.32235803801194,197.26385498046875,5246000
2022-04-08,195.76583964916435,197.24413586531432,193.77506320077387,194.31710815429688,3897700
2022-04-11,191.39993027515322,194.2481134920402,189.3795892648757,192.62197875976562,5173800
2022-04-12,196.85978137266912,198.20995378443962,191.7645888358197,191.9912567138672,4832200
2022-04-13,189.21206631692604,194.2481293759471,186.58070084917236,192.88809204101562,8733000
2022-04-14,193.47940908596834,193.6075178609534,186.48213456393594,186.6693878173828,5126700
2022-04-18,185.57546617073285,186.61027659374219,182.84554144515778,184.3041229248047,4899500
2022-04-19,184.53078098734161,189.41900503158587,182.83566691319086,188.6207275390625,6120400
2022-04-20,190.09902345620674,190.5030946679185,183.38756153633437,183.53538513183594,6015400
2022-04-21,186.0485188596889,187.41840618531762,174.18273364700636,174.66563415527344,9119500
2022-04-22,175.12880574403536,176.45927822977612,168.6243120219832,168.94952392578125,8843900
2022-04-25,167.2347330378127,172.23136664832097,166.78138222820476,172.04412841796875,7988900
2022-04-26,170.1223211949848,171.20641108579778,165.12568787898041,167.61907958984375,8073300
2022-04-27,168.5257654989226,174.66561812487896,168.16112391789986,172.1525115966797,9644600
2022-04-28,178.78515510809197,184.22527457274097,176.39030732282183,183.05250549316406,10614800
2022-04-29,179.92836096543172,182.67798521333438,172.76354801435036,173.394287109375,7110800
2022-05-02,172.55660491655092,175.2076854934819,170.6151078040033,175.000732421875,6278400
2022-05-03,174.38964924326294,177.77987715792221,173.58152191272464,175.7792510986328,5047700
2022-05-04,177.1097326915074,183.2889994919266,172.21164379945864,182.79623413085938,7563100
2022-05-05,177.87844479116941,179.6031235485,167.36283382960565,169.80694580078125,8379400
2022-05-06,167.03761483165513,169.93506264983824,163.18418593004282,167.24456787109375,7232700
2022-05-09,164.30770048552307,167.82603771397478,159.78411760408218,161.23284912109375,9997800
2022-05-10,164.99757337065276,168.78200823168282,160.9174762465406,164.73147583007812,8598700
2022-05-11,163.1053293072158,167.52050259081204,158.50290278630993,158.93653869628906,7220100
2022-05-12,154.6593535153424,164.4358330616496,152.4024944207301,158.09886169433594,10187500
2022-05-13,161.18355030161837,166.2393126078342,159.66582459000963,164.49493408203125,6499700
2022-05-16,162.3563548942589,163.7065273237404,159.53773610945316,161.7453155517578,5065800
2022-05-17,164.90887899045728,166.6532728061853,155.97997189253903,161.3609619140625,7317700
2022-05-18,160.4641277080721,162.13952701488378,153.9300538696998,155.05355834960938,7454400
2022-05-19,152.9839456640418,156.94578378885132,152.4911802518319,153.34860229492188,8382200
2022-05-20,156.44314433738694,158.40434075097613,152.31376841429523,157.3399658203125,9068700
2022-05-23,157.52723956411248,158.4043613751559,153.6541107358666,158.00030517578125,6148800
2022-05-24,155.48718952836632,156.09821377684332,152.31377933297577,154.65933227539062,6928400
2022-05-25,153.0726312426211,159.54755993998572,153.0726312426211,157.3399658203125,7436800
2022-05-26,157.37940488729177,161.3215278124896,155.29008454909868,160.1093292236328,6697700
2022-05-27,158.34522674085252,162.83924463829482,157.93130562272032,162.7111358642578,7883600
2022-05-31,164.54423128429156,164.85959332493545,157.04434118995746,157.9214630126953,18114600
2022-06-01,175.43431685414828,181.75157233528117,171.84698565939354,173.52239990234375,37037400
2022-06-02,172.4679034925296,187.37899047521762,172.17224122179798,185.67401123046875,19231200
2022-06-03,182.32319122989747,186.89605337057574,181.14055732141287,182.2344970703125,9224000
2022-06-06,186.19629705154895,187.6647431224156,179.07091471759375,180.22398376464844,5811700
2022-06-07,179.08080287849455,185.87110928398332,179.08080287849455,184.44207763671875,6331100
2022-06-08,184.29424572916832,187.80273270702241,182.70754065907076,186.4525604248047,6226200
2022-06-09,185.8021160825799,189.89206278967794,183.90989879634134,184.4026641845703,8467700
2022-06-10,180.9730229878641,181.28838501952063,174.63605221613346,175.8679656982422,7855800
2022-06-13,168.08228919201454,170.1814596731341,162.67171942094447,163.627685546875,10726200
2022-06-14,166.28861211547394,167.17559888197223,159.80381747368295,162.07054138183594,8576200
2022-06-15,164.31753292398156,169.01851867443085,162.2971919380564,166.1112060546875,7740700
2022-06-16,161.36095877402857,164.48508970422256,156.3248956253168,157.537109375,8090900
2022-06-17,156.2657591636957,163.82477849460534,155.88140275832762,160.8977508544922,13074600
2022-06-21,162.66183334336824,166.8996180561723,162.5139947261983,164.41607666015625,6736800
2022-06-22,162.31692041587505,167.98372253903833,161.8340199462254,165.02713012695312,5864500
2022-06-23,166.6433884720919,170.88117364273768,164.70189171993567,170.5460968017578,7258000
2022-06-24,175.14855375603585,183.71281973225857,173.99548440098056,183.2299041748047,12107100
2022-06-27,183.4171352548863,183.88033592752586,177.85874222121777,178.68658447265625,6170600
2022-06-28,177.68135013928648,179.69184149241516,168.95941114894157,168.9791259765625,6668600
2022-06-29,170.0040403012334,171.26551835376162,165.62828172739918,168.14138793945312,5430400
2022-06-30,162.66185772994424,165.07640512567374,158.77886406299666,162.65199279785156,9539400
2022-07-01,162.37605269672238,166.70253240052304,161.67633423491336,165.7662811279297,4561600
2022-07-05,163.69667554961208,169.85624318711996,162.22822921114772,169.70840454101562,4614200
2022-07-06,171.00932121881695,172.52703214584986,168.3582407655251,170.23074340820312,4085100
2022-07-07,171.64990509557518,174.37982974092685,170.6643742527197,174.08416748046875,4000100
2022-07-08,171.53166126063297,174.05461803368266,170.33916221939802,172.96067810058594,2869200
2022-07-11,171.48235127122007,173.76878983974584,168.78199159039346,171.83714294433594,3689300
2022-07-12,169.71826576257016,170.87133499453827,161.9719930694968,163.92333984375,7073000
2022-07-13,160.06006035942053,163.44042377508865,158.83799675738544,161.1244354248047,6225900
2022-07-14,158.70001949069814,159.37018823744233,155.36892065913085,158.70986938476562,6096100
2022-07-15,161.3412490192353,165.18481300812422,159.87280275783613,164.95814514160156,6037700
2022-07-18,166.50541456689942,170.14202538286435,164.6920416247507,165.46075439453125,3818200
2022-07-19,168.44692158597536,171.5809173321482,165.38192021365845,171.29510498046875,4373400
2022-07-20,173.5519776356107,180.84489944545655,173.06906213621573,179.81008911132812,5654000
2022-07-21,178.04599481953244,182.84552491933044,177.30684673247492,182.6681365966797,3886000
2022-07-22,182.39218952192797,184.84615155122782,178.31207763724794,179.82980346679688,3804700
2022-07-25,179.19904925122864,179.35673777258364,172.54671701636636,174.7247314453125,4407900
2022-07-26,174.54738114394223,174.56709597290566,167.30372289573793,167.9936065673828,3886500
2022-07-27,172.32990307983357,179.59325970690992,171.82728782404317,177.69119262695312,4960900
2022-07-28,175.82855167077383,179.2483447115697,173.38442448674255,178.6668701171875,4562100
2022-07-29,179.1892114171047,181.7515823905448,177.61235617344457,181.3573760986328,4751400
2022-08-01,178.67674339395117,182.5005928079245,177.15901748675995,180.33242797851562,3997100
2022-08-02,178.19379906659708,182.46114869692335,176.83376192197446,181.13067626953125,4317900
2022-08-03,182.84553213369344,187.9210098498774,182.68784359311124,186.90591430664062,5786300
2022-08-04,185.8316769581604,188.80798405212838,184.54063407379186,188.50247192382812,3759700
2022-08-05,184.29426507189572,189.0248160599522,183.58468167178688,187.41839599609375,4090300
2022-08-08,188.32510923193485,191.55764960678238,186.34419739819273,187.00450134277344,3396800
2022-08-09,183.6043867025005,184.42237905170305,177.2181514802762,179.60313415527344,5851700
2022-08-10,185.43749555317544,186.82709771481177,183.51571332857623,185.8809814453125,4179200
2022-08-11,189.35002753078572,189.7146690955868,183.62409628779983,184.0281524658203,4175100
2022-08-12,183.92960084277118,187.27054934130865,182.82579622398822,187.14242553710938,3846200
2022-08-15,186.3145903254756,189.33031199870013,186.16675169094148,188.29550170898438,2768500
2022-08-16,186.80737188253633,188.08856496946993,183.66352612794006,186.84678649902344,3835900
2022-08-17,185.0038389036297,186.68908811322203,183.77192543076728,185.24037170410156,3181300
2022-08-18,185.6937156873888,185.84155433350148,183.90990730554702,185.21080017089844,2791600
2022-08-19,182.54000902963583,182.75682700042196,178.95267765572788,181.11099243164062,4346100
2022-08-22,177.39554242978934,177.977001987521,173.5125487060785,174.4192352294922,5182900
2022-08-23,173.33517128555104,175.53290087770438,172.3792051548371,173.45343017578125,5076800
2022-08-24,174.1137112393267,178.60772893558425,173.5125368960463,177.40538024902344,11438800
2022-08-25,166.14078063889846,171.62032936770248,163.16447347369683,171.39366149902344,24025600
2022-08-26,171.44292723934143,173.7490654689011,162.24792400106594,162.8392333984375,11074700
2022-08-29,161.90302519158692,163.4207512939514,157.73423343406975,157.8919219970703,9329900
2022-08-30,159.79397312186416,161.47923751006263,156.08838250002245,157.35971069335938,8079400
2022-08-31,157.47798069303005,158.8774478471225,153.7132603600737,153.861083984375,9166100
2022-09-01,152.62915568410168,153.08250648516187,148.68703234204023,151.3085479736328,9924000
2022-09-02,154.19615684882652,156.37417151339824,150.7467990205486,151.4662322998047,7315700
2022-09-06,150.66796921207646,152.1955300808056,148.63777795866127,149.52474975585938,6373700
2022-09-07,149.1009525427215,151.83087715042646,148.3026749770983,151.06216430664062,6211400
2022-09-08,150.11605818512913,154.75789981672122,149.58386313357946,154.62977600097656,6659200
2022-09-09,156.3051839242968,160.92731053823346,156.17706011384877,160.23744201660156,5642300
2022-09-12,161.3215425321902,163.26303945304147,160.38529125962907,163.2334747314453,6353400
2022-09-13,155.96024730915462,158.9266895694095,155.52661135605288,155.8124237060547,5463200
2022-09-14,156.29532699575591,159.31104885760425,155.72371732341765,157.96087646484375,6037300
2022-09-15,154.53122741156895,157.5272343292089,152.07725038585946,152.5404510498047,7012200
2022-09-16,149.72185081452554,150.00766319354784,147.3959973155523,149.31777954101562,9882300
2022-09-19,148.5293321598826,151.31837069000545,148.2238050238226,150.61865234375,4874800
2022-09-20,148.8151565813509,149.38676627211825,146.6962712942365,147.6325225830078,5505700
2022-09-21,149.03197921252476,151.0818852245961,145.37565307182848,145.49392700195312,6164400
2022-09-22,147.34670838264137,150.648242664968,146.99191668375852,147.97744750976562,12405100
2022-09-23,145.92753341772206,147.67191187497465,142.69497898753735,144.8828582763672,9175800
2022-09-26,144.87301928789262,149.00239550905022,143.24689957639407,144.20286560058594,7862400
2022-09-27,146.22319179911415,148.43078608122823,144.14372132599053,146.7356719970703,7046600
2022-09-28,143.88747046829354,148.6968647043265,143.56224355924994,147.99713134765625,7908400
2022-09-29,146.30203025387814,146.82436032485984,142.91180222018204,144.68576049804688,8602500
2022-09-30,143.89732777764365,146.47942836004643,141.67003387612502,141.75872802734375,7575600
2022-10-03,142.88224647012316,146.80466975237405,141.81787143659824,145.75999450683594,6819900
2022-10-04,149.50504182862613,155.14228005515545,149.03199118415068,153.4767303466797,8017900
2022-10-05,149.99777938426556,154.688915448703,149.741546799118,153.96946716308594,4256200
2022-10-06,153.46686493114558,155.9602567748049,152.20538664810877,153.21063232421875,3853900
2022-10-07,149.6035940265515,150.95376655098943,147.110202045943,148.1154327392578,5956700
2022-10-10,148.44067013047254,148.77576208970407,142.4880696787228,143.53273010253906,5497800
2022-10-11,142.41905833866284,142.87240914835598,137.50126900011853,140.50714111328125,7415000
2022-10-12,140.250885480902,141.36454009499155,137.56039061255106,140.23117065429688,5707100
2022-10-13,136.94935186108734,144.22255815728926,135.59916458440355,143.33558654785156,6548600
2022-10-14,145.19826425315557,145.56290586131473,139.94538293423227,140.16220092773438,5736300
2022-10-17,143.95650543794807,146.84410374981806,143.828381609091,145.05043029785156,6288200
2022-10-18,154.1862962087768,156.6698381249175,149.7021278995805,151.3085479736328,16354800
2022-10-19,149.66269450317782,153.6935115055262,148.46034583167946,151.44650268554688,6220500
2022-10-20,152.75725785512773,158.96610424651777,151.37752089615438,155.22108459472656,9203400
2022-10-21,155.22109739817495,158.10869535692657,152.57988213370612,157.8524627685547,8335500
2022-10-24,158.84783055475125,159.23220196313997,156.10805641960502,158.32550048828125,6259200
2022-10-25,159.36031031136326,163.62766002359928,159.35046041809892,162.878662109375,5804500
2022-10-26,157.4878281907956,161.7453135174112,156.4037382725796,157.5962371826172,6617500
2022-10-27,159.4589095556138,162.27752865359466,157.01479702806668,157.43856811523438,4987700
2022-10-28,157.20200186676885,160.73020369680765,155.88139429316934,160.66122436523438,5055400
2022-10-31,159.7742413582189,161.62704399174962,158.67045172360784,160.23744201660156,4878100
2022-11-01,162.61256435481351,163.30243283235416,157.33011923849452,157.5075225830078,4545900
2022-11-02,157.20202062319743,157.45826826877214,147.79021302692033,147.8394775390625,7238200
2022-11-03,146.84408819169118,148.24354011352102,144.01561962727504,144.2127227783203,5999400
2022-11-04,144.38025251619356,144.82373833884697,134.07159442288827,137.7476348876953,14265300
2022-11-07,138.58532098130286,142.83295585419967,136.76209822542634,142.4978790283203,7379900
2022-11-08,142.9906766330602,149.36706284655588,142.980826737608,144.9716033935547,9101800
2022-11-09,143.73967145072575,144.2127220183428,139.8862424603708,140.00450134277344,5588500
2022-11-10,148.8151216646782,154.1074162123801,147.56349358308262,154.03843688964844,8777900
2022-11-11,154.22573573390272,157.6060994978197,153.32889900706465,155.44778442382812,7382500
2022-11-14,153.56542999709754,157.84263043662295,152.412345626112,156.3643341064453,6580100
2022-11-15,160.3261502220988,162.8589717052899,158.42408291452557,159.72499084472656,8116100
2022-11-16,157.68492921070586,158.49307169115397,151.60420593257882,152.8755340576172,6454700
2022-11-17,148.01687429015465,149.56414983717985,146.19363628223917,147.52410888671875,7357900
2022-11-18,149.64298430598723,150.11604988966886,143.54254660489497,145.89796447753906,7555700
2022-11-21,143.9072043046067,145.2080970746535,141.32510351414015,142.75413513183594,8015900
2022-11-22,143.09908152639653,147.2186084463818,140.85207231113472,147.09048461914062,7017700
2022-11-23,145.48406840636827,150.697535351742,145.41508906229777,150.0372314453125,5558900
2022-11-25,149.8696862433847,151.8111682174499,149.18966753870845,151.13116455078125,3023700
2022-11-28,149.80068282806943,153.07265232913628,149.80068282806943,151.4662322998047,7931700
2022-11-29,150.51028161147082,151.79147480065288,149.07139986774152,149.48532104492188,6398100
2022-11-30,148.56876267360263,157.93130493164062,147.9577384120821,157.93130493164062,14591500
2022-12-01,145.4150612629589,145.4544758751773,140.02420700226475,144.87301635742188,33721500
2022-12-02,142.2022100105875,143.1089114365402,140.7140641517814,142.4683074951172,15086700
2022-12-05,140.73379446541318,142.30078475277583,130.95733120511747,131.99212646484375,20294600
2022-12-06,130.78981043246253,132.60318365267497,129.01585183094693,131.34170532226562,16981800
2022-12-07,130.58281723237508,131.8147306024918,128.13870531670483,128.592041015625,12915900
2022-12-08,126.5717169111157,129.55788915231088,125.18212235473266,128.24713134765625,15156900
2022-12-09,127.86277919407648,131.44024599014313,126.5027417950716,129.21295166015625,10287500
2022-12-12,129.20310926611293,132.14983708435216,129.05527060572103,131.18402099609375,11852400
2022-12-13,135.4020935374033,137.85607096073713,132.1005589148384,133.65769958496094,12579800
2022-12-14,133.0565103089285,135.28381958167228,131.3022666561343,132.80027770996094,9611800
2022-12-15,129.76482611995868,132.17937333955499,127.80361460336961,128.55262756347656,10807300
2022-12-16,127.05462861501843,128.0007447973851,125.05400229904137,126.4140396118164,15464700
2022-12-19,125.92126213686097,127.7050779287832,125.35950990335031,127.14331817626953,9441400
2022-12-20,125.65517182085884,128.1091488253954,125.34965969153222,126.59142303466797,8455500
2022-12-21,126.1085117663202,130.24774535874815,124.76818936713433,128.41465759277344,9313200
2022-12-22,126.80824426859544,127.66565123916168,124.51195573557852,127.32072448730469,9968600
2022-12-23,126.86737467507996,127.98102928247908,125.74387017344071,127.56710815429688,5821300
2022-12-27,126.69983430876465,129.84367989406437,125.80300521140833,128.7694549560547,8300800
2022-12-28,127.833193237875,129.24249491538657,126.31546754424176,126.61112976074219,6249800
2022-12-29,127.82334938789842,131.02632467922743,127.62624622372581,130.62225341796875,7628800
2022-12-30,128.72017729114435,130.72080359503238,128.47379459324674,130.67152404785156,5630200
2023-01-03,133.2339205083398,134.9684494230835,131.10517022342182,132.82984924316406,8196400
2023-01-04,139.17665616900635,139.79754536460237,135.62873939132356,137.5702362060547,14322600
2023-01-05,135.64845682372635,136.58470806310257,132.29765816553572,134.3672637939453,8493500
2023-01-06,135.5893306556405,139.6004332329107,133.58870431421462,138.4769287109375,9145700
2023-01-09,140.52684934926768,147.0412092891354,140.52684934926768,144.9716033935547,13679700
2023-01-10,143.70023595246914,147.12002885089518,143.49328291668294,145.30665588378906,6527700
2023-01-11,143.17794287249455,144.9124720236028,141.48282834477095,142.80343627929688,13595000
2023-01-12,145.70088084166272,147.65224280006558,141.85731644724692,147.4354248046875,11678000
2023-01-13,144.08462045770398,147.790226417389,143.97621145275556,147.3467254638672,8378100
2023-01-17,147.4354013490774,148.31252308610766,143.98604383792392,146.32174682617188,9407600
2023-01-18,146.7061071721784,147.3762608599416,143.18775519740433,143.34544372558594,7812600
2023-01-19,141.4433815920331,144.55764742433283,141.08858991012474,144.29156494140625,7070100
2023-01-20,142.21208784747714,149.33747083983144,142.21208784747714,149.0615234375,10127100
2023-01-23,155.0732661049752,155.58573125630005,151.01286927875103,153.6146697998047,19922900
2023-01-24,153.64423858064322,157.8918887636143,152.2645015398213,152.61929321289062,6390200
2023-01-25,149.02211513185406,154.13700722311864,147.6522279558726,153.91033935546875,9390500
2023-01-26,155.90112207624946,162.78012295630717,155.81242791199531,162.70127868652344,13354600
2023-01-27,162.661856471848,164.82017126258032,161.23283986404084,162.1395263671875,9872300
2023-01-30,161.6960419679007,164.03174509964487,161.03572311318212,162.36619567871094,8169800
2023-01-31,161.90300071137108,165.57902643219225,161.90300071137108,165.53961181640625,6421300
2023-02-01,165.30306081300427,170.57565609593723,164.5836276095441,169.33389282226562,8853900
2023-02-02,173.16762331775766,176.25232449293895,170.3982691405023,172.11309814453125,10667100
2023-02-03,167.55997010139512,172.54675411695365,167.40228154613433,168.56520080566406,6481700
2023-02-06,165.56917827563683,168.69330918020555,164.92858925584457,166.60398864746094,4310600
2023-02-07,165.14538630846295,169.24518258391353,164.19927022150972,168.80169677734375,6179200
2023-02-08,167.5402397365014,169.9547872427496,166.78137679293533,167.17559814453125,7694500
2023-02-09,170.82206610182453,172.84240737636998,169.5211581458414,171.1472930908203,11512300
2023-02-10,165.23410947586729,167.28401549254102,162.93782074139156,164.61322021484375,11273700
2023-02-13,165.84512495801388,168.68345852786467,164.53436716465936,168.6046142578125,8820300
2023-02-14,165.78601004498606,170.2898784611491,165.42136842229243,167.50083923339844,8393100
2023-02-15,166.4068692194051,169.12692861142997,165.8056948745946,168.6243133544922,4997000
2023-02-16,166.54486903354754,167.90489142380622,165.52977342891637,165.67759704589844,7483500
2023-02-17,162.64216238463078,164.69206845061305,160.38530325200105,162.78013610839844,8084500
2023-02-21,161.37084526644662,162.12969328045438,159.1139709402951,159.28150939941406,5210800
2023-02-22,160.7499246802648,162.61257723617712,159.76439390913646,160.99630737304688,4343700
2023-02-23,162.89838482217738,163.07578819193805,159.23222395720617,161.7453155517578,4679400
2023-02-24,158.26639834012738,160.0403569085275,157.34986185195842,159.8531036376953,6569900
2023-02-27,161.46936379649983,162.38591526669805,159.87280870145307,160.7794952392578,6891200
2023-02-28,160.1783159962289,162.07053328366712,159.19278521914606,161.24269104003906,6912600
2023-03-01,160.63165902596197,165.5494477421825,160.62179409434276,164.92857360839844,15841200
2023-03-02,190.32569721072548,191.1042749391655,182.52029532834925,183.8901824951172,37712500
2023-03-03,185.34876770983695,187.02416690798754,181.62344779384793,183.73248291015625,12087200
2023-03-06,182.39216156246812,186.26528973393172,180.97299504412894,181.14053344726562,10770300
2023-03-07,181.7910001276586,183.46639931548526,180.3816834023303,180.66749572753906,9024300
2023-03-08,180.64779823973635,182.2246384933722,179.16950204307403,180.3028564453125,6749100
2023-03-09,180.45070901916617,181.17999224149844,175.9566756024332,176.1340789794922,7102400
2023-03-10,175.9172561774397,176.76481330732187,169.22550834349167,170.67422485351562,14109000
2023-03-13,168.5257662801356,174.53751015679333,167.54023548317573,172.9705047607422,9154800
2023-03-14,177.39554520782332,182.62871138537304,176.51842339137156,180.2437286376953,10138100
2023-03-15,176.56770247766377,181.19969424948948,175.63145122133835,180.26344299316406,7716900
2023-03-16,180.6477670166231,184.93481622316742,180.33238999760167,184.5898895263672,8369500
2023-03-17,183.34813824972883,184.94470832659243,181.51505041185297,182.1753692626953,10493300
2023-03-20,181.54464983946536,182.8356928848894,180.00720903628059,182.56959533691406,5513200
2023-03-21,183.18061192501872,186.54127568948445,182.21479591506335,185.949951171875,6982000
2023-03-22,187.25086371162712,188.67003055847013,183.71281152746081,183.8113555908203,6575600
2023-03-23,184.6884756180801,187.80275671899042,182.89481728751002,184.7279052734375,8685000
2023-03-24,183.80149504181676,187.5662299333025,183.39742380284451,187.3099822998047,6102700
2023-03-27,186.1864762911461,189.33032193841552,186.17662639686236,188.49261474609375,7776500
2023-03-28,188.4137582199738,190.03989295139235,188.4137582199738,189.51756286621094,4899000
2023-03-29,190.3454116049989,194.57333197577734,190.08917901943857,193.79476928710938,8085200
2023-03-30,194.90844038350195,195.30264670823502,192.6614312489073,193.75537109375,6932500
2023-03-31,194.6324994161034,197.10617651771793,194.1397339748091,196.8893585205078,6634300
2023-04-03,195.3519061225146,196.05162453249372,192.70082600362272,193.64694213867188,5340800
2023-04-04,195.2829156506457,195.82496058060985,193.77505477874928,194.34666442871094,4659100
2023-04-05,195.13508891832677,195.4208862197169,190.92686839616363,192.4840087890625,3953700
2023-04-06,191.19296309512742,191.2619574650024,186.8566338648732,189.76394653320312,6304700
2023-04-10,187.83234294299638,189.763990250429,186.54129978538995,188.71932983398438,5263800
2023-04-11,186.3244445538947,187.70419665161617,184.5997657102474,186.1569061279297,4907700
2023-04-12,187.54650831851265,189.1134986318523,186.78764541586148,187.56622314453125,5033400
2023-04-13,187.69434004539113,191.56748395440778,187.69434004539113,191.2126922607422,4716400
2023-04-14,189.0740980603918,192.34605263619764,188.42364409552428,191.8335723876953,5073800
2023-04-17,192.33619151180068,194.6620447647368,192.20806769765386,194.22840881347656,5413500
2023-04-18,196.19947833508272,197.22442377578253,194.20870185906176,195.62786865234375,4679000
2023-04-19,193.45970782228946,196.1896324727516,192.89794802256674,196.0417938232422,3665100
2023-04-20,194.3269641797347,197.18501264393336,193.97218751315197,194.65219116210938,3620000
2023-04-21,194.17913067742526,196.23888642286988,193.62723584017758,196.1501922607422,4860100
2023-04-24,195.57857755316164,195.89395461660206,191.25209809087866,192.0996551513672,4449700
2023-04-25,191.16340258458231,191.311226183275,187.87173345763966,187.91114807128906,5010000
2023-04-26,189.83294575173645,191.55762472321825,187.81261955840642,188.74887084960938,4007600
2023-04-27,191.36052559786899,194.65219506658678,190.47355383760623,193.10491943359375,4794400
2023-04-28,193.31184592661856,195.77567274208914,192.44458911341664,195.49972534179688,4094600
2023-05-01,194.8985358694871,196.1698788288727,194.26779685520412,194.9281005859375,2882900
2023-05-02,195.15480470417504,195.53916109786982,190.13844172235605,191.0352783203125,6051000
2023-05-03,191.3999602937304,192.9570858626606,189.77382530641782,189.82310485839844,3779900
2023-05-04,189.12335467629222,191.74487021579097,187.9998501647937,189.59642028808594,4386500
2023-05-05,191.1437017011935,195.24351356805474,190.45383312696373,194.7310333251953,4284400
2023-05-08,195.84467197480214,197.59891550794188,193.2428713945719,195.03652954101562,4169400
2023-05-09,193.93274410487032,200.8511743347291,193.93274410487032,198.26907348632812,6996800
2023-05-10,201.97468048921664,203.29528812549086,200.10216298413533,201.885986328125,6535600
2023-05-11,199.97406035243847,200.85118217219636,195.67714541746562,200.5259552001953,5366300
2023-05-12,200.4865239601639,201.0088691205223,197.23428434190018,198.8899688720703,4733600
2023-05-15,200.80189108273012,202.4280108112652,199.55026281478754,200.38796997070312,4518200
2023-05-16,199.00822318664004,202.69411371751272,198.8308348644835,201.6001739501953,4423200
2023-05-17,203.51209997603834,206.45884233368344,201.83670070780772,206.35043334960938,5772200
2023-05-18,206.4686942333911,210.78532377463296,206.30115580874093,210.23342895507812,5165500
2023-05-19,209.87862423542992,210.1545716280565,206.89245238306913,207.3162384033203,6091600
2023-05-22,206.14348737825205,209.74068402603748,206.01536355478896,207.21771240234375,3890800
2023-05-23,204.73417535261257,206.60667787155816,203.48254701651365,203.65008544921875,4256800
2023-05-24,203.0587725370817,207.1684494720978,202.44774821375898,206.0350799560547,4894000
2023-05-25,208.95224279002977,209.2577549295558,205.4240407491035,206.87277221679688,6496700
2023-05-26,209.7209683172294,213.02248764868838,209.47458560422467,212.32276916503906,6933300
2023-05-30,216.0973310627367,218.92579949390733,212.60854379776114,215.70310974121094,10421000
2023-05-31,216.37328819038706,221.74442799420086,213.91931110690226,220.1478729248047,19624000
2023-06-01,205.20722680392078,212.24391619755124,203.0784766416443,209.8195037841797,20907400
2023-06-02,209.81952326515463,213.01264880503933,207.38526073133667,209.94764709472656,11026900
2023-06-05,207.42466069450384,209.24789861952337,204.06399718674655,206.823486328125,7804400
2023-06-06,205.53244778024927,210.3122630544838,205.35504441956496,209.77023315429688,6796000
2023-06-07,211.77085015413692,213.52509366772304,201.81698366818844,202.75323486328125,9323900
2023-06-08,202.4083287849559,207.33598298626063,201.88599864265817,206.49827575683594,5548600
2023-06-09,207.64147854848102,215.4961599207508,207.64147854848102,212.1946258544922,7676700
2023-06-12,213.0224808939003,217.20113698764106,209.07050771630125,210.59808349609375,11568300
2023-06-13,212.38190330068977,213.10133662791074,204.91157747283776,205.95623779296875,11698900
2023-06-14,204.69473318366798,208.64672110422177,202.0535179994428,206.37013244628906,8963400
2023-06-15,204.94112502747893,210.2432854964274,204.3695153640081,208.8536834716797,7905400
2023-06-16,210.45022739918036,210.55863638199565,207.5527796583096,208.69598388671875,13672700
2023-06-20,205.6309742914872,213.90944118429354,205.59155968025703,213.83059692382812,9522900
2023-06-21,213.38714005310786,214.6486183156056,205.05940752649147,206.55740356445312,7971600
2023-06-22,206.5968411247478,210.86419159712102,206.0646460335747,210.20387268066406,5689800
2023-06-23,207.45422686403953,207.94699224851468,205.05939431373324,207.05015563964844,14037600
2023-06-26,205.99563425417864,208.68612889541188,204.3497997647353,204.35964965820312,4771500
2023-06-27,205.12836947897824,207.4345078223329,204.51734522680883,205.7985382080078,4014800
2023-06-28,205.39447676017554,209.1296318595051,204.59619922166488,209.10006713867188,4775900
2023-06-29,208.83393939309397,209.57308738297704,206.68548978740927,207.3852081298828,3838300
2023-06-30,208.79454100578496,210.75575257166412,207.9075693642146,208.20321655273438,5984200
2023-07-03,207.52321024975635,208.89309734455472,206.88260626104878,208.5875701904297,2400000
2023-07-05,207.44437702305837,211.5146088740194,207.0501556925738,210.7261962890625,5069300
2023-07-06,208.1441017693204,209.4252948157948,204.82286778840378,207.0994415283203,4250900
2023-07-07,206.73480693405813,209.04094547287366,206.2518914124742,206.55740356445312,3022200
2023-07-10,205.9759345497535,209.78993388451752,205.3057808326194,209.73080444335938,3820100
2023-07-11,218.84695513678832,219.13276747452403,214.09670475896226,217.96983337402344,10028100
2023-07-12,218.68927928427524,224.7897173641002,218.40348196797947,223.99143981933594,8923500
2023-07-13,224.95725729449072,227.61820251210398,224.30681838872502,227.03672790527344,5800300
2023-07-14,226.37642136837556,228.84024836419596,224.8488456233656,226.01177978515625,4278700
2023-07-17,225.9230828758619,226.94802827693994,224.51376603162242,224.70101928710938,3557900
2023-07-18,223.7647855582988,226.29759205765086,222.20764498945644,224.33639526367188,5092700
2023-07-19,230.59447967026418,234.77313544575085,227.88427011956543,230.9788360595703,8516300
2023-07-20,227.75618193239876,230.1214499206631,224.0308765799785,224.8587188720703,5303000
2023-07-21,226.67207921242542,227.47035673748383,224.00128418411276,224.76014709472656,3529700
2023-07-24,223.97173781402108,224.2969648023589,220.30556181204068,222.3948974609375,5363200
2023-07-25,222.61169788225632,224.2279677634479,221.93167923649776,222.759521484375,3203700
2023-07-26,221.2122655364149,224.21812265732777,219.8916427426873,222.31605529785156,4856700
2023-07-27,224.740425698703,226.81004628969202,220.76873797773382,221.89224243164062,4299600
2023-07-28,222.7299454133069,224.02098826603765,220.73916912419241,222.3357391357422,4238700
2023-07-31,219.13278712810236,222.1189443544393,218.5414626120327,221.75428771972656,5571900
2023-08-01,220.65047215218326,221.55715860941817,218.42317814015001,221.0249786376953,4212600
2023-08-02,218.76812115750673,219.62554317301817,215.6341404548979,217.30953979492188,5127000
2023-08-03,213.07173330613716,215.05265962791924,211.49489321653505,212.4409942626953,5515200
2023-08-04,213.27873501205008,214.10657731752772,209.98706557978844,211.4850616455078,4800400
2023-08-07,212.1946287741665,213.7517692033373,211.26822743952005,212.93377685546875,3615200
2023-08-08,210.46009726837678,211.09083635464344,208.08496452243273,208.5186004638672,4843800
2023-08-09,208.5875794004017,208.59744433232845,201.94511170036375,202.88136291503906,7847500
2023-08-10,205.16780676916778,207.29655703124763,203.4529927008319,205.23680114746094,4004700
2023-08-11,203.14746109156317,206.46869495238226,202.52657189839883,205.68026733398438,2930800
2023-08-14,204.89184181510794,209.03108309461007,204.12312901474468,208.9916534423828,3304700
2023-08-15,207.28670054455233,209.29717681391105,204.83272337285823,205.75912475585938,4076400
2023-08-16,204.9904063287372,206.65595578623925,203.95559598149563,203.99502563476562,2759600
2023-08-17,203.5810889282211,203.93586555246878,200.4470934053178,200.8905792236328,4062700
2023-08-18,198.0621075796617,202.52656048363275,197.3032447238991,201.8662567138672,4267200
2023-08-21,203.01935120764378,206.38986484546226,201.26510753131734,206.00550842285156,4023300
2023-08-22,206.8136581263159,207.06989073764572,203.01935827919584,203.7683563232422,3153200
2023-08-23,204.99044065671526,207.93718365483883,204.14288342555656,206.10409545898438,3833200
2023-08-24,207.9568419537998,208.92267293385902,202.46744339549144,202.5364227294922,3960300
2023-08-25,202.53642420379688,207.74002549396982,202.50685948358048,206.4391326904297,3068800
2023-08-28,207.40495734563686,210.39111451689095,206.60667979027284,208.65658569335938,4086900
2023-08-29,203.75850505049632,209.38589287079077,203.53183716362156,208.89312744140625,5850400
2023-08-30,208.70585307695774,212.47057275716784,206.3996996716498,211.92852783203125,9946000
2023-08-31,224.70102592719397,225.47958865469238,217.9994133743956,218.2556610107422,19268400
2023-09-01,220.26614295583678,220.72934365413124,217.32926526040097,218.32464599609375,5600900
2023-09-05,216.15646540911524,217.13214628428702,214.46135128308276,215.52572631835938,5807300
2023-09-06,216.2944448830843,218.99480467633254,215.85095903272773,218.413330078125,5066700
2023-09-07,216.5900907701394,219.50725328308815,216.13674002174588,219.31015014648438,4201900
2023-09-08,220.08872196666076,222.20760694514092,219.63537123036005,221.50787353515625,4578900
2023-09-11,222.73981056861092,223.54795304239798,219.56640019136134,222.04994201660156,4418000
2023-09-12,220.21685228860824,221.5374599397101,218.058537449774,218.4527587890625,4002300
2023-09-13,217.9796930706906,218.6498618281358,215.14137461929414,215.63414001464844,4173600
2023-09-14,216.24514946166497,217.3785188160522,215.18077447613848,215.61441040039062,4297200
2023-09-15,215.7031164402859,216.01849350730114,210.3714063633647,211.5047607421875,9939000
2023-09-18,211.4554784373965,213.24915164713423,211.0809719347027,211.8891143798828,4279400
2023-09-19,211.28795178355864,212.9337864475042,209.18876632593623,212.57899475097656,4001500
2023-09-20,212.08624734999827,214.0375943275904,209.83923809385988,209.94764709472656,2990900
2023-09-21,206.76436732408098,208.82412311162972,205.05940323030197,205.59158325195312,4957300
2023-09-22,206.2814642139583,206.68553548021174,202.90110054449124,203.44313049316406,3848300
2023-09-25,202.03379310844625,203.5416538734835,200.92013860744296,203.35440063476562,4067300
2023-09-26,202.4970124284119,203.45297849682746,198.3676360162263,199.5601348876953,5404500
2023-09-27,200.05290901761848,200.9792953678478,198.0325678042529,199.79666137695312,4123800
2023-09-28,197.8551596001365,202.1816392457305,196.6626757437418,200.25985717773438,4344000
2023-09-29,202.1126558270554,204.7834358415089,199.1757782891745,199.84593200683594,4405100
2023-10-02,197.8945985530779,202.14223412907342,197.61865111691165,200.7624969482422,3745700
2023-10-03,199.81636191086187,200.62450435360245,194.56348114706617,196.93861389160156,4622400
2023-10-04,197.9734156334681,199.80650337222264,196.6232283226723,198.94908142089844,3656400
2023-10-05,199.07724727238093,199.22507089624116,195.6180391319746,199.08709716796875,3592600
2023-10-06,197.57919352703112,205.25648621794932,196.99773401431867,204.35964965820312,4989200
2023-10-09,201.9254063623548,205.26635519520192,201.72830320863653,204.22169494628906,2781100
2023-10-10,204.63560991524287,206.19275034731513,203.2755726309506,203.88661193847656,4503500
2023-10-11,204.23154714895782,206.1730440629399,201.45235806270358,203.8570556640625,3971000
2023-10-12,204.8228952762799,205.56204347482577,200.32887663520236,202.70399475097656,3548500
2023-10-13,202.14222571695498,204.14285206490823,200.2697231868926,201.62974548339844,3677500
2023-10-16,202.86164570990766,206.45884196558356,202.07321810332078,205.51272583007812,3623200
2023-10-17,203.50226795022797,208.87340800439307,203.0193524264049,206.8037872314453,4006100
2023-10-18,205.8576590886639,206.59680711962605,201.23551766229969,201.8662567138672,3380800
2023-10-19,203.46284840891968,207.89773739595938,202.55616179835252,205.30580139160156,4995900
2023-10-20,204.35969337654763,205.09884157090173,199.19550591164375,200.78221130371094,5539100
2023-10-23,197.00761910384557,200.6245307074122,194.9872928076184,199.07723999023438,4564100
2023-10-24,200.78219068343938,201.67902734293958,198.02270136698104,201.26510620117188,3959600
2023-10-25,200.25985288797798,200.7920479341809,192.60227446321883,194.2086944580078,4490000
2023-10-26,194.56348485789695,196.77107921962858,190.87759432559656,193.41041564941406,5149100
2023-10-27,194.44521752954003,195.4405981608005,192.5825650370589,193.7257843017578,3168600
2023-10-30,196.12062123416624,197.67776163948065,194.22840397958325,196.38671875,3438300
2023-10-31,197.52006210258742,198.9885082668014,195.78553347537226,197.92413330078125,3425400
2023-11-01,198.01282206736587,201.531173806924,197.58905109396508,200.95956420898438,3593600
2023-11-02,203.32487259260816,205.24665479293373,202.97008087577822,205.0988311767578,4963600
2023-11-03,206.3603113663214,207.13887414858831,204.20199632253266,204.4680938720703,3861900
2023-11-06,205.1973704626321,205.46345294605186,201.72829790398785,204.41879272460938,3729700
2023-11-07,206.46870284300115,210.2531375103336,205.9365228270977,208.77484130859375,5467100
2023-11-08,209.3464686175462,209.44502772116954,206.61654385766553,208.41021728515625,3433500
2023-11-09,210.47981568159986,210.48966557570722,206.04492717626152,206.9713134765625,4731400
2023-11-10,206.3701494568761,211.16969481714793,205.81825459903953,210.53895568847656,4112600
2023-11-13,209.4942895313588,213.01262667023403,208.69599695083454,212.16506958007812,3306600
2023-11-14,215.83124067108318,218.0486849245532,214.79643034519592,217.9796905517578,4743800
2023-11-15,217.55592071201562,218.16694498633808,214.51063419656126,216.2451629638672,4800700
2023-11-16,216.81677194852293,219.5466964241529,215.7721117261247,218.24578857421875,3712300
2023-11-17,217.96983971634086,219.56639475978253,217.19127702076304,218.0191192626953,3634900
2023-11-20,218.22608252482505,222.82852469337536,217.42780496571677,221.87255859375,4599300
2023-11-21,220.75888746888316,222.70038424475263,220.30553670825128,221.0742645263672,3852300
2023-11-22,221.05456233439315,222.4244495503684,219.98033736720532,220.60121154785156,3893600
2023-11-24,221.1136927659643,221.2418165832137,218.90609834154753,221.13340759277344,1869100
2023-11-27,222.23719380685517,222.94677718080894,221.00528031568635,221.53746032714844,4885500
2023-11-28,220.37453025165016,222.26674747543456,219.01449301286527,221.6655731201172,5535300
2023-11-29,225.3021694930929,228.15035255850174,223.9716970590833,227.01699829101562,12327400
2023-11-30,245.4464494814762,248.84652774404097,240.12457412276004,248.2552032470703,24425700
2023-12-01,246.38269864595853,259.6183699989763,246.08703639998205,256.2380065917969,14538200
2023-12-04,249.14217729917783,251.42860082576152,246.23486458620877,247.03314208984375,11429200
2023-12-05,246.37285915367542,248.02854374023693,245.04238650961145,247.38795471191406,5771500
2023-12-06,247.88070173567144,250.3050989915174,245.24933640286005,245.52528381347656,5374800
2023-12-07,245.15078477756018,247.10213153720807,243.31769690091926,245.2493438720703,6568200
2023-12-08,244.95365999749046,248.44243208020174,244.41161510155936,247.1809539794922,4605800
2023-12-11,246.3827107574037,249.85178353550995,246.09691342964828,248.45233154296875,4766000
2023-12-12,248.15663776319983,252.86745835349546,247.38792500631428,252.73936462402344,5827600
2023-12-13,253.78402448248877,255.37071449989534,251.4680212830348,253.59677124023438,6567600
2023-12-14,252.78865434454596,255.02579846985986,249.55611447058803,253.48837280273438,6613200
2023-12-15,251.3201907912425,258.51456826375073,250.8274254169338,257.8148498535156,13739500
2023-12-18,256.06062169378004,261.74712362726444,255.9226329442054,259.77606201171875,7498500
2023-12-19,261.6288523259994,262.72277703422486,259.9238732821032,260.51519775390625,4665500
2023-12-20,257.87397695206084,261.0868167877197,256.31682154081057,256.484375,4510500
2023-12-21,260.91926033726577,264.477011830214,260.416630041471,263.3830871582031,5160700
2023-12-22,263.392999273396,264.27010613924676,261.4613370450199,262.4862976074219,3110600
2023-12-26,261.6880232532066,262.6735541704523,260.791186509391,262.3680419921875,3218800
2023-12-27,262.0920355516122,263.14656061397625,261.5598405547914,262.8607482910156,3387000
2023-12-28,262.6439145535348,263.0578506541922,261.46126575966343,261.7372131347656,2958700
2023-12-29,261.1755182892559,261.8062423408565,258.8496500386989,259.33258056640625,3706600
2024-01-02,256.770205712603,256.7899055014423,250.09815791686006,252.42401123046875,4741400
2024-01-03,249.8320601922399,250.48251413558984,248.12709610255604,248.19607543945312,5097100
2024-01-04,248.18621112156836,248.98448862473882,246.22499951108347,247.60475158691406,4489800
2024-01-05,247.57518991056008,250.23611996650476,246.5502294944294,247.48648071289062,3676000
2024-01-08,248.56074272009394,257.7754471605404,247.75260020346903,257.0954284667969,6626000
2024-01-09,255.7452208414019,260.111114695712,255.03563752273215,257.55859375,4571800
2024-01-10,259.46068591921386,262.60453161401597,258.9482207245929,260.3082580566406,5128300
2024-01-11,264.12230016485654,269.0105253585628,261.2642663648435,267.4533996582031,9012600
2024-01-12,267.3055687481443,271.2575273815916,267.13801525422934,267.99542236328125,4847600
2024-01-16,265.79767428803285,267.64061210998915,263.84631243630713,265.2950439453125,5858700
2024-01-17,264.4080958604861,267.96584800365275,260.30828367203924,267.51251220703125,4706500
2024-01-18,269.049933368581,271.70101387268966,268.20239123841304,270.4888000488281,4752400
2024-01-19,272.5091528418129,277.9197077405215,271.5433217535051,276.81591796875,7413600
2024-01-22,279.68378553298993,281.5858527001221,276.11616895911163,276.2442626953125,6735900
2024-01-23,276.76663397321335,277.633905991664,271.72072049424577,272.765380859375,6573800
2024-01-24,275.9289308657567,276.8947318243998,272.6865260342781,272.873779296875,7037800
2024-01-25,274.5786481699963,275.800726486193,272.8539697321752,274.9925842285156,4178000
2024-01-26,275.23904190944285,279.24029457009294,274.6575823438424,275.8894958496094,4877400
2024-01-29,277.3283646263471,283.9806976108192,276.934158316544,283.69488525390625,5762300
2024-01-30,283.46827438504727,285.1042593851613,282.3743193816619,283.56683349609375,4810900
2024-01-31,279.93998966543893,281.4971450493865,276.75674468075516,277.0228271484375,4557300
2024-02-01,277.92949487405133,280.92548625134344,277.2888759215314,279.6935729980469,3218300
2024-02-02,281.0733976493681,283.99056041122645,279.06290638564855,281.5267333984375,3629600
2024-02-05,282.1081808796045,284.86765498531463,277.2889210125466,283.9412536621094,5274800
2024-02-06,283.7737914172118,284.46367513028844,277.8310408395443,281.6943054199219,4207200
2024-02-07,283.19227433533786,285.60680668953665,281.0733891833634,284.66070556640625,3621400
2024-02-08,285.11402751836823,288.86889718515573,284.79868054324476,287.7257080078125,4488400
2024-02-09,289.00694136119927,290.96813826137105,286.83876131376053,287.08514404296875,4376300
2024-02-12,286.61207756374444,286.78946589141344,282.8473426489198,283.1627197265625,3750000
2024-02-13,276.35265663146856,279.3289484043246,272.4203989131176,277.0819396972656,4956600
2024-02-14,280.8763305068029,285.27179027520305,280.52155378896754,284.9662780761719,3850700
2024-02-15,287.1245263622677,287.774980269258,283.84272218373815,287.7158508300781,3986500
2024-02-16,287.7749936404157,287.8439880146685,283.7146115560075,285.5279846191406,4159400
2024-02-20,285.31111001118023,286.64158234249595,280.038515261748,282.2461242675781,4295500
2024-02-21,276.0176374525924,279.46699549101214,274.33235801337634,279.447265625,3797200
2024-02-22,287.77497284179714,290.3669234709929,287.1836483892488,289.4010925292969,5264300
2024-02-23,293.6881878832286,293.6881878832286,286.86830129356775,288.56341552734375,4416800
2024-02-26,291.3130437627643,299.4338078802594,290.731584203479,296.0436096191406,8719300
2024-02-27,297.216333481295,297.3838869327297,292.30840987352053,295.16644287109375,6178800
2024-02-28,295.24530289485614,296.5265109764036,292.318275225092,295.43255615234375,12490800
2024-02-29,295.65917552142844,306.04667630936314,290.5245695944881,304.3515625,21737800
2024-03-01,302.55793447388385,314.0984909147805,302.18342798387164,312.29498291015625,9450200
2024-03-04,310.01843848541336,313.05386018951015,309.00334293986,310.0874328613281,9350000
2024-03-05,306.8055707564289,308.02761924370316,291.8550863466253,294.42730712890625,9015300
2024-03-06,300.24196678248967,301.46404548551436,298.3595992539732,299.37469482421875,8270000
2024-03-07,301.5724376693984,302.331285590417,297.3839315906568,298.04425048828125,6788900
2024-03-08,297.827432246402,304.40090611475614,297.827432246402,300.86285400390625,4851600
2024-03-11,298.2610492337057,303.15910832974697,295.90561623666804,301.5724182128906,4895500
2024-03-12,302.2721658491981,304.56846962747215,299.4732617770308,302.1834716796875,4832000
2024-03-13,300.9795158214034,303.67354003403346,299.1144151860524,300.6637268066406,5548800
2024-03-14,300.97950235381353,305.4103057187829,298.01904823230063,299.3216552734375,4828800
2024-03-15,295.01923051425416,296.0948589931778,289.89764043399475,290.45025634765625,11885100
2024-03-18,295.67048437675913,297.00269506043503,292.11793259205785,296.54876708984375,5240500
2024-03-19,294.2494643793891,297.7921383531486,292.7100302881539,297.47637939453125,3329900
2024-03-20,297.9894799181317,302.9728995622566,296.726353882444,302.0452880859375,4946600
2024-03-21,303.88080988457085,307.68991381870035,302.311772503779,304.32489013671875,6083900
2024-03-22,305.24256823333053,306.1405762779018,302.607750773738,303.7129821777344,3779000
2024-03-25,299.69672753267105,303.653848407906,298.5520146993271,302.0256042480469,4141200
2024-03-26,303.4268580371747,303.9202671161322,300.87100262201125,301.798583984375,3893900
2024-03-27,303.38737262395483,305.2228399165923,294.6935071838691,297.4072570800781,3859900
2024-03-28,296.0454920455492,298.80857125851907,295.68037409047514,297.2099304199219,4892300
2024-04-01,297.71320216698984,299.5092186212168,296.03559908507617,298.27569580078125,2918100
2024-04-02,293.57841843052915,300.4466647621992,291.0028373493911,299.99273681640625,4746100
2024-04-03,299.9828477935144,303.11107466329474,299.1045952765141,300.72296142578125,3047400
2024-04-04,304.19653031983097,307.1964353962942,288.24954761614845,290.2626647949219,8351000
2024-04-05,289.6705746748142,299.4203416874301,289.4337178678093,297.93023681640625,4918200
2024-04-08,297.13095476843904,299.4993123355115,295.5717652070336,297.7526550292969,3142900
2024-04-09,299.32173626443716,301.57168080096903,295.30537852516034,298.3842468261719,2997700
2024-04-10,294.51588033652,296.95332230064713,294.2198168309622,295.6704406738281,3036400
2024-04-11,295.52242354749893,297.1210640831616,292.50276251006966,295.2066345214844,3468600
2024-04-12,292.9566817017874,293.9237742719633,289.63110955532386,290.4403076171875,3820000
2024-04-15,279.21033622725275,282.70368099132395,268.0790284424417,269.30267333984375,18365100
2024-04-16,271.15792846029734,276.8617369705959,268.8487772760558,273.7532653808594,7624300
2024-04-17,274.07887728439107,275.29267451213565,271.217110526895,272.6776123046875,4199400
2024-04-18,272.6775645870119,272.6874122888854,266.1941629186529,268.3355712890625,5918200
2024-04-19,268.89804926924415,269.54935281657487,265.1876337628873,266.8059997558594,4913600
2024-04-22,275.7071147660133,276.0130259581937,266.00667628272777,270.2006530761719,6747200
2024-04-23,271.3256607983604,273.0525925507387,266.8454979913349,273.0328369140625,6285200
2024-04-24,274.33542419090685,275.2630355884021,270.4966874330365,272.5492858886719,3938800
2024-04-25,268.01984224666637,269.9737231043995,265.730416683063,269.53955078125,4811900
2024-04-26,271.37500994388586,273.2499585349832,269.85530145591554,270.67437744140625,3754600
2024-04-29,271.26648370512703,273.63484148649536,269.61848397381186,272.1052551269531,3576400
2024-04-30,270.8914822354162,270.99013996627673,264.82252602237395,265.3948974609375,5218000
2024-05-01,265.47379957038254,270.38816464522307,263.036357611487,265.1481628417969,3761000
2024-05-02,266.8652436617366,269.4803059182936,264.40807593401166,268.5428466796875,3859900
2024-05-03,273.1709916085732,274.0097930103041,269.74673162279765,270.0526428222656,4041600
2024-05-06,272.52962493689694,273.4769620787823,270.4474226503758,271.9967346191406,3744800
2024-05-07,271.9572078867045,275.20384800314525,270.45725515376915,273.5262451171875,3507700
2024-05-08,272.09538236952784,276.24987839498493,272.09538236952784,275.29266357421875,3283300
2024-05-09,268.58230076917914,271.7203751607478,267.4967948149355,271.5427551269531,4709700
2024-05-10,272.4604861859731,275.95383072755305,271.3453769032584,273.0229797363281,2912300
2024-05-13,273.4868202560166,274.1380937900141,271.5625126505706,273.8617858886719,2998700
2024-05-14,273.30917016633657,275.1841187913746,271.41449601809063,273.1512756347656,3056800
2024-05-15,276.05246561626234,284.0062165156125,276.04261791438023,283.7496643066406,5828500
2024-05-16,285.60487538884274,286.1969420895128,280.8286498246077,280.9273376464844,3559200
2024-05-17,283.25629616280884,283.552329567912,280.51294285275094,281.8451232910156,3478900
2024-05-20,282.22995563804983,283.9272838485968,281.3516731389389,283.2858581542969,2799300
2024-05-21,283.0095582324176,283.43388276810646,279.5556950422768,280.0195007324219,3492100
2024-05-22,279.6741058215913,283.3055890004849,279.101734490773,280.0787048339844,3309200
2024-05-23,282.90099884341697,283.21678785545686,273.802534976689,274.8979187011719,5456600
2024-05-24,267.35865617440123,271.3355324418681,264.9902984423775,268.70074462890625,8325100
2024-05-28,269.5000161115155,269.62830727676453,263.63831447151387,266.2731018066406,9294100
2024-05-29,264.467273767466,269.2730735133744,264.2402947432467,268.03955078125,13397900
2024-05-30,220.45516433106008,222.1228893808322,209.20544366639854,215.13621520996094,66763300
2024-05-31,216.2217449961135,231.52729046554182,213.2119463549857,231.34967041015625,36807400
2024-06-03,231.52726401560057,237.81330572046122,227.17540752165044,233.5009002685547,19962700
2024-06-04,232.6127786024252,237.4185782381064,229.1391744522924,231.7641143798828,11197500
2024-06-05,232.5338265714086,233.7969525896041,228.49774398111757,233.41209411621094,10772100
2024-06-06,236.71794102758162,243.49737685344226,236.29360139599484,239.55996704101562,11693800
2024-06-07,239.13562524562863,240.71452512657575,237.12250794603636,238.66195678710938,6883800
2024-06-10,238.60274043433307,240.42835993214538,237.2606672235603,238.65208435058594,7656900
2024-06-11,237.98108126206927,240.5369367919921,233.14566303658336,237.81332397460938,7264400
2024-06-12,237.38897573660532,239.00735692744513,231.7937185391716,232.6917266845703,10260100
2024-06-13,232.41541091487227,232.5436870329685,225.6458379197619,226.01095581054688,13566700
2024-06-14,226.32677371763754,232.14899542249492,226.17874194420116,228.88262939453125,8833700
2024-06-17,227.24447288586708,228.78390672634418,224.7675648535763,227.44183349609375,10563700
2024-06-18,227.4418786029912,229.22801732489592,226.2083557223772,228.7543487548828,7119800
2024-06-20,229.78060593389247,240.55665802874086,229.78060593389247,238.6126251220703,14809600
2024-06-21,237.39883208982184,242.13554681486423,237.02383640199056,241.8296356201172,15719600
2024-06-24,239.9843197854196,241.18823919061128,236.6488694604475,236.77716064453125,7545700
2024-06-25,238.59289121391686,239.89549840019777,236.7080649326998,238.57315063476562,6037800
2024-06-26,238.28699212803272,240.39878247522816,236.7376803252588,239.94483947753906,4524700
2024-06-27,241.77046907513937,255.19120317747297,241.22771603099144,249.51699829101562,12869000
2024-06-28,250.15841643566802,256.7503548560834,249.84262738054227,253.71096801757812,12619300
2024-07-01,254.7470863827549,256.0595713197595,251.17480968073374,252.83265686035156,5871700
2024-07-02,251.68797042398865,254.33265087763013,250.7110150415082,252.8129425048828,5130600
2024-07-03,253.59255389883302,257.77665346328695,253.55307273823388,257.5102233886719,4755700
2024-07-05,259.25686686998887,262.30613135491205,257.8753274761354,259.7206726074219,6562100
2024-07-08,257.9345214592256,259.37526746222983,253.79975118434692,253.9773712158203,6539300
2024-07-09,253.1076451946894,254.007051213389,248.16587377030442,249.49026489257812,7014900
2024-07-10,248.2745647702244,251.83264581870725,243.24384565866242,249.64837646484375,8947700
2024-07-11,249.65827064288396,252.4454215742791,247.99782778668202,248.19549560546875,5341800
2024-07-12,248.6896754730729,252.3169335262205,246.78215913287937,251.01231384277344,4705500
2024-07-15,253.03844060927128,253.40415701277269,249.1838651218105,249.91525268554688,4404300
2024-07-16,250.82454275995892,253.78960553834705,249.72746892871174,253.04833984375,4780400
2024-07-17,251.041980923902,252.59370434412605,246.7031063450356,248.2943572998047,5625300
2024-07-18,249.20363144619654,249.51001884021582,242.8583991885146,244.46942138671875,6351600
2024-07-19,245.75428052999578,246.09033243976842,242.31481193051187,244.7461700439453,4468900
2024-07-22,245.85311804656274,252.60357933873772,245.11185236401028,251.1210479736328,5647600
2024-07-23,253.60179892825488,254.33317137965676,250.7948766377604,253.07797241210938,3905500
2024-07-24,250.6762941765257,252.92974066833654,246.0013676984269,246.87112426757812,5204100
2024-07-25,251.77335384722548,261.00456335671157,248.78851994632944,253.53260803222656,7155800
2024-07-26,255.16343651989695,261.4098126163984,254.0762407846553,259.6505432128906,6127300
2024-07-29,259.65055191192585,262.9813011052539,255.50934494679416,255.5785369873047,5101400
2024-07-30,256.59651425922243,257.71335933848803,252.14892033008263,254.9261932373047,3944300
2024-07-31,253.22623784985254,258.7807839945116,252.37626765959814,255.78607177734375,4647700
2024-08-01,256.8732699161284,260.2929672605684,246.83160194860122,250.11293029785156,5527400
2024-08-02,244.9042740215907,245.11183503370918,238.3119534939227,241.12876892089844,6504500
2024-08-05,229.61446988227684,239.00383539153933,229.50575030997865,236.22654724121094,6899300
2024-08-06,238.2823368133282,241.01020435893554,235.2579750397982,235.6434326171875,5673900
2024-08-07,239.78463032809526,243.6589772612911,236.86898824440664,237.2445526123047,4035500
2024-08-08,240.40731307853042,246.52521372380633,240.2491727659924,246.2188262939453,4474300
2024-08-09,245.80368247713503,250.0041877579824,245.55659393120283,249.58908081054688,2975300
2024-08-12,249.65828619184435,251.13092435244758,246.1199762151672,248.38330078125,3679700
2024-08-13,250.05360653397395,252.80122993683256,250.05360653397395,251.63497924804688,4031600
2024-08-14,252.4157956088572,254.7087696657944,250.90361478705617,252.34661865234375,4145200
2024-08-15,254.8965176881618,259.828425183185,253.25584625413646,259.7295837402344,5167900
2024-08-16,258.70168069543536,260.5301417776753,256.6557805088938,259.8481750488281,3494900
2024-08-19,260.0360127146099,262.299352423046,258.5831307410274,262.2894592285156,4501300
2024-08-20,261.8644465333702,262.4080292560361,257.9900849581198,258.7906494140625,5731300
2024-08-21,258.05930115339845,259.08719802058465,256.16164771876066,258.0494079589844,4648200
2024-08-22,258.45465164418334,260.19416487884865,254.2739020613057,255.5785369873047,5111400
2024-08-23,258.93890501471293,262.5068793308491,257.66394982426993,260.9255065917969,4711300
2024-08-26,260.8661913612805,264.1870467586597,260.1743314057394,262.1905822753906,3818300
2024-08-27,256.6261696219771,261.3801510522447,256.37908106463607,261.1231994628906,5276400
2024-08-28,258.7807581644719,262.09175065495236,254.36281383336905,255.8848876953125,10981900
2024-08-29,267.8538807645597,268.7829361233509,253.295412574382,254.0169219970703,14301700
2024-08-30,254.4419250276828,256.1122461526632,248.07692113227094,249.9547882080078,10507700
2024-09-03,249.67805089575904,250.73559720372722,243.76769658305193,245.17115783691406,6190400
2024-09-04,243.59969296760337,246.57463407227286,242.30495120803323,244.79559326171875,4706500
2024-09-05,243.11538466439274,245.60604170438174,242.14680168037634,243.25375366210938,4083600
2024-09-06,244.85486837778484,247.08854338075523,238.62823406837222,241.12876892089844,6259400
2024-09-09,243.629336835603,246.45603075872418,241.9194881060745,242.89794921875,4588800
2024-09-10,244.25200934581338,244.45955530880806,240.47648858256733,243.29330444335938,3544800
2024-09-11,241.95901336550693,247.10834589557754,239.19161831391563,246.66358947753906,4822200
2024-09-12,248.4623894704794,251.18036382388541,246.66359246784654,250.41932678222656,5219700
2024-09-13,249.5989585562774,253.8389913625623,249.5100102993337,251.60533142089844,4998900
2024-09-16,251.60534552361645,254.80760360178365,251.60534552361645,253.9180908203125,5367000
2024-09-17,255.7070136983761,256.34943793078173,251.7931242184333,252.21812438964844,5423400
2024-09-18,253.41591411410525,253.53469799032126,248.42679495108064,249.88194274902344,4436700
2024-09-19,258.08826063132483,266.81923768872446,255.44519865602624,263.3050537109375,11022800
2024-09-20,263.32489910373585,267.59139145586204,258.6822376461174,264.1069030761719,11463200
2024-09-23,264.55235218448274,265.35417354796135,259.59291395075655,261.54302978515625,6034000
2024-09-24,267.1062553087597,269.70971226554855,263.60201070358926,267.7101135253906,7154500
2024-09-25,267.7200915849504,274.2534470612778,266.6608849075363,271.3233337402344,7920000
2024-09-26,273.342700752031,275.82737404402286,269.95720953262565,272.9764404296875,5253400
2024-09-27,273.4714261220957,275.03546422351263,272.2835269038948,273.84759521484375,5220100
2024-09-30,271.18474152029273,272.9566513835614,266.4232964152831,270.9471435546875,5059700
2024-10-01,271.37281481261164,271.92715969348814,266.96772152434716,268.13580322265625,4369900
2024-10-02,270.95706740656146,279.15348775349554,268.11604206330475,276.658935546875,8512300
2024-10-03,276.1738606279751,278.28236520603747,274.9265996314357,278.0744934082031,3868400
2024-10-04,280.99464983258116,284.9839992637379,278.6287906463189,284.84539794921875,6129900
2024-10-07,283.6871999447811,285.26117680150486,280.5195194091879,281.697509765625,4794700
2024-10-08,283.1130786297831,289.67615937699827,281.2322635199527,288.6268615722656,5211200
2024-10-09,287.88442328312277,288.6268526622048,284.182154903621,285.0137023925781,4851000
2024-10-10,285.0137091245986,287.3003892494202,281.74700165376095,287.2409973144531,3965500
2024-10-11,286.29067557466414,287.3102774386329,283.41004579365796,285.19189453125,3597000
2024-10-14,286.99352766048446,289.49798834280335,285.340371539252,288.6961669921875,3642500
2024-10-15,290.4977970888517,290.61658097155936,285.0929189589246,285.43939208984375,3850800
2024-10-16,284.6474251676542,287.98343337634066,281.36096058846954,287.92401123046875,3497000
2024-10-17,289.0129042881635,290.3789791983789,287.171693902763,288.1714782714844,2830000
2024-10-18,289.0921229724051,291.73515476672304,287.2211863500974,289.9830322265625,3087900
2024-10-21,286.0828382132576,289.9632830826013,285.1325368979316,288.3497314453125,2712600
2024-10-22,286.8252660061175,288.99316258182205,284.7464573460473,285.4195861816406,3100100
2024-10-23,284.825667928788,285.3898913968191,279.7672324945926,281.5589599609375,3227100
2024-10-24,283.6674547185781,285.99373980943795,282.30137963502915,283.8654479980469,3210700
2024-10-25,287.0727278897534,291.40852082037213,285.91452462641774,287.528076171875,3351200
2024-10-28,290.6363898900384,293.0814587690766,289.5375785881955,290.8046569824219,3867800
2024-10-29,291.0323615574716,297.565747144546,289.85437101059534,295.8730163574219,4280700
2024-10-30,294.07139242403724,296.5164615335165,293.35865887201595,293.40814208984375,2826500
2024-10-31,289.6464585998858,293.1012203594508,286.62722762282914,288.4288635253906,4301800
2024-11-01,287.3003885097488,293.9921315782256,287.07269928660816,291.74505615234375,3527500
2024-11-04,294.9821051515817,297.15000189853293,289.9633042505304,295.0019226074219,5107900
2024-11-05,294.4376078541828,295.79377407851587,291.76484988992075,294.4870910644531,4456100
2024-11-06,301.9213087974254,305.4453714931837,300.01079760188014,303.8021240234375,5874900
2024-11-07,304.39611468945435,309.0387765465214,302.9112555934082,307.64300537109375,5722600
2024-11-08,306.9005044800497,319.5514998290925,306.31646366318375,318.7001953125,8485000
2024-11-11,321.96691732284415,341.3987763824952,321.96691732284415,338.28057861328125,13954200
2024-11-12,335.86517991486113,345.33855638040427,335.09305452435694,337.7063903808594,7659700
2024-11-13,342.0125036604215,344.6753530666096,335.35042578170595,338.2706604003906,6902900
2024-11-14,338.9833694355276,342.50743192527966,327.4806680292496,328.3022766113281,7630600
2024-11-15,323.6299325965148,326.9263362011854,320.9076913382066,321.976806640625,7093000
2024-11-18,323.69921467783286,323.69921467783286,316.97774546178704,318.9971618652344,4250400
2024-11-19,315.7799768714438,321.42245249183026,312.8102592206152,320.1652526855469,5469900
2024-11-20,322.00651896348063,323.95663491776395,318.7596286152331,322.4123840332031,3763500
2024-11-21,328.0053186934862,339.4783241935329,325.28307752918306,332.3905944824219,8364200
2024-11-22,335.5286083590469,339.3496305353347,332.39059344362767,338.5675964355469,5649400
2024-11-25,341.5175415561401,344.3387794630753,334.8752813080213,335.6869812011719,7117200
2024-11-26,338.52801245688806,340.3395268648358,335.7166834763489,339.71588134765625,4492800
2024-11-27,333.0637074930706,333.9744341499294,325.5602345850783,326.6788330078125,7471500
2024-11-29,326.01556387105956,328.6388081293453,323.9466644292596,326.65899658203125,3517600
2024-12-02,328.64872877386847,331.12349329776805,326.777792293227,327.6687316894531,6063400
2024-12-03,324.09518362968487,329.4406694149828,320.38303652745986,328.0845031738281,12632400
2024-12-04,363.10740984239925,365.2753063537819,353.0499614677853,364.1567077636719,24733100
2024-12-05,357.13822818773593,361.7611017584359,353.06972968088684,357.732177734375,10942100
2024-12-06,361.3057159986403,363.4439161974923,357.44508933801666,358.33599853515625,5738900
2024-12-09,358.04899228788133,358.04899228788133,347.2491148058772,348.021240234375,6475000
2024-12-10,347.80344141282995,351.90163609930784,343.9229970215786,345.2989807128906,6033000
2024-12-11,349.9218092588369,356.564099263376,348.3280753408681,351.2680969238281,7546600
2024-12-12,351.4166018932781,356.36613149740873,349.35761087015345,354.416015625,5422000
2024-12-13,360.3257414494192,361.11765407208935,348.94182379373694,350.7335510253906,5538000
2024-12-16,347.23920950009926,354.4556323668441,347.02142898173486,353.6241149902344,5482300
2024-12-17,353.29741137642515,353.624097242342,345.58603591946905,347.4272766113281,6911000
2024-12-18,351.32204912367956,351.5896177937052,332.234697651179,334.2068786621094,8400000
2024-12-19,338.63684681228716,340.45042849330093,332.4230347910353,333.21588134765625,7423400
2024-12-20,329.7571056954178,343.3442226558385,328.1714732680367,340.5693054199219,14932300
2024-12-23,339.1818523511663,340.76751497779475,333.6617781310404,339.8260192871094,5330300
2024-12-24,339.92514230992987,341.85767343815496,337.7745821838743,341.3423156738281,1811000
2024-12-26,341.7883224865542,341.7883224865542,337.97282982518425,338.6566467285156,3483300
2024-12-27,337.29888517593116,339.20165609862534,332.264408694806,335.4159240722656,3220400
2024-12-30,330.4805850777464,335.0789737325117,328.63724345649916,332.730224609375,3411100
2024-12-31,333.25546633898784,334.1275823385823,329.43008417458566,331.3328552246094,3026000
2025-01-02,333.29511424657903,335.88173237748686,324.87131331392214,327.6957702636719,4807100
2025-01-03,329.12286370606756,330.4508475181026,326.31821657620225,329.9156799316406,4101200
2025-01-06,331.0256597090038,333.58254818070264,324.34609026061696,327.56695556640625,5785300
2025-01-07,327.5372257545711,328.5282612334049,320.0152700995029,322.01715087890625,4643100
2025-01-08,324.8019179742541,325.8524130323429,320.213419435848,323.9694519042969,3788200
2025-01-10,319.87651861022744,319.87651861022744,313.1870289609045,315.0006408691406,6540000
2025-01-13,311.7797265461635,317.67636872067754,310.98688012132214,316.20965576171875,4583000
2025-01-14,322.08649055312424,326.9822076290517,318.617866808706,320.63958740234375,5935200
2025-01-15,326.92274370517436,328.55794597191095,317.9043160373561,318.2809143066406,6042700
2025-01-16,320.0449635344034,324.7821113744023,316.6853391263459,317.1313171386719,5047700
2025-01-17,325.7731626131098,326.6155487641028,320.17381857086303,321.65045166015625,6303600
2025-01-21,326.44705184430876,326.56597125222436,319.5593740211972,323.9100036621094,6397200
2025-01-22,328.2805003526835,332.22483242212036,324.346088316055,329.6382141113281,7259300
2025-01-23,329.3507826801793,332.45272833539906,326.64527538197194,331.659912109375,4355900
2025-01-24,333.28519056990024,335.61412979226145,328.8156415133688,330.88690185546875,3299100
2025-01-27,329.3805205366387,349.98415556581966,327.53720915653935,343.9884033203125,15661100
2025-01-28,351.58961919113847,363.79918262009915,347.31825902182516,356.72320556640625,12099300
2025-01-29,355.54384542730145,356.95109866226437,348.34891923807436,350.8265075683594,6266700
2025-01-30,337.8439733537669,344.88033098296677,336.95204751209394,340.49005126953125,7591100
2025-01-31,344.8803212624721,346.36687437136203,337.05114760445167,338.6368103027344,5778000
2025-02-03,332.95820776584003,338.39898313997435,328.29043889428226,336.1988830566406,4549400
2025-02-04,342.5216446531023,343.81989858690304,335.6339668792129,341.054931640625,4965600
2025-02-05,342.62076381153867,344.91997322570484,335.83216519122925,344.8109436035156,4521000
2025-02-06,334.45464087523317,334.45464087523317,326.1497593048479,327.84442138671875,13240600
2025-02-07,329.0237283709712,330.8274199236125,320.8179570779852,322.9090270996094,7626100
2025-02-10,324.9803619277743,328.7760144389551,323.7217275351775,324.2668151855469,5981900
2025-02-11,321.115284027775,323.5136030375481,318.3800468504478,321.49188232421875,5455900
2025-02-12,316.6853620824243,324.06858819235845,314.12850396001033,323.19647216796875,5643400
2025-02-13,323.27573251273435,327.3885230296087,320.32243638014626,326.89300537109375,4312100
2025-02-14,325.0893651107933,325.5551529930244,319.7278595707299,323.61273193359375,5879700
2025-02-18,325.6443385641021,326.2092360355426,320.1044539653139,326.0110168457031,5262100
2025-02-19,326.78398266398597,326.78398266398597,319.9755747311752,321.6206970214844,5012000
2025-02-20,319.3512515548093,321.541461660073,315.35737992827177,315.5754089355469,6393100
2025-02-21,316.11057437284904,316.11057437284904,304.10911951061075,307.02276611328125,7353200
2025-02-24,308.71743549983813,309.9264998520415,300.7990423862771,305.5560302734375,6652900
2025-02-25,303.5045566351088,305.6551165151962,297.9250231304182,303.13787841796875,7360100
2025-02-26,309.85709460379957,310.88777976441537,303.7027739767698,304.5748596191406,12638500
2025-02-27,293.68341045473284,302.1865106499292,290.04632767588197,292.2563171386719,16691400
2025-02-28,293.306799368484,299.27285123977117,289.5309572892262,295.17987060546875,10863100
2025-03-03,298.3016542764285,300.35310480526164,288.4507600180125,290.4328308105469,6298200
2025-03-04,287.40022603017536,289.0354281639616,279.709782717634,284.7640686035156,9096300
2025-03-05,284.6452120801931,290.05625733846716,283.05954926169443,289.3526306152344,6612600
2025-03-06,285.6461368398272,295.4078110820806,282.2765923718012,283.48565673828125,10396800
2025-03-07,280.6413823812792,285.72539855181265,272.70320981556785,280.35400390625,8248100
2025-03-10,274.4870735473808,275.85470722646096,268.29310235154685,270.45355224609375,10040200
2025-03-11,271.26621064329953,277.9358897668832,269.5616285471385,274.56634521484375,8313400
2025-03-12,279.3233620667466,283.36677360434953,276.58809440530723,282.02886962890625,7463900
2025-03-13,279.5214961529511,280.02693383743974,267.3317739783226,269.3039245605469,9494500
2025-03-14,272.53471429200255,277.3808915468957,270.23550508014324,276.895263671875,6976900
2025-03-17,274.8834803683861,280.195445767948,273.60503625123033,278.2331848144531,4484300
2025-03-18,277.50973720337373,277.98544510958374,273.46632585459514,276.2313232421875,5881700
2025-03-19,275.01230468161185,279.68999265928966,274.8041957301723,276.8853759765625,5245400
2025-03-20,274.5762541040048,280.344087151083,274.5762541040048,276.5285949707031,5504700
2025-03-21,273.73390004375864,279.3233546391107,271.59325978877297,278.1043701171875,9804100
2025-03-24,281.19638450069885,284.1893308689832,280.6810569626108,283.396484375,6763800
2025-03-25,283.0496291533121,287.846267495092,283.0496291533121,286.0227355957031,4301700
2025-03-26,285.7551553566747,286.44889226280054,277.0736752176212,278.4710388183594,5070300
2025-03-27,278.0250871641483,278.3818454007545,273.53569788951364,275.3195495605469,3757200
2025-03-28,274.22940429918896,274.7249220122595,266.7768287824481,267.5498352050781,4973400
2025-03-31,262.1783814877503,266.0434434262215,256.86644669616584,265.9542236328125,7585800
2025-04-01,266.44975697603,268.39220809086976,263.43703120525737,267.77777099609375,4598200
2025-04-02,263.5757493007438,271.1770036296428,263.3676403486561,269.1057434082031,5396900
2025-04-03,257.80795802892993,260.21616674151517,252.16894918049002,252.94195556640625,8872600
2025-04-04,245.4794728707878,248.0462510039967,237.38271522614775,238.6016845703125,9705000
2025-04-07,227.93813283187583,250.6823913226566,227.93813283187583,242.020751953125,11965200
2025-04-08,251.6734385594671,255.0826179007452,238.11608145154835,241.802734375,9340300
2025-04-09,238.74042805414567,265.7659834750109,238.74042805414567,262.7928771972656,12491100
2025-04-10,258.0740503449137,259.3048553532725,246.29198220081014,253.23019409179688,9692300
2025-04-11,252.38652614046657,254.51067371124074,245.84532935687287,253.11111450195312,6089000
2025-04-14,258.0740549097004,258.0740549097004,251.26486962432946,252.6644287109375,6038100
2025-04-15,252.48576131481676,254.818359858396,251.91999143886454,253.04161071777344,5227700
2025-04-16,250.0638490268564,254.70917517279668,244.86267344250558,247.9893341064453,7190900
2025-04-17,247.91985335245417,249.69658740942216,244.97185217337696,245.42843627929688,5566900
2025-04-21,238.64904299471868,240.68386095146997,231.04579482481108,234.5099334716797,9240000
2025-04-22,236.46533097326102,242.41096610265356,233.85482273309714,241.5871124267578,7145300
2025-04-23,250.7388304672227,255.8804682811924,247.6518667131838,248.62460327148438,5818900
2025-04-24,256.28740629371157,263.0171825124178,255.09628312748092,262.7392578125,7857600
2025-04-25,262.7591165676478,267.03718828751244,262.2429793161094,265.8659362792969,5651700
2025-04-28,266.1636889740998,267.50369498874835,261.37938556370517,263.67230224609375,4977700
2025-04-29,263.4340769783174,266.5905142601848,263.2058000608287,265.776611328125,3139800
2025-04-30,262.8385329111574,266.8783924404249,261.05187818090195,266.7195739746094,4624100
2025-05-01,271.37482023012063,272.56594350820075,267.0074186963658,267.3349609375,5208900
2025-05-02,272.4269253858212,274.27316316245447,270.233304472099,273.0423278808594,4323400
2025-05-05,271.34504352387904,274.1243210741358,270.2928977551068,270.61053466796875,4219600
2025-05-06,267.8213272155745,272.7644186930186,266.5508099722269,271.3350830078125,4681600
2025-05-07,271.6825291618916,276.7249168504714,271.6825291618916,276.1690673828125,4267600
2025-05-08,277.1418042684677,280.9533566700175,276.31796564092593,277.6678771972656,4789900
2025-05-09,279.533907904024,280.38755324501017,271.8512512927506,273.3798522949219,4324200
2025-05-12,282.8889221257613,286.82951639299876,281.13204393540315,286.6806335449219,5937400
2025-05-13,288.844476975044,290.57157858737986,286.789802807008,287.0280456542969,6711600
2025-05-14,291.3259300335637,293.85702906375394,287.1173470749179,288.58636474609375,7926200
2025-05-15,287.42501368919346,289.8072295993469,285.8170187071279,288.606201171875,4635600
2025-05-16,288.93376352034625,290.0057804441866,287.57391656513175,288.9933166503906,3846000
2025-05-19,285.96590934167824,287.75256375027027,284.7847218266968,285.4993896484375,5781200
2025-05-20,285.9560155817898,286.30342907084844,283.0973438763716,285.9262390136719,4032300
2025-05-21,282.30325287271876,285.4994021190672,279.02767925853004,280.18902587890625,5689800
2025-05-22,280.407388705654,284.228875990566,278.94827648019736,281.3205871582031,6642700
2025-05-23,276.9333250204136,278.66042638639397,269.63776362555006,271.1068115234375,8887800
2025-05-27,271.14653786178667,276.5164372502968,268.28786628506094,275.1367492675781,10958000
2025-05-28,275.65283855977975,276.7446963041786,271.5534269280698,273.98529052734375,12758600
2025-05-29,261.6374901244746,265.80639132560816,252.61482666938016,264.9428405761719,28053100
2025-05-30,266.09418354547665,267.74189072720026,258.76887635484,263.4042663574219,12388500
2025-06-02,261.161021133045,261.83600711403915,257.22045764089535,259.68206787109375,9213500
2025-06-03,260.0592812058592,262.78891106584433,259.42400735305813,262.510986328125,7838500
2025-06-04,262.2330757695233,263.5333698225384,259.68210518338407,261.22064208984375,7372500
2025-06-05,261.75657830897234,266.7592533463778,261.6871198505871,265.16119384765625,8642900
2025-06-06,267.9702143188662,272.86368836393075,266.2232417220396,272.4765930175781,7507000
2025-06-09,270.8288990251713,272.1689051036527,267.66252618380184,270.23333740234375,5728300
2025-06-10,270.05467233152547,271.72222060720446,264.86340219817333,266.2331848144531,6309700
2025-06-11,266.51111887188137,267.5136471128804,263.4440113064391,263.9403076171875,6568100
2025-06-12,262.7393009682101,267.0272784296085,261.44891227758995,264.93292236328125,8054000
2025-06-13,261.5282878392201,263.73184444329814,256.08886992956747,256.48590087890625,7659300
2025-06-16,258.46118522580036,262.0245887983231,258.03434741337384,261.9253234863281,7177000
2025-06-17,261.8955513991357,268.4962858241233,260.15851442984837,260.8136291503906,9110100
2025-06-18,263.2553074955294,263.5336729341253,255.9680795575562,257.9862365722656,7628000
2025-06-20,259.16926670332055,261.33654238673626,257.74761589315324,259.109619140625,12859200
2025-06-23,259.11958268034937,263.1956412405084,257.24059334855605,261.8734130859375,9283800
2025-06-24,264.15999390315983,271.78526493347414,263.8915798483668,269.5881652832031,9713900
2025-06-25,270.4132847653739,272.40161774158986,265.422579917311,266.1980285644531,6074300
2025-06-26,267.21208657027836,269.4290889195517,263.6132084802752,269.16064453125,6708000
2025-06-27,270.2741149298922,272.5706676680349,267.85829739468716,271.8250427246094,21741400
2025-06-30,272.85893751872624,274.7677506070595,268.82262383127994,271.0992736816406,8541900
2025-07-01,270.4928438763446,272.40165715912786,269.06127183870444,270.3238525390625,6256800
2025-07-02,269.9361098684708,270.12500395352515,264.100356660626,267.63958740234375,6115200
2025-07-03,268.1267187121328,273.12737502201685,267.7489305856536,270.5624084472656,5031800
2025-07-07,269.9261819762093,272.4016470896432,266.6454140082569,268.22613525390625,6283500
2025-07-08,269.21040874318754,275.1853299694128,268.1565944700938,272.0537109375,6661200
2025-07-09,272.75950443260615,273.95251635992315,267.7986233416278,269.339599609375,6373600
2025-07-10,269.3197121696511,269.9062667930616,261.67456897745586,262.4301452636719,7244600
2025-07-11,261.04824581597916,261.416112933818,255.75930269702965,256.5645751953125,7011200
2025-07-14,257.09147461358054,260.7003040263811,255.99788534613265,258.1651611328125,6533900
2025-07-15,259.47748626513425,260.2827587953442,255.72948905243405,256.0774230957031,5201500
2025-07-16,257.4195458155407,257.4692723483783,253.0352827176153,256.4452819824219,5649500
2025-07-17,256.4850242871813,258.6821542565146,255.15284472100365,258.364013671875,5837400
2025-07-18,258.7815428393175,261.4459322720758,257.60843358269847,260.84942626953125,6381200
2025-07-21,262.08214885499217,262.7681261173715,260.1137187451659,260.7499694824219,6714700
2025-07-22,261.46581351593323,264.33896952782175,260.4716469246179,262.0523681640625,5001400
2025-07-23,262.38045628026623,266.9138534429954,260.9687263919034,265.66119384765625,5620700
2025-07-24,266.41676263684434,267.7290394230367,264.0904165536856,266.1383972167969,5877100
2025-07-25,266.44657174356774,269.5185425690273,265.4524052496499,267.5401306152344,4015400
2025-07-28,267.9278675682781,268.76296377449773,265.03483945768494,268.6734924316406,4533700
2025-07-29,270.0156327470681,272.4016263258066,265.750649883607,265.8302001953125,5137100
2025-07-30,265.313208833026,266.20795261454987,261.79385093017476,263.2652282714844,3928200
2025-07-31,263.4541327262501,263.4939078828691,256.35576907773384,256.8230285644531,7340300
2025-08-01,253.50253636740894,254.49670292651433,248.67088628336552,249.27732849121094,7646900
2025-08-04,249.53579169237818,252.0212079442943,249.17789114531118,250.8480987548828,4403500
2025-08-05,251.53406822916847,251.81243364391432,245.56906905071017,246.04627990722656,6761000
2025-08-06,247.91530671566935,248.80011433479675,245.57902443449265,247.7164764404297,5834700
2025-08-07,249.2276094749663,251.53406793296992,235.5876434893715,239.47483825683594,10010200
2025-08-08,239.88244333453827,241.53276347002299,236.4426355213045,239.10699462890625,8812000
2025-08-11,237.5262826683076,240.4590711094968,230.21916724735615,231.3226776123047,10740100
2025-08-12,231.6408037902605,232.30689355160166,225.15883370275498,230.30862426757812,13178000
2025-08-13,231.65073936387623,235.96543366420656,228.2705792054236,235.6472930908203,10209200
2025-08-14,235.61746580519488,235.61746580519488,231.511553213417,232.00863647460938,7544800
2025-08-15,234.7724254626479,243.0737222495095,233.26130322407292,241.02574157714844,12942800
2025-08-18,238.371302500479,243.09359330709148,238.0929370980924,242.5467987060547,8809200
2025-08-19,243.57080537129224,247.05038830516784,242.02984418090608,244.56497192382812,8642200
2025-08-20,244.2667194443616,246.12582121701215,243.02401125104495,245.01234436035156,8195100
2025-08-21,243.61058071387697,244.85328898287682,238.6198752278142,244.39598083496094,5646800
2025-08-22,244.34624600732266,248.07437045633557,242.68598973973553,246.8415985107422,6694300
2025-08-25,247.91530682646618,247.91530682646618,245.35035531632886,246.42405700683594,4957700
2025-08-26,245.26090095568475,247.37848070056089,241.43336858872294,242.31817626953125,8862300
2025-08-27,244.3164358736224,248.90948059705997,244.17725315987514,248.70071411132812,6506900
2025-08-28,251.00716732220815,254.15867347821353,248.82994014164643,253.0452117919922,8461200
2025-08-29,253.91014032118932,256.13709410757554,251.39490006897506,254.75518798828125,7363200
2025-09-02,253.33353717598126,253.50254367552807,247.29893870674914,251.3849639892578,9312500
2025-09-03,253.57210401747673,256.4949559425915,249.08841858208055,254.95401000976562,17417900
2025-09-04,238.65962346641524,243.78952658900343,233.2513549188597,242.58657836914062,30967500
2025-09-05,243.40179514981912,249.66504736882345,242.93453566370152,249.2971954345703,13029400
2025-09-08,249.33699000050527,251.46450594917033,245.8574068490582,250.7984161376953,12602200
2025-09-09,249.85395655349575,253.8504953530182,249.74459762098473,250.58963012695312,10901900
2025-09-10,251.27560745792871,252.5083794996536,240.31988730856534,241.15499877929688,11363600
2025-09-11,242.27838647978425,245.72814564007422,242.07955620269036,244.8433380126953,6944900
2025-09-12,244.66439995687796,246.1456984436469,239.84268600452347,241.3438720703125,8386400
2025-09-15,241.8310230076638,243.28251290370721,239.43507788511445,241.10528564453125,7244600
2025-09-16,241.1052828564127,241.26433797993545,235.85608453570973,237.91400146484375,8779800
2025-09-17,238.98558372110153,242.0031526808087,238.39800769707,241.21640014648438,10124000
2025-09-18,243.15839020316116,246.2755397236182,241.9533472793982,243.27789306640625,9344400
2025-09-19,245.01076755380677,246.18591959908863,242.3517223973972,246.0763702392578,11813900
2025-09-22,244.27379774546753,249.45246298166114,242.16249938826553,248.66571044921875,7523800
2025-09-23,248.7155056015298,250.32885506809865,243.12851870500444,243.55674743652344,7669800
2025-09-24,244.66220315494616,247.81919726001365,242.01311144158052,244.8813018798828,6707100
2025-09-25,243.4970032105202,243.65635049978948,238.50756088530252,239.96156311035156,8145500
2025-09-26,239.70263112473512,243.52687482561674,239.36402953788692,242.43138122558594,4974600
2025-09-29,243.71609745102674,244.81159104935898,241.8736805437026,244.09454345703125,6373500
2025-09-30,244.04473528998338,244.20408256963498,234.84263503870963,236.0277557373047,10801100
2025-10-01,235.51986577524877,241.4753301008956,232.5520795212582,234.72314453125,10016600
2025-10-02,234.46419560147106,238.417910810692,232.64171612572034,237.90005493164062,7679200
2025-10-03,237.77058171689055,241.81392404684235,237.5216072857734,239.3739776611328,8849800
2025-10-06,238.348206431253,249.44250657688326,234.4442891386711,244.77174377441406,13922600
2025-10-07,245.46885614700727,246.34525096902988,236.57549715024606,238.7565155029297,8387400
2025-10-08,238.75653836749612,240.3300586776376,234.68330491320722,239.44369506835938,7120200
2025-10-09,238.28847017909752,244.95102887342443,236.17715651572658,244.3236083984375,7929100
2025-10-10,245.50870935395082,248.02832936128195,239.73249955836667,240.6885528564453,7988300
2025-10-13,241.89359208461852,248.32709792197198,241.37572102495773,247.72955322265625,8276500
2025-10-14,247.09219104812144,247.26149184186426,238.5673087502845,238.78640747070312,9123900
2025-10-15,239.8818762966772,240.33004242266787,234.93226346740383,235.60948181152344,8389200
2025-10-16,252.15135192862007,255.68677675857293,241.67450341952556,244.9908447265625,24869700
2025-10-17,245.55851329376827,249.7512342735308,241.1666006088499,242.08282470703125,10851200
2025-10-20,243.99494758136672,254.352278053282,243.2978221989444,253.23687744140625,9963900
2025-10-21,253.4559844099794,266.0341782043845,252.95803552115822,262.3294372558594,13354700
2025-10-22,261.12439283946185,261.32355414688476,255.45773241385484,255.5872039794922,9370000
2025-10-23,256.54326543594993,257.4993187621963,253.07753033877435,254.00372314453125,6110100
2025-10-24,256.3640088808192,257.43956506433716,252.95802524696958,253.7846221923828,5490800
2025-10-27,256.0253778447331,257.0412129915265,253.874250273607,254.4219970703125,4942400
2025-10-28,254.42199239349145,257.77816285567604,253.09744659896745,253.21694946289062,6435600
2025-10-29,250.9662296295384,252.52979637021275,248.0183656428028,250.42845153808594,7904200
2025-10-30,249.47237270281346,258.21635325290924,248.97442385510325,255.59713745117188,7767800
2025-10-31,253.75474887355597,260.7459553096397,251.59365258697179,259.34173583984375,6878300
2025-11-03,258.9334144831098,260.4870125386175,254.05352159632866,260.2679138183594,7054300
2025-11-04,257.09099710413506,258.1964594064631,252.42024943924005,253.39622497558594,6792200
2025-11-05,253.65515029867285,255.77640214276323,250.9761829576667,251.6434326171875,5241200
2025-11-06,249.5122085317898,249.5122085317898,233.51809355117896,238.2884521484375,11041800
2025-11-07,235.18125589612202,239.9814905149515,234.82273208560284,238.89596557617188,5741500
2025-11-10,239.0154530350192,240.91762132917594,234.1156380713445,240.71844482421875,6486600
2025-11-11,240.90765385235449,244.69206825057273,240.17069926064326,243.4969940185547,5762800
2025-11-12,244.73192254622668,247.41087477260695,242.68036038297123,245.01077270507812,4278200
2025-11-13,244.2439296444333,244.89125712056887,238.92583916592858,239.44369506835938,5542100
2025-11-14,237.33238719726674,244.17419978548932,236.44603881946762,242.6604461669922,5512900
2025-11-17,241.0769809863289,241.83385782249474,234.6235524818636,236.05764770507812,5280900
2025-11-18,235.27089487963178,236.81452426764758,229.32538397137048,232.54212951660156,8045100
2025-11-19,231.04828441075148,231.32713457279306,224.13675140259053,226.9451904296875,9710700
2025-11-20,228.3095531179468,230.1220942689338,222.38396470221582,224.44546508789062,7521100
2025-11-21,223.93755962084978,227.7418809700509,221.04946234106984,226.17832946777344,7479300
2025-11-24,226.40739753002381,227.90124419917868,224.11682959808087,225.88954162597656,8563300
2025-11-25,225.86961278651063,233.6674939941859,225.59076263214777,233.15957641601562,10233000
2025-11-26,229.5643694326447,231.86490584512586,225.07287635304297,227.21405029296875,8506600
2025-11-28,228.0605928953768,231.60598658061255,227.69211557749833,229.59426879882812,3691500
2025-12-01,227.73192460331222,233.2890355774298,227.66221966652606,231.87486267089844,5634700
2025-12-02,232.06409227755546,235.67919068812355,230.66982634397957,233.74716186523438,7626200
2025-12-03,234.39449041574116,238.27848548550813,232.20351844827792,237.74070739746094,13782000
2025-12-04,242.6903161035208,247.94865481227382,236.62530267865807,246.44485473632812,20912100
2025-12-05,249.80104853065026,260.80572232742827,248.4765026249778,259.5010986328125,15852400
2025-12-08,260.80569773339437,263.1958461641941,255.28841589794504,258.46533203125,10805400
2025-12-09,258.93341399022086,261.1741839189824,257.93751624410464,259.94921875,8045900
2025-12-10,259.6803212512068,264.83906396309857,258.0868788774203,263.1161804199219,8894700
2025-12-11,262.41904949407825,266.8009933881776,259.7002377743795,261.2737731933594,7783800
2025-12-12,262.4389525155051,263.4049745059162,259.83967409147124,261.1542663574219,6006600
2025-12-15,260.13843611139066,261.20405397079736,252.05175145108907,253.53564453125,10271800
2025-12-16,252.95801776893774,254.81038811320366,251.0757717091347,253.86428833007812,6145300
2025-12-17,255.2784518346646,260.89532962189156,255.19879338889092,257.0810546875,6269000
2025-12-18,257.7753113533743,259.4211888717437,255.52093982359895,257.20672607421875,5654200
2025-12-19,260.029664773634,261.3862877614952,254.86259481484151,259.2615966796875,20732100
2025-12-22,259.9698123375785,263.9698181152344,257.76533426755947,263.9698181152344,5664200
2025-12-23,262.06457643793505,263.5807734355272,259.87005274535335,262.7727966308594,4745100
2025-12-24,262.57333205270294,265.63565019957264,261.8950053106858,264.5982666015625,2076600
2025-12-26,264.1393627842122,267.2416197622822,264.1393627842122,265.4161682128906,2456400
2025-12-29,264.0495989948868,268.4386158867702,264.0495989948868,265.5658264160156,4300100
2025-12-30,265.9947664939221,267.6107202065141,264.668067399992,265.2566223144531,3291800
2025-12-31,264.6281718494961,265.43614865310394,263.73042322787006,264.2491149902344,3367900
2026-01-02,264.3388886749725,264.7179455369111,251.85011880482824,252.98727416992188,9680600
2026-01-05,252.9872686328812,258.9423760046907,251.68053923202604,255.62069702148438,6421500
2026-01-06,254.56332313746586,262.892482396947,254.36382514228285,262.2441101074219,6103300
2026-01-07,262.84262639015986,267.16181061364534,262.84262639015986,265.4560852050781,5976200
2026-01-08,263.7403757556908,264.53839820162807,259.76033964386096,259.8800354003906,5243500
2026-01-09,259.3513517828845,260.37878092036664,255.87006837906054,259.29150390625,5174400
2026-01-12,258.35387262075534,260.9074837526564,255.13193476454603,258.75286865234375,4927700
2026-01-13,257.0172117490315,260.2591038794056,239.76036751858797,240.4586181640625,13661000
2026-01-14,238.58329416292764,241.63567295926623,235.8700939340521,238.9723358154297,10149300
2026-01-15,236.42870180297643,238.2441534676664,231.09204255526936,232.94740295410156,11489600
2026-01-16,232.36883809010013,232.36883809010013,225.87508458358042,226.5434112548828,13902600
2026-01-20,222.9823099415697,227.37134203727652,218.81274543240602,219.52098083496094,13050800
2026-01-21,219.60078121508738,222.83270380044326,218.41376271777347,221.0272216796875,12616600
2026-01-22,221.68556907928988,228.14939874534454,220.55838329222703,227.52096557617188,9483000
2026-01-23,226.21424315112648,230.27409689230103,226.084562595832,227.4810791015625,9408000
2026-01-26,228.8576216936821,230.37383393211957,227.02221569072847,228.82769775390625,7239600
2026-01-27,231.36136587786606,235.1518888025041,225.70551304056352,227.95986938476562,9838400
2026-01-28,228.8177215437313,231.28156065195455,227.10201134964737,227.39129638671875,8465900
2026-01-29,216.12946393842319,216.73794275889466,208.2591480064982,213.54592895507812,18555600
2026-01-30,213.62572108382403,215.0122527276515,210.50352488167195,211.7603759765625,11090400
2026-02-02,213.81524987641757,216.3489064366914,209.2765980837965,210.28407287597656,7950900
2026-02-03,204.488581549593,205.04718206875432,192.6282444285455,195.8900909423828,20194200
2026-02-04,192.8277319681121,200.16937100852354,186.81277669902488,198.94244384765625,23010000
2026-02-05,193.50605396236043,199.06215043466523,188.3190143508059,189.49607849121094,21956300
2026-02-06,191.15193513888434,194.11452693680988,186.65317673869706,190.8726348876953,13652600
2026-02-09,188.82774859992284,194.71302354057786,185.26664751883544,193.5459442138672,12112000
2026-02-10,191.421255750879,198.60330589119863,190.27413077551486,192.96739196777344,13393000
2026-02-11,192.66812893714805,193.1868359181489,181.35642329067295,184.53846740722656,16350200
2026-02-12,185.49608375552793,187.85019676410866,179.7903524842344,184.96739196777344,16849100
2026-02-13,185.97488798072564,192.9673945570117,183.84022727724403,189.2467041015625,14822900
2026-02-17,190.49357351235233,192.51850789587922,182.71302973459214,183.83023071289062,13692900
2026-02-18,183.42126875733624,187.67063560851238,181.40630390682867,187.32150268554688,9852900
2026-02-19,186.13448821053632,186.48360592024,182.77288512329625,184.82774353027344,9565100
2026-02-20,184.85767883258197,191.25167586879246,183.27163392937373,184.6980743408203,10816200
2026-02-23,180.81778770690732,182.01479100763024,174.13450532554185,177.71554565429688,15498600
2026-02-24,177.196838084735,188.19932015231703,175.84023028933072,184.95742797851562,15564700
2026-02-25,182.54346578466223,192.1195225370647,181.80530639984335,191.27163696289062,21875100
2026-02-26,196.26912050488014,200.53844160483254,190.85267449666222,198.9723663330078,26680500
2026-02-27,191.43124177696404,195.43123246694375,189.4462007919714,194.30404663085938,16346500
2026-03-02,192.01975362768917,195.4511739979618,190.2042868328992,192.4686279296875,9932700
2026-03-03,190.274132060556,198.17437204754034,189.1070527100527,195.5609130859375,13208900
2026-03-04,194.61327721210554,195.97985451184678,191.62076151056044,192.5983123779297,11583700
2026-03-05,193.87512757333457,203.91002829331285,193.75543180990664,200.88758850097656,15860900
2026-03-06,200.2890749323073,202.45367474586595,196.87760876152007,201.6057891845703,9657400
2026-03-09,198.0646454308295,203.16189800680186,195.38135379950296,198.2940673828125,10754800
2026-03-10,196.76788003492268,199.07212994665105,190.12450664106865,194.4237518310547,14467400
2026-03-11,195.91003221863537,199.0521830041587,190.81277959479434,193.6457061767578,9580000
2026-03-12,193.64569117387683,204.34891780907077,192.66812510973307,198.7828369140625,26309700
2026-03-13,199.2317180822067,200.49855400363384,191.2716304984915,192.34893798828125,14834700
2026-03-16,194.66314019652606,198.13446936744256,194.66314019652606,197.84518432617188,13419600
2026-03-17,197.7254979255844,201.87512354558928,193.96489875615978,194.82275390625,11559300
2026-03-18,192.9175062186935,195.66064561292413,192.1594077201115,193.85516357421875,10525100
2026-03-19,195.10204931886724,199.90004716370177,192.8177689803211,194.50355529785156,9254300
2026-03-20,192.72799358664898,195.1818479466855,189.52599507795117,194.892578125,20201100
2026-03-23,196.59830815872763,197.5559199060217,191.52101003524578,194.6930694580078,13976200
2026-03-24,191.66065855717017,191.66065855717017,181.83522573428624,182.56341552734375,18631400
2026-03-25,185.23671754568545,186.92250381404787,179.40132110218693,181.5060577392578,12565200
2026-03-26,180.72799962938814,187.0023163747792,179.08212200290018,185.1768798828125,10330700
2026-03-27,183.54097313819966,183.65069932879598,178.37390304819075,178.8626708984375,9902000
2026-03-30,179.65069645716662,185.92499760247125,179.13198948025172,184.56838989257812,11617700
2026-03-31,184.43871140340727,188.02973632874367,181.85517650417125,186.2042999267578,11041400
2026-04-01,186.3838541517522,188.50852989411632,182.55342258633885,185.77537536621094,11677700
2026-04-02,184.83772840842994,187.11203919201645,181.1270076097946,186.71302795410156,11635500
2026-04-06,187.0322290070217,187.67063173987012,183.14196473196435,184.56838989257812,14391000
2026-04-07,184.48859629898368,186.11453475668867,181.5659131692702,182.50357055664062,12344600
2026-04-08,186.03472553385433,186.30405620795747,175.34146824261524,175.92999267578125,13472100
2026-04-09,173.1699981689453,174.2899932861328,167.1199951171875,170.85000610351562,20855400
2026-04-10,171.25999450683594,171.25999450683594,163.52000427246094,164.9600067138672,18109300
2026-04-13,167.0500030517578,173.39999389648438,165.77000427246094,172.82000732421875,12390800
2026-04-14,175.2100067138672,177.5,170.5,171.30999755859375,13123600
2026-04-15,174.22000122070312,179.6199951171875,172.8800048828125,177.60000610351562,14340300
2026-04-16,184.0,184.5500030517578,178.57000732421875,181.22000122070312,11866700
2026-04-17,185.42999267578125,187.97999572753906,181.02999877929688,182.13999938964844,17225700
2026-04-20,182.5,189.0,182.1199951171875,186.27000427246094,14382300
2026-04-21,186.60000610351562,193.55999755859375,184.10000610351562,187.11000061035156,12073700
2026-04-22,188.1999969482422,191.14999389648438,187.02999877929688,189.8000030517578,14565900
2026-04-23,177.55999755859375,178.8699951171875,170.64999389648438,173.3000030517578,22719900
2026-04-24,175.6199951171875,178.4499969482422,174.39999389648438,178.16000366210938,10817600
2026-04-27,178.25999450683594,184.2899932861328,177.50999450683594,180.17999267578125,11907000
2026-04-28,182.42999267578125,184.4199981689453,181.32000732421875,181.32000732421875,8711700
2026-04-29,179.1999969482422,181.77999877929688,177.35000610351562,181.22000122070312,6882800
2026-04-30,178.3000030517578,178.69000244140625,173.0,176.52999877929688,14408300
2026-05-01,182.19000244140625,186.0399932861328,178.75,183.82000732421875,12324400
2026-05-04,184.24000549316406,190.30999755859375,183.97000122070312,185.47999572753906,8444700
2026-05-05,185.5500030517578,187.38999938964844,181.10000610351562,186.99000549316406,9740800
2026-05-06,185.52000427246094,187.10000610351562,179.5800018310547,181.19000244140625,11303400
2026-05-07,184.60000610351562,188.5800018310547,184.0,186.33999633789062,13955100
2026-05-08,179.67999267578125,181.8699951171875,176.8800048828125,181.82000732421875,15123900
2026-05-11,179.91000366210938,182.5,176.30999755859375,177.49000549316406,11145000
2026-05-12,177.5800018310547,177.5800018310547,170.5800018310547,171.30999755859375,10214000
2026-05-13,169.77999877929688,169.77999877929688,164.75,165.83999633789062,11951900
2026-05-14,166.0,169.35000610351562,164.3300018310547,167.5800018310547,9731300
