Date,Open,High,Low,Close,Volume
2020-01-02,32.783370136156,32.8644057946829,32.54026316057531,32.684326171875,4979300
2020-01-03,32.342183909833935,32.50425527037355,32.216129170466246,32.37820053100586,3960900
2020-01-06,32.21611785888672,32.25213446741265,31.92799186014493,32.21611785888672,5866000
2020-01-07,32.117074861284905,32.14408903585196,31.8289488539445,32.07205581665039,6867400
2020-01-08,32.15309058717288,32.48623906472431,32.02703589176763,32.054046630859375,6072600
2020-01-09,31.639871446639663,31.918995059888754,31.486805985483787,31.675888061523438,10787300
2020-01-10,31.70291155056803,31.720919865249645,31.324747246458585,31.414785385131836,5664400
2020-01-13,31.37875257439539,31.414769185185598,31.117640732999,31.270706176757812,7987600
2020-01-14,31.216680348006644,31.846957279478037,31.07261734379029,31.828948974609375,7227300
2020-01-15,31.900983604455284,32.16209888449561,31.558832666289792,31.810945510864258,10966000
2020-01-16,31.864970217880764,32.405209138298765,31.756923807690544,32.34217834472656,6955900
2020-01-17,31.8019464263814,32.32417709789262,31.765929807366728,32.25214385986328,12082300
2020-01-21,32.0540519020045,32.28815646173986,31.937003056870232,32.16210174560547,6925200
2020-01-22,32.24313668068613,32.47723780038607,32.08106535368873,32.31516647338867,8023300
2020-01-23,32.25215436389728,32.39621745214128,32.009047258472734,32.063072204589844,7980200
2020-01-24,32.225137033623284,32.225137033623284,31.603862301601573,31.837966918945312,9243600
2020-01-27,31.324735605569934,32.18011134403065,31.28871898959119,31.946006774902344,10529200
2020-01-28,32.063062626408886,32.81939447243501,31.955016201186275,32.60329818725586,15161800
2020-01-29,31.567837748383724,31.991020899376323,30.928554934808233,31.135648727416992,21462300
2020-01-30,30.937561706844573,31.6398684570514,30.838517742639382,31.567838668823242,12420000
2020-01-31,31.387759418415495,31.5408248669239,30.190232832979916,30.217247009277344,18541300
2020-02-03,30.38832459691106,31.09063144403603,30.35230798046014,30.964576721191406,14939600
2020-02-04,31.603852428878618,35.34049178799991,30.910551536112354,33.68376541137695,46298200
2020-02-05,33.18856405255296,33.719797300815046,32.96346527675945,33.431671142578125,25896300
2020-02-06,33.971896947981136,35.15141542651537,33.79181729278552,34.215003967285156,24981600
2020-02-07,32.26114658050439,33.19755454027454,32.23413240151539,32.59429168701172,18990500
2020-02-10,32.57628731835342,32.62130637580074,31.955016082218975,32.43222427368164,11638100
2020-02-11,32.594290030488956,33.017473219496395,32.4682353173917,32.81038284301758,9380300
2020-02-12,32.990469365677214,33.76480954752456,32.96345861715409,33.44967269897461,11499100
2020-02-13,33.359624910606335,33.55771285537451,33.044488120960054,33.485679626464844,7317900
2020-02-14,33.827832066973386,34.42209249241493,33.593730932292466,34.34105682373047,10998300
2020-02-18,34.46711171086468,34.78225195047944,33.998906004517195,34.09794998168945,15223600
2020-02-19,34.242002527744965,34.26001083032931,33.78280283340807,33.791805267333984,7598300
2020-02-20,33.62073816848523,34.097946259420986,33.51269176642554,33.935874938964844,8940300
2020-02-21,33.62073306454727,35.06136298908625,33.449659334362224,34.39507293701172,14695200
2020-02-24,33.881862282219,34.097955142634994,33.287601763973875,33.54871368408203,18961600
2020-02-25,33.593733537030346,33.881859618085684,32.76536847794587,32.82839584350586,15856200
2020-02-26,33.14353033690598,33.476675416124685,32.792373516680996,33.03548049926758,11917800
2020-02-27,32.549268097976295,32.819385807080174,31.522815307808724,31.549829483032227,16142600
2020-02-28,30.83525279784589,31.45032998232387,30.4915323828756,31.332740783691406,16824600
2020-03-02,31.314650830282247,32.535761506155026,31.007112228635247,32.52671432495117,13131000
2020-03-03,32.31867589018962,33.84732180598116,32.25535942004072,33.21415710449219,18838700
2020-03-04,33.75687049889149,34.86039203030984,33.59405573358423,34.81516647338867,13445400
2020-03-05,33.90159495336985,34.57094493935168,33.53073985924838,33.666419982910156,11816600
2020-03-06,32.30058738793768,33.277476058267645,32.192045352508494,32.91566467285156,12849800
2020-03-09,30.771935867061966,32.68048385611358,30.428215457299643,32.12872314453125,15594000
2020-03-10,33.00611990084291,33.11466193843067,31.658376086378972,32.599082946777344,15419000
2020-03-11,31.79405203538586,32.327721871458394,31.079476526824745,31.50460433959961,13056300
2020-03-12,29.614147608075143,31.69455424866396,29.406103838576374,29.87645721435547,17224800
2020-03-13,31.251336142940495,31.486514560788482,29.840279437807915,30.74480438232422,20972000
2020-03-16,27.93173547352161,30.165911940989005,27.66037862249942,29.16189193725586,17099700
2020-03-17,29.632242784726543,30.699582751775225,29.234252955678937,30.102596282958984,14020000
2020-03-18,28.601083535968453,29.713647235233662,27.31665786470875,28.311634063720703,20304800
2020-03-19,28.465399839961975,28.483490753201483,26.638260733883026,26.77393913269043,19461400
2020-03-20,26.683484276441625,27.316652390048134,24.612121448559904,24.946796417236328,24947000
2020-03-23,24.648311181827676,25.001075450333275,23.535745623275506,23.825193405151367,18502800
2020-03-24,24.756850958620973,25.218157208098532,23.73473670328232,25.028207778930664,24055000
2020-03-25,25.019159538117098,26.665394642069632,24.53071697085106,25.661373138427734,18485800
2020-03-26,25.760873242686582,27.379973924932308,25.760873242686582,27.280475616455078,14333700
2020-03-27,26.710624003033264,27.92268764704018,26.574943872167413,27.298564910888672,14183000
2020-03-30,27.696558211975983,28.528721339661107,27.15384282866053,28.21213722229004,14952000
2020-03-31,28.06740597842803,28.203084357310907,27.081473779838056,27.19001579284668,15868300
2020-04-01,26.53876389911216,26.90961901474113,25.760871839380886,26.032230377197266,14341500
2020-04-02,25.616148185336932,26.602080591114262,25.59805727095241,26.403085708618164,12007100
2020-04-03,26.366902690819767,26.837256092139217,26.050318604345346,26.602079391479492,10869100
2020-04-06,27.74178457226109,28.329725535562766,27.389020339329022,28.203092575073242,14731900
2020-04-07,29.017162318744532,29.143795260829386,28.54680720112144,28.6010799407959,10602500
2020-04-08,28.809128173006936,29.921695488224103,28.763900877533523,29.858375549316406,12044500
2020-04-09,30.211136371533335,30.844301110960558,30.183998275208566,30.600082397460938,13558300
2020-04-13,31.01616922846323,31.730744948277266,30.717674263038482,31.441293716430664,13792100
2020-04-14,32.06541138322527,32.544808520743196,31.90259661001371,32.32772445678711,14582700
2020-04-15,31.93878444751503,32.93376073726743,31.73074407603915,32.734764099121094,10651500
2020-04-16,33.04229555465262,33.80209665608306,32.82521149738042,33.666419982910156,11205800
2020-04-17,33.87447067018132,34.046329222296414,33.4583898910669,33.883514404296875,15513600
2020-04-20,33.89256186365046,34.66140693783316,33.720699859652235,34.046329498291016,12664000
2020-04-21,33.928733351302,34.579992496142445,33.747831100392325,34.019187927246094,12259600
2020-04-22,34.50763617514167,34.80612768317623,34.29959235226681,34.598087310791016,9823600
2020-04-23,34.78802679226329,35.131747220067936,34.064407563060335,34.2905387878418,15275800
2020-04-24,35.14079324599609,35.75587049361333,34.6161705644925,35.593055725097656,16894800
2020-04-27,36.217187722385134,36.506635493453,35.783016065783336,35.84633255004883,11090200
2020-04-28,35.810152768852575,36.090556822737874,35.19507535745177,35.348846435546875,16170400
2020-04-29,35.68350250508431,35.954859243237536,35.131741848896155,35.3036003112793,17989600
2020-04-30,34.03727739404808,36.14481889176911,33.9649137363721,36.0272331237793,18279500
2020-05-01,35.07747759379648,35.70160203783885,34.67948784507258,35.50260543823242,13894700
2020-05-04,35.52974160347966,36.063411502128176,35.33074844584892,36.0272331237793,10219900
2020-05-05,36.1086474924685,36.86844886508006,35.97297077087114,36.470458984375,12414200
2020-05-06,36.75989447714309,37.16693140649161,36.35285754779457,37.04029846191406,11026000
2020-05-07,37.32975302858335,37.63729171491741,37.139803576859556,37.420204162597656,12588900
2020-05-08,37.71868790936904,38.38803438338467,37.71868790936904,38.12572479248047,8946000
2020-05-11,37.88150806217087,38.378996123334254,37.628238715196254,38.10763931274414,13731700
2020-05-12,38.20714646799232,38.76795113322026,37.791062248155605,37.99005889892578,9548400
2020-05-13,37.79105544767287,38.3337725474326,37.13075257588104,37.61015319824219,11041700
2020-05-14,37.365938302032085,38.07146687366053,36.91367568934925,38.026241302490234,11165100
2020-05-15,37.50160736162351,38.415179585060955,37.42924715261742,38.08955001831055,13183200
2020-05-18,38.53276144795818,38.80412169305457,38.28854274815359,38.44231033325195,8880900
2020-05-19,38.406140796471945,39.057400072312774,38.34282430581964,38.351871490478516,13600300
2020-05-20,38.89457627027814,39.20211491834176,38.38804101155888,38.63226318359375,9282500
2020-05-21,38.66844611764968,38.83126090365787,38.20713985761931,38.41518020629883,8281700
2020-05-22,38.216178429322795,39.3468345958708,38.17999660387595,39.30160903930664,9879700
2020-05-26,39.79006283929716,40.0523725102443,39.17498546168182,39.220211029052734,9548900
2020-05-27,39.16593180073612,39.96191476668676,38.76794204300531,39.93478012084961,8706500
2020-05-28,39.92573753061498,40.68553875584485,39.8081483009811,40.007144927978516,12476300
2020-05-29,40.21593303955612,41.441477115975594,39.83465496890301,41.341617584228516,18741500
2020-06-01,41.21451760775461,41.73196830531365,40.86046929514774,41.032955169677734,8931500
2020-06-02,41.069281613687124,41.968010604748414,40.97849863382155,41.741058349609375,9959000
2020-06-03,42.07694925343272,42.41284110465372,41.831843850565335,42.16773223876953,7599200
2020-06-04,46.60691343175124,47.097131114810225,44.301077778562515,44.809452056884766,32274600
2020-06-05,44.70051450284012,45.11810579134236,43.792705547131085,44.31923294067383,16332600
2020-06-08,43.847169235869636,44.528025911777604,43.429577972436626,44.228450775146484,12182400
2020-06-09,44.36462877928917,45.3904540095497,44.09228674783524,45.16350173950195,9699800
2020-06-10,45.61739597223737,45.699098909514255,44.546181222614194,44.70958709716797,10545900
2020-06-11,44.87298800786366,45.227032875893656,43.29339921625025,43.52035140991211,10563900
2020-06-12,43.92887443278086,44.32831258616895,42.53084782195515,43.26617431640625,10056500
2020-06-15,42.61256002026811,43.683775088425925,42.34021796936734,43.474979400634766,12464800
2020-06-16,44.01966105802506,44.23753328430045,43.15724179339487,43.68376922607422,9642900
2020-06-17,43.810865355390234,44.573425132917514,43.76547559329083,43.96519470214844,9692100
2020-06-18,44.0741179481077,44.56433554681099,43.73822965107731,43.97425842285156,11344000
2020-06-19,44.23753132447238,44.43725040889061,43.04830031009828,43.838096618652344,36555400
2020-06-22,43.883492167968335,44.773144673152245,43.58391350179557,44.62789535522461,9223500
2020-06-23,45.0182423451438,45.680942409735835,44.573414471724355,45.20888137817383,12289300
2020-06-24,45.20888394608736,45.7989611348109,44.16490575613617,44.273841857910156,13009000
2020-06-25,44.22845002604985,44.97285303539332,43.94702802475519,44.845760345458984,10268700
2020-06-26,46.19839859008789,46.552443539369904,45.46307553019955,46.19839859008789,17762400
2020-06-29,46.361801914220074,46.606910741601894,45.499382735583964,46.57967758178711,8933900
2020-06-30,46.67953271050146,47.88692022875383,46.588753204279016,47.61457824707031,10559900
2020-07-01,47.850611987469165,48.50423558148889,46.58875802024951,48.07756423950195,12879800
2020-07-02,48.64948217056691,49.82055655685672,48.613168981143275,49.34849548339844,8468400
2020-07-06,50.37432361186425,51.717880534389174,49.87502588472951,50.99163055419922,9889300
2020-07-07,50.79190711968547,52.24439993078526,50.773750526669716,51.7451057434082,10641800
2020-07-08,52.06283576165673,53.07050413148501,51.890353328169766,52.89802169799805,11127200
2020-07-09,53.31561675245634,54.94967209428922,53.124977712896005,53.76044464111328,15414600
2020-07-10,53.87845099785315,54.368668581914626,52.76184658727918,53.80582809448242,11750700
2020-07-13,54.73181172159415,55.430825147367855,52.553068486376965,52.925270080566406,13128100
2020-07-14,52.42597035551582,53.82399706278689,51.99929901242252,53.633358001708984,10054000
2020-07-15,53.39733146011653,53.67875353030686,51.962994870121825,53.00697326660156,10724800
2020-07-16,52.56214327034736,53.48810541672428,52.56214327034736,53.24300003051758,7231200
2020-07-17,53.49718539078433,53.6605912900974,52.4532036410638,52.770938873291016,6629600
2020-07-20,53.297465880472664,53.37916882948632,52.44412666200956,53.079593658447266,6417100
2020-07-21,53.63335141336216,54.060019241026836,50.555876336922225,51.37290573120117,18072000
2020-07-22,51.44553694571791,52.13547375958029,50.95532269304554,51.14596176147461,9139800
2020-07-23,51.23673323697297,51.5817015897463,49.80239697104787,50.0656623840332,9819200
2020-07-24,49.947653556593615,50.25630876723262,49.0580011172263,50.03843307495117,6509600
2020-07-27,50.59219727067712,52.09008356853934,50.41063477047917,51.95391082763672,7820700
2020-07-28,51.84497758737055,52.05377326211944,50.93716849906224,51.1550407409668,11066800
2020-07-29,50.10198438968067,50.87362422416621,48.71303753583051,49.502830505371094,14250500
2020-07-30,49.02168842178058,49.8750276772515,48.77657956410968,49.67531204223633,8018300
2020-07-31,49.98396205908944,50.68297536650666,49.321261940814594,50.183677673339844,8945500
2020-08-03,50.55588250343188,51.581707654035995,50.44694639191268,51.35475540161133,8830300
2020-08-04,51.08240918450304,51.54539021759408,50.63758128265644,51.136878967285156,6120700
2020-08-05,51.263987527412354,51.6815789355808,50.819159487916515,51.43647003173828,6973500
2020-08-06,50.8282192609329,51.31843341021761,49.784237693590654,50.002113342285156,8657100
2020-08-07,50.23814858213658,50.76467598442728,49.7297743118073,50.12013244628906,6369300
2020-08-10,50.129218066638494,50.19276442464049,49.03984648757792,49.35757827758789,6268400
2020-08-11,49.2123200667697,50.510487082124726,48.74933904746184,49.28494644165039,9325500
2020-08-12,49.38480907366713,51.018864517814386,49.37572904472935,50.37432098388672,6976200
2020-08-13,50.474173737327476,51.7995773706388,50.474173737327476,51.09148406982422,8205900
2020-08-14,51.31843141181347,52.28978657075977,50.719277730005324,51.10055923461914,6253200
2020-08-17,51.46368953786996,52.26256240538736,51.10964459175896,52.062843322753906,5689900
2020-08-18,52.262560340058066,52.543982357827836,51.69063973885588,51.772342681884766,4807100
2020-08-19,51.88128524799912,52.9978898919513,51.77234567565026,52.38965606689453,7208600
2020-08-20,52.28979138860839,52.70738611556932,51.89035671827201,52.344261169433594,6458400
2020-08-21,52.52582371936783,53.615195096353055,52.20808852528006,52.84355545043945,6784200
2020-08-24,53.07050531652247,53.52440974816502,52.70738384901803,53.36100387573242,6053100
2020-08-25,53.115902153752685,53.460870537470825,52.67107769068392,52.69831085205078,4983200
2020-08-26,52.616614484084025,53.25208154522856,52.09008700806156,53.17945861816406,6498800
2020-08-27,53.488107339319534,53.488107339319534,51.018869088531645,51.11872863769531,8112900
2020-08-28,51.07333017463549,51.07333017463549,49.067073219527956,49.26679229736328,12445500
2020-08-31,49.16663974048359,49.99518853051333,48.775127331356266,49.87682342529297,13417200
2020-09-01,50.03161360904727,50.28655065258293,48.593032353080666,48.84797286987305,10121800
2020-09-02,49.06648029015716,50.286541374225216,48.72049188544219,50.15907287597656,10896300
2020-09-03,49.749354653518644,50.459538334595024,47.88284403449969,48.401824951171875,10157700
2020-09-04,48.09225543086217,48.556608955049796,46.389633946438835,47.837318420410156,9971400
2020-09-08,46.58993884783968,47.94657534514322,46.40784297287807,46.91771697998047,12745100
2020-09-09,47.37296945706843,48.90259861355855,47.081611853285224,48.65676498413086,8912100
2020-09-10,48.91170457938981,49.7129362382094,47.37296857279692,47.63701248168945,7080700
2020-09-11,47.64612182080075,48.32899187842025,47.43670527999819,48.04673767089844,7224600
2020-09-14,48.52018716732257,48.78423104907041,47.53685276905732,47.618797302246094,7417400
2020-09-15,47.96478917141852,48.24704335567473,47.017875269323305,47.14534378051758,7750000
2020-09-16,47.14534551154444,47.573278506200204,45.78871233744393,45.907073974609375,9394000
2020-09-17,44.94194460829099,45.014782257712625,43.19379586984512,44.2863883972168,15676200
2020-09-18,44.614170803636874,44.83269071947927,43.77651865162954,44.25907897949219,10017200
2020-09-21,43.639940916483724,45.74318153416697,43.457841575312074,45.652130126953125,9097400
2020-09-22,46.10737912473741,46.47157782589187,45.36988179112117,46.3623161315918,6906300
2020-09-23,46.57174332322786,46.853994081761094,45.90708002019735,46.1438102722168,6502600
2020-09-24,45.724976400631185,47.500435625489175,45.561087322451,47.14534378051758,8182500
2020-09-25,47.318330529161884,48.01030380095758,46.599040100814314,47.78268051147461,6852600
2020-09-28,48.4382456176945,49.49441773648473,48.347194201178546,49.203060150146484,6507200
2020-09-29,49.1211217019169,49.4397930160904,47.882850069831,47.93748092651367,7029100
2020-09-30,48.237930100363634,48.82064520207904,46.89950396324756,47.43669509887695,9083900
2020-10-01,47.6825320687159,48.128675303845746,47.34565052785636,47.6916389465332,6659600
2020-10-02,46.99056795133842,47.73717230948652,46.60815889265504,47.05430221557617,5456700
2020-10-05,47.291016463248496,47.44580211630571,46.571729461148685,47.136234283447266,4954700
2020-10-06,47.26370537166345,47.26370537166345,45.060313331724956,45.21509552001953,8824800
2020-10-07,46.02544323570007,46.535320818436475,45.506462246690184,46.38053512573242,6016400
2020-10-08,46.70830800575874,47.50954312361872,46.41695041258356,47.418495178222656,6746800
2020-10-09,47.7371643500859,50.86015667005461,47.63700953062381,50.486854553222656,12658300
2020-10-12,51.16972667085869,51.16972667085869,49.64920097899546,50.42312240600586,8092000
2020-10-13,50.57789580086813,52.64471575041903,50.441323906885955,52.435302734375,7445700
2020-10-14,52.6174138701712,53.11818454029101,51.37914230337968,51.406455993652344,7513800
2020-10-15,50.79642562710248,51.0877832258135,49.94966652045589,50.44133377075195,6275700
2020-10-16,50.3776009005341,51.38824564518977,50.250128908487916,50.832847595214844,6165600
2020-10-19,51.3791259214326,51.807058789962426,49.09378629493925,49.457984924316406,6721200
2020-10-20,49.54903813624653,50.195490946086785,49.19394634497502,49.348731994628906,6407500
2020-10-21,49.43068086801054,49.60367334035965,47.919262166322774,48.092254638671875,6557400
2020-10-22,47.88283889301468,48.00120398490326,46.95413538572831,47.60969161987305,5164000
2020-10-23,47.77357880169698,49.12110830641528,47.77357880169698,48.97542953491211,5734700
2020-10-26,48.70229118261515,49.12111729315427,47.60059158123141,48.56571578979492,6597300
2020-10-27,48.61124105880132,49.02096377492736,48.25614919591096,48.756919860839844,4613000
2020-10-28,48.13777624744869,49.25768250704441,47.69163650838317,48.4837646484375,9717200
2020-10-29,44.887324207024214,46.253064315594465,43.73099716497727,44.86911392211914,22526800
2020-10-30,44.40476415024127,44.74164574039858,42.7840869872208,43.36680221557617,12565300
2020-11-02,43.87667713876541,44.923745972506985,42.98439399420833,43.58531951904297,10765800
2020-11-03,43.70368004451624,44.96016181830788,43.34858819987557,44.54133224487305,8909500
2020-11-04,45.04209861022255,45.19688078326175,43.30305677982448,43.5397834777832,16562100
2020-11-05,44.35013782962207,45.47915130493736,44.13162133327529,44.987483978271484,10325200
2020-11-06,45.25152182121898,46.58994473216212,44.65969973307792,46.15290832519531,10244300
2020-11-09,43.7036870722972,44.84180392313827,42.65661818022061,43.99504470825195,19388000
2020-11-10,43.29395973561111,43.37590427914124,41.29998047405343,42.37436294555664,15521800
2020-11-11,42.94797276692869,43.794731921696275,42.62019805469389,43.439640045166016,13142300
2020-11-12,43.82205214971738,43.85846924922944,42.246898846654375,42.419891357421875,10266100
2020-11-13,42.70213174927748,44.359229067475745,42.538242698180426,44.31370162963867,12082200
2020-11-16,44.11340075991362,44.76895356934783,43.712781487933306,44.20444869995117,14933300
2020-11-17,44.04055985347711,44.52312366325034,43.66725774021271,44.00414276123047,9892600
2020-11-18,43.76741882115715,45.033004130791475,43.76741882115715,44.18624496459961,12734100
2020-11-19,44.29550113458069,45.57018969077876,44.21355659735495,45.32435607910156,12012200
2020-11-20,45.342569433209945,45.41541057045803,44.57775485838805,44.605072021484375,10521400
2020-11-23,44.7780641164733,45.83423628443183,44.705222979869546,45.43362045288086,9416200
2020-11-24,45.45183487747117,46.699213501336295,45.369893794950734,46.00723648071289,7221600
2020-11-25,46.207538336950805,46.462475368057405,45.57019228592776,45.934391021728516,4438900
2020-11-27,46.3805293640592,47.28191929645943,46.34411227023238,46.744728088378906,3604000
2020-11-30,46.607729205277266,46.79039786337868,45.08245340097743,46.05972671508789,10743200
2020-12-01,46.12365859818938,47.00046394525455,45.83139014916765,46.14192581176758,7160300
2020-12-02,46.14192748286281,47.073534504402055,45.995793253059496,46.89999771118164,9281900
2020-12-03,46.808663409445735,46.85432970131493,45.76745662472325,45.93185806274414,5354200
2020-12-04,45.694391060201525,46.75386513477131,45.338189080216466,46.55293273925781,4791000
2020-12-07,46.49812546566487,46.58945804492226,45.58478573663267,45.69438552856445,5132200
2020-12-08,45.584784088234535,45.87705251222691,45.00937910419947,45.5665168762207,7091500
2020-12-09,45.630458835603534,45.83139472089254,44.9545892863652,45.210323333740234,6794500
2020-12-10,45.11898203574855,45.520850244676375,44.68971126694959,45.3016471862793,4344000
2020-12-11,45.155516211759725,45.310785781776595,44.4522441826455,44.87238311767578,4549500
2020-12-14,44.96372574928278,46.123667914940484,44.96372574928278,45.274261474609375,9127400
2020-12-15,45.630451598025836,47.58499804235327,45.38384945540772,47.566734313964844,7776100
2020-12-16,47.6398012546317,50.13321835581727,47.6398012546317,49.00067901611328,12846700
2020-12-17,48.982402043839734,49.28380228976475,47.89552572727806,48.45266342163086,6195700
2020-12-18,48.49833437461855,48.644468580318424,47.85899940225301,48.4618034362793,10943100
2020-12-21,48.059939165434095,48.11474080756148,46.73559576233158,47.10093307495117,6082300
2020-12-22,47.22879953608907,47.511936124259506,46.653397979006115,47.14659881591797,6215900
2020-12-23,47.49366695358343,47.49366695358343,46.69906234741211,46.69906234741211,4739400
2020-12-24,46.79040004444967,46.799535394043744,45.61219080309554,45.77659225463867,2718500
2020-12-28,46.12366296725579,46.16932926346966,45.603059525364486,45.88619613647461,6187400
2020-12-29,46.260660727233436,46.680796185092305,45.94098971738147,46.45246124267578,4796700
2020-12-30,46.59858990828942,47.04612439094071,46.09625379171346,46.16931915283203,8618900
2020-12-31,46.22412374872246,46.406792389395456,45.66698596252138,45.895320892333984,3597200
2021-01-04,46.10539175352523,47.40233605503708,46.07799267499607,47.0369987487793,7843500
2021-01-05,46.89998970197232,47.74939585643515,46.63512385101447,47.521060943603516,10002400
2021-01-06,47.03699894289451,49.58521778006605,46.945666358010534,48.60794448852539,9911400
2021-01-07,48.790602786018304,49.53040916218823,48.416133666155226,48.4618034362793,7348800
2021-01-08,48.744943199839916,49.822684421551344,48.61707618779191,49.758750915527344,6298300
2021-01-11,49.48474360895065,49.69481131499777,48.836273279312,49.25640869140625,6956100
2021-01-12,49.30208933892683,51.79550694670676,49.21075673895122,51.183570861816406,11825900
2021-01-13,50.94608987550912,51.48496046457523,50.56248885487627,50.88215637207031,8185100
2021-01-14,50.99176098423598,50.99176098423598,50.21542008998636,50.480289459228516,6937900
2021-01-15,50.49855502457657,50.882156042726486,49.60348249811214,50.617286682128906,9710600
2021-01-19,50.736019147235126,52.24303103129846,50.63555122374898,52.04209518432617,8942400
2021-01-20,52.33436286740435,52.55356592319678,51.25662176832986,51.30228805541992,4798200
2021-01-21,51.42102736812053,51.576296937782715,50.525954828778325,51.51236343383789,5265800
2021-01-22,51.329702351817915,51.6676371344925,50.818230760760706,51.567169189453125,3317000
2021-01-25,52.06036516880885,53.320774985289994,51.89596373691502,52.288700103759766,9818900
2021-01-26,52.142564027970515,54.17017929304839,52.03296423864899,54.04230880737305,8394700
2021-01-27,53.55823863838388,55.302717299566005,53.01936808419074,53.29336929321289,10645100
2021-01-28,52.97371204455545,53.75918488405382,51.092230672829466,51.54890060424805,11679600
2021-01-29,51.34796142370263,52.59010403060865,50.516822397627955,51.61282730102539,10923300
2021-02-01,51.90510033778559,53.613044716875706,51.74069890192508,53.402976989746094,7476200
2021-02-02,53.43950835193245,53.68611050765969,52.1516994169889,52.36177062988281,8580900
2021-02-03,53.06503680130571,53.70437530770635,52.67230043955023,53.01023864746094,10673300
2021-02-04,58.41720722103747,59.23007900834042,55.41231872837297,55.82332229614258,29410700
2021-02-05,55.85986200803107,57.376005936107234,55.01959106471613,56.837135314941406,12711700
2021-02-08,57.175059258188334,58.508534277459034,57.13852832103406,58.30760192871094,9787900
2021-02-09,58.33501202893053,58.371546457104614,56.73666737952009,56.837135314941406,5036400
2021-02-10,57.12939831267798,57.74133773171353,56.40785910370863,56.91933059692383,4470900
2021-02-11,57.17506024545701,57.52213028527192,56.325654098926506,56.910194396972656,3660100
2021-02-12,56.67272855477415,57.7139352712372,56.57226062877956,57.54953384399414,5621800
2021-02-16,58.43546892043462,58.453736131069284,57.37599509242356,57.421661376953125,5559800
2021-02-17,57.15680369757093,57.75960779816526,56.672731256890785,57.5860710144043,4178700
2021-02-18,57.26638686579937,57.860055445344486,56.827984327575486,57.35771942138672,5962500
2021-02-19,57.71394316426193,57.86921274861055,56.50833485567546,56.608802795410156,5462500
2021-02-22,56.71839381232835,56.89193058465975,55.67718711479776,56.22519302368164,5252900
2021-02-23,55.42145169491921,56.380457655759486,54.635979017851106,56.05165481567383,5826500
2021-02-24,55.70458140848448,55.75937955236084,53.73176809431527,54.23410415649414,8050000
2021-02-25,54.252379048678094,54.77298239391138,51.92336004892305,52.04209518432617,7868300
2021-02-26,52.536861102267494,52.83005572164332,51.538165837782465,51.69392395019531,9014000
2021-03-01,52.31697095862403,53.782947762735155,51.79471774886154,53.58137512207031,6153700
2021-03-02,53.727962946058106,53.74628804607201,52.12455339397343,52.21617889404297,7646700
2021-03-03,51.97796609885667,52.17953874267276,49.91643913488488,50.02638626098633,11055500
2021-03-04,49.90727472557225,50.292091386707625,48.06564214683617,48.87192916870117,9940400
2021-03-05,49.36669499485509,49.58658922472247,47.195217630191095,49.256744384765625,8395000
2021-03-08,49.35753537597636,50.566964240379065,48.972718689646456,49.009368896484375,7622100
2021-03-09,50.026375702941685,52.197852829881754,49.769831297796514,51.46486282348633,8407000
2021-03-10,52.02376722754536,52.02376722754536,49.96224065518733,50.70439147949219,7202600
2021-03-11,51.263294437019866,51.84052285185521,50.81433822655783,51.52900314331055,5888000
2021-03-12,51.015911201644606,51.4007278175629,50.429521980156466,51.125858306884766,5025800
2021-03-15,51.17167238028867,52.8758683419797,50.95177815661248,52.83921813964844,5860100
2021-03-16,52.50021751999541,53.315665376388836,52.28032327531826,52.610164642333984,5873600
2021-03-17,51.977963584839266,54.726666070521865,51.96880278108895,54.05781555175781,6788400
2021-03-18,53.434772878028056,55.08399357275125,53.141578243195305,53.966190338134766,6547300
2021-03-19,54.204412309633696,55.0015350434818,53.60885871258323,54.72666549682617,10317900
2021-03-22,54.90074838708455,55.75284642304258,54.57090703023657,55.2397575378418,6583900
2021-03-23,55.34053691677656,55.91776184027771,54.98320270845692,55.25807571411133,5959400
2021-03-24,55.53294965578229,55.79865838503382,52.75676143645669,52.81173324584961,7141900
2021-03-25,52.89418855552184,53.535553056431624,52.20701305350893,53.22403335571289,5705500
2021-03-26,53.2790233198722,55.826153430014294,53.17823699260938,55.73453140258789,7409300
2021-03-29,55.78032849574784,56.05519800458684,54.314351956680746,54.836605072021484,7090300
2021-03-30,54.54341663023874,55.55127627014355,54.10362466733977,55.267242431640625,5400600
2021-03-31,55.74368105969889,57.42038759335873,55.66121985344312,56.11017608642578,8516800
2021-04-01,56.256776411559734,57.94264733352941,56.24761211306508,57.82353591918945,5210000
2021-04-05,58.0434377986625,58.620666349428376,57.3104511045228,58.354957580566406,6672800
2021-04-06,58.299987206195595,58.382448429774904,57.02642213825894,57.28296661376953,6396900
2021-04-07,57.43871838143778,57.43871838143778,56.284264874705755,56.58662033081055,5848100
2021-04-08,57.08137711886268,57.402061113809204,56.586609923337406,56.9805908203125,3948400
2021-04-09,56.87981373590384,57.35625238488141,56.66907682038927,57.237144470214844,3801000
2021-04-12,57.23714806224643,57.612803921270945,56.925628313653725,57.392906188964844,5003600
2021-04-13,57.74107724354874,58.71228671242972,57.649451730358486,58.474063873291016,5264900
2021-04-14,58.58400925886228,58.99631531811715,57.12719684626565,57.53034210205078,9522800
2021-04-15,58.02511005810707,59.13375253429133,57.75023701858855,58.96883010864258,4677400
2021-04-16,59.11541052427903,59.54604159300775,58.904680633397,59.49106979370117,4650500
2021-04-19,59.21621233268843,59.65600781330915,58.27249224899265,58.44657897949219,5285500
2021-04-20,58.2999760889636,58.45573420649168,56.08268777506626,56.614105224609375,5506000
2021-04-21,56.293414996479434,56.68739589115592,55.780326199807014,56.60493469238281,5091900
2021-04-22,56.669074505681564,56.71488900423423,55.45964584118824,55.65205764770508,6849100
2021-04-23,55.780333461670836,56.04603869661525,55.37718821733798,55.80781936645508,5072900
2021-04-26,55.89027827094484,56.44918161287919,55.67954485425995,56.421695709228516,4539300
2021-04-27,56.54996801466808,57.09054625669026,56.238448290534016,56.53164291381836,5577600
2021-04-28,56.87981433147615,57.603636610668495,56.64159150933734,57.099708557128906,7814100
2021-04-29,52.491051949521825,52.53686295507324,50.34706403525231,51.37324523925781,31082000
2021-04-30,51.061731537897685,52.12456306991069,50.997595423521076,51.11670684814453,10069300
2021-05-03,51.464871669131156,53.92037952519797,51.41906065964641,53.27901840209961,12472600
2021-05-04,52.692621527779394,53.45309750808825,52.06042125733962,52.8575439453125,9736900
2021-05-05,52.59184761389146,53.94787389132683,52.58268331405762,53.36148452758789,7002800
2021-05-06,53.279011973113896,53.95702322004928,52.92167775387677,53.892887115478516,7583000
2021-05-07,54.14942915402626,54.983201971959474,53.50806813650487,54.77246856689453,10347500
2021-05-10,54.57091247732214,57.08139233232881,54.296039409778075,56.29343032836914,11628700
2021-05-11,55.01069599497357,55.881119085715724,54.186083910027165,55.36802673339844,11344500
2021-05-12,54.69000688168507,55.36802158798292,53.36147036129213,53.39811706542969,8763100
2021-05-13,53.68215881679081,54.39682033305757,53.19655583729221,53.81959533691406,6389300
2021-05-14,54.46095440927081,55.936091890176726,54.33268219269739,55.76200866699219,6565200
2021-05-17,55.71619652463032,56.62326632056975,55.468812899786194,56.52248001098633,6892500
2021-05-18,56.53164261342281,57.438712382152666,55.606244248785025,56.15598678588867,6110600
2021-05-19,55.34053862023021,55.34053862023021,54.121945642795886,54.78163528442383,8050200
2021-05-20,55.07482685932652,55.22142416101117,54.37848705495787,54.48843765258789,8104600
2021-05-21,54.79996127645305,56.23844849439233,54.71750006990818,55.90860366821289,11192200
2021-05-24,56.11017658973635,56.76070194761399,55.82614276671743,55.86279296875,5735100
2021-05-25,56.110181690527455,56.659920790368325,55.762011729878395,56.16515350341797,6069900
2021-05-26,56.06437176885325,56.934794994044886,56.06437176885325,56.29343032836914,6710700
2021-05-27,56.07353103895207,56.9164647846878,54.351009847252016,54.52509307861328,19669700
2021-05-28,55.10407881059786,56.44583841437704,54.828375310689296,55.9495735168457,10887300
2021-06-01,56.537725288458724,57.06156283593406,55.81170359783178,56.399871826171875,5640600
2021-06-02,56.418261199863544,58.421711726920044,56.078227047879736,58.2746696472168,10598300
2021-06-03,57.87949270505405,59.065017924643215,57.521077859195024,58.88121795654297,7219200
2021-06-04,59.166098385263744,60.55381100976883,58.94553706457672,59.947265625,8978000
2021-06-07,60.02078322146015,60.39758220849721,59.542899176810245,60.149444580078125,6123400
2021-06-08,60.21378534046802,60.59977649246335,59.97484678389871,60.47111511230469,5712300
2021-06-09,60.85709818229377,60.976567458476936,60.10350710682628,60.6181526184082,6124100
2021-06-10,60.949008572608584,61.55556118185108,60.4435480649065,61.34418487548828,5789000
2021-06-11,61.482024460282965,61.95990854995532,61.417693774913246,61.69339370727539,5849500
2021-06-14,61.80367705788127,61.812869158958996,59.892126701802376,60.55381774902344,6944300
2021-06-15,60.654914013738235,60.976567458476936,60.16783779577402,60.6181526184082,5011400
2021-06-16,60.14026036635369,60.97655920953942,60.01159900586357,60.737613677978516,5626000
2021-06-17,60.351630617566286,60.930613761085596,59.96564652956568,60.03916931152344,6398300
2021-06-18,59.58884634522419,59.671561226160755,58.02652582305358,58.13680648803711,11438700
2021-06-21,58.247088197318355,59.70832009319675,58.22870750297133,59.18448257446289,6483600
2021-06-22,59.07421236152751,59.85537277410947,58.27467125025705,59.63481140136719,5311100
2021-06-23,59.75428594886286,60.590592036952984,59.63481665550151,60.01161575317383,4462000
2021-06-24,60.11270045850878,61.344175675835196,59.86456278775118,61.17875289916992,5522300
2021-06-25,61.34415683899922,62.66753864595302,61.34415683899922,62.401023864746094,8999200
2021-06-28,62.73187936410925,63.38437827301459,62.09775764479182,63.246524810791016,5413400
2021-06-29,63.41195939287378,64.91914163491326,63.274105904933165,64.78128814697266,6513000
2021-06-30,64.54234050077785,64.93751670447304,64.04607222091515,64.52395629882812,7299800
2021-07-01,64.52394771332861,65.03859311514411,63.43951132270469,64.14715576171875,8519800
2021-07-02,64.32178034298106,64.6158645079837,63.74280411512195,64.40449523925781,4908800
2021-07-06,64.4688223109358,64.4688223109358,63.31086290872432,63.43033218383789,6112100
2021-07-07,63.55901037048333,64.80886293559807,63.402772664763766,64.39530944824219,6019500
2021-07-08,63.09950124580268,63.678477510827804,62.842171449827056,63.090309143066406,5581800
2021-07-09,63.255725333481585,64.28501636388933,63.02597186969139,63.83470153808594,5263600
2021-07-12,64.16554449834322,64.5607207205812,63.27409997295621,63.38438415527344,5628800
2021-07-13,63.24653457252131,63.84389499334363,62.952450413096095,63.173011779785156,4491800
2021-07-14,64.02770551311234,64.61587392887164,62.456192369925404,62.52052307128906,6484100
2021-07-15,62.54805926531346,63.0718967024568,62.16207526142192,62.62158203125,4578000
2021-07-16,62.86974343626633,63.228158291622904,62.62160576008438,62.65836715698242,4278900
2021-07-19,62.13452002150001,63.30166439560856,61.831243802099124,62.980010986328125,6464400
2021-07-20,63.13623140212411,63.97253714215206,63.025954257693044,63.93577575683594,6223900
2021-07-21,63.78874764320999,64.39529307117616,63.62332488803404,64.20230102539062,6082500
2021-07-22,64.19311656808655,66.26089774823514,63.972555205429444,66.22413635253906,8802200
2021-07-23,66.27927640581643,67.79564353515879,65.85653090796451,67.58427429199219,6700500
2021-07-26,66.98692004849272,67.97945670530275,66.98692004849272,67.32695770263672,7653700
2021-07-27,67.17074641956616,67.30859995578444,65.31434076792915,66.43553924560547,8159400
2021-07-28,66.70203114987522,67.61185295590349,66.37118558195228,66.98692321777344,5141000
2021-07-29,67.21669075759476,68.1265127539714,67.13398285407013,67.46482849121094,4963100
2021-07-30,66.22411786318636,66.23330996242383,62.566447656617065,62.685916900634766,11995300
2021-08-02,63.23734508698709,63.742805543562284,62.1069619008567,63.071922302246094,6785100
2021-08-03,63.18220454158177,63.20977383626588,62.16209856915249,62.50213623046875,5997800
2021-08-04,62.41940858747779,63.1362381489504,62.23560865277335,62.4929313659668,6715600
2021-08-05,62.217233362125036,62.382656131655395,60.268928533788625,61.83124923706055,9926200
2021-08-06,61.812880706641344,61.83125790071121,59.98403788404721,60.186222076416016,8888300
2021-08-09,60.41597484504894,60.94900461647816,59.800237184011735,60.057559967041016,7186400
2021-08-10,60.06674020348814,62.106951882346074,60.05754810261872,61.85881423950195,7358900
2021-08-11,61.776115112764806,62.695129007303954,61.52797743478827,62.511322021484375,10104400
2021-08-12,61.7301585527953,63.448716974522945,60.9857595788128,63.31086349487305,10677700
2021-08-13,63.08111361933232,68.1448821783212,63.03516011966309,68.02540588378906,17907600
2021-08-16,67.74970964145881,70.3505208075458,67.55671755298339,69.15579986572266,12691700
2021-08-17,68.0437767885521,68.6870835890639,66.77554037689242,66.94095611572266,9422600
2021-08-18,67.0696084935882,68.13566051043713,66.49981759792561,66.93175506591797,6536400
2021-08-19,66.49981759792561,67.59344590952186,66.22411074258513,66.93175506591797,5607100
2021-08-20,66.99610066638323,67.85996878343751,66.91338578673442,67.4188461303711,5398700
2021-08-23,67.46480387040309,67.5199424526304,65.96680694572095,67.27180480957031,5044700
2021-08-24,67.57507782731163,68.00701539830595,66.73877898664628,66.94095611572266,6132300
2021-08-25,66.95014013653791,68.4573218971498,66.82147879196256,68.154052734375,5052500
2021-08-26,68.31949264053685,69.8082977410874,67.78646988638212,69.51421356201172,5539700
2021-08-27,69.20176421515073,70.378101135877,69.10067210369571,70.22187042236328,5093200
2021-08-30,70.24021811220952,71.52683870808175,69.88180332635115,71.26951599121094,5541700
2021-08-31,71.380057639712,71.59192566562304,70.53259959173018,70.68919372558594,6806300
2021-09-01,70.98396604407226,70.98396604407226,69.91543345120682,70.14572143554688,5740200
2021-09-02,70.29308523219426,71.1313366675078,70.11807118499605,70.45889282226562,5031000
2021-09-03,70.2930958944386,70.88263252015263,69.98912112305828,70.4957504272461,4436500
2021-09-07,70.38523774262357,70.43129113249964,68.76400802335925,68.81927490234375,6041300
2021-09-08,68.92057061389744,69.07716471781107,67.87045822744284,68.10074615478516,6351300
2021-09-09,68.0086372499418,68.24813165145683,67.18881273223725,67.24407958984375,5164200
2021-09-10,68.146816596022,68.41394444662271,66.76508882830552,66.83877563476562,5393000
2021-09-13,67.20723649687295,67.36383062088211,66.20318437816985,66.94010162353516,5768600
2021-09-14,67.01378367315968,67.26249153062953,65.42940168385701,65.76101684570312,6576700
2021-09-15,66.28608405009781,69.07717293713901,66.19397027376645,68.15602111816406,10771100
2021-09-16,67.64019102721907,69.1877266542871,67.52965025820279,68.81005096435547,6630300
2021-09-17,68.98506843587163,69.17850950052491,67.91653583666809,68.26657104492188,8874800
2021-09-20,66.94932275593506,67.24409109331303,65.17149924454654,67.12434387207031,9841500
2021-09-21,67.62175836888231,68.19286799853596,66.38741127763063,66.4334716796875,5375100
2021-09-22,66.86642136788883,67.91654113016092,66.67298028815854,67.43753814697266,4028400
2021-09-23,67.69544021689411,68.54290516901129,67.40988542297417,67.7138671875,4128800
2021-09-24,67.17960404908723,67.61254653883493,66.98616300580586,67.23487091064453,3486600
2021-09-27,66.9953739127259,67.99021252161069,66.70060561605067,67.86125183105469,4268700
2021-09-28,67.08748921450402,67.86125337544944,65.15307178430973,65.64128112792969,5379600
2021-09-29,65.88077643406686,66.16633828308628,64.23192082672213,64.45299530029297,5621400
2021-09-30,64.72934073381413,65.08859643938135,64.13059762280832,64.17665100097656,3927200
2021-10-01,64.20427229056781,64.81223580118761,63.577888837730725,64.39772033691406,4069100
2021-10-04,63.95557494543995,64.0937491322196,62.896248883904036,63.07126998901367,4648400
2021-10-05,63.44893614129521,65.06095185957048,63.255495098441884,64.45299530029297,3932500
2021-10-06,63.84503623026581,65.95447493419283,63.688442093233604,65.89920806884766,4867000
2021-10-07,67.21645134514684,69.24298259575941,67.105910593578,68.32183074951172,7309200
2021-10-08,68.57055825638584,69.96149273921738,68.4692309724932,69.13246154785156,4672600
2021-10-11,68.80084510345087,68.99428618003945,68.3494755635788,68.62582397460938,2817900
2021-10-12,69.27983252994396,69.74040847312494,68.63502902062304,68.78240966796875,3408300
2021-10-13,69.05875066875188,69.39036587464842,68.38630677128657,68.99427032470703,2929400
2021-10-14,69.59303068059147,69.7772582542887,68.36789693479372,68.7916259765625,4770000
2021-10-15,69.30745855925909,69.47326616220735,68.75476889204167,68.99427032470703,4358500
2021-10-18,68.78242049657862,69.13246276631625,68.0639230365542,68.39553833007812,5730000
2021-10-19,68.5429210918926,69.4364325946015,68.51528062956275,68.82847595214844,3425800
2021-10-20,69.04955393424578,70.88264446921953,68.7363656237154,69.97991943359375,5201700
2021-10-21,69.62065800883066,70.25624800183324,69.1416551146913,70.20098114013672,3615500
2021-10-22,70.27468459786927,74.7883306540739,70.27468459786927,74.23563385009766,11047500
2021-10-25,74.23561354562189,74.66855597733264,73.60002363942279,74.21719360351562,6299600
2021-10-26,74.58567901219354,74.59489250004182,72.21831863909547,72.31043243408203,6145700
2021-10-27,72.08013548314716,72.31042345593676,71.1958305109748,71.53665924072266,7896500
2021-10-28,68.19286876471699,68.6073913043943,64.9872643359322,66.70060729980469,17831800
2021-10-29,66.38742570421425,70.91028548922846,66.38742570421425,70.67078399658203,16714300
2021-11-01,70.44049154651357,71.49060421929617,69.59303342950159,70.28389739990234,7915700
2021-11-02,69.66670719434192,70.35757103532131,68.59817477476564,68.99427032470703,7002300
2021-11-03,68.80084506800253,70.12729916790255,68.03628722199964,69.50091552734375,9462500
2021-11-04,69.69435511085658,70.92869526549453,69.04033108690409,70.26546478271484,5958200
2021-11-05,70.60629595390603,70.87343085359306,69.57460327523518,69.6114501953125,4692600
2021-11-08,69.81412105656995,70.49577166771574,67.70468182705375,67.94418334960938,8320500
2021-11-09,68.25735578698979,69.5193364459403,67.96258745404613,68.1283950805664,8317700
2021-11-10,68.04548445237621,68.82846205904791,67.18881301669697,67.45594787597656,6126600
2021-11-11,68.19287611994717,69.04033420720856,67.51122566087444,67.52043914794922,4200800
2021-11-12,67.66782904357042,68.28499923307128,66.81115735223622,68.08235168457031,3793600
2021-11-15,68.59818218363009,70.22861793218931,68.16523967207071,68.35868072509766,5079300
2021-11-16,68.44159128546882,70.54181656372758,68.34026401083077,69.90621948242188,6200400
2021-11-17,69.82332465878552,69.93385840136506,67.23488275067892,67.59413146972656,6393300
2021-11-18,67.70466943034808,69.13245778729085,67.66782250840672,68.82847595214844,9833400
2021-11-19,68.9942593122329,70.38520025784976,68.59816382551402,68.74554443359375,5573800
2021-11-22,68.56133331377839,69.2614106961193,67.74150871949443,67.7691421508789,4576600
2021-11-23,67.43752095580466,67.59411507169133,65.43862328031834,66.00052642822266,10521500
2021-11-24,65.72417931132395,67.13354043630123,65.31887729956289,66.93089294433594,4675200
2021-11-26,67.21645823350738,67.79678142609599,66.41505351512461,66.7558822631836,4121900
2021-11-29,66.82036461891127,66.93090538511858,64.04769522673912,64.98727416992188,7789500
2021-11-30,64.95032500666582,65.31049259447445,61.773454954397415,62.29985427856445,21869100
2021-12-01,63.389602858543135,63.39883991345316,61.63493585348699,61.699581146240234,11859600
2021-12-02,62.03203276191666,62.75236789889108,61.210111177850244,62.31832504272461,8384900
2021-12-03,62.59536810462707,63.29723612372447,61.23781028253592,61.92121124267578,10336600
2021-12-06,61.99509055840508,62.004327611388184,60.526716195406834,61.01617431640625,6413100
2021-12-07,61.61646840803193,62.47533131832729,61.44099959487003,62.087459564208984,6224500
2021-12-08,62.179791289661964,62.53072177036301,61.21010513436328,62.022796630859375,6751900
2021-12-09,61.865805718313965,62.51226561655237,61.459466944989344,61.505638122558594,4523800
2021-12-10,61.69957804423482,62.013574483113025,60.89613045266836,61.773460388183594,7593700
2021-12-13,61.38557605063472,62.28137991116082,61.1546990575427,61.588748931884766,6043700
2021-12-14,61.18241200619945,61.376347862910855,60.277370962405186,60.81300735473633,9297700
2021-12-15,60.32355142281,60.72989725906748,59.3353979948449,60.59136962890625,10196400
2021-12-16,60.748362562948316,61.07158899342795,59.05834454759157,59.14146041870117,8521400
2021-12-17,58.78129448015083,60.166556689207916,58.15330866354596,59.132225036621094,19368900
2021-12-20,58.09789536855313,60.17579215002172,58.01477949729439,58.91058349609375,8123700
2021-12-21,59.29846218055967,59.6124586403443,58.45806983815998,58.836708068847656,9835700
2021-12-22,58.873637523926135,59.70479616871947,58.49499936860997,59.049102783203125,5835900
2021-12-23,59.10451576917913,60.434369628644006,58.79975641875054,59.92643737792969,6045400
2021-12-27,60.22196744638787,60.813012116687425,60.0003274564776,60.637550354003906,6050200
2021-12-28,60.78530324752458,61.61646195198271,60.46207681962634,61.02541732788086,5534400
2021-12-29,60.88689599813274,61.64417244142351,60.58213660068673,61.3763542175293,3654500
2021-12-30,61.21012848326752,62.47533738014682,61.17318730608026,61.67188262939453,3673600
2021-12-31,61.63492808570338,61.8011598240915,60.7021899857883,61.41328811645508,5935800
2022-01-03,61.367108488028045,61.98586425029474,60.63754331238648,61.69034194946289,6685500
2022-01-04,62.032042397045075,62.262919440695654,59.51086902603329,60.15732192993164,7527300
2022-01-05,59.90797495236608,61.20088069821131,59.529333236934356,59.557037353515625,7440700
2022-01-06,59.23381592089839,62.32756700976111,59.17840768305517,61.699581146240234,8218400
2022-01-07,61.62568906866063,62.1797924336804,61.21010626054088,61.247047424316406,5000900
2022-01-10,60.69294841668453,61.25628887454427,58.845932370142975,59.63091278076172,6684000
2022-01-11,59.6401630728436,61.43176424454273,59.16917190359812,61.34865188598633,3811100
2022-01-12,61.75499207098275,61.865808538847325,58.965993532924635,59.40004348754883,5426000
2022-01-13,59.78791531455261,60.24966938689876,58.338007809218034,58.43959426879883,4416900
2022-01-14,58.33800347787585,58.956755720790106,57.84854532485834,58.596588134765625,6253100
2022-01-18,57.99630454351639,57.99630454351639,56.823448903171084,56.89733123779297,7163600
2022-01-19,57.22055499918394,58.03324302793582,57.18361383358079,57.52531433105469,6721800
2022-01-20,58.04248419005757,58.8089976240483,56.02923619770342,56.06617736816406,5352500
2022-01-21,56.26011061256435,56.64798583855661,54.828673791365134,54.98567199707031,7742200
2022-01-24,54.45927345048561,55.15190452123968,52.52914139240146,55.096492767333984,9318900
2022-01-25,53.96982021729904,54.089877274778665,52.56608727131253,53.72970962524414,7635900
2022-01-26,54.08986799510243,54.93949726110458,52.824662911182536,53.295650482177734,7599800
2022-01-27,53.600408343967125,54.21915704966488,52.08585569781967,52.36290740966797,4947100
2022-01-28,52.399850845008395,53.19406484723625,51.63333743538939,53.13865661621094,5027100
2022-01-31,53.31411553401539,55.77064663240277,53.24947025691863,55.47512435913086,9059300
2022-02-01,55.327371858108215,55.98306178409028,55.01337895338521,55.8537712097168,4080600
2022-02-02,55.84454307889822,55.9553630786631,53.02784019521537,54.062171936035156,8826200
2022-02-03,53.56347255522356,53.646588429415075,52.57531911922676,52.8154296875,6287200
2022-02-04,52.95394991919531,55.659828695104295,52.870834056618115,54.754791259765625,10587000
2022-02-07,54.653213919888266,55.16114271008492,54.06216925326641,54.209930419921875,5718400
2022-02-08,53.96981410308786,55.3273721879096,53.96981410308786,55.16114044189453,3770700
2022-02-09,55.752187664179715,56.02000588103122,55.13343887652706,55.97383117675781,3448800
2022-02-10,54.93949391708321,55.43818557281122,54.00674883969049,54.31150817871094,3976200
2022-02-11,54.77326866878281,55.35507625642514,53.60964644769025,53.914405822753906,5897200
2022-02-14,54.05293609972273,54.154522569674384,53.26795550575797,53.72970962524414,5714500
2022-02-15,54.45003647399241,55.4012522080859,54.145280634338086,55.34584045410156,3803800
2022-02-16,55.124195802517185,55.17960755533693,52.88007089542181,53.24024200439453,5201800
2022-02-17,53.08324712983514,53.28642004668369,51.282405563606154,51.49481201171875,5659300
2022-02-18,51.125401162598145,51.61485925343084,50.11877734659463,51.217750549316406,7219600
2022-02-22,50.90376513993386,52.40908431912533,50.69135870112463,50.93147277832031,6951000
2022-02-23,51.28240685506622,51.61487035540766,50.303490462843136,50.414310455322266,11482500
2022-02-24,46.38780763866215,51.38398590929749,45.741351317059994,51.199283599853516,24110800
2022-02-25,51.13464369897987,51.3193460278532,49.29686451009517,50.42354202270508,8340200
2022-02-28,50.16496283006619,50.7837151274581,49.32457054771601,50.414310455322266,9281300
2022-03-01,50.38660448342817,50.83912149109024,49.81402691040119,50.192665100097656,9298800
2022-03-02,50.19266671709358,51.20852779935266,49.573917945445544,50.87606430053711,8496700
2022-03-03,51.38398216547177,51.38398216547177,49.37073453731461,50.257301330566406,6139200
2022-03-04,50.137256863017406,52.12279721451117,49.9525545337635,51.402462005615234,8300800
2022-03-07,51.254696772244415,52.141263654699884,50.55283220435975,50.654415130615234,9961700
2022-03-08,50.73753934332393,51.65181401326807,49.176811750383564,49.23222351074219,9549000
2022-03-09,50.01117573599187,50.01117573599187,48.777818515044785,49.20439529418945,10250400
2022-03-10,49.167300644668614,51.44854382700748,47.55373623673248,48.555259704589844,18926000
2022-03-11,49.05602144680932,49.05602144680932,46.36674861229532,46.42238998413086,9217700
2022-03-14,46.55222675434719,49.38059834650559,46.376030806104225,48.30488967895508,9205600
2022-03-15,48.69436863406454,50.59540857872431,48.42544412098111,50.02045822143555,8927400
2022-03-16,49.881350371452974,50.910692784821286,49.22294337213708,50.790138244628906,7561500
2022-03-17,50.335749164910986,51.800940352026544,50.13173784408049,51.6247444152832,5974000
2022-03-18,51.09615270693891,52.55206824919184,51.09615270693891,51.949302673339844,10588500
2022-03-21,51.54127997465157,52.162592714314336,50.89214478003966,51.3001708984375,5918500
2022-03-22,50.98488418484183,52.17187199972997,50.95706526339999,51.69893264770508,7120300
2022-03-23,51.39290150762092,51.98639885031717,50.67885670527942,51.55982208251953,5329000
2022-03-24,51.68964975715754,53.21975024554771,51.5041820665188,53.07137680053711,6892900
2022-03-25,53.21048695318497,53.83179974795124,52.81173259273697,53.24757766723633,6240900
2022-03-28,53.247567279359096,54.56438465260877,52.793175167728535,54.50874328613281,7156400
2022-03-29,55.06515642753729,56.00176327439434,55.06515642753729,55.834842681884766,5341100
2022-03-30,55.38971326499319,55.95538812114235,54.824038408844025,55.046600341796875,5943000
2022-03-31,54.861139139256906,54.861139139256906,53.08065761516449,53.09920120239258,9380700
2022-04-01,53.66487966519624,54.091456487128646,53.136298956771746,53.51650619506836,4950100
2022-04-04,53.859616108963145,54.12854055853279,52.38515338286544,52.60771179199219,6651900
2022-04-05,52.561345618470995,53.53504661531503,51.912210441407595,52.301692962646484,5040600
2022-04-06,51.77310800280323,52.06985488114173,49.59386891422143,50.18736267089844,6359400
2022-04-07,49.96481074142224,50.85505149154724,49.61242245126773,50.4284782409668,4998700
2022-04-08,50.53976352342445,51.41145725381373,50.1873751909255,51.03125,3747400
2022-04-11,50.409937924069936,52.14405361604874,50.409937924069936,50.901424407958984,4101900
2022-04-12,51.309447954340754,51.726745880083556,50.187369900392184,50.29865264892578,3987300
2022-04-13,50.15955021552751,51.439273504089854,50.03899567520946,51.11470413208008,3787000
2022-04-14,51.18889191487359,51.439272785496875,50.057542100391075,50.21519088745117,4452200
2022-04-18,49.91844383608569,50.77159032249923,49.770066842794066,50.59539794921875,4115300
2022-04-19,50.22446870078176,51.20744517688277,50.22446870078176,51.161075592041016,4698300
2022-04-20,51.30016942165632,51.33726366885253,50.78086057341572,50.87359619140625,4937900
2022-04-21,51.216711494537606,51.800933533544374,50.58612341314984,50.790138244628906,4408600
2022-04-22,50.63249355063154,50.845783730338844,49.222947353235234,49.30640411376953,4914800
2022-04-25,49.08383982515684,49.96480874662003,48.87982500150162,49.732975006103516,5503600
2022-04-26,49.69588513835998,50.03899811406265,48.666542673749504,49.24148941040039,4951700
2022-04-27,49.139487179833715,49.974086624816586,48.22142389909972,48.27706527709961,4905700
2022-04-28,48.65726215029985,50.12244941712466,48.360515272525156,49.862796783447266,6008500
2022-04-29,47.77630395920833,50.05754741718328,47.77630395920833,48.14723587036133,8341100
2022-05-02,48.19359400397875,49.35276258373578,47.720651242436894,49.28784942626953,6139800
2022-05-03,49.408404440111894,50.30792046334658,49.1672989123645,49.57532501220703,8059000
2022-05-04,49.59387867272443,50.530489065995795,48.518170142706566,50.465572357177734,9500200
2022-05-05,47.48882558132427,48.05450051019319,43.85367399662919,44.54917526245117,19285100
2022-05-06,44.51207913187152,46.032907936210115,43.61256306741424,45.263221740722656,11281200
2022-05-09,44.58627453962487,47.219902900490155,44.206063742102536,45.68052673339844,12832100
2022-05-10,46.33892728726549,47.19207371939948,44.86446461651043,45.0592041015625,7614900
2022-05-11,44.79955191970617,45.393045711262694,43.09325550023014,43.19526290893555,7085300
2022-05-12,42.63886553938387,44.345162187485684,41.90626999461406,42.8057861328125,8920400
2022-05-13,43.08398550378751,43.362185310833645,42.3977595489072,43.26018142700195,6455200
2022-05-16,43.11180415112114,43.11180415112114,41.646613205980934,41.813533782958984,6940600
2022-05-17,42.323567633016935,43.69602296957157,42.10100922033358,43.510555267333984,5704500
2022-05-18,42.75013923392725,43.380727274872555,41.40550640360469,41.67443084716797,5883200
2022-05-19,41.377685546875,42.036096066876816,40.821285977509554,41.377685546875,7668700
2022-05-20,41.692983254017406,42.02682444005976,40.13506007748806,41.09021759033203,7445800
2022-05-23,41.488971136589754,42.054642537994596,40.8027416523,41.90626907348633,6122500
2022-05-24,41.17367655027247,42.31429820722227,40.450352824826886,40.969661712646484,8315100
2022-05-25,40.682185435392036,41.85062951570092,40.682185435392036,41.55388259887695,7522100
2022-05-26,42.360666166423975,43.40855578320028,42.1844737770998,43.09326171875,6299000
2022-05-27,43.78876065682793,45.28177060095139,43.63111186435719,45.27249526977539,8695400
2022-05-31,45.12344777151977,45.92456655196657,44.08013202544553,45.33769989013672,17674900
2022-06-01,45.719631771836,45.719631771836,43.6050518782145,43.75409698486328,7174800
2022-06-02,43.65162630276393,44.508634748068054,43.26969800804961,44.49932098388672,5287700
2022-06-03,44.08013500664225,44.29438713974935,43.58642372398311,43.865882873535156,6122200
2022-06-06,44.70426367687174,45.42154085457586,44.21986616149529,44.40616989135742,5350100
2022-06-07,43.688893778931934,44.40617097412562,43.48395540686747,44.25712585449219,5114200
2022-06-08,44.545903234920935,44.84399348025372,44.06150569787615,44.415489196777344,4401800
2022-06-09,43.968354654486724,44.19192056592678,43.251073877710695,43.49327087402344,5139100
2022-06-10,41.31347895495652,42.4592674453632,41.24827194213867,41.24827194213867,8764800
2022-06-13,40.06522053749218,40.95949464520862,39.7484992720232,39.990699768066406,9224400
2022-06-14,40.24221838817793,40.605515618092625,39.3199993361889,39.664669036865234,5288400
2022-06-15,40.02797312351645,41.034026889960785,39.664675831369436,40.53099822998047,8232200
2022-06-16,39.3945260549169,39.5901471054175,37.74571244316349,38.267372131347656,9954900
2022-06-17,38.66793350941825,39.655359774888524,38.59341271677852,39.32000732421875,21193800
2022-06-21,39.77645578450303,40.49373654832134,39.31068933164823,39.394527435302734,7628500
2022-06-22,39.0126010219961,40.6707285393141,38.96602508510262,40.17701721191406,7343000
2022-06-23,39.282736462980886,40.158379569067456,39.17095352198612,40.0279655456543,5244700
2022-06-24,40.3819427812728,42.64556761947583,40.26084608383275,42.54309844970703,20444400
2022-06-27,42.729412680558774,42.79461969859466,41.192385543763926,41.3414306640625,4703400
2022-06-28,40.42852322761027,41.43457676113477,39.6832941763886,39.72987365722656,5435600
2022-06-29,39.66467770762037,40.0838647239164,39.40384604556123,39.748512268066406,3517100
2022-06-30,39.51562432213844,39.51562432213844,38.21148038072245,38.81697463989258,6571700
2022-07-01,39.068484740388996,40.093172962665776,38.90080855044399,39.95344161987305,4950800
2022-07-05,39.36657572649146,40.95018224394012,39.02190957530185,40.922237396240234,6413700
2022-07-06,41.36005075769059,41.881706763358075,40.57756319567433,40.72660827636719,6444000
2022-07-07,40.72661133373589,41.052646361753695,40.23289657964641,40.81976318359375,6216100
2022-07-08,40.42852943281548,40.8290888655969,39.82303162414143,40.18632888793945,3716300
2022-07-11,40.074546278849525,40.204960317895974,39.48767954962446,39.89755630493164,5986800
2022-07-12,40.111807795351375,40.94087150452491,39.93481427079793,40.24222183227539,4751000
2022-07-13,39.31069183703904,40.19564886456738,39.06849127614938,39.58083724975586,4439900
2022-07-14,39.31068710936019,39.459732223707356,38.39778533979432,39.15232467651367,3624800
2022-07-15,40.04659993392515,40.95018440795691,39.91618234623038,40.624149322509766,6407300
2022-07-18,40.968819444168886,41.667469169110745,40.38195268023317,40.60552215576172,4544300
2022-07-19,40.88497518776761,42.37542984232243,40.88497518776761,42.2729606628418,4290500
2022-07-20,42.46858187581034,43.28833176146439,42.31021944683006,43.02750015258789,4066000
2022-07-21,42.92503547045922,43.474636441054855,42.710779787681766,43.45600891113281,2964100
2022-07-22,43.40011347411522,44.12670792400331,43.185861355648626,43.483951568603516,4908200
2022-07-25,43.4839524383439,43.81930482300458,42.98092386135287,43.372169494628906,4042600
2022-07-26,42.282276287729225,42.65489085613969,42.151862254840324,42.533790588378906,3834200
2022-07-27,42.803933539851755,44.266439774433685,42.69215059708864,43.9497184753418,4123000
2022-07-28,44.12671475712803,44.93715098051799,43.29765100187006,44.909202575683594,4914700
2022-07-29,45.76621585680317,46.325134217955,45.06756612860525,45.30044937133789,7241400
2022-08-01,44.57384342252047,45.96182886939966,44.38753970381188,45.58921432495117,4805800
2022-08-02,45.35633271713025,45.4960640645883,44.48069312647167,45.1141357421875,5250700
2022-08-03,45.645108840916166,47.34049831358322,45.645108840916166,47.02377700805664,8749800
2022-08-04,46.66978969781582,46.7536277880748,43.46531829344618,44.592472076416016,10604500
2022-08-05,44.08945668806337,44.39686071693436,43.49327260890479,44.042877197265625,5487400
2022-08-08,44.36890802934693,45.645106963757414,43.96834864313883,44.350276947021484,4786100
2022-08-09,44.31301407598767,44.732204537838996,43.80067175750961,44.71357345581055,6075100
2022-08-10,45.51470810791463,45.91526762760165,45.151410765295424,45.17935562133789,4848400
2022-08-11,45.524007932993776,46.129505687593955,44.83467563594182,45.24454879760742,4581900
2022-08-12,45.598532140946915,46.092243397244346,45.347017853724914,46.05498123168945,2885800
2022-08-15,45.803472152900476,45.86868272679465,44.899887633297304,45.347023010253906,3710000
2022-08-16,45.35633507160872,46.735003320464976,45.25386943880497,46.110877990722656,5314600
2022-08-17,45.54263901582162,45.673053042100875,44.937144814737145,45.24454879760742,3832300
2022-08-18,45.07687098600913,45.384278511349606,44.54589758179883,45.21660232543945,3534100
2022-08-19,44.57384251541324,44.788098183896054,43.362850600873614,43.84724807739258,4377500
2022-08-22,43.50257763580992,43.50257763580992,42.22637883663152,42.28226852416992,4322500
2022-08-23,42.217072738747454,43.18586785337311,42.068027609844755,42.319541931152344,4307200
2022-08-24,42.13323385632113,43.09271163388147,42.07734060144258,42.41269302368164,4212100
2022-08-25,42.59899339661794,43.42805699823926,42.440634530472536,43.40011215209961,3227800
2022-08-26,43.80997939104243,43.97765555231854,41.46251668669204,41.48114776611328,3978200
2022-08-29,41.229647286955675,41.77925187604157,40.89429840597662,41.41595458984375,4539100
2022-08-30,41.79786966850103,41.974863149036906,41.06196156408775,41.4066276550293,4274900
2022-08-31,41.83726576521629,41.94960827932655,41.10705727945266,41.31301498413086,7289300
2022-09-01,41.1819580082827,41.94025044229158,40.844937561527146,41.912166595458984,4660500
2022-09-02,42.305350108435185,42.55811541585387,41.03216705167582,41.29429244995117,4203000
2022-09-06,41.39727133342194,41.46280268303525,40.18961605422113,40.29259490966797,6219900
2022-09-07,40.3955718611044,42.005775252952546,40.3394006050017,41.809181213378906,4814700
2022-09-08,41.52833668061658,41.67812314231079,40.77940437214556,41.425357818603516,5945800
2022-09-09,41.547055019939265,42.27726347913228,41.444076171347334,42.221092224121094,4264800
2022-09-12,42.47386196343767,42.923221337019925,42.230460308610525,42.614288330078125,4737500
2022-09-13,41.33173836735068,41.556416251183386,39.89004158986026,40.05855178833008,6326400
2022-09-14,40.152176878792936,40.1802607283993,39.20665037306692,39.852603912353516,7176200
2022-09-15,39.777708754946325,41.032171774377964,39.721537489768984,39.93685531616211,6821600
2022-09-16,39.17855861049888,39.450047697245495,38.51388138807046,39.31898498535156,9313600
2022-09-19,39.10366377979008,39.19727897413218,38.457710367971764,38.710472106933594,6713000
2022-09-20,38.420267855290206,38.420267855290206,37.17516489580625,37.3530387878418,7587800
2022-09-21,37.48410299415908,37.73686834720279,36.32325510290554,36.4449577331543,6350400
2022-09-22,36.370058122634354,36.444953138326944,35.58367831381676,35.855167388916016,5490500
2022-09-23,35.602403171392915,35.78027705358134,35.106236176216846,35.75218963623047,5161200
2022-09-26,35.724105879921886,36.60410091665694,35.667934616269896,35.696022033691406,5571700
2022-09-27,36.061130813617225,36.12666217711597,34.890922792294724,35.17177200317383,5298000
2022-09-28,35.19985195120105,36.34197599619513,35.153044349774795,36.145381927490234,4452700
2022-09-29,35.53686870040427,35.63048746471377,34.900275387862514,35.28410339355469,4211800
2022-09-30,35.021979700504176,35.53687043010036,34.41347020204176,34.46028137207031,5953300
2022-10-03,34.58198717803814,35.218580646064105,33.87050225146349,34.8441162109375,8930300
2022-10-04,35.677294922008066,36.678992483470005,35.65857116921925,36.20154571533203,8189800
2022-10-05,35.80835819013673,36.96920588318012,35.74282683992847,36.62282180786133,7290500
2022-10-06,36.46367629625171,37.10026963446994,36.360697436953046,36.40750503540039,6471800
2022-10-07,36.05176449132001,36.11729942117803,35.031343029119405,35.153045654296875,6731600
2022-10-10,35.49006754263564,35.65857777777403,34.90964538337641,35.162410736083984,5192100
2022-10-11,34.834748416134296,35.38708669580538,34.28241013646322,34.591346740722656,6222400
2022-10-12,34.6287944616245,34.86283604644675,34.273050252761145,34.759857177734375,6324300
2022-10-13,33.89858179391977,35.89261706744185,33.627092702401654,35.53687286376953,7866600
2022-10-14,35.85517138950339,36.00495786641027,34.64751591064655,34.713050842285156,5716900
2022-10-17,35.58368158504822,35.995597066843274,35.37772741534192,35.433895111083984,5976000
2022-10-18,36.50112725380814,36.81006028971562,35.724107475608115,36.04240417480469,5326500
2022-10-19,35.83644192505873,36.17346233721263,34.900275700715994,35.396446228027344,5097700
2022-10-20,35.293469540646846,36.19218831415392,35.08751181585487,35.21857452392578,5105200
2022-10-21,35.02197890144407,35.99559264829365,34.713045899211316,35.95814514160156,4449300
2022-10-24,35.95814548134552,36.341973500588985,35.199849534024644,36.21091079711914,5899100
2022-10-25,36.145382353368056,36.622825607446934,35.70538303815672,36.48240280151367,6544200
2022-10-26,36.50113085476082,37.970911871322365,36.43559591884551,37.044105529785156,5856200
2022-10-27,37.165805824075704,38.036440839044275,37.09091079985886,37.30622863769531,6130400
2022-10-28,36.323250300980305,37.83047855624976,36.02367738242636,37.74622344970703,7750500
2022-10-31,37.774310635781255,38.017715885628675,36.903675648233175,37.29686737060547,6860700
2022-11-01,37.93346081879192,38.23303376421409,36.791336732375406,37.26878356933594,4960300
2022-11-02,37.37175560333656,37.44665061874568,35.58367817913909,35.630489349365234,8531900
2022-11-03,37.36239367305834,38.317283645380336,35.95814434397142,36.34197235107422,14052700
2022-11-04,36.95048577974706,38.17686137293889,36.53857031353452,37.512184143066406,7329900
2022-11-07,37.79303400804368,38.06452310273951,36.85686767145768,37.98963165283203,5258300
2022-11-08,37.989625058652386,39.54366076479043,37.652604664590314,38.94451141357422,7889100
2022-11-09,38.71047125548908,38.81345010971481,37.90537131675938,37.980262756347656,5208100
2022-11-10,39.77770232873686,41.940243906428,39.56238096593843,41.809181213378906,9206000
2022-11-11,42.12748241372005,43.990454874006346,41.88408075332035,43.54109191894531,7298800
2022-11-14,43.38194863471277,43.89683941099084,42.92322555365593,42.97939682006836,6188100
2022-11-15,44.06535084777359,44.121522115726826,43.09173696373191,44.0185432434082,5466800
2022-11-16,43.32577315645806,43.49428336812271,42.41769431714394,42.586204528808594,5263300
2022-11-17,41.80918602041435,42.73599221112103,41.72493091216829,42.567481994628906,3617200
2022-11-18,43.17598811314775,43.204075530139406,42.36152444420914,42.764076232910156,3792000
2022-11-21,42.46449960645886,42.68917749566653,41.69684360448312,41.87471389770508,4096100
2022-11-22,42.01514588700098,42.27727131659903,41.57514656915472,42.24918746948242,3817000
2022-11-23,42.45513526849856,42.85768701570868,42.23045738286863,42.342796325683594,4981600
2022-11-25,41.818544355157314,42.32407498339685,41.71556906824109,42.1649284362793,2329800
2022-11-28,42.1274853186223,42.492589619993105,41.425360563311926,41.5002555847168,5878400
2022-11-29,41.75301795623385,41.809189223097725,40.83557535793787,40.97600173950195,4421400
2022-11-30,41.248856443734226,42.933060151347156,40.95717756372202,42.75428771972656,8882300
2022-12-01,42.67901306774841,43.3658662331658,42.38733422110642,42.4908332824707,4785600
2022-12-02,42.161524267782816,42.76369675095779,41.756938957668794,42.528472900390625,4338000
2022-12-05,42.199155927693646,42.26501831648464,41.230034844713835,41.34294128417969,4641100
2022-12-06,41.14535251107957,41.23003323467993,40.21386814070654,40.787811279296875,8691500
2022-12-07,40.55259572705997,41.324129771092146,40.42087092772252,40.60905075073242,5533200
2022-12-08,40.92895013500533,41.54994095900169,40.70313365844706,41.28649139404297,3855000
2022-12-09,40.95717750165853,41.44644356292246,40.7501829447928,41.06067657470703,4083600
2022-12-12,41.11712984237846,41.14535555592372,40.543183072083984,41.135948181152344,4238100
2022-12-13,42.67901606829946,43.149463769953144,40.75958858413695,41.135948181152344,5656600
2022-12-14,41.03245595147434,41.672265219500154,40.364420965198825,41.164180755615234,5659400
2022-12-15,40.51496783121268,40.59964858296863,39.52702453098255,39.79047775268555,5167300
2022-12-16,39.5552378713477,39.658736924956,38.21916472630592,38.57670593261719,14561000
2022-12-19,38.65198665265452,38.96248028349967,38.237990359219275,38.8966178894043,7817400
2022-12-20,38.990710906341384,39.018940213958004,38.24740613809604,38.548492431640625,4273300
2022-12-21,38.8307529952785,39.04715850326357,38.5861181850477,38.84016036987305,4050000
2022-12-22,38.22858846210402,38.31326920796571,37.146557108230475,37.74872970581055,3930500
2022-12-23,37.50410101411165,37.94632311617123,37.19360372818078,37.7957763671875,2421200
2022-12-27,37.73931580188535,37.983947031379,37.35354882395573,37.711090087890625,3953700
2022-12-28,37.69226760463701,38.01217215525204,37.4099961388002,37.56053924560547,3551000
2022-12-29,37.88986029485637,39.442335637613716,37.701680486549975,39.34824752807617,6385400
2022-12-30,38.802534424107996,39.0377583138076,38.55789956885066,39.01893997192383,4430300
2023-01-03,39.592878609024375,40.138596053318004,39.084794251445814,39.65874099731445,4494900
2023-01-04,40.26091826290645,40.77841005664745,39.78105956037411,40.54318618774414,3743500
2023-01-05,40.46792010898313,40.79723573824627,40.01629063012674,40.5526008605957,3748100
2023-01-06,41.04186214184353,42.7637026899543,40.51496294050555,42.44379806518555,5293700
2023-01-09,42.11448532423903,42.75429461706079,40.87250342387487,40.947776794433594,7096400
2023-01-10,40.75959095734873,42.4626130286161,40.75959095734873,42.42497634887695,4432600
2023-01-11,42.98951494272384,43.93041046110526,42.82956442743014,43.855140686035156,5456800
2023-01-12,43.96804751156581,44.033909911265695,43.111832726235676,43.6857795715332,3812200
2023-01-13,43.017737103379844,43.563454546992844,42.75428396131715,43.52581787109375,3128400
2023-01-17,43.497599456735394,44.32558851927918,43.32823797600527,44.00568389892578,5214200
2023-01-18,44.222084824166764,44.598444428575554,43.243552724088865,43.26237106323242,3429500
2023-01-19,42.95188011961031,43.21532970559069,42.283841600653545,42.84838104248047,5616300
2023-01-20,43.0553761538449,43.968045930045676,42.84838158619005,43.902183532714844,3435000
2023-01-23,44.16563647347567,45.01244391660423,43.81750611984804,44.843082427978516,3254700
2023-01-24,44.48554081503702,44.61726561882473,43.76105080497293,43.93041229248047,4864400
2023-01-25,43.723415195777115,46.169742069160904,43.58227943456088,46.03801727294922,5955700
2023-01-26,46.53669683367998,46.546107799916584,45.31353323685544,46.25442886352539,4153100
2023-01-27,46.07565611806147,46.76250943715437,45.99097537520171,46.1038818359375,3901300
2023-01-30,45.46407507985734,46.94128088390636,45.454667703124535,46.00038528442383,4066900
2023-01-31,46.019197093079455,46.621369616971634,45.91569801755461,46.57432556152344,4325300
2023-02-01,46.34851105669537,47.75044694021173,45.81220090529359,47.42113494873047,4565200
2023-02-02,47.75044421728888,49.1429690563661,47.69398919801216,48.606658935546875,6390000
2023-02-03,47.33644430302313,48.277339612323466,47.148264523316904,47.66575622558594,3808200
2023-02-06,47.07299925588936,47.421133164334314,46.715461561229525,47.02595520019531,3141600
2023-02-07,46.82835976030029,47.392895507604884,46.16973232895776,47.204715728759766,3538100
2023-02-08,46.668421647136654,47.044781333497426,45.943935173124935,46.25442886352539,3429700
2023-02-09,46.80955634100604,46.90364446579771,45.30412480894785,45.529937744140625,3072400
2023-02-10,45.238258361816406,45.473482242010796,44.833673000743524,45.238258361816406,3745100
2023-02-13,45.35116398610863,46.12269801183266,45.08771080445375,46.03801727294922,4744300
2023-02-14,45.849836608236615,46.28264767043926,45.36057052474306,45.91569900512695,3919700
2023-02-15,45.54874976365639,46.72486910643747,45.360569950965136,46.71546173095703,3708100
2023-02-16,45.746333201851066,46.28264329105763,45.435839587209365,45.78396987915039,3760400
2023-02-17,45.68988401470044,45.8216088024737,44.92775741357208,45.388797760009766,5511900
2023-02-21,45.05949020385742,45.92511603175068,44.99362779827371,45.05949020385742,5947900
2023-02-22,45.27588514244199,45.47347590207306,44.598442902608994,45.02184295654297,7391900
2023-02-23,42.72607173088133,43.17770121648566,41.12654839276259,42.66961669921875,12458900
2023-02-24,42.06743550457535,42.575519918610766,41.69107947098833,42.406158447265625,5795000
2023-02-27,42.641384348043566,43.140057821216004,42.41557143496725,43.093013763427734,5187700
2023-02-28,43.008330836058214,43.57287026849627,42.886017009876625,43.187103271484375,5338800
2023-03-01,42.9801085161451,43.53523702782106,42.697840572242264,43.04597091674805,4236400
2023-03-02,42.81074348597367,43.0365599759307,42.63197464046321,42.886016845703125,4142300
2023-03-03,43.215333311694614,43.50701222710592,43.10242684960032,43.31883239746094,3744200
2023-03-06,43.23414337934046,43.37527553264023,42.00156914082866,42.10506820678711,5972800
2023-03-07,42.20856989191543,42.42497541178853,41.23944874004216,41.38058090209961,5326600
2023-03-08,41.258272087936994,41.719312527554344,40.60905539302962,41.644039154052734,6096600
2023-03-09,41.653490744311966,41.899511588630475,40.61262444082386,40.641014099121094,4091600
2023-03-10,40.4517712798672,40.56531910083634,39.429830062284466,39.77994155883789,4526700
2023-03-13,39.38252586741792,39.62855040173947,38.81478305064954,38.881019592285156,5946300
2023-03-14,39.5339183379412,39.69478106496321,38.436279741016705,38.94725036621094,6368400
2023-03-15,38.31327695674029,38.73908226652025,37.97262982121966,38.61607360839844,5740600
2023-03-16,38.11455389431529,39.38251589982689,38.06724260649573,39.221656799316406,6022400
2023-03-17,38.93779151977662,40.03543017218589,38.73907830463166,39.79887008666992,11506800
2023-03-20,39.83671662078153,41.13306847739332,39.742094031222024,40.7261848449707,6199700
2023-03-21,40.820806894907726,41.61564890940973,40.782956415736116,41.398014068603516,6122800
2023-03-22,41.246617456737496,41.719737636966364,40.527476371022644,40.55586242675781,5087900
2023-03-23,40.77349327923287,40.87758028621822,39.76101648157205,40.16790008544922,4808700
2023-03-24,39.94080261928357,40.555860264639286,39.42037117070122,40.36661148071289,4541800
2023-03-27,40.47069241747221,40.70725245946612,40.26251842543924,40.30982971191406,4040300
2023-03-28,40.42338518761131,40.68833130615433,40.2719868899267,40.5653190612793,2827200
2023-03-29,40.87758216719505,41.322312658932795,40.87758216719505,41.28446578979492,3588000
2023-03-30,41.78597185064626,41.946834579984774,41.28446564255976,41.54941177368164,3459600
2023-03-31,41.710269448370404,42.03198764881944,41.38854763830149,41.984676361083984,4053600
2023-04-03,41.77651222941393,41.965757408696376,41.48317642613347,41.89952087402344,3539700
2023-04-04,42.23070977504859,42.23070977504859,41.473718182128806,41.94683837890625,3509200
2023-04-05,41.87113906516338,41.88059988123875,41.35070755011941,41.49264144897461,3836500
2023-04-06,41.29392054429178,41.47370848719702,40.91542664111928,41.227684020996094,3629600
2023-04-10,40.77349389452215,41.32231138106291,40.77349389452215,41.066829681396484,3279500
2023-04-11,40.962743649427814,41.36962726914549,40.70725833405018,41.16145324707031,3668600
2023-04-12,41.59672362658069,41.73866111851649,40.20575280986349,40.480159759521484,4312300
2023-04-13,40.65994408857269,41.274998076088345,40.5558570850925,41.26553726196289,3875600
2023-04-14,41.19930283365161,41.785970799066185,40.820805276185304,41.18983840942383,3603700
2023-04-17,41.6345694184303,41.6345694184303,41.11413802262392,41.426395416259766,3693300
2023-04-18,41.767043080647994,42.01306756128143,41.50209697192276,41.672420501708984,3709800
2023-04-19,41.49263771318661,41.776512704579915,41.18984109134619,41.360164642333984,4043300
2023-04-20,41.019515304897276,41.36016238830845,40.896506665592334,41.04790496826172,3624400
2023-04-21,41.03844032048435,41.03844032048435,40.461233166693816,40.79241943359375,3139200
2023-04-24,40.95328453251835,41.76705187741751,40.8586619336504,41.502105712890625,4216500
2023-04-25,41.237155318264335,41.80489807247464,41.20876565381954,41.64403533935547,5938300
2023-04-26,41.16144949344411,42.04145318517699,40.89650338741527,41.02897644042969,8552700
2023-04-27,42.713287333881404,43.39458151723246,41.67242442897981,43.11071014404297,11144600
2023-04-28,43.07285855090081,44.16103272158315,42.94984630217316,43.933937072753906,6704800
2023-05-01,43.545976964328034,43.858234371447416,42.96876983129086,43.20532989501953,4220800
2023-05-02,43.15801427764595,43.20532556372475,42.12661235880125,42.69435501098633,4035100
2023-05-03,42.855227496559465,43.30942244389782,42.21178375209164,42.363182067871094,4686200
2023-05-04,42.552422481246914,42.56188329491014,41.8995144402684,41.994140625,3301500
2023-05-05,42.315862488704184,43.2526382562323,42.230700727145276,43.17694091796875,5206400
2023-05-08,43.32833845819046,43.84876983225983,43.02554189110937,43.72575759887695,3781700
2023-05-09,43.44189355505286,43.88662766675817,43.07286040262522,43.34727096557617,3785000
2023-05-10,43.725760716942084,43.85823377328418,42.807910136734684,43.356727600097656,4297800
2023-05-11,43.366193074771196,43.43242960454731,43.02554600185394,43.318878173828125,3847500
2023-05-12,43.2431741763196,43.366186402528875,42.24015835034321,42.495643615722656,3690400
2023-05-15,42.49565667369114,43.035013418684635,42.16447397400064,42.70383071899414,4196500
2023-05-16,42.22123890690962,42.22123890690962,40.70725595209864,40.71671676635742,5570900
2023-05-17,40.74510234416678,41.596716317276346,40.65047616296368,41.521018981933594,4442500
2023-05-18,41.45478718314628,41.80489506943878,41.104675687233645,41.74811935424805,3240800
2023-05-19,41.71973957283473,41.81436216942295,40.83027489219514,41.14253234863281,4278000
2023-05-22,41.55887057989908,41.85220636062099,41.39801146795555,41.74811935424805,4693200
2023-05-23,41.6345694184303,41.80489294572984,40.830266680331334,41.426395416259766,4139000
2023-05-24,41.59672072465783,41.644032015462386,40.72618142306963,40.97220230102539,3486900
2023-05-25,40.77349154570539,41.33177342429254,40.622093253696335,41.27499771118164,6799900
2023-05-26,41.218231964469354,42.15500791274106,41.18038148322469,41.975223541259766,5128400
2023-05-30,41.871130065176054,42.08876488433782,41.01005160257079,41.27499771118164,4906600
2023-05-31,41.17031761582647,41.17031761582647,39.98069905326248,40.48509979248047,7695800
2023-06-01,40.732524736755394,41.48436427898402,40.47556678066106,41.17030334472656,5235300
2023-06-02,41.23693719490164,42.3313840304956,41.17983420026858,42.245731353759766,4641600
2023-06-05,42.607378832386914,43.149844605971886,42.15056574044313,43.10226058959961,5661800
2023-06-06,43.03563869997874,43.17839073735112,42.67399367053266,42.9975700378418,4537600
2023-06-07,43.05467480203597,43.559071889602045,42.68351077657466,42.88336944580078,5663700
2023-06-08,43.349700132568415,43.83506654404734,43.159360434545846,43.406803131103516,5308400
2023-06-09,43.43534745716068,44.29187417739091,43.43534745716068,43.597137451171875,5049500
2023-06-12,43.63520459432721,43.701822939078504,42.84529980780724,42.940467834472656,6150600
2023-06-13,43.11177010379975,43.416312123863655,42.83577776360832,43.321144104003906,4215700
2023-06-14,43.38776116166844,43.50196350821035,42.48365047801274,42.892879486083984,4655100
2023-06-15,42.76916421336633,43.49245431484025,42.23621743378308,43.416316986083984,5059700
2023-06-16,43.40680086521827,43.54003755775063,42.75012912284084,42.88336944580078,8591400
2023-06-20,42.759637183831124,43.28306846957238,42.46461056112073,42.67398452758789,4175500
2023-06-21,42.65496328136816,42.65496328136816,41.95071111888933,41.96974182128906,3745700
2023-06-22,42.01733153444673,42.01733153444673,41.503415414119594,41.7508544921875,3621500
2023-06-23,41.37968853237939,41.68423057105674,41.027562480863864,41.275001525878906,6234800
2023-06-26,41.36064910888672,41.64615678119194,41.17030945054089,41.36064910888672,3551500
2023-06-27,41.47486110577812,42.39800259262382,41.37968944756938,42.321868896484375,4758900
2023-06-28,42.28378990035242,42.683499875869735,42.102969239584105,42.67398452758789,4186200
2023-06-29,42.74060617441933,42.74060617441933,42.18862517056044,42.445579528808594,3278400
2023-06-30,42.826265245665574,42.94998658400608,42.150562820869894,42.5312385559082,5212100
2023-07-03,42.50268506938557,43.616169753918065,42.44558208054921,43.04515075683594,2771300
2023-07-05,43.04515229456397,43.083220955148164,42.47413690751028,42.85481262207031,3394000
2023-07-06,42.13152904014017,42.3028343937957,41.44630762551807,41.731815338134766,4572500
2023-07-07,41.57953977874221,42.417032124065024,41.570024429211934,42.122005462646484,4252800
2023-07-10,41.998290541946915,43.54955037821927,41.988771561360466,43.463897705078125,4703700
2023-07-11,43.77796038798968,45.06274690372706,43.73989172504534,44.63448715209961,4998800
2023-07-12,45.20550705513508,45.23405673995929,44.09202578185608,44.16815948486328,4969600
2023-07-13,44.46318004242208,44.54883271544871,43.85409598108929,43.90167999267578,4172600
2023-07-14,43.82554369274169,44.46318108025157,43.60665432999276,44.253807067871094,4132100
2023-07-17,43.83506416539018,45.08178204045216,43.73989250632938,44.91047668457031,5192400
2023-07-18,44.65351809763339,45.767002897072906,44.65351809763339,45.70989990234375,5550100
2023-07-19,45.89072393446082,46.72821273573338,45.643281256027215,46.66159439086914,6063200
2023-07-20,46.423667121125426,46.59497246057386,45.700380733786574,46.480770111083984,9336800
2023-07-21,46.83289819760037,46.96613488293086,45.976375093149784,46.00492477416992,10663500
2023-07-24,46.062034324199445,46.60450012337381,45.81459161870677,46.57594680786133,4705500
2023-07-25,46.69966200661045,47.089856716534754,45.75748621869864,45.976375579833984,6411300
2023-07-26,45.78603517407586,46.509321589384506,45.78603517407586,46.44270324707031,6636800
2023-07-27,43.35921246669953,43.84457517333856,41.208380380521014,41.55099105834961,15740800
2023-07-28,41.85553662094309,43.625689519348235,41.84602127038746,42.83578109741211,9570100
2023-07-31,42.95950452663516,43.43535194696639,42.207664731209164,42.35993576049805,8017600
2023-08-01,42.01731813675052,42.21717313189796,41.4462991972091,41.45581817626953,4807600
2023-08-02,41.07514849765809,41.779404265475534,40.7420567611126,41.64616394042969,5540000
2023-08-03,41.474856845342075,41.75084554972806,41.22741418984504,41.5034065246582,3928800
2023-08-04,41.55099337298743,41.817466745952835,40.87529095986662,40.970458984375,3951400
2023-08-07,41.236937239160504,41.79843368339775,40.789639523456906,41.731815338134766,4230800
2023-08-08,41.189354381455516,41.474865757677684,40.46606785008166,41.417762756347656,3910600
2023-08-09,41.59857357181457,41.87456590018648,41.24644755690077,41.56050491333008,3942700
2023-08-10,42.0268451292904,42.12201316370105,40.970463247364364,41.19887161254883,3126100
2023-08-11,41.265486612732865,42.43607076700761,41.24645228131041,42.35041809082031,6826900
2023-08-14,42.07442730703425,42.207664001555266,41.579545562793584,41.90312194824219,4229900
2023-08-15,41.512926177911496,41.57002917289076,40.865773423189964,41.47486114501953,4240500
2023-08-16,41.37016673452499,41.398716411693,40.723014095586215,40.85625076293945,4181800
2023-08-17,41.21789675849352,41.2940304429671,40.68494644547048,40.87528610229492,3892000
2023-08-18,40.52316965556319,41.189353165947786,40.19007426994304,40.91336441040039,3801000
2023-08-21,40.9133573051375,41.17031168284567,40.69446432639359,40.960941314697266,3385900
2023-08-22,41.00852711227009,41.45582480857438,40.96094310063561,41.179832458496094,3869700
2023-08-23,41.189346528529335,42.06490756318711,41.160796848521414,41.77939987182617,5024600
2023-08-24,41.75085098383538,42.10298068322611,41.02756451374532,41.056114196777344,4477100
2023-08-25,41.61760785943812,42.207657543649276,41.284516174099664,41.484371185302734,7250700
2023-08-28,41.76988882595087,41.92215986562988,41.44631241282948,41.7508544921875,4203100
2023-08-29,41.88408479810344,42.5407565061007,41.7984321244702,42.17911148071289,4135100
2023-08-30,42.179107941605814,42.702539289699594,42.12200495383251,42.58833694458008,3595300
2023-08-31,42.684044057750604,43.39225628481635,42.63619271894878,42.8563117980957,7844400
2023-09-01,43.26783463235923,43.583660001604905,42.942440456843705,43.162559509277344,4176400
2023-09-05,42.952017991905315,42.952017991905315,42.14810308975548,42.38736343383789,5668100
2023-09-06,42.272514117463615,42.41607177839228,41.564305572300405,42.22466278076172,4617300
2023-09-07,41.76528586451863,41.832278470056025,40.9709434056511,41.26762390136719,5296000
2023-09-08,41.07621500954088,41.612159506192405,40.99965359620392,41.564308166503906,4208600
2023-09-11,41.82270167796469,42.05238952429293,41.56430011272855,41.64086151123047,3848800
2023-09-12,41.53559004464314,42.090672048955135,41.459024995318735,41.64086151123047,4788300
2023-09-13,41.81314175195217,42.0811158540716,41.56431256872369,41.83228302001953,3583700
2023-09-14,42.081107803669425,42.55005600372416,41.84184747483496,42.45435333251953,4078400
2023-09-15,42.55006087892094,42.875455109450954,42.36822432246896,42.64576721191406,7598200
2023-09-18,42.43520967507895,42.55005360421273,41.9279789748173,42.023681640625,4580500
2023-09-19,41.755711983608435,42.19595009531458,41.55473054059238,41.74613952636719,4308500
2023-09-20,41.86099586371044,42.62662831612184,41.7939996014774,41.813140869140625,4127600
2023-09-21,41.516456949446905,43.26784081281704,41.009222524945564,42.03325653076172,13887000
2023-09-22,42.329939014971124,42.913734830085694,41.15277857748147,41.27719497680664,8277900
2023-09-25,41.00921835920835,42.04282471849014,40.74124796272322,41.93754959106445,3948800
2023-09-26,41.679147130179814,42.339507951749724,41.52602067098528,41.621726989746094,5353400
2023-09-27,41.68872405152889,41.88012940790081,40.588124998274516,41.04750442504883,5225600
2023-09-28,40.89437288887474,42.00454061223779,40.884804082569524,41.77485275268555,4114900
2023-09-29,42.19595718383789,42.68404671127649,42.02368943278348,42.19595718383789,4798600
2023-10-02,42.023685094224255,42.148101490657226,41.44946175054174,41.67914962768555,3622900
2023-10-03,41.37289739127469,41.87055933460765,40.53069997557099,40.6838264465332,3673200
2023-10-04,40.731679106867475,41.219768564279185,40.71253784273839,41.09535217285156,3875300
2023-10-05,41.23890894835944,41.27719147580065,40.31057773743529,40.7795295715332,4116500
2023-10-06,40.406286012189355,41.468602469763894,40.406286012189355,41.16234588623047,4459000
2023-10-09,40.80824110523986,41.76528242065664,40.80824110523986,41.48773956298828,4220200
2023-10-10,41.612157685659234,41.93755189245751,41.4111798772664,41.65044021606445,5265000
2023-10-11,41.64086448588774,41.78442213821494,40.9422247895957,41.200626373291016,7473700
2023-10-12,41.27719237336428,41.27719237336428,40.19573467998199,40.79867172241211,5200500
2023-10-13,40.712543496470104,40.77953610481371,39.49710043665654,39.9947624206543,7025700
2023-10-16,40.32971678695911,40.78909613856433,40.080887673898076,40.64554214477539,4359900
2023-10-17,40.22444365034097,40.999648397972145,40.12874098309785,40.7316780090332,3584600
2023-10-18,40.6168260158748,40.712532323545794,39.91818639857704,40.0904541015625,4796500
2023-10-19,39.96604140829113,40.26272551316542,39.20040913051213,39.372676849365234,4586100
2023-10-20,39.3918283790128,39.3918283790128,38.942017701352455,39.009010314941406,4468900
2023-10-23,38.71232911151366,39.0090096377361,38.40607612590262,38.44435501098633,4857600
2023-10-24,38.76974292246975,39.35353872167394,38.760174115470015,39.2291259765625,4305400
2023-10-25,38.970721535514755,39.00900041154496,37.52558717881068,37.61172103881836,5471700
2023-10-26,37.52559623927072,37.8222804177803,36.587696009857204,36.71211242675781,5881300
2023-10-27,36.70253352086494,36.99921764726472,36.300577914926144,36.358001708984375,5112000
2023-10-30,36.75039175599204,37.09492359832234,36.37714253786017,36.980079650878906,4715600
2023-10-31,37.027927942954065,37.63086500633383,36.836522596580906,37.54473114013672,6287900
2023-11-01,37.458601476612905,37.525594085524354,36.578125101877696,37.04707336425781,6530000
2023-11-02,37.46817087534215,37.544732286063606,36.59726337980006,37.31504440307617,6534500
2023-11-03,37.91797068238984,38.97071817513169,37.81269556803342,38.7984504699707,6422100
2023-11-06,38.89415675908488,39.219550938008865,38.31036099829571,38.62618637084961,6439200
2023-11-07,38.76974098157461,39.07599755257891,38.42520918448749,39.01857376098633,9193500
2023-11-08,35.67849692386297,38.28165031344015,35.573221801369385,38.23379898071289,18084300
2023-11-09,38.55919610787373,39.133419446229226,38.09024424925248,38.21466064453125,9425200
2023-11-10,38.22423736878377,38.28166117484257,37.65958272042189,38.13810348510742,6277600
2023-11-13,37.92754648760127,38.12852427776082,36.94179149862416,37.06620788574219,7650000
2023-11-14,37.89883583243103,38.76974331105498,37.8318432302925,38.60704803466797,6885900
2023-11-15,38.74103386703701,39.640651432356016,38.71232379446161,38.87501907348633,6825600
2023-11-16,38.77931648130264,38.97072548413854,37.99454285541618,38.453922271728516,7486200
2023-11-17,38.76017342902705,38.87501736510487,38.10938503988126,38.4156379699707,5165300
2023-11-20,38.29122032575841,38.415636715426324,37.51601921902037,37.755279541015625,8480500
2023-11-21,37.57343443195932,38.702743295732155,37.30546407473265,38.65489196777344,11049900
2023-11-22,38.788891077164024,40.06175803277719,38.76018100024222,39.8512077331543,8619000
2023-11-24,39.87991088110443,39.99475847048459,39.50666534267636,39.69807434082031,2606500
2023-11-27,39.564085368679315,39.79377687473733,38.999430885893595,39.57365417480469,4966800
2023-11-28,39.20998312705511,39.77463763861615,39.17170059895742,39.36310958862305,6503500
2023-11-29,39.592797112698015,39.65022090434727,38.8367372688415,38.89415740966797,7352700
2023-11-30,39.15415559336426,39.51045160425362,38.69193284786513,39.49119186401367,11506800
2023-12-01,39.471943813722454,40.33861026001593,39.096384312899296,40.18453598022461,6022400
2023-12-04,40.030450512249345,40.521564667298456,39.85711653675197,40.07859802246094,5197500
2023-12-05,39.770452632158865,40.21341563791698,39.47193584165311,39.94378662109375,4517900
2023-12-06,40.17490724214166,40.64675810862773,39.90527450215767,39.934165954589844,4736800
2023-12-07,40.136380350290274,40.19415957107519,39.80897211268214,39.94378662109375,3940300
2023-12-08,39.828233367609144,40.17490135866269,39.63563963108829,39.760826110839844,7243400
2023-12-11,39.23119970077144,40.56008889087601,39.12527295226593,40.21342086791992,7045400
2023-12-12,40.223046808264726,40.24230654826948,39.39489635515939,39.58749008178711,5839900
2023-12-13,39.50082764465727,40.42527323099578,39.23119860033026,40.40601348876953,6610400
2023-12-14,40.73341751479132,41.14749274595272,40.43490072494462,41.070457458496094,9011200
2023-12-15,41.14749011244592,41.34008382889093,40.117117953897676,40.20378494262695,43483600
2023-12-18,39.991941063422296,41.224538939768976,39.9823130283334,40.94527816772461,6687300
2023-12-19,41.080084181723635,42.630458322427735,40.99341719021161,42.052677154541016,7351000
2023-12-20,41.79268807867119,42.19713166971296,41.243798248874256,41.388240814208984,5761900
2023-12-21,41.725274583885266,42.139346148093324,41.47490163054655,42.11045837402344,3238300
2023-12-22,41.946758998617256,42.43786955896195,41.84083225512209,42.19712829589844,3330300
2023-12-26,42.197128727032734,42.21638846908501,41.6578669698295,41.869720458984375,3361100
2023-12-27,41.90824440590766,42.04305894120986,41.5037971265805,41.77342987060547,2623100
2023-12-28,41.7637972593479,41.985278801618335,41.52305597339041,41.8600959777832,2767600
2023-12-29,41.81193812755245,42.19712559315067,41.75416257910666,42.00453186035156,4681700
2024-01-02,41.6578643513862,42.56305380384584,41.600088802281086,42.24527359008789,5369300
2024-01-03,42.014168946716644,42.45713201747606,41.36898041024497,41.937129974365234,6358100
2024-01-04,41.91786770475508,41.9756469305361,40.83934787078391,40.95490264892578,4778500
2024-01-05,40.954903512348466,41.484537242956605,40.820088989437394,41.20527648925781,3140300
2024-01-08,41.388236299087346,41.388236299087346,40.839346529169845,41.253421783447266,4109400
2024-01-09,40.72378809845595,41.099343836425646,40.40600790576176,40.579341888427734,4937400
2024-01-10,40.550456370558265,41.128233895958445,40.386750411862266,40.98379135131836,3755100
2024-01-11,40.93563670683568,40.96452815206034,39.95341573126797,40.319339752197266,4618500
2024-01-12,40.40601207742723,40.51193881926156,39.53934574803927,39.68378829956055,5691000
2024-01-16,39.308227490599975,39.43341395796153,38.67267079437771,39.19267272949219,6455400
2024-01-17,39.06748899833542,39.36600946497621,38.78822827213145,39.16378402709961,6416400
2024-01-18,39.125276000048075,39.36601729325193,38.84601521831066,39.27935028076172,5751400
2024-01-19,39.510451786637006,39.828231991933215,39.00008152489204,39.60675048828125,4361500
2024-01-22,39.78009371688601,40.14601784786169,39.36601838719498,39.53935241699219,5559400
2024-01-23,39.91490422081625,40.32897950863528,39.654903202412186,39.87638473510742,5059600
2024-01-24,41.04156655804917,41.301567544340166,39.78008478096528,40.068973541259766,8647100
2024-01-25,40.3482330233024,40.62749006803418,39.731932367354894,40.598602294921875,6080200
2024-01-26,40.569720173361326,41.12823801404881,40.569720173361326,41.108978271484375,5936600
2024-01-29,41.10897601466835,41.20527472220388,40.473419238614156,41.041568756103516,4687400
2024-01-30,40.81046046450443,40.8393482409467,40.36749374300863,40.396385192871094,5073300
2024-01-31,40.41565086757881,40.46379839319022,39.45268566166782,39.548980712890625,5923700
2024-02-01,39.86675468178677,40.261570206760396,39.26008566956189,40.155643463134766,5670700
2024-02-02,40.02083278639018,40.42527638442992,39.49119901740408,40.386756896972656,6097500
2024-02-05,40.030452639797396,40.030452639797396,39.42378369331317,39.79934310913086,5907200
2024-02-06,39.818604010186135,41.157128537614376,39.78008819934505,41.0800895690918,5946900
2024-02-07,41.14749408693702,41.30156834029135,40.70453106772084,40.77193832397461,4005500
2024-02-08,40.68527240905392,40.723791891772066,40.097863154572444,40.46379089355469,3314300
2024-02-09,40.502312198229305,41.108977547940036,40.24231118831604,40.85860824584961,5099000
2024-02-12,40.90675579039513,41.9371281228725,40.675646230385,41.87935256958008,5551000
2024-02-13,40.91638344328406,40.92601147673856,39.231194735418356,39.60675048828125,7188500
2024-02-14,39.75119649292786,40.67564574213237,39.31786515475533,40.61786651611328,5058300
2024-02-15,40.916385946437444,41.30156975631933,40.858606721916125,41.041568756103516,4873300
2024-02-16,40.646757195550464,41.91787087139647,40.57934993042381,41.84083557128906,7091000
2024-02-20,41.40749744221005,42.12972123480674,41.378609666000635,41.97564697265625,6398000
2024-02-21,41.73490107933417,42.75564524875055,41.49415984183764,42.17786407470703,6965100
2024-02-22,41.76379663620653,42.99639449984372,41.6386138142392,42.64009475708008,7552400
2024-02-23,42.34158061971028,42.7845437259069,41.52305800338625,42.380096435546875,7144900
2024-02-26,42.41860798927111,42.52453472820185,42.0526802566249,42.254905700683594,6007300
2024-02-27,42.64009071411017,43.13120494068564,42.41860919614441,42.74601745605469,12708100
2024-02-28,45.88528829175155,46.559360920185675,44.80676473941632,46.116397857666016,23207900
2024-02-29,46.1741725306448,46.20306030517917,45.24009530422065,45.52898406982422,16165200
2024-03-01,45.45194709964261,46.511207092169904,45.31713259223948,46.27046585083008,8668600
2024-03-04,46.3956573089896,47.483808865299046,46.26084278710387,47.0986213684082,8449900
2024-03-05,47.098621425271354,48.58158851464524,47.06010194085172,48.234920501708984,12659500
2024-03-06,48.45640136430446,49.24603241700688,48.45640136430446,48.66825485229492,9615500
2024-03-07,48.93788395537772,49.15936547791495,48.47566116833217,48.89936447143555,8912200
2024-03-08,49.063944498622995,49.27693044213541,48.57988822195391,48.76382827758789,8504700
2024-03-11,48.783190016771194,50.29344689991204,48.77351051637209,49.90620040893555,10113600
2024-03-12,50.08045776709061,50.274081000232094,49.06394040941783,49.28660583496094,7857000
2024-03-13,49.48991484098778,50.82591125664688,49.46087264490491,50.7387809753418,10333300
2024-03-14,50.81623385028087,51.13570909953061,50.31281483677354,50.583885192871094,7731500
2024-03-15,50.31280743966448,51.01952911634107,50.235356667562684,50.53547286987305,11456700
2024-03-18,50.52578863006776,50.72909505609496,49.6835318127185,49.71257400512695,6435100
2024-03-19,50.20632030021235,50.78718638615199,49.61577102010836,50.16759490966797,6863700
2024-03-20,50.186957133616765,50.603245845418044,49.95460848558907,50.31281280517578,6136300
2024-03-21,50.186952427620085,50.69037137359444,50.032054574478444,50.34185028076172,6756900
2024-03-22,50.39025786181765,50.409620556127706,49.760986915494314,49.78034591674805,5071900
2024-03-25,49.69321849922484,50.080461299767926,49.55767964132569,49.596405029296875,5621400
2024-03-26,49.81906721631626,50.022369950300664,49.257563899637056,49.45118713378906,5995800
2024-03-27,49.80939388726194,50.38058046759264,49.77066849702273,50.264404296875,4940600
2024-03-28,50.438660429866026,51.24219558800099,50.34185065582728,51.09697723388672,6816400
2024-04-01,50.9711285943631,51.23251573994599,50.186956078445256,50.60324478149414,4646400
2024-04-02,50.41930001549349,50.71941252243063,50.1579092012522,50.20631408691406,4449500
2024-04-03,50.099822611054044,50.603241561616876,49.87715717594943,50.196632385253906,4459000
2024-04-04,50.73877837437501,51.135704370405094,49.693218745367886,49.760986328125,4702900
2024-04-05,49.780345358913,50.46770807352029,49.780345358913,50.399940490722656,5326600
2024-04-08,50.37090088907433,50.79687282616851,49.83843966076335,49.93525314331055,3975400
2024-04-09,50.14822942830304,50.35153217778134,49.867475902038926,50.30312728881836,3566500
2024-04-10,50.303125594806744,50.864632628425625,50.24504120722975,50.78718185424805,4901300
2024-04-11,50.92271821008553,50.97112679160973,50.157912108957085,50.23535919189453,3650900
2024-04-12,50.061097620804745,50.341851138487485,49.422143504076956,49.67385482788086,4246600
2024-04-15,49.97397182215025,50.24504586383817,49.12203538557827,49.267250061035156,3878400
2024-04-16,49.01554313252346,49.131715613218084,48.279775470992156,48.64765930175781,5161500
2024-04-17,48.97681672157491,49.073626504628756,47.834443554868365,47.8731689453125,4319900
2024-04-18,49.69321988865264,49.77066697370418,48.33786081621521,48.35722351074219,7590000
2024-04-19,48.628290015260106,49.39309977004185,48.4056245853343,48.78318786621094,4296200
2024-04-22,49.01553841925069,49.518957377928025,48.783189787147215,49.315650939941406,4140800
2024-04-23,49.38341979452454,49.85779657131288,49.083307266097925,49.61576843261719,4522800
2024-04-24,49.53832095608611,49.95460967782268,49.16075762545447,49.548004150390625,5088600
2024-04-25,49.044579319799816,49.84811447103058,48.94776954659289,49.70289611816406,4461100
2024-04-26,49.664167726690366,50.52578721248989,49.56735795934099,50.361209869384766,4985600
2024-04-29,50.496753175367196,51.1937954306235,50.46771097908368,51.06793975830078,5977400
2024-04-30,50.95176536629651,51.1937935077189,49.799709049569884,49.896522521972656,6712700
2024-05-01,50.04173192365432,50.81622484912876,49.412461038026294,49.43182373046875,8328800
2024-05-02,47.747314960904056,49.23820930820231,46.97282558992335,47.81508255004883,10828800
2024-05-03,48.01838676137067,48.65734097327484,47.795721291334324,48.066795349121094,6896500
2024-05-06,48.22168955857931,48.56052748870821,47.6795451773166,47.80540084838867,5811200
2024-05-07,48.008702708757795,48.66701955474686,48.008702708757795,48.47339630126953,4695600
2024-05-08,48.17328211399594,48.34754268020029,48.01838424326501,48.10551452636719,3847100
2024-05-09,48.18296311710434,48.79287507108339,48.11519553255738,48.73478698730469,3980500
2024-05-10,48.88968486411898,49.460871429065605,48.82191727955383,49.373741149902344,3873000
2024-05-13,49.50927076967242,50.49674592515381,49.41246100058944,50.33216857910156,5039600
2024-05-14,50.641969929342345,50.81623048760413,49.95460719706247,50.438663482666016,3472600
2024-05-15,50.70005397268726,50.971128002046314,50.12886741186631,50.74845886230469,3914800
2024-05-16,50.74845722936334,51.34868965908605,50.399939819498314,51.01953125,5236500
2024-05-17,50.961438791918525,51.09697394406896,49.48990742432424,49.83842849731445,4607200
2024-05-20,49.80938947210721,49.97396682645084,49.39310079657714,49.60608673095703,3056700
2024-05-21,49.49959730204308,50.70005483440683,49.49959730204308,50.506431579589844,3739400
2024-05-22,50.52579140542317,51.16474552489865,50.21599569252937,51.11634063720703,4733900
2024-05-23,51.11634295975244,51.20347323877872,50.64196986854207,51.12602615356445,4828800
2024-05-24,51.30996080487939,52.849259776748006,51.30996080487939,52.67499923706055,7773900
2024-05-28,52.41361520117839,53.391410988351474,51.15506956872046,51.213157653808594,7242700
2024-05-29,50.59356296540799,50.709739136671246,49.741626534483096,50.428985595703125,6445500
2024-05-30,50.28376885997317,51.92956107571397,50.20632176967417,51.648807525634766,5852900
2024-05-31,51.65853895482101,52.787261824154136,51.59042665586623,52.75807189941406,7405700
2024-06-03,52.5926514114662,52.7775308251435,51.75583896091476,52.16451644897461,6043100
2024-06-04,51.960174029703836,52.57318462877599,51.51257421674402,52.30073547363281,5010600
2024-06-05,52.28127628723494,52.787255960293756,51.36662286584486,51.5806884765625,4852000
2024-06-06,52.35912841505524,52.38831834067155,51.87260985829263,51.9504508972168,4921600
2024-06-07,51.91152809238952,52.30074441931657,51.600156515584665,51.64881134033203,4337200
2024-06-10,51.23040043674641,51.755837604998135,51.00659865638535,51.7169189453125,3595100
2024-06-11,51.34716673210546,51.600154737601464,50.73415233746263,51.57096481323242,4198200
2024-06-12,51.96990581374986,52.25208743346367,51.386085100820615,51.755836486816406,4573400
2024-06-13,51.96018123094605,52.87483474414808,51.92125885714804,52.24235916137695,4641800
2024-06-14,51.64880839468445,52.008831063861784,50.54927548889003,50.724422454833984,5737300
2024-06-17,50.60765849290855,51.78503621782318,50.325480551813214,51.707191467285156,4399900
2024-06-18,51.425002807234954,53.11808878231901,51.425002807234954,53.079166412353516,5615000
2024-06-20,53.18619947993346,53.46838108596452,52.02828684697198,52.388309478759766,4643100
2024-06-21,52.42723242581255,53.001324380485784,52.2228918432844,52.6899528503418,10478400
2024-06-24,52.855372836042214,53.47811596094564,52.534272536194685,52.55373001098633,5694800
2024-06-25,52.44669877362894,53.85759953456169,52.359125290164535,52.4953498840332,4369900
2024-06-26,52.09640582739721,52.806722445922496,51.88233648335003,52.24235916137695,3473300
2024-06-27,52.213162970500534,52.22289170686149,51.43473414717408,51.61960983276367,4167200
2024-06-28,51.532035259875826,52.49534346010283,51.24985365748353,52.27154541015625,7190800
2024-07-01,52.39803777319043,52.4564213258967,50.87037007320282,51.259586334228516,4501000
2024-07-02,51.15254743727298,51.960169812820155,50.62710664198983,51.814212799072266,4175100
2024-07-03,51.98937267085352,52.15478719655407,50.82172740576966,51.19148254394531,2803000
2024-07-05,51.11363669577004,51.52231420009677,50.734152827936434,51.4444694519043,2686200
2024-07-08,51.38608029363,51.493111235242374,50.977402863338234,51.36661911010742,3875800
2024-07-09,51.29851237923408,51.62934511126411,50.74388158021928,51.23040008544922,3419500
2024-07-10,51.17201458729734,51.6390718891788,50.782798313142045,51.55149841308594,2684100
2024-07-11,51.843408499041885,52.71914325551548,51.843408499041885,52.56345748901367,3260100
2024-07-12,52.89428860164481,53.16673775679469,52.38830894790836,52.7288703918457,3897300
2024-07-15,52.261812962161294,52.806714982797324,52.12558838496262,52.27154541015625,3259200
2024-07-16,52.44669950690356,54.003557332657856,52.16451786603501,53.92571258544922,3995500
2024-07-17,53.740835962221794,54.18843211551368,52.952674613462094,53.10836410522461,3746300
2024-07-18,53.1570153285448,54.12031993390273,52.87483369188772,52.923484802246094,3630700
2024-07-19,53.11809348301595,53.16674459385745,52.057482934566984,52.15478515625,3488700
2024-07-22,52.329925057858745,52.88455581260387,51.95044124796379,52.4564208984375,3406500
2024-07-23,52.31046508610079,52.475883298666865,51.677993292231825,51.80448913574219,4678600
2024-07-24,52.02828958942475,52.59264911939334,51.833681447012914,52.213165283203125,5898400
2024-07-25,52.22289853586502,52.91375768675978,51.668267694727724,51.68772888183594,4852000
2024-07-26,52.25208561734014,53.35161842404342,52.19370206333983,52.71914291381836,4130200
2024-07-29,52.97213593918953,53.73110736615989,52.85537253190247,53.13755416870117,4469800
2024-07-30,53.16673981899331,54.003552212944385,53.12781744907896,53.90625,4410500
2024-07-31,54.003557217165685,54.353851155171725,53.264050679474366,54.110591888427734,7601900
2024-08-01,53.575419474371856,56.12477541874391,52.29101090930859,54.713871002197266,7876900
2024-08-02,54.20789495000443,55.31715662964347,53.84787226896272,54.68468475341797,5578600
2024-08-05,53.419729687904564,54.69440570843082,53.07916453054275,53.18619918823242,7416200
2024-08-06,53.51703536617411,55.12254791189598,53.088900419507695,54.412227630615234,4492200
2024-08-07,54.76252460831322,55.24904313884007,53.565689468638176,53.62407302856445,4871300
2024-08-08,54.01328021011918,54.49006995543951,53.662990021209595,54.43168640136719,2640200
2024-08-09,54.4900721019623,55.21012111651995,54.35384751560204,54.99605178833008,2952200
2024-08-12,55.21985215297312,55.63825837812801,54.003555850044194,54.305198669433594,4194100
2024-08-13,54.61656444502794,54.879284864073384,53.76029089908441,54.198158264160156,4889100
2024-08-14,54.38303805680255,55.18092811042905,54.246813468891915,54.25654220581055,2993000
2024-08-15,54.81117593972434,55.13227621926232,54.110588112599174,54.32465744018555,4940000
2024-08-16,54.39276775335505,54.490069964984514,53.3224248662237,54.0035514831543,4966900
2024-08-19,53.935444699081046,55.404729031001835,53.79922010415563,55.15174102783203,3557300
2024-08-20,55.2003910474421,55.43392157115639,54.85009711779155,55.404727935791016,3137700
2024-08-21,55.49229637679829,57.21457223321909,55.09335137357142,57.097808837890625,5541100
2024-08-22,57.20484801565455,57.75947882707842,56.73779068560506,57.428646087646484,3875000
2024-08-23,57.62324832438538,57.701089348819714,56.90319936120085,57.292415618896484,2824300
2024-08-26,57.350799945423574,57.86651208398714,57.068622033954775,57.409183502197266,3196900
2024-08-27,57.31187455510007,58.23625663514912,57.1075339863117,57.76919937133789,4134200
2024-08-28,57.61351570751495,57.61351570751495,56.124770393100384,56.22207260131836,4002800
2024-08-29,56.43614541626356,57.77893750169029,56.29992083156722,57.01996612548828,3422100
2024-08-30,57.21547268249037,57.88997834899477,57.059066273986424,57.77267074584961,5430200
2024-09-03,57.577168419714596,58.44717934371629,57.186150514332134,57.47941207885742,4228900
2024-09-04,57.518515115683805,57.938858062469365,57.11772343723979,57.62604522705078,3775200
2024-09-05,57.64559596635194,58.16369152106733,57.420761976022185,57.7922248840332,4199700
2024-09-06,57.8411012259028,58.23211913134225,57.323005670865165,57.87042999267578,5032100
2024-09-09,58.017059361509304,58.417851039640354,57.31323234687865,58.09526443481445,4075000
2024-09-10,58.105036690261755,59.09235520538271,57.889980202323194,58.906620025634766,4091300
2024-09-11,58.90662050413495,59.46382231888191,58.3591999169104,59.366065979003906,5393600
2024-09-12,59.52247733601496,61.84902621196492,59.45404975693026,61.76104736328125,8941200
2024-09-13,61.956551493408696,62.464873276227955,60.91058289017277,62.015201568603516,5556600
2024-09-16,62.01519967834479,62.97318941056533,61.74148939171692,62.9145393371582,4526700
2024-09-17,63.09049882234071,63.50106426404114,62.24003544335025,63.42285919189453,5918000
2024-09-18,63.23712914890207,63.38375433124181,61.60463375343223,61.75126266479492,6414500
2024-09-19,62.464872384443865,62.54307372659487,61.37002376214548,61.80014419555664,5348900
2024-09-20,61.28204589763773,61.94677409711221,60.85192918639905,61.31137466430664,19791000
2024-09-23,61.36025421773533,62.474650455536214,61.301600410316176,62.02498245239258,4806300
2024-09-24,62.36712062218863,63.97029113769531,62.14228661959872,63.97029113769531,5274900
2024-09-25,63.56949481377778,63.931187695854504,62.621278779234714,62.66038131713867,5110700
2024-09-26,62.81679148885931,63.1589293730703,62.21071333822375,62.50397491455078,3726600
2024-09-27,62.66037849634586,62.97319132744906,62.18138548016668,62.562625885009766,4479200
2024-09-30,62.503968751403505,63.81387381025728,62.503968751403505,63.6476936340332,5393900
2024-10-01,63.68679618985809,64.61545713547073,62.98296549261468,64.35152435302734,5298700
2024-10-02,63.98983858233193,64.7425493949138,63.540170577823694,63.73567581176758,4938000
2024-10-03,63.608600989013055,63.96051639222575,63.227360545207134,63.91163635253906,3397600
2024-10-04,64.70344062974003,64.97715091413943,64.2342176721654,64.80119323730469,3065400
2024-10-07,64.72298806246516,65.34861369951362,64.59591041864297,65.2704086303711,3752000
2024-10-08,65.25086490894135,66.1404308418693,65.22153987080901,65.66143035888672,3563800
2024-10-09,65.54412542047665,65.76895566843886,65.17265507646742,65.44636535644531,3645200
2024-10-10,65.45615556756437,66.19908894183197,64.31243419349988,64.56659698486328,3656700
2024-10-11,64.93805412989272,65.45614970810507,64.73277139841498,64.84030151367188,3223900
2024-10-14,64.75231169342536,65.55389498962309,64.63501155030346,65.37793731689453,3404000
2024-10-15,65.42683117824885,66.27729468587911,65.38772863626095,65.48548126220703,3956000
2024-10-16,65.3290704781974,65.76896096961178,65.12378775166758,65.41704559326172,2804300
2024-10-17,65.41703211488344,65.71029735410023,63.86274573795096,63.89207077026367,4987700
2024-10-18,63.93118517196356,63.93118517196356,63.02207171121465,63.49128723144531,5186500
2024-10-21,63.36420545036003,63.89207846973601,62.5821696902373,62.719032287597656,3385500
2024-10-22,62.464875232479045,62.78746557224566,61.829472051799875,61.89789962768555,4387600
2024-10-23,62.51375003672745,63.1100469366774,61.84902183351385,62.24003601074219,3574200
2024-10-24,62.33778857635365,62.99274297030432,61.917445657749326,62.16183090209961,4559600
2024-10-25,62.415990363558564,62.60172553717288,61.59485578748549,61.68283462524414,3117100
2024-10-28,62.171610487738896,62.2986918708169,61.545984800313704,61.575313568115234,3071800
2024-10-29,61.18429469240578,61.8783479454783,61.03766204276029,61.360252380371094,4675200
2024-10-30,61.330922590778904,61.44822646399392,60.6368656624514,61.223392486572266,7200300
2024-10-31,57.5673953798886,57.5673953798886,55.06489252448832,56.218387603759766,10499100
2024-11-01,56.40412087482821,57.00042152829523,56.247714451707616,56.80491256713867,7848100
2024-11-04,56.74625300357798,58.97504896822986,56.74625300357798,58.87729263305664,6351100
2024-11-05,59.366066851320156,60.187201473245686,59.21943793288321,60.12854766845703,5236800
2024-11-06,60.597772210718944,61.2233978951652,58.994601733046395,59.70820999145508,5512000
2024-11-07,59.53225312065172,60.84215831386711,59.473599313544184,60.627098083496094,4975100
2024-11-08,61.00833705454823,61.096315898603144,60.11877484422549,60.50001525878906,3260300
2024-11-11,60.60754629360887,61.47755724859922,60.57822125481876,61.027889251708984,3432900
2024-11-12,60.715075049609915,61.33092695358777,59.630003890370936,60.1187744140625,4008000
2024-11-13,60.294732532335324,60.695524215469234,59.590901779895994,60.50001525878906,4251500
2024-11-14,60.21652317708315,61.32114553412551,59.76685521900322,60.90080261230469,4195400
2024-11-15,60.90080216630661,61.0572085735813,59.6984272111907,60.05034255981445,5167600
2024-11-18,60.011244782438496,60.48046404145448,59.7570857488552,60.03079605102539,2731000
2024-11-19,59.63978146590175,60.16765456013967,59.04348452132566,59.727760314941406,3654600
2024-11-20,59.268312891301726,59.57134821992778,58.76976488449267,59.454044342041016,3981000
2024-11-21,59.61045309896505,60.59777165297587,59.082580034188375,60.03079605102539,3527700
2024-11-22,60.382708054865965,62.00542596670968,60.187199108940334,61.81969451904297,3104500
2024-11-25,62.31824286139753,64.42973514056365,62.24981528520491,63.530391693115234,7571700
2024-11-26,63.46196312211927,64.03871621931306,63.32510797187932,63.628143310546875,3192600
2024-11-27,63.735676413737636,63.735676413737636,62.63105766123321,62.865665435791016,2818600
2024-11-29,62.83621558243681,63.21906333914852,62.090150022656736,62.129417419433594,3266400
2024-12-02,62.050883150282544,62.149051643054335,61.01032334011728,62.01161575317383,4655700
2024-12-03,61.756386589973104,62.34538258124778,61.42262119631874,61.78583526611328,2982600
2024-12-04,61.8152865180355,62.82639765700956,60.03847611118995,62.15886688232422,3406900
2024-12-05,62.10978495914393,62.76749701691439,61.903636739073654,62.453365325927734,2373500
2024-12-06,62.836216835016295,63.297599394478944,62.42391665013059,62.453365325927734,2871300
2024-12-09,62.56134787746945,64.84861945289987,62.09996532478708,63.945491790771484,5440300
2024-12-10,61.40298770409559,62.33556781404211,60.72564193737411,62.070518493652344,5171400
2024-12-11,62.0705168488369,63.209245151773956,62.0018007762692,62.01161575317383,4689000
2024-12-12,61.9429003655248,63.38594539489287,61.874184292197285,62.728233337402344,3770700
2024-12-13,62.708597993436534,63.081630770817135,62.33556521605593,62.66933059692383,4278500
2024-12-16,62.315933725882715,63.01291693207224,61.452069695718556,62.472999572753906,4414100
2024-12-17,64.00438751087631,64.00438751087631,62.54171258561845,63.052181243896484,4507200
2024-12-18,63.33686112227563,65.30018611972298,62.90493471569075,62.934383392333984,7134600
2024-12-19,63.21906591700918,64.42650658679992,62.55153512356318,62.77731704711914,5237500
2024-12-20,62.50245086618543,64.2890763534421,62.18831915928834,63.8178825378418,12499800
2024-12-23,63.6117314001466,63.974941722761834,62.158867641214705,62.46318435668945,4131200
2024-12-24,62.40427964728976,62.728230042887,61.92326715926016,62.61042785644531,1471900
2024-12-26,62.40428050266539,62.94419783606143,62.168683616042564,62.6398811340332,1840600
2024-12-27,62.198135817754256,62.630065964219554,61.314638080955675,61.65822219848633,1997500
2024-12-30,61.31463692293262,61.52078514271045,59.6261800224609,60.921974182128906,3293800
2024-12-31,61.13793438360705,61.53060084991817,60.735452940773385,60.813987731933594,2131300
2025-01-02,60.78453632244821,61.805466156017815,60.73545394953035,61.12812042236328,2572100
2025-01-03,61.383356144512376,61.51097332057294,59.98939716433429,60.480228424072266,4665100
2025-01-06,60.8728888583159,62.580983224604765,60.666740635844285,61.78583526611328,5520600
2025-01-07,62.47299830733849,63.199426430124234,61.74657018455275,62.01161575317383,3867000
2025-01-08,66.65487912691965,70.20849225731419,66.56652561549816,68.12737274169922,22044700
2025-01-10,67.45002005141608,67.86231644632785,64.64246509455873,64.6915512084961,8234600
2025-01-13,63.317232586940506,65.14312547465339,63.09144691179723,64.51486206054688,4122200
2025-01-14,64.44614895000512,65.01551503571179,63.02273373573847,63.22888946533203,4513900
2025-01-15,63.641181840172344,64.36760999502914,63.022729670268795,63.916046142578125,4351300
2025-01-16,63.61173556498623,64.10256683481023,63.228887773682786,63.86696243286133,2945400
2025-01-17,64.29888500650556,65.25109870034007,64.29888500650556,64.97623443603516,3719100
2025-01-21,64.6915549444473,64.8977031538083,62.73804508190925,63.44483947753906,3863900
2025-01-22,63.444842191972825,63.86695735000704,62.659516716449076,62.70859909057617,3875700
2025-01-23,62.63988358442695,64.58357482645246,62.33556687049423,63.562644958496094,5689800
2025-01-24,63.79824343290132,64.220358605198,63.23869611050715,63.621543884277344,2522600
2025-01-27,63.49393171172995,65.63395629205304,63.120902652587624,65.61431884765625,4402600
2025-01-28,65.2903853540403,66.03644358023966,64.78973530237337,65.95791625976562,3202000
2025-01-29,66.23276355932467,66.39964437043422,64.75045123305277,64.78971862792969,3537400
2025-01-30,65.28056020685241,66.72360536763824,65.21184412726694,66.28185272216797,2973300
2025-01-31,66.17386815783263,66.67451060588445,65.84991775768852,66.24258422851562,3347200
2025-02-03,65.37872353011585,66.38983474589423,65.15294534050031,65.94808959960938,3541400
2025-02-04,66.21313657711704,66.47818966203535,64.9271610220786,65.72230529785156,3035100
2025-02-05,65.88918265913239,67.39112492540374,65.60449966579819,66.15422821044922,4622800
2025-02-06,66.23277361178425,66.78250224451638,65.84992581548997,66.26222229003906,2641100
2025-02-07,66.14441378165559,67.3813105768743,66.14441378165559,66.58616638183594,2607600
2025-02-10,66.79232617515922,67.36169229745087,66.60580787901401,67.00829315185547,2847300
2025-02-11,66.57634934155689,67.95067831656483,66.3211149987506,67.2046127319336,3615500
2025-02-12,66.38983236333176,67.24388143692241,65.84992248052524,66.69415283203125,3090800
2025-02-13,66.70396153534149,68.10773916059479,66.06588692435474,67.98994445800781,3782000
2025-02-14,68.71637459038394,68.7458232668899,68.00957639627865,68.61820983886719,3502000
2025-02-18,68.70655288317509,68.82435507357111,67.80342522527604,68.51022338867188,3784100
2025-02-19,67.54818584447642,68.20590532985496,66.28184047791271,68.04883575439453,3441200
2025-02-20,68.12736669535866,68.29424749274537,67.13588565234441,68.18626403808594,2910600
2025-02-21,68.51022017099194,68.98141393146545,67.83287071463528,68.1175537109375,4012600
2025-02-24,68.40224524054094,69.39372649073225,67.8623278544242,68.70655822753906,6287000
2025-02-25,69.08940089122315,69.71766426330521,68.49058619447459,69.62931823730469,6185000
2025-02-26,69.8060229854847,70.29685424962706,67.57764485216362,67.87214660644531,8935600
2025-02-27,63.11107731401221,64.60320088364237,60.42132065966946,62.3159294128418,17663400
2025-02-28,62.24720932305722,63.57245573940952,61.92326269555644,63.552818298339844,8587600
2025-03-03,63.8178843563876,65.25111077803975,63.56264999679476,64.02403259277344,5688900
2025-03-04,63.906231180903944,66.79232150497083,63.77861774427516,65.44744110107422,9032200
2025-03-05,65.43762672512338,65.94808793661352,63.994581632395246,65.32964324951172,4965900
2025-03-06,64.97624161788337,66.65488355142028,64.8682581464725,66.62543487548828,5342900
2025-03-07,66.37020297666072,69.42317398543437,66.13460607104689,69.21702575683594,7389600
2025-03-10,69.05012805712941,70.16923005811344,65.5946797827673,66.93955993652344,9352000
2025-03-11,67.04755503874743,67.21443587446583,63.83751431197587,64.02403259277344,7255400
2025-03-12,64.2792606095733,65.15293959211287,63.4448415343363,63.935672760009766,5012500
2025-03-13,63.93567192572185,64.56393528722656,62.89511213750906,63.07181167602539,3471100
2025-03-14,63.7818152133191,64.55098246398386,63.42681378632795,64.37348175048828,3257700
2025-03-17,64.41292362594662,66.93737139071558,64.37347818919112,66.50348663330078,4344900
2025-03-18,66.37529227085332,66.56265622922426,63.97903634566332,64.33403778076172,4625100
2025-03-19,64.59042547273297,66.63167983940662,64.45237020336938,66.26681518554688,5934800
2025-03-20,65.85265452951889,67.05571413390842,65.31029664985785,65.41876220703125,4143600
2025-03-21,65.2609781949466,65.2609781949466,64.30444709459199,64.86653137207031,15354000
2025-03-24,65.41876248153277,65.69488056646892,63.96918203372279,65.6159896850586,4209000
2025-03-25,65.93153930683967,66.26681423521511,65.20181753303304,65.37931823730469,4084600
2025-03-26,65.29056018922975,65.60611614187069,64.17625487722059,64.6693115234375,4241100
2025-03-27,64.7679347527772,66.4048792448172,64.2945969641271,65.88224029541016,3592400
2025-03-28,66.36543411785887,66.91765520843494,65.36945748797149,66.22737884521484,5705500
2025-03-31,66.08931214277139,67.16417958590816,65.32014494823281,66.78945922851562,5533400
2025-04-01,66.66126280070581,68.01224083604639,66.14848715482759,66.85848999023438,5340400
2025-04-02,66.07946206039082,67.29237734797915,65.75404282774096,66.4837646484375,4153300
2025-04-03,65.30043653451642,67.52905512926586,64.33404200365906,65.43849182128906,5972600
2025-04-04,63.78181513578171,64.4819547483164,61.48416910372888,61.533477783203125,8339100
2025-04-07,60.350138050901926,62.864726352663695,58.88082749746154,60.340274810791016,9851100
2025-04-08,61.336250226878555,62.33222304067954,57.89471303046407,58.69346618652344,7270600
2025-04-09,58.44694274616775,62.64778425240074,58.15110947306247,61.099586486816406,10104700
2025-04-10,60.5572231817017,62.40125416931066,59.83736085778723,61.60250473022461,6577600
2025-04-11,61.62223120269945,64.42279355376077,60.882646114514856,63.68320846557617,5545800
2025-04-14,64.13681600529674,65.67515049139533,63.357785521748625,65.15251159667969,5278800
2025-04-15,65.30042639049125,66.04987463329826,64.36361420612057,64.59042358398438,3519000
2025-04-16,64.59041898624962,66.42459026468148,64.26499980252363,64.56083679199219,7165700
2025-04-17,65.18209251648364,65.93154078728647,64.69889906979076,65.33987426757812,3338500
2025-04-21,65.34973998373725,65.89210543180305,63.781823090427466,64.7186279296875,5056600
2025-04-22,64.13682154480263,66.74016052618089,64.02834846029114,66.11891174316406,5133700
2025-04-23,66.59223065702723,66.76973135386237,64.67916842707606,65.70472717285156,5290000
2025-04-24,66.03015008427327,66.51334352704585,64.33403389100862,66.26681518554688,4760000
2025-04-25,66.51334885810691,67.10502294388563,65.88223685516158,66.88807678222656,4200800
2025-04-28,67.05571103092885,67.84460475831904,65.33001258527995,65.39904022216797,8160100
2025-04-29,64.87639925168554,66.79931730599843,64.09736878973501,66.26681518554688,7765300
2025-04-30,65.46807583713124,67.47974831601945,64.3241880688119,67.2135009765625,9872800
2025-05-01,69.07724802670923,69.47168737564411,66.2569630458246,66.73029327392578,9927400
2025-05-02,66.85849081663893,67.92348755946499,66.54293483294082,67.64737701416016,5894100
2025-05-05,67.3712623742094,69.95488200608271,67.2036249138126,69.33362579345703,5164200
2025-05-06,68.67292421692613,69.56042762191592,68.67292421692613,69.38292694091797,3734900
2025-05-07,69.23502305879948,70.17183533192754,68.70252090346793,68.79127502441406,4200700
2025-05-08,68.73210388648629,70.53669329067108,68.43627436800503,69.58016204833984,5813700
2025-05-09,69.57030526554414,69.62946966364477,68.30807375962651,68.54474639892578,3476300
2025-05-12,69.81683325866946,70.10279953029895,66.9275206324431,68.1996078491211,7539200
2025-05-13,68.69266603066794,69.28433259160626,67.64738066544679,68.20946502685547,4900100
2025-05-14,68.04182452746025,68.71238193968328,67.93335145170003,68.18974304199219,3683800
2025-05-15,68.68279375076061,69.81682556532782,68.446128662221,69.61959838867188,5585200
2025-05-16,69.82668872158327,70.90155625940419,69.44210509043634,70.8423843383789,5575100
2025-05-19,70.11266918892359,71.48336636854026,69.73794876285648,71.42420196533203,4096800
2025-05-20,71.38475053838181,71.92711593382474,71.03961234284922,71.58197021484375,5081300
2025-05-21,71.2466927033871,71.6016941270376,70.43808002139384,70.58599853515625,3949900
2025-05-22,70.01404707383911,71.5129360389057,70.01404707383911,71.14807891845703,4064700
2025-05-23,70.57612650825871,71.64113064662227,70.53668107460297,70.9212646484375,3562300
2025-05-27,71.5129348616785,71.92710817508939,70.6944665215456,71.43405151367188,4285700
2025-05-28,71.47349841701947,72.16377474779891,70.85224219587022,71.39460754394531,6426900
2025-05-29,71.70030671681607,72.07502711242442,71.11850340336245,71.72988891601562,3270800
2025-05-30,71.70018074833192,72.61103461010127,71.61107892761117,72.4427261352539,8558000
2025-06-02,72.11600280537954,74.19513588701682,72.10610763899766,73.7892074584961,5304500
2025-06-03,73.59120555355892,75.30400614626544,73.47239556333746,75.19509887695312,6931800
2025-06-04,75.51191945013582,76.56138883383971,75.20500307797681,76.33367156982422,6285400
2025-06-05,76.48218805231288,77.86827452449145,76.3534828823168,76.96731567382812,6642300
2025-06-06,77.33362879140849,78.70981232718368,77.11581426570667,77.82865905761719,4755900
2025-06-09,77.53163854967042,78.86822632288937,77.00690767150296,78.57120513916016,4877300
2025-06-10,78.54150723474257,79.04643268947329,77.83856513285622,77.98706817626953,6075000
2025-06-11,77.84845665139828,77.9870645211295,76.39307401922038,77.10591125488281,6244800
2025-06-12,77.30392620618804,77.37323013954162,76.3138656991013,76.6702880859375,4679800
2025-06-13,76.18515887637689,77.333632778909,75.96735189300685,76.5910873413086,3415900
2025-06-16,77.03661135887027,77.32372983367003,76.12575743757895,76.93760681152344,4940500
2025-06-17,76.67029485852957,76.92770517454541,76.26436638905686,76.63069152832031,5041600
2025-06-18,76.70990091471411,77.4722442760351,76.09606060500144,76.7593994140625,6705700
2025-06-20,77.02672196218784,77.41284501326135,76.28417647111365,76.8485107421875,11018100
2025-06-23,76.72969222153158,77.17521644526386,75.64062713297072,76.09605407714844,5935100
2025-06-24,76.28416806652463,76.3138686743252,73.58129945323458,73.61100006103516,9152500
2025-06-25,73.48229088907622,74.70996378356183,73.3040796984604,73.77930450439453,4787800
2025-06-26,73.8783216969354,74.20503594098558,72.11600755537053,72.94766235351562,6989300
2025-06-27,73.1753813257229,73.6605088964648,72.45263377646172,73.02687072753906,7445600
2025-06-30,73.50209513242628,73.85851754448437,72.9476636263638,73.71990966796875,4932300
2025-07-01,74.04662816057025,76.30396496696811,73.91792301057824,75.3436050415039,6177600
2025-07-02,75.11589618099799,75.56142040430441,74.49215320409402,75.02678680419922,3920700
2025-07-03,75.37330357312963,76.03664985259846,75.19509237997659,75.60102081298828,2162900
2025-07-07,75.41290497627071,75.98714186773519,74.53175175303404,75.1554946899414,4845700
2025-07-08,74.9376907379989,75.14560256175207,74.3733564867937,74.58126831054688,3405300
2025-07-09,74.80897608870013,75.57132697631178,74.42285306120542,75.5614242553711,3495200
2025-07-10,76.2049689698833,76.92770900993801,75.32381560109354,76.45248413085938,3905000
2025-07-11,76.5415836252334,76.5415836252334,75.4822190707553,76.34357452392578,3593300
2025-07-14,76.48217814455045,77.47223870305596,76.393076319995,76.8583984375,3283800
2025-07-15,76.79900384551323,77.65045660355597,76.40297807723886,76.45248413085938,3587700
2025-07-16,76.17526198418479,76.58118288636196,75.47231989226812,76.15545654296875,4003000
2025-07-17,76.4425799361918,77.07621813179377,75.02679294055173,76.0267562866211,4393400
2025-07-18,76.19505533179868,77.59104426540742,76.08614807228756,77.36332702636719,6744600
2025-07-21,77.838563050678,78.4425005896126,77.51184125678306,78.2444839477539,3425000
2025-07-22,78.69001279032442,81.09586013580133,78.56130008952874,80.94734954833984,4214600
2025-07-23,81.20475580761115,81.29386517708495,80.22459806477055,81.11565399169922,5339300
2025-07-24,81.4027758487392,82.1255157866758,81.00675013642048,81.63048553466797,5202700
2025-07-25,82.1948209562896,82.69975393593083,80.58102502974974,80.6206283569336,6918800
2025-07-28,80.38301771610409,80.47211953905658,77.68014911644137,78.21478271484375,9521900
2025-07-29,78.26429343136371,78.55140435815474,77.22472678020502,77.71975708007812,4531100
2025-07-30,77.83856232574894,77.99696808419809,76.35347151667109,76.78909301757812,8042900
2025-07-31,87.3233330471261,91.86771466834179,86.8778088437114,90.83805084228516,20280200
2025-08-01,88.29360284926591,91.56080578553188,88.0658855922397,90.82815551757812,11878000
2025-08-04,90.97665944711773,92.53105414204458,90.60043917347888,91.93701934814453,6767900
2025-08-05,91.99643291620269,92.17464413366194,90.15491952031144,90.37273406982422,6218900
2025-08-06,90.01630035469609,92.42214771213058,89.8578945998955,91.62020111083984,4729200
2025-08-07,91.85781605126667,92.57066085141979,91.34298789202413,92.09542846679688,4940400
2025-08-08,92.46175617071403,92.57066343786713,91.3231850027443,92.21424102783203,5326400
2025-08-11,92.19444322369682,94.42207951165786,91.87762414266264,94.35277557373047,6543500
2025-08-12,93.98644959787376,96.22398858644502,93.84784172326482,96.09527587890625,5690100
2025-08-13,96.85762170137053,99.95650838463389,96.72890900053127,99.76839447021484,7374100
2025-08-14,98.52092075666461,98.8773431347512,96.48139102571088,97.50115966796875,6048700
2025-08-15,97.47146039043722,100.14462846967518,97.01603343328468,99.6990966796875,6130700
2025-08-18,99.63969049113368,99.84760229466286,97.6793748843944,98.04569244384766,5531200
2025-08-19,97.95659362747256,98.93675146091074,97.51106184604605,98.89714813232422,3714900
2025-08-20,98.45163112240773,99.53079357964937,97.95660080912702,98.16451263427734,6345600
2025-08-21,97.43186376793507,98.39221617040671,96.83782138644726,97.87738800048828,4321600
2025-08-22,98.57041973550892,98.57041973550892,97.17443837574334,98.23380279541016,6651900
2025-08-25,98.5308251303339,98.74863966547004,97.54076455503343,97.57047271728516,3610000
2025-08-26,97.38235184761672,97.44175306075944,92.63005840358109,93.69932556152344,10007200
2025-08-27,93.85774112703818,94.14485203317996,92.6201654663629,92.73896789550781,5617900
2025-08-28,92.67957116146593,92.81817903787748,90.9568678735205,91.87762451171875,6203700
2025-08-29,91.90741541264599,92.36427003257037,89.69265592626586,89.99060821533203,7270400
2025-09-02,88.8087395749465,90.06012856926242,88.55052234254525,89.27552795410156,7019500
2025-09-03,88.33202440373606,89.55361209925078,87.34878641203922,89.54368591308594,4889700
2025-09-04,89.92108907925417,92.63242314728734,89.87142783752806,92.3940658569336,4797400
2025-09-05,92.5827732579816,93.55606998667108,90.92419076718487,92.02660369873047,5657400
2025-09-08,92.33447109531846,92.95022801126481,91.50020927947617,92.38412475585938,6846800
2025-09-09,91.77831111702663,92.14577703663831,90.00054621696536,91.82796478271484,4756000
2025-09-10,91.26185923359587,91.74850757797637,90.18924006140723,90.66596221923828,2989400
2025-09-11,91.00363664442398,92.83106278741528,90.88446178497881,91.82796478271484,4427600
2025-09-12,91.05329544015744,91.19233782393437,88.73922100306177,90.17931365966797,4717400
2025-09-15,89.90121953062341,90.33821420081603,88.81867419595358,89.74231719970703,4002600
2025-09-16,89.74232545661619,89.84164036973176,87.43818461702091,88.24264526367188,7728300
2025-09-17,88.69949635136521,89.76218179108606,88.0936655553593,89.34505462646484,4784200
2025-09-18,89.27552920802192,89.45429906686368,88.44127491825472,88.98751068115234,4653500
2025-09-19,90.12965813010752,90.78515018994814,88.87826901956583,90.48719787597656,11041000
2025-09-22,90.57657204036104,92.09611963176832,89.19607440806396,89.97074127197266,4719300
2025-09-23,90.49712552268903,90.83479771693725,89.33511763854631,90.43753051757812,3442300
2025-09-24,91.2022693888226,93.09920905161081,90.90431710091758,92.72180938720703,5178400
2025-09-25,92.81119055923213,93.73483355936641,91.77830646921922,92.47351837158203,6426200
2025-09-26,92.46358392163299,92.47351768509056,89.61320756586422,90.51698303222656,6902100
2025-09-29,90.87452181344109,90.98377047863109,88.49092628321404,90.5467758178711,6381200
2025-09-30,90.76527224429849,91.57966655481418,89.81183555715144,90.32827758789062,5986100
2025-10-01,90.12965196615887,91.57967080202037,86.77275966756787,86.9813232421875,7486900
2025-10-02,86.47480514951079,88.10359380418211,85.7597257250714,87.79571533203125,6021800
2025-10-03,88.24264248823809,91.62933623282768,88.13339381407444,91.53994750976562,7650700
2025-10-06,90.91425377935388,92.33447891971929,90.16938061295052,91.1426773071289,6074700
2025-10-07,93.10914501089346,94.00299431844635,88.58031862228091,92.40399932861328,6001300
2025-10-08,92.42385819797983,92.88071282155461,91.01356684991313,91.4505615234375,4444300
2025-10-09,91.57967663219848,91.60947034800638,89.24574210792834,89.5138931274414,3794900
2025-10-10,89.34505212600646,89.81184052074151,87.42824488252016,87.94469451904297,4121200
2025-10-13,88.26250480292369,89.53375376110797,86.30597012496384,88.74915313720703,4679500
2025-10-14,88.14332361771052,91.01356757778677,87.418310410587,90.43753051757812,4198100
2025-10-15,91.2717906063128,92.74166936473854,89.89129298794042,90.24883270263672,5588900
2025-10-16,90.07999474337507,91.35125135248174,89.65293381136657,90.55671691894531,4229600
2025-10-17,90.36801072752947,92.80126762556627,90.12965343511387,91.38104248046875,9221600
2025-10-20,92.49338425110986,95.43314953380468,92.40400310532222,94.99616241455078,6806800
2025-10-21,95.11532726305778,95.62184310092725,92.72180560294254,94.33073425292969,4382200
2025-10-22,94.06257898517708,95.05574316947067,93.55606312955976,94.71807098388672,4431600
2025-10-23,94.5393041090548,95.55232827499519,92.75160549005217,94.8670425415039,3940200
2025-10-24,97.32016126280323,98.09482815371891,96.27734336243279,96.53556060791016,4351800
2025-10-27,96.74412984178429,97.57838414549421,96.15815901463807,97.34002685546875,3807100
2025-10-28,97.52872808236805,100.20034238788675,97.47907441531548,98.89929962158203,6625100
2025-10-29,98.27359491457811,100.42876699507735,95.12526620772796,98.85956573486328,9165200
2025-10-30,85.01485848156838,87.2792717644573,82.90935511612382,83.15764617919922,16061200
2025-10-31,82.19426581888229,82.32337442844434,80.16821007705657,80.7541732788086,9927100
2025-11-03,80.10863117097858,82.66106296263388,78.56922356932127,82.2042007446289,7428400
2025-11-04,82.20420374840431,82.20420374840431,80.20794901028168,81.12165832519531,5061800
2025-11-05,81.12164832760769,82.03535752991404,79.88019313624324,80.45623016357422,4066200
2025-11-06,79.74115559951605,81.44939925884475,79.46307083213539,80.29732513427734,3522200
2025-11-07,80.27746625672962,83.33641389327617,80.22780501450163,83.22716522216797,5572900
2025-11-10,83.72374316644682,84.81622224588712,83.24702102741836,84.59772491455078,4573500
2025-11-11,84.6771847155221,87.98441585615764,84.6771847155221,86.66351318359375,6796000
2025-11-12,87.17994660811055,88.04400213386455,86.84227443909192,87.18988037109375,4948500
2025-11-13,87.18989204558979,87.83545033559803,83.71381710565217,83.85285949707031,4968200
2025-11-14,83.87271433110345,84.58779377319141,82.81996269538594,83.27681732177734,4336700
2025-11-17,82.63125750177183,83.86278655186292,81.44939726927346,81.59837341308594,4105000
2025-11-18,81.47919345959382,82.29358781631969,80.91309015768977,81.2706298828125,3305000
2025-11-19,81.24083777002362,81.33021891444537,79.84047255614841,80.7243881225586,4034100
2025-11-20,81.43946721381003,82.39290396948319,79.2346414012726,79.50279998779297,4609600
2025-11-21,79.75108965340772,81.08192606706852,79.54251849987185,80.28739166259766,4441500
2025-11-24,80.6548636319572,81.24083444910003,79.39354843414495,80.33705139160156,5959900
2025-11-25,79.99938192962648,82.54187993918283,79.99938192962648,82.22406768798828,3693600
2025-11-26,82.23400301369387,82.93914872263481,81.79700831853647,81.92611694335938,3016200
2025-11-28,82.43441725427334,82.94272011201676,81.61714972024181,82.51415252685547,2035300
2025-12-01,81.44771644592298,82.78324801881581,79.94274552096807,82.45435333251953,4417800
2025-12-02,82.64371975138886,82.88292557813564,81.47761986090228,82.63375854492188,3355200
2025-12-03,82.88292239201766,83.50085174409026,81.60718084366569,81.7267837524414,3288700
2025-12-04,81.82644730480511,82.3048513257825,81.12878269501931,81.8563461303711,2682000
2025-12-05,81.5972215969755,82.4344191665868,81.17861520819557,82.19522094726562,3240000
2025-12-08,82.86298424562762,84.28821991592974,82.07561554346326,83.57061767578125,4339700
2025-12-09,83.51082359930797,84.17858942204688,83.18192129116215,83.61048889160156,3447000
2025-12-10,83.41115628620844,84.0191244396368,81.98592058941357,82.35468292236328,4806600
2025-12-11,82.1653210974371,84.53738845244591,82.10551584037063,84.11878967285156,3933900
2025-12-12,84.26829329035485,85.37459552109893,83.54072221093848,85.07559204101562,3896400
2025-12-15,85.015788849862,85.26495586571274,81.83641529433491,82.31481170654297,7246300
2025-12-16,82.3048521600885,82.57394919688396,80.93941414826774,81.39788055419922,4819000
2025-12-17,81.4576872438149,83.17194999026681,81.34805314438248,82.43441772460938,5240300
2025-12-18,82.57394977948523,84.30815012789195,82.05568571815904,83.38125610351562,3586100
2025-12-19,84.3579844385741,84.92608493163549,83.63042100913135,84.37792205810547,12336500
2025-12-22,84.05898680680963,84.40782673703507,83.311485705997,83.72012329101562,4378100
2025-12-23,83.72012204852277,84.54735841276558,83.60051913673699,83.76995849609375,2748200
2025-12-24,83.30152470984622,84.59718872547496,83.22178943393769,84.31812286376953,1069500
2025-12-26,84.30814947699372,85.06561934906004,83.829753055459,84.92608642578125,1798000
2025-12-29,84.9759221576825,87.52738999503174,84.72675513906718,87.4476547241211,4975200
2025-12-30,87.5373626368966,87.5373626368966,86.19186219826845,86.8097915649414,3458400
2025-12-31,86.41112279691009,87.68686437540514,86.3513251430964,86.8097915649414,3103700
2026-01-02,86.71012269777361,88.15528836781358,86.15199100793318,86.7699203491211,3948700
2026-01-05,86.4609573097981,91.10543428608793,86.35132321094326,90.16856384277344,5101500
2026-01-06,89.68020001921266,91.76323272235615,89.13202951629373,91.2051010131836,4648800
2026-01-07,90.91606684415336,91.9426337879685,89.44099468532941,89.8496322631836,4332100
2026-01-08,90.02903132111068,91.79313051281581,89.88949839539272,90.57719421386719,3454900
2026-01-09,90.44763089307972,91.46422901852601,89.8197327218312,90.60710144042969,3485900
2026-01-12,90.15859441545541,93.27816279649068,89.70012800700759,92.9891357421875,3822300
2026-01-13,93.18846851449945,94.11537016324114,92.94927029662315,94.05557250976562,4025800
2026-01-14,94.01570360644412,94.23497180486656,92.99909788720811,94.10540008544922,3468000
2026-01-15,95.36120088036209,97.6435716644893,94.91270329215136,95.7499008178711,5346100
2026-01-16,95.65023837328849,95.68013719952748,91.74330126259491,92.72003173828125,4991900
2026-01-20,92.26156877719292,92.88946696361707,90.31806895923167,90.39779663085938,6154000
2026-01-21,90.39779540710006,92.70010393410328,90.28816130562494,92.51073455810547,4366800
2026-01-22,93.83630435575539,93.91603962974582,92.59046921455835,93.56719970703125,4137400
2026-01-23,93.16853921433501,93.57716918951655,91.57386413896752,93.29810333251953,3165200
2026-01-26,93.82633423435671,95.55057339142706,93.59710482980536,94.10540008544922,3909500
2026-01-27,94.38446320611219,95.61036827820362,93.36786512025928,94.88279724121094,2956900
2026-01-28,95.05223581884506,95.66020394503717,94.50406534310665,94.85289764404297,2628400
2026-01-29,95.2017306577367,96.98576741470937,93.61703207705852,94.0954360961914,3562400
2026-01-30,92.85956886395317,92.90940531258863,90.66690199553335,90.91606903076172,4401000
2026-02-02,91.43433300876458,93.6967739441538,90.96589776646044,93.46753692626953,3669600
2026-02-03,93.18846797739525,94.2549025474161,91.17520174758948,92.07219696044922,4267400
2026-02-04,92.08216465731549,92.08216465731549,80.94938386491755,85.55398559570312,12644400
2026-02-05,85.42442124948656,87.33802216109758,84.5672860820823,86.23171997070312,6998200
2026-02-06,86.95929182649022,88.37455870518818,84.27825220108944,86.26162719726562,6139600
2026-02-09,86.01245822020704,87.28819214411152,85.63371948381577,87.06892395019531,4815000
2026-02-10,86.84965885539704,87.76659169542621,86.04236011623813,87.18852996826172,3598500
2026-02-11,87.18853076853492,88.20512890851143,82.48425601011175,82.60385131835938,6978200
2026-02-12,82.50418283882382,82.72345103410429,79.02581335216519,79.14541625976562,5304200
2026-02-13,79.41451372464225,82.1852497985303,79.03578258782865,82.10551452636719,6153700
2026-02-17,81.2583463814551,81.7766180351301,77.7700081428519,79.68360900878906,6254000
2026-02-18,79.60388055404233,82.86298175894265,79.13544535000439,81.90618133544922,11305000
2026-02-19,85.38455366986669,86.45098822481194,82.49421468047167,84.46762084960938,15876900
2026-02-20,84.40782253323954,88.35462723648911,84.25832079972783,87.77655792236328,8665100
2026-02-23,87.20845685514377,87.69682208441985,82.27495290892809,84.02908325195312,6852200
2026-02-24,83.76995770885598,85.77325513561506,83.76995770885598,85.01579284667969,5929700
2026-02-25,85.01579361690489,85.14535773498164,83.1619903067102,85.04569244384766,6452300
2026-02-26,85.04568770881212,89.33135582075795,84.71678542280515,87.60712432861328,4957100
2026-02-27,86.48088965950892,90.58716506239618,86.46095964280394,90.55726623535156,6450900
2026-03-02,89.122058864397,90.22836105362725,88.16525840959838,88.48419189453125,4401800
2026-03-03,86.27158907311704,89.58052689050626,85.23505332738408,89.33135986328125,4280200
2026-03-04,89.45095830074449,91.22502622923764,88.70345725644857,90.72669219970703,4594200
2026-03-05,91.11539825535816,93.94593968730807,90.43766362550883,92.7300033569336,5809500
2026-03-06,92.7300033569336,93.72000122070312,90.83000183105469,92.70999908447266,4137300
2026-03-09,91.73999786376953,93.19999694824219,90.30000305175781,92.91000366210938,4230400
2026-03-10,92.95999908447266,93.16999816894531,90.30999755859375,90.86000061035156,4474800
2026-03-11,91.12000274658203,91.9800033569336,90.37000274658203,91.68000030517578,4888100
2026-03-12,90.61000061035156,92.93000030517578,89.93000030517578,90.0,3951900
2026-03-13,90.75,91.9800033569336,90.01000213623047,91.33999633789062,4544000
2026-03-16,91.91000366210938,92.5,90.69999694824219,91.41000366210938,4676700
2026-03-17,92.01000213623047,95.18000030517578,91.58000183105469,93.61000061035156,5452700
2026-03-18,92.98999786376953,94.12000274658203,91.43000030517578,91.7699966430664,4324800
2026-03-19,91.27999877929688,92.44000244140625,89.56999969482422,90.73999786376953,4754600
2026-03-20,90.58999633789062,91.0,88.16000366210938,88.9800033569336,10699200
2026-03-23,90.4800033569336,91.16999816894531,89.05999755859375,89.8499984741211,5021500
2026-03-24,89.81999969482422,90.4800033569336,88.0199966430664,89.0999984741211,6057600
2026-03-25,89.77999877929688,91.87999725341797,89.2300033569336,89.55000305175781,5618000
2026-03-26,88.30000305175781,91.08999633789062,88.05000305175781,89.43000030517578,4930800
2026-03-27,89.33999633789062,89.52999877929688,87.19999694824219,87.9800033569336,4204600
2026-03-30,89.04000091552734,90.05999755859375,87.41000366210938,88.01000213623047,3402400
2026-03-31,89.91999816894531,91.4800033569336,88.94000244140625,91.0199966430664,5124200
2026-04-01,91.91000366210938,93.37999725341797,90.54000091552734,93.12999725341797,4073500
2026-04-02,92.0199966430664,94.66999816894531,91.70999908447266,94.13999938964844,3532400
2026-04-06,94.41999816894531,98.47000122070312,94.36000061035156,97.70999908447266,4922700
2026-04-07,97.36000061035156,98.04000091552734,95.8499984741211,96.01000213623047,3580200
2026-04-08,98.19999694824219,98.5,95.55000305175781,96.79000091552734,4865700
2026-04-09,97.12000274658203,97.25,94.30000305175781,95.58000183105469,4007300
2026-04-10,95.11000061035156,95.80000305175781,94.27999877929688,95.4000015258789,4317800
2026-04-13,95.62000274658203,98.19999694824219,94.9800033569336,98.1500015258789,4325500
2026-04-14,98.36000061035156,101.33000183105469,98.13999938964844,100.4000015258789,4914400
2026-04-15,99.88999938964844,101.25,99.69000244140625,100.01000213623047,3895300
2026-04-16,99.55000305175781,102.91000366210938,99.5,101.95999908447266,4316300
2026-04-17,102.69999694824219,105.4000015258789,102.2699966430664,104.6500015258789,4917000
2026-04-20,104.0,107.2300033569336,103.55000305175781,107.12999725341797,4652800
2026-04-21,106.70999908447266,107.33999633789062,103.88999938964844,105.4000015258789,5662700
2026-04-22,105.87999725341797,106.95999908447266,105.0,105.62999725341797,4263400
2026-04-23,105.41000366210938,105.70999908447266,102.2699966430664,103.4000015258789,5084400
2026-04-24,102.52999877929688,102.9000015258789,97.29000091552734,97.94000244140625,8288500
2026-04-27,98.29000091552734,101.80000305175781,97.94999694824219,100.29000091552734,5929900
2026-04-28,100.98999786376953,101.5,99.7300033569336,100.36000061035156,3884700
2026-04-29,100.37000274658203,104.0,100.08999633789062,103.79000091552734,6814700
2026-04-30,100.06999969482422,104.91999816894531,96.27999877929688,103.4800033569336,12220800
2026-05-01,103.0,106.0999984741211,100.97000122070312,104.06999969482422,12485900
2026-05-04,109.13999938964844,111.37999725341797,108.4800033569336,109.33000183105469,20481100
2026-05-05,107.5,108.05999755859375,104.5999984741211,105.26000213623047,7417700
2026-05-06,106.87999725341797,108.7699966430664,105.36000061035156,108.1500015258789,7454100
2026-05-07,108.75,109.5,106.22000122070312,106.41999816894531,5680600
2026-05-08,106.33999633789062,108.30999755859375,105.2300033569336,107.69000244140625,4879200
2026-05-11,107.9000015258789,108.69999694824219,106.80000305175781,108.12999725341797,6368500
2026-05-12,107.27999877929688,110.58999633789062,105.54000091552734,110.4000015258789,7911200
2026-05-13,109.8499984741211,113.7300033569336,109.62000274658203,113.01000213623047,7001800
2026-05-14,112.9000015258789,113.48999786376953,111.7699966430664,113.23999786376953,4632200
