Date,Open,High,Low,Close,Volume
2020-01-02,6.771314091859817,6.866068840026855,6.698425610157148,6.8660688400268555,43425700
2020-01-03,6.785893563705105,6.829626106284402,6.669271828222441,6.713005065917969,45040800
2020-01-06,6.632826440914834,6.683847958192074,6.603671188882692,6.676558971405029,43372300
2020-01-07,6.705715122900074,6.742159366607666,6.647404611014379,6.742159366607666,44984100
2020-01-08,6.727581391078177,6.778603610315258,6.683848854721972,6.742159366607666,45994900
2020-01-09,6.778604512907235,6.785893501642531,6.691138733432356,6.749449253082275,51817400
2020-01-10,6.756737342137156,6.822336146671463,6.742159366607666,6.742159366607666,39796300
2020-01-13,6.742157989571922,6.749446975847945,6.640114267055563,6.734869003295898,48553700
2020-01-14,6.720293096862626,6.800469876907729,6.713004109099581,6.77131462097168,42935600
2020-01-15,6.75673649263934,6.778602758068283,6.691137001236466,6.69842529296875,55923900
2020-01-16,6.727580914299392,6.764025155424208,6.669270406546121,6.6838483810424805,44310400
2020-01-17,6.6984252366501265,6.7275804886822685,6.654692706159931,6.676558971405029,41644900
2020-01-21,6.669271828222441,6.720294054719929,6.632828274445104,6.713005065917969,49556400
2020-01-22,6.720292197011262,6.742158462256359,6.6692699846179835,6.676558971405029,39914800
2020-01-23,6.661981582641602,6.676558860858291,6.508916338228212,6.661981582641602,75848700
2020-01-24,6.640115688474654,6.647404676310998,6.530783651394055,6.559938907623291,68100900
2020-01-27,6.4724726132500425,6.530783120972613,6.399584131038789,6.479761600494385,60769300
2020-01-28,6.516204672243675,6.559937897410801,6.457894168764861,6.538071632385254,85163400
2020-01-29,6.560309602100229,6.641849915413484,6.552896653543293,6.567721843719482,59057400
2020-01-30,6.530660262298763,6.552898406982422,6.471357364912549,6.552898406982422,42827800
2020-01-31,6.508420541122605,6.552897531485468,6.478769449859955,6.538071632385254,59813700
2020-02-03,6.560309831880392,6.775280398997295,6.560309831880392,6.656675338745117,71405400
2020-02-04,6.730804507950339,6.849408880558443,6.723391557927876,6.804932594299316,86196400
2020-02-05,6.23414772556683,6.28603695817045,6.122956310862566,6.160020351409912,145792500
2020-02-06,6.204496638689307,6.211909588191316,6.115543365478516,6.115543365478516,68823400
2020-02-07,6.085893094335868,6.085893094335868,5.945050569511419,6.011765003204346,98256500
2020-02-10,6.041413906714825,6.041413906714825,5.96728654941126,5.9746994972229,71834900
2020-02-11,6.00435209274292,6.041415427254217,5.989526193388168,6.00435209274292,80164500
2020-02-12,6.034003080336527,6.1748455870860415,6.026590130787136,6.10813045501709,111536800
2020-02-13,6.085892274408252,6.197083689187297,6.085892274408252,6.115543365478516,67648800
2020-02-14,6.130369409507145,6.130369409507145,5.989526193388168,6.00435209274292,46359700
2020-02-18,6.019175770217517,6.041413906714825,5.945048412913952,5.9746994972229,65094800
2020-02-19,5.974701412832587,6.004352506648274,5.930224418640137,5.930224418640137,69668200
2020-02-20,5.930225479256989,5.982114725980338,5.922812527742805,5.952463626861572,52318200
2020-02-21,5.945050420830645,5.952462664208127,5.848683834075928,5.848683834075928,58326300
2020-02-24,5.7078408691393205,5.722666416066867,5.59664944391718,5.611474990844727,110048200
2020-02-25,5.693015815006792,5.693015815006792,5.3520278526879235,5.359440803527832,108888300
2020-02-26,5.411330122884175,5.529934502519248,5.3446149826049805,5.3446149826049805,92469500
2020-02-27,5.285312236333487,5.396504007269222,5.129643827717238,5.166707515716553,118642400
2020-02-28,5.070341335312181,5.159294605255127,4.9443240261585695,5.159294605255127,116490700
2020-03-02,5.270486813956576,5.359440091402272,5.099992855451208,5.3372015953063965,96766000
2020-03-03,5.403916603481527,5.440980644949737,5.107405332142533,5.166707515716553,97457800
2020-03-04,5.2556610498283645,5.2556610498283645,5.129643735270223,5.248248100280762,70588100
2020-03-05,5.159295775144611,5.166708372586254,4.973976244007144,4.996214389801025,78070900
2020-03-06,4.892434690780364,4.951736873758361,4.744179233335371,4.810894012451172,109932200
2020-03-09,4.425429154295566,4.5514464608790135,4.35130143085497,4.373539924621582,103901700
2020-03-10,4.640399932861328,4.662638072442074,4.299412062559812,4.640399932861328,101873600
2020-03-11,4.492144282126536,4.529208320581268,4.358714379933463,4.373539924621582,98587100
2020-03-12,3.9880762153176548,4.217872381163535,3.8546459326872515,3.9658377170562744,89453100
2020-03-13,4.351301704297714,4.3735401994618295,3.795343213352623,4.173395156860352,125375300
2020-03-16,3.736041435424044,3.869471360450286,3.706390340973768,3.713803291320801,110310900
2020-03-17,3.76569252987432,3.8101691715497337,3.484006779127771,3.713803291320801,104233500
2020-03-18,3.521069804827372,3.587784924765704,3.039239129262493,3.3357503414154053,125954700
2020-03-19,3.209733509870266,3.395052999848631,3.039239564951415,3.3135123252868652,126603800
2020-03-20,3.365402384848921,3.521070806685147,3.1504317744025,3.2097339630126953,129378600
2020-03-23,3.1652574808847747,3.3505770063545364,2.935461311718543,2.9725253582000732,134925000
2020-03-24,3.3135123870253893,3.6989769192237443,3.1578443377344665,3.669325828552246,146192100
2020-03-25,4.277173625541671,4.351301347563331,3.795342902197591,3.995487928390503,198999400
2020-03-26,3.9732507333009637,4.188221355015165,3.8249949005356547,3.891710042953491,138227600
2020-03-27,3.758279777355077,3.928773740117984,3.639675050996807,3.8472330570220947,106324000
2020-03-30,3.7879308210762033,3.795343417550463,3.6545005498504497,3.728628635406494,97879700
2020-03-31,3.7286283794095523,3.8472327426059345,3.521070390346999,3.5803725719451904,231800800
2020-04-01,3.432116589910997,3.535895391741234,3.2319715810754115,3.261622667312622,119174500
2020-04-02,3.254210119823689,3.3876403777939035,3.1504313052115345,3.2319719791412354,90891700
2020-04-03,3.261622954560076,3.27644849898435,3.091129016946492,3.1430182456970215,85659900
2020-04-06,3.3654023848973385,3.461768618124755,3.2690361516699213,3.35798978805542,102205300
2020-04-07,3.5951978880989937,3.7286281416557037,3.432116899102734,3.4914190769195557,115150400
2020-04-08,3.6026113141239082,3.773105274658776,3.5581346748716265,3.728628635406494,117022200
2020-04-09,4.084441753826467,4.262348295631231,3.88429636409279,3.9806625843048096,175681700
2020-04-13,4.025138867552581,4.025138867552581,3.721215041828623,3.824993848800659,99320000
2020-04-14,3.9065351847365934,4.032552505771468,3.8249945028665726,3.921360731124878,74877000
2020-04-15,3.750866778298181,3.81016896396789,3.669326096267877,3.728628635406494,74727700
2020-04-16,3.750866426675083,3.7582793759233275,3.624849117205927,3.6619131565093994,58951200
2020-04-17,3.8324076823920783,3.9139483691471453,3.7286288514567656,3.7953436374664307,91989300
2020-04-20,3.713802816245332,3.773104997559856,3.639674736133295,3.6915643215179443,71079400
2020-04-21,3.624849338445831,3.647087834078999,3.4988320212853044,3.535896062850952,82400200
2020-04-22,3.610023792513351,3.624849338445831,3.5210705169184724,3.535896062850952,62237200
2020-04-23,3.558134305815242,3.6915642097324866,3.5358958117612653,3.6248490810394287,61959800
2020-04-24,3.6544998913547193,3.6767383837082126,3.558134033739833,3.610023260116577,54320400
2020-04-27,3.6396750169087753,3.8472330209901404,3.6174368739347527,3.8324074745178223,91082800
2020-04-28,4.069616058857981,4.106680100323162,3.86947101257757,3.9880757331848145,106222800
2020-04-29,3.951011710715818,4.077029028140643,3.8620584349343754,3.899122476577759,126393000
2020-04-30,3.8249946201346945,3.884296807505943,3.7508668859206344,3.7731053829193115,93437900
2020-05-01,3.7212150551169967,3.7434535477105553,3.6322617916804583,3.647087335586548,82660100
2020-05-04,3.617436849702474,3.684151631646546,3.5358961679164884,3.6026113033294678,84214700
2020-05-05,3.6989769565418387,3.7731050374373263,3.661913269562981,3.6841514110565186,96301300
2020-05-06,3.7434535072998485,3.7731045947919433,3.5729595774858804,3.610023260116577,89390400
2020-05-07,3.6322617524700704,3.69156392745426,3.5951977163705293,3.610023260116577,67222900
2020-05-08,3.676739459327042,3.8917100832681477,3.66932650855096,3.8842971324920654,101207100
2020-05-11,3.8398202792958505,3.8472332296685514,3.7434543987332387,3.7953436374664307,75734000
2020-05-12,3.8175816335457493,3.869470865461517,3.684151372119188,3.6915643215179443,70965200
2020-05-13,3.7063899818933206,3.7138029315221757,3.454355350014529,3.4988319873809814,100192300
2020-05-14,3.4395295933088192,3.647087575093405,3.3505763240306563,3.6248490810394287,108061100
2020-05-15,3.5581345014453416,3.6619133213090707,3.5210704604738496,3.6322622299194336,80544700
2020-05-18,3.795343444913704,3.951011860153465,3.795343444913704,3.9361863136291504,136157700
2020-05-19,3.9065358566999153,4.039965797145766,3.817582563069348,3.928774356842041,94836300
2020-05-20,3.9880750523224737,4.1066793992121475,3.9806621039074517,4.069615364074707,87685400
2020-05-21,4.03996489281344,4.217871793719692,4.032552296737995,4.173395156860352,87098200
2020-05-22,4.210459600309217,4.2475236477492455,4.077029665769229,4.188221454620361,76656500
2020-05-26,4.388365112622571,4.440254338078989,4.31423739520709,4.3290629386901855,86046300
2020-05-27,4.4550807847960465,4.51438296604643,4.329063472904542,4.469906330108643,110413900
2020-05-28,4.484732141375497,4.49955768756728,4.306825233605204,4.3364763259887695,76930200
2020-05-29,4.262348098973021,4.299412136873375,4.1289181987756995,4.232697010040283,92936300
2020-06-01,4.247522851552229,4.358714619560494,4.203046215042699,4.351301670074463,61879700
2020-06-02,4.41801655868594,4.447667648062178,4.3216503414787315,4.373539924621582,80046000
2020-06-03,4.440255173934612,4.647813175238545,4.388365938710307,4.588510990142822,98876600
2020-06-04,4.59592322761712,4.877608938291872,4.5366210471527255,4.870196342468262,115798600
2020-06-05,5.366853295031028,5.559585771439352,5.203772267928476,5.440981388092041,208648200
2020-06-08,5.581822872161865,5.737490909585853,5.463218165048503,5.581822872161865,113169300
2020-06-09,5.352026738353713,5.515108088187365,5.226009781533553,5.366852283477783,115749600
2020-06-10,5.43356686677048,5.440979815321371,5.0184512915793364,5.048102378845215,147327100
2020-06-11,4.499557368787115,4.788655675779576,4.47731887434052,4.544034004211426,116184700
2020-06-12,4.862783969101045,4.9146735598873885,4.670051859765477,4.788656234741211,88778000
2020-06-15,4.581098292820955,4.8776095881147254,4.52920905473607,4.818307399749756,104742600
2020-06-16,5.092579730061471,5.092579730061471,4.7738303201335,4.855370998382568,109535200
2020-06-17,4.86278378869087,4.86278378869087,4.677464282932214,4.69228982925415,67831400
2020-06-18,4.640400593861827,4.781243107185768,4.588511005000597,4.69228982925415,61301800
2020-06-19,4.922086035270075,4.959150078270903,4.618162155151367,4.618162155151367,126127800
2020-06-22,4.64781375665975,4.655226707458496,4.544034919759957,4.655226707458496,71724300
2020-06-23,4.6922882670987915,4.729352297298738,4.551445447195298,4.558858394622803,86672800
2020-06-24,4.492144679829685,4.536621317831694,4.343889219822988,4.410604000091553,75536300
2020-06-25,4.343889018217138,4.484731875421239,4.299412382279351,4.469906330108643,73612700
2020-06-26,4.47732003386784,4.499558534073716,4.306826043852685,4.380953788757324,118435400
2020-06-29,4.38095337154594,4.499558105567246,4.306825633700709,4.455081462860107,58208400
2020-06-30,4.432841734629983,4.521794995359159,4.373539560810533,4.506969451904297,61909300
2020-07-01,4.521795525802795,4.581097706578877,4.410603760113202,4.432842254638672,62454700
2020-07-02,4.521795359078362,4.5736849420786365,4.447667635841444,4.484731674194336,67270500
2020-07-06,4.5514469477235435,4.595923586545335,4.5292088050471,4.588510990142822,63921800
2020-07-07,4.5514461606229295,4.595922791753191,4.514382478082132,4.536620616912842,56652000
2020-07-08,4.544033449025856,4.581097130616605,4.48473127570559,4.514382362365723,60928600
2020-07-09,4.514382408963309,4.521795003970438,4.31423739520709,4.3290629386901855,82693000
2020-07-10,4.299412107358255,4.521795272827148,4.254935120795617,4.521795272827148,73710700
2020-07-13,4.558859716979748,4.610748950148278,4.484731988546925,4.492144584655762,80190700
2020-07-14,4.581097820274672,4.736766225409777,4.506970092464834,4.7145280838012695,106131800
2020-07-15,4.847958906278633,5.0258658399744585,4.833133357926394,4.996214389801025,101648700
2020-07-16,4.936910663360878,5.114817541812278,4.914672524472482,5.0851664543151855,93498500
2020-07-17,5.114817665760021,5.122230261079502,4.98880036410917,5.040689945220947,80769000
2020-07-20,5.040690761986128,5.07775445152683,4.877609396906526,4.936911582946777,71361700
2020-07-21,4.973975901601579,5.048103638259866,4.922086309206314,4.951737403869629,63285100
2020-07-22,4.922085776331613,5.09999267851988,4.899847634476138,5.07034158706665,75629600
2020-07-23,5.092579278324807,5.233422127000153,5.0406900496073215,5.17411994934082,88652600
2020-07-24,5.114817341569011,5.1963580057281495,5.085166255232748,5.099991798400879,62292000
2020-07-27,5.129644230750458,5.144469777808798,5.018452451078449,5.137056827545166,60370200
2020-07-28,5.114818475328666,5.226010250471032,5.114818475328666,5.196359157562256,56312500
2020-07-29,5.226010143804822,5.233422740146265,5.062928782666237,5.12964391708374,59437200
2020-07-30,4.996214389801025,5.062929534120579,4.944325147302665,4.996214389801025,58991000
2020-07-31,5.107405639305705,5.114818589432726,4.833132847046447,4.899847984313965,115301700
2020-08-03,4.929498745920421,4.981387979439557,4.840545471199993,4.9591498374938965,53845900
2020-08-04,5.122230136952129,5.122230136952129,4.988800243215213,5.0851664543151855,69377600
2020-08-05,5.085166880302672,5.211184189456283,5.085166880302672,5.159294605255127,81728400
2020-08-06,5.137056827545166,5.188946418983817,5.107405733428487,5.137056827545166,48668500
2020-08-07,5.092579049455036,5.129643085560825,5.033276874460852,5.0851664543151855,47480100
2020-08-10,5.12223074762876,5.285312101774308,5.12223074762876,5.2556610107421875,57229000
2020-08-11,5.344615255316967,5.470632591843803,5.329789707106101,5.359440803527832,74016400
2020-08-12,5.433567349271823,5.4632184391707215,5.233422315719821,5.270486354827881,59161400
2020-08-13,5.211184978485107,5.322376406014918,5.188946480897789,5.211184978485107,50066800
2020-08-14,5.166708293770768,5.270487484122298,5.137057197518602,5.218597888946533,43517700
2020-08-17,5.226009531527167,5.233422127000153,5.092579278324807,5.17411994934082,64555200
2020-08-18,5.174120317041781,5.196358811978849,5.107405185699463,5.107405185699463,40444200
2020-08-19,5.107404909443123,5.203771126509886,5.085166769177788,5.092579364776611,44158100
2020-08-20,5.018452000289054,5.107405274648741,4.988800908835825,5.07034158706665,41824500
2020-08-21,5.025865215476065,5.07775445152683,4.929498986426201,4.936911582946777,39158900
2020-08-24,4.988800467420975,5.188945493755654,4.959149378591309,5.17411994934082,64974700
2020-08-25,5.196359329043778,5.26307411355568,5.085167550232048,5.144469738006592,49550000
2020-08-26,5.144468550434081,5.166706688981522,5.018451253769121,5.055515289306641,48600100
2020-08-27,5.062928350242982,5.174120113618995,5.062928350242982,5.122230529785156,45740900
2020-08-28,5.137056787800313,5.1518823347439495,5.085167550232048,5.144469738006592,39936900
2020-08-31,5.114817463391601,5.137055601939042,5.033276797290361,5.055515289306641,50089500
2020-09-01,5.018452039081578,5.092579768287656,4.981387997744092,5.062928676605225,48189900
2020-09-02,5.0481033463111356,5.166707718105106,5.018452253362643,5.151882171630859,59008900
2020-09-03,5.129643006912842,5.255660303577803,5.01103865874292,5.055515289306641,78130900
2020-09-04,5.085166531377297,5.151881302522348,5.003625862790178,5.1148176193237305,70017500
2020-09-08,5.062929152663814,5.314963809131763,5.048103605428577,5.211184978485107,84749300
2020-09-09,5.240835598652973,5.263073740758782,5.137056423929542,5.166707515716553,56501400
2020-09-10,5.181532709327332,5.218596748275627,5.092579440014069,5.122230529785156,69228600
2020-09-11,5.144468661899119,5.188945293426514,5.077753537873605,5.188945293426514,55080600
2020-09-14,5.196359878880152,5.322376864500686,5.174121379377141,5.277900218963623,58704300
2020-09-15,5.307551177703031,5.322376725829114,5.188946792694367,5.218597888946533,65198500
2020-09-16,5.226010086906536,5.277899321138403,5.18153309546651,5.203771591186523,46245800
2020-09-17,5.218597023834042,5.440980562328625,5.174120386828904,5.396503925323486,84850100
2020-09-18,5.4187429963712965,5.485458140054669,5.3520278526879235,5.359440803527832,71929400
2020-09-21,5.2556607095771115,5.2556607095771115,5.0481027307770745,5.092579364776611,72850300
2020-09-22,5.107404920238995,5.181532643728245,5.018451652051896,5.025864601135254,55865500
2020-09-23,5.048103566113628,5.137056848832274,4.91467364203566,4.922086238861084,52588600
2020-09-24,4.892434943416588,5.011039668966002,4.751592074836536,4.936911582946777,59822900
2020-09-25,4.89984804505574,4.973975779900298,4.818307359992265,4.825720310211182,53761800
2020-09-28,4.885022108560207,5.018452020640849,4.877609158932391,4.9591498374938965,47582600
2020-09-29,4.959150695000447,4.966563292441111,4.8479589056388495,4.892435550689697,38987300
2020-09-30,4.899847893406075,5.003626718976515,4.885022346896013,4.936911582946777,55944600
2020-10-01,4.973976203797672,5.018452848494841,4.9146740108681115,5.003627300262451,58340600
2020-10-02,4.907260145141397,5.137056276636296,4.89243459967298,5.107405185699463,60798400
2020-10-05,5.151882003485759,5.226010086906536,5.151882003485759,5.203771591186523,42359400
2020-10-06,5.233422127000153,5.374264975675498,5.159294404925987,5.17411994934082,78203800
2020-10-07,5.270487514262636,5.374266351738698,5.233423467000996,5.359440803527832,50664100
2020-10-08,5.403915760462739,5.448392391204834,5.337200637615176,5.448392391204834,54513300
2020-10-09,5.455805868266813,5.515108048334571,5.35943964892227,5.374265193939209,50977900
2020-10-12,5.455806970847462,5.833858621915463,5.43356847209337,5.685603141784668,97692900
2020-10-13,5.796794546533679,5.8412711876413335,5.655951672958313,5.752317905426025,74562600
2020-10-14,5.730079366265101,5.744904913192648,5.59664944391718,5.611474990844727,57752100
2020-10-15,5.500282658293737,5.648538112640381,5.463218617972634,5.648538112640381,49336200
2020-10-16,5.715254237810827,5.744905333836986,5.64112649774543,5.685603141784668,47509400
2020-10-19,5.6930155994560225,5.7226666947550955,5.611475264118042,5.626300811767578,38960700
2020-10-20,5.648537862165357,5.819031803838168,5.618886772610856,5.737491130828857,63447000
2020-10-21,5.759729537185416,5.841270208955367,5.730078448081591,5.819031715393066,51981100
2020-10-22,5.878335133180355,6.093306104717864,5.848684037823927,6.085893154144287,74008500
2020-10-23,6.152607295347521,6.189671335252905,5.996938893295121,6.048828125,62249000
2020-10-26,5.959876578375755,5.982114725980338,5.885748830578839,5.952463626861572,62131000
2020-10-27,5.937636742569009,5.9969389239456135,5.856096066441738,5.870921611785889,64154500
2020-10-28,5.693014421239047,5.8412702205205695,5.655950736520314,5.7078399658203125,82938300
2020-10-29,6.056240820325004,6.108130049853266,5.8190317525123945,5.856095790863037,118999900
2020-10-30,5.819031484143891,5.86350811603212,5.641124956590972,5.730078220367432,79345600
2020-11-02,5.8042075959453445,5.826446094967853,5.6930158077707045,5.715254306793213,59962900
2020-11-03,5.752317645419903,5.878334612794465,5.7300791491368,5.841270923614502,65108800
2020-11-04,5.826444313610164,5.833856908705398,5.655950384793682,5.663362979888916,67326800
2020-11-05,5.752317894329393,5.922811508178711,5.715253850076719,5.922811508178711,61442600
2020-11-06,5.937637043660209,5.945049993442629,5.744904590944109,5.774555683135986,50912100
2020-11-09,6.011764630352603,6.211910039831904,5.989526487167512,6.078479766845703,110511300
2020-11-10,6.100716241071566,6.367576714039546,6.063652914881685,6.211908340454102,87468400
2020-11-11,6.374990602923451,6.374990602923451,6.145194129167825,6.174845218658447,75644400
2020-11-12,6.122957200074292,6.145195344857143,6.00435281864858,6.085893154144287,81064900
2020-11-13,6.100718387159484,6.352753052761219,6.100718387159484,6.330514907836914,79475100
2020-11-16,6.478768351800599,6.5603093691561725,6.3824021447952495,6.523245334625244,84853900
2020-11-17,6.41946802653838,6.560311256896239,6.397229882195825,6.486183166503906,46754500
2020-11-18,6.538071632385254,6.708565937348821,6.508420541122605,6.538071632385254,77759300
2020-11-19,6.582548622748117,6.582548622748117,6.478769449859955,6.538071632385254,56672700
2020-11-20,6.53066020241235,6.538072445947017,6.434293967083011,6.4787702560424805,57024300
2020-11-23,6.538070756429419,6.656675105589675,6.5084196691393545,6.567721843719482,71537100
2020-11-24,6.782694269564565,7.0421418849428745,6.775282025905834,7.005077838897705,99520500
2020-11-25,6.81975868823976,6.8568227363101,6.6715032028963135,6.730805397033691,95217800
2020-11-27,6.760455496606632,6.775281396422394,6.693740361311327,6.738217353820801,27853900
2020-11-30,6.841996834306797,6.841996834306797,6.65667730089301,6.730805397033691,77970100
2020-12-01,6.790105497034091,6.9680120245780595,6.790105497034091,6.84940767288208,68863000
2020-12-02,6.7901063698126,6.849408553283102,6.730804186342098,6.819757461547852,48345000
2020-12-03,6.8642353720516605,6.908711662143031,6.782694328654338,6.827171325683594,50302100
2020-12-04,6.864234592814649,6.997664154879547,6.849408693175325,6.923536777496338,48775500
2020-12-07,6.901297451860521,6.916122642020504,6.782692395892236,6.834582328796387,58305200
2020-12-08,6.812345493213355,6.916124682705256,6.7975202986790215,6.856822490692139,56296700
2020-12-09,6.901299358296684,7.034728934346265,6.886473457103464,7.005077838897705,60780300
2020-12-10,6.901299317966072,6.9087115615814865,6.745630891036375,6.760456085205078,83372800
2020-12-11,6.812343572892658,6.812343572892658,6.678914031944332,6.68632698059082,73438200
2020-12-14,6.767867742342923,6.80493178108814,6.582548255554577,6.604786396026611,76826000
2020-12-15,6.6937396407353384,6.782692909240723,6.627024512621866,6.782692909240723,69606100
2020-12-16,6.797519022172846,6.804931971516881,6.649263569980946,6.701152801513672,55274500
2020-12-17,6.7382183480353435,6.767869445104033,6.6715032028963135,6.730805397033691,49301600
2020-12-18,6.738216245017577,6.738216245017577,6.604785996383503,6.634437084197998,78764600
2020-12-21,6.575134755954067,6.678913914364836,6.5158325817015355,6.619611740112305,63908100
2020-12-22,6.656676856450698,6.6640898069574135,6.486183236423459,6.515834331512451,59031200
2020-12-23,6.538071415620995,6.693739816323293,6.523246223950077,6.664088726043701,54086700
2020-12-24,6.678913951260485,6.686326899817423,6.5232455662532285,6.567721843719482,27927000
2020-12-28,6.612199670343758,6.65667595347512,6.5677226802746205,6.589961528778076,38068400
2020-12-29,6.619612663560873,6.619612663560873,6.508420541122605,6.538071632385254,37537900
2020-12-30,6.5454837049863555,6.612198828123421,6.530658514810166,6.567721843719482,38461900
2020-12-31,6.55289837710816,6.567723571183721,6.508421381005736,6.515834331512451,40176500
2021-01-04,6.5306596850214484,6.5528978277393675,6.248973951822492,6.3156890869140625,85043100
2021-01-05,6.2786245100015785,6.463943999731773,6.27121156074731,6.412054061889648,70127800
2021-01-06,6.515834361217741,6.62702579157391,6.434294026085742,6.552898406982422,72590200
2021-01-07,6.627025586256416,6.730804769794677,6.582549298267056,6.71597957611084,77117100
2021-01-08,6.745628750970657,6.775279836839066,6.589960373427099,6.6715006828308105,59162200
2021-01-11,6.575136752559935,6.90871176075822,6.538072705662815,6.893886566162109,95968300
2021-01-12,6.893885084966204,7.279349251838244,6.886472135791921,7.249698162078857,124808500
2021-01-13,7.346064380531303,7.353477329705585,7.145919701389872,7.249698162078857,89549300
2021-01-14,7.271936630927519,7.561034564292813,7.257110733350989,7.538796424865723,112695300
2021-01-15,7.442430636300581,7.449843585512032,7.279349288337376,7.286762237548828,99985000
2021-01-19,7.457257677091878,7.568449104545949,7.390542537844293,7.427606582641602,78732800
2021-01-20,7.583272549842147,8.05769065859878,7.553621462228463,8.050277709960938,125033200
2021-01-21,8.361615582795366,9.006527353392087,8.243011216746007,8.546935081481934,282394100
2021-01-22,8.643301594993433,8.665539737637735,8.406092854953403,8.539523124694824,130866600
2021-01-25,8.517284511748992,8.539523361948964,8.065105161750301,8.36902904510498,118954500
2021-01-26,8.383855844302802,8.54693652163068,8.243012605683932,8.294901847839355,66267500
2021-01-27,8.168882570273942,8.280073969408273,7.931673168149605,7.998388290405273,82863000
2021-01-28,8.035454058070057,8.19112247458019,7.939087828141133,7.946500778198242,77388700
2021-01-29,7.850134379226851,8.035453885036974,7.746355201475571,7.805657386779785,73925800
2021-02-01,7.894610616339871,8.48022022283239,7.679640019195473,8.028040885925293,157114400
2021-02-02,8.257836030194415,8.302312308146096,7.939086308144045,8.050277709960938,80440700
2021-02-03,8.094755224086223,8.42091720916125,8.035453044981672,8.302312850952148,82968600
2021-02-04,8.45056951876247,8.613650888313684,8.280075905956346,8.42833137512207,106845000
2021-02-05,8.747079834919216,8.821207204769555,8.376440864854313,8.532109260559082,113402100
2021-02-08,8.539522721760285,8.583999004950288,8.383854316719724,8.569173812866211,75756700
2021-02-09,8.554348980700613,8.924988019217862,8.517284935461316,8.8434476852417,102250800
2021-02-10,8.895336678654093,8.910162579115347,8.546935794130878,8.717430114746094,76282500
2021-02-11,8.64330212710843,8.70260431576931,8.383855228451548,8.48763370513916,55762900
2021-02-12,8.465395561125794,8.613651032777991,8.42833151647828,8.48763370513916,44401200
2021-02-16,8.524696900566726,8.672952357449894,8.435743626436823,8.55434799194336,48392100
2021-02-17,8.606236747535698,8.606236747535698,8.42833020914839,8.509870529174805,49554000
2021-02-18,8.42833184121239,8.509872177028294,8.37644260086935,8.472808837890625,37777100
2021-02-19,8.539521449874771,8.591410674847262,8.495044466371443,8.58399772644043,48615600
2021-02-22,8.539523089720399,8.850859206278928,8.524697190059713,8.672952651977539,62183000
2021-02-23,8.591411228570038,8.635887508002225,8.250423356193169,8.613649368286133,72904500
2021-02-24,8.650714766642707,9.191847395467136,8.628476623428261,9.095481872558594,95152800
2021-02-25,9.05841804903868,9.19184761850076,8.687779020761427,8.717430114746094,75249400
2021-02-26,8.813795871002826,8.880510298662493,8.554348282443279,8.672952651977539,69614500
2021-03-01,8.798970002590265,8.954638414891264,8.732254867755865,8.880510330200195,43172800
2021-03-02,8.924986665496304,9.488358088256723,8.850858586261285,9.303038597106934,104789000
2021-03-03,9.347514757056993,9.347514757056993,8.999114627239273,9.021352767944336,80169700
2021-03-04,9.07324349323719,9.236324868127381,8.621064120743776,8.8434476852417,88339600
2021-03-05,8.939813456181817,9.110307065722282,8.650714766642707,9.095481872558594,79345700
2021-03-08,9.18443499852011,9.547661061669483,9.117719863056386,9.377166748046875,86129700
2021-03-09,9.458707636699957,9.458707636699957,9.177021906297417,9.317864418029785,61568700
2021-03-10,9.429055160609641,9.621786878863203,9.354927087247555,9.569897651672363,62111200
2021-03-11,9.59213788848623,9.681091878748008,9.451295366624482,9.495772361755371,56536500
2021-03-12,9.473533543475847,9.955364713485352,9.466121300043284,9.910887718200684,87160100
2021-03-15,9.925714340910512,10.096207970204286,9.673679665486752,9.784871101379395,64476000
2021-03-16,9.681093024843342,9.747807465030876,9.21408770190297,9.258563995361328,125425300
2021-03-17,9.147370562386858,9.414230385826018,9.058417287907137,9.406817436218262,109324400
2021-03-18,9.414232436341452,9.64402897566942,9.221499946187405,9.258563995361328,76733300
2021-03-19,9.525423129184507,9.599550509274023,9.303039575040302,9.510597229003906,90885200
2021-03-22,9.525422096252441,9.584724276668487,9.273387476015374,9.525422096252441,81362100
2021-03-23,9.31786521712948,9.399406258175,8.984290223313607,9.051005363464355,73020200
2021-03-24,9.16219466694331,9.288211967563452,8.984288139104653,8.999114036560059,54534400
2021-03-25,8.850858799355002,9.154783365985672,8.687778152212035,9.13254451751709,54201800
2021-03-26,9.214082984990435,9.25855925568031,8.939810292610954,9.117716789245605,49239800
2021-03-29,9.043590028875125,9.162194377014442,8.947223819277509,9.006525993347168,44747900
2021-03-30,9.01394075923559,9.251149503340372,8.976876716234763,9.236324310302734,49762300
2021-03-31,9.236324469369869,9.295626656417362,9.051004958111996,9.080656051635742,60456900
2021-04-01,9.102893088488063,9.110306037702333,8.910161357481275,9.021352767944336,61907500
2021-04-05,9.184434565297062,9.473532529419577,9.139957574773254,9.414230346679688,82332700
2021-04-06,9.414231100421869,9.629201706799847,9.369754813274888,9.577312469482422,67499400
2021-04-07,9.540248257811792,9.584725251114525,9.384579841658963,9.436469078063965,42264000
2021-04-08,9.391993241176158,9.458708380854164,9.214086673326715,9.273388862609863,52622000
2021-04-09,9.258562961820147,9.354929196139725,9.184435578685143,9.273388862609863,40555400
2021-04-12,9.265975257929227,9.303039300348507,9.132544987994947,9.177021980285645,40422800
2021-04-13,9.184433747321219,9.228910026946139,8.969463177300192,9.043590545654297,51556000
2021-04-14,9.04359014640551,9.258560706936198,9.04359014640551,9.073241233825684,49877500
2021-04-15,9.11771821842479,9.132543408666033,8.991700920154626,9.073241233825684,38209300
2021-04-16,9.132546329151776,9.162197426054037,9.036180087484944,9.065831184387207,33132900
2021-04-19,9.058417290684849,9.080655432577153,8.910161833173188,8.976876258850098,39063500
2021-04-20,8.939813777350679,8.939813777350679,8.413506322781988,8.48763370513916,83170800
2021-04-21,8.420918583505864,8.702604333694158,8.287489012212987,8.695191383361816,49641100
2021-04-22,8.939813630496735,9.00652806144092,8.769319310694021,8.850859642028809,73064400
2021-04-23,8.87309595269497,9.07324060211189,8.79896788583677,9.058415412902832,51833300
2021-04-26,9.102894115671525,9.22149848873234,9.065830072355563,9.095481872558594,40863800
2021-04-27,9.110308505603577,9.2659769465837,9.09548331009677,9.258563995361328,42037800
2021-04-28,9.340102892911831,9.340102892911831,9.184434487798708,9.214085578918457,68023400
2021-04-29,8.828620723098005,8.828620723098005,8.257837040002022,8.346790313720703,230430600
2021-04-30,8.420917727279615,8.55434799194336,8.398679585481586,8.55434799194336,90786500
2021-05-03,8.569173050662034,8.658126316067667,8.472806836404834,8.621062278747559,61987300
2021-05-04,8.546935340526513,8.561761240200926,8.324551793974969,8.457982063293457,71007700
2021-05-05,8.524697085181847,8.62847626071645,8.450569001666016,8.606237411499023,64495500
2021-05-06,8.561760834603193,8.717429239120989,8.509870895138747,8.702603340148926,50032800
2021-05-07,8.635890234442277,8.769320528739597,8.5395246962697,8.761907577514648,41525800
2021-05-10,8.732250959639762,8.843443036912388,8.672948801202692,8.6803617477417,51703500
2021-05-11,8.48763151796461,8.717427970012745,8.46539337968178,8.58399772644043,56882600
2021-05-12,8.554348142477497,8.658127317590848,8.3616156916689,8.398679733276367,55663100
2021-05-13,8.42091862679205,8.658128090081332,8.41350638335946,8.561761856079102,56598500
2021-05-14,8.635889215853146,8.798970588877138,8.613651071739191,8.776732444763184,48619200
2021-05-17,8.761904348575406,9.028764838826548,8.739666210033704,9.006525993347168,52201700
2021-05-18,9.110305439724794,9.288211967563452,8.991701087832356,8.999114036560059,72472900
2021-05-19,8.917574075845433,9.05100434107482,8.784144517553829,8.976876258850098,70220800
2021-05-20,9.280802849028444,9.40681948511908,9.117721456825949,9.258563995361328,106243900
2021-05-21,9.414230832952802,9.985015254979182,9.317864604288435,9.88123607635498,200958600
2021-05-24,9.918299073112632,9.918299073112632,9.577311187241037,9.681090354919434,111374300
2021-05-25,9.732981117285833,9.955364679064568,9.488359411410581,9.495772361755371,113383400
2021-05-26,9.755218770245698,10.340828386181789,9.710742484291869,10.303764343261719,227538700
2021-05-27,10.659579077361519,11.156235456934242,10.466846603241802,11.030218124389648,278939100
2021-05-28,11.126581940938243,11.156233029972588,10.681814898485344,10.770768165588379,152105300
2021-06-01,10.911612616468954,11.00056589374397,10.718880162237518,10.978327751159668,89071000
2021-06-02,11.045041998705537,11.133995981467017,10.881961346497679,11.052454948425293,77517200
2021-06-03,11.230361344089516,11.904924206586522,11.111756977971949,11.853034973144531,179671400
2021-06-04,12.105068961815542,12.194022938617909,11.71219184317903,11.83820915222168,151788000
2021-06-07,11.867862052882382,12.008705281860104,11.60100149563527,11.771495819091797,90915300
2021-06-08,11.682539264362699,11.71219035053874,11.363789557767015,11.586173057556152,93891100
2021-06-09,11.563936237258956,11.578761428567336,11.408267840363393,11.474982261657715,60079100
2021-06-10,11.556523119351585,11.697365615944008,11.178471202849893,11.200709342956543,78147500
2021-06-11,11.341551856905983,11.437918067425917,11.24518564638605,11.326725959777832,50613500
2021-06-14,11.289665074262722,11.341555021753397,10.98574116770285,11.022805213928223,82666000
2021-06-15,11.052455054660339,11.237774557808734,10.94126363554642,11.119170188903809,62612700
2021-06-16,11.193298193860166,11.334140704205295,11.030216834299125,11.13399600982666,69112900
2021-06-17,11.341553240964581,11.415680614838369,10.807832897159557,10.948676109313965,126653100
2021-06-18,10.778182355230387,10.948676667006328,10.704054270642967,10.763357162475586,76319700
2021-06-21,10.844898542712757,11.045043259426842,10.785596352061333,10.956089973449707,63385000
2021-06-22,11.133995981467017,11.200710408131433,10.98573981482308,11.052454948425293,65545900
2021-06-23,11.222950938898117,11.51204895190807,11.14140989363857,11.430508613586426,94985700
2021-06-24,11.519458709685166,11.526871658460873,11.230360069871928,11.311901092529297,79859800
2021-06-25,11.297074754795977,11.5046330708022,11.252598477750126,11.260010719299316,111760500
2021-06-28,11.267425091598078,11.274838041021685,10.993152325364512,11.089518547058105,79477400
2021-06-29,11.156234191486657,11.26742561020754,11.030216873236162,11.126583099365234,68208200
2021-06-30,11.082105526627629,11.200709888894337,10.97832706311314,11.015390396118164,72213500
2021-07-01,11.052454948425293,11.096931939806032,11.000565714262592,11.052454948425293,51112200
2021-07-02,11.08951795582126,11.14882013417289,10.993151739265423,11.067279815673828,43652000
2021-07-06,11.022803147426234,11.030216096669141,10.66699006701969,10.748530387878418,73990600
2021-07-07,10.681815886583276,10.718879928039167,10.392717918490472,10.548385620117188,72992500
2021-07-08,10.348241867325104,10.548386578266333,10.185160494268574,10.422369956970215,62706800
2021-07-09,10.711466426003899,10.807832646044796,10.578036873356142,10.733704566955566,65981200
2021-07-12,10.64475194716176,10.926437675213695,10.555798670977644,10.830071449279785,49205200
2021-07-13,10.748532155027497,10.84489839021546,10.600276680483658,10.689229965209961,45360600
2021-07-14,10.696642672236122,10.844898143405947,10.526148350187436,10.563212394714355,39056200
2021-07-15,10.489083876769612,10.600276005803805,10.333415461672,10.385305404663086,44952300
2021-07-16,10.466845720321214,10.481671620281896,10.066555611574433,10.088793754577637,48065200
2021-07-19,9.82193433377697,9.873823571961717,9.480946396553236,9.844172477722168,99949200
2021-07-20,9.91088714698341,10.348241296501193,9.844172011370484,10.311177253723145,70731800
2021-07-21,10.414958348743275,10.629928988090892,10.400132446128568,10.518736839294434,53817500
2021-07-22,10.437194575005822,10.481671567727044,10.214811025275344,10.311177253723145,40440100
2021-07-23,10.3556531764152,10.407542406780166,10.17774593085093,10.244461059570312,37927900
2021-07-26,10.30376499071357,10.43719527083498,10.281526846339291,10.400131225585938,43838000
2021-07-27,10.326001489855827,10.348239629164459,10.118443166516244,10.222222328186035,41963200
2021-07-28,10.274113655090332,10.370479887704002,10.059143046009945,10.274113655090332,70653500
2021-07-29,10.755943552030333,10.963501186414588,10.600275149507702,10.666990280151367,111154800
2021-07-30,10.548386556432542,10.600276501851855,10.281526706750649,10.340828895568848,74955700
2021-08-02,10.392718289222417,10.622514081958252,10.288939110831441,10.311177253723145,64673700
2021-08-03,10.355654272254085,10.437194601018767,10.111032579022226,10.392718315124512,53257700
2021-08-04,10.266701032082496,10.326003218122748,9.858997972852402,9.873823165893555,81502700
2021-08-05,10.036903640947893,10.244461273683541,9.970188510834136,10.162920951843262,60524400
2021-08-06,10.244460429151829,10.311175553765729,10.177745304537927,10.229635238647461,44450600
2021-08-09,10.170334451427136,10.244461827945832,10.044317133713776,10.192572593688965,38760400
2021-08-10,10.20739772755976,10.311176188289696,10.125856700485963,10.244461059570312,32120800
2021-08-11,10.274114081260345,10.340829222524677,10.133271555098435,10.326004028320312,42795600
2021-08-12,10.318590243204875,10.414956472021931,10.22222401438782,10.303764343261719,38547900
2021-08-13,10.288939495146034,10.34082873281079,10.036904843166628,10.073968887329102,45118500
2021-08-16,10.007254053523235,10.05173104925822,9.873823773256142,9.9776029586792,38664300
2021-08-17,9.873819682183191,9.88123262955722,9.495768556296163,9.62919807434082,74625300
2021-08-18,9.599550755036944,9.792283220692019,9.562486710574376,9.636614799499512,50966700
2021-08-19,9.488358796392154,9.577312073950285,9.31786448420238,9.391992568969727,69038800
2021-08-20,9.347515510338589,9.391992502270698,9.177021906297417,9.317864418029785,53615600
2021-08-23,9.421643884921604,9.52542306466943,9.243737325586322,9.436469078063965,64573600
2021-08-24,9.495772417595287,9.740394124909038,9.458708372591234,9.695917129516602,53672500
2021-08-25,9.72556737455448,9.844171742656469,9.651439997959635,9.7626314163208,51195500
2021-08-26,9.718152161144781,9.732978057173002,9.495769376222523,9.562483787536621,57559800
2021-08-27,9.555072522731257,9.91088558051149,9.540246625188228,9.866409301757812,57587300
2021-08-30,9.896061947720916,9.910887140659987,9.658852498255436,9.673678398132324,42720100
2021-08-31,9.651437475320867,9.740390728147256,9.584722358966673,9.658849716186523,42212700
2021-09-01,9.658850824522187,9.799694021195346,9.562484612834682,9.71815299987793,58875700
2021-09-02,9.703327019465362,9.792280275256424,9.614373763674301,9.644024848937988,49053200
2021-09-03,9.629201114428879,9.673678105777554,9.540247838669321,9.555073738098145,41616700
2021-09-07,9.510596024513632,9.666264422005828,9.49577083314843,9.599549293518066,64008900
2021-09-08,9.614373443242137,9.799692896698181,9.569896463360136,9.658849716186523,57980900
2021-09-09,9.599551291627641,9.599551291627641,9.429057667282652,9.458708763122559,68806400
2021-09-10,9.518009849011463,9.58472498363484,9.38457957976471,9.399405479431152,48792500
2021-09-13,9.458704526363592,9.62919807434082,9.354925383939905,9.62919807434082,62270800
2021-09-14,9.584723030687073,9.681089238070305,9.480943874981056,9.532833099365234,47640800
2021-09-15,9.55507426993892,9.821934112071158,9.495772082798423,9.79969596862793,60282100
2021-09-16,9.770045773422096,10.029492689283689,9.71074358082871,9.933126449584961,76426100
2021-09-17,9.94053806887705,10.15550866496764,9.925712876183459,10.044317245483398,76182400
2021-09-20,9.688502857674097,9.777456129388414,9.36234086138827,9.503183364868164,126152200
2021-09-21,9.555074960725632,9.614377152153397,9.384580630167394,9.466121673583984,60473100
2021-09-22,9.577311202362672,9.925712037962331,9.569898253172996,9.807106971740723,75784000
2021-09-23,9.896061138325999,10.185159092901927,9.873822290329574,10.162920951843262,68708100
2021-09-24,10.125857098588428,10.33341473514626,10.111031906588897,10.214810371398926,57440200
2021-09-27,10.296351511340685,10.59286242386703,10.288938561793081,10.496496200561523,68769700
2021-09-28,10.844895696817842,10.919023062210835,10.5483841144328,10.607686996459961,107090900
2021-09-29,10.718880365294007,10.748531458280718,10.503909764405906,10.600275993347168,56805500
2021-09-30,10.570624282162,10.61510056557206,10.444606967603857,10.496496200561523,78820500
2021-10-01,10.570624282162,10.652164606372299,10.385304785098588,10.496496200561523,51880900
2021-10-04,10.578035511768347,10.963499635377854,10.540971476994555,10.637337684631348,78332500
2021-10-05,10.70405450526628,10.70405450526628,10.459432810478837,10.592863082885742,55915800
2021-10-06,10.481671412056293,10.629926874028827,10.296351907856176,10.466845512390137,61020300
2021-10-07,10.629927024767467,11.082106366930315,10.607688881890688,11.037630081176758,96557500
2021-10-08,11.059868690439895,11.482396957605467,11.00797945256001,11.208124160766602,99468900
2021-10-11,11.267425757044418,11.386030127075758,11.09693215185882,11.185885429382324,45302300
2021-10-12,11.20071003650782,11.623238966323658,11.126582662583088,11.593587875366211,89134000
2021-10-13,11.556524130146075,11.630651505964389,11.319315396427006,11.497221946716309,63363500
2021-10-14,11.578763723615577,11.578763723615577,11.393444200432988,11.452746391296387,50875100
2021-10-15,11.519459074370832,11.88268579956485,11.519459074370832,11.638063430786133,77211800
2021-10-18,11.541698742077152,11.601000928133802,11.482396556020504,11.534286499023438,48643800
2021-10-19,11.563938900783574,11.630653337444247,11.393444566371896,11.430508613586426,44668300
2021-10-20,11.437921338213826,11.979054013255345,11.393444341048411,11.890101432800293,105213700
2021-10-21,11.979052362144554,12.37934316064626,11.956813513158155,12.268150329589844,95855000
2021-10-22,12.171784984494622,12.260738967827216,12.030941766666182,12.06800651550293,60646800
2021-10-25,12.156959775437144,12.231087863445282,11.71960631839022,11.860448837280273,67808000
2021-10-26,11.927164464763175,12.02352999341701,11.638065757988057,11.815972328186035,64882300
2021-10-27,11.704779588720493,11.801145813528311,11.489808997053139,11.497221946716309,96094300
2021-10-28,12.497947692871094,13.03166735072702,12.386754860343293,12.497947692871094,215237600
2021-10-29,12.497949143645076,12.868588191426952,12.268151916029765,12.661029815673828,100560700
2021-11-01,12.972364963441601,13.320765113464539,12.6536151981198,13.305940628051758,125246500
2021-11-02,13.454200411601342,13.483852221268762,13.142863479473947,13.350421905517578,115146200
2021-11-03,13.283702282870193,13.958265173440209,13.254050483169008,13.810009002685547,104755500
2021-11-04,14.024978519328277,14.454919663006267,13.876722367490855,14.395617485046387,157505500
2021-11-05,14.610588870018926,14.618001819769578,14.076869212852342,14.299253463745117,122232200
2021-11-08,14.380791949403097,15.136895797847737,14.262187590495172,14.936750411987305,153490400
2021-11-09,15.203612520031355,15.203612520031355,14.38820640666613,14.914514541625977,164928500
2021-11-10,14.736604419600328,15.173958505276069,14.128756751746023,14.351140975952148,229109600
2021-11-11,14.558701416761487,14.7069576021611,14.277016361153146,14.491986274719238,96436500
2021-11-12,14.365967735861211,14.543875708963009,14.239950413008232,14.45492172241211,77837900
2021-11-15,14.425272198958103,14.788499738648476,14.188063415885441,14.721784591674805,84838600
2021-11-16,14.751433847680163,14.87003823009135,14.477161743557703,14.669894218444824,66557200
2021-11-17,14.632826382578527,14.832971765936286,14.41044356587577,14.795907020568848,80855200
2021-11-18,15.019412424875721,15.093913763333397,14.423404559204002,14.572405815124512,111368800
2021-11-19,14.632005721983026,14.654356548474999,14.334001807063824,14.44575309753418,64610400
2021-11-22,14.44575467002391,15.488770617270543,14.386153880552236,15.257816314697266,137861700
2021-11-23,15.22056452728953,15.295065860435765,14.877858963214754,15.049212455749512,90984500
2021-11-24,14.87786045864463,15.153514992694346,14.736309474533176,15.086463928222656,77324300
2021-11-26,14.64690577667656,14.781007889094925,14.505353389013319,14.713956832885742,49434000
2021-11-29,14.952357960494838,15.041759830502853,14.52025200094422,14.654354095458984,68778700
2021-11-30,14.617107695278978,14.862961121268624,14.177551354722512,14.2967529296875,103238400
2021-12-01,14.62455502438647,15.25036393815185,14.550055113552979,14.587305068969727,125295600
2021-12-02,14.527704525695594,14.982161378397208,14.363802729784313,14.803359031677246,94142300
2021-12-03,15.175864497741498,15.198213903286451,14.10304898074635,14.259500503540039,120275200
2021-12-06,14.326551609155837,14.520254510151059,13.864645893778185,14.319101333618164,88147400
2021-12-07,14.639456152950084,14.944910346610508,14.54260541244583,14.87040901184082,75885600
2021-12-08,15.034310991362535,15.041761266323917,14.71395627299638,14.75865650177002,63246800
2021-12-09,14.721409281115985,14.848061136984192,14.55750746451974,14.579856872558594,63357600
2021-12-10,14.728857587158192,16.010275106117312,14.721407311810236,15.980475425720215,169657200
2021-12-13,15.824023944790156,15.86872418000569,14.997061777831048,15.220565795898438,126632300
2021-12-14,14.751205437248684,15.034310186649368,14.438301010592156,14.937458038330078,124559700
2021-12-15,14.892755907087748,15.146059525839156,14.564950973233975,15.04175853729248,79679700
2021-12-16,15.324863883191728,15.719719911453327,15.093911054319081,15.160962104797363,107020900
2021-12-17,14.922562827926436,15.079014371831752,14.602208042602275,14.728859901428223,98710700
2021-12-20,14.497904044385429,14.617107034960357,14.192449844711991,14.468104362487793,74565600
2021-12-21,14.713959269986406,14.743760375901925,14.401054762848164,14.609658241271973,58930900
2021-12-22,14.632003772890755,15.153511620276682,14.632003772890755,15.004508972167969,75806400
2021-12-23,14.959812075442226,15.205665504840132,14.900211287133487,15.086463928222656,50610500
2021-12-27,15.09391187036136,15.563267828090169,14.974710312176436,15.496216773986816,59651800
2021-12-28,15.391915982459249,15.689919882115856,15.339765477643677,15.46641731262207,53020500
2021-12-29,15.429167487074626,15.473869142259906,15.235465998584376,15.317416191101074,37883000
2021-12-30,15.339768106653992,15.615421228206232,15.2503662109375,15.2503662109375,51470100
2021-12-31,15.242915971656107,15.652672648278163,15.242915971656107,15.473870277404785,51899600
2022-01-03,15.846372568396074,16.300827975353744,15.689919635414673,16.2188777923584,110449000
2022-01-04,16.777637910425337,18.29745869200307,16.70313657130014,18.1112060546875,311645200
2022-01-05,17.924953242908202,18.588013591574562,17.485396909442073,17.626949310302734,253540000
2022-01-06,17.947306378205006,18.342162527795526,17.40344895365213,18.222959518432617,155058800
2022-01-07,18.379409481155317,18.558211834423368,17.91005348145104,18.208057403564453,127017500
2022-01-10,17.954753912739744,18.208057604581313,17.39599601973536,17.76850128173828,122800700
2022-01-11,17.71635256283523,18.141008377075195,17.34384726318685,18.141008377075195,106011600
2022-01-12,18.33470824024751,18.506060308419332,17.887701671151472,18.230405807495117,104050000
2022-01-13,18.35706050862531,19.27342461556655,18.155908728999364,18.640165328979492,185780500
2022-01-14,18.230404854913708,18.833864331108806,18.10375302397093,18.766813278198242,146012200
2022-01-18,18.52840931357863,18.72211076752515,18.10375219101861,18.163352966308594,110518100
2022-01-19,18.36450695378533,18.56566011244091,16.695683748520317,16.72548484802246,153198200
2022-01-20,16.300830543570537,17.045841108872562,16.06987766620548,16.129478454589844,152014100
2022-01-21,15.801671643364799,16.01772536525265,15.302515984509537,15.384466171264648,145532900
2022-01-24,14.848063057988147,15.250368085680813,14.006200195065277,15.190767288208008,186674000
2022-01-25,14.900209770169257,15.131162623728354,14.572404757347007,14.885309219360352,116775800
2022-01-26,15.65267231520122,15.675023143957882,14.579856691794717,14.833160400390625,135786400
2022-01-27,15.131161919447731,15.384465587430157,14.46065279519794,14.564953804016113,105674400
2022-01-28,14.467604077277096,14.6398371190779,14.16806804190603,14.632349967956543,87677100
2022-01-31,14.662308176807755,15.223938982500036,14.505052236798395,15.201473236083984,91361900
2022-02-01,15.433610697838185,15.613332334195034,14.916910100624373,15.471052169799805,117651800
2022-02-02,15.583381896551316,15.763103577685433,15.111612662111876,15.448590278625488,95377600
2022-02-03,15.104120423684359,15.441099386920744,14.879468733727176,14.894444465637207,103016000
2022-02-04,13.868533479046944,13.920952112264946,13.119692596959752,13.44918155670166,211100500
2022-02-07,13.276949366851568,13.568998301252355,13.254485053028933,13.396763801574707,84610000
2022-02-08,13.164620567227603,13.411737962088687,12.745270139527065,13.269457817077637,142694300
2022-02-09,13.681321850044458,13.801136264579565,13.5016002282418,13.741229057312012,87118600
2022-02-10,13.456670470386603,13.95090535054767,13.419228996674665,13.539043426513672,76195300
2022-02-11,13.554019933416829,13.748718729587306,13.04480791701721,13.142156600952148,94534100
2022-02-14,13.112202379747576,13.276946839050979,12.947457920444172,13.074759483337402,78625000
2022-02-15,13.329367460145077,13.57648490022561,13.269460245225574,13.539043426513672,65883300
2022-02-16,13.396765076317717,13.636393968565415,13.284439211614218,13.486626625061035,57442100
2022-02-17,13.374297178287051,13.434204385303884,13.104714032561072,13.134668350219727,55368600
2022-02-18,13.179600030050052,13.83857938881726,13.157134289024787,13.509090423583984,106404200
2022-02-22,13.23202006995065,13.299415871886117,12.782715199814474,12.947461128234863,98550700
2022-02-23,13.104717823817708,13.276950915281384,12.640435763892917,12.692855834960938,79855400
2022-02-24,11.973967318485219,12.87257708229196,11.951502288635178,12.842622756958008,110443900
2022-02-25,12.917509364247428,13.404255808254504,12.82016064676645,13.351837158203125,78888000
2022-02-28,12.984902263257322,13.239508302011448,12.88755213933916,13.149646759033203,82367800
2022-03-01,13.037318219923984,13.037318219923984,12.318431737167002,12.50564193725586,94819500
2022-03-02,13.104716045849287,13.666346733528542,12.954947291147873,13.554020881652832,138638200
2022-03-03,13.666344070080322,13.666344070080322,13.059783445524163,13.179597854614258,95395500
2022-03-04,12.99239094676076,13.022343842456113,12.460713122235626,12.61797046661377,91304000
2022-03-07,12.610480628166108,12.655410681379347,11.958989143371582,11.958989143371582,87999200
2022-03-08,12.02638391331791,12.520618770830934,11.809220804798844,12.00391960144043,101020300
2022-03-09,12.468200380921484,12.602991968007224,12.191130054845802,12.258525848388672,62846700
2022-03-10,12.063826466447157,12.288478148560655,11.801731885114366,12.228570938110352,72992600
2022-03-11,12.280990560493894,12.34089777578213,11.988943064501326,12.011408805847168,54985900
2022-03-14,12.048850161759942,12.15368743041221,11.6145224980997,11.786755561828613,66341700
2022-03-15,11.809223110074887,12.086293484855092,11.629500724318152,12.026386260986328,65263700
2022-03-16,12.333409966681005,12.453224404750829,12.026385290589488,12.415782928466797,82677600
2022-03-17,12.153688309576271,12.415782928466797,12.101269671458319,12.415782928466797,58500200
2022-03-18,12.295968303511687,12.655411612258012,12.191131028869195,12.625458717346191,89144000
2022-03-21,12.632945503066052,12.812667131901602,12.228570766960663,12.340896606445312,72583600
2022-03-22,12.520618645323944,12.962434866293265,12.505642913655942,12.797690391540527,77647100
2022-03-23,12.595502696301793,12.767735746655372,12.408292486360802,12.490665435791016,63296800
2022-03-24,12.535594366628354,12.715315980723693,12.460710003680191,12.60299015045166,56314200
2022-03-25,12.535595729159146,12.565550048914403,12.236059673109459,12.33340835571289,62023100
2022-03-28,12.393316600275076,12.49066671929612,12.191130638271176,12.48317813873291,54634400
2022-03-29,12.737784272318146,13.329367858803918,12.737784272318146,13.291926383972168,90676900
2022-03-30,13.119693912387879,13.224531189335249,12.880065034622017,12.932483673095703,57853400
2022-03-31,12.880064525589038,12.992390379064958,12.355875304967114,12.6628999710083,52529400
2022-04-01,12.737782890015168,12.842620150807708,12.236059468892858,12.468199729919434,64695700
2022-04-04,12.475690841674805,12.528109482709437,12.251039114868993,12.475690841674805,51146500
2022-04-05,12.325920228650594,12.445736083773298,11.839174655298661,11.846662521362305,91708000
2022-04-06,11.681919606302008,11.831687659890411,11.367406336691158,11.524662971496582,102881600
2022-04-07,11.285033768112452,11.389871766383099,10.903125396581006,11.202661514282227,101229100
2022-04-08,11.187683760914743,11.56210424535721,11.090335063412052,11.27005672454834,75085800
2022-04-11,11.150239055149846,11.809219002653718,11.150239055149846,11.442286491394043,66117100
2022-04-12,11.607033335823068,11.771778525067802,11.442288146578337,11.502195358276367,49138700
2022-04-13,11.464754891586114,11.64447654243473,11.397359093980294,11.614522933959961,51871800
2022-04-14,11.607031524728134,11.8017302894422,11.577077923552908,11.59205436706543,39312900
2022-04-18,11.509683506831442,11.824196713531608,11.509683506831442,11.734335899353027,40205800
2022-04-19,11.786756785495815,12.153688692173226,11.786756785495815,12.093781471252441,55398300
2022-04-20,12.15368673163439,12.393315576662458,11.988942257752738,12.018895149230957,47351500
2022-04-21,12.340898289341192,12.408294087882679,11.68940676035744,11.756802558898926,49898500
2022-04-22,11.64447792105259,11.711873726637565,11.232615220150324,11.329964637756348,56193700
2022-04-25,11.239503629638602,11.458112325627818,11.020894933649387,11.450573921203613,58361400
2022-04-26,11.382729725489963,11.41288262239728,11.058585544559968,11.088738441467285,60345300
2022-04-27,11.149045193643982,11.382730703939423,11.005819100748075,11.19427490234375,65847900
2022-04-28,11.239503701662544,11.299809499638993,10.478142103582599,11.020895004272461,131556500
2022-04-29,10.998281343346058,11.284734264896137,10.628908123019063,10.674137115478516,83184900
2022-05-02,10.568599519847155,10.77213136978355,10.417834334529312,10.757055282592773,64734000
2022-05-03,10.787209309910716,11.118891170895223,10.704288305488271,10.975665092468262,55734200
2022-05-04,10.937974290655047,11.307347468764938,10.749518499508964,11.29227066040039,59774900
2022-05-05,11.171659307032781,11.171659307032781,10.80982452539856,10.95305061340332,57889200
2022-05-06,10.90028307070197,11.005818573342884,10.553524383626733,10.711827278137207,66622200
2022-05-09,10.440451653700984,10.681674848718457,10.033387152658088,10.07861614227295,71242000
2022-05-10,10.40275978428444,10.432912682022584,9.814777918939754,10.063539505004883,75506700
2022-05-11,9.950466205193077,10.26707201017256,9.641398804832589,9.671551704406738,71644900
2022-05-12,9.204181618624741,9.648937437008785,9.15895190874592,9.37756061553955,113203900
2022-05-13,9.70924348203826,10.274610915798162,9.701705077051681,10.176613807678223,78944200
2022-05-16,10.169074695427174,10.191689908814014,9.784624694672692,9.837392807006836,65055400
2022-05-17,10.056001246464083,10.199227333068848,9.920312845226665,10.199227333068848,50891400
2022-05-18,9.98815671540828,10.071077002920237,9.581092244064692,9.633859634399414,68362500
2022-05-19,9.528325441995467,9.890160230461484,9.520787037510303,9.686628341674805,58459600
2022-05-20,9.837392458691248,9.890159850255223,9.098645382286632,9.422789573669434,78183400
2022-05-23,9.528325611154989,9.762010403129187,9.422790103194549,9.671551704406738,51929600
2022-05-24,9.498173348580398,9.558479151773133,9.24941173068489,9.3624849319458,51082800
2022-05-25,9.294640859347783,9.656476402689561,9.287102454113146,9.581093788146973,41193100
2022-05-26,9.648939221072865,9.950468279677462,9.641400814882255,9.890162467956543,45709200
2022-05-27,9.995695087997012,10.274609565734863,9.980618280004913,10.274609565734863,54195700
2022-05-31,10.312302589416504,10.417837387382999,10.063540967207063,10.312302589416504,79689900
2022-06-01,10.463066532733487,10.530910738548984,10.101231008018116,10.21430492401123,50726200
2022-06-02,10.28214908953064,10.523372292460955,10.251996189164348,10.47060489654541,42979700
2022-06-03,10.274610915798162,10.387684114989396,10.071078294571702,10.176613807678223,43625200
2022-06-06,10.357531806196747,10.357531806196747,10.086155681279166,10.146461486816406,37711100
2022-06-07,9.995695803000544,10.38014580747791,9.942927690155411,10.35753059387207,38940300
2022-06-08,10.274609937956702,10.440451237368903,10.131383132450138,10.199227333068848,39441900
2022-06-09,10.18415339913344,10.244459208248061,10.010773658752441,10.010773658752441,30468000
2022-06-10,9.799701915067786,9.958004820913416,9.520787408368694,9.611246109008789,55644400
2022-06-13,9.272026947115066,9.332332754990453,8.849885573085414,8.902653694152832,80676300
2022-06-14,9.038339038010406,9.362483209721612,8.97803324591089,9.19664192199707,82369300
2022-06-15,9.21171932703978,9.362483817068707,9.045878028557066,9.249410629272461,70393200
2022-06-16,8.895113601354145,8.978033891730268,8.38251361273352,8.480510711669922,80380100
2022-06-17,8.472973433358085,8.62373794448686,8.216673404988217,8.465435028076172,80248800
2022-06-21,8.70665817606066,8.789578469944384,8.55589367858942,8.638813972473145,66283400
2022-06-22,8.488050011491755,8.804655835643445,8.450358705016196,8.653890609741211,46098900
2022-06-23,8.668966498395955,8.729272294785694,8.480510704952565,8.71419620513916,53655000
2022-06-24,8.782039456597298,9.136336540272138,8.721733661789042,9.05341625213623,55457600
2022-06-27,9.136337485925676,9.181567196164243,8.970496173586731,9.076031684875488,44009900
2022-06-28,9.15141533136429,9.377561751446025,8.895115288442923,8.902653694152832,45866900
2022-06-29,8.849884475923654,8.864961285474328,8.57850837412818,8.684043884277344,39474200
2022-06-30,8.472974056578943,8.563432769909806,8.239289226866367,8.390053749084473,59238200
2022-07-01,8.367436942354178,8.668965903614865,8.284515938831177,8.53327751159668,54356000
2022-07-05,8.329745463346823,8.450357045257446,7.99806289419088,8.442818641662598,87269800
2022-07-06,8.40512948845253,8.495588916881879,8.171444668565487,8.337285995483398,71282900
2022-07-07,8.540818312957175,8.834809671892772,8.540818312957175,8.782041549682617,63000400
2022-07-08,8.782040613249487,8.880037722445207,8.653890602678302,8.75942611694336,55235600
2022-07-11,8.699117838547712,8.78957651693085,8.495585991911067,8.510662078857422,48833600
2022-07-12,8.510663603147433,8.834807797918641,8.4955875135009,8.71419620513916,58414500
2022-07-13,8.525741531700568,8.72927344152796,8.420206014703693,8.676506042480469,48274300
2022-07-14,8.457897161097794,8.593584858765455,8.39759135793397,8.586047172546387,48176300
2022-07-15,8.729272440712359,8.970495630303835,8.661428238914304,8.955419540405273,49306900
2022-07-18,9.158951221688687,9.23433382619796,8.9704954293173,9.015725135803223,45873400
2022-07-19,9.211719473815506,9.566015851303243,9.204181069468497,9.490633964538574,62650800
2022-07-20,9.498173083464245,9.66401367816433,9.430328877040637,9.596169471740723,51932200
2022-07-21,9.70924299210506,9.799701690673828,9.520787190361332,9.799701690673828,66949200
2022-07-22,9.87508391631985,9.905236814674494,9.588631022499843,9.664012908935547,46724700
2022-07-25,9.686627950384265,9.792162733306208,9.498172159278747,9.679089546203613,36830500
2022-07-26,9.558478354440416,9.618784152602666,9.392637050043316,9.452942848205566,49272300
2022-07-27,9.611246401759216,9.942928314208984,9.520787698363822,9.942928314208984,64572300
2022-07-28,10.508296211545712,10.621370134937024,10.086155577143472,10.553525924682617,144096500
2022-07-29,10.636444432855045,11.149044407079986,10.561062548876059,11.073661804199219,94551600
2022-08-01,11.05104911943758,11.63149338746654,10.968128817819972,11.56364917755127,109521700
2022-08-02,11.45811234097406,11.646568138420678,11.397806543303286,11.427959442138672,74626800
2022-08-03,11.669182191903904,12.174243767489331,11.654106102506766,11.827485084533691,95846000
2022-08-04,11.797331059292402,11.812407866150343,11.541031812822878,11.586260795593262,85039800
2022-08-05,11.480726837194172,11.66164494913697,11.40534494954467,11.53349494934082,68093500
2022-08-08,11.737027521209692,12.091325361320022,11.721951430361383,11.895330429077148,75988100
2022-08-09,11.804871021221242,11.835023920016244,11.420421022408611,11.450573921203613,67676800
2022-08-10,11.77795074981083,11.861698035943846,11.595228276137101,11.800790786743164,71607000
2022-08-11,12.029195291078336,12.120556179741092,11.884540006141789,12.052035331726074,61567000
2022-08-12,12.14339637051478,12.348958191029343,12.05964906972319,12.31850528717041,53182500
2022-08-15,12.181461786409674,12.524065980009809,12.135780985239089,12.425090789794922,51779600
2022-08-16,12.409863464541953,12.699173991684074,12.379410565557375,12.508838653564453,54028900
2022-08-17,12.303277489188702,12.387025511831915,12.105328541577908,12.204303741455078,57118300
2022-08-18,12.173847432244607,12.34134199849305,12.07487297433144,12.295661926269531,39414200
2022-08-19,12.143393948623016,12.288048480426035,12.006353004302174,12.090100288391113,48597200
2022-08-22,11.48102855682373,11.58000302856363,11.351600457323228,11.48102855682373,71321800
2022-08-23,11.488642465512104,11.739885083058065,11.488642465512104,11.663750648498535,51289000
2022-08-24,11.663751136413127,11.922607353457794,11.602843876646359,11.816020011901855,39508700
2022-08-25,11.876926449098075,12.211917080686371,11.86169927217508,12.128169059753418,56401300
2022-08-26,12.189077328800005,12.249984589412788,11.732272148132324,11.732272148132324,54517300
2022-08-29,11.57238874713181,11.960673022382215,11.564775159129635,11.854084968566895,50416500
2022-08-30,11.953061201846612,12.029195640982735,11.54955041699753,11.762725830078125,66034400
2022-08-31,11.816018437789102,11.816018437789102,11.602842330932617,11.602842330932617,52058200
2022-09-01,11.496255351290884,11.587616231533366,11.252625611239198,11.564775466918945,65299800
2022-09-02,11.823631184713772,11.854084810244023,11.465801266251239,11.541934967041016,64565400
2022-09-06,11.587615042218887,11.602841490993974,11.298305254775626,11.442959785461426,58676700
2022-09-07,11.351600619647263,11.793178591526301,11.260239735059024,11.747498512268066,55087200
2022-09-08,11.541935095499525,11.785564102453064,11.43534776799321,11.77795124053955,60075900
2022-09-09,11.876927024863571,11.953060734954052,11.663750894037921,11.739885330200195,63328600
2022-09-12,11.838859964969913,11.983514524324915,11.762725527790353,11.831246376037598,52656500
2022-09-13,11.420120716795603,11.519095183469771,11.191718157245345,11.222171783447266,80842500
2022-09-14,11.237400767695078,11.305921619192413,11.00138458210113,11.161266326904297,59571800
2022-09-15,11.184104473385457,11.58000233669128,11.176491611453972,11.336373329162598,61377000
2022-09-16,11.130811937382628,11.222172824463408,11.0166110100496,11.20694637298584,68454800
2022-09-19,11.03944998607495,11.389667049158819,11.031836398034239,11.366827011108398,48696200
2022-09-20,10.727299961135651,10.833887287670127,9.905051344092834,9.965958595275879,196340000
2022-09-21,10.0801604201106,10.346630212656283,9.935505867004395,9.935505867004395,94271600
2022-09-22,9.98879816976093,10.080159042299002,9.707101964583957,9.722329139709473,82004400
2022-09-23,9.387338723508986,9.471086010053059,9.09802892534989,9.372112274169922,104043700
2022-09-26,9.295979093862979,9.425407197896257,9.082803692073018,9.128483772277832,89300400
2022-09-27,9.295977029556935,9.30359061659096,8.877239181616753,9.067574501037598,87044400
2022-09-28,9.067576461995042,9.318819079878649,8.95337553607405,9.273138999938965,72701600
2022-09-29,9.021894735729036,9.044734771531001,8.648836945248155,8.732584953308105,84534900
2022-09-30,8.671678584308633,8.778265912880784,8.519409727368329,8.527023315429688,71688200
2022-10-03,8.664064119830563,8.823945822587612,8.473728793980344,8.732584953308105,66198300
2022-10-04,9.105642878464403,9.417792726194502,9.090415702442586,9.410179138183594,87629200
2022-10-05,9.425406218972286,9.562447897497128,9.235070877052987,9.524380683898926,87919100
2022-10-06,9.410179138183594,9.615741658047835,9.280751046285008,9.410179138183594,64531900
2022-10-07,9.273139865039232,9.364500759513529,9.136098160291862,9.288366317749023,56494500
2022-10-10,8.73258509899571,8.793492346198178,8.527022595133639,8.648837089538574,115548900
2022-10-11,8.603157524817705,9.037121868260064,8.511796648623088,8.801106452941895,75173200
2022-10-12,8.74019928345321,8.90769460165164,8.641225536320079,8.785880088806152,59628500
2022-10-13,8.557478427625474,9.052350846473542,8.527024796163428,8.960989952087402,70487400
2022-10-14,8.98382782288582,9.021895034530965,8.801106078275126,8.88485336303711,55127700
2022-10-17,9.120869002617834,9.128482590356786,8.877240003544888,9.006668090820312,59561700
2022-10-18,9.303592736545323,9.326432776780194,9.06757656721236,9.158937454223633,53603400
2022-10-19,9.067574936148931,9.242683815976024,9.029507725223766,9.23507022857666,54130000
2022-10-20,9.235072635245825,9.288366308786445,8.93053559455351,8.960989952087402,55568100
2022-10-21,8.938147747910127,9.326432031222312,8.892467671092065,9.28075122833252,55132700
2022-10-24,9.364498287841831,9.630967311541898,9.273137417481381,9.50153923034668,64717700
2022-10-25,9.577675723864019,9.920279243345792,9.486314833740332,9.768011093139648,66391600
2022-10-26,9.745169554079077,9.943118481953851,9.531994176560238,9.760396003723145,86833600
2022-10-27,9.722328941695125,10.06493238825302,9.455859190999176,9.89743709564209,88421500
2022-10-28,9.89743851425887,10.13345467522431,9.87459847483375,10.09538745880127,55777900
2022-10-31,10.011639996598007,10.285723389293818,10.004027133745636,10.1791353225708,54676700
2022-11-01,10.331402004151498,10.392309254755485,10.019252163288135,10.201973915100098,47454700
2022-11-02,10.064932592101536,10.407536045598297,9.94311809539795,9.94311809539795,73673500
2022-11-03,9.75278396313743,10.24765559842167,9.72233033521335,10.09538745880127,58782600
2022-11-04,10.331402811028678,10.483671675502466,10.103000966461506,10.285722732543945,61489100
2022-11-07,10.361855217135608,10.476056852027561,10.179133472594488,10.430376052856445,48176900
2022-11-08,10.491284402234989,10.50651157891421,10.285722599567736,10.44560432434082,52731900
2022-11-09,10.331402534401569,10.430377003230753,10.110613558112389,10.133454322814941,74199200
2022-11-10,10.422763355330076,10.932862146952491,10.40753690502061,10.795821189880371,75638500
2022-11-11,10.856727940096883,11.168877780727254,10.81104713914214,11.039449691772461,60187600
2022-11-14,10.94713406823344,11.039450675236091,10.816353797912598,10.816353797912598,57691600
2022-11-15,10.993291019980052,11.21638786987116,10.924053940072252,11.000984191894531,61835700
2022-11-16,10.84712451249784,10.900975249026402,10.647106443018522,10.69326400756836,47484200
2022-11-17,10.508633335178523,10.700958251953125,10.424010635915776,10.700958251953125,54317900
2022-11-18,10.831738801143418,10.870203929622257,10.6317207199825,10.76250171661377,37101900
2022-11-21,10.662492424549654,10.800966590342924,10.508632647924513,10.731729507446289,34087100
2022-11-22,10.808660523034403,10.88559004992872,10.75480904718091,10.82404613494873,28738800
2022-11-23,10.770196093252357,10.816354399320163,10.654801428574922,10.793274879455566,25974200
2022-11-25,10.739422606637758,10.854817254906319,10.693264307133566,10.831738471984863,12980900
2022-11-28,10.724035774284074,10.739422117972456,10.53940405199098,10.562482833862305,35249700
2022-11-29,10.654802549962055,10.693266953128543,10.547100313576085,10.577872276306152,28380800
2022-11-30,10.600948144807427,10.731729133800728,10.347079338799547,10.69326400756836,61537300
2022-12-01,10.839431644179108,11.047142157794774,10.77019456175346,10.831738471984863,45335100
2022-12-02,10.647107140770716,10.747116182064412,10.577870055747288,10.662492752075195,42417400
2022-12-05,10.57786889715264,10.59325524043316,10.285534977773802,10.293228149414062,39714500
2022-12-06,10.324002234908804,10.439396898704489,10.04705460160233,10.216300010681152,39996000
2022-12-07,10.154755069829697,10.324001195530895,10.070132373809752,10.077825546264648,36609800
2022-12-08,10.154755086428391,10.200913387571914,10.054746045335179,10.09321117401123,32376300
2022-12-09,10.031667745839954,10.277843407391918,10.031667745839954,10.13936996459961,41553600
2022-12-12,10.154756367674544,10.362467648535791,10.077826834277392,10.354774475097656,35473800
2022-12-13,10.60094885866681,10.708651072637775,10.285536122912001,10.439395904541016,57872100
2022-12-14,10.439396236520087,10.600949195783361,10.277843277256812,10.370159149169922,51199900
2022-12-15,10.177833236428363,10.200912752393691,9.962429556380803,10.02397346496582,55725300
2022-12-16,9.823957884221423,9.86242228371386,9.29314066075365,9.323912620544434,118345700
2022-12-19,9.323911647563932,9.3623767767038,8.877717910328627,8.993112564086914,88062500
2022-12-20,8.962339308205635,8.985418822540428,8.554610759220031,8.82386589050293,82057900
2022-12-21,8.931569265258196,9.070043446221712,8.8854116940446,9.062350273132324,49256000
2022-12-22,8.877718493394376,8.877718493394376,8.539226948787181,8.700779914855957,75158700
2022-12-23,8.670006211042292,8.770014506117407,8.6315410871189,8.739242553710938,38200700
2022-12-27,8.677699535490472,8.762322963500075,8.562304885591749,8.616155624389648,44837400
2022-12-28,8.600770286297035,8.654621026803301,8.385365856949338,8.42383098602295,49375400
2022-12-29,8.523840101854944,8.885411144415265,8.500761317675742,8.877717971801758,53550300
2022-12-30,8.77001730153938,8.954649808490586,8.762324861231727,8.946956634521484,39232200
2023-01-03,9.093122674575078,9.17005294189198,8.900797739944224,8.985421180725098,45809000
2023-01-04,9.139281181196278,9.293140985527241,9.031578951333893,9.239290237426758,53429700
2023-01-05,9.316218417217376,9.523929673087487,9.139279851397337,9.423920631408691,50785600
2023-01-06,9.323911814286195,9.68548286080815,9.308526202551926,9.677789688110352,53089100
2023-01-09,9.80087911467612,9.947046485121776,9.654712477891913,9.76241397857666,50865500
2023-01-10,9.754720732441085,9.900887357150358,9.616246547387068,9.877808570861816,47065500
2023-01-11,9.947044358799769,10.200913175662109,9.916272403230433,10.170141220092773,51911600
2023-01-12,10.208606775533717,10.408624128281017,10.085518214439803,10.331694602966309,58113700
2023-01-13,9.716252962276469,9.862419547312344,9.593165157264956,9.785490036010742,96444000
2023-01-17,9.777798399564476,9.885500612685734,9.562394706983264,9.747026443481445,60774900
2023-01-18,9.839341485810747,9.885499782891392,9.539314388939665,9.54700756072998,48774400
2023-01-19,9.454693159226743,9.508543902746412,9.262368236757801,9.370070457458496,52918500
2023-01-20,9.393148615193525,9.554701568620885,9.293139574151702,9.539315223693848,44349200
2023-01-23,9.600859027598144,9.931658103178645,9.562394633037776,9.84703540802002,49688000
2023-01-24,9.754719052802306,9.923964434658213,9.70856075451171,9.80087661743164,41537400
2023-01-25,9.693174572711513,9.885499459204508,9.608551153111414,9.839341163635254,37739000
2023-01-26,9.993201820112205,10.054745730602926,9.77779813339468,9.939351081848145,48970900
2023-01-27,9.908580517636931,10.285537205727671,9.90088734433025,10.20860767364502,62114600
2023-01-30,10.008588027866328,10.154754629870098,9.893192647026353,9.916272163391113,64512600
2023-01-31,10.300923146244651,10.4393965919989,10.193220925181251,10.39323902130127,83093300
2023-02-01,10.400932045631997,10.762502367686732,10.377852526951727,10.608642578125,70641000
2023-02-02,10.900976119069547,11.231775203944343,10.793273903755091,11.01637077331543,102579800
2023-02-03,10.039360125279991,10.470167498949728,9.83164887701469,10.177833557128906,165500200
2023-02-06,10.123981456814025,10.162446579132128,9.831647554322105,10.108595848083496,77262800
2023-02-07,10.062439445915468,10.39323853290281,9.985509186819376,10.34708023071289,70671100
2023-02-08,10.231685442737277,10.53171183525734,10.231685442737277,10.32400131225586,62028400
2023-02-09,10.508633443325914,10.716344707737543,10.308615351743162,10.377852439880371,78667100
2023-02-10,10.50052170749288,10.549589128604941,10.23064855163875,10.410563468933105,68205200
2023-02-13,10.394208114333008,10.713149477117538,10.386029950692032,10.704971313476562,64201900
2023-02-14,10.62319186730966,10.786751250272298,10.484166196813256,10.606836318969727,75352900
2023-02-15,10.426920503097488,10.582301720374238,10.30425116208493,10.574124336242676,65850000
2023-02-16,10.41056309647283,10.74586076833471,10.230648185615316,10.557766914367676,64145500
2023-02-17,10.484165037201684,10.582300656124877,10.34513938208235,10.541411399841309,54401000
2023-02-21,10.402388018785913,10.475989944046553,9.952599082125245,9.977132797241211,77724200
2023-02-22,10.009842356583585,10.067088718465252,9.928063065186654,9.985308647155762,52844700
2023-02-23,10.07526659277509,10.107978466910883,9.71543597728138,9.870817184448242,57952800
2023-02-24,9.666368729425676,9.79721623887312,9.609123139020587,9.715436935424805,50631600
2023-02-27,9.79721584882765,10.157047265395235,9.780860300754203,9.862640380859375,60378100
2023-02-28,9.870817184448242,9.960775423256118,9.821749763200854,9.870817184448242,59796800
2023-03-01,10.099800373210726,10.255181569452988,9.952596559993026,10.075265884399414,85328800
2023-03-02,10.124334369274635,10.263360023498535,10.001664261476307,10.263360023498535,78214100
2023-03-03,10.402386673167076,10.721327268155745,10.345140305418035,10.696793556213379,80080200
2023-03-06,10.696793199522999,10.778573276487402,10.574123863989007,10.615013122558594,50571200
2023-03-07,10.58230136430944,10.615013239472969,10.451453863655324,10.49234390258789,46540400
2023-03-08,10.4514537485424,10.639547613595484,10.394208162614888,10.615013122558594,46421000
2023-03-09,10.647725732389993,10.696793154431706,10.173402379873577,10.181580543518066,65423500
2023-03-10,10.165224559281295,10.230648305800337,9.81357133680702,9.89535140991211,73897400
2023-03-13,9.756325907240678,10.06708909805685,9.257468857285398,9.838105201721191,119167600
2023-03-14,9.985308833810066,10.067088906648262,9.62547822912967,9.756325721740723,93844200
2023-03-15,9.404672759812115,9.592765840650312,9.257468936608243,9.576410293579102,108909300
2023-03-16,9.429206254378437,9.723613894042126,9.339248797765965,9.666367530822754,74017200
2023-03-17,9.5682314255074,9.592765134263914,9.093908896681246,9.24111270904541,249885100
2023-03-20,9.265647046557882,9.38831637857719,9.118443224204638,9.142977714538574,74975100
2023-03-21,9.322894144851897,9.633657387001989,9.306538595219113,9.584589958190918,74794900
2023-03-22,9.617301022923417,9.764504076803389,9.38013972398677,9.388317108154297,69729100
2023-03-23,9.527341730925597,9.633655512547362,9.21657932915437,9.339248657226562,74225300
2023-03-24,9.257468402217551,9.412850379943848,9.142977239590335,9.412850379943848,72425300
2023-03-27,9.510987512374056,9.568233102811881,9.331071796824595,9.421030044555664,55941100
2023-03-28,9.445563967397723,9.527343272709112,9.371962046678586,9.486454010009766,41385900
2023-03-29,9.633655933840704,9.862639833461015,9.576410348891928,9.854461669921875,48655400
2023-03-30,10.042554449317088,10.132512685712456,9.977130702800045,10.050732612609863,57751300
2023-03-31,10.148866848095897,10.328782516433842,10.132511303653796,10.304248809814453,66868200
2023-04-03,10.247004564436425,10.410563942098143,10.206114525042837,10.369674682617188,55956300
2023-04-04,10.44327574773614,10.508699493477062,10.23064818412186,10.402385711669922,54655700
2023-04-05,10.287896294770661,10.345141891383113,9.993489366590214,10.165226936340332,53332900
2023-04-06,10.157046505945774,10.206113926409955,10.050732721723262,10.083444595336914,36355800
2023-04-10,9.977130584441362,10.402385711669922,9.944418711570902,10.402385711669922,61326200
2023-04-11,10.459630238826715,10.688613325815291,10.459630238826715,10.525053977966309,63633600
2023-04-12,10.680436343184994,10.696791888625924,10.34513869265192,10.361495018005371,53845500
2023-04-13,10.336964055763593,10.336964055763593,9.993488931226754,10.189760208129883,75485700
2023-04-14,10.181581335332478,10.3533188856596,10.157047622403653,10.2388277053833,43542000
2023-04-17,10.222470852765325,10.369674682617188,10.189758977232982,10.369674682617188,40191100
2023-04-18,10.386029758377074,10.435097959401732,10.320606010285927,10.410563468933105,38865900
2023-04-19,10.30424957089687,10.30424957089687,9.952596370424805,9.993486404418945,69451800
2023-04-20,9.658190801163853,9.756326427723387,9.445563220328548,9.707258224487305,79563100
2023-04-21,9.731790900713793,9.748147226689763,9.535519668477434,9.65818977355957,46926500
2023-04-24,9.723613955925096,9.960775233878751,9.715435792568483,9.944418907165527,57794700
2023-04-25,9.911300155309982,9.919579672077436,9.687736619865627,9.745697975158691,63114700
2023-04-26,9.770537191443244,9.820217446017907,9.530413855256613,9.555253982543945,58105300
2023-04-27,9.613214492797852,9.696015969529784,9.472452456145612,9.613214492797852,53280300
2023-04-28,9.596656220712726,9.88645985675916,9.580095606831112,9.836779594421387,55045000
2023-05-01,9.944419080428409,10.176262097414998,9.927858470102686,9.985819816589355,59834200
2023-05-02,9.97754125745413,10.01066169424815,9.654616406472302,9.770538330078125,91090400
2023-05-03,9.720856834480575,10.010661235384473,9.712576528248244,9.76225757598877,94050700
2023-05-04,9.770538106948557,9.795378236563423,9.497294312224573,9.571815490722656,79792900
2023-05-05,9.762257137396206,9.969260045983617,9.704296575680829,9.92785930633545,64173300
2023-05-08,9.9527006149292,9.985821050018254,9.811938568387353,9.9527006149292,49943800
2023-05-09,9.845056136542805,9.878176561987013,9.75397437433131,9.820215225219727,42878300
2023-05-10,9.95270101056818,9.969260833944261,9.712576859560311,9.845059394836426,49193100
2023-05-11,9.795378403729154,9.836779146896124,9.737417837087495,9.828498840332031,43030800
2023-05-12,9.878179377894366,9.886458894375682,9.646335544041492,9.662896156311035,45155400
2023-05-15,9.687736057727514,9.704296669608443,9.596655061342718,9.638055801391602,53197000
2023-05-16,9.563534843701362,9.588374972431565,9.30685088131108,9.315131187438965,60514900
2023-05-17,9.397932397498549,9.63805574068552,9.373091479833617,9.522133827209473,50077500
2023-05-18,9.489013453076991,9.654615623619094,9.480733147136528,9.638055801391602,38181400
2023-05-19,9.654614953498058,9.74569673321436,9.555253658069404,9.646334648132324,43474200
2023-05-22,9.69601591243638,9.712575733893214,9.414491840789609,9.629775047302246,57417200
2023-05-23,9.54697280918147,9.861617288285759,9.54697280918147,9.71257495880127,56843800
2023-05-24,9.63805348566644,9.646332999964155,9.315128738458057,9.381369590759277,71391000
2023-05-25,9.38137166826198,9.53869431955638,9.38137166826198,9.422772407531738,51328900
2023-05-26,9.596657122433013,10.176265238640507,9.55525637349242,10.010663032531738,123257500
2023-05-30,10.474345701416,10.581987296747212,10.358424590792652,10.424665451049805,86226900
2023-05-31,10.333585283808134,10.341865590041985,9.90301962514286,9.936140060424805,86275300
2023-06-01,9.994100291834537,10.085182078065893,9.803657992720678,10.027220726013184,64407800
2023-06-02,10.151421177293983,10.358424052248656,10.052059892074135,10.259062767028809,65261200
2023-06-05,10.48262600636148,10.49918661625244,10.35014428584717,10.424665451049805,49890200
2023-06-06,10.39154653600406,10.706191062927246,10.358426101046538,10.706191062927246,57258400
2023-06-07,10.780712465673048,11.260959177481634,10.747591240365654,11.252678871154785,99342000
2023-06-08,11.202997376733277,11.376879854405564,11.145036814060328,11.24439811706543,64254700
2023-06-09,11.451400865681538,11.617003034993857,11.343759258215174,11.376879692077637,70329500
2023-06-12,11.42656141382429,11.492802285468786,11.302359187250751,11.410000801086426,44584700
2023-06-13,11.509361222474013,11.732924739302657,11.50108170639598,11.699804306030273,61781100
2023-06-14,11.799165555109985,11.964767720759793,11.567322523200254,11.75776481628418,69748500
2023-06-15,11.691524623259227,12.006169150938796,11.691524623259227,11.964768409729004,61463400
2023-06-16,12.022730495949391,12.097250887084138,11.85712752101838,11.939929008483887,75398100
2023-06-20,11.840566236728458,11.939927535638281,11.575601983315517,11.774325370788574,56645800
2023-06-21,11.79088563376801,11.824006067977617,11.542481982369242,11.608723640441895,49984300
2023-06-22,11.517641039132878,11.84056584206634,11.501081218026572,11.749484062194824,46862500
2023-06-23,11.534202466056922,11.716364459383037,11.52592216009116,11.608723640441895,48260200
2023-06-26,11.600443062767958,11.782605051827435,11.583882451224321,11.683243751525879,44956300
2023-06-27,11.749484523478865,11.973048039591442,11.641843707928455,11.931647300720215,49813100
2023-06-28,11.91508684650111,12.246291160583496,11.898526235970305,12.246291160583496,58380800
2023-06-29,12.31253282215627,12.527816035102669,12.24629195504252,12.37877368927002,58488600
2023-06-30,12.461574952816644,12.610616506422389,12.387053781187065,12.527815818786621,54036900
2023-07-03,12.544376262723075,12.751379176561102,12.544376262723075,12.618897438049316,29412700
2023-07-05,12.594058087797878,12.767940577753805,12.519536907866266,12.709980010986328,52003900
2023-07-06,12.560935732935597,12.627176596169463,12.320812406299494,12.403613090515137,64841400
2023-07-07,12.411893395832713,12.618896290851884,12.370492658898204,12.403613090515137,53375500
2023-07-10,12.38705316649783,12.494694765770841,12.279411567224818,12.478134155273438,51882000
2023-07-11,12.478135893810293,12.627178250439014,12.395335198747043,12.610617637634277,45849700
2023-07-12,12.726538308772016,12.767939047065514,12.58577627236616,12.602336883544922,47636800
2023-07-13,12.643737227949194,12.65201674362724,12.486414585265635,12.577495574951172,49664300
2023-07-14,12.610615985534308,12.643737206804618,12.34565253259885,12.403613090515137,48747900
2023-07-17,12.072409665361524,12.113810405351655,11.6666841506958,11.6666841506958,99402100
2023-07-18,11.550761687855136,11.732924461364746,11.525921560902635,11.732924461364746,71710800
2023-07-19,11.708083427358405,11.807444717124048,11.641842567514642,11.674962997436523,58280800
2023-07-20,11.617002487182617,11.658403224971762,11.5093608847922,11.617002487182617,45952600
2023-07-21,11.699803780938906,11.724643907365005,11.38515928414592,11.534201622009277,57579800
2023-07-24,11.626275421316171,11.735088747301386,11.592794459339881,11.684866905212402,46687000
2023-07-25,11.601162236010492,11.601162236010492,11.350055460683691,11.366795539855957,58772700
2023-07-26,11.341686254436528,11.509091055595375,11.316575733824964,11.442129135131836,42019700
2023-07-27,11.576052420319364,11.701605815598707,11.467239105227724,11.492349624633789,67313500
2023-07-28,11.366796145723455,11.42538762332286,10.898062728430187,11.09894847869873,116696500
2023-07-31,10.889692637750052,11.065467874422193,10.80598984000178,11.057097434997559,64507700
2023-08-01,11.006874947633275,11.249612088890428,10.973393990158115,11.232872009277344,59129900
2023-08-02,11.04872734700159,11.07383786782515,10.86458166504766,10.914803504943848,57997400
2023-08-03,10.872951711349875,10.998505907423196,10.764138394052612,10.965024948120117,51996300
2023-08-04,10.965024651311433,10.965024651311433,10.713917064210978,10.789249420166016,48412900
2023-08-07,10.822731775548721,10.8478422980253,10.697177566667593,10.831101417541504,43929200
2023-08-08,10.688805638793449,10.797618145671292,10.630213367879671,10.780878067016602,45103800
2023-08-09,10.688806693022638,10.739027732188914,10.596733457469421,10.655324935913086,42932600
2023-08-10,10.697176996159415,10.697176996159415,10.11125978070998,10.178221702575684,104063900
2023-08-11,10.144740977319927,10.211702900741253,10.044298092187939,10.161481857299805,64371700
2023-08-14,10.069408067688,10.236812867160348,10.06103842640117,10.211702346801758,48099600
2023-08-15,10.094519135748525,10.169850694954556,10.019186778293465,10.027556419372559,42616400
2023-08-16,9.960595966958637,10.069409299489172,9.876893956107637,9.88526439666748,44838900
2023-08-17,9.94385468778415,10.01918704726153,9.860151888753936,9.902003288269043,36104900
2023-08-18,9.818301391607585,10.061039371454664,9.809931749534577,10.010817527770996,44519900
2023-08-21,10.077778453512563,10.094519332495098,9.935484175157187,10.019186973571777,33456700
2023-08-22,10.05266865268606,10.06940873461752,9.910374364147692,9.935484886169434,32027500
2023-08-23,9.893633758008523,10.019187968093128,9.876893675613385,10.010817527770996,30437700
2023-08-24,9.952224801296053,9.985705760161471,9.835041046142578,9.835041046142578,33338200
2023-08-25,9.902004555575166,10.035928412564482,9.69274832946707,9.968966484069824,47610000
2023-08-28,10.002446531957705,10.094519773889571,9.918744528132196,9.96059513092041,29693500
2023-08-29,10.00244641460568,10.094519655457313,9.952225372549401,10.086149215698242,32009000
2023-08-30,10.102889377803146,10.169851299913347,10.052668335345036,10.069408416748047,30617900
2023-08-31,10.153109550476074,10.27029329404158,10.119628594921494,10.153109550476074,39025700
2023-09-01,10.178221939030589,10.270295182421732,10.0777790538986,10.161481857299805,34716900
2023-09-05,10.144740380166951,10.194962218901269,10.077778460687226,10.119629859924316,35202000
2023-09-06,10.04429758052741,10.136370020979252,9.902003300943345,10.102889060974121,41881500
2023-09-07,10.002447087448864,10.086149894171934,9.960595684087329,10.010817527770996,38559600
2023-09-08,10.01918633460037,10.345625471450782,10.01918633460037,10.295404434204102,49493500
2023-09-11,10.345626105340152,10.379107064972358,10.186591746649434,10.228443145751953,34673600
2023-09-12,10.236812840910034,10.538142277436606,10.228443199644666,10.420958518981934,49507700
2023-09-13,10.621844804810454,10.805990492018292,10.571623761730462,10.579994201660156,62579700
2023-09-14,10.554882962716153,10.630215326162237,10.387478154085468,10.563253402709961,43461600
2023-09-15,10.379106816143247,10.705546763417953,10.379106816143247,10.554882049560547,63982400
2023-09-18,10.46280987072999,10.479550749682698,10.25355367331539,10.328886032104492,47444100
2023-09-19,10.328887214886526,10.58836448237444,10.30377669183105,10.513032913208008,40900000
2023-09-20,10.588363028927555,10.605103907499304,10.337256236343523,10.345625877380371,37449600
2023-09-21,10.211702346801758,10.337256545092805,10.178221386907289,10.211702346801758,40140500
2023-09-22,10.462810155135111,10.68880723764558,10.387477794298286,10.404218673706055,65205500
2023-09-25,10.337256486077699,10.630214683919553,10.328886046589606,10.52977180480957,41219400
2023-09-26,10.454439715431226,10.596733997400989,10.353996833731818,10.404218673706055,41261000
2023-09-27,10.479550390521833,10.479550390521833,10.253553321900018,10.370737075805664,41616600
2023-09-28,10.312146334016786,10.59673492280931,10.186592920490265,10.513032913208008,49109800
2023-09-29,10.554881669711332,10.596733066304354,10.337255844275806,10.39584732055664,62364900
2023-10-02,10.362366309658812,10.412587346713055,10.236812120525222,10.3037748336792,51204000
2023-10-03,10.178221420547926,10.23681290099464,10.0610384596545,10.102889060974121,55074700
2023-10-04,10.061039092792857,10.111260136836421,9.943855326276037,10.035927772521973,45217900
2023-10-05,9.99407609210043,10.044297932995,9.784819885163035,9.96059513092041,47425000
2023-10-06,9.893633443977402,10.169851579847393,9.784820117990876,10.04429817199707,57558500
2023-10-09,9.876892780501763,10.16985098098438,9.860151901374671,10.102889060974121,33328000
2023-10-10,10.12800034619011,10.295405145662457,10.119629906654229,10.211702346801758,40404600
2023-10-11,10.287034349235835,10.37073714519261,10.169850594546153,10.25355339050293,31321500
2023-10-12,9.943855286066992,10.102889655894007,9.910374324090299,10.04429817199707,51644000
2023-10-13,10.019188252628402,10.044298776058787,9.876893956107637,9.88526439666748,47221800
2023-10-16,9.968964497758757,10.010815894291337,9.89363214364991,9.985705375671387,29183000
2023-10-17,9.918744451410454,10.186592138778806,9.918744451410454,10.077778816223145,40516500
2023-10-18,9.985705760161471,9.985705760161471,9.835041046142578,9.835041046142578,44840100
2023-10-19,9.701116954811404,9.843411225798638,9.634155038846705,9.650895118713379,49057500
2023-10-20,9.692747670856397,9.843412398856467,9.65926670888406,9.742969512939453,53307500
2023-10-23,9.667635392833139,9.784818339325728,9.558822086626483,9.60904312133789,49073800
2023-10-24,9.625784824119938,9.684376302392286,9.525341947832048,9.533712387084961,47775600
2023-10-25,9.500232105958885,9.742969273864269,9.383048342806635,9.659266471862793,74213800
2023-10-26,9.96896518105468,9.985706060114767,9.4834908637988,9.500231742858887,84725900
2023-10-27,9.148681491428421,9.182162452127878,8.286545356481554,8.336767196655273,187029600
2023-10-30,8.437208717986657,8.487430550060514,8.102399164990732,8.17773151397705,106474700
2023-10-31,8.262740282959362,8.424254392367752,8.186233300877994,8.28824234008789,82238800
2023-11-01,8.364750293981984,8.441257284951897,8.296744259941145,8.42425537109375,75469700
2023-11-02,8.51776386493254,8.62827305689484,8.4752598930339,8.619772911071777,66914000
2023-11-03,8.721781719530096,9.044810762182598,8.713280763242865,8.976804733276367,60912400
2023-11-06,8.976805092776583,9.01080810859144,8.704780155561881,8.764286041259766,48435500
2023-11-07,8.713281147875032,8.74728416382915,8.543266068104446,8.645275115966797,50430800
2023-11-08,8.662276450058243,8.679278363837529,8.526264382607433,8.543266296386719,38700600
2023-11-09,8.534765021051175,8.56026708007271,8.237238026581839,8.245738983154297,59356900
2023-11-10,8.33924600126276,8.39025010779036,8.220235068205604,8.381749153137207,45069700
2023-11-13,8.356249713720954,8.390252732274103,8.279742719302398,8.347748756408691,34458300
2023-11-14,8.492261523935829,8.891797587536917,8.483760566887833,8.840792655944824,67684000
2023-11-15,8.849292241231362,8.985304290132031,8.832291140466657,8.900297164916992,45193700
2023-11-16,8.840791180360725,8.866294047248124,8.585768997052737,8.636773109436035,45408100
2023-11-17,8.721780874370513,8.77278498575987,8.662274996821951,8.730281829833984,36501200
2023-11-20,8.747282374882225,8.866293311730086,8.721780320806142,8.789786338806152,46933100
2023-11-21,8.73878229491513,8.772785307319634,8.585769144442743,8.662275314331055,47284300
2023-11-22,8.704777914425192,8.823788844484497,8.645272854743357,8.721779823303223,41116300
2023-11-24,8.738783603456525,8.951302665481121,8.738783603456525,8.840792655944824,22028100
2023-11-27,8.815288392882236,8.857792356806163,8.755783329806146,8.789786338806152,32247600
2023-11-28,8.781287434110878,8.840792511080034,8.70478044332432,8.815290451049805,38510600
2023-11-29,9.248828999648504,9.316835029663169,8.976804879589844,9.002306938171387,77246800
2023-11-30,9.078811802785504,9.095812900967898,8.653773809182372,8.721779823303223,80525700
2023-12-01,8.7472828989471,9.010806842507083,8.68777783230596,8.993804931640625,61619800
2023-12-04,8.942801548124596,9.172321688628129,8.925799635874661,9.09581470489502,54196100
2023-12-05,9.044811006399053,9.078814021770274,8.959803062623083,9.010807991027832,41551100
2023-12-06,9.138318577549649,9.248828573910489,9.070312550665408,9.087313652038574,47223500
2023-12-07,9.10431638542202,9.248829408261724,9.078814325713797,9.197824478149414,40523200
2023-12-08,9.189323689712067,9.410342876227247,9.172321777297775,9.359338760375977,48961200
2023-12-11,9.367840009194277,9.478349200555796,9.333836183303555,9.410343170166016,39700900
2023-12-12,9.427345660960924,9.520853755804497,9.393342643681818,9.48685073852539,40206200
2023-12-13,9.37633932994031,9.597359314607303,9.180822212447339,9.554855346679688,68066700
2023-12-14,9.75037287365736,10.311422957267517,9.75037287365736,10.268918991088867,110777600
2023-12-15,10.26041869317958,10.353927586903605,10.141408553088315,10.217915534973145,85298200
2023-12-18,10.192412077790252,10.268919055250706,10.124406055757788,10.14140796661377,43424400
2023-12-19,10.175411566070931,10.26041869317958,10.1074055401057,10.217915534973145,35722900
2023-12-20,10.175412062755626,10.31992507765969,10.022398091517013,10.030899047851562,54981100
2023-12-21,10.141409524190792,10.506941746081926,10.11590665398994,10.489940643310547,66424600
2023-12-22,10.472936923017347,10.591947864668258,10.438933912645046,10.49843978881836,43764600
2023-12-26,10.532443343513348,10.625951424195797,10.51544143210067,10.583447456359863,26293700
2023-12-27,10.5664451009876,10.583446199685817,10.396429249831474,10.532442092895508,39891300
2023-12-28,10.523943659549161,10.566447632521392,10.438935713604698,10.489940643310547,26688500
2023-12-29,10.498440573842135,10.53244358675702,10.336925654474594,10.362427711486816,40964700
2024-01-02,10.234916469306507,10.523942480296041,10.149908532887551,10.336925506591797,47494800
2024-01-03,10.217916414486595,10.226416560442072,9.894887357998934,9.954392433166504,70120100
2024-01-04,9.996896259092864,10.047900376860982,9.886386256334164,9.928890228271484,54920300
2024-01-05,9.903386531241086,10.234916511817104,9.88638543030414,10.073402404785156,44443800
2024-01-08,10.073402188843007,10.24341724804672,10.022397265734018,10.175411224365234,41514400
2024-01-09,10.039400246679216,10.115906423450648,10.005397231215523,10.064902305603027,49536700
2024-01-10,10.056401252746582,10.081903311426144,9.95439220733251,10.056401252746582,37539200
2024-01-11,9.98839544907595,10.005397362378597,9.83538147213552,9.954392433166504,48692000
2024-01-12,9.903385931044626,10.005395773267052,9.699367867991212,9.74187183380127,55030100
2024-01-16,9.60585979176566,9.775874844310172,9.503850760238954,9.74187183380127,45207700
2024-01-17,9.495350566808199,9.614361518486197,9.444345641604547,9.580358505249023,52671300
2024-01-18,9.563355671064793,9.614360591349914,9.31683364619406,9.34233570098877,71667200
2024-01-19,9.299832109961468,9.537853999939083,9.20632403148895,9.520852088928223,61143300
2024-01-22,9.546354144748776,9.690867145558135,9.469847977287118,9.520852088928223,45479600
2024-01-23,9.656865216332521,9.741873159520916,9.554856170923948,9.665366172790527,45465200
2024-01-24,9.724870022696313,9.733370978084443,9.35083690327157,9.376338958740234,59064600
2024-01-25,9.42734492384383,9.656865069857819,9.376339996565267,9.639863967895508,49356700
2024-01-26,9.690867469923303,9.775875406431448,9.605860344110924,9.682367324829102,35837000
2024-01-29,9.673865456472315,9.826879403474372,9.605859437959332,9.818378448486328,58249600
2024-01-30,10.005395843798999,10.090402965322642,9.877883945469945,10.013895988464355,70213300
2024-01-31,9.99689650226074,10.192413642954072,9.96289348602295,9.96289348602295,74558900
2024-02-01,10.047900137573816,10.319925065076994,9.877885064569215,10.285922050476074,81065800
2024-02-02,10.22641546281689,10.36242751185618,10.149908482558349,10.319924354553223,73130900
2024-02-05,10.209414706017498,10.268919776803134,9.809878690481318,9.85238265991211,81026800
2024-02-06,9.894886697937821,10.285921760159482,9.877884785769325,10.260418891906738,98636800
2024-02-07,10.821468888434644,11.033987923736463,10.370928760589607,10.880974769592285,137224000
2024-02-08,10.94048094481568,10.965983004632259,10.65995585474573,10.906477928161621,68653900
2024-02-09,10.889475947909004,10.98298403350054,10.744962936097485,10.778965950012207,47649600
2024-02-12,10.778964871785599,11.110494021617118,10.74496186127222,11.033987045288086,54036500
2024-02-13,10.855472933994282,10.965982121195278,10.608950069742798,10.778965950012207,67907700
2024-02-14,10.812970154744152,10.872475232974175,10.64295506644702,10.676958084106445,52978800
2024-02-15,10.781718576055553,10.956321134124858,10.746798064441693,10.930130958557129,57811800
2024-02-16,10.842828197826579,10.921399549380054,10.703146165096218,10.738066673278809,43228600
2024-02-20,10.642034866524284,10.764257063919901,10.563464345952749,10.694416046142578,44591000
2024-02-21,10.659495539603713,10.75552673092605,10.519813504018273,10.598384857177734,41835800
2024-02-22,10.589655323820903,10.685686522416185,10.519814300738759,10.580924987792969,36980500
2024-02-23,10.563464348281375,10.703146383866814,10.554734012914635,10.598384857177734,32152100
2024-02-26,10.589654996690987,10.711877199594452,10.432512283325195,10.432512283325195,40241300
2024-02-27,10.49362453687657,10.624576252149987,10.441243351224784,10.476163864135742,36508800
2024-02-28,10.449972272629793,10.82536752744999,10.441241937441498,10.738066673278809,51447900
2024-02-29,10.799177935530032,10.886479626969267,10.755527089810414,10.860288619995117,43098500
2024-03-01,10.93886053203649,11.034892564017172,10.755527636747804,10.869019508361816,48761400
2024-03-04,10.973781895196268,11.375368228765183,10.973781895196268,11.122194290161133,81871700
2024-03-05,11.043621249758798,11.122192603717197,10.912669548208541,10.982510566711426,47896200
2024-03-06,10.930131221717362,10.97378123785763,10.764258163129863,10.80790901184082,48834500
2024-03-07,10.834098815917969,10.886479999086108,10.703147106853615,10.834098815917969,38971000
2024-03-08,10.851560888631699,10.930132257241157,10.598386941207208,10.633307456970215,54723800
2024-03-11,10.589654770569917,10.6856859641481,10.546003925281424,10.57219409942627,35135400
2024-03-12,10.59838510614174,10.615844944714762,10.502353079992933,10.57219409942627,31245200
2024-03-13,10.580925658048661,10.89521028182688,10.572195321467698,10.799179077148438,50595300
2024-03-14,10.77298803275782,10.799178207821699,10.484893609343185,10.546004295349121,52619900
2024-03-15,10.519814090111218,10.711877316026964,10.49362391512246,10.528544425964355,88254000
2024-03-18,10.598386941207208,10.642036961482889,10.45870404558441,10.633307456970215,36599200
2024-03-19,10.572193634983565,10.781717516649692,10.572193634983565,10.738066673278809,32668700
2024-03-20,10.703146979169981,11.279335824292525,10.703146979169981,11.26187515258789,67721500
2024-03-21,11.279335021972656,11.40155721749926,11.165843161677365,11.279335021972656,55822500
2024-03-22,11.235684577684596,11.314255932417526,11.218224739172069,11.270605087280273,33137500
2024-03-25,11.279335824292525,11.40155802851302,11.122193109233413,11.26187515258789,39063500
2024-03-26,11.314256083366129,11.314256083366129,10.8515591169077,10.860288619995117,67140200
2024-03-27,10.938860117346028,11.410287425563675,10.930130614145634,11.401557922363281,53555800
2024-03-28,11.41028835076323,11.611081926925152,11.392828510376074,11.593621253967285,61846400
2024-04-01,11.637270744250738,11.680921588975126,11.471398533382805,11.602350234985352,35898300
2024-04-02,11.488859713932213,11.672192617136268,11.427749023721098,11.593621253967285,42653400
2024-04-03,11.567431326015356,11.942827476980375,11.549970652681761,11.91663646697998,57498900
2024-04-04,12.134888827419969,12.178539674367368,11.497589292728186,11.532509803771973,67812400
2024-04-05,11.584891750059063,11.698382794002358,11.427749023721098,11.593621253967285,46937400
2024-04-08,11.654732911652728,11.820605143818886,11.654732911652728,11.707113265991211,29900500
2024-04-09,11.759492688914955,11.864254214447865,11.646000828111651,11.820603370666504,35497900
2024-04-10,11.57616047493081,11.602350649673278,11.305525894023159,11.401557922363281,51395000
2024-04-11,11.44520874254053,11.471399751699138,11.270606177669988,11.384098052978516,38383100
2024-04-12,11.279336887064476,11.279336887064476,10.912671072425328,11.008702278137207,52356300
2024-04-15,11.12219332293289,11.19203434595204,10.633306161798844,10.676956176757812,59484400
2024-04-16,10.59838507520257,10.694416268500413,10.42378169455831,10.554734230041504,56392200
2024-04-17,10.598385295038248,10.694416490328008,10.493623764021063,10.511083602905273,43646600
2024-04-18,10.546004265099976,10.624575622636902,10.458702571709914,10.528544425964355,39902100
2024-04-19,10.493623330488656,10.67695537776659,10.493623330488656,10.598384857177734,39623800
2024-04-22,10.746797796948874,11.261875122290137,10.69441661454654,11.244415283203125,86462700
2024-04-23,11.392828837591054,11.392828837591054,11.192035255662113,11.296796798706055,62807100
2024-04-24,11.296795444041349,11.392827471410586,11.157113403399514,11.305525779724121,74510400
2024-04-25,11.218225824494176,11.506320264673247,11.026162586851228,11.384098052978516,86944100
2024-04-26,11.139652837181274,11.366636554687455,11.008700308202824,11.16584300994873,57257800
2024-04-29,11.183304452904064,11.209494627481178,10.956320719714045,11.1309232711792,50285600
2024-04-30,10.999971573663606,10.999971573663606,10.589654952996318,10.607114791870117,75890500
2024-05-01,10.615844909405826,10.851558973637308,10.60711457386304,10.650765419006348,48749400
2024-05-02,10.825367892925225,10.956320427458968,10.790447383563684,10.903939247131348,46868600
2024-05-03,11.034892533763099,11.139654068987888,10.816639127235455,10.85155963897705,47463300
2024-05-06,10.947591603354885,11.01743263171993,10.87775057498984,10.912671089172363,29780300
2024-05-07,10.956851675712489,11.00103269913934,10.682930847295289,10.753620147705078,48102900
2024-05-08,10.674093732383458,10.8243086959873,10.62107718210144,10.735946655273438,38177200
2024-05-09,10.727110488599557,10.797799779901464,10.65642119729765,10.718274116516113,29103800
2024-05-10,10.735946846071927,10.753619591601929,10.523878955809252,10.594568252563477,51447800
2024-05-13,10.647585071462114,11.001031536145842,10.647585071462114,10.894997596740723,60962300
2024-05-14,10.992195129394531,11.16891920386516,10.921505836679415,10.992195129394531,39980400
2024-05-15,11.036376504056427,11.098230269189747,10.762455696619114,10.877326011657715,50739900
2024-05-16,10.841981846201461,11.02754062180288,10.833145473263421,10.939179420471191,41502200
2024-05-17,10.93034335366274,10.939179726848264,10.824309403485245,10.850817680358887,24011300
2024-05-20,10.841981441203222,10.89499799148524,10.727111125348351,10.735946655273438,27019100
2024-05-21,10.744783027881398,10.78012767563037,10.629912712026528,10.735946655273438,32851000
2024-05-22,10.656422449443317,10.674094353003857,10.576896776713582,10.629913330078125,35403000
2024-05-23,10.69176604818856,10.797799987176855,10.61224038327663,10.700601577758789,43590100
2024-05-24,10.744783401489258,10.841981818190774,10.63874945455543,10.744783401489258,40840400
2024-05-28,10.700601991755862,10.718274736945741,10.30297449449518,10.320647239685059,57460100
2024-05-29,10.223448490437052,10.294137783507095,10.161595569671475,10.21461296081543,45759500
2024-05-30,10.232285474170267,10.409008717405447,10.14392343121123,10.40017318725586,42218900
2024-05-31,10.400172305657534,10.735946018000178,10.302973898105297,10.718274116516113,57205800
2024-06-03,10.824308169499929,10.886161089381423,10.62107666549912,10.77129077911377,53784100
2024-06-04,10.674094353003857,10.718275375929592,10.56806040359185,10.629913330078125,41533100
2024-06-05,10.647586503323534,10.709439432290306,10.444354126788065,10.665258407592773,45509800
2024-06-06,10.585732731673806,10.691767528021067,10.568060827404567,10.665258407592773,28289900
2024-06-07,10.60340443688552,10.744783027881398,10.559223416528587,10.735946655273438,31934000
2024-06-10,10.718275153117611,11.062886113555042,10.691766876986396,10.939179420471191,68322800
2024-06-11,10.886161181659014,10.921505827988447,10.647585029606061,10.700601577758789,48201800
2024-06-12,10.850816477159729,10.930342141645333,10.62991222811431,10.674093246459961,57116200
2024-06-13,10.674094074940195,10.682930447831735,10.47086255453216,10.550387382507324,41422300
2024-06-14,10.426682200408534,10.453190478097659,10.205777920072263,10.347156524658203,49382100
2024-06-17,10.302974677063515,10.50620703693403,10.302974677063515,10.47086238861084,31970100
2024-06-18,10.435518098963058,10.550387577949401,10.400173449425047,10.409008979797363,29023400
2024-06-20,10.347155862099289,10.576896501181947,10.294138467432944,10.550387382507324,53468000
2024-06-21,10.515043150152907,10.52387952339448,10.391337295502618,10.462026596069336,50178700
2024-06-24,10.541551422161884,10.824308601690381,10.532715049630903,10.806635856628418,58436900
2024-06-25,10.753619287430524,10.788963934807898,10.629912600268291,10.682929992675781,38818900
2024-06-26,10.61224038327663,10.718274322264925,10.559222992441063,10.700601577758789,41426600
2024-06-27,10.674093639395151,10.93917891654455,10.64758536448507,10.806635856628418,48080200
2024-06-28,10.833144351638252,11.151246160326432,10.833144351638252,11.080556869506836,65914700
2024-07-01,11.098230599415665,11.372151415003444,11.071721480991382,11.274953842163086,56152700
2024-07-02,11.336805775682015,11.442839712063709,11.239608211336167,11.372150421142578,46990400
2024-07-03,11.38982316521427,11.451676084099553,11.310297502257296,11.372150421142578,26894300
2024-07-05,11.372152274938266,11.451677950858869,11.26611832127178,11.345643997192383,31589300
2024-07-08,11.460512424467774,11.663743924633748,11.416331407093445,11.469347953796387,44346200
2024-07-09,11.451677100352889,11.548874673324317,11.380987803158597,11.398659706115723,40680900
2024-07-10,11.442840608549403,11.672581243383439,11.407495960319773,11.637236595153809,36305500
2024-07-11,11.707925829910808,11.964174738895881,11.707925829910808,11.902321815490723,51443400
2024-07-12,11.955338646411802,12.556198519914147,11.955338646411802,12.397147178649902,85609700
2024-07-15,12.5561987554486,12.750594749231137,12.476673083324702,12.573870658874512,65643300
2024-07-16,12.609216067358698,12.785939313858849,12.538525926075728,12.715250015258789,52040100
2024-07-17,12.6268862511647,12.927316150644506,12.618049879372283,12.79477310180664,58087100
2024-07-18,12.8212837692034,13.121713705050322,12.768266374713926,12.85662841796875,58077000
2024-07-19,12.80361023078976,12.81244660310475,12.3352934529723,12.352965354919434,75908600
2024-07-22,12.388311923421513,12.529690522046554,12.185079555885828,12.476673126220703,59116800
2024-07-23,12.423656057527346,12.43249158756257,11.9906830638518,12.220423698425293,85897700
2024-07-24,12.132060889632236,12.264603943975947,12.008355050130834,12.079044342041016,81768700
2024-07-25,10.426682215907885,10.585732724962021,9.852330580570033,9.861166954040527,259484000
2024-07-26,9.905346121618361,10.037888328094454,9.76396754332845,9.887673377990723,79599900
2024-07-29,9.878838347889598,9.878838347889598,9.543063786147997,9.728623390197754,91667500
2024-07-30,9.746296067839449,9.816985366182138,9.525391799847819,9.578409194946289,69337000
2024-07-31,9.596080348926275,9.728623404982002,9.472374507827004,9.560735702514648,75478000
2024-08-01,9.59608156168217,9.649098959341385,9.375177283020843,9.445866584777832,60516500
2024-08-02,9.322159785477062,9.322159785477062,8.83617025302416,8.862678527832031,110703000
2024-08-05,8.447379499927523,8.747808593738114,8.38552573244287,8.57992172241211,115594200
2024-08-06,8.65061054995211,8.712463471392285,8.553412981591427,8.64177417755127,111817600
2024-08-07,8.839198746397937,8.95585746460902,8.749460349210725,8.76740837097168,69482400
2024-08-08,8.794330017260574,9.19815111454212,8.794330017260574,9.090465545654297,73007600
2024-08-09,9.045595299057764,9.12635968034004,8.946883752939831,9.063543319702148,48860800
2024-08-12,9.063543199974823,9.063543199974823,8.830224069532282,8.84817123413086,56118700
2024-08-13,8.90201658170174,9.108413731200203,8.767409819490476,9.099440574645996,44766100
2024-08-14,9.117385993611185,9.189176367119245,9.018674443989791,9.135334014892578,37026400
2024-08-15,9.305836108754242,9.422495681797358,9.305836108754242,9.386600494384766,41597900
2024-08-16,9.33275750770444,9.440443928316501,9.30583633045582,9.431469917297363,34142600
2024-08-19,9.47633714634887,9.64683904121928,9.458389128042187,9.619917869567871,41066300
2024-08-20,9.601972550538926,9.682736944006013,9.52120815707184,9.584025382995605,32468000
2024-08-21,9.727604930790726,9.844264500572828,9.646840547417828,9.736578941345215,48943900
2024-08-22,9.736579197303007,9.880159946714315,9.727605186512607,9.799395561218262,50885400
2024-08-23,9.853237493626397,10.122451815181984,9.817342307806234,10.113478660583496,64612700
2024-08-26,10.158346241955094,10.203215434829787,9.9340011333903,9.96989631652832,53070300
2024-08-27,9.978871474616012,10.068609870692336,9.862211902040299,9.996819496154785,44841000
2024-08-28,9.960925774407563,10.041689315788231,9.85323934094888,9.907082557678223,35442200
2024-08-29,9.88913279632428,10.050660692541033,9.86221076711426,9.96989631652832,44989200
2024-08-30,10.005792777670283,10.07758315311585,9.925029247150606,10.041687965393066,44977100
2024-09-03,9.942975541443928,9.996818746212261,9.817341967523623,9.85323715209961,49613500
2024-09-04,9.862212021198566,10.014766782886266,9.736579292144304,9.826316833496094,47900700
2024-09-05,9.942975717594905,9.996818923317129,9.619919050687718,9.664788246154785,50551900
2024-09-06,9.67376248331744,9.754526873035807,9.44941733668145,9.49428653717041,47508900
2024-09-09,9.521208030386266,9.65581563630999,9.458391661107168,9.56607723236084,39223300
2024-09-10,9.413522020762734,9.413522020762734,9.126360510792173,9.260967254638672,63019200
2024-09-11,9.251994632789845,9.386601384397933,9.090465846213057,9.3776273727417,55840200
2024-09-12,9.33275604498218,9.557101150446258,9.251992525894385,9.530179977416992,43779600
2024-09-13,9.584025348803452,9.682736909461694,9.53915614639194,9.592998504638672,35184800
2024-09-16,9.637867260545804,9.799396039420378,9.610946082669647,9.691710472106934,34802400
2024-09-17,9.772474255720258,9.996819387667667,9.709657036825027,9.781447410583496,52068600
2024-09-18,9.808368813236157,10.104504299940219,9.799394803139984,9.85323715209961,55017300
2024-09-19,10.06860989426885,10.149374279764904,9.754526363075035,9.799395561218262,52436400
2024-09-20,9.745552192336817,9.763500213623047,9.592997434638898,9.763500213623047,68809100
2024-09-23,9.727604174844194,9.799394542083668,9.61094461412788,9.790420532226562,40421300
2024-09-24,9.844263570076512,9.871184743386593,9.700682838011184,9.754525184631348,37746300
2024-09-25,9.503260873865223,9.503260873865223,9.260967696412889,9.350706100463867,74109600
2024-09-26,9.47633981030911,9.646841753110515,9.47633981030911,9.584025382995605,51408500
2024-09-27,9.72760553231987,9.862212275725922,9.655815155062136,9.673762321472168,45469600
2024-09-30,9.40454715972207,9.521206726557127,9.359678819700587,9.476338386535645,59662900
2024-10-01,9.619919871939326,9.709657414725624,9.494286285067954,9.646841049194336,63963000
2024-10-02,9.62889282736939,9.62889282736939,9.3596793487874,9.404547691345215,51457400
2024-10-03,9.341732181925618,9.395575396054166,9.269941800293457,9.3776273727417,44458300
2024-10-04,9.503259528772078,9.521206693556723,9.368651941747995,9.485311508178711,45883000
2024-10-07,9.467364017103968,9.52120636541096,9.377625628847388,9.413520812988281,38009100
2024-10-08,9.422494822975677,9.494285191257463,9.314809270552999,9.413520812988281,46355700
2024-10-09,9.413520419878633,9.584023179284182,9.368651227624085,9.530179977416992,40407000
2024-10-10,9.49428697785243,9.601972550538926,9.45839178695693,9.584025382995605,39458300
2024-10-11,9.54812750795837,9.691708231177373,9.539153498805028,9.619917869567871,31915700
2024-10-14,9.610945613663727,9.835290748571088,9.5660764155205,9.799395561218262,41940200
2024-10-15,9.790421227873544,9.889133631698227,9.709656845038346,9.727604866027832,53097100
2024-10-16,9.772473854003643,10.032714162132601,9.772473854003643,9.898106575012207,46996400
2024-10-17,9.907080747067294,9.987845129496417,9.817342354188547,9.934001922607422,37617200
2024-10-18,10.014766500691726,10.02374051131667,9.907080940618657,9.96092414855957,26074900
2024-10-21,9.942976147441552,10.014766520968955,9.745552192336817,9.763500213623047,41008600
2024-10-22,9.799394410574893,10.00579149966634,9.799394410574893,9.96989631652832,51597600
2024-10-23,9.969898099729779,10.086557679746075,9.88913456508049,9.925029754638672,37335400
2024-10-24,10.086556434631348,10.09553044486532,9.934001683888685,10.086556434631348,44736400
2024-10-25,10.122451863005796,10.16732105944517,9.889133581976788,9.934001922607422,39120700
2024-10-28,10.023741554279242,10.22116552952606,9.978872352294669,10.203217506408691,97967000
2024-10-29,9.449415666452134,9.467363685798848,9.135333030162643,9.341730117797852,156228000
2024-10-30,9.332758296740428,9.449417882425792,9.269941925913258,9.395575523376465,48853700
2024-10-31,9.35967763629031,9.404545970638772,9.189174884855126,9.234044075012207,72098700
2024-11-01,9.269940913840347,9.341731288607436,9.153281340891633,9.171229362487793,43472300
2024-11-04,9.180202081155516,9.485311587318623,9.180202081155516,9.29686164855957,55323800
2024-11-05,9.269941515386746,9.548129877518036,9.243020337054308,9.512234687805176,49309000
2024-11-06,9.826316839056366,10.07758315311585,9.727605286770906,10.041687965393066,100781800
2024-11-07,10.01440049192028,10.105357285570394,9.850677048938918,9.968921661376953,55407900
2024-11-08,9.94163681570208,9.978019714355469,9.8779660924811,9.978019714355469,45463400
2024-11-11,10.068975522869819,10.296368833629744,10.023497554667145,10.214507102966309,56630500
2024-11-12,10.132646782470934,10.278178370362482,9.959827371272205,10.096263885498047,44921400
2024-11-13,10.114454900266146,10.159933738341428,10.023498091552273,10.096263885498047,55150900
2024-11-14,10.123549265617081,10.21450606017334,10.023496531374228,10.068974494934082,56780900
2024-11-15,10.050784330228764,10.14174113245223,9.987113614492047,10.01440143585205,58895400
2024-11-18,10.050784189905833,10.2508905399023,10.032592309253149,10.19631576538086,47727300
2024-11-19,10.059879096740513,10.296367448873728,10.014400267217637,10.050783157348633,53227700
2024-11-20,10.014401943285527,10.050784839505774,9.650572113646387,9.759720802307129,68633300
2024-11-21,9.80519907990303,9.868869795232563,9.65057156293171,9.82339096069336,53409500
2024-11-22,9.832485392437144,10.35094177129929,9.823389453437619,10.169027328491211,82556700
2024-11-25,10.278178096662339,10.478284458402879,10.259986214941987,10.369134902954102,63469300
2024-11-26,10.150837797239035,10.214507650082414,10.041689106320373,10.096263885498047,47458800
2024-11-27,10.12355084136854,10.241795473389596,10.05988098852516,10.096263885498047,28474200
2024-11-29,10.150837369760431,10.250890982799863,10.114454474319723,10.123550415039062,28935200
2024-12-02,10.20541219372478,10.232699148572042,9.968922938550762,9.987113952636719,50034400
2024-12-03,9.99620885168623,10.014400731313053,9.841581344604492,9.841581344604492,43904300
2024-12-04,9.868869601774934,9.887060614772048,9.632380360756226,9.768815994262695,66780700
2024-12-05,9.677859360851818,9.723337327845075,9.450466056139069,9.495944023132324,68162000
2024-12-06,9.559615135192871,9.641476867077952,9.477753403307789,9.559615135192871,56227000
2024-12-09,9.605094686563262,9.823392076216885,9.577806862279022,9.641477584838867,53230100
2024-12-10,9.750623601779015,9.768814612202524,9.595996109715024,9.60509204864502,45084300
2024-12-11,9.650571000026352,9.650571000026352,9.350411923986766,9.468656539916992,60487100
2024-12-12,9.441370215536441,9.559614839329003,9.414083261564812,9.45046615600586,38432600
2024-12-13,9.459561229038652,9.495944123479699,9.386795440156556,9.45046615600586,40560700
2024-12-16,9.159403295061876,9.204882135742082,8.98658474140118,9.086637496948242,96264400
2024-12-17,9.059349265344405,9.132115053223748,8.98658347746506,9.068445205688477,76208600
2024-12-18,9.041156910526547,9.177593406222876,8.786476666304601,8.813763618469238,84199500
2024-12-19,8.904722229681818,9.05025381329243,8.822860497041683,8.859243392944336,81659000
2024-12-20,8.822860249038653,9.059349499476719,8.804669235316991,8.986583709716797,87705500
2024-12-23,8.977488092020037,9.02296692911483,8.868339403454536,9.004775047302246,50646600
2024-12-24,9.0047744773951,9.150306920375105,8.9956794045011,9.113924026489258,29083100
2024-12-26,9.095732993912394,9.20488168574694,9.077541111554956,9.159402847290039,35922700
2024-12-27,9.123018264770508,9.277645766498528,9.077539434714643,9.123018264770508,52899900
2024-12-30,9.05025355889757,9.07754051319838,8.932008933678537,8.986583709716797,47116700
2024-12-31,9.013870988208538,9.104828662398123,8.95020113673783,9.004775047302246,54104200
2025-01-02,9.013870181065606,9.059349014088017,8.76828587064313,8.77738094329834,67156200
2025-01-03,8.813764308459502,9.05025355889757,8.668232728939659,8.986583709716797,77245900
2025-01-06,9.150305980451675,9.268549722857172,9.004773552420826,9.022965431213379,63840800
2025-01-07,9.050253258616443,9.10482803284395,8.841051836856984,8.877434730529785,62404000
2025-01-08,8.859243392944336,8.868339333779165,8.713711809333724,8.859243392944336,61678800
2025-01-10,8.79557282348194,8.950200335296184,8.722807037620719,8.77738094329834,73373400
2025-01-13,8.786478024474652,8.841052804676394,8.704616287890389,8.83195686340332,66023000
2025-01-14,8.895624160766602,8.932007047965458,8.804667376487687,8.895624160766602,45419900
2025-01-15,9.06844574988286,9.15030748301877,8.995679957636865,9.050253868103027,68674400
2025-01-16,9.013870214477398,9.150306714050364,8.995679201662961,9.104827880859375,45770000
2025-01-17,9.168497067333865,9.286741678149934,9.132114176885578,9.259454727172852,60802700
2025-01-21,9.368603268329526,9.505038888755534,9.314028499697212,9.486847877502441,65670800
2025-01-22,9.323124596554393,9.323124596554393,9.113923192708562,9.123018264770508,64949200
2025-01-23,9.141210651852614,9.25035932959145,9.068444866693389,9.241263389587402,56241100
2025-01-24,9.241263607855439,9.377700108828895,9.177593761196453,9.204880714416504,42909100
2025-01-27,9.195784827657988,9.477752904026426,9.186689754822831,9.441370010375977,73082600
2025-01-28,9.30493464389635,9.30493464389635,9.02296740056194,9.168498992919922,92177600
2025-01-29,9.18668947278034,9.359507995455084,9.123018760269366,9.286742210388184,69986900
2025-01-30,9.332221054754724,9.45046567249761,9.150306591856662,9.241263389587402,69663100
2025-01-31,9.250360730480464,9.414084205601549,9.08663725535938,9.168498992919922,103652400
2025-02-03,8.841051394441525,9.150306408903202,8.731902718885033,8.995678901672363,131430300
2025-02-04,9.041157046681242,9.241263389587402,9.004774154101629,9.241263389587402,68716500
2025-02-05,9.241263512995745,9.386795085257631,9.059349047668388,9.104827880859375,124187800
2025-02-06,8.631848881818396,8.768285373144439,8.422647476196289,8.422647476196289,222758300
2025-02-07,8.48631786519416,8.50450974551783,8.349882232513025,8.40445613861084,140852700
2025-02-10,8.413552078772675,8.459030912145252,8.295307458978613,8.40445613861084,72168000
2025-02-11,8.377169609069824,8.422648444741585,8.340786714019744,8.377169609069824,54844600
2025-02-12,8.340786088218785,8.449934765179705,8.27711624351739,8.395359992980957,67339600
2025-02-13,8.449935151150703,8.559083833097251,8.40445631681382,8.504509925842285,72059800
2025-02-14,8.577276127889071,8.650041919366329,8.540893232150443,8.622754096984863,53778300
2025-02-18,8.754255764741105,8.782435345493502,8.669718814052397,8.72607707977295,62175800
2025-02-19,8.707291164836581,8.82000679501057,8.650932901857487,8.773041725158691,50191700
2025-02-20,8.763650005438619,8.829400576815182,8.716684927690636,8.820008277893066,39787800
2025-02-21,8.810615454560166,8.838794144082964,8.669720215377389,8.71668529510498,58437700
2025-02-24,8.744864487910776,8.82940055268489,8.65093433267152,8.78243637084961,72562600
2025-02-25,8.80122046907187,8.913936100018311,8.744863101490752,8.848185539245605,88876800
2025-02-26,8.885757944555577,9.036045461419935,8.866971557055402,8.895151138305664,87948100
2025-02-27,8.866971400397965,8.951508351086673,8.72607707977295,8.72607707977295,70518800
2025-02-28,8.754255973721492,9.101796082572639,8.744863675697392,8.970294952392578,137992600
2025-03-03,9.120583342225187,9.223905796643264,8.754256810732151,8.820008277893066,154435900
2025-03-04,8.669718194268903,8.70729096591942,8.510038393675105,8.56639575958252,167500000
2025-03-05,8.69789864086223,9.083010630863782,8.641540373547342,9.064224243164062,157774900
2025-03-06,8.942116279081548,9.129975676586566,8.848186132436904,9.026652336120605,136680700
2025-03-07,8.960901517810115,9.355406689318706,8.932722832926428,9.29904842376709,150644900
2025-03-10,9.176940561156448,9.52448066333855,9.176940561156448,9.355406761169434,167183800
2025-03-11,9.317834154173381,9.35540602996504,8.913935817574906,9.101795196533203,210127000
2025-03-12,9.111189304291775,9.120582498128917,8.885758026906013,9.007866859436035,129994600
2025-03-13,8.98908040130349,9.346013702258697,8.923329836527408,8.951508522033691,137747600
2025-03-14,9.073617491475847,9.19572632490414,9.054831999447643,9.139368057250977,91313800
2025-03-17,9.148760952470644,9.374192224154923,9.148760952470644,9.317834854125977,98583100
2025-03-18,9.346013069152832,9.430550015729345,9.280262508830743,9.346013069152832,102730900
2025-03-19,9.355406453937565,9.655981473892437,9.346013260617921,9.552659034729004,124697400
2025-03-20,9.458729733586736,9.533873495252593,9.383585971920878,9.402372360229492,109103700
2025-03-21,9.308441716873494,9.505694304737334,9.233297959190532,9.39297866821289,240638600
2025-03-24,9.430551200949306,9.627803802490234,9.402372513810406,9.627803802490234,102847200
2025-03-25,9.674766994664036,9.721732061274782,9.55265817978975,9.665373802185059,83674900
2025-03-26,9.646588811093917,9.721732563237355,9.477514920879088,9.67476749420166,139742100
2025-03-27,9.637196225508305,9.768697352155009,9.223904666887762,9.29904842376709,229032500
2025-03-28,9.24269095299593,9.289656024478338,9.036045175943876,9.129975318908691,136868300
2025-03-31,8.989079850233175,9.496300637172697,8.97029435964204,9.421156883239746,139951900
2025-04-01,9.486909709839157,9.55266028007993,9.214513338547524,9.336621284484863,135388700
2025-04-02,9.242690779070166,9.646589132120527,9.223904392517026,9.533872604370117,136908500
2025-04-03,9.38358510462514,9.580837684712645,8.951508067089854,8.960901260375977,220271000
2025-04-04,8.754255515879931,9.139367484039184,8.641539883427287,8.998473167419434,177466200
2025-04-07,8.70729201652519,9.054832134168405,8.453681151989061,8.679112434387207,274938500
2025-04-08,8.942115521681146,8.942115521681146,8.03099640122359,8.162497520446777,199286800
2025-04-09,7.984031526665938,8.960901230567814,7.92767326292089,8.92332935333252,199663000
2025-04-10,8.547610313880174,8.716683308263628,8.340964547651302,8.585182189941406,163535400
2025-04-11,8.557004137401679,8.782436329764428,8.491253566512396,8.763649940490723,146073700
2025-04-14,8.81061434741323,9.214512728218274,8.64154043995358,9.120582580566406,189955000
2025-04-15,9.036045417790218,9.045438611494951,8.810614143582157,8.876364707946777,125469000
2025-04-16,8.895151525892363,9.036045855145792,8.726077614160806,8.829400062561035,133804900
2025-04-17,8.838792048468635,9.101795178488848,8.829398855593297,9.045437812805176,129204600
2025-04-21,8.998473582203845,9.045438655170022,8.782435500657396,8.895151138305664,94138900
2025-04-22,8.970294992018275,9.12997570432881,8.951508604318555,9.064224243164062,121387100
2025-04-23,9.242690008136762,9.402370697382615,9.1205811930791,9.186331748962402,158691500
2025-04-24,9.270869907934367,9.47751569101275,9.223904835082337,9.449337005615234,87031000
2025-04-25,9.439943768940871,9.486908841579234,9.364800011033191,9.430550575256348,88682400
2025-04-28,9.4493369775851,9.562052614625065,9.364800025859061,9.411765098571777,77051500
2025-04-29,9.458728849725986,9.571444481692183,9.327227726990866,9.533872604370117,141980300
2025-04-30,9.496301614419664,9.515088002728278,9.261477135267786,9.402372360229492,136406200
2025-05-01,9.524479897364658,9.693552890152407,9.411764270244767,9.562051773071289,126532500
2025-05-02,9.674768405214039,9.759305358281768,9.599624645994782,9.65598201751709,82228700
2025-05-05,9.609016403078433,9.618409596398077,9.48690847305993,9.552659034729004,105766300
2025-05-06,9.47751591937388,9.97534355371837,9.449337233297397,9.806269645690918,131814000
2025-05-07,9.82505592365255,9.872020997110653,9.505694499078578,9.65598201751709,116885100
2025-05-08,9.712340284823666,9.82505592365255,9.63719652560441,9.65598201751709,107173400
2025-05-09,9.73112544841201,9.853234276969465,9.721733150664697,9.796876907348633,76350700
2025-05-12,10.063717073838182,10.225726828086541,9.987475959858747,10.054186820983887,102035800
2025-05-13,10.101839065551758,10.130428920606318,9.930298117514186,10.101839065551758,83671000
2025-05-14,10.073247283744179,10.197137854934983,9.987476818392466,10.149487495422363,84453100
2025-05-15,10.092307747168086,10.27337802190198,10.054187641494897,10.24478816986084,71096500
2025-05-16,10.263849606125534,10.301969715249045,10.139959024260344,10.292439460754395,64913000
2025-05-19,10.187607556923552,10.282908275534028,10.130427852841274,10.24478816986084,60195700
2025-05-20,10.28290792295629,10.330558280627706,10.159017356552603,10.216197967529297,61063800
2025-05-21,10.159018241570413,10.187608095121918,9.958887448999764,9.98747730255127,89090500
2025-05-22,9.987477139841877,10.006537647802396,9.854057219538406,9.949357032775879,94081100
2025-05-23,9.815937737089426,9.920767810977805,9.806407482502726,9.873117446899414,80519000
2025-05-27,9.958887026496935,9.997007132566727,9.730166390078187,9.825467109680176,89066800
2025-05-28,9.834996334265867,9.854056841495145,9.67298565823703,9.692046165466309,102335600
2025-05-29,9.730166249092433,9.796876206534215,9.63486553087131,9.739696502685547,101642200
2025-05-30,9.70157704154031,9.968417797885829,9.644396425038737,9.89217758178711,152191600
2025-06-02,9.78734678287491,9.796876127536175,9.415675075435546,9.510974884033203,170340800
2025-06-03,9.501445229294058,9.749225450645708,9.425205021362018,9.711105346679688,121584300
2025-06-04,9.71110532682508,9.882646248748937,9.701575982494285,9.758755683898926,123191200
2025-06-05,9.720637424079737,9.768287790193169,9.558626724607146,9.625337600708008,133191400
2025-06-06,9.682515108259643,9.863586276489913,9.67298485543596,9.777815818786621,105916700
2025-06-09,9.806407899581018,9.958888344032964,9.806407899581018,9.854058265686035,63638900
2025-06-10,9.89217800782307,10.149488521024322,9.87311749854996,10.101839065551758,87955500
2025-06-11,10.139958916608665,10.26384949715856,10.111368153428248,10.159018516540527,93094900
2025-06-12,10.082777043273527,10.092307296479989,9.93982688059649,10.035126686096191,76393300
2025-06-13,9.977948026959615,10.016068134912882,9.892177556850998,9.939827919006348,90106200
2025-06-16,10.006537922428562,10.168548609119144,10.006537922428562,10.120898246765137,75195200
2025-06-17,10.092308540624572,10.13042864929476,9.892177742892311,9.9302978515625,100969400
2025-06-18,9.939827919006348,10.035127734461984,9.9112371564001,9.939827919006348,82770200
2025-06-20,9.997007323016065,10.101838298346353,9.968417470132822,10.092308044433594,116743400
2025-06-23,10.054187641494897,10.24478816986084,10.044657387862847,10.24478816986084,77576500
2025-06-24,10.2829086499927,10.359148864115415,10.216198689849087,10.225728034973145,77244400
2025-06-25,10.254318965215505,10.263849219351027,9.930297595448259,9.98747730255127,91927300
2025-06-26,10.00653773791505,10.1494879134861,9.977947884571849,10.130428314208984,88416400
2025-06-27,10.197138733518068,10.406799788124932,10.178079133383857,10.292439460754395,182008200
2025-06-30,10.21619827417695,10.349618189035647,10.18760751340294,10.340088844299316,88472200
2025-07-01,10.301968445001707,10.845180160246757,10.282907938362593,10.816590309143066,140150700
2025-07-02,10.845180477470944,11.226381532853663,10.835650223872625,11.216852188110352,122331600
2025-07-03,11.197791844316429,11.397922628526498,11.197791844316429,11.254972457885742,60311500
2025-07-07,11.054841227473817,11.235911496900647,10.940480004951104,11.045310974121094,73842100
2025-07-08,11.102490820686318,11.293092254795694,11.092961476064847,11.131081581115723,74190200
2025-07-09,11.226381281031388,11.340741595080955,11.207321683117287,11.274031639099121,63886900
2025-07-10,11.30262276886663,11.407453750244342,11.226382550876526,11.350273132324219,67263000
2025-07-11,11.293093126181954,11.302622471538722,11.159672293781508,11.2263822555542,65340700
2025-07-14,11.207321662479384,11.340741574197363,11.121551199886406,11.32168197631836,62098100
2025-07-15,11.340741939638404,11.369332700660687,10.978601388572955,11.026250839233398,65101900
2025-07-16,10.8165905382867,10.91189034693621,10.625989103277684,10.711759567260742,107978100
2025-07-17,10.664110979175005,10.816592334271187,10.587870756054489,10.625990867614746,70345300
2025-07-18,10.645050235465405,10.711760196323192,10.530689913057032,10.635519981384277,68812600
2025-07-21,10.730819682355872,10.91188994837477,10.683169325344068,10.778470039367676,65515600
2025-07-22,10.711760546825586,10.759410909935351,10.559280111958403,10.66411018371582,79403800
2025-07-23,10.74988073819664,10.921421683168717,10.74988073819664,10.845181465148926,76163200
2025-07-24,10.778471017157251,10.892831339047017,10.702229893709026,10.730820655822754,63557800
2025-07-25,10.807060546257667,10.950010717118316,10.71175982644722,10.930951118469238,52312300
2025-07-28,10.940480366107604,10.95001061977493,10.721289984889166,10.749879837036133,54173600
2025-07-29,10.75941022710952,10.75941022710952,10.54021984311222,10.559279441833496,58371500
2025-07-30,10.606930132265758,10.606930132265758,10.311498617617245,10.359148979187012,79866900
2025-07-31,10.263848098705832,10.625988627765192,10.178077638560998,10.549748420715332,101090900
2025-08-01,10.40679936533236,10.40679936533236,10.17807871988342,10.311498641967773,73541500
2025-08-04,10.378208861710855,10.502099430781534,10.349618101179544,10.435388565063477,56696800
2025-08-05,10.46397913614996,10.578340368427664,10.387738920534867,10.540220260620117,58864300
2025-08-06,10.587869595719397,10.730820680045575,10.55927974239618,10.683170318603516,59519800
2025-08-07,10.768940344370787,10.854710809666702,10.578339815299316,10.749879837036133,71775000
2025-08-08,10.77847076185438,10.835650467017357,10.683170041442711,10.788000106811523,48465300
2025-08-11,10.913554583924947,11.174320449037753,10.681762499144705,10.759026527404785,84333000
2025-08-12,10.816974642176906,10.932870690503883,10.74936884425115,10.865264892578125,63944100
2025-08-13,10.884580767456741,11.097056383936632,10.8073158183933,11.048766136169434,63823300
2025-08-14,10.913554547693114,11.058424369934846,10.836290519689541,11.048766136169434,52469200
2025-08-15,11.039108823463886,11.126031085232873,11.01979235593306,11.048766136169434,46141400
2025-08-18,11.010134326838408,11.087398356278264,10.981160546063432,11.068082809448242,37113800
2025-08-19,11.126031471937017,11.328848861700758,11.097056769633712,11.183979034423828,58020200
2025-08-20,11.126031090164062,11.203295118201881,11.07774084237546,11.09705638885498,46469900
2025-08-21,11.029450989590918,11.039109223706507,10.816974444347442,10.94252872467041,51779300
2025-08-22,11.000476806450283,11.367481399896706,11.000476806450283,11.338506698608398,58538700
2025-08-25,11.319190957909862,11.444745231491797,11.280558944581562,11.415770530700684,45038800
2025-08-26,11.406114374983995,11.464061940323623,11.367482357737593,11.435088157653809,48613300
2025-08-27,11.41577091310419,11.57029897159374,11.406113600243504,11.502693176269531,40381500
2025-08-28,11.579957221942006,11.579957221942006,11.232269089847275,11.30953311920166,47723700
2025-08-29,11.338506530829891,11.42542879128887,11.319190984650037,11.367481231689453,44069700
2025-09-02,11.357822992404198,11.483377266220112,11.241926952203322,11.319190979003906,57704200
2025-09-03,11.270900720599345,11.3288482801113,11.174320226666282,11.222610473632812,47728700
2025-09-04,11.251584837474972,11.29987508694832,11.174320806741575,11.280559539794922,33136700
2025-09-05,11.309532918379958,11.502692988336005,11.26124267062598,11.338506698608398,47547800
2025-09-08,11.348164927414286,11.348164927414286,11.183978637758397,11.290216445922852,39734500
2025-09-09,11.270900912470003,11.280559146239698,11.058424374836072,11.09705638885498,41262700
2025-09-10,11.097056209741867,11.12603091058328,10.923212609992651,11.029450416564941,47021300
2025-09-11,11.068082801174393,11.386797152640524,11.039109020421076,11.357823371887207,64196100
2025-09-12,11.34816533642167,11.406113820001668,11.261243071581623,11.280559539794922,50100800
2025-09-15,11.33850710231502,11.35782357052832,11.212952822108274,11.280559539794922,47942400
2025-09-16,11.290217603374515,11.37713987399284,11.116373983197823,11.212953567504883,58065000
2025-09-17,11.232269085783672,11.473719407693743,11.15500505645724,11.261242866516113,68585900
2025-09-18,11.29021645085442,11.377138712599608,11.222610656634771,11.338506698608398,55040100
2025-09-19,11.367481214532408,11.396454994288385,11.193636693876835,11.222610473632812,71676300
2025-09-22,11.20329530505123,11.29987488117933,11.174320603258906,11.261242866516113,58432700
2025-09-23,11.2998750576213,11.52200983619823,11.2998750576213,11.328848838806152,55667600
2025-09-24,11.328848864968553,11.42542936388763,11.193637271753724,11.232269287109375,60193800
2025-09-25,11.145346446910303,11.25158425338879,10.981160159860007,11.222610473632812,67656300
2025-09-26,11.251584628730905,11.898671564913014,11.251584628730905,11.599273681640625,117681800
2025-09-29,11.686195747497255,11.705511293966081,11.483377443745324,11.67653751373291,83325000
2025-09-30,11.695853253576017,11.782775516772533,11.502693180394804,11.550983428955078,70765000
2025-10-01,11.705511110185224,11.860039163749144,11.628247083403263,11.850381851196289,73578400
2025-10-02,11.860039158039388,12.004909898980708,11.705511104549862,11.802091598510742,74530500
2025-10-03,11.831065364852307,12.236701965332031,11.782775117926654,12.236701965332031,100778600
2025-10-06,12.198070701200779,12.362256998196301,12.053199951525956,12.265676498413086,90544900
2025-10-07,12.072515690422597,12.101489470182853,11.338506515390538,11.512351036071777,154390200
2025-10-08,11.570298782555655,11.59927348384396,11.280559138151517,11.338506698608398,78469700
2025-10-09,11.348165532817012,11.367482001364609,11.087398733783946,11.106715202331543,70320500
2025-10-10,11.155006034138925,11.193638052188048,10.961845943893309,11.019793510437012,84595400
2025-10-13,11.097056393730707,11.23226890338623,11.068082613468762,11.145346641540527,73939400
2025-10-14,10.990819129331355,11.357823741365188,10.952187113383578,11.251585006713867,89117900
2025-10-15,11.280559342505107,11.37713891870279,11.241927327814059,11.357823371887207,88960700
2025-10-16,11.338506698608398,11.386796946362377,11.24192712416031,11.338506698608398,108701200
2025-10-17,11.338506515390538,11.599273296412395,11.319190969236987,11.512351036071777,107633500
2025-10-20,11.522009447944752,11.666879270047279,11.502692980432485,11.579957008361816,77878900
2025-10-21,11.84072398390686,12.19807034909382,11.657221223827685,12.130464553833008,297153200
2025-10-22,12.101490046542457,12.169096763949439,11.860039721234411,12.004910469055176,415062200
2025-10-23,12.043542099158989,12.062857645614855,11.773117080297936,11.917987823486328,479840300
2025-10-24,12.294649686210073,13.492243957237982,12.27533413982213,13.366689682006836,298366900
2025-10-27,13.328057886253918,13.328057886253918,12.758234982057905,12.806525230407715,140859000
2025-10-28,12.787208956764339,12.825840971818677,12.59404888149265,12.680971145629883,96738500
2025-10-29,12.651996969194405,12.932079299849981,12.623022268014271,12.787208557128906,127512200
2025-10-30,12.690629202369132,12.83549902653408,12.613365173339844,12.613365173339844,80766300
2025-10-31,12.59404888149265,12.71960316068422,12.545758632409756,12.680971145629883,68862000
2025-11-03,12.651997183547627,12.651997183547627,12.458836189980278,12.565074920654297,80419400
2025-11-04,12.468494232028908,12.487810699512389,12.31396617640052,12.352598190307617,70360600
2025-11-05,12.478152634082164,12.854815465551876,12.43952061965398,12.661654472351074,79134300
2025-11-06,12.690629754455232,12.806525803041042,12.536100768614231,12.671313285827637,82291000
2025-11-07,12.661543772476517,12.935095382419519,12.65177383919338,12.905786514282227,80011300
2025-11-10,12.92532507603089,12.935095009032008,12.700622207277782,12.856937408447266,62051200
2025-11-11,12.886246927556511,13.13048967466625,12.886246927556511,12.993714332580566,79742400
2025-11-12,12.993714465654993,13.189108479001474,12.993714465654993,13.140259742736816,61840500
2025-11-13,13.091410906625459,13.189108378409646,12.944865630661319,12.974174499511719,71481600
2025-11-14,12.876477679616967,13.003484017491541,12.79832007657294,12.886246681213379,67932400
2025-11-17,12.876476927685154,12.876476927685154,12.485688003573323,12.583385467529297,73404400
2025-11-18,12.573616188114121,12.78855006095795,12.466149717548264,12.720162391662598,70215400
2025-11-19,12.729931640118856,12.847168046204406,12.563846498569628,12.602925300598145,49619300
2025-11-20,12.612694881552764,12.71039234974982,12.094900536217425,12.1242094039917,95861900
2025-11-21,12.221906906987314,12.642003785321709,12.202367040607426,12.534537315368652,74048900
2025-11-24,12.544307441187105,12.681082781098187,12.534537507847135,12.661543846130371,52936200
2025-11-25,12.69085178771502,12.954634378359287,12.68108185508848,12.866706848144531,52885000
2025-11-26,12.866707746308434,12.954635282660993,12.817859011477887,12.886246681213379,44942200
2025-11-28,12.905786828290072,13.032793168924659,12.876477959439672,12.974174499511719,29536200
2025-12-01,12.896016208739637,13.081641208912467,12.82762854115601,12.856937408447266,51594000
2025-12-02,12.886246722676933,12.886246722676933,12.573616309494891,12.661543846130371,57641700
2025-12-03,12.690851959057438,12.83739815529794,12.661543092494165,12.788549423217773,45364700
2025-12-04,12.886246330843013,12.935095064345388,12.759240928133773,12.837398529052734,47554800
2025-12-05,12.847167276749461,12.974173608663385,12.700622010847589,12.729930877685547,54099400
2025-12-08,12.769009929464572,12.856937463426426,12.65177352808613,12.837398529052734,45580800
2025-12-09,12.827627760165598,12.915555288398124,12.75924009674565,12.778779029846191,33350000
2025-12-10,12.778779742898049,13.110950009550569,12.769009809946601,13.101180076599121,72210700
2025-12-11,13.081640679715855,13.364962203302253,12.993713149686963,13.316113471984863,59012300
2025-12-12,13.355193418832938,13.521278560563056,13.355193418832938,13.443120956420898,48337300
2025-12-15,13.482199508891295,13.491969442156224,13.179338099663315,13.335653305053711,53577300
2025-12-16,13.404041872612696,13.667823548120063,13.25749566914228,13.355193138122559,69408900
2025-12-17,13.316113201955893,13.34542206746717,12.983942953787974,13.003482818603516,58320600
2025-12-18,13.071870923012868,13.159798454224966,12.944864592563402,13.013252258300781,52604800
2025-12-19,13.00348342318744,13.169567623281283,12.974173624601399,13.159798622131348,61640600
2025-12-22,13.198877916864044,13.296574454011855,13.110950381232536,13.150029182434082,31106100
2025-12-23,13.12072020816235,13.140259142748771,12.97417400605972,12.983943939208984,25440800
2025-12-24,12.993714187545226,13.07187179121098,12.944865452326098,13.052331924438477,14227600
2025-12-26,13.032791684114791,13.07187048203384,12.954634088276697,13.003482818603516,22471400
2025-12-29,12.964405497703012,13.003484300074259,12.935095697140472,12.974174499511719,24398300
2025-12-30,12.974174128170725,12.983944061411941,12.896016525665225,12.925325393676758,23002800
2025-12-31,12.90578623017223,12.915556163240291,12.817858695983887,12.817858695983887,26302300
2026-01-02,12.876476894808828,13.081640823222894,12.759240497388227,13.032792091369629,46366900
2026-01-05,12.944864757727435,13.169567623281283,12.896016025129445,13.159798622131348,50135200
2026-01-06,13.198877189190647,13.540816447924543,13.013252194932992,13.482198715209961,84534700
2026-01-07,13.482199792462435,13.501738727691139,13.277035848144298,13.42358112335205,50609000
2026-01-08,13.570126833032766,14.166078777209355,13.570126833032766,14.068381309509277,154276800
2026-01-09,14.019533953404888,14.078151690520185,13.765521274672917,13.872987747192383,68436200
2026-01-12,13.824137947207456,13.863216746178953,13.638513885020867,13.706901550292969,53444000
2026-01-13,13.736211931103474,13.804599599277118,13.638514463673612,13.658053398132324,58867500
2026-01-14,13.677593587560118,13.794829992219466,13.472429646478233,13.521278381347656,65318600
2026-01-15,13.599435576702415,13.804599511632878,13.472429242534787,13.491969108581543,44241500
2026-01-16,13.443120354174523,13.482199154494886,13.277035219884953,13.286805152893066,60750800
2026-01-20,13.159799509559246,13.296574852002538,12.925325763619625,12.974174499511719,67018100
2026-01-21,13.101180258674804,13.452890396118164,13.101180258674804,13.452890396118164,58160100
2026-01-22,13.462659519391543,13.52127818673357,13.38450191741025,13.394271850585938,38170300
2026-01-23,13.384501776601988,13.384501776601988,13.23795650735678,13.247726440429688,39702100
2026-01-26,13.247726684980098,13.34542322237633,13.032792811969003,13.130489349365234,59171000
2026-01-27,13.325883715769315,13.628744179927665,13.198877384063142,13.60920524597168,100003700
2026-01-28,13.560357216610264,13.57012714995086,13.44312081165948,13.501738548278809,48751800
2026-01-29,13.570127708839275,13.76552172513792,13.482200168576842,13.677594184875488,84803900
2026-01-30,13.589665961855285,13.658053631195909,13.472429557966167,13.560357093811035,66996300
2026-02-02,13.540816910274243,13.57989571065566,13.43335044215337,13.491969108581543,54218100
2026-02-03,13.501738264775325,13.716672135194734,13.296574327491363,13.413810729980469,76638000
2026-02-04,13.404042010009219,13.677593621561046,13.37473220998743,13.501738548278809,70488700
2026-02-05,13.433350157019136,13.501737823307005,13.218416293627449,13.404041290283203,79719900
2026-02-06,13.462658849830392,13.560356313304112,13.355192385378949,13.482198715209961,55588200
2026-02-09,13.433350920285179,13.462659788686405,13.21841704468122,13.2770357131958,59778000
2026-02-10,13.325883523592523,13.423580055387692,13.257494926452637,13.257494926452637,80827700
2026-02-11,13.306344021527718,13.560356688212527,13.208647487065006,13.531047821044922,129595000
2026-02-12,13.579896710870084,14.02930341421305,13.531048905579546,13.677594184875488,133257200
2026-02-13,13.70721976940586,14.161493657361776,13.677593477657362,13.944231986999512,87400200
2026-02-17,13.914606200520202,13.993610275920227,13.756598049720154,13.954108238220215,57684800
2026-02-18,13.934356962976787,13.963984198060034,13.638092146567375,13.677594184875488,64199300
2026-02-19,13.598589438289475,13.776348131016801,13.519584423762751,13.608464241027832,58268500
2026-02-20,13.608464388741844,13.865228098782955,13.549211804457187,13.835601806640625,67701100
2026-02-23,13.805975020746267,13.86522854875675,13.401078895050407,13.470208168029785,59134400
2026-02-24,13.598589613798392,14.151618130003213,13.559086635123771,14.023236274719238,73560800
2026-02-25,14.072614201670852,14.309626425350519,13.973858637569563,14.250373840332031,58968700
2026-02-26,14.270124328680485,14.615767859793625,14.121991924947913,14.230622291564941,61456300
2026-02-27,14.141742573951795,14.388630543143986,13.855352567360967,13.914606094360352,73157000
2026-03-02,13.756597984653494,13.756597984653494,13.055436112442516,13.223320007324219,110305500
2026-03-03,12.907302334406232,13.015933640292113,12.522157716964525,12.541908264160156,102354700
2026-03-04,12.788796052093108,12.986306230380476,12.65053939819336,12.65053939819336,73976700
2026-03-05,12.54190824839568,12.59128602902694,12.087634361833183,12.186389923095703,71944300
2026-03-06,12.01850599024445,12.166638389795713,11.880248393341198,11.998754501342773,59877700
2026-03-09,11.791368682536602,12.048132389741959,11.653112026197437,12.038256645202637,69611200
2026-03-10,12.038257256880486,12.354274505576143,12.038257256880486,12.087635040283203,56746300
2026-03-11,12.11726144186277,12.334522167004792,11.880248286194389,11.95925235748291,50074500
2026-03-12,11.781493955759474,12.038256722817435,11.702489882541204,11.890124320983887,51733900
2026-03-13,11.959253101492436,11.979004591444756,11.504979192420727,11.524730682373047,48546500
2026-03-16,11.672863196555491,11.732116725151464,11.495104494373347,11.56423282623291,49441400
2026-03-17,11.712364413115063,11.880248300252534,11.692613866170971,11.79136848449707,59520100
2026-03-18,11.722240232163614,11.86049782886429,11.554356343956659,11.64323616027832,55564800
2026-03-19,11.534605872260347,11.603734200160995,11.337094749453637,11.49510383605957,47423400
2026-03-20,11.495104473326377,11.53460651171707,11.228465007837034,11.376598358154297,147725100
2026-03-23,11.781494161612054,11.860498236210725,11.574108230339824,11.61361026763916,44442200
2026-03-24,11.534606403281531,11.732116593378226,11.524730658325977,11.692614555358887,31903900
2026-03-25,11.801244949085385,11.860498477139469,11.514854937396887,11.524730682373047,37746100
2026-03-26,11.41609965637017,11.574107799688319,11.346970387316361,11.455601692199707,28517600
2026-03-27,11.396348979955258,11.406224725067352,11.149461002970263,11.22846508026123,33064600
2026-03-30,11.267966690540593,11.307468727684357,10.971700941060941,11.070456504821777,41459900
2026-03-31,11.218589308857542,11.445726736888927,11.129710428465666,11.39634895324707,38287900
2026-04-01,11.475352454163808,11.544480782709671,11.435850417594338,11.534605979919434,33991700
2026-04-02,11.327219840303004,11.475352239213063,11.21858853541966,11.455601692199707,31109100
2026-04-06,11.455602186714552,11.485228479414905,11.356846621976223,11.465476989746094,24374600
2026-04-07,11.396348906448202,11.465477238181194,11.20871445954313,11.376598358154297,41991600
2026-04-08,11.81112062219146,12.087634887221222,11.81112062219146,12.028382301330566,58140000
2026-04-09,11.919751141795695,12.117262275406564,11.811120771752025,12.087635040283203,32576200
2026-04-10,12.18638982987257,12.265393901557092,11.919750381585198,11.97900390625,28362700
2026-04-13,11.880248894693288,12.018506497431076,11.771618526558298,12.008630752563477,32688600
2026-04-14,12.354274326436812,12.591286553169668,12.295020798852162,12.55178451538086,50232200
2026-04-15,12.541908770482939,12.601162298067589,12.334522836640971,12.55178451538086,39926500
2026-04-16,12.512282224959941,12.59128629894241,12.265394258314013,12.285144805908203,37407700
2026-04-17,12.482655664771778,12.87767602620643,12.46290417579863,12.709792137145996,45735000
2026-04-20,12.650539553832214,12.759169917776035,12.5912860287156,12.709792137145996,26029000
2026-04-21,12.709792370283724,12.867800517755953,12.620912551879883,12.620912551879883,32210000
2026-04-22,12.680166157975798,12.71966819509274,12.42340244581424,12.472780227661133,23958300
2026-04-23,12.453028806553506,12.541908626005187,12.216016582550935,12.324646949768066,30844500
2026-04-24,12.295020395366683,12.304896139940512,12.137012249396795,12.225892066955566,35043500
2026-04-27,12.225891884036153,12.49253039092028,12.225891884036153,12.334522247314453,35098200
2026-04-28,12.364149713790676,12.364149713790676,12.08763451546235,12.24564266204834,44278000
2026-04-29,12.216016900409112,12.225892645450234,11.988880415280653,12.087635040283203,48672800
2026-04-30,11.40622423961646,11.939502209535531,11.32722016568792,11.92962646484375,80557900
2026-05-01,11.909876342810861,11.919751146052624,11.633361132378047,11.73211669921875,52880500
2026-05-04,11.702490349872317,11.732116643061564,11.317344771200585,11.356846809387207,51014800
2026-05-05,11.416100359465215,11.643236844023235,11.416100359465215,11.54448127746582,42262100
2026-05-06,11.791368635623328,12.097510122504442,11.791368635623328,12.018506050109863,52111200
2026-05-07,12.067884339191961,12.14688841491475,11.909876187746383,12.028382301330566,38986700
2026-05-08,12.13701208281659,12.216016154717204,12.028381719403951,12.166638374328613,38453500
2026-05-11,12.18639058526399,12.235768368578276,11.860498533913736,11.90000057220459,48850800
2026-05-12,11.920000076293945,12.029999732971191,11.800000190734863,11.989999771118164,42165300
2026-05-13,11.970000267028809,13.9399995803833,11.970000267028809,13.569999694824219,216261200
2026-05-14,13.75,14.9399995803833,13.630000114440918,14.479999542236328,186742200
