Date,Open,High,Low,Close,Volume
2020-01-02,54.35912710669075,57.89271019787657,54.35912710669075,57.747493743896484,17540015
2020-01-03,56.0048920966754,58.08631748849128,55.81126897605073,57.94110107421875,17231837
2020-01-06,57.31183921873253,59.10283199460223,57.31183921873253,58.76399612426758,22461009
2020-01-07,58.81240621145948,59.24805182620685,57.69908511236842,58.32835388183594,14160793
2020-01-08,58.03792078671612,58.328353665326006,57.45705873428089,57.795894622802734,11115771
2020-01-09,58.425154182280195,58.52196389163168,57.26342655571049,57.65066909790039,7900488
2020-01-10,57.31182910974737,57.65066492031624,56.10169856858452,56.48893737792969,11767739
2020-01-13,56.827779848487765,58.81239552111396,56.53734702159188,58.667179107666016,13274420
2020-01-14,58.86081341888167,59.00602986908095,58.03792514079887,58.23154830932617,9034667
2020-01-15,58.183136434746565,58.183136434746565,57.26343480151265,57.45705795288086,9239517
2020-01-16,57.7958885193852,57.989507948155314,57.21502652829072,57.31183624267578,7358067
2020-01-17,57.36024542618885,57.74748803022609,56.92459981213729,57.1666259765625,9345794
2020-01-21,56.82779055030739,57.118223431897654,56.19852177671821,56.440547943115234,8775485
2020-01-22,56.6825768023823,56.6825768023823,54.939986839623096,55.03679656982422,12428998
2020-01-23,56.77939153937016,57.36025367658186,56.15012268039703,56.9730110168457,14679157
2020-01-24,57.50546346682918,57.55387018297574,56.24692589486492,56.68257522583008,11912960
2020-01-27,55.42402468577742,56.10170002934394,55.08518886638605,55.37561798095703,9602991
2020-01-28,55.76286947192534,57.21503009742508,55.520843318472785,56.779380798339844,12625782
2020-01-29,60.84543204957127,62.9268617451286,60.45819310645685,62.63642883300781,44278356
2020-01-30,62.394396412329485,62.87844874768448,60.506590081574245,61.619911193847656,19154638
2020-01-31,61.37788175235319,61.66831461998871,59.732101677059234,60.26456069946289,15646447
2020-02-03,60.31297240551879,61.37788683370381,59.29646098942395,59.34486770629883,10105766
2020-02-04,60.45819132454145,61.08745644094822,59.974135250345334,60.893836975097656,8905297
2020-02-05,61.76512761480704,62.249183654785156,60.8454259550686,62.249183654785156,10046658
2020-02-06,62.636426807894594,62.926859710625315,62.10396772114988,62.68483352661133,12763278
2020-02-07,63.02365987637405,63.36249946630451,62.007152220936156,62.10396194458008,13369743
2020-02-10,62.15235995095079,62.781624918865475,61.81352411327735,62.4911994934082,6720424
2020-02-11,62.684823623342034,62.83003634698111,61.86193176387126,62.20077133178711,8202487
2020-02-12,62.684817089365296,64.18538051868744,62.34597755676852,63.70132827758789,13184414
2020-02-13,63.31410068824302,63.70134704092737,62.4428093614506,62.63642883300781,10234936
2020-02-14,62.78163371487201,63.26569344744509,61.716723050004404,62.10396194458008,7416954
2020-02-18,61.52309743672816,62.68482518833427,61.32947799718598,61.71672058105469,8820688
2020-02-19,61.474689005695645,62.636416724821316,60.942233709449255,61.03904342651367,11010597
2020-02-20,61.232667932973136,61.37788437299117,60.070943822397965,60.65180587768555,7937566
2020-02-21,60.264552237036305,60.31295894310636,59.15123134047997,59.29644775390625,8611565
2020-02-24,56.58577630521278,58.37676957291435,56.15012689104623,57.40866470336914,14240786
2020-02-25,57.94110920735301,58.08632564200942,54.1170937170614,54.79476547241211,16269102
2020-02-26,55.03678774840419,55.859675880396495,52.27768679880622,53.00376892089844,18682881
2020-02-27,51.40638494642944,53.00376169240266,49.90582531150514,50.29306411743164,18910102
2020-02-28,48.163248348259216,54.16550372440839,47.727602692782526,52.664939880371094,30359552
2020-03-02,54.262306213378906,54.891574957658605,52.08407081726146,54.262306213378906,25039892
2020-03-03,54.455936631249436,55.08520545954846,51.648428411212294,52.664939880371094,21919391
2020-03-04,53.53622420405386,53.826657052890745,51.79363452060085,53.00376892089844,16665500
2020-03-05,51.30959010725674,51.93885890633644,48.163246111858236,48.792518615722656,21686251
2020-03-06,47.193553176887676,47.29045903451158,44.480163204174595,45.546138763427734,29787216
2020-03-09,40.36162819678199,41.96058764748352,39.29565275733897,39.78018569946289,24558063
2020-03-10,42.542030348767376,42.881202697753906,39.537922864552414,42.881202697753906,19850767
2020-03-11,41.766772245556155,41.96058764748352,39.53791922840093,39.78018569946289,20746329
2020-03-12,35.031761169433594,37.69669626899977,33.0936292486315,35.031761169433594,31583435
2020-03-13,37.793603102014906,38.95648450968702,34.837950362869584,38.03586959838867,22099041
2020-03-16,33.86888775577019,34.64413839641887,32.22147319102219,32.269927978515625,23255932
2020-03-17,33.481249376328876,35.516290434583205,30.525595477271104,34.304954528808594,24121739
2020-03-18,31.543129775154174,32.94827804506917,28.58747812065511,31.979211807250977,27873844
2020-03-19,31.010138988659666,33.48126085606754,29.798806376017282,31.397768020629883,19861762
2020-03-20,33.9657997112906,34.15961147908117,31.252412711436047,31.591585159301758,25306037
2020-03-23,31.252406442461616,32.12456663949991,29.217364746551034,29.604991912841797,21193467
2020-03-24,32.269917093770324,34.20804860434977,31.349302401167584,33.965782165527344,23974833
2020-03-25,36.09772680095018,38.76265746179428,33.72351362348442,36.630714416503906,27665082
2020-03-26,36.96989487690068,40.21626864225926,36.38845607257752,39.34410858154297,24714600
2020-03-27,37.212165225847876,38.13277645276521,36.533816793178296,36.921443939208984,18719196
2020-03-30,36.5338138323598,38.47194940544047,35.613202680051764,38.22968292236328,17425331
2020-03-31,38.13277069693788,39.6348242704104,37.89050793925769,38.471946716308594,24307107
2020-04-01,36.436907802051266,36.582268432877036,33.91733342363977,34.111148834228516,19974760
2020-04-02,34.014246694409415,35.8070181142987,32.80291044433638,33.432804107666016,19561750
2020-04-03,34.062691494488654,34.1595973382685,31.88229332135919,32.609092712402344,19622924
2020-04-06,34.25651062619073,35.3709372223446,33.626617010237396,35.031761169433594,19672140
2020-04-07,37.26060946752216,37.55133070084126,33.91733011820373,34.06269073486328,19278732
2020-04-08,34.78949855433458,35.75856462267429,34.20805965502349,35.370941162109375,18589124
2020-04-09,36.09772587948516,36.53380394765209,34.3534061898931,34.595672607421875,25701070
2020-04-13,34.547228131847106,34.547228131847106,32.75445684977578,34.014244079589844,18874790
2020-04-14,34.40186438605525,35.08020893937019,33.14207740594175,33.578155517578125,21481602
2020-04-15,32.60908763218404,32.60908763218404,30.767860199131587,31.494661331176758,27732155
2020-04-16,31.397763729001937,31.688481291220878,30.041068792358725,30.234882354736328,33241115
2020-04-17,31.349321752445725,33.62663064988155,30.71942788099464,33.14209747314453,33287181
2020-04-20,32.02765609901094,32.70600075963381,31.300852950539092,31.543119430541992,20001786
2020-04-21,30.96168605500035,31.882301065686836,30.525605943602713,31.397768020629883,15539929
2020-04-22,31.93074907716439,32.173019284879004,31.010136009163556,31.155498504638672,15398901
2020-04-23,31.300863799151475,32.65755729907875,31.155506827540762,31.591585159301758,16611930
2020-04-24,31.93075063903475,31.97920542464049,30.283337992698332,30.331790924072266,31222349
2020-04-27,30.913230151155773,31.349310220654242,30.67096365190459,31.155498504638672,21475783
2020-04-28,31.833842284840895,33.529707729825915,31.833842284840895,32.94826889038086,28223273
2020-04-29,32.36683050697754,33.43280234572335,31.59157623781875,31.88229751586914,45188986
2020-04-30,31.785391211490747,33.04517474554448,31.05858988083693,32.94826889038086,35254082
2020-05-01,32.31836643767351,32.65753869229425,31.05858139364212,31.494661331176758,24151935
2020-05-04,30.525603390352316,30.57405631995889,29.798803883558517,30.089523315429688,27457604
2020-05-05,30.428692294673873,31.300850440197934,29.847251676759743,30.041065216064453,23474184
2020-05-06,30.041069437763834,30.2833359323828,28.926642820823908,28.975095748901367,23525367
2020-05-07,29.36272539746803,30.331791458963096,29.36272539746803,29.604991912841797,20196745
2020-05-08,30.089524707478468,30.670965452352075,29.84725819400575,30.47715187072754,18787072
2020-05-11,30.234879303711917,30.283332225858988,29.701893451631246,29.992612838745117,14414337
2020-05-12,30.137974084025057,30.428693477164064,29.07200050354004,29.07200050354004,19191335
2020-05-13,29.072006176948094,29.1689120421618,26.552431430609516,28.054485321044922,47299141
2020-05-14,27.23077723076805,28.587472282576943,26.552430631979504,27.618404388427734,28130338
2020-05-15,27.182324218644172,27.424590727901826,26.552430552881546,26.60088348388672,25779038
2020-05-18,27.812217637484057,31.44621709831728,27.812217637484057,30.380245208740234,51073738
2020-05-19,30.477150460745744,30.864777606061804,29.5080825974556,30.089523315429688,21766084
2020-05-20,30.670964143482966,31.349310723104807,30.477150570129332,31.107044219970703,18315596
2020-05-21,31.107046710210195,31.736940410476993,30.670966598812555,31.397768020629883,19827132
2020-05-22,31.39776606561129,31.39776606561129,30.380245250963295,31.058591842651367,13961540
2020-05-26,32.899817817030716,33.62661729345287,32.899817817030716,32.94826889038086,25984590
2020-05-27,35.128671350637454,36.00083147204426,34.353417085283986,35.32248306274414,29644242
2020-05-28,36.291549922772376,36.291549922772376,32.65754871045878,32.85136413574219,27831269
2020-05-29,31.785384538628062,32.56063492564822,31.20394211278476,31.83383560180664,25942336
2020-06-01,31.882295495973942,33.045173117574926,31.446213606526218,32.75445556640625,15083601
2020-06-02,33.43280360486134,34.78949677275298,33.23899188450404,34.159603118896484,22787385
2020-06-03,34.983310724943955,35.95237670275364,34.789495304304,35.66165542602539,24642090
2020-06-04,35.41938768217977,37.5513349832362,34.74104300502645,37.50288391113281,25118482
2020-06-05,40.94306545674213,41.476053156560816,37.9389583609828,38.18122482299805,33669153
2020-06-08,39.82864600360496,41.52451153635363,39.29565820992711,40.99152374267578,31792699
2020-06-09,39.68327859813423,39.78018444180271,38.278130885321154,38.85957336425781,23603936
2020-06-10,38.61730980563222,38.66576087687948,36.436907762536634,36.872989654541016,23465356
2020-06-11,34.20805178526958,35.6131994861783,33.14208009702139,33.67506408691406,24979842
2020-06-12,35.56474792523194,36.00082982015755,34.30496072895334,35.12866973876953,20261430
2020-06-15,33.67507493013602,35.6132109534713,33.19054185141821,35.080223083496094,20497800
2020-06-16,37.45442434781505,37.50287912219423,35.322477318998075,36.194637298583984,19694772
2020-06-17,36.340010571548014,36.48537123685617,34.88641133539459,35.080223083496094,15090141
2020-06-18,34.547233020826305,35.467848037037626,34.01424889314337,35.27403259277344,15729550
2020-06-19,35.95237655284317,36.09773719060119,34.35341695443169,34.644134521484375,17792356
2020-06-22,34.74104242883139,34.7894935001312,33.723521721514196,34.111148834228516,15707761
2020-06-23,34.35342129330281,34.54723302914988,33.771982377297775,33.91733932495117,16168082
2020-06-24,33.43279915414388,33.43279915414388,31.591573222007355,31.64002799987793,29025298
2020-06-25,31.49466141176164,32.46372711799319,31.107034387576554,32.3668212890625,14836396
2020-06-26,32.124201230065424,32.2697798096135,31.29926089799098,31.444839477539062,17938840
2020-06-29,31.881571721134325,32.9976692199707,31.541890842538088,32.9976692199707,15103383
2020-06-30,32.560927630460746,33.337344022697316,32.318297972139625,33.14323806762695,13947676
2020-07-01,33.62849981855198,34.01670804277169,32.56092998746483,32.706504821777344,24202957
2020-07-02,33.28882109968445,34.16228873037018,33.046191408606354,33.0947151184082,14877567
2020-07-06,33.871130479734994,34.35638984561996,33.43439853604765,33.96818161010742,15133900
2020-07-07,33.43440011250617,33.43440011250617,32.75503473982091,32.80356216430664,12526487
2020-07-08,33.094712394077405,33.33734577920506,32.60945305186738,33.288818359375,12928884
2020-07-09,33.14324022861482,33.14324022861482,31.930091857910156,31.930091857910156,14997186
2020-07-10,31.73598206745174,32.60944953195082,31.68745836688205,32.463871002197266,12725057
2020-07-13,32.80355866865229,33.09471204247144,32.2212482069914,32.51240158081055,13742084
2020-07-14,32.31831307848282,33.4344107712549,31.881577260950685,33.38588333129883,13946091
2020-07-15,34.40491519253265,34.987225653665405,34.11375810495497,34.647544860839844,18022606
2020-07-16,34.25934667786122,34.8416573094602,33.91966578559711,34.210819244384766,10502384
2020-07-17,34.259341531333,34.6960735109193,33.87113326391011,34.30786895751953,12029771
2020-07-20,34.01671448827886,34.25934421013696,33.28882532270456,33.33735275268555,9844356
2020-07-21,33.677029284532885,34.69607175672017,33.482923303623686,34.162288665771484,14019625
2020-07-22,33.919650015176956,34.40490926823289,33.482914459013436,34.25933074951172,13143364
2020-07-23,34.259339799214615,34.550496913566946,33.82260784170905,34.162288665771484,13769391
2020-07-24,34.06523479252009,34.50196671490005,33.094712394077405,33.288818359375,13131567
2020-07-27,33.1917701016077,33.24029381160772,32.46387731137787,32.56093215942383,14185812
2020-07-28,32.51239620535006,33.77407175870079,32.46386879405888,33.434391021728516,15255125
2020-07-29,33.91965182207658,33.96817552155386,31.638930240002086,31.97861099243164,29782982
2020-07-30,31.541888880752108,31.590412595234415,30.37726402282715,30.37726402282715,25586567
2020-07-31,30.328736519154422,30.522840649775958,29.115588024034246,29.45526885986328,28609840
2020-08-03,29.794954492108353,30.037584215068886,29.212642042796038,29.649375915527344,18011050
2020-08-04,29.60085204633088,30.086111520186243,29.60085204633088,29.79495620727539,14253587
2020-08-05,29.94053169448729,31.056629180908203,29.794954972570483,31.056629180908203,21286984
2020-08-06,30.71694564819336,31.15367949017726,30.474315942314703,30.71694564819336,14027650
2020-08-07,30.522844153189755,31.34778448175356,30.32874000028893,31.056629180908203,16665861
2020-08-10,31.20219675119384,32.51239599326715,30.959565267353653,32.366817474365234,18929062
2020-08-11,33.33734331515529,33.96817744218361,32.46387210691061,32.65797805786133,18687596
2020-08-12,33.337343982043485,33.38586768523507,31.93008973708361,32.60945129394531,14073295
2020-08-13,31.978629388418714,32.80357360833252,31.978629388418714,32.027156829833984,10719714
2020-08-14,31.73599167395715,32.609459402855485,31.396310811058736,32.31830596923828,10111524
2020-08-17,32.366833612180635,32.46388476849677,31.299263464655546,31.39631462097168,11843460
2020-08-18,31.49336406382509,31.881572381992147,31.10515760266984,31.250734329223633,8564375
2020-08-19,31.39631143353281,31.881570879872427,30.813998983718232,30.959577560424805,10907008
2020-08-20,30.716947991959614,30.95957771635142,30.134635539212248,30.425792694091797,12793394
2020-08-21,30.328736849760976,30.959574816904702,30.231685711898045,30.619892120361328,12008403
2020-08-24,30.81398576663239,32.22124164282685,30.57135614753404,32.17271423339844,20622516
2020-08-25,32.26976804538392,32.51239768483677,31.444828014048667,31.97861099243164,13934033
2020-08-26,32.124201230065424,32.124201230065424,31.25073346680045,31.444839477539062,11497281
2020-08-27,31.63894177425416,32.17272866125595,31.29926089799098,31.444839477539062,14724301
2020-08-28,31.59040530397639,32.12419203824368,31.39630306280053,32.07566833496094,11870004
2020-08-31,31.590414659803685,32.46388243182645,30.377266008111942,30.765474319458008,28464920
2020-09-01,30.42578680951282,31.05662285671598,29.843474469389097,30.037578582763672,18695642
2020-09-02,30.08611123173427,31.29926176175337,29.940532648168677,31.250734329223633,16816680
2020-09-03,31.00810352253072,32.26977958444586,30.47431849626526,30.668420791625977,18884902
2020-09-04,31.20221014053872,31.833048183801285,30.377266084105763,31.153682708740234,17992270
2020-09-08,30.66842214600795,30.86252816396428,29.746430631292217,29.79495620727539,24206006
2020-09-09,30.086104312809514,30.086104312809514,29.212636726311562,29.892000198364258,21878280
2020-09-10,29.940525484613914,30.086104033348462,29.115585327148438,29.115585327148438,19526919
2020-09-11,29.309691042690815,29.358216609252327,28.775904239479765,28.872957229614258,14429505
2020-09-14,29.067058865601762,29.892000907306212,28.921482169073744,29.843475341796875,14847532
2020-09-15,29.940533865759708,30.183165467240066,29.212644632354277,29.600852966308594,17325133
2020-09-16,29.60084400543794,33.04618867652495,29.358214334419163,32.75503158569336,51360267
2020-09-17,33.046197981186786,34.8416573094602,32.36683248263489,34.210819244384766,52374245
2020-09-18,33.579985663074766,34.64755962991496,33.337359605366935,33.38588333129883,29148649
2020-09-21,32.17272624262014,32.26977738368172,30.23168670828407,30.813997268676758,32651524
2020-09-22,31.056626373737387,31.930095911345106,30.13463312355515,30.328737258911133,28269901
2020-09-23,30.474318087800192,31.153681683492035,29.60085034233758,29.649375915527344,17785373
2020-09-24,29.600846218677614,29.98905446413831,29.115586840357473,29.406742095947266,19154738
2020-09-25,29.455344999016642,29.990012173353346,29.26092006469038,29.698375701904297,16006529
2020-09-28,30.281658667350936,30.670506780737377,30.038627898953962,30.135839462280273,16711586
2020-09-29,30.184444034105702,30.28165745361675,29.45535175813789,29.74698829650879,14761158
2020-09-30,29.844198665034533,30.57329086646693,29.844198665034533,30.281654357910156,19417934
2020-10-01,30.47608042006557,30.57329197307612,29.698380555657195,30.33026123046875,15885525
2020-10-02,29.40674348405835,31.107958650347943,29.40674348405835,31.05935287475586,18072625
2020-10-05,31.059351306168846,31.35098966515468,30.719107174045664,31.156564712524414,11693825
2020-10-06,31.253776165718644,31.982868297457895,29.698376641879044,29.990013122558594,34121508
2020-10-07,30.233055406849626,31.10796512998953,30.184447761051842,30.670509338378906,16710242
2020-10-08,30.913537558174323,32.42032785999571,30.816324140587763,32.323116302490234,20699139
2020-10-09,34.36457370703241,34.36457370703241,32.5661433567566,33.24663162231445,34410686
2020-10-12,33.63548244390442,33.63548244390442,32.76057096483957,33.198028564453125,17863963
2020-10-13,33.00359508455807,33.14941051849401,32.37171456357837,32.66334915161133,15105450
2020-10-14,32.66336016117913,33.48966773952519,32.66336016117913,33.14942169189453,19652097
2020-10-15,32.56615219967966,33.441063795732695,32.12869826173451,33.392459869384766,17907361
2020-10-16,33.829903090561466,35.725544901528046,33.7326915484979,35.43390655517578,33937143
2020-10-19,35.91996798565518,36.308817874071,35.142268208823516,35.43390655517578,26250714
2020-10-20,35.72554473415633,36.06578698986558,35.336694847562235,35.676937103271484,19746677
2020-10-21,35.38530036066933,36.017180989978556,35.33669644774508,35.57972717285156,14809210
2020-10-22,35.62833708337536,37.66979456073176,35.57972944718227,37.52397537231445,19214348
2020-10-23,38.54469764827658,39.03075902460641,36.74627129988846,37.08651351928711,26597033
2020-10-26,36.260206815774474,36.74627192047432,35.385295579572706,35.87135696411133,20917251
2020-10-27,35.968579498869374,35.968579498869374,34.46178741369002,34.51039505004883,19696497
2020-10-28,36.503245802037604,38.204460861083916,36.01718063643411,36.06578826904297,50860201
2020-10-29,37.23233815169679,37.621188053978095,35.53111936419586,35.822757720947266,24738095
2020-10-30,35.67693836865719,36.649061259540794,35.43390764593629,36.06578826904297,20539191
2020-11-02,36.454637821107205,36.84348771777755,35.62833411578375,36.551849365234375,21844975
2020-11-03,37.18373781452019,38.49610323707197,36.64906862895793,38.155860900878906,19636808
2020-11-04,37.37816094372696,38.982168500413756,36.600464706737455,38.155860900878906,25465824
2020-11-05,38.641915045765465,39.12798021604633,38.4474919537825,38.836341857910156,17215987
2020-11-06,38.98216824949311,39.56544135352143,38.69052983739774,39.322410583496094,16878656
2020-11-09,45.44679394471497,45.73842865428427,41.849936098725884,42.38460159301758,38779589
2020-11-10,42.87066496188384,44.23163431922344,42.53041890238647,43.64836120605469,33051594
2020-11-11,44.28024163536911,44.32884927784226,42.919268567907885,43.210906982421875,17543666
2020-11-12,42.57902526855469,43.113690722860596,42.141567656672734,42.57902526855469,15954303
2020-11-13,43.0650855361897,44.96072769165039,43.01647789624369,44.96072769165039,26078809
2020-11-16,46.710536246231314,46.85635168078887,45.78701741312054,46.516109466552734,23830013
2020-11-17,45.932850463267975,47.34243109175444,45.34957738810492,47.0507926940918,18127238
2020-11-18,48.46036919870776,48.84921912244693,47.293819427490234,47.293819427490234,29867932
2020-11-19,46.75915211953043,47.439640442342,46.224486708923536,46.95357894897461,17490999
2020-11-20,46.85636328187884,47.77988234364218,46.61333253722986,47.439640045166016,16078116
2020-11-23,47.925699631243454,49.9185531462899,47.925699631243454,48.94643020629883,21708341
2020-11-24,52.05722597379106,52.73771054538573,50.550433925051884,50.79346466064453,35369990
2020-11-25,51.18231056799604,51.32812974194912,50.258791613067615,51.03649139404297,22044528
2020-11-27,51.27952632203106,51.328133957394634,50.11298027492425,50.55043411254883,10865436
2020-11-30,50.50182889989103,50.50182889989103,48.41176372174366,49.481101989746094,25100464
2020-12-01,50.210192784186646,50.93928500758992,49.140854547065594,49.33528137207031,17408658
2020-12-02,48.99503215334612,50.9392778076135,48.65478618772018,50.69624710083008,15496290
2020-12-03,50.550433373174066,52.008617770810424,50.50182573852145,51.52255630493164,18348801
2020-12-04,51.86280282790648,53.126564230595555,51.08510665100425,52.8835334777832,27090138
2020-12-07,52.93213892234156,53.95286952990839,52.30025824718886,52.786319732666016,19542810
2020-12-08,52.59189628803411,53.612626961233865,52.446080809144625,53.27238464355469,18735107
2020-12-09,53.46681122783406,55.848514880575465,53.46681122783406,55.362449645996094,25307401
2020-12-10,53.85565179418298,55.79990136735458,53.75844024556486,55.02220153808594,19195227
2020-12-11,54.82777591166907,55.45965652878124,53.564014677444725,54.24449920654297,17853791
2020-12-14,54.779175794850666,55.168025744895075,52.446079814746376,52.6405029296875,15913996
2020-12-15,53.223780102254246,54.19590312436033,51.765591848932935,54.0014762878418,17377921
2020-12-16,54.09867926438327,54.195894527302436,52.98073722226722,53.126556396484375,11800604
2020-12-17,53.175171869222886,53.41820262203523,52.49468352925102,52.8835334777832,12528955
2020-12-18,52.44566807617919,54.09979952800057,52.25106612823974,52.59162139892578,23023775
2020-12-21,50.937500082416456,52.88353856694491,50.40233903372304,52.397029876708984,17218374
2020-12-22,52.10511518301451,52.34836949083036,51.03479324975743,51.61860656738281,17858164
2020-12-23,51.959168282351186,53.41869430982881,51.667261587421805,52.83488464355469,12139419
2020-12-24,52.786238442916485,52.786238442916485,51.6672676132962,51.8132209777832,6029070
2020-12-28,52.05646363921771,52.445671282475054,51.47265403612382,51.76456069946289,10793588
2020-12-29,51.86185570457802,52.39701661785109,51.27804616874256,51.37534713745117,10640944
2020-12-30,51.47265205268039,52.786224539920596,51.32669872663501,52.1051139831543,10156427
2020-12-31,51.813209625735176,52.68892589720654,51.47265433226973,52.542972564697266,9570828
2021-01-04,52.9808355068301,53.02948413798084,50.59694087290966,50.937496185302734,16040798
2021-01-05,50.74289809575599,52.93218720181764,50.694245737298495,52.397029876708984,16793346
2021-01-06,52.6889290133415,56.53234962000043,52.6889290133415,55.26742935180664,26400690
2021-01-07,56.240428575999495,56.289080915262886,54.68359840257046,54.829551696777344,15105891
2021-01-08,54.926873527051505,55.656636551854014,54.294411494172394,55.170127868652344,14590235
2021-01-11,54.051148802457746,56.09448793510646,53.80789449843615,55.70528030395508,13493535
2021-01-12,55.99718797714518,57.94322244472819,55.510679360249426,57.310760498046875,18346073
2021-01-13,57.31075884952079,57.50536452483184,56.04583499254329,56.289093017578125,10776915
2021-01-14,56.4837048843644,57.06751456561038,56.33775153315672,56.726959228515625,11879594
2021-01-15,56.43504391837703,56.43504391837703,54.73226376903407,55.1214714050293,14768762
2021-01-19,55.85123312260776,56.67829700403466,55.46202549499978,55.60797882080078,12740305
2021-01-20,55.9485445371427,55.9485445371427,54.975527148375306,55.41338348388672,11840751
2021-01-21,55.462031432542474,55.60798477396866,53.85655212402344,53.85655212402344,13162304
2021-01-22,53.37003691601548,54.39170645698255,53.02947791997043,54.0511474609375,10617570
2021-01-25,54.19711306541906,54.24576542547405,52.39703159715769,53.467350006103516,18462763
2021-01-26,58.52703425390427,59.50005146259245,54.48900836954739,54.92686462402344,42495519
2021-01-27,53.90520113403293,56.24044716608394,51.76456452336295,55.36473083496094,29983117
2021-01-28,55.510680373841026,55.80258331515793,53.8565488120415,53.95384979248047,18879766
2021-01-29,53.51599033996192,54.68360948304365,51.910507501952466,51.95915985107422,21921317
2021-02-01,52.834877704837744,53.51599199569514,51.76455950330087,52.251068115234375,13379614
2021-02-02,52.93218397080876,55.21877765421049,52.7375819960269,54.683616638183594,16946953
2021-02-03,54.68360798647358,54.97551462604719,53.85654413912694,54.48900604248047,10877474
2021-02-04,54.63496211097688,55.948534607976676,54.440356433609125,55.70528030395508,13396066
2021-02-05,55.997197188867254,56.19179917820454,55.07282843055312,55.4620361328125,10396669
2021-02-08,55.80258169343975,56.678297939109186,55.51067876060604,56.48369598388672,8517928
2021-02-09,56.24043976869266,56.43504171730836,55.51067687600774,56.14313507080078,10581235
2021-02-10,56.38640489112663,56.38640489112663,55.36473513814386,55.4620361328125,9140985
2021-02-11,55.413377737955,55.80258539782114,54.440360450081855,55.753936767578125,10398836
2021-02-12,55.51068179974328,57.11616105077111,55.36472846354359,57.067508697509766,11725144
2021-02-16,57.505374903393374,58.28378657437292,57.31076919295992,58.235137939453125,12100796
2021-02-17,57.60266926314242,58.13783025072292,57.213461610682444,57.69997024536133,8615357
2021-02-18,57.602678700782896,57.69997969894363,55.99719919858346,56.58100891113281,9802022
2021-02-19,57.01886001189663,58.52703827850659,56.8242543226265,58.47838592529297,12248665
2021-02-22,58.72164122808726,61.78664644229132,58.527039259140885,60.813629150390625,19388781
2021-02-23,61.30013636123906,61.54339067851939,59.25680084080117,61.251487731933594,14454364
2021-02-24,62.27316715977229,64.94896895478252,61.54340404938364,63.83000183105469,21426186
2021-02-25,63.732683853208435,64.55975151855796,61.59204360698667,62.07855224609375,18526244
2021-02-26,61.68935427301613,62.46776970720335,60.375781485962015,61.008243560791016,17802448
2021-03-01,62.85696910321461,64.65705419766226,62.22451079822996,63.781341552734375,15657201
2021-03-02,63.97594392996297,64.46245261285101,63.10022383246286,63.14887619018555,15490231
2021-03-03,63.6840226724909,66.26252257064849,63.48942073325598,65.38680267333984,23589309
2021-03-04,67.52746560102699,68.74373737700928,64.12189718110677,66.019287109375,33418377
2021-03-05,67.1877545931372,67.23644282455663,63.97442820404141,66.21401977539062,21061930
2021-03-08,69.18391173072987,69.81684382718926,67.23644211576648,68.98916625976562,28835014
2021-03-09,68.64835881708167,70.20633755186981,67.33382124647365,68.16149139404297,22966413
2021-03-10,66.45747232393136,66.89565162563152,62.90333475977963,64.51000213623047,44186284
2021-03-11,61.78351221407836,62.6111896207621,58.18069189028713,59.73866653442383,61355743
2021-03-12,59.592626541599856,61.442723712040525,59.54394202936744,61.24797821044922,26996039
2021-03-15,62.026963756396306,65.04554492494478,61.978275520904646,64.99685668945312,22351422
2021-03-16,64.89945996130675,64.9968364018958,63.63361094960209,64.02310180664062,14938641
2021-03-17,64.26654522756206,66.26270294189453,63.925735086337006,66.26270294189453,15895858
2021-03-18,66.16535030524368,66.6522178521689,64.2178801175428,64.51000213623047,12792812
2021-03-19,64.26655328093698,64.99685442994051,63.19544194800077,64.36392974853516,13737991
2021-03-22,64.07180398102486,64.46129492288996,62.95200448100683,63.92573928833008,10591427
2021-03-23,63.09807634876617,64.16918028702378,61.10191454990186,61.63747024536133,13172818
2021-03-24,62.124331488791775,63.39018451980795,60.85847473144531,60.85847473144531,12454218
2021-03-25,60.37160447465183,62.9520023729139,59.54393066140969,62.5625114440918,14725103
2021-03-26,63.049387504405594,63.92574594113567,61.88090337821444,63.24413299560547,12143472
2021-03-29,62.90332036854279,63.536252506338805,62.221707449321755,63.04938507080078,10786807
2021-03-30,63.19543182335654,65.04553224268773,62.80594092068667,64.75341033935547,10618713
2021-03-31,65.14290779748413,65.38634149931494,63.92573928833008,63.92573928833008,12557044
2021-04-01,64.4126178915849,65.04555009799091,64.02312688199795,64.65605163574219,11874438
2021-04-05,65.58110553651241,66.0679730226803,65.09423805034452,65.53241729736328,10180082
2021-04-06,65.53241739281482,65.7271628970333,65.09423814515783,65.24029541015625,8035938
2021-04-07,65.24026994629082,65.87320190378898,64.5586572212349,65.19158172607422,8379669
2021-04-08,64.55869484763367,65.72717555055729,63.73101697953687,65.4837417602539,11018763
2021-04-09,65.72715236651734,67.33381928739551,65.33766142048293,66.21401977539062,12689464
2021-04-12,66.26269779793407,66.6035079127021,65.58108502105742,66.16532135009766,8442187
2021-04-13,65.77582289292178,65.92188009520503,64.55865469836625,65.43501281738281,10277370
2021-04-14,65.38633969674065,67.13906379213537,65.3376589198449,66.603515625,12968951
2021-04-15,66.84696225710843,66.94433128240415,65.43504059003403,65.97059631347656,10208753
2021-04-16,66.36006920063733,66.6035028490615,64.99683629786665,65.19158172607422,10036727
2021-04-19,64.85080430726057,65.58110553651241,64.12049562534699,65.53241729736328,9003729
2021-04-20,65.28895050000712,65.28895050000712,62.80592608711582,63.58491516113281,12330465
2021-04-21,62.95201042009304,65.1429139432669,62.17302473654068,64.99685668945312,9953202
2021-04-22,64.9968566166984,66.6035236701575,64.65604642129946,65.28897857666016,10555051
2021-04-23,65.72716257124466,66.26271829468718,65.04554958352769,65.97059631347656,9357311
2021-04-26,66.36008458283872,68.16148952714619,65.9705861834794,66.06796264648438,18815482
2021-04-27,65.72714739521736,65.9218928535049,62.85463139066102,65.67845916748047,30050351
2021-04-28,64.89948819674251,64.99686467969659,64.02312966080427,64.26656341552734,13261158
2021-04-29,64.16918186912578,64.70473757778946,63.682314398097255,64.31524658203125,11066635
2021-04-30,64.07182071711419,64.99686753516906,63.68232222084838,63.8770751953125,10011667
2021-05-03,64.46131835044704,65.87324029633724,64.12050806295701,65.4837417602539,12734908
2021-05-04,64.94817929155302,65.19161305697075,63.63364142989477,63.8770751953125,15557003
2021-05-05,64.07181284651698,64.70473757778946,63.73100263573241,64.31524658203125,11168297
2021-05-06,64.3639348196664,64.80211405305977,63.438880662582996,64.31524658203125,12595406
2021-05-07,64.07179753335333,64.94815579069041,63.6336184046848,64.75341033935547,10810442
2021-05-10,64.80211120014768,66.11665629511647,64.75342296465602,64.99685668945312,13154138
2021-05-11,64.21785106076224,64.70471838739361,63.000682744183784,63.73098373413086,13645738
2021-05-12,63.68230347218277,63.92573716593133,62.17301680673972,62.41645050048828,14215045
2021-05-13,62.319073779122554,63.4875577399862,61.92958285183144,63.14674758911133,13158312
2021-05-14,63.877042085820534,64.75340020601523,63.43885557306463,64.55865478515625,10167742
2021-05-17,64.41259266367916,64.94814818160128,63.877044598415885,64.02310180664062,15316179
2021-05-18,64.16917058907576,64.60735719810351,63.14674758911133,63.14674758911133,9816408
2021-05-19,62.80593730406309,63.77967195732585,62.270381754236716,63.73098373413086,11921066
2021-05-20,63.730972351973136,63.82834878097199,62.90329506345672,63.58491516113281,9324527
2021-05-21,63.828376445797005,64.65604664038855,63.53625448484538,64.41261291503906,10697965
2021-05-24,64.70474522508471,64.8021217118637,63.87707489811279,64.169189453125,7827397
2021-05-25,64.26656623891589,64.7047455261353,63.77969870808044,63.8770751953125,9496071
2021-05-26,63.877069427965225,65.38635267515467,63.487570966866535,65.24029541015625,12092309
2021-05-27,66.21401154967187,70.10895778945235,66.16532332430093,69.86551666259766,37035234
2021-05-28,69.57341282490061,69.81684653621673,68.30755603552464,68.45361328125,14560581
2021-06-01,69.28129070608334,69.81684636016044,68.64835858666102,68.89179229736328,10087388
2021-06-02,69.03785722977035,69.03785722977035,68.21017962950835,68.59967803955078,8012785
2021-06-03,68.11281061649332,69.96290384304737,67.86937690496458,68.59967803955078,12672972
2021-06-04,68.94048601896908,69.13523151250406,67.47988363846468,67.96675109863281,12855029
2021-06-07,68.1614762117432,68.5022863130225,67.47986346184373,67.72329711914062,7493597
2021-06-08,68.01543174719176,68.11280820942633,66.79826323256212,67.67462158203125,8852489
2021-06-09,67.0416921742867,67.23643763226481,66.55482480301144,66.8469467163086,11189043
2021-06-10,67.23645061959398,67.52857258931714,66.16533921482956,66.36009216308594,9999489
2021-06-11,66.45746853316379,67.09040077966141,66.06797749890545,66.65221405029297,8500031
2021-06-14,67.0903910447776,67.33382476903215,65.2889785042295,65.58110046386719,9114079
2021-06-15,65.48372628908875,66.06797022884886,64.80211332780956,65.92190551757812,7629388
2021-06-16,65.72713467460785,66.45743559134115,64.7047119006495,65.43501281738281,14070907
2021-06-17,65.28897012050601,65.77583750649671,62.854633190552526,63.29281234741211,15451709
2021-06-18,62.51382833726429,63.39018672525375,62.075649143269565,62.22170639038086,16465184
2021-06-21,62.757262693521554,64.21786499023438,62.61120544491464,64.21786499023438,10825169
2021-06-22,63.87706760824591,64.2665586055871,63.00070168523594,63.438880920410156,7678083
2021-06-23,63.39018780408082,64.21786542555985,63.00069683671479,63.04938507080078,8763306
2021-06-24,63.58492272930756,64.26653545545442,62.90330255050184,64.02310180664062,9594524
2021-06-25,64.12055969238281,64.51034701903434,63.828215468228365,64.12055969238281,6844839
2021-06-28,64.1205608676058,64.16927869058145,62.31777766755438,62.805015563964844,12396856
2021-06-29,63.633319232859954,64.46161913309767,63.146081365073776,63.77948760986328,13883493
2021-06-30,64.07184385456343,65.92335257485348,63.584605895276475,65.58228302001953,13754002
2021-07-01,66.16697106095796,66.41059003878429,65.09504457518908,65.67972564697266,9368346
2021-07-02,65.972049169986,65.972049169986,64.85140520765577,65.09502410888672,6653090
2021-07-06,64.70523729927957,64.90013841074665,62.46394537155492,62.95117950439453,14172730
2021-07-07,62.75629993150818,63.730775874155874,62.07416826332138,63.24353790283203,12250973
2021-07-08,62.02542619457518,63.04862714921183,61.44074153299656,62.707557678222656,10798825
2021-07-09,63.389702861162505,64.26672807529424,63.04863335659371,64.12055969238281,8290767
2021-07-12,63.6333303339095,64.02311771280564,62.8537481177846,63.876949310302734,11187237
2021-07-13,63.779491356785776,63.779491356785776,62.75629028265745,62.805015563964844,7907410
2021-07-14,62.756287936874116,63.24352581507199,61.976709569256954,62.41522216796875,8970443
2021-07-15,61.83054217627024,62.951186398273194,61.24585369450138,62.171607971191406,10310877
2021-07-16,62.36650177332354,62.7075675689428,61.00223486168047,61.148406982421875,9141767
2021-07-19,59.39435182031122,59.63797079009308,57.59157218975871,58.46860122680664,19842400
2021-07-20,58.517324525647226,62.074166065368615,58.41987768066619,61.879268646240234,15072405
2021-07-21,62.31778161368572,63.876945964262426,62.220334774066195,63.730770111083984,13548149
2021-07-22,63.58460521465673,63.63333050173041,61.879268646240234,61.879268646240234,8712244
2021-07-23,62.36649875686836,62.75628981693723,61.53819508495066,61.92798614501953,7579911
2021-07-26,61.68436330068032,63.04863006012806,61.538191196245634,62.95117950439453,10800049
2021-07-27,64.94886492924323,65.63100399407817,62.366503168912416,63.730770111083984,23964901
2021-07-28,64.07183868989382,65.67972084260036,63.53587548621428,63.974388122558594,13757312
2021-07-29,64.2667369597134,65.1924875822379,63.77949900487601,64.75397491455078,10889854
2021-07-30,64.12056751318265,64.41291177299438,62.95119047393568,63.09736633300781,12050777
2021-08-02,63.63332706599675,65.29602798615853,61.166681327524365,61.27021789550781,39943542
2021-08-03,61.0265960018603,62.85374187242453,59.75368623085296,62.768470764160156,23177543
2021-08-04,62.00716424627513,63.00600646885559,61.79400138296964,62.67711639404297,22702917
2021-08-05,62.73193446577441,63.7307692193563,62.43959022184026,62.74411392211914,13050690
2021-08-06,62.95119391064573,64.10839155606165,62.95119391064573,63.657691955566406,17637083
2021-08-09,63.072991499504965,63.50541810271002,62.14115128854691,63.16434860229492,12768033
2021-08-10,63.225244816707814,64.76004990340064,62.85373045709607,64.6077880859375,12930790
2021-08-11,64.68697908251809,64.68697908251809,63.23135133194069,64.58343505859375,13330458
2021-08-12,64.674798675187,65.30821250538207,64.09620359111429,64.87578582763672,10270509
2021-08-13,64.86361805812987,64.9367022744628,63.69424822180048,63.90132141113281,9020462
2021-08-16,63.481062062556546,63.52369388745335,62.26905330240432,62.945098876953125,11101144
2021-08-17,62.45177110425087,62.89637720847689,61.12404624905036,61.891448974609375,13125487
2021-08-18,61.56257407296434,63.018198410053024,61.367680355760065,61.7635612487793,10427487
2021-08-19,60.90478936355178,61.40421047630346,60.052122991170286,60.55154037475586,17344153
2021-08-20,60.65507683998516,61.31284949164946,60.356642882671444,60.935237884521484,10203095
2021-08-23,61.27021374326129,61.806176919146445,61.06922662001289,61.49556350708008,9642436
2021-08-24,61.690454701246885,63.04253831331538,61.55037604962064,62.89636993408203,11007246
2021-08-25,62.95119068675522,64.02921061460127,62.45786673884186,63.76731872558594,12627427
2021-08-26,63.62112491101524,63.718575456557176,62.63446983530745,62.96335983276367,13107992
2021-08-27,63.28006575849371,64.65042216357458,63.28006575849371,64.61387634277344,12473178
2021-08-30,64.7600763981559,64.83925406729615,63.82823220237769,64.06575775146484,11469513
2021-08-31,63.91348691771655,64.77834024023987,63.62114265787293,64.19974517822266,17641256
2021-09-01,64.16928412090932,64.2362823206682,62.890284534596475,63.13390350341797,12789542
2021-09-02,63.3409949799719,64.76616320900025,63.32881552110563,64.71744537353516,13633178
2021-09-03,64.55906531185538,65.38737261425199,63.389696000136674,63.79775619506836,12225833
2021-09-07,63.64550440166731,63.91348226967491,62.311689873026246,62.90855407714844,17639170
2021-09-08,62.70147738328108,63.785583166462004,61.16058608401254,62.47612762451172,19263203
2021-09-09,62.34214224249674,63.90130281355311,62.18988039514424,62.90855407714844,15066205
2021-09-10,62.90855095300609,63.31052519338677,61.98889018650208,62.12288284301758,15350467
2021-09-13,62.51877569782455,63.864773604799076,62.13507429579866,63.62114715576172,20038302
2021-09-14,63.66987495551516,63.675968413856204,60.9474341187391,61.13623809814453,25717763
2021-09-15,61.38593593388483,62.409137045264906,61.32503119461616,62.220333099365234,13007192
2021-09-16,62.36041655956458,62.54922051998893,61.40421357115224,61.720916748046875,9601506
2021-09-17,61.60519001355896,62.03761663000512,60.98396318723134,61.1910400390625,17203387
2021-09-20,59.99121876282571,60.825615957570285,59.24208895188099,60.78907012939453,16217539
2021-09-21,60.843889039915425,60.89870405652415,58.59650319228859,58.968021392822266,25342171
2021-09-22,59.48570575517301,60.31401319150107,59.479616027087125,60.01557922363281,18002884
2021-09-23,60.61852767882386,63.38969662020101,60.612437951663075,62.707557678222656,18620844
2021-09-24,62.573467415016744,63.51213035220785,62.536896907243644,63.2683219909668,10528608
2021-09-27,63.725479765346414,64.81042875677862,63.627953409032195,64.21309661865234,12971559
2021-09-28,64.1765236540585,65.06642741481409,63.83519632838923,64.44471740722656,20146646
2021-09-29,64.60927800136274,65.21879899902727,64.18870403449517,64.77994537353516,11876404
2021-09-30,64.82870218765146,65.27364650100019,62.75023280382296,62.79899597167969,14356273
2021-10-01,63.49996114802288,64.84699828374785,63.18910240524555,64.49957275390625,12992425
2021-10-04,64.24357278973417,65.26756967637999,63.7559559355345,63.938812255859375,12288913
2021-10-05,64.03633114821976,64.60928543038392,63.237863027947355,63.938812255859375,9208740
2021-10-06,63.19519620519878,63.64623879654188,62.20776986496774,63.59138488769531,11257962
2021-10-07,63.902230500817346,64.93232546280893,63.591379271254134,64.31061553955078,10684302
2021-10-08,64.22527493153706,64.74336775254045,63.79251952423657,63.82908630371094,6859525
2021-10-11,63.902226813199874,64.46299206861345,63.371945069966976,63.438995361328125,6615872
2021-10-12,63.122044874778645,63.41461645847103,61.90300656156978,62.610050201416016,13722903
2021-10-13,62.29310626566097,62.90263111072946,61.67139622322565,62.39063262939453,12065484
2021-10-14,62.86605422355689,63.17691296381292,62.39672447904182,62.62224578857422,9853826
2021-10-15,63.17691280134841,64.54833524459917,62.896530116186234,63.64014434814453,9069257
2021-10-18,63.19518504786002,63.73765570092716,62.805087166257216,63.46337127685547,6653913
2021-10-19,63.743765476066606,63.9814757011268,63.134244422955945,63.8351936340332,6767714
2021-10-20,63.847374596539126,64.6214647445861,63.31099464389513,64.6092758178711,9803748
2021-10-21,64.46298774959645,64.84697995798612,62.78679775505409,62.872135162353516,11588129
2021-10-22,62.81119808091592,63.70109435852277,62.50643754800963,63.420719146728516,8595273
2021-10-25,63.17080928448688,64.60318371568964,62.98186224225434,64.1826171875,10427005
2021-10-26,64.46300247388335,67.63861017887038,64.13385662334235,65.48699188232422,18781193
2021-10-27,65.7551841740365,65.99899259239871,63.20128651321313,63.29881286621094,14420637
2021-10-28,63.01843093158136,64.23138230550458,62.84167281186815,64.15824127197266,9487384
2021-10-29,63.96927632218503,64.14603441305707,63.46337243792657,63.92051315307617,9018536
2021-11-01,64.46301536818528,65.07862728281127,64.17044370833764,64.7494888305664,7844250
2021-11-02,64.81650623232233,65.30412298589808,64.18260743832626,65.02983856201172,7192101
2021-11-03,64.70680162233897,64.81650942599425,63.890039041377015,64.59098815917969,6599661
2021-11-04,64.53004891337294,64.85309658569656,63.56700409298911,64.12776947021484,7505094
2021-11-05,65.17612962259429,66.83402513150665,65.12736645324631,66.27936553955078,12202399
2021-11-08,66.68164446535698,67.23631151789208,66.02336034370302,66.08431243896484,8305554
2021-11-09,69.9304057970119,70.80812061245277,67.33994126084139,67.83365631103516,40325875
2021-11-10,68.57116889194054,68.68088417139582,65.89537452592378,66.41346740722656,13952431
2021-11-11,66.16355327606387,66.80355029198742,65.08470265633329,65.21879577636719,8848557
2021-11-12,65.46260891041327,65.78565653946488,64.88966214502506,65.57841491699219,12240118
2021-11-15,65.84659821999081,66.23668862012099,64.73117345219293,65.01764678955078,9831034
2021-11-16,64.7007039941355,64.73727823842881,62.670997646748994,62.99404525756836,19257424
2021-11-17,63.20737242515086,63.31708768491746,61.817663217745945,62.16508865356445,13334471
2021-11-18,61.82376223111693,62.04928349804546,60.452340043418694,61.36052703857422,13692888
2021-11-19,60.830246090844525,61.40319659396661,60.525485581956815,60.92776870727539,10598911
2021-11-22,61.23861887266408,62.15290027183657,61.122809149022466,61.58604431152344,9962170
2021-11-23,62.03709533569287,62.29919084984149,61.653095625580384,62.21995162963867,9648856
2021-11-24,62.085861014884316,62.36623993051406,61.750624462441685,62.31138229370117,8943739
2021-11-26,58.91633818332209,59.79404902899603,58.215389145717914,59.63557434082031,13815999
2021-11-29,60.50720664528753,61.214250331547355,59.01997077394396,59.97692108154297,15692352
2021-11-30,58.90415477606276,59.3856808429466,57.581495703270896,57.89844512939453,18313148
2021-12-01,58.84929658657056,59.0565344572064,56.64892295843563,56.68549346923828,13895451
2021-12-02,57.416926790396374,58.379971527053534,56.56969179782829,58.044734954833984,9782400
2021-12-03,57.98377980755283,58.11787666864234,55.91140837896269,56.545310974121094,12973646
2021-12-06,57.203596020146804,59.05654451306923,56.8317889215567,58.520164489746094,10721861
2021-12-07,58.879782964900336,59.9342558924588,58.696926646738724,59.45882797241211,8104115
2021-12-08,59.45881864952412,60.30605353724337,59.11138946025272,59.903770446777344,7635106
2021-12-09,59.59290794545127,59.84890897355214,59.1235783253645,59.629478454589844,6527432
2021-12-10,59.78796381332168,60.07443718886647,58.78834863259221,59.093109130859375,6863859
2021-12-13,58.49578046760246,58.75787600420023,56.57578921671942,56.764739990234375,11843339
2021-12-14,56.533114797407286,57.331590254397106,55.90530670497995,56.14302062988281,11654259
2021-12-15,56.210078108473944,56.32588412201904,54.96665069123658,56.1247444152832,12350388
2021-12-16,56.39292287116192,57.502249459202496,56.19787393638567,56.399017333984375,11440140
2021-12-17,56.350258889672745,56.72816413318507,54.92397906261678,55.74073791503906,14550168
2021-12-20,54.904968380489926,54.96597385110824,53.78856677404123,54.892765045166016,9651745
2021-12-21,55.344203638779696,57.14386867163624,55.344203638779696,56.771732330322266,12227117
2021-12-22,56.68633145295875,57.16827542717063,56.22268687908373,56.77783966064453,7485993
2021-12-23,56.918149839573346,57.674618434649794,56.918149839573346,57.34518814086914,6236589
2021-12-27,57.11947565129894,57.753933372695386,57.00966429622359,57.72343063354492,5503703
2021-12-28,57.60751007193406,58.614100299549925,57.49159893502067,58.13825988769531,6503676
2021-12-29,57.955240013429,58.24806400273388,57.613606422906585,57.827125549316406,5602577
2021-12-30,57.74782911915849,58.553099876504824,57.66852050934887,57.77223205566406,5247049
2021-12-31,57.650219262318245,57.936947238820316,57.284186408741675,57.631919860839844,6092452
2022-01-03,58.089453866901245,59.44377750171377,57.80272592525163,58.71171188354492,7415209
2022-01-04,60.26125979402728,61.03602785213599,59.840321258734306,60.62118911743164,12237390
2022-01-05,60.840811821295176,62.09752389125137,60.57238697738849,60.62118911743164,9461542
2022-01-06,61.280041072447794,61.664377014398646,60.65168325886683,60.975013732910156,6864983
2022-01-07,60.88350496037281,62.3720391104308,60.86520556137222,61.85959243774414,10029103
2022-01-10,62.054813317269016,62.22563012308831,60.35885979996889,60.65168380737305,9259300
2022-01-11,61.182433087341785,62.45134831429356,60.98721334878497,62.09751510620117,9107137
2022-01-12,61.877900035621714,62.603865896350676,61.84739729975355,62.37204360961914,7316816
2022-01-13,62.402548371693356,63.23222580251391,62.103620803412475,62.50625991821289,7034320
2022-01-14,62.018214049172606,63.00040139602205,61.560669276300196,62.933292388916016,7030789
2022-01-18,62.56725796282387,63.28102416176391,62.32323609692987,62.76857376098633,13499795
2022-01-19,62.646566465413834,62.8295828754606,61.29224652520122,61.38375473022461,9147425
2022-01-20,61.14582935198865,62.09751388583277,59.767102815735676,59.93791961669922,9045502
2022-01-21,59.60237884040782,59.99891430287152,58.47987770729019,58.7483024597168,12964978
2022-01-24,57.70511991433319,59.44377955280991,56.30199409776165,59.12044906616211,15847565
2022-01-25,55.58823023235169,56.34469884332402,53.86787739082907,55.582130432128906,33629909
2022-01-26,55.82615588149591,56.070177788629785,53.71536339652055,54.490135192871094,17073695
2022-01-27,54.90496909445849,55.98476444431055,53.727562002080816,54.843963623046875,12527109
2022-01-28,54.477935223614246,56.222691100767705,54.203410579943224,56.18608856201172,10398756
2022-01-31,55.88715647516478,57.686821618366345,55.53332698193682,57.63801574707031,11238219
2022-02-01,57.95524435747817,60.041629912077774,57.80272694899152,59.754905700683594,13080224
2022-02-02,59.584084363421795,60.13923707976653,58.66290259466668,59.80980682373047,8926564
2022-02-03,59.2668588786163,60.49306800022439,58.90082608199696,59.980621337890625,9972924
2022-02-04,59.602390852559985,61.036019351936396,59.56578831879156,60.40156173706055,10278374
2022-02-07,60.62118852624932,61.3654575741567,60.09044237953455,60.94451904296875,7039456
2022-02-08,60.993318353915605,61.31054530063262,60.16974451709224,60.58457946777344,8279712
2022-02-09,61.15803214663492,61.29224642164267,60.46866884249002,60.547977447509766,10632457
2022-02-10,60.02333497736211,61.42036107442875,59.78541288247876,60.267356872558594,8848717
2022-02-11,60.407656588050386,61.14582567935326,58.669000890816235,59.07163619995117,11966771
2022-02-14,58.99844072241995,59.419379232985854,58.29687778325473,58.93133544921875,11172731
2022-02-15,59.77930695305893,61.84739304987729,59.7549040189745,61.566768646240234,10741924
2022-02-16,61.06042530863315,62.17072712345769,60.938414366476636,61.865699768066406,7850670
2022-02-17,61.219036517379436,61.267842386566635,59.71219919639486,60.06603240966797,6229366
2022-02-18,60.041631678772184,60.37716550491536,56.076276060115575,56.546016693115234,25110235
2022-02-22,56.51552075164811,58.08946358824588,56.35080371879437,57.436702728271484,12349746
2022-02-23,57.21707333408185,57.869834075190525,56.314190924187066,56.521610260009766,11839969
2022-02-24,55.26489555457219,56.79003215859873,53.501836893250854,56.45450210571289,18285861
2022-02-25,56.98526564108875,59.43158459741051,56.771742729648274,58.7910270690918,11191511
2022-02-28,57.808835436704484,58.45549271920603,57.42449945329915,58.26637649536133,10142743
2022-03-01,57.93083053212574,58.60189056784447,56.045761139267455,56.326385498046875,10806289
2022-03-02,57.01575267119117,57.92473480323321,56.783930421158125,57.442787170410156,7131107
2022-03-03,57.918633992228294,58.138256654306026,56.112872976848834,56.39959716796875,7420184
2022-03-04,55.039186058995796,55.19779955610509,53.39203813870516,54.38032913208008,13545059
2022-03-07,54.14218439789201,54.471910601316225,52.078345790897785,52.13330078125,11428423
2022-03-08,53.140795433924865,55.229058904531314,52.2371019453084,53.82467269897461,11006283
2022-03-09,55.84577038255845,56.779994064640526,55.625954145212454,55.71754455566406,10394261
2022-03-10,53.59264311988273,55.93125299004985,53.3972480098543,55.76639175415039,13026132
2022-03-11,56.66397031495333,57.16466672701964,55.967882551980836,56.346458435058594,11342229
2022-03-14,56.44415488355822,57.39058899618165,56.138853556905495,56.450260162353516,9700540
2022-03-15,56.93874452753863,57.128030609780616,55.72364445186615,56.38920211791992,8189827
2022-03-16,57.073084343067684,58.275970227008884,56.62734285420399,57.824127197265625,8954332
2022-03-17,57.51882186376811,58.35534984466012,56.97538468790338,58.33092498779297,6982315
2022-03-18,58.367557525634766,58.562952632247736,57.73863898978097,58.367557525634766,11872231
2022-03-21,57.67147464147459,58.44694237772207,57.18299244113831,57.89739990234375,8799280
2022-03-22,58.15384513135919,58.75834253516754,57.763058666565676,57.94623947143555,7730288
2022-03-23,57.750855792670286,57.79970550927775,57.09751233050994,57.213523864746094,7854202
2022-03-24,57.6348319293964,57.65315150506607,57.182985203537314,57.469970703125,8561245
2022-03-25,57.66536046412526,57.9523459557555,57.03644197144607,57.40890884399414,9227359
2022-03-28,57.15245561942069,57.1768804743188,55.39391840840193,56.17549133300781,12069336
2022-03-29,56.79830296238441,57.98897807437184,56.79830296238441,57.79358673095703,13794811
2022-03-30,57.16466904759008,58.09278361010392,56.96927395006319,57.75084686279297,9042452
2022-03-31,57.244045686481186,57.36616622156858,55.85187009100937,55.87018966674805,13203013
2022-04-01,56.23654608505421,56.51742628079947,55.63204874438942,56.47468185424805,9054811
2022-04-04,56.285405420378304,56.37088681072969,55.50383243870595,56.187705993652344,8249536
2022-04-05,55.96788596353516,56.383097282881174,54.89933126975096,55.01534652709961,10787509
2022-04-06,54.56960394984501,55.05808608551518,53.623169811984056,54.899330139160156,10556215
2022-04-07,54.844377532673356,55.003137224611116,53.177430676839315,54.62456130981445,11391666
2022-04-08,54.642881550680634,55.119149416218605,54.11165495539827,54.7955322265625,6447980
2022-04-11,54.67340862520232,55.925144097360636,54.361998272884996,54.752784729003906,8655143
2022-04-12,54.95429229736328,55.772500729104955,54.526870372883685,54.95429229736328,7240254
2022-04-13,55.051982739265,55.83966095842392,54.948181777266505,55.41223907470703,6362268
2022-04-14,55.589312008578105,56.267080216246725,55.338965664679286,55.461082458496094,6146543
2022-04-18,55.54656649044266,55.87018739071619,54.89322314981651,55.198524475097656,6291965
2022-04-19,55.44277408408868,56.334253343629804,55.44277408408868,56.114437103271484,7394824
2022-04-20,56.48079073144308,56.853261343788496,55.71753740891366,55.80912780761719,6424385
2022-04-21,56.75556706376872,57.26236881126788,55.82745243505678,56.00452423095703,7225326
2022-04-22,55.49772415837052,55.748070513768475,54.331470028420995,54.38642501831055,7967682
2022-04-25,54.038382500588504,54.954286528322754,52.86602310187528,54.881011962890625,11080599
2022-04-26,51.870742203399644,52.04171246052087,47.877399665797974,49.20851135253906,46154289
2022-04-27,48.84825526543545,49.916809949744824,47.54767006848618,47.75527572631836,20213257
2022-04-28,47.86517807749477,48.054464144175846,46.31424665677718,47.462181091308594,19277327
2022-04-29,47.31564239045081,47.70642887471885,45.39834912286165,45.520469665527344,16677077
2022-05-02,45.239597513337905,46.302043345695054,44.33590391527763,46.13107681274414,18536095
2022-05-03,46.924853795334634,47.791911852471145,46.393630954110854,47.41944122314453,12595004
2022-05-04,47.743062370266145,49.31841880279184,47.15077925762601,49.11081314086914,12019739
2022-05-05,48.469685424898586,48.89710735208138,47.358389909699085,47.987308502197266,11491503
2022-05-06,47.82854684030845,47.86518225339635,46.521856356454244,47.767486572265625,8609237
2022-05-09,46.8821168797665,46.992023128862535,44.293156796713056,44.55571746826172,11266308
2022-05-10,45.18464138745409,45.61206331718912,43.438314512156595,44.76332473754883,10974181
2022-05-11,45.03808773088921,45.53878040427524,44.00006323446896,44.23208999633789,12465152
2022-05-12,43.804670069602196,45.31286091211789,43.45662804216183,44.744998931884766,13844409
2022-05-13,45.42277050485516,46.38752047490923,45.2762251171274,45.825767517089844,8309406
2022-05-16,45.3739216876326,46.039479355069545,45.019770638555634,45.569313049316406,10451563
2022-05-17,46.53405496320682,47.13855220931502,46.27760339876722,46.65007019042969,7218585
2022-05-18,46.1921257637746,46.72334854969893,45.68532409179133,45.917354583740234,11337253
2022-05-19,45.795242613347455,46.73557157506851,45.45941110835346,46.24708938598633,9992827
2022-05-20,46.47300495901671,46.67450533171673,44.738892661831834,45.9478874206543,11782667
2022-05-23,46.418051405989786,46.65008191877053,45.801343449837525,46.076114654541016,8467508
2022-05-24,45.63036966437159,45.71585478027335,44.0000621384331,45.50214385986328,9837776
2022-05-25,44.861020717027365,45.544898052178986,44.342008370467305,45.508262634277344,11389740
2022-05-26,45.92956913874426,47.44997054835194,45.61205724298596,47.02254867553711,7528368
2022-05-27,47.19351825138957,48.10331697265532,47.01033745135038,48.09110641479492,7819853
2022-05-31,47.59650966538012,48.26206724164327,47.480494424596706,47.804115295410156,8332038
2022-06-01,48.28650485366476,48.50632109820895,46.827163518276464,47.33396530151367,9514991
2022-06-02,47.639255158423595,48.03004157570921,47.120242941055274,47.62704086303711,9897164
2022-06-03,46.85769067783242,47.108037044281616,46.2043435268625,46.998130798339844,8463013
2022-06-06,47.57210432592322,47.804131145734296,46.876012650420975,47.01645278930664,7614722
2022-06-07,46.96148327185062,47.7186312543374,46.50963659369814,47.62704086303711,8227386
2022-06-08,46.82715779197499,47.798016803569645,46.723353092877545,47.114139556884766,5418794
2022-06-09,46.949282587527016,47.04697827771948,45.64259198247093,45.660911560058594,8114548
2022-06-10,44.586246680137286,44.67173180900935,43.19407097761855,43.49326705932617,15384656
2022-06-13,42.418598904520884,42.74221980950343,40.99589695122221,41.35004425048828,15183217
2022-06-14,41.4904877332379,42.07666558625996,41.234036090881105,41.55154800415039,8634919
2022-06-15,42.10719903983231,42.754437214770284,41.398900589170196,42.192684173583984,10576600
2022-06-16,40.92872509576494,41.05695463714195,39.597609886341985,39.866275787353516,14550650
2022-06-17,39.80522866895166,40.74555776364485,39.40833683419784,40.29981994628906,14449368
2022-06-21,41.19128940414969,41.55765100957828,40.12273472164966,40.147159576416016,12972362
2022-06-22,39.188516578638236,39.93345418975233,39.18241129877038,39.40833282470703,15573094
2022-06-23,39.30452248986699,39.73804959888511,38.51684436858698,39.121341705322266,10841280
2022-06-24,39.48160572542972,41.50270002951109,39.335060321366605,40.95926284790039,16044991
2022-06-27,41.24658232492405,41.50945645531896,40.43350966006302,40.7819709777832,10911904
2022-06-28,41.23434801547476,41.84567958444596,39.956664287694565,40.27455520629883,11313819
2022-06-29,40.182874420809966,40.347936268164915,38.68511137049988,38.93575668334961,11088303
2022-06-30,38.2388329219579,38.97854737294483,37.755880065387714,38.923526763916016,13967359
2022-07-01,38.81348858427832,39.45538700583983,38.030982344541925,38.84405517578125,10997455
2022-07-05,37.603041856333185,37.96984087431149,36.637136278395914,37.920936584472656,12889860
2022-07-06,37.633608348427344,38.12267370452658,37.12620528736599,37.63972091674805,7852596
2022-07-07,38.251060860440035,38.59340590140221,37.8659203498869,38.51393127441406,10110160
2022-07-08,38.440568262031405,39.35756580066568,38.0248612139228,38.6667594909668,9940822
2022-07-11,38.1410168654557,38.281624658909635,37.548026591816786,37.84757614135742,7662393
2022-07-12,37.29126505265201,39.449267532359464,37.29126505265201,38.52615737915039,11678496
2022-07-13,37.93316449802223,38.330530129921,37.41964508663014,37.90871047973633,6961770
2022-07-14,37.291266168328434,37.389078498315826,36.679934426966064,37.34628677368164,8179393
2022-07-15,37.95149695461927,38.5078079588247,37.285144765778895,38.42833709716797,9391720
2022-07-18,39.36368270978953,39.79773125379659,38.71567179299243,38.92963790893555,10607899
2022-07-19,39.43092454422416,40.83699119555835,39.41869940750105,40.80031204223633,10070675
2022-07-20,40.53133101780408,41.74176944888531,40.37849807161469,41.50334930419922,11004036
2022-07-21,41.38719981312931,41.77845294462322,41.02040070419506,41.65007400512695,9551106
2022-07-22,41.81511977688539,42.03519842872075,41.472774791457894,41.68674087524414,9009387
2022-07-25,41.19156567661667,42.13913365341332,40.97759955934232,41.790672302246094,9468604
2022-07-26,42.59762732477476,44.85344200844298,42.27362003196629,43.716365814208984,28957643
2022-07-27,44.015920652817286,44.26045333738001,42.85438665799159,43.759159088134766,11570152
2022-07-28,45.57481406578754,45.78878015327234,44.57222936437112,44.712833404541016,18063717
2022-07-29,44.627255894363756,45.55647867194508,44.27879454540596,45.18356704711914,12729511
2022-08-01,44.8106523343253,46.675214073118354,44.437736992044435,46.33898162841797,14685317
2022-08-02,45.99663349805661,46.49181140715469,45.43420611005358,45.45866012573242,9290599
2022-08-03,45.801012663167604,46.033320235668874,45.2752680836235,45.690975189208984,9678390
2022-08-04,45.53813272973701,45.63594504497998,44.96959279871162,45.03683853149414,6942669
2022-08-05,44.89012016959783,45.874367162814984,44.74951612996149,45.45866012573242,7447953
2022-08-08,46.387889249791485,46.938087790762786,45.764328657465676,45.95995330810547,9833442
2022-08-09,46.076111821213686,46.5162729451552,45.770445933679234,45.807125091552734,7581496
2022-08-10,46.589625006278084,47.56164314677553,46.40622549837867,47.158164978027344,16331500
2022-08-11,47.68391321910891,48.42362762007962,47.65945920084366,48.23411178588867,14557872
2022-08-12,48.472531728744904,48.88823880821113,48.02625806235185,48.86378479003906,8273452
2022-08-15,48.48476228180924,48.9982779653707,48.34415447983456,48.790428161621094,5467107
2022-08-16,48.49087274471146,49.70131107345567,48.38083153549729,49.56070327758789,9268610
2022-08-17,48.943257018159606,49.13888166765687,48.45419165126368,48.857669830322266,6485057
2022-08-18,48.76596711879805,48.8393254221258,48.30135579703305,48.423622131347656,6421014
2022-08-19,47.98958529187367,48.04460590429328,47.2376493993171,47.51274871826172,5801930
2022-08-22,46.540725264880514,46.565175540467685,45.45866581663906,45.71542739868164,8143279
2022-08-23,45.843807134559206,47.255982759907226,45.80101166521345,46.52238464355469,7642490
2022-08-24,46.55295256907139,47.24375897907619,46.38789448541165,46.913639068603516,7649392
2022-08-25,47.29877304290017,48.71095236831229,47.26209388683233,47.769500732421875,8349212
2022-08-26,47.922325851135106,48.062933626803066,45.97828972198592,46.01496887207031,8628819
2022-08-29,45.752106798251205,46.97477031022582,45.409758020375875,46.491817474365234,7868808
2022-08-30,46.92586228494255,47.18262386841721,45.440324620237824,45.92939376831055,6886330
2022-08-31,46.100562166466275,46.33286971973798,44.84733212746197,44.896236419677734,10274200
2022-09-01,44.780087547093714,44.780087547093714,43.667461530412496,44.6761589050293,8002191
2022-09-02,45.11020375688231,45.45866509631426,44.08316867444519,44.27879333496094,6479760
2022-09-06,44.32157733145337,44.407164509187716,43.49016705450325,44.11372756958008,6472859
2022-09-07,43.954791639877826,45.079642939701195,43.844754157935824,44.98183059692383,5494394
2022-09-08,44.346044677798474,45.28749642961102,44.06483278911511,45.097984313964844,5810597
2022-09-09,45.56260337387677,45.831586403180864,45.04296753923883,45.26304626464844,10795534
2022-09-12,45.48922875423258,46.76080019516224,45.397528998679554,46.04553985595703,11661482
2022-09-13,44.786203115173656,45.15300218505303,43.172286459073746,43.30677795410156,11574005
2022-09-14,43.221186675517814,43.404586193143594,41.98629808743204,42.81159591674805,9968109
2022-09-15,42.65876439856112,43.27620871305824,42.02909120325878,42.12690353393555,7908775
2022-09-16,39.98113774882106,40.71473598846212,39.846642492327966,40.58635330200195,22966955
2022-09-19,40.097278881688844,41.2588129123381,40.01780800264662,40.98982620239258,8045047
2022-09-20,40.62302715851015,41.081525956141455,40.31124872475144,40.708614349365234,8379870
2022-09-21,40.971487113155156,41.002053701428835,39.834410778004944,39.871089935302734,10164733
2022-09-22,39.736597799783276,40.17064259760033,39.44315705985321,39.9566764831543,11345279
2022-09-23,39.46149444580078,39.785501770874625,38.850162695210905,39.46149444580078,13124524
2022-09-26,39.49822785845657,40.49593678194335,39.30236041536887,39.3880500793457,16780605
2022-09-27,39.69408651450396,39.97565105483576,38.873888498816925,39.46149444580078,12596770
2022-09-28,39.779785143826054,39.82263371976807,39.29011283224727,39.455379486083984,10686228
2022-09-29,39.03303236139243,39.24114382201224,37.90066525709395,38.39645767211914,14124337
2022-09-30,38.34137014744655,38.73922887382071,37.876182232322485,37.8945426940918,12709126
2022-10-03,38.414821299980176,39.40640995957028,38.04144691950529,38.928977966308594,8721754
2022-10-04,39.712454748585806,41.401827170639685,39.70633459443594,41.34061813354492,12441557
2022-10-05,40.8203284484052,41.750707853014404,40.42859369677729,41.27939987182617,9327837
2022-10-06,40.844819126756065,41.30389062120362,40.269453468062096,40.53265380859375,7953396
2022-10-07,40.1592811765307,40.263335037772826,39.23502548993996,39.51658630371094,6856315
2022-10-10,39.816511140471064,40.16540114210311,39.21054094223836,39.77366256713867,5764210
2022-10-11,39.47373404707123,39.945045825175285,38.61068747651391,39.17380905151367,8500412
2022-10-12,38.984063730897084,40.04298149769075,38.598445325052566,39.62675857543945,8598323
2022-10-13,38.98406528722056,41.842529482408125,38.67802011093482,41.585453033447266,12818915
2022-10-14,41.805805737889465,42.09961061275828,41.12638618102804,41.358978271484375,9106174
2022-10-17,42.203656995145494,42.96264966419099,41.8853715602864,42.007789611816406,8251944
2022-10-18,42.96266068786496,43.5441465818344,42.8035179296014,43.27482604980469,9806637
2022-10-19,43.01162219157786,43.446205563421934,42.442376702451256,43.1707649230957,8408280
2022-10-20,43.31154354071935,43.831820261896,42.74229809960714,42.8279914855957,9609852
2022-10-21,42.8463556148479,44.62142126929613,42.69333303668837,44.572452545166016,10352529
2022-10-24,44.68262904763196,45.490586738539605,44.541846780553755,44.90298080444336,10913990
2022-10-25,45.9068052919335,46.05982785131338,43.507409312178794,44.68262481689453,15445168
2022-10-26,44.86014273829327,46.90452538259861,44.798929951730315,46.188377380371094,12975572
2022-10-27,46.702532750812914,47.516614442761316,46.451576448447724,46.51890563964844,10105505
2022-10-28,46.94124706738382,47.96956035227608,46.873917878589204,47.94507598876953,8648081
2022-10-31,47.60842481710953,48.26948387224836,47.46152238843449,47.62678527832031,10585428
2022-11-01,48.085851855285235,49.022351535973904,47.40643235547074,47.87162399291992,9174391
2022-11-02,47.79817470429937,48.75915882349312,47.302382259516854,47.375831604003906,10230221
2022-11-03,47.051425612605186,48.220517448477615,46.86779475714777,47.97568130493164,13947456
2022-11-04,48.961140993556775,49.677288888394145,48.618371177433424,49.62220001220703,11558435
2022-11-07,49.64668602352214,51.31769408587816,49.62220166131444,51.08509826660156,12864178
2022-11-08,51.29321227125522,51.850213737105975,50.589308372659744,51.41563034057617,10052376
2022-11-09,50.93819623325712,51.89918028577334,50.742328829683196,50.89535140991211,7961743
2022-11-10,52.1685052001808,52.437825713780356,51.50744609841809,52.260318756103516,13786304
2022-11-11,52.50514996001371,53.11724027518182,52.119531562338736,52.829559326171875,12490513
2022-11-14,52.627576348665244,53.313116110986,52.437829070504876,52.535762786865234,7906367
2022-11-15,52.97033888235477,53.63139793473919,52.77447147680265,53.33759307861328,7913108
2022-11-16,53.14784271935549,53.20905174848651,51.81348438518027,51.96650695800781,7629328
2022-11-17,51.26261607890033,52.4990410285143,50.93208648849666,52.26644515991211,7466411
2022-11-18,52.939732214720316,53.3437110646289,51.9359033695128,52.3215217590332,6555521
2022-11-21,52.09504730216199,52.63980843328765,51.86245523062135,52.572479248046875,5247691
2022-11-22,52.82343375786339,53.61303098907292,52.63980666910757,53.43552780151367,6797569
2022-11-23,53.2702671721459,53.83951271051525,53.21517828975565,53.784423828125,5867738
2022-11-25,53.680363598046505,54.09658274805264,53.46613199578235,53.94968032836914,3040207
2022-11-28,53.37431698670205,53.59467249954953,52.125651987689615,52.31540298461914,6876058
2022-11-29,52.48679054311014,52.59084815486703,52.00323840042293,52.43170166015625,7205262
2022-11-30,52.41944961112756,52.85403292767529,50.91982853794087,52.62144088745117,11654259
2022-12-01,52.76835262666058,53.01319252873517,51.948154508072804,52.186866760253906,6806718
2022-12-02,51.76452731354892,53.22130018059711,51.66658985374896,53.1784553527832,7191459
2022-12-05,52.541882590860716,52.67042082696346,51.79513379232233,51.81961441040039,7568656
2022-12-06,53.01318591968058,53.31310717304018,51.70330816024363,52.19910430908203,9444207
2022-12-07,52.02771759033203,52.68877662443606,51.917543583179786,52.02771759033203,7801715
2022-12-08,52.394983709244784,52.75611782405264,50.61380125054662,51.18916702270508,10334231
2022-12-09,51.18303576352817,51.293213527735084,49.78134808590792,49.854801177978516,8899117
2022-12-12,50.020063929523786,50.962683833175554,49.59772083170211,50.93207931518555,7480054
2022-12-13,51.76452057858886,51.96650813060044,50.14859767571062,50.73008346557617,12391318
2022-12-14,50.47276181275876,51.060939296609206,49.83557203953345,49.91522216796875,12271899
2022-12-15,49.05746249003934,49.755920364170976,48.09554998967833,48.285484313964844,15598294
2022-12-16,47.66054807003978,48.00364907436612,46.98659819491283,47.574771881103516,15978540
2022-12-19,47.32970205035549,48.00365196608084,47.29906796327707,47.82597351074219,7061125
2022-12-20,47.813720626263226,49.50472520759492,47.69731034690794,49.21676254272461,11196647
2022-12-21,49.651763179781554,51.214105264542326,49.608876961394536,50.840370178222656,12127441
2022-12-22,50.350228241262045,50.67494731313879,49.1861291819499,50.09902572631836,9730074
2022-12-23,50.062266308064984,50.47889139863457,49.60275499556278,50.11128234863281,5286213
2022-12-27,50.2399395288687,50.90776331704215,50.17867136025497,50.75459289550781,6804792
2022-12-28,50.846499050555806,50.95677951167266,49.811066171237414,50.221561431884766,6210907
2022-12-29,50.3931037436548,51.41015446709241,50.23993334098594,51.31212615966797,7088733
2022-12-30,50.79748558067525,51.48369140737027,50.71783920218771,51.336647033691406,6625342
2023-01-03,51.4959431411909,52.13313292122611,51.18347619419278,52.065738677978516,10280781
2023-01-04,53.69130373137178,55.0961799621582,52.38846233337527,55.0961799621582,21031104
2023-01-05,54.8607363735554,56.15573380193417,54.154374139894244,55.9516716003418,16001061
2023-01-06,56.51675822547103,56.76790822078672,55.52785042964182,56.46181869506836,13018044
2023-01-09,56.50890804513206,58.00796384085858,56.477516170571846,57.03475570678711,9488844
2023-01-10,56.66587908305632,59.1538389681738,56.66587908305632,59.075355529785156,11597142
2023-01-11,59.507017974085166,60.982529822668845,59.263715947364645,60.97468185424805,12729603
2023-01-12,61.12379473799401,62.16764196070966,60.660734635414606,61.8929443359375,14407871
2023-01-13,61.83016214937167,63.25858616935043,61.61040403069511,62.944644927978516,13843395
2023-01-17,62.72488843774042,63.305675622795846,62.59931343849908,63.1722526550293,10640727
2023-01-18,63.52543013895751,63.71378887570182,62.11270585060618,62.21473693847656,9816378
2023-01-19,61.17089439912125,61.80662112843198,60.174138601663465,60.32326126098633,13045860
2023-01-20,60.89619193289499,61.02176691709134,59.38928461970178,60.966827392578125,10351409
2023-01-23,60.91189249407103,62.80336911966952,60.85695296538538,62.60715866088867,13729748
2023-01-24,61.217983877241075,63.454793679533324,60.80201529103148,63.337066650390625,16767395
2023-01-25,62.61499856619653,63.847204440316105,62.340304709559184,63.40769577026367,10652380
2023-01-26,63.94924568164022,64.0277328686571,62.88185820268382,63.68239974975586,8158534
2023-01-27,63.57251407111035,65.91920644052725,63.49402689226405,65.32272338867188,9760244
2023-01-30,64.67915629823808,64.94600224883948,63.313527166519236,63.43910217285156,7175806
2023-01-31,63.14086573003012,63.50189481900186,62.37171223440598,63.16440963745117,8625026
2023-02-01,62.9995744915059,64.72623989446429,62.79551608102092,64.60851287841797,9112192
2023-02-02,64.50648224493538,65.95059831769794,64.27887617881116,65.87995910644531,10391129
2023-02-03,65.5424834266973,65.68375435053143,64.21608682884616,64.32596588134766,7240085
2023-02-06,63.94139102438869,64.70268889831381,63.76088026682213,64.6320571899414,5425114
2023-02-07,64.34166398026062,64.64775724455689,63.21148904875243,64.44369506835938,5891982
2023-02-08,64.11406324701512,64.82827333685621,63.8079699930101,64.32596588134766,4269472
2023-02-09,64.62420571004245,64.8518117636574,63.13299441078964,63.40769577026367,4838334
2023-02-10,63.4234039314528,63.84721674886763,63.10161470692141,63.80012893676758,4373095
2023-02-13,63.72948555775918,65.0794261172748,63.63530993970356,64.89105987548828,5114245
2023-02-14,64.45939383108734,65.77793506041682,64.32597086474995,65.56603240966797,6726731
2023-02-15,64.83612123913159,66.547083264752,64.70269078042821,66.53138732910156,7305617
2023-02-16,65.62095266732446,66.35085857673263,65.12650076113415,65.9662857055664,5645893
2023-02-17,65.60527516735648,65.78579345520083,64.53788388638486,65.1736068725586,5543523
2023-02-21,64.46725625331771,65.44046446765576,64.20825075831985,64.56143188476562,5101965
2023-02-22,64.48292762573182,66.18604135198552,64.43583232511112,65.29131317138672,10829053
2023-02-23,65.52678405715562,66.2488421596669,64.27888206582074,65.09512329101562,10120732
2023-02-24,64.16899914829501,65.7543861906017,64.08266399912286,65.5738754272461,8704340
2023-02-27,65.92705814586817,66.60202091199982,65.52678176417918,65.80148315429688,8007297
2023-02-28,65.62880254475552,67.22204484757542,65.50322757290549,66.48428344726562,11441143
2023-03-01,66.44505840195889,66.99445371535508,65.73084824596286,66.03694152832031,7512988
2023-03-02,65.61311849241551,67.28484076608603,65.4404556884194,67.27699279785156,8546337
2023-03-03,67.41825037163274,68.31297859579574,66.8296153564824,67.79497528076172,9618780
2023-03-06,68.06207846775271,68.98905715285825,67.92853183664646,68.39202117919922,8084105
2023-03-07,68.31345570123632,68.80051073155367,67.63785984830969,67.86567687988281,8643445
2023-03-08,68.16421785180168,68.66698350772133,67.61431322201862,68.32918548583984,7598067
2023-03-09,70.67018719469804,74.58233840574646,70.52092256255078,71.9271011352539,35826152
2023-03-10,72.19419187067022,74.00101029031475,71.3222073857051,71.48717498779297,23152683
2023-03-13,70.465949323326,71.27509205137642,68.86338186555278,69.8924789428711,14201502
2023-03-14,71.62073516845703,73.12117672811522,70.85872401410636,71.62073516845703,14218418
2023-03-15,69.90817033118248,70.5130615234375,67.9128186758488,70.5130615234375,15107797
2023-03-16,70.23027356842898,72.35132459388336,69.57825077693836,72.24919891357422,10183883
2023-03-17,72.1077974173831,72.13921839310225,70.19099774181974,70.92943572998047,12765689
2023-03-20,71.19651556069905,71.66786014640161,70.23811590440948,70.63875579833984,8705343
2023-03-21,71.47147240078709,73.08975766970197,71.45576191407045,72.4141616821289,8553980
2023-03-22,72.65769531048595,72.74411050443337,70.3481108842956,70.37953186035156,8784783
2023-03-23,71.19651240577761,73.01904121849637,71.11795998483608,71.9506607055664,10834691
2023-03-24,71.14938272847313,72.54769846383051,70.95298665163563,71.77783966064453,8342975
2023-03-27,72.4927219855473,73.56110267572139,72.35917533799966,73.30186462402344,7524516
2023-03-28,73.32543196373531,73.63965672611198,72.71268541632844,73.1683120727539,5023152
2023-03-29,73.82033229501225,74.17384073689033,73.58466000042687,73.89103698730469,6162254
2023-03-30,73.80462628117829,74.08743004789649,73.49824927573981,73.8831787109375,6623107
2023-03-31,74.26024381089154,75.1557938784797,74.0874134844752,75.1008071899414,9247391
2023-04-03,75.21866320162962,76.15348972243233,74.91228618369766,76.13777923583984,6199468
2023-04-04,76.16921137596212,76.88408360900067,74.37024792785567,74.66876220703125,8554983
2023-04-05,74.6137841241007,74.88087745944947,73.57682425123635,74.04031372070312,10642230
2023-04-06,73.93817351211472,74.15028009374375,73.48253937670201,73.52967834472656,8025340
2023-04-10,73.71035868091707,74.62162697939205,73.53753581903015,74.12671661376953,7499832
2023-04-11,74.24454574723738,74.59805422638702,73.74963537838647,73.77320861816406,6663078
2023-04-12,74.04814621846648,74.37023367673577,73.6946377915246,73.92245483398438,8768118
2023-04-13,74.14242403837422,74.38595158948972,73.4275518709329,74.07957458496094,11044694
2023-04-14,73.7339247519907,75.13224817928267,73.69464853542391,74.97513580322266,7211767
2023-04-17,75.11653768777721,76.08279269360033,75.00655677160448,76.01994323730469,7676003
2023-04-18,76.20062701693998,77.39469906964878,76.09064610341738,77.35541534423828,8909832
2023-04-19,77.44181782097877,78.01528802386187,77.31612644183372,77.79532623291016,7038101
2023-04-20,78.00745642712951,78.92657256891434,77.81891554636695,78.36882019042969,8661237
2023-04-21,78.54163565967814,78.62019560421314,77.8739024154061,78.17241668701172,5112741
2023-04-24,78.22740714194106,79.16223363899924,78.22740714194106,78.67517852783203,7833505
2023-04-25,80.08921905513787,80.1363580274263,76.63269402148795,77.33185577392578,11649768
2023-04-26,77.16688923570337,77.33971211042073,75.48576191251726,75.58003234863281,8032357
2023-04-27,76.2163425466389,77.13546613125854,75.88639978423785,77.03334045410156,9348633
2023-04-28,76.30274476080017,78.33738018491574,76.10634868352783,77.74819946289062,6279159
2023-05-01,78.15670289550864,80.12849659064426,78.0624324680111,79.48432159423828,7408237
2023-05-02,79.03654383924595,80.15206347948315,78.70660860292101,79.74356079101562,7485046
2023-05-03,80.03422249240379,80.87478603860208,79.58644361467219,79.94780731201172,5917543
2023-05-04,79.72784029252345,79.93209161110796,76.52270619207665,78.02314758300781,9055431
2023-05-05,79.01298105658934,79.93995987367961,78.3609582930825,78.74588775634766,6302841
2023-05-08,78.7301705229888,79.4293321976708,78.7301705229888,79.28007507324219,4282128
2023-05-09,79.16224039915093,80.04994302322783,79.16224039915093,79.34292602539062,6520737
2023-05-10,79.71999877665853,79.86925591526584,77.3475650070125,78.19598388671875,5053224
2023-05-11,78.08600900879551,78.54163565967814,77.63037484811989,78.17241668701172,5117628
2023-05-12,78.22741638269385,78.55735165131556,76.75838812277127,77.61466979980469,4332874
2023-05-15,77.88175951874783,80.37202946519166,77.78748908501318,80.12850189208984,7973716
2023-05-16,79.52360541249644,80.30917478637599,79.25650461597641,79.4450454711914,5523851
2023-05-17,80.02635799194378,81.3696869599461,79.77497523242239,81.28327178955078,6871703
2023-05-18,80.82764934838853,81.91959571394031,79.91638859149116,81.7074966430664,5772320
2023-05-19,82.10815916977225,83.0979801389876,81.57397245933687,81.9039077758789,7230687
2023-05-22,81.77820535286395,83.22366038659749,81.77820535286395,82.1317138671875,4996087
2023-05-23,81.58965987869495,81.80962170072114,79.56287953258571,79.892822265625,5738239
2023-05-24,79.56288178724961,79.71213891721402,78.4866458852456,79.32720947265625,6275400
2023-05-25,79.6571561447294,80.19919798915879,78.98156014028821,79.75141906738281,6737506
2023-05-26,79.80641043393125,81.66036049351403,79.78284470410891,80.7098159790039,6796523
2023-05-30,80.92977360270348,80.96904981703206,79.07582363950806,80.44271850585938,7098370
2023-05-31,79.59431732665514,80.00281257547337,78.32954784738371,79.75928497314453,13358734
2023-06-01,79.50788077859042,82.61875206137424,79.39789987386233,82.22596740722656,7797043
2023-06-02,82.87800563983198,83.82855023853642,82.12385715996174,83.11367797851562,7477278
2023-06-05,83.11367223246923,83.11367223246923,81.7781982421875,81.7781982421875,5108732
2023-06-06,81.95888541277814,83.3572013769566,81.77819979095347,82.8465805053711,7794036
2023-06-07,83.77356476019003,84.3156066412412,82.9879877831178,83.3336410522461,9121088
2023-06-08,83.14509704584992,84.22918817903451,82.980121921583,83.32577514648438,4477596
2023-06-09,83.49861448263867,83.70285833445173,82.54806988950754,83.5064697265625,4365076
2023-06-12,83.51432651312626,83.96996070829852,82.995842855609,83.45147705078125,4677449
2023-06-13,83.29435202316114,84.17419179395733,83.12152166027734,83.85211181640625,5411582
2023-06-14,83.83639902330103,83.89924848001135,81.66821667837736,82.24954223632812,6429268
2023-06-15,82.04528562688085,82.98797484852153,81.69178467855801,82.80729675292969,8733159
2023-06-16,83.23152584708336,85.54897333981631,83.22367060200932,83.49862670898438,13731752
2023-06-20,83.33363266542972,83.43575833805245,81.23615503929116,81.7153549194336,8068443
2023-06-21,81.4168334594896,83.02726347820732,81.3697019995398,82.52449035644531,5983576
2023-06-22,82.21811963401859,83.10581468519123,82.20240914760049,82.34381103515625,5292046
2023-06-23,80.98476789492736,81.9902990611012,80.6312594362333,81.52680969238281,7532911
2023-06-26,81.3304114683281,82.57162241754365,81.19686483318449,82.05314636230469,5326378
2023-06-27,82.19454622987318,82.65017282283478,81.98243966344758,82.42236328125,5973427
2023-06-28,82.71303668510701,84.34703254184518,82.46165386250011,84.09564971923828,6009012
2023-06-29,83.44361557585542,84.70839238423979,83.30221368337979,84.63768768310547,4070746
2023-06-30,85.61964636523378,86.61732979602736,85.31327687428033,86.29524230957031,9250648
2023-07-03,85.67465147689629,85.88675057077913,84.29989368472197,85.06190490722656,3723916
2023-07-05,85.01477154264172,85.61966290836035,84.6534077720852,85.35256958007812,4588235
2023-07-06,84.84979627352384,85.43112185386472,83.94638317344702,84.34703063964844,4594375
2023-07-07,84.16633647876175,85.52537610307064,84.00922411155982,85.05403900146484,4843847
2023-07-10,85.2269979076163,87.05088231977332,85.1955536978471,86.89364624023438,5805400
2023-07-11,87.05088967255148,87.67981149778984,86.65780695584876,87.43610382080078,4746113
2023-07-12,87.49112147937937,88.02571060799285,87.17666435934443,87.42037200927734,5403938
2023-07-13,87.45967795151411,87.90778799370169,87.12163015679974,87.48326110839844,3477075
2023-07-14,87.2631235199998,87.43608167522594,86.5005564697484,86.69709777832031,3405529
2023-07-17,86.80717363238176,88.16721835755781,86.59491018826772,87.37319946289062,4557412
2023-07-18,87.1845260118203,87.91564896665263,86.8857834788494,87.31031036376953,4476718
2023-07-19,86.73641941953576,87.11377249039073,85.55718637602229,86.39051055908203,5604920
2023-07-20,86.50842639081974,87.92350592080106,86.44553797544954,87.45181274414062,5158852
2023-07-21,87.60903371409012,87.9549425147208,86.33546825962912,86.73640441894531,10277106
2023-07-24,86.7914386028437,87.24740211721974,86.52414031674634,86.67351531982422,6687261
2023-07-25,90.0146750952119,92.73477196135475,89.33072598915518,92.10585021972656,21329067
2023-07-26,92.09012446871897,92.28665827781259,89.18921600470159,90.18762969970703,9449750
2023-07-27,90.84799253395326,92.18445395479324,90.3527162291684,90.73793029785156,7752311
2023-07-28,90.82441227305173,91.07598095920011,89.63731830790711,89.9281997680664,5600785
2023-07-31,89.96750840209651,90.21121604565519,89.40147507935356,89.8102798461914,5169252
2023-08-01,89.3778919548615,89.77882815446699,88.26155492838302,89.0083999633789,6595040
2023-08-02,88.81186137903697,89.2285272109383,87.99426685047477,88.02571105957031,5377375
2023-08-03,87.91563241059205,88.96908085687544,87.69550795729762,88.33229064941406,4347409
2023-08-04,88.69391863305614,89.51938154825224,87.89204638485568,88.88259887695312,6118274
2023-08-07,89.25995517359392,90.39201413310155,89.25995517359392,90.19548034667969,4140914
2023-08-08,89.92819567320386,90.27409696439794,88.92977451046049,89.267822265625,4735463
2023-08-09,89.54299005050484,89.56658072417926,88.03357773337656,88.18294525146484,3900213
2023-08-10,88.40304851166582,90.4391884521125,88.40304851166582,89.28353881835938,5853515
2023-08-11,89.25996055986695,90.7143452377385,89.18921109800999,90.0932846069336,4463437
2023-08-14,90.01466307398518,91.07597259862979,89.77881651295304,90.84012603759766,4916020
2023-08-15,90.13259911483969,90.140460166964,89.20494235674796,89.50367736816406,4276614
2023-08-16,89.40932314788702,90.67503500939497,89.20492830949523,89.28353881835938,4614924
2023-08-17,89.6058696357085,89.92819528673768,87.2159597210479,87.23168182373047,5734981
2023-08-18,86.71282162718971,87.99425565358595,86.49269716083812,87.88419342041016,5651281
2023-08-21,88.08073217423272,88.42664099577294,87.27885980712868,88.06501007080078,3686075
2023-08-22,88.16720410011389,88.87474378918074,87.13733877082451,87.78199005126953,3308421
2023-08-23,87.65622335194513,89.43293398309999,87.65622335194513,89.20494842529297,3568043
2023-08-24,88.99268642801975,89.59016401661411,87.27887170545989,87.29459381103516,4211960
2023-08-25,87.61690627994288,88.34016818121844,86.64993672748416,88.02571105957031,3903596
2023-08-28,88.48168056631636,89.84172525412205,88.16721593496041,89.59015655517578,3524313
2023-08-29,89.36216567740209,90.93447370961725,88.77254922590319,90.66718292236328,5833091
2023-08-30,90.2898375561774,90.86372443768882,89.58229775435485,89.86531066894531,6086573
2023-08-31,90.07756309319726,90.3605759731662,89.47222456106972,89.98322296142578,5218620
2023-09-01,90.42347948110205,90.76938831637018,89.2521075754764,89.8102798461914,4435119
2023-09-05,89.37788688104719,89.77096200630783,88.29299412427895,88.74110412597656,4406550
2023-09-06,88.71751520362601,89.67662355734461,87.99425341280033,88.5838623046875,5018014
2023-09-07,88.22223365586578,88.953356516383,87.58545092597716,87.88419342041016,4139035
2023-09-08,87.65621956068448,88.07287787963526,87.43609506505726,87.82917022705078,3170967
2023-09-11,88.24584232982907,89.85745586922481,88.14364112707477,89.82601165771484,5272499
2023-09-12,89.81814412013989,91.83856232468256,89.62160278169867,90.40776062011719,5275255
2023-09-13,90.1640359395742,90.69075640624999,88.55241530555571,89.30712127685547,3508651
2023-09-14,89.91247229369725,92.1451538306965,89.87316703409469,90.91875457763672,6637768
2023-09-15,90.73794149687839,91.12316312845182,89.77883297486423,90.79297637939453,8437076
2023-09-18,91.02095289098459,92.31810157032906,90.34485735511444,91.64201354980469,4700880
2023-09-19,91.20962614638891,91.72849313631643,90.5807044324496,91.35900115966797,3882045
2023-09-20,91.61056472254523,92.50677717537594,90.26623477028109,90.28982543945312,5134919
2023-09-21,89.58228924303945,89.88888528549134,88.09645279424454,88.82757568359375,5760292
2023-09-22,88.75682721515847,88.99267379600404,87.31816457506962,87.45967102050781,6249463
2023-09-25,87.10566365439307,88.08119583788883,87.03485574527431,87.89237976074219,4741101
2023-09-26,87.3259289876026,88.06545227058336,86.34253020760444,86.48413848876953,6022043
2023-09-27,87.0348608915129,87.80584362381269,86.65723623564635,87.23941040039062,5912656
2023-09-28,87.3731432306261,88.89150841205218,87.19219387075137,88.38014221191406,5518337
2023-09-29,88.60827384375516,88.7026818592774,86.46839392209918,86.97189331054688,4924165
2023-10-02,86.89322892376207,87.48326963811567,85.04443217853625,85.58727264404297,5389278
2023-10-03,85.20966137852528,86.53135128062982,84.21052160201303,84.77696228027344,8624900
2023-10-04,84.94216776506057,85.91769977266024,84.46226846966049,85.63447570800781,4876551
2023-10-05,85.2568614349711,85.87050236800098,84.32066285635007,85.53221130371094,4819539
2023-10-06,85.24113017543286,88.03398504258551,84.92643923122002,87.69569396972656,5284026
2023-10-09,87.33379238429136,87.436067117019,86.17731853134168,86.74375915527344,5418473
2023-10-10,87.49114369632535,88.89150059138123,87.20791961719009,87.70355987548828,5707039
2023-10-11,88.11266201660382,89.21406906968868,87.96318701042377,89.10392761230469,3580573
2023-10-12,89.29272943672851,89.48153796157037,87.1371159331545,87.5855484008789,3861746
2023-10-13,87.56194333356294,87.69568490281819,85.48500437460767,86.05144500732422,4578337
2023-10-16,86.45266585464536,87.26298946348226,84.95790101262439,85.86262512207031,5616698
2023-10-17,85.55582977836086,87.08206183433128,85.01298916078738,86.55496215820312,4916647
2023-10-18,85.76822772641795,86.20879353352275,84.50161231212363,84.62748718261719,6080433
2023-10-19,84.70616543336075,85.83117260674025,83.91944181843625,84.13972473144531,5035055
2023-10-20,83.94304257711264,84.36787498692426,83.0225848904458,83.45527648925781,9714760
2023-10-23,83.76995700024742,85.20178824631994,83.54967411304331,83.93516540527344,7300229
2023-10-24,87.36528132156819,90.38628595218115,85.21753413807069,89.38715362548828,15904078
2023-10-25,89.94571446398548,89.94571446398548,87.39674267207204,87.48328399658203,8224191
2023-10-26,87.93170157779892,88.36440064308788,84.1554482254977,85.59514617919922,9738191
2023-10-27,85.94131614343249,86.41334881966162,83.17992799579412,83.66769409179688,6677237
2023-10-30,84.58815826654418,86.91684725853491,84.50948364789573,86.3897476196289,5611435
2023-10-31,86.15372606652299,86.34253461078698,85.0365781365464,85.46141052246094,6349452
2023-11-01,85.20178950067466,85.22538962734667,83.25859207261217,84.375732421875,12703791
2023-11-02,85.65809227189729,85.93344213606314,84.46227726309965,84.79269409179688,9398127
2023-11-03,85.39847673383082,86.10652575792788,85.03658551178711,85.68956756591797,6941620
2023-11-06,85.98063676652608,88.01824217371326,85.39059600994646,87.93956756591797,6131806
2023-11-07,87.60915686685308,88.84430542705442,87.21579132120564,87.95531463623047,5237415
2023-11-08,88.2700025253688,89.72543405997887,88.1047941019297,89.5680923461914,6065021
2023-11-09,89.961449902938,90.29187426877834,88.84430945167387,88.97018432617188,5786605
2023-11-10,89.47368555900664,90.91338369441708,89.04886066962186,90.68523406982422,4382618
2023-11-13,90.58296231775213,91.70011034837613,90.24467874531156,90.88191986083984,5753776
2023-11-14,91.65288679739537,92.48681056148725,90.9212377667422,92.24292755126953,6007634
2023-11-15,92.01478495759197,92.4396173409983,91.03925284251616,91.49555206298828,5245309
2023-11-16,91.72368999451062,93.58822018533012,91.50340712158852,93.57247924804688,5825072
2023-11-17,93.8793238249102,94.46936467670703,93.57249957367377,94.35135650634766,5186418
2023-11-20,94.35133012802429,94.98857106150578,94.1231805610642,94.46147155761719,5190678
2023-11-21,94.24908497036812,94.60310949352046,93.65117738820561,94.31989288330078,3506019
2023-11-22,94.32775217003773,94.79191812080286,93.9029197673866,94.09173583984375,3773785
2023-11-24,94.39069446913045,94.68178531402863,94.15467811737759,94.38282775878906,1981995
2023-11-27,94.17041153806036,94.65817766224887,93.87146150357637,94.38282775878906,3984415
2023-11-28,94.38281783647959,94.49295929043564,93.27354410815946,93.50169372558594,4378107
2023-11-29,94.02878486609416,94.17039314533679,93.18699437868916,93.50955200195312,3792831
2023-11-30,93.65904432896555,95.85399186545915,93.54103615429098,95.82252502441406,10174611
2023-12-01,95.74384047091625,96.9632631632506,95.562898632918,96.37322235107422,5668572
2023-12-04,95.83038270054051,96.30241535473925,95.31901649874348,95.61009979248047,4747116
2023-12-05,95.20100512237575,95.33474670045128,94.39854813316805,94.58736419677734,3688206
2023-12-06,95.25606731084729,96.43614884734767,94.17039380141777,94.2569351196289,3964241
2023-12-07,94.01304787013599,94.42213927468312,92.96670795212096,93.997314453125,5064626
2023-12-08,93.69837520692155,95.05153958231843,93.60397468647969,94.87059020996094,4925418
2023-12-11,94.8705843926781,95.12233413993016,94.12320186047633,94.62670135498047,4643869
2023-12-12,95.18526557951192,96.35747286975348,94.88630808482498,96.23160552978516,4664543
2023-12-13,96.08212982294056,96.26307917846108,94.81551441731526,95.33474731445312,5506309
2023-12-14,95.29540785646668,96.29454004223902,94.32774250596172,95.4684829711914,10454155
2023-12-15,96.30240964885591,97.2936751556392,95.84611044073206,96.94751739501953,13586279
2023-12-18,97.29368069491058,97.4274222771898,96.84525569106422,97.27008056640625,5206215
2023-12-19,97.317280727627,99.11100316489095,97.317280727627,99.07952880859375,5957138
2023-12-20,98.67831814506711,99.29982583931577,96.93966242241677,97.05767059326172,6231921
2023-12-21,97.7342407805405,99.95278810347449,97.70277394437943,99.88985443115234,5185165
2023-12-22,100.22028582760085,100.7237853246367,99.2683538006872,99.6695785522461,4030650
2023-12-26,99.75611876386101,100.47203445344512,99.63024389100856,100.28321838378906,2480063
2023-12-27,99.89747057597627,101.08616481332626,99.85811233151998,100.92085266113281,3314310
2023-12-28,100.7634272298536,101.70808544192094,100.61385082759234,101.01533508300781,3965494
2023-12-29,100.95235346180522,101.14128811273457,99.94472205812332,100.47215270996094,4441133
2024-01-02,99.98406752771794,100.8814957167022,98.5907028757624,99.14962005615234,5189425
2024-01-03,98.49624411383672,98.57496061059791,97.33903635667023,97.66179656982422,4531850
2024-01-04,97.85070757895168,99.007915145614,97.74837615000835,98.13410949707031,4364199
2024-01-05,98.3230476022465,99.45664035080415,98.18922203930852,99.41728210449219,4190157
2024-01-08,99.36216818350213,101.10191546771934,97.77986892780109,100.98382568359375,6920068
2024-01-09,100.18873959369901,101.37743377685547,99.93683178970942,101.37743377685547,4815028
2024-01-10,101.31447450155459,102.47168233545001,101.16490562231343,102.10169219970703,4571320
2024-01-11,102.43231816205518,102.49529135999862,100.6138466637942,102.20402526855469,5014005
2024-01-12,102.81017223286379,102.96761274141888,101.69232279823882,102.17252349853516,5640380
2024-01-16,101.70807243403105,102.21975972496625,100.16513138668638,100.73979187011719,6314619
2024-01-17,100.30683593774212,101.29872399597095,99.33856282842774,99.8817367553711,5031171
2024-01-18,100.13363268182442,101.29084029573657,99.79513673669938,101.19637298583984,6508082
2024-01-19,101.31445734104379,102.37719766707885,100.32256938026852,102.18827056884766,6154611
2024-01-22,102.5582623890237,104.12481837099774,102.54251909102598,103.30611419677734,10052443
2024-01-23,100.47214169123241,103.81780328722759,99.58259266056824,102.29847717285156,13333800
2024-01-24,102.55038121423357,102.64484852585424,99.54322321840084,102.28273010253906,10785198
2024-01-25,102.84165479794092,104.30587178889225,102.09380300477461,102.28273010253906,6086573
2024-01-26,102.75506122381066,104.1011959839675,102.64485061225916,103.27462768554688,4696495
2024-01-29,103.43994566233602,104.02248534890349,102.09381082641089,103.20378112792969,6126544
2024-01-30,103.50291280945294,105.70711751026265,103.29824241027806,105.43158721923828,7871346
2024-01-31,105.30563752284948,105.85669060146682,104.00674013303241,104.24290466308594,6253472
2024-02-01,104.72310661945231,106.63603783056803,104.28226415130923,106.59667205810547,6190572
2024-02-02,106.61241565355057,108.17110006970499,106.30540627525752,107.4862289428711,6103864
2024-02-05,107.04539411196103,109.13938093993333,106.86433111145065,108.40727233886719,7158013
2024-02-06,108.3836480297167,108.94257275746648,107.51771392827757,108.30492401123047,6026178
2024-02-07,109.12362686181339,109.28894654603386,108.58045296488763,109.02915954589844,5807655
2024-02-08,109.14723154121859,109.80062351647392,108.83235055176137,109.46212005615234,4327110
2024-02-09,109.43063890654466,109.76126320937584,108.80086184534534,109.6431884765625,4324604
2024-02-12,109.847859423549,110.85549821123885,109.34404379244255,110.34380340576172,4516313
2024-02-13,110.07615761725428,111.61909870626387,109.17873692161864,111.60335540771484,9054930
2024-02-14,112.57162356729182,115.64175478751191,112.05993628483463,115.32687377929688,13116028
2024-02-15,115.72048179331412,117.20831378555228,115.55516963600228,116.79896545410156,8627532
2024-02-16,117.25554813754133,118.36551836582343,116.90917300823429,117.42086029052734,8616756
2024-02-20,117.31065433604118,118.34977976520462,116.36599622325213,116.99577331542969,7166032
2024-02-21,116.87769989954707,117.60193683745,116.24005110985493,117.35002899169922,5302571
2024-02-22,117.96405139278826,119.85336017323874,117.96405139278826,119.39678192138672,5753024
2024-02-23,119.65657020109764,121.0735575346684,119.58571782422783,120.70355987548828,7066168
2024-02-26,120.96334474384598,122.15991080073275,120.88462071822937,121.83715057373047,7705449
2024-02-27,122.01032410148305,122.02606740018199,120.52249206870485,121.22311401367188,7300354
2024-02-28,121.35693337116547,123.52177229013937,121.08928225601805,122.4983901977539,7633025
2024-02-29,122.79754125938513,123.73432773231697,122.09691931701632,123.50603485107422,8177329
2024-03-01,123.59261282790057,125.41895572762286,123.49028139515389,124.89151763916016,8698201
2024-03-04,125.45834094943896,127.34764991934243,124.83644294317001,126.74937438964844,8402242
2024-03-05,127.15084223058136,127.6467862414407,123.26199911171344,124.2696304321289,8003663
2024-03-06,125.24577277154222,126.72574065208325,124.74982877012143,125.56066131591797,8198755
2024-03-07,127.56018554961119,131.25222998170705,127.19020297202438,131.0711669921875,14393838
2024-03-08,133.4406857040145,138.40012597313577,131.74030403303647,132.2205047607422,21242234
2024-03-11,131.53562045734182,132.5826100135349,128.3001618956617,131.11839294433594,9338609
2024-03-12,131.81903264654818,132.09455545894292,129.04803112003398,131.826904296875,6928589
2024-03-13,130.2918343723071,134.6529993093207,130.2918343723071,133.95237731933594,8462887
2024-03-14,134.0232177730148,134.41683035478124,130.38628989481737,131.26797485351562,9460777
2024-03-15,130.40202630592432,134.22001697413708,129.8037508662349,132.95260620117188,13263757
2024-03-18,133.0077024041617,134.4168178567584,132.7085646963297,133.75555419921875,6228788
2024-03-19,133.67683843560323,136.9201534480632,133.03918972120073,136.5501708984375,9360787
2024-03-20,135.88103291760044,137.58928605371793,135.40870389050184,136.92015075683594,7229434
2024-03-21,137.4633642278477,139.37629583364432,136.25892636682607,139.0535430908203,7890893
2024-03-22,138.7858693823527,139.73052755541596,137.8254679098021,137.8805694580078,6842132
2024-03-25,137.49480394472323,138.16392408201176,136.02270051021537,136.57376098632812,6288181
2024-03-26,136.5738028155276,137.80185545252638,135.7157327741278,136.62103271484375,5056983
2024-03-27,137.77821767558743,141.98193388449556,137.51056657285162,141.79299926757812,12606433
2024-03-28,141.65922888405206,141.67497218651047,137.23507492502893,138.1797332763672,12122274
2024-04-01,138.23481781533727,138.57331379062018,136.23528340838712,138.04588317871094,7399592
2024-04-02,138.61590425248073,142.54169028739184,132.1649892091654,134.6112060546875,20490400
2024-04-03,136.2682962228973,145.9249581364963,136.1302037209611,143.6365509033203,16208500
2024-04-04,144.6525353615388,149.91981288263426,144.2185410612248,145.38246154785156,11880200
2024-04-05,146.50692496906137,154.33877948665136,146.50692496906137,154.1710968017578,14777900
2024-04-08,155.32514936455485,155.7986072136461,151.60649519432792,154.38809204101562,9588800
2024-04-09,154.00340362379066,155.71969395867558,148.87421926637552,152.3857421875,8807300
2024-04-10,149.82115602800357,155.6407880622486,149.58441957014983,154.47686767578125,8075400
2024-04-11,154.93061064727326,156.2819455310332,152.6422033467922,155.53228759765625,6063200
2024-04-12,154.0500853459909,155.11727188070154,151.21414557655848,152.795166015625,6851300
2024-04-15,155.33467473262212,156.8069999433323,150.87819544912742,151.87620544433594,6423700
2024-04-16,150.88806528457192,155.1568115857751,150.19637447032017,154.89988708496094,6187200
2024-04-17,156.12518441256896,156.79710834867998,151.80704331413273,153.8228302001953,6519900
2024-04-18,154.8208250660673,156.1251691596472,151.06592799656198,151.12521362304688,6186600
2024-04-19,151.62917325098715,151.70822578759606,145.03832067323245,146.30313110351562,9566100
2024-04-22,147.06398929080132,150.1074439083189,147.06398929080132,148.40785217285156,7322800
2024-04-23,155.95719795749181,161.70813025254964,151.0066518255534,160.6903533935547,19250900
2024-04-24,159.94923230949252,160.4136564566704,153.71410970606522,157.30104064941406,10416000
2024-04-25,156.21411335246665,159.56388728621687,155.25562208702894,159.34649658203125,5908200
2024-04-26,159.0994425093325,161.43143924393695,158.40775175706162,160.42355346679688,5898000
2024-04-29,161.06582206688543,164.09940030876672,161.06582206688543,162.53814697265625,5371700
2024-04-30,161.61920013623933,164.28715901162917,159.6626989713173,159.8998565673828,6723600
2024-05-01,160.64097850081592,161.36231221976828,156.93547538069447,157.80502319335938,4775800
2024-05-02,159.47494602255844,160.88798548621716,157.52832083187667,160.71011352539062,5030400
2024-05-03,163.33855584153648,163.33855584153648,160.08758648574286,162.1626739501953,3968600
2024-05-06,163.16069477020588,165.98675884740618,163.07176632149447,165.9768829345703,4831600
2024-05-07,165.81877620005315,168.77330250314057,165.23578071626278,166.7772674560547,4781800
2024-05-08,166.1053467608625,168.17054339280355,166.1053467608625,166.8563232421875,4878200
2024-05-09,166.75749463031985,167.3306141810186,165.14684640311484,165.512451171875,4968800
2024-05-10,165.9175912357436,166.7377443030199,161.17454480073485,161.44134521484375,5711300
2024-05-13,161.14491329878442,161.1745561160188,156.97498612687122,157.60739135742188,7768600
2024-05-14,156.75757758292602,158.91171754919924,156.1548152381787,158.1014404296875,6103500
2024-05-15,158.10144709735772,161.7970738512409,157.3405796614376,161.5302734375,7133300
2024-05-16,161.06584188514995,161.97492335517433,159.17850232784096,159.20814514160156,4283200
2024-05-17,159.89985862515925,159.95914425550637,157.212132812743,157.9927520751953,5946300
2024-05-20,158.02240461515146,159.50460577596135,156.93546614386216,157.38999938964844,5586800
2024-05-21,156.06588155751967,159.30695977130824,155.49276204587406,159.08956909179688,5071300
2024-05-22,158.5856146855055,159.8207820577524,157.8346232734343,158.9018096923828,4432200
2024-05-23,160.06785398204966,164.29706687430277,159.83069636162907,163.29904174804688,7411500
2024-05-24,163.8622812569983,167.14287866150585,161.90577994112542,165.344482421875,5500300
2024-05-28,165.01838876020346,166.64880393542515,163.3484397788761,166.55987548828125,5749700
2024-05-29,164.62312380450177,165.44326172308783,161.4512071579808,161.65872192382812,4820800
2024-05-30,161.5401444761604,163.06187930208867,161.2535922461427,162.25160217285156,4384400
2024-05-31,162.34054567686232,163.38798049474977,158.17063362012078,163.1804656982422,11704800
2024-06-03,164.14882157621403,164.81086957238097,157.14295486508502,159.54412841796875,5220500
2024-06-04,159.08957688016488,160.05794399593233,156.47102776384986,159.46507263183594,5598600
2024-06-05,159.9097428051168,161.0065722564329,158.61528954984988,160.62120056152344,4279900
2024-06-06,160.37413837930538,161.2338100656248,157.8642697766658,158.7140655517578,3867300
2024-06-07,158.79313252711432,161.85635399182266,158.20026116724486,159.9986572265625,3341800
2024-06-10,160.07770119647125,161.95514968558572,159.64291984251355,160.90773010253906,4385200
2024-06-11,160.1073351293298,160.3346017053024,157.71605289291224,158.4571533203125,5106400
2024-06-12,159.34649201724815,161.00656506731622,157.29117137692674,159.1389923095703,5790700
2024-06-13,158.6844568117937,158.72399062064565,152.3505134001303,153.8426055908203,8080900
2024-06-14,152.39004349189645,154.74180749612364,151.40190938292434,154.0303497314453,6247400
2024-06-17,154.28723974717653,165.51244241496633,153.60542488538883,161.29310607910156,9564800
2024-06-18,161.46108882054506,163.22985711587472,160.4334360995086,163.01246643066406,5105300
2024-06-20,163.01244093122693,164.32666074888442,161.11522576612222,163.04208374023438,4957200
2024-06-21,162.54803183088833,162.9630462730442,159.38600626370524,162.29112243652344,17195200
2024-06-24,162.1527947141524,162.8049516921955,157.31092908892316,158.63502502441406,5519000
2024-06-25,157.6864111887111,161.70810836254358,156.54017223429975,157.83462524414062,6825500
2024-06-26,156.688426519275,159.10935197217094,155.6508827315398,158.73385620117188,3998000
2024-06-27,158.89194797210226,159.92949167299852,157.70619020439,158.5955047607422,3339700
2024-06-28,158.35835017234945,159.70221302191092,156.02635331804362,157.0836639404297,8641200
2024-07-01,158.76348873294944,159.48482233464887,154.19831445590356,157.0836639404297,4435100
2024-07-02,156.93545840176498,161.00656589774263,156.37221475113336,159.53424072265625,5247300
2024-07-03,159.9591364219122,162.5381667598142,159.62315940351706,161.0658416748047,2577300
2024-07-05,161.30299731049647,161.30299731049647,157.7654758311164,158.5955047607422,4668300
2024-07-08,158.89196720511887,161.836602618211,158.74373804263246,161.58956909179688,3453300
2024-07-09,162.03421027940752,163.6152307220239,161.0954859881102,161.19430541992188,3829900
2024-07-10,161.21406556090102,164.02037774520508,160.61130318230232,163.7338104248047,3904600
2024-07-11,163.50615733733352,163.9911529131638,160.140805780494,160.2694854736328,4553800
2024-07-12,160.22988462724896,160.6456015541324,157.1812787268546,157.38912963867188,5983400
2024-07-15,158.96293999778644,159.11140494087937,156.98332687255,157.93353271484375,5383300
2024-07-16,158.25029076502756,162.19960960075235,158.02262436301402,161.1900177001953,6500700
2024-07-17,160.00222002662565,160.2991650071912,154.9146150508661,155.06309509277344,6041200
2024-07-18,155.76583288450954,158.8045458708217,154.82551979769465,157.17135620117188,5274800
2024-07-19,158.03253087830177,158.80457884489923,156.01331688623875,157.5079345703125,5459800
2024-07-22,158.33936777911708,161.27909467791565,158.141409473805,161.10092163085938,6350500
2024-07-23,164.30789503940315,175.39372590092975,162.94195710302353,170.24673461914062,16428000
2024-07-24,169.75181622363687,171.1078463073692,160.39814773808624,160.64559936523438,7335200
2024-07-25,161.63542483531646,166.48547125508094,160.2694868601805,162.991455078125,8791500
2024-07-26,165.5451683435969,170.86042541791142,164.41678932493653,168.07907104492188,7297700
2024-07-29,169.50438093976248,170.9692904848136,166.68342607698315,168.13844299316406,4886600
2024-07-30,168.74224734268185,172.9489259511947,165.5649761926616,165.7728271484375,5329500
2024-07-31,169.1282412112625,169.99927581265828,166.24791561482763,168.46507263183594,5568800
2024-08-01,169.00947516866916,172.91920817681122,166.50526570532313,168.01966857910156,6112900
2024-08-02,163.88229538820335,165.72332127041886,156.7457827484526,158.64620971679688,8210700
2024-08-05,150.93561342369497,158.27006882948058,148.66894785859483,156.7457733154297,7064800
2024-08-06,158.2997621007834,163.76349875521646,158.13149679137288,160.6159210205078,5056700
2024-08-07,162.74400652540427,164.57515485733177,159.92306665314533,160.47735595703125,4307500
2024-08-08,162.8033735312924,164.634521649783,161.89275333772787,163.92185974121094,3842700
2024-08-09,163.76350856226128,166.1687465951387,162.89248897334255,165.4263916015625,2770100
2024-08-12,165.9212842844149,167.05955582689512,162.9419567686144,165.1690216064453,3173700
2024-08-13,166.04995140015436,166.91109342077272,164.555348856731,166.2479248046875,2942400
2024-08-14,166.78241852219872,167.45547978655588,163.93177057139036,166.23802185058594,4456000
2024-08-15,167.0298457519079,169.0094587385972,166.50524951869514,168.2077178955078,4162500
2024-08-16,168.31660664041078,168.59375126580878,167.13873443084464,167.69302368164062,3305600
2024-08-19,167.8811004519438,169.25693104166123,166.30731156002074,169.18763732910156,4506000
2024-08-20,169.16785294345755,169.16785294345755,167.46538434985948,168.25723266601562,2573900
2024-08-21,168.3661167693077,170.43480903765823,168.11866510744994,169.45489501953125,4102900
2024-08-22,169.98937727826382,170.2269211771191,167.04965070393862,167.9503631591797,2996600
2024-08-23,168.26712042002396,169.63305834823825,167.12884888201202,169.4746856689453,4058000
2024-08-26,168.80160933357521,170.17743989052659,167.85140346431743,169.4746856689453,3707300
2024-08-27,168.9599874166165,169.75183573515656,167.87120919396813,169.24703979492188,3206000
2024-08-28,169.45487343526975,171.40479349059837,168.55414587605725,170.1180419921875,4578700
2024-08-29,170.8604174076599,174.17627569381216,170.73175281463733,171.81063842773438,4262500
2024-08-30,172.18678116697484,173.03801553799687,170.01910206499707,172.8400421142578,5295600
2024-09-03,172.4143975023369,172.96868672855237,161.93235024039058,162.5361328125,6099600
2024-09-04,161.83338280179655,164.92157463139617,161.73439609823225,164.6642303466797,4112400
2024-09-05,163.1003224140209,164.30788761560032,160.85345731229535,162.1798095703125,3144200
2024-09-06,162.83306627459814,164.34746905222968,158.95302650222035,159.5865020751953,3954900
2024-09-09,161.8234945504146,164.68403516310073,161.24940488136244,163.66453552246094,3716000
2024-09-10,165.74311865371186,166.020263304328,162.57574043006247,165.2779083251953,3473200
2024-09-11,164.54546331548417,165.03045890903047,160.5763289736815,164.6543426513672,4258000
2024-09-12,164.81268374596706,169.22722761893144,164.53553911931454,167.9701690673828,5148500
2024-09-13,167.68315740287133,177.49214546741848,167.48519908265857,176.46273803710938,7360800
2024-09-16,176.8982399282441,179.6697014785269,174.46330900320805,179.59051513671875,6844600
2024-09-17,179.65978579673921,180.57040603236422,177.16548410477716,178.4918212890625,5936900
2024-09-18,179.35296441266357,183.8763881145985,178.59080905282804,181.67901611328125,5686500
2024-09-19,185.73719222344747,186.07373792738997,182.40154899812222,184.26239013671875,5021500
2024-09-20,183.11421696186696,185.9252640190962,182.4411557382697,185.51943969726562,9895700
2024-09-23,185.8955918153388,187.8455122006223,185.48976744813226,186.746826171875,3972500
2024-09-24,186.74683151828813,187.8653179417441,185.09385611298487,187.72674560546875,3648900
2024-09-25,187.89497345028823,188.934273316641,186.2815839901097,187.4000701904297,3214800
2024-09-26,187.74702264791523,187.89572261190736,182.9195299709009,182.97900390625,4781500
2024-09-27,182.5626690030233,184.5650438471588,181.53175217645384,183.76211547851562,4452800
2024-09-30,183.4647197649623,187.0630438517459,181.49208200549572,186.93417358398438,5628400
2024-10-01,185.85370433288762,186.57732909226317,183.30612650273963,184.67408752441406,3794000
2024-10-02,183.95046388798391,186.55750054404464,183.11778340740094,184.8128662109375,2879800
2024-10-03,184.87234793590628,185.08052184622764,182.09678151013594,182.28512573242188,3999500
2024-10-04,184.95164458095414,185.52658450731698,183.24665448915243,185.44728088378906,3978300
2024-10-07,184.31720644813672,185.59594128579909,183.18715643149872,184.3370361328125,2514200
2024-10-08,185.98257767585164,188.2228636406871,184.93183104218798,185.83389282226562,3627200
2024-10-09,185.00120080987196,187.76684456854917,184.8723305381996,187.62806701660156,2312600
2024-10-10,186.50791689692159,188.09395896479026,185.75455523377394,186.47817993164062,2300900
2024-10-11,187.75692657917185,190.0963302682982,187.40997515628248,189.4916534423828,2983900
2024-10-14,190.30450104357706,192.2374795024285,189.98730169101574,190.94883728027344,3132900
2024-10-15,192.15818728545264,192.63399386788532,188.10387111496584,188.9068145751953,3824300
2024-10-16,188.83743112583474,190.54242121534068,188.26249120024605,190.5027618408203,2912800
2024-10-17,192.3960909665827,193.099901151989,190.5225863998427,190.9389190673828,2633300
2024-10-18,191.41474513256088,191.75177418645148,189.4718441810618,190.92901611328125,3075900
2024-10-21,191.22639441070677,192.69347357377734,190.34416243165245,192.5348663330078,4728800
2024-10-22,182.88979882687158,183.3854351380555,174.21616338115274,175.11822509765625,15636200
2024-10-23,178.1316863862558,183.36560459797633,178.05238276176067,180.1043243408203,9788600
2024-10-24,180.31246280120337,180.61976998359967,178.06228510290296,178.17132568359375,4366800
2024-10-25,178.42906554701864,179.836670804593,176.74390517530955,177.53692626953125,3974900
2024-10-28,178.4092337816609,179.004003376803,173.68087449019592,173.82955932617188,5687400
2024-10-29,173.03653415658977,173.37356319392563,171.26216294481188,172.53099060058594,5219300
2024-10-30,171.47032859497986,174.98934931895354,171.0044292670544,173.1158447265625,3694000
2024-10-31,170.49888867905858,172.10474546479097,168.94258342326043,170.2808074951172,5177100
2024-11-01,171.25223878320912,173.74034254217278,170.09245172500675,170.2014923095703,3984900
2024-11-04,170.7962820339033,173.15550067501013,169.95369422418062,170.260986328125,4197400
2024-11-05,170.85575361357732,173.93861214304283,170.27090638346252,173.73043823242188,3607300
2024-11-06,179.91596594781134,180.4710761499205,176.94214832883924,179.1824188232422,5939500
2024-11-07,179.44016797558237,179.44016797558237,175.22725947985407,177.2891082763672,5084200
2024-11-08,178.08211239250213,184.7930319733889,177.883860902243,183.19708251953125,4676500
2024-11-11,185.0012060225724,185.83387135771983,182.09676950449173,182.9492645263672,3371900
2024-11-12,183.45482070397205,184.07931213395352,179.0139087262207,181.0460205078125,3158000
2024-11-13,181.3533004661765,184.67406938439777,181.16495627147611,181.95797729492188,3934800
2024-11-14,181.40287737663775,182.19589844493805,175.94097104948196,176.843017578125,5085600
2024-11-15,175.20741195299743,176.36719894689082,174.35491700975732,175.38583374023438,5302100
2024-11-18,175.45523717608918,177.01154230286318,173.60156239188433,175.970703125,2833800
2024-11-19,174.95961418018985,176.32757521057883,174.16659307379595,176.01036071777344,3216000
2024-11-20,176.54565977723598,176.9818070247747,174.46398122375012,176.42669677734375,3225400
2024-11-21,176.85293374292937,179.36085200592143,175.79226488731464,177.14039611816406,4532000
2024-11-22,177.735170369781,180.15387780003596,177.21970441113191,179.5690155029297,3405200
2024-11-25,180.64950423707623,182.0967536038467,177.98297881571483,178.63722229003906,9740700
2024-11-26,179.29147950020112,183.31604404212996,178.84540983248954,182.9889373779297,3918900
2024-11-27,183.02856880159425,183.07813545578182,178.86522698536302,179.02383422851562,2726200
2024-11-29,179.86641074403983,181.37314933539477,179.54921137648168,180.57022094726562,2054700
2024-12-02,179.22209312402703,180.05475849655016,177.85413206515344,178.865234375,2817700
2024-12-03,179.42033159327525,180.64951500079448,178.33984814366315,179.1427764892578,2882300
2024-12-04,178.92470862938225,181.30375687669948,176.4465270694185,181.05593872070312,3713400
2024-12-05,178.75619634764328,179.19235872778427,171.20270369802762,171.4009552001953,7547300
2024-12-06,171.78753771218868,174.29545607950948,170.93504270537005,174.04763793945312,6899600
2024-12-09,173.47268942291282,174.8307279227687,169.27961093660636,169.82481384277344,6500800
2024-12-10,169.51751275337958,171.64875780399782,169.12100978497645,169.77525329589844,5100300
2024-12-11,171.65866094985205,171.65866094985205,166.4643874854101,167.16819763183594,7606400
2024-12-12,167.16819480226775,167.80260860106577,163.01476058214183,163.39144897460938,7808600
2024-12-13,164.2042832634253,166.4049094193024,164.09524268360735,164.56114196777344,4957100
2024-12-16,164.86848231734484,167.72333740087575,164.00606478505128,164.3430938720703,7436000
2024-12-17,164.35299682617188,165.05679188778376,162.10280383389127,164.35299682617188,4855100
2024-12-18,164.55126461927006,165.17577124687918,158.20712552757058,158.55406188964844,8059100
2024-12-19,161.6071681448213,164.323260469958,160.76458039824996,163.36172485351562,6257600
2024-12-20,162.53896519560874,167.60436865460804,161.7360368306355,166.9005584716797,9281500
2024-12-23,166.65275216074812,167.85219871592074,165.09646197413457,167.54490661621094,4127700
2024-12-24,167.76296871281895,169.9933319091797,167.3763730304745,169.9933319091797,2235700
2024-12-26,169.52744002460898,171.1630337232361,168.64520803781642,170.64756774902344,3309700
2024-12-27,169.50574765864204,170.25041325045882,167.77811803153332,168.87030029296875,3188400
2024-12-30,166.0107806217491,168.02634095765384,164.829242117889,166.90438842773438,4117500
2024-12-31,167.3015430141155,167.3511904189493,164.96825133927425,165.60369873046875,2806900
2025-01-02,166.7256668525488,169.48589288507424,166.0306486339742,167.39089965820312,4148000
2025-01-03,168.0164213153238,171.40217127305203,167.79798485674388,170.7369384765625,3975500
2025-01-06,171.9184679406262,172.44469711393816,169.96247831519818,171.22344970703125,4980300
2025-01-07,170.9951011508477,172.46457053500504,169.56534060398658,171.08445739746094,6496400
2025-01-08,170.77663962259805,172.34540359530195,169.49582149154296,171.66030883789062,4527700
2025-01-10,171.1737984503613,172.22627192357052,169.52561671927316,170.46885681152344,5131200
2025-01-13,168.3043702794071,171.29297162773616,167.79800306154067,170.3497314453125,5610800
2025-01-14,171.87876816330234,176.6346929661919,171.17381132119675,175.6020965576172,6432700
2025-01-15,177.7963663966129,179.5934902919733,177.60771535340749,179.00767517089844,7397000
2025-01-16,180.3877825321622,181.57925957842227,177.34954939477095,178.4615936279297,6144700
2025-01-17,179.49421495523504,181.88707765183057,178.68005502024405,181.54949951171875,5899100
2025-01-21,183.58491375597566,187.97349034178754,183.19768819255256,186.1664276123047,7508400
2025-01-22,186.74228689540394,187.8940400566142,185.282741026515,187.02029418945312,7457800
2025-01-23,199.96753431660386,206.17308112571223,196.69101772160326,199.37181091308594,14403500
2025-01-24,201.0597196043371,201.55616335644655,194.12936906696189,195.35061645507812,7835700
2025-01-27,192.95774749816547,195.23146829113804,191.36913663455638,193.076904296875,7674800
2025-01-28,193.91092628453228,195.1520356243587,190.42588156213296,193.04710388183594,4858800
2025-01-29,193.54354489415556,198.51792075434545,193.54354489415556,197.68389892578125,5595800
2025-01-30,198.3888679134432,204.46533514616306,198.06121318909388,204.10791015625,6282100
2025-01-31,204.37597523954344,204.40576065483626,201.62568755909325,202.12213134765625,5507800
2025-02-03,198.57749601111735,203.2738495497073,197.55482311868096,202.65826416015625,4678300
2025-02-04,201.48667008228472,203.08521969800594,199.00445112310652,200.74200439453125,5413800
2025-02-05,202.42992070247865,203.81995722720887,200.35477418663316,203.12493896484375,3239400
2025-02-06,203.54193256868083,204.63411485232433,202.60861591725106,204.59439086914062,3113200
2025-02-07,205.01140826778513,206.36173588374038,203.04549524537973,203.8199462890625,3954400
2025-02-10,204.67383066756236,205.19013641474004,201.95331343657116,203.7603759765625,3787500
2025-02-11,203.54194025850356,207.662417379242,202.98592567500992,207.33477783203125,4110900
2025-02-12,205.22984927980477,209.9162796302027,204.67383468742898,208.14894104003906,4595200
2025-02-13,209.61841595806158,209.79714359626357,204.80292040199942,206.8780517578125,3763300
2025-02-14,207.1759065439509,207.67235028714052,203.51214929516988,206.78868103027344,4268500
2025-02-18,208.3773023809637,210.68080873714786,207.8312263562452,208.5858154296875,4396000
2025-02-19,207.5532004312444,210.27371768904473,207.3943499423068,209.00282287597656,2699100
2025-02-20,208.23828949728414,208.78438064804695,205.67663794937374,207.25534057617188,2969100
2025-02-21,206.8780356454066,207.63262467504262,197.02859367580683,198.40870666503906,5419500
2025-02-24,201.18882483561507,201.8044103166642,196.0257970517066,197.2967071533203,4299100
2025-02-25,197.56474579810896,198.6569280821764,193.4541922521124,197.85269165039062,4121400
2025-02-26,200.32498297788044,203.14479508261644,198.56758295464223,200.17605590820312,3157400
2025-02-27,202.96606890766674,204.0086038536861,199.66969015626884,199.99732971191406,3480200
2025-02-28,200.51363517460052,205.8454515533269,199.60018045810216,205.5078582763672,6117400
2025-03-03,205.6170776219728,206.9971907005858,199.38174506461587,200.52357482910156,5376400
2025-03-04,196.59173455280816,201.59588112985543,191.88544212002554,197.35626220703125,6164200
2025-03-05,197.45552136764667,203.01569712055547,197.27680889964563,201.05970764160156,6221200
2025-03-06,197.58459342546618,198.79591727054756,193.89105107001458,194.65557861328125,5621400
2025-03-07,193.68256107696692,194.3577172671238,186.34510831762634,192.4712371826172,7681300
2025-03-10,188.20383545687002,191.19799714709578,186.92063414566584,191.10845947265625,6195000
2025-03-11,188.92998736437656,192.66024314249282,187.3284787882836,190.7105712890625,5356700
2025-03-12,193.8937317616939,196.2114659822904,191.41683630862585,193.9733123779297,4735000
2025-03-13,193.52565024363327,194.59000854211513,190.66080928291197,191.4068603515625,3837200
2025-03-14,194.34134520626998,196.6590792570316,192.58067542833922,196.0721893310547,3263200
2025-03-17,195.96276305607196,202.5280190572489,195.29629253612762,200.96627807617188,3733000
2025-03-18,200.73747991933394,200.91652489254437,198.4694858546469,199.7327880859375,3983100
2025-03-19,200.26000253217506,205.73104353086305,200.26000253217506,204.4876251220703,3564000
2025-03-20,203.92063573775684,205.08447364226092,202.0405875568735,202.85626220703125,3970800
2025-03-21,201.53327851307867,203.2342665377047,199.7626517661195,203.0552215576172,7976300
2025-03-24,205.83055293062498,209.76970999005414,204.51751069644905,209.1231231689453,4043900
2025-03-25,209.66028246588544,211.6397952342397,209.14301605967194,211.01312255859375,4315200
2025-03-26,211.17224590422606,213.08215009436117,205.60174008141928,206.2781524658203,4791100
2025-03-27,205.2734889968807,206.5964881993683,201.7322352775964,204.7960205078125,3301900
2025-03-28,204.51749074388522,205.77085118765595,198.53912459542792,198.82760620117188,5178400
2025-03-31,196.48996061244864,200.50869763857804,193.42617565720045,199.09616088867188,6923100
2025-04-01,198.50928628902616,203.42327892736378,197.4250289341483,202.71701049804688,3854000
2025-04-02,198.42970381809678,201.1254419426965,197.3852291889065,198.7181854248047,6026500
2025-04-03,188.84044518659738,193.12774961884858,185.73687755977846,186.64208984375,12750500
2025-04-04,178.73393306959377,182.19562093728067,164.54902096111766,165.93170166015625,18167100
2025-04-07,162.35068208330551,174.41680553231768,158.52094682677517,166.81703186035156,18545500
2025-04-08,175.0733380469182,177.41097107517453,165.48409445648633,168.47824096679688,11903400
2025-04-09,164.9369938796636,188.11432044217003,164.82757243184105,186.2840118408203,12548600
2025-04-10,180.942267282298,184.43379639986696,175.03355488804587,180.5543212890625,8150900
2025-04-11,178.06748726647825,183.27990355642254,174.1283456004214,180.71348571777344,6491100
2025-04-14,184.37411930603326,186.62221470993433,182.86211801200645,185.02069091796875,5319100
2025-04-15,182.91184466997782,187.44783304818424,181.33020476094754,184.69241333007812,4999300
2025-04-16,183.10086074583006,184.90132849038022,180.32554186857482,181.4893798828125,5128000
2025-04-17,182.42440638882283,183.26993700323357,180.63388079141927,180.83282470703125,4932000
2025-04-21,178.3460029664741,179.83810522799166,175.0932309648491,177.4109649658203,8501600
2025-04-22,185.51804736209579,188.9996192965051,181.14122014450373,188.18392944335938,13041000
2025-04-23,194.90832751325175,195.9925847377425,191.55607629433456,192.66021728515625,7235700
2025-04-24,193.3068203859824,196.65907188951581,193.02829584922617,196.37060546875,5906300
2025-04-25,197.65380604050253,198.93702246045544,196.2213854686708,197.38522338867188,4390600
2025-04-28,198.44960444214144,200.41917521370664,197.554349140098,199.8024444580078,3416900
2025-04-29,199.43439405331588,201.36416689802584,198.59880524992644,199.4443359375,3444200
2025-04-30,197.55434366282424,200.96627685017305,195.82349959128598,200.47885131835938,4436300
2025-05-01,201.18512386103345,204.15938653340615,199.80244302358878,202.5379638671875,4687600
2025-05-02,205.23370625053394,207.62106387397625,204.47769803296583,206.60643005371094,3831700
2025-05-05,205.22373217061696,209.41157231654978,204.56720356615176,207.8398895263672,4466500
2025-05-06,204.93527601659844,208.72521332899828,204.83579646120432,207.50169372558594,3169600
2025-05-07,207.80010921999565,209.52101148143333,207.12369679096437,208.8147430419922,3968300
2025-05-08,209.88904209253062,215.6585069487733,209.40161657793212,213.3606719970703,5870300
2025-05-09,214.07686971974482,214.9820667960271,211.60991664014395,213.82818603515625,3778200
2025-05-12,218.1851414243878,218.82177113020242,210.0382604597709,217.7971954345703,5468000
2025-05-13,218.84166248492664,222.37297416525956,218.14535113998255,220.41334533691406,7188700
2025-05-14,221.7661822325019,222.1740271497515,219.28928707725905,222.06460571289062,4764700
2025-05-15,222.2735013761742,228.87854023779784,222.2735013761742,228.1722869873047,7207700
2025-05-16,227.8639236127445,231.09681193536656,226.39170507888215,230.5596466064453,4651700
2025-05-19,228.29165445576564,234.6281107702662,227.714706405226,234.05116271972656,4734400
2025-05-20,232.9271172948653,234.83700639509433,232.56901213991927,234.0213165283203,4311000
2025-05-21,233.6234210208946,236.05057641636103,231.4350074470712,232.31036376953125,4631000
2025-05-22,229.97275618435629,231.22611665173918,228.21207122091764,229.05760192871094,6909400
2025-05-23,227.63511622935474,232.4595862553755,226.8094844940538,231.56431579589844,4234200
2025-05-27,234.18047433257857,241.004355945648,233.86216707640736,240.50698852539062,7162400
2025-05-28,240.50699092438236,244.70477320750246,240.32794593695934,242.3870391845703,9570500
2025-05-29,243.2424976998728,243.6503426078,240.21851060789564,242.87445068359375,5243700
2025-05-30,242.10851357178953,245.56024470184212,241.02425623242814,244.61524963378906,9143000
2025-06-02,244.55554882598528,246.79370205436788,243.22259270101694,246.1769561767578,5450800
2025-06-03,246.19687995250015,249.181084557985,242.89435290344113,247.55966186523438,6456200
2025-06-04,248.66381156633324,251.727596701269,248.40518597164126,249.55908203125,5811500
2025-06-05,251.15064649026908,251.6778547377023,248.7931297921828,250.59359741210938,4188200
2025-06-06,251.6679153807254,256.1143813450086,250.74281926201704,254.28407287597656,5796700
2025-06-09,252.68254697803397,253.9757052989237,249.81770579679502,250.08628845214844,5771600
2025-06-10,249.45961652783686,249.9271431442135,238.48769181621964,240.72584533691406,11230900
2025-06-11,241.36246889035553,245.65973082581831,237.25420900924632,244.22731018066406,6940800
2025-06-12,238.7363517958594,242.14828487128662,237.4232945753269,238.72640991210938,8946600
2025-06-13,233.76269668585044,236.7469013243932,232.46953830679197,235.35427856445312,7420300
2025-06-16,236.3490025966409,238.67667846504676,234.8270595151102,235.29457092285156,4505600
2025-06-17,235.48357919913798,237.7117907501706,233.64332881488482,234.5087432861328,5720500
2025-06-18,234.71763371784985,238.25888723208507,231.0172189903246,234.6479949951172,7761100
2025-06-20,238.45782816939234,239.53214357795588,235.2647227735134,238.1096649169922,9142100
2025-06-23,237.98037896560973,247.15183580470853,237.3636330165643,246.5052490234375,8052000
2025-06-24,247.07224532335098,248.07692205119767,244.27704284124115,247.44029235839844,5255700
2025-06-25,248.7633039480093,249.66851634377716,247.17172204728453,248.58424377441406,5197400
2025-06-26,249.85749652843356,254.13485949087155,248.68371667140033,249.67845153808594,6790300
2025-06-27,250.5239693193463,259.1781439988243,250.45433059661582,253.16995239257812,26988000
2025-06-30,254.96048990642507,256.53218798735924,252.5333344159663,256.0348205566406,8135800
2025-07-01,254.40342320895968,254.40342320895968,245.8089152079826,247.7088623046875,7178300
2025-07-02,246.69423768274387,247.818292897031,242.37709216612362,243.4613494873047,6228600
2025-07-03,244.25714001768333,247.39054865407522,243.71003282666837,245.58013916015625,3089500
2025-07-07,246.57634478055925,248.4890230381225,245.54030122399442,247.7020263671875,5336400
2025-07-08,247.05449885980622,248.50893929136433,242.41226148308326,246.10812377929688,5994500
2025-07-09,248.04073797150363,250.760325665703,245.87901286066668,249.37562561035156,5589500
2025-07-10,249.65453683739227,251.716636949492,245.80925268184222,251.60707092285156,5462500
2025-07-11,250.54115954132826,255.90065322593205,250.44153470977355,254.4462127685547,7867200
2025-07-14,255.21326646592095,261.459350862796,255.02398841741913,261.3398132324219,7502200
2025-07-15,262.91380910836926,264.0494470096965,260.7420973299912,263.66094970703125,9392400
2025-07-16,262.9934798455341,265.84256128460487,261.0309894048801,265.1651611328125,11912900
2025-07-17,268.7713519206196,271.75991416021685,257.17574623962054,259.28765869140625,16260200
2025-07-18,264.38818082175726,268.6718057078571,261.5590117087835,262.26629638671875,8619800
2025-07-21,262.68467121198483,265.23490865275437,258.5903249824529,261.8578186035156,5208500
2025-07-22,259.73598863338356,260.50304209587654,253.689122960331,258.0125732421875,4751300
2025-07-23,259.5367145680954,262.72452656165495,258.9589392248922,262.1766052246094,4689800
2025-07-24,262.55517370240716,268.8112299538215,262.1766175901792,266.98822021484375,5206700
2025-07-25,267.8050781407988,271.78982822847263,267.2372743582405,270.5545654296875,4598400
2025-07-28,272.3177931397783,272.39750516233966,266.42038032185746,269.5782775878906,5006400
2025-07-29,271.69023666794715,272.756134222727,268.09398386718357,269.2794494628906,4125300
2025-07-30,269.8871324746444,272.58679210328575,268.4825044431795,272.507080078125,4697000
2025-07-31,272.02891195295,273.89177760440134,268.8510715823938,270.0464782714844,4524000
2025-08-01,264.51766882502005,269.51851919043355,260.7122252331767,268.3529968261719,4416300
2025-08-04,269.47868625345745,275.7945112592189,269.18978337050856,275.1768798828125,3744000
2025-08-05,275.2067500983989,275.94391907077267,267.59586351411025,271.08251953125,4000600
2025-08-06,272.45726272521256,274.00134108473634,268.8809534915189,271.2419128417969,3576800
2025-08-07,270.91320013686624,271.8296756032174,267.70547520217787,270.98291015625,3050400
2025-08-08,272.53694619124883,276.1232270519756,271.5407587522263,273.9615173339844,4467300
2025-08-11,274.10099025431794,275.3561962588576,271.5108966201199,274.15081787109375,3360100
2025-08-12,274.9876246074832,279.4704686606209,274.6489244827273,278.5639343261719,3630100
2025-08-13,279.9286919733521,280.42678573131184,263.0731858274545,267.8349609375,7599600
2025-08-14,271.94924935417697,273.1148022491146,268.45265147183125,268.67181396484375,4481700
2025-08-15,267.8947854608835,268.67181058064324,264.1989075388522,266.828857421875,5203300
2025-08-18,266.87862282852194,268.5820949262336,265.4939380243088,267.4265441894531,2697000
2025-08-19,265.2946632527761,267.9345537744793,262.79422315800963,264.9161071777344,3404900
2025-08-20,264.4479196620784,267.91466303342884,262.8042164019799,265.4241943359375,3854700
2025-08-21,266.1215555332902,270.88333078537204,265.1253679876561,267.685546875,3266400
2025-08-22,268.70166716283023,271.311673566539,265.3544613312277,265.51385498046875,5229300
2025-08-25,265.98206409687606,270.8833200028429,265.5437391621461,265.5935363769531,4301600
2025-08-26,266.95833052589023,273.65271157471545,266.4004679719239,272.8955993652344,4693500
2025-08-27,272.6565330360892,273.6527205438553,271.1921361836237,272.307861328125,2705700
2025-08-28,271.46109760671425,275.6152129172739,271.0925130906744,274.94775390625,3388100
2025-08-29,274.94775572720215,275.2266870169631,270.60439272931956,274.15081787109375,5037100
2025-09-02,272.8557478553789,274.5293355448883,266.9882193387871,274.340087890625,4081200
2025-09-03,274.85807791846497,276.26270584525804,272.55688738342013,274.87799072265625,4120400
2025-09-04,274.7783676067924,281.2834703599314,274.7783676067924,281.1938171386719,4591300
2025-09-05,281.19385463460844,283.3257106284793,270.8235383755635,278.16546630859375,4952600
2025-09-08,278.9325115420681,281.841392538977,274.4396960027644,274.99755859375,5008600
2025-09-09,274.33012194546836,276.0236224752951,272.25803489561764,275.18682861328125,3073600
2025-09-10,276.4918238302215,282.4091799131389,275.8343668443234,282.3294982910156,3206400
2025-09-11,282.648281935466,285.8161507952048,278.5240512152095,280.4865417480469,4016800
2025-09-12,280.48654911085447,282.4490396952075,279.629842456368,280.6160583496094,3249700
2025-09-15,280.9149289539183,286.0154045537568,280.5463444095817,285.6866760253906,3716600
2025-09-16,288.76487048060636,293.6162988207052,287.7387985548846,291.8530578613281,5538400
2025-09-17,290.9764234254873,291.59405485416454,285.407738562075,288.39630126953125,4149600
2025-09-18,289.6016554039499,296.5151989855756,289.1035616611886,295.95733642578125,3977500
2025-09-19,296.654678697744,301.8746913736338,294.2339200121975,299.9919128417969,9652600
2025-09-22,298.95586951169633,300.0018542075959,295.220166453156,299.8723449707031,4192800
2025-09-23,300.4999456216411,304.6042331526434,300.00185188435967,304.46478271484375,3637400
2025-09-24,305.72993382969526,306.0786055305618,297.650867898761,299.15509033203125,5645500
2025-09-25,297.36197188045094,299.0953284203051,293.7458063531853,296.0469970703125,4504500
2025-09-26,298.78651773369404,300.848633211272,291.6338985847678,293.85540771484375,3817600
2025-09-29,295.5908458225106,297.15677852547935,288.9082525154842,292.8679504394531,3860800
2025-09-30,293.945147740601,300.6876136457226,293.147236109462,300.039306640625,4112400
2025-10-01,295.61083015315427,301.44565413645586,294.26432762802654,300.0991516113281,3633300
2025-10-02,301.52541441291515,302.6524866014974,296.0297047393465,298.6728515625,2508200
2025-10-03,298.6828247477028,301.9642949730459,294.69320565639913,296.2292175292969,2817000
2025-10-06,295.0323120408108,298.5132753065693,293.9850492316216,297.446044921875,2759800
2025-10-07,297.296450675248,301.95431396168516,297.11692511969926,300.9569091796875,2578800
2025-10-08,302.61259661513134,303.8793201346929,298.8124869332019,301.7747802734375,2658600
2025-10-09,301.92438549052827,303.2110461498969,295.3315546567034,298.5731201171875,4292500
2025-10-10,298.2240091235511,299.2214138363389,290.7334899902344,290.7334899902344,3380000
2025-10-13,295.23181492149877,296.8077010812338,292.35928428455446,296.7578430175781,2604100
2025-10-14,294.0748172676388,301.5054949424331,291.2521751755017,299.30120849609375,2516500
2025-10-15,300.75742304362984,304.15857673774264,294.95252035965876,299.3410949707031,2773000
2025-10-16,300.8870963026041,302.2634892526673,296.9872401814836,299.06182861328125,2623100
2025-10-17,297.39619535874135,302.17374231863795,296.56833234943144,299.361083984375,3949300
2025-10-20,303.0714005450026,304.6373333481203,300.8871120894466,301.89447021484375,5058700
2025-10-21,306.5024726638929,315.7085296193211,302.2435652674506,305.834228515625,6726600
2025-10-22,306.8017043520388,308.19806490145737,294.03490540701046,297.1169128417969,5212200
2025-10-23,298.37361771792695,306.29301367803964,297.9048362791362,305.5948486328125,3091000
2025-10-24,308.3875601470079,309.4946647482705,302.7821506300686,303.08135986328125,3586800
2025-10-27,306.69198504644567,312.5168252897539,303.709754504401,312.0281066894531,4244400
2025-10-28,311.2900254637117,315.8481724310449,308.64690899019996,308.98602294921875,3058100
2025-10-29,309.19546446718965,314.3021717843785,308.2179968797682,313.46435546875,3596800
2025-10-30,309.6043980159225,314.02289355221063,307.6993513774795,309.9435119628906,3782000
2025-10-31,310.9309305487887,314.1027006188865,306.3827675648617,308.148193359375,4023800
2025-11-03,308.2978265360949,310.88110128841146,305.48513772436655,307.8190612792969,3297600
2025-11-04,305.0263438878001,308.4274979156153,302.28348068198585,303.4105529785156,3938200
2025-11-05,302.662480668558,307.73926714490455,301.7149339897682,304.3181457519531,4711100
2025-11-06,302.9417712074274,307.2305996769687,300.6577056900755,304.4777526855469,3467800
2025-11-07,303.24095266066655,308.1182763013289,296.9273942413986,306.4725341796875,4766500
2025-11-10,309.13565300224883,312.94574672794977,308.11831104150536,311.1304626464844,3716400
2025-11-11,309.6941744740771,311.9084142337457,306.25311591568084,309.9136047363281,2682200
2025-11-12,309.97345975068646,311.6391391446572,301.2162469026415,308.218017578125,3884500
2025-11-13,309.1755343783529,310.57189493623116,301.79471490115264,303.380615234375,4153300
2025-11-14,300.1889161946154,306.00377263698294,295.4811644415059,304.0289306640625,2803300
2025-11-17,306.0237452219258,308.0185548035484,297.7751881213543,299.3511047363281,3076600
2025-11-18,295.0622347827193,300.2986097376662,292.98764628869316,295.2417907714844,4053600
2025-11-19,295.0921571247549,300.8871067726962,294.73310602225564,300.039306640625,2952600
2025-11-20,304.60739363233,306.283026246994,289.72613234179425,289.8657531738281,3733900
2025-11-21,289.8657397836038,290.9529072192673,283.3028304601525,286.6940002441406,5604100
2025-11-24,288.72871845089014,294.05485580288996,286.6241787428383,293.2868347167969,11909200
2025-11-25,293.7256990342098,295.21185272858355,285.46718937309777,292.6784362792969,4693100
2025-11-26,294.4438448725022,297.83501490197676,292.6983865769103,295.8501892089844,4113700
2025-11-28,296.2392107206885,297.90485969868797,294.4937523128379,297.67547607421875,1376400
2025-12-01,294.9824586089825,295.63076561715087,287.2824926223473,287.701416015625,3756300
2025-12-02,290.04529239812956,291.24219028698883,287.71136890939397,288.56915283203125,4255800
2025-12-03,287.2924581209782,288.5990558420451,283.7616369625652,287.74127197265625,4059500
2025-12-04,288.10037142867236,293.7756069563175,286.91345732749244,291.1025390625,4195300
2025-12-05,290.9130438128724,292.51885077812364,281.4177315370353,283.2030944824219,5220300
2025-12-08,284.2603528005847,288.0903833751873,282.564752555897,286.4446716308594,4333200
2025-12-09,286.4546591668383,289.69622463592725,284.0309424675525,284.5695495605469,3553400
2025-12-10,284.7091879640217,285.1380646860986,280.57991783506856,282.8639831542969,5807400
2025-12-11,281.34793550577905,288.60904130746644,278.914295771876,287.6715087890625,5971500
2025-12-12,290.17496216703194,303.22103359226077,289.9455785507024,299.03192138671875,9381900
2025-12-15,299.22141547494033,307.2604950689636,299.131652702903,300.1988830566406,6808600
2025-12-16,296.8874815980293,300.617765372215,296.08953958859433,297.9547119140625,5271300
2025-12-17,298.34371404643423,300.4482539681125,290.8631781682773,291.4217224121094,3802500
2025-12-18,295.23180795684465,301.52542953598964,294.6533265908964,300.90704345703125,4495100
2025-12-19,303.4404426850511,307.6295241599028,302.8519775649544,306.4126892089844,8856400
2025-12-22,308.8463748309896,315.57885689525887,305.1360279424794,313.9132080078125,6959900
2025-12-23,314.18249730373094,316.92536037543016,313.3446809635263,314.71112060546875,2724800
2025-12-24,315.1699106635169,316.3368875896551,314.3021734191874,315.9279479980469,878500
2025-12-26,315.7783459485461,317.23454834240465,313.72369462457203,314.3221435546875,1882300
2025-12-29,312.8842197184218,313.5432633555057,310.7972634375833,311.12677001953125,2773200
2025-12-30,311.486262535626,312.4748127556644,310.1082649724282,311.33648681640625,3155100
2025-12-31,311.68597715539187,312.9041732944955,307.4221687757797,307.5819396972656,2555700
2026-01-02,309.29944751528404,320.51312368529807,308.211036651351,320.283447265625,4340100
2026-01-05,323.3489938781905,328.9508192072935,322.94958179413067,323.8482666015625,5628200
2026-01-06,325.445929446571,332.30593145348126,320.9923950318607,327.0635681152344,4324700
2026-01-07,327.9422963198305,329.7796162138592,322.48025171887207,323.16925048828125,4656800
2026-01-08,329.6697760730963,329.6697760730963,309.8186875399741,313.9826354980469,5771700
2026-01-09,316.6487283796335,321.83118162700293,314.73153820872926,321.1222229003906,3508000
2026-01-12,319.7342597413593,324.06794326251566,318.9454003170298,323.698486328125,4125300
2026-01-13,325.07644885733146,327.6127627532348,324.52726106634043,326.7540283203125,2783900
2026-01-14,324.3475304419613,325.825358159828,315.89981425317103,318.4161682128906,3923600
2026-01-15,320.12365777342126,323.9780587628719,317.48751383228665,319.474609375,4044900
2026-01-16,321.25201606245537,325.0764314023907,318.2364200303548,324.6470642089844,4109700
2026-01-20,321.2819974621772,323.40890413926866,309.2095866688659,311.88568115234375,10372200
2026-01-21,312.6046231857193,319.8640373360623,310.2081202996611,318.0367126464844,9783900
2026-01-22,305.42507593173343,309.5490733001192,294.41112141356314,294.5708923339844,13939000
2026-01-23,296.5679874162109,298.67490360877173,289.64807502339767,293.4425354003906,7780200
2026-01-26,292.57379728823196,298.2954733045231,290.017523545002,294.63079833984375,7844800
2026-01-27,295.080152087447,300.1926995069572,294.1714721438189,297.03729248046875,7452200
2026-01-28,296.56797960347393,297.8361212731819,290.7264830014954,292.0545654296875,7541300
2026-01-29,292.87335248671354,298.7547994968695,289.9076714413705,298.4252624511719,6149900
2026-01-30,296.5679820588995,307.1525693313966,295.948888790244,306.34375,7427800
2026-02-02,305.1554941035552,309.2095861726249,300.5821389002161,308.2609558105469,6727200
2026-02-03,309.4392366203852,311.9755198972293,304.5663303818464,309.4791564941406,4588100
2026-02-04,309.55906368867136,311.32647804482633,301.56070542579266,307.8914794921875,6591900
2026-02-05,306.26384870038396,308.7802025914955,302.0599811318349,305.9243469238281,4461900
2026-02-06,310.23808017268635,322.7099027651075,309.76876260455106,320.5330810546875,5800600
2026-02-09,320.5730299443213,324.017993356991,315.9297998392174,316.2792663574219,4706400
2026-02-10,316.4789710492129,319.60442292357715,315.4205153980666,315.8698425292969,4610600
2026-02-11,318.98533188066506,321.311929193643,312.3050608914394,313.2736511230469,5241100
2026-02-12,317.31774650217847,324.4074247247654,311.20665371266966,312.43487548828125,6163900
2026-02-13,314.7614763322641,326.2047978701952,313.07393219990524,314.9512023925781,4393400
2026-02-17,314.5418024498969,329.9193955861433,314.0425297475955,326.6042175292969,5863600
2026-02-18,329.8694854133246,331.3073932552023,326.02507945376516,329.1005859375,3988900
2026-02-19,327.562846282612,335.3914386749727,325.0964378900386,334.2530822753906,4456700
2026-02-20,338.33713508948534,343.7991798177903,336.3001243502668,342.72076416015625,5035400
2026-02-23,341.65229425149084,342.78065540190806,336.50979166051496,338.49688720703125,5045100
2026-02-24,337.48837633047816,346.2955233657685,330.23892716692006,345.1372375488281,6171900
2026-02-25,345.10724949422536,347.97310029360074,338.16737748085575,342.3912353515625,5030300
2026-02-26,342.1116221372226,343.4796549217846,334.32298026864163,340.3442077636719,4722400
2026-02-27,340.1245169721863,343.2998839157889,337.1788264326252,341.76214599609375,7055100
2026-03-02,340.95335306270624,346.69498934919693,334.84222936551964,345.2370910644531,3981200
2026-03-03,340.1844570095297,340.6338146518562,328.60132368069003,333.65399169921875,5891500
2026-03-04,336.0604366439158,339.7550667523193,332.9350151908864,339.3157043457031,3920400
2026-03-05,336.0903897758773,341.31279307093996,320.3233802046678,326.51434326171875,4825400
2026-03-06,323.19919758076975,324.06792718842297,317.14798452339153,322.6399841308594,4677000
2026-03-09,319.8900146484375,322.0,310.1199951171875,321.92999267578125,5740100
2026-03-10,322.260009765625,331.8800048828125,320.54998779296875,326.5199890136719,4146700
2026-03-11,324.2300109863281,326.20001220703125,321.19000244140625,325.1499938964844,3116000
2026-03-12,318.6400146484375,318.6400146484375,301.1300048828125,306.70001220703125,8007200
2026-03-13,307.3699951171875,309.510009765625,299.04998779296875,299.69000244140625,5770600
2026-03-16,303.7699890136719,305.70001220703125,300.1499938964844,304.0,6327200
2026-03-17,305.4100036621094,306.0,299.0199890136719,302.0899963378906,4787100
2026-03-18,302.82000732421875,304.9700012207031,300.17999267578125,300.9599914550781,3942400
2026-03-19,296.1000061035156,296.239990234375,286.1300048828125,291.6099853515625,7128700
2026-03-20,290.0,293.42999267578125,282.2900085449219,286.7900085449219,10192400
2026-03-23,296.79998779296875,299.8299865722656,290.1700134277344,291.5400085449219,6473800
2026-03-24,287.7099914550781,292.5199890136719,285.29998779296875,290.6300048828125,5028200
2026-03-25,295.1000061035156,297.8699951171875,293.0899963378906,296.55999755859375,4456600
2026-03-26,291.5799865722656,294.0199890136719,282.67999267578125,285.239990234375,5890800
2026-03-27,282.989990234375,284.9700012207031,280.9700012207031,282.80999755859375,4161700
2026-03-30,284.07000732421875,284.7099914550781,270.7900085449219,273.25,8598600
2026-03-31,277.92999267578125,286.489990234375,275.79998779296875,283.7699890136719,7828800
2026-04-01,290.2099914550781,295.5,289.989990234375,292.67999267578125,5242500
2026-04-02,284.8900146484375,289.1099853515625,279.30999755859375,281.1600036621094,5322900
2026-04-06,280.54998779296875,288.7900085449219,278.57000732421875,288.69000244140625,5062800
2026-04-07,285.5,290.1000061035156,283.1199951171875,288.6000061035156,5280500
2026-04-08,309.9200134277344,313.1300048828125,305.29998779296875,308.05999755859375,6432900
2026-04-09,306.0,315.04998779296875,304.1499938964844,313.0199890136719,5470800
2026-04-10,313.0799865722656,313.4700012207031,306.4200134277344,308.3500061035156,3685100
2026-04-13,306.42999267578125,312.1499938964844,304.32000732421875,311.8999938964844,3811500
2026-04-14,315.010009765625,319.1400146484375,313.0199890136719,318.0,3530100
2026-04-15,316.44000244140625,318.5799865722656,311.3999938964844,313.92999267578125,3993700
2026-04-16,313.57000732421875,313.95001220703125,297.8599853515625,298.2900085449219,7373300
2026-04-17,310.1300048828125,314.0,303.8500061035156,304.1300048828125,7733100
2026-04-20,303.8800048828125,305.4700012207031,298.4100036621094,303.6000061035156,5315200
2026-04-21,293.5799865722656,304.29998779296875,284.2099914550781,286.7300109863281,12891500
2026-04-22,286.6499938964844,287.79998779296875,268.9100036621094,276.2900085449219,12777700
2026-04-23,276.489990234375,282.94000244140625,273.3599853515625,282.3399963378906,8591100
2026-04-24,280.6099853515625,286.1300048828125,277.17999267578125,284.6000061035156,9672300
2026-04-27,282.80999755859375,284.8699951171875,280.1000061035156,284.55999755859375,5213300
2026-04-28,283.3699951171875,289.4100036621094,280.54998779296875,289.20001220703125,8417200
2026-04-29,287.2099914550781,289.94000244140625,279.5899963378906,283.57000732421875,9819400
2026-04-30,285.010009765625,291.57000732421875,284.8299865722656,289.92999267578125,7603400
2026-05-01,289.04998779296875,291.760009765625,286.239990234375,286.510009765625,3782900
2026-05-04,286.3999938964844,289.8399963378906,279.4100036621094,280.5199890136719,6133100
2026-05-05,282.4800109863281,290.6600036621094,281.6099853515625,286.67999267578125,6401100
2026-05-06,300.42999267578125,308.3699951171875,299.8599853515625,305.8299865722656,9168300
2026-05-07,308.010009765625,310.0,301.8599853515625,302.6300048828125,5477800
2026-05-08,304.45001220703125,305.4100036621094,296.8299865722656,297.1499938964844,3952200
2026-05-11,296.0299987792969,303.07000732421875,292.8500061035156,300.7699890136719,4562000
2026-05-12,299.7200012207031,300.9100036621094,293.29998779296875,297.45001220703125,4393300
2026-05-13,295.9700012207031,298.3999938964844,291.30999755859375,294.7099914550781,4219900
2026-05-14,295.0299987792969,297.8500061035156,289.0799865722656,291.5400085449219,4683100
