Date,Open,High,Low,Close,Volume
2020-01-02,66.86782800712254,67.87301635742188,66.77261429289413,67.87301635742188,27278000
2020-01-03,66.84751358265558,68.12445823826381,66.81378810886194,67.5179672241211,23408000
2020-01-06,67.02750332749353,69.34286960010469,66.99626735754264,69.31758117675781,46768000
2020-01-07,69.44900196622598,69.59975639798446,69.00765007438353,69.1836929321289,34330000
2020-01-08,69.16931180182212,70.01383328257931,69.06071230813146,69.6761245727539,35314000
2020-01-09,70.51369507317621,70.84842998736566,69.93250016192401,70.40757751464844,33200000
2020-01-10,70.887623572567,71.15888019723822,70.39816911178163,70.8623275756836,26258000
2020-01-13,71.17423095697724,71.4831780112619,70.68428477122993,71.4112777709961,30730000
2020-01-14,71.40980138157744,71.54022369151787,70.80331039967703,70.94316101074219,26076000
2020-01-15,71.06365204779961,71.44847195705131,70.99620868121237,71.3701171875,21550000
2020-01-16,71.6800692002155,71.94042198348346,71.40980383677255,71.91364288330078,26080000
2020-01-17,72.52755882003636,73.42067465653932,72.23051437982828,73.36959838867188,52424000
2020-01-21,73.34380038673889,73.88334730517278,72.90790422686986,73.50497436523438,48930000
2020-01-22,73.87591692725086,74.41396566579424,73.5253143022731,73.58531188964844,28458000
2020-01-23,73.76780967939291,74.06287159574599,73.4092694223647,73.6259765625,26650000
2020-01-24,74.02914675123824,74.097581382054,72.559292859008,72.70757293701172,29786000
2020-01-27,70.99028171808679,71.24021496663292,70.3932113908152,70.99970245361328,34132000
2020-01-28,71.49608309873746,72.14373017574707,70.93174708981847,71.93049621582031,29724000
2020-01-29,72.32522928653594,72.60690544755049,71.67709035915647,72.23795318603516,21566000
2020-01-30,71.31557167668379,72.16604067283447,71.16184346943253,72.116455078125,27110000
2020-01-31,72.79136985685548,72.88112787586384,70.76809153712954,71.05175018310547,43822000
2020-02-03,72.4834173068673,73.70581988228172,72.23348411673724,73.52233123779297,71636000
2020-02-04,72.12836616478646,72.76559372087249,70.51866911081403,71.67808532714844,95880000
2020-02-05,72.58061715621994,72.62871964997271,70.89802869966074,71.7098159790039,36376000
2020-02-06,72.00388176660935,73.47076180394428,71.92949959238207,73.19355010986328,37822000
2020-02-07,72.76807866240974,73.65375637066822,72.6698911484849,73.34927368164062,28360000
2020-02-10,73.25603098424601,74.82555526232004,73.15536156795983,74.81464385986328,38302000
2020-02-11,75.04327053759313,75.86696810584262,74.65547678552417,74.88408660888672,34852000
2020-02-12,75.17170572454793,75.39188605793423,74.81515553865327,75.30907440185547,31042000
2020-02-13,74.88110442539049,75.67206769006663,74.58356058636251,75.0492172241211,22914000
2020-02-14,75.1057482210196,75.37948673334321,74.66042372612603,75.31402587890625,23198000
2020-02-18,75.09632856792217,75.90067759877253,74.9311895426324,75.34923553466797,25642000
2020-02-19,75.73406088600595,75.90961191518042,75.42561318763357,75.61851501464844,22746000
2020-02-20,75.32791507548832,75.72761146175247,74.59645752229817,75.22774505615234,25962000
2020-02-21,74.61233071932669,74.92822421575049,73.31852714783577,73.56498718261719,42520000
2020-02-24,70.56924919541633,71.23028967425653,69.76291752799771,70.41105651855469,49560000
2020-02-25,70.96347552384009,71.25357353245977,68.45520753919676,68.74778747558594,51580000
2020-02-26,69.17725154343258,70.10409286099708,68.26330414608108,68.95359802246094,49776000
2020-02-27,67.39994084412521,67.90873614395468,65.17334092529835,65.20854949951172,62290000
2020-02-28,63.193204492422396,66.5722739739755,62.89070436777219,66.41358947753906,80198000
2020-03-02,67.01560619750184,68.80481127946089,65.71683912302035,68.74778747558594,55430000
2020-03-03,69.31114065170213,69.83233041381229,65.91718724409012,66.33771514892578,56602000
2020-03-04,67.39101599549596,68.57225502928063,66.30201692418471,68.51374053955078,47598000
2020-03-05,66.72602052170116,67.12671582159086,64.54852146480916,65.19914245605469,54380000
2020-03-06,62.9769971984103,64.6035493381855,62.34521781036266,64.25592803955078,64640000
2020-03-09,59.75413741242582,62.12305866079698,59.41097297068797,60.29119873046875,69252000
2020-03-10,62.20537812329449,63.26958060641454,60.227720041786434,63.23585891723633,54872000
2020-03-11,61.901885489595976,62.33133476819371,59.06879829263046,60.04869842529297,54732000
2020-03-12,55.67088167650658,58.95027701384307,54.96918076424431,55.121917724609375,94326000
2020-03-13,58.26791891565671,60.2222672728443,55.15861501655473,60.2158203125,79400000
2020-03-16,54.03390255341104,56.80400657751048,52.91663770594886,53.21021270751953,96520000
2020-03-17,54.084991706538645,55.838496815004454,52.02501762640033,55.44475173950195,83194000
2020-03-18,52.56257466439651,54.79660911099285,51.42497370415476,54.112266540527344,93044000
2020-03-19,53.96497931020589,57.15808978102262,52.34487034827302,55.12786865234375,74064000
2020-03-20,56.08148339433845,56.45737823212612,52.66968337475193,52.972679138183594,82878000
2020-03-23,52.385533632275504,52.90821410094761,50.030002120502026,52.274452209472656,83672000
2020-03-24,54.74652002572422,56.20198931680837,53.87621071144316,56.037349700927734,72468000
2020-03-25,55.768078303487016,56.83872770368654,53.70661738665387,54.62948989868164,90324000
2020-03-26,55.279116700352446,58.093854072789966,54.153917901971255,57.66936111450195,76562000
2020-03-27,55.91139183073007,57.08072809299469,54.747511270415124,55.057945251464844,62794000
2020-03-30,56.16777321835151,57.078247414984624,54.474269571410154,56.84566879272461,58736000
2020-03-31,56.96568065824295,58.1890670209297,56.37010109392205,57.62126159667969,65228000
2020-04-01,55.73931501110959,56.008093464132045,54.22631868304361,54.653289794921875,51970000
2020-04-02,54.54915520216464,55.678322926721385,54.20847268836694,55.3936767578125,56410000
2020-04-03,55.27861844766066,55.4809447712396,53.31336271403317,54.187137603759766,51374000
2020-04-06,56.18562539316482,59.04945270981069,55.7889027932641,58.67455291748047,63320000
2020-04-07,60.3516945343309,60.538652600864694,58.37999159575854,58.643314361572266,61620000
2020-04-08,59.66189584651864,60.24705964616023,58.71224421750471,59.85529708862305,40334000
2020-04-09,60.40971598898934,60.59865278435294,59.132272009251324,59.8339729309082,54028000
2020-04-13,59.58255503814354,60.228219641111785,58.63191212805063,60.0244026184082,38702000
2020-04-14,61.49028400054519,63.26461680088407,60.923466061815894,62.7429313659668,63358000
2020-04-15,61.81460308752658,63.23288132977035,61.194230736716015,62.34968185424805,42236000
2020-04-16,62.837645447215486,63.14609692046677,61.40250825663297,62.35612487792969,57896000
2020-04-17,63.55967676795776,63.971275807142504,62.78111177962652,63.425785064697266,51050000
2020-04-20,62.97402173117988,63.31768179285646,62.307033746712925,62.54060363769531,35292000
2020-04-21,61.62616202853529,61.98767228700058,59.756116084668555,60.111183166503906,49648000
2020-04-22,61.546816874331455,63.469426000735105,61.35292000771885,62.404727935791016,46296000
2020-04-23,62.76822057097703,63.87953802477549,62.50985788688982,63.03749465942383,34202000
2020-04-24,62.23562530613796,63.36181922472336,61.69013452627562,63.3067741394043,37402000
2020-04-27,64.07045614945028,64.1745987676371,62.73449772386327,63.02212142944336,44186000
2020-04-28,63.63406872473429,63.71142467884531,61.0147150018543,61.12430953979492,80700000
2020-04-29,66.69874197813101,67.45003233788705,65.79273212855323,66.55889892578125,108358000
2020-04-30,66.02232428665536,66.94668363522894,65.53336173174351,66.78303527832031,55842000
2020-05-01,65.66180653739475,67.01760531854285,64.94622420976376,65.32608032226562,48872000
2020-05-04,64.87034957246755,65.68065376658639,64.26931430979212,65.60279083251953,30806000
2020-05-05,66.32681171124734,67.98857626005707,66.20432703264936,66.89808654785156,39666000
2020-05-06,67.34341219746076,67.87353091957088,66.70518581908316,66.72006225585938,31732000
2020-05-07,67.50756186268677,68.23604578852895,67.07265681518872,67.90279388427734,30652000
2020-05-08,68.52463821205002,69.25956128997706,68.03815763461286,68.64960479736328,33326000
2020-05-11,68.27522045062422,70.19633927768021,68.21125024917974,69.60423278808594,32718000
2020-05-12,69.833824423372,70.13681640125114,68.16213984874989,68.19536590576172,33918000
2020-05-13,68.2439802222911,68.69872559528177,65.85621326355032,66.86388397216797,40368000
2020-05-14,66.12944679284938,67.31216892241369,65.62263398187353,67.28688049316406,36660000
2020-05-15,66.86040707156998,68.16561392304912,66.40119733074029,68.09024047851562,41544000
2020-05-18,67.52094138012248,69.06715998167876,67.15496289864852,68.69126892089844,47094000
2020-05-19,68.70614443587316,69.05376572383527,68.12494948842443,68.15668487548828,31586000
2020-05-20,68.88863698818672,70.02276472704372,68.80235214483642,69.88043975830078,38262000
2020-05-21,69.97118547184348,70.24244206277815,69.14798739865162,69.76092529296875,30894000
2020-05-22,69.61958897415187,70.26921852029433,69.22534831600099,70.082763671875,28544000
2020-05-26,71.50700292608954,71.66321308887383,70.38825092272327,70.4859390258789,44590000
2020-05-27,70.41799195891424,70.68330099818472,69.15840585469878,70.43187713623047,31684000
2020-05-28,69.42619987696052,71.63097720073782,69.38057930647166,70.33072662353516,35170000
2020-05-29,70.43930990632869,71.24763146868158,70.21863775659739,71.08844757080078,37044000
2020-06-01,70.70065785212817,71.48814791077972,70.53105438742989,71.1553955078125,25162000
2020-06-02,71.16185531852858,71.55857797653256,70.49784106291007,71.52436065673828,23442000
2020-06-03,71.5436985914345,71.85661074693132,70.99423898126727,71.37261199951172,27732000
2020-06-04,71.2501248242787,71.47526904447197,69.72423813412438,70.13533782958984,26982000
2020-06-05,70.201772677835,71.72221085779697,69.80405884772759,71.41078186035156,42642000
2020-06-08,70.72942336173372,71.85610527816216,70.64015718062795,71.80850219726562,33878000
2020-06-09,71.66964305931985,72.78839479746945,71.52681869758881,72.00883483886719,33624000
2020-06-10,72.47647380181667,73.03485462843723,72.12190617651635,72.6346664428711,31762000
2020-06-11,71.46088343383067,71.98505464439063,69.34735477136469,69.52042388916016,47144000
2020-06-12,70.70860183286206,71.13755930153172,68.7220223032862,70.06690979003906,36676000
2020-06-15,68.90501227244624,70.66595575731058,68.79144890467562,70.45470428466797,30468000
2020-06-16,71.85611030985311,72.26126242222357,70.86381565770579,71.73065185546875,30648000
2020-06-17,72.0514946495563,72.51069676200414,71.16829143028149,72.03165435791016,30610000
2020-06-18,71.89826945258076,72.05298894392186,70.72744235742255,71.11821746826172,34862000
2020-06-19,71.40979643273978,71.63295053322123,70.36840054135394,70.6480941772461,52784000
2020-06-22,70.66645003115394,71.95281537744636,70.37783504857579,71.93843078613281,29442000
2020-06-23,72.00487961496944,73.15537446068053,71.65775015871338,72.59896850585938,37752000
2020-06-24,72.56426402456245,73.18463264160842,70.91390265538281,71.04779815673828,31592000
2020-06-25,70.97439400933185,71.52484484122479,70.39518156341698,71.46434783935547,23958000
2020-06-26,71.04430840536872,71.26200677642353,67.19462635933624,67.56853485107422,97640000
2020-06-29,67.45945384242283,69.32702184746623,67.02851386270075,69.28585815429688,45074000
2020-06-30,69.2714637504113,70.61634331706728,68.77803680289975,70.32128143310547,40286000
2020-07-01,70.37683460756695,71.83032132325184,70.12937578150444,71.50897216796875,42182000
2020-07-02,71.99694685942596,73.81591270905315,71.9587569455247,72.89402770996094,57218000
2020-07-06,73.79757524785116,74.88111870181295,73.24365115078267,74.36785888671875,44712000
2020-07-07,74.19330132589292,75.44247559216144,73.87443405399931,73.88534545898438,42364000
2020-07-08,74.42487655792402,74.9391275363047,74.00335737778137,74.56372833251953,31766000
2020-07-09,74.87763965842205,75.83026886920159,74.1665217588181,75.31056213378906,41836000
2020-07-10,75.04228097916123,76.43527091513984,74.42092109962981,76.3197250366211,35918000
2020-07-13,76.86174141702182,78.17191203749789,74.71052246568456,74.99169921875,42954000
2020-07-14,74.0276638809234,75.51585983280482,73.68747324161508,75.4196548461914,38108000
2020-07-15,75.53718469026553,76.18681428524529,74.2775985185989,75.2222900390625,31026000
2020-07-16,74.45957915498776,75.17417766907114,73.80350268613957,75.12508392333984,26484000
2020-07-17,75.22377608107477,75.54710778770762,74.29098718634621,75.2208023071289,34264000
2020-07-20,75.12906443419325,77.80742846308635,74.5191078119618,77.5510482788086,30166000
2020-07-21,78.60186132798782,78.70203135101997,76.99463868090396,77.15828704833984,27486000
2020-07-22,77.14787303751817,77.70675334704666,76.52898757148118,77.60112762451172,24482000
2020-07-23,77.65469369706234,77.87388279477673,74.81119054190296,75.21585083007812,33910000
2020-07-24,74.34505124105762,75.15039166978701,73.76980375376206,74.79235076904297,29902000
2020-07-27,75.04278303062988,76.24781989329986,74.99666304671776,75.84465026855469,27124000
2020-07-28,75.62497000046984,75.67505501708273,74.41100423747882,74.56622314453125,30910000
2020-07-29,74.63315119222594,76.03803598682765,74.53446428373476,75.55106353759766,22676000
2020-07-30,74.28455571214957,76.41296864763162,74.14570389718128,76.28800201416016,36042000
2020-07-31,74.2389001432011,74.63413200047816,72.10404125230761,73.78762817382812,91468000
2020-08-03,73.93889104491423,74.27262713004906,72.98278880477989,73.53026580810547,45482000
2020-08-04,73.72615502792115,74.04353160138255,72.60144805958299,73.06114959716797,37212000
2020-08-05,73.23570970460068,73.88930432200833,72.95799858052132,73.34827423095703,29134000
2020-08-06,73.20247794748174,74.6961294926301,72.99171836772238,74.63066864013672,33306000
2020-08-07,74.8334944269063,75.38146325348332,73.70432315338236,74.30436706542969,27718000
2020-08-10,73.92898865059216,74.73978479263027,73.26893940537893,74.22752380371094,20546000
2020-08-11,74.08766106264545,74.9029290830015,73.30364415071575,73.42018127441406,31098000
2020-08-12,73.74648949020883,74.96392829740739,73.64135561207259,74.7442398071289,22512000
2020-08-13,74.79233103557158,76.21854671384278,74.79233103557158,75.21086883544922,22388000
2020-08-14,75.06011640568661,75.36658911360824,74.33560529912201,74.61479949951172,21942000
2020-08-17,75.1771583632833,75.56446023024378,74.63315451205264,75.19054412841797,19990000
2020-08-18,75.68050663430974,77.23019855885632,75.45983443901895,77.15135192871094,28378000
2020-08-19,76.98818722838891,77.79998205796244,76.36880993674055,76.59741973876953,30472000
2020-08-20,76.36732488551415,78.36085063108287,76.0940857567351,78.16645812988281,26382000
2020-08-21,77.94578197707564,78.94155742131991,77.47517655139052,78.13274383544922,34838000
2020-08-24,78.9708081393401,79.77962926395986,78.10645386630996,78.6078109741211,25638000
2020-08-25,78.35738608042723,79.78459343230226,78.24729589702297,79.63433837890625,25150000
2020-08-26,79.65664865706766,81.96209542076527,79.39283024801047,81.53263854980469,52188000
2020-08-27,81.65561820356022,81.72405283891463,80.27701291660559,80.75853729248047,31350000
2020-08-28,80.80563405926029,81.39475900573815,80.61421536614671,81.29954528808594,22418000
2020-08-31,81.50485803874443,81.5509780158824,80.60033897276564,80.8086166381836,26422000
2020-09-01,80.93903580626339,82.280941701102,80.80861351008971,82.07563781738281,22652000
2020-09-02,82.71684835469105,85.59754248382305,82.32905460313435,85.16561126708984,49522000
2020-09-03,84.27942619556264,84.30323151911709,79.7265559132381,80.80762481689453,63726000
2020-09-04,79.79052798096303,81.07937516659749,76.26814209838817,78.41242218017578,55850000
2020-09-08,75.62496788954304,77.13994312238728,75.20344864833461,75.5555419921875,54032000
2020-09-09,76.81015997905173,77.29713244236171,75.63338552792708,76.72734832763672,39242000
2020-09-10,76.87363960393168,78.0380120006391,75.37700663755594,75.6770248413086,33024000
2020-09-11,75.78117674902929,76.30434911532208,74.03907481748664,75.16675567626953,30706000
2020-09-14,75.95473545699213,77.21184733619498,74.63861724293893,74.82308959960938,42660000
2020-09-15,75.7682830632299,76.9138141369124,75.48115874300053,76.12681579589844,23042000
2020-09-16,76.49180158810144,77.08142606699325,74.95995988574093,74.98475646972656,22128000
2020-09-17,73.68150390377677,74.31873885569544,72.52357866863409,73.74250030517578,40008000
2020-09-18,73.80500821832771,74.14718140405718,70.99423937213804,71.95975494384766,63056000
2020-09-21,70.99424359270485,71.41278150456299,69.55910621020328,70.92085266113281,56908000
2020-09-22,71.92156489906783,72.59847297958909,70.88909790425686,72.39266967773438,33950000
2020-09-23,72.00933895714364,72.05843270651947,69.55909323170627,69.89183807373047,37726000
2020-09-24,69.55909799295081,71.31012111863477,69.53281074002145,70.55982208251953,34552000
2020-09-25,70.66843890745302,71.70437171462316,69.8070583266298,71.36319732666016,30326000
2020-09-28,72.99619210723424,73.04577770670436,71.72123004229934,72.33515167236328,30784000
2020-09-29,72.59551505274186,72.99669461887012,72.10407046257751,72.70014953613281,31816000
2020-09-30,72.44821428907602,73.7008616762661,72.19134227406526,72.67930603027344,40924000
2020-10-01,73.57491890472762,74.14074571140473,73.23472818332145,73.7851791381836,32884000
2020-10-02,72.38325885946809,73.34530884042559,71.77429347982753,72.18341064453125,31222000
2020-10-05,72.53302071478075,73.6264842512072,72.40607158601448,73.53375244140625,21602000
2020-10-06,73.17024916293467,73.61754863021302,71.65824787299684,71.95628356933594,26096000
2020-10-07,72.36737722907078,72.84641961122173,71.07406570647528,72.35894775390625,36108000
2020-10-08,72.67185917570478,73.79160219464296,72.67185917570478,73.56349182128906,26076000
2020-10-09,74.03114275775336,74.97286065480611,73.7405452300247,74.90343475341797,32966000
2020-10-12,76.26963387133897,78.76996475880563,75.83819452463318,77.5882339477539,55344000
2020-10-13,78.2041474056117,78.60830825072733,77.29268191848519,77.71121978759766,39072000
2020-10-14,78.08463641146828,78.54333914498373,76.66139427283109,77.53120422363281,33174000
2020-10-15,76.59195961535212,77.92593541611845,76.42484564784411,77.1359634399414,31210000
2020-10-16,77.45136526093125,78.23885538819876,77.24457825784714,77.74246215820312,34194000
2020-10-19,78.15058813294185,78.5473107543964,75.52181743296583,75.87042999267578,29734000
2020-10-20,75.53123918577117,78.04694597778177,75.40180813556019,76.91827392578125,41670000
2020-10-21,77.84907582540164,80.09501655041937,77.71468849305327,78.64945983886719,60322000
2020-10-22,78.6003693037984,80.00971867518831,78.22745200812956,79.67449188232422,30512000
2020-10-23,80.09055499720758,81.0362377810544,79.93483669697007,80.97970581054688,30548000
2020-10-26,80.08806764416121,80.81108811639827,77.7464214200615,78.56515502929688,35826000
2020-10-27,78.79526157270044,79.44340050716269,78.20315519687098,79.28868103027344,25902000
2020-10-28,76.86520815058896,77.05364551687353,74.80572991828615,74.9207763671875,45174000
2020-10-29,75.22923522407544,78.78583875857211,75.20592931015136,77.20590209960938,55406000
2020-10-30,82.68858716235039,83.37689856838614,79.42208175772936,80.14311981201172,99878000
2020-11-02,80.51158831349478,82.23236700084948,80.0503960166935,80.5502700805664,44228000
2020-11-03,80.86961702118651,82.27003752125272,79.94475820536469,81.60850524902344,31432000
2020-11-04,84.57995112111725,87.77603930665698,84.45201073795255,86.57695007324219,71342000
2020-11-05,87.79686676191484,88.85661240367497,86.33792410566214,87.40262603759766,39758000
2020-11-06,86.84920287648768,87.70017143027276,86.12220968092075,87.26526641845703,28622000
2020-11-09,89.0628918684201,90.09981569190971,87.1571418807164,87.34905242919922,53440000
2020-11-10,85.77953403684037,87.24789727172411,85.10262594054147,86.17377471923828,43022000
2020-11-11,86.70340081963118,87.42245635168302,86.43859116132685,86.6453857421875,31838000
2020-11-12,86.38601724295751,87.5256006507518,86.18616905114561,86.42668151855469,26474000
2020-11-13,86.68356532652022,88.12812330500522,86.08749390814062,87.8866195678711,29744000
2020-11-16,87.48394246884763,88.98156668140368,87.34459128225902,87.9743881225586,25468000
2020-11-17,87.66841068929054,88.12861160522714,87.25334605642084,87.36095428466797,21314000
2020-11-18,87.11202590924145,87.52659876109121,86.21592867248422,86.3185806274414,20108000
2020-11-19,85.9511281733209,87.45172648237379,85.79194422768198,87.2077407836914,20106000
2020-11-20,87.37782799467588,87.69322208223674,86.03889568471133,86.10733032226562,27694000
2020-11-23,86.29775917426349,86.58389223770376,84.80807238631498,85.6699447631836,22530000
2020-11-24,85.66697261307304,87.59999391838477,85.33124637413032,87.47205352783203,27984000
2020-11-25,87.66594925071765,87.79339022162621,86.70141738515697,87.48345184326172,19600000
2020-11-27,87.50377401389918,89.11397029438973,87.50377401389918,88.61856079101562,14790000
2020-11-30,88.05472883709749,88.28730367623308,86.67562420794934,87.00093841552734,32418000
2020-12-01,87.6089081843694,90.33933938625974,87.42889272522542,89.03214263916016,37350000
2020-12-02,89.03214790983743,90.88583053694929,88.52682579597574,90.5005111694336,29424000
2020-12-03,90.28082154312534,91.43577314265566,90.10527053443715,90.34529113769531,24728000
2020-12-04,90.26497019974981,90.72516363204076,89.93618277474572,90.44052124023438,20544000
2020-12-07,90.03336726128934,90.7147397818171,89.41299871935603,90.10676574707031,22288000
2020-12-08,89.68476829721273,90.0542124428041,88.82983471238774,89.82411193847656,19936000
2020-12-09,89.77599364104356,90.6691169876544,87.3778154633778,88.16431427001953,31728000
2020-12-10,87.40757975682408,88.02200081653986,85.9659955088699,87.65801239013672,28688000
2020-12-11,87.27864133152798,88.13704799737961,86.91861796512762,88.0125732421875,18628000
2020-12-14,87.81024388487914,88.75641842182344,86.73958703553363,86.89480590820312,33050000
2020-12-15,87.27170215315259,87.4770060641718,86.36966493036442,87.33220672607422,21352000
2020-12-16,87.7304049543823,87.7304049543823,86.73612785383081,87.13928985595703,24676000
2020-12-17,87.4735400975427,87.61140062901919,85.8479753357281,86.3121337890625,34880000
2020-12-18,86.59281350662172,86.7014130032397,85.04708672490963,85.60348510742188,85256000
2020-12-21,84.7559825869956,86.13806088707005,84.00568362055076,86.01705932617188,33974000
2020-12-22,85.75771792450207,85.92037503992229,84.58987222192447,85.30595397949219,20370000
2020-12-23,85.4899367962746,86.49066096594188,85.35455062268282,85.70317077636719,22974000
2020-12-24,85.74133461268124,86.40633997321149,85.51074231650904,85.99722290039062,9312000
2020-12-28,86.5303238857838,88.61757255277705,86.3770950854727,87.97091674804688,27650000
2020-12-29,88.62898889546618,88.69047715763739,87.03615082463631,87.16756439208984,19726000
2020-12-30,87.52660781278122,87.66347710021199,85.6917739215785,86.10089111328125,21026000
2020-12-31,86.1514640567951,87.15467009608656,86.09294200196078,86.91366577148438,21070000
2021-01-04,87.27864427300177,87.402120207572,84.65731177627322,85.59902954101562,37324000
2021-01-05,85.54744478278593,86.62553228807558,85.14130146810675,86.28931427001953,20360000
2021-01-06,84.31613287098162,86.48371900443895,84.10983770465201,85.43785858154297,46588000
2021-01-07,85.63027223492269,88.16234631256152,85.63027223492269,87.98977661132812,41936000
2021-01-08,88.12961892067057,89.23052068427735,87.33914739180136,89.15464782714844,35484000
2021-01-11,88.12267587614072,88.48766315068418,86.88887738798617,87.09467315673828,34796000
2021-01-12,86.55265041375313,87.67041115596055,85.11553054046577,86.1594009399414,29528000
2021-01-13,85.65803281300867,87.09962451285838,85.65803281300867,86.64636993408203,23432000
2021-01-14,86.72670521887984,87.65305472805,85.59605062771794,85.83656311035156,29212000
2021-01-15,85.74232321836902,86.66469994138102,84.88392424044562,85.67289733886719,31444000
2021-01-19,86.43560673566675,89.45267036457545,85.93127591068698,88.49211120605469,41660000
2021-01-20,90.5699300649502,94.20736973532452,90.22974701111279,93.23292541503906,64152000
2021-01-21,93.90636933143983,95.81211195428514,93.2002001837018,93.43525695800781,58634000
2021-01-22,93.79776835100945,94.4389685259167,93.05589873468317,93.8523178100586,32744000
2021-01-25,94.85304490741599,95.3033257370761,92.19600437288214,93.93760681152344,50586000
2021-01-26,93.5265024141675,95.00230386878823,93.03754741432294,94.6155014038086,31462000
2021-01-27,92.97705264284299,93.25277371377656,89.1273696425718,90.20149230957031,82512000
2021-01-28,90.79954240185926,93.62567923928557,90.79954240185926,91.90044403076172,55278000
2021-01-29,90.94931198226257,91.61977320852743,89.33962239135802,90.6190414428711,44530000
2021-02-01,91.47347570612914,94.99189672698161,91.47347570612914,93.87760925292969,40252000
2021-02-02,94.87238152496506,96.6695245972113,94.53714717102395,95.16942596435547,66332000
2021-02-03,102.43387181043366,104.46756203409969,99.85220519635138,102.10012817382812,97882000
2021-02-04,102.18644332323798,102.61688390731697,100.92090184822626,101.83981323242188,48596000
2021-02-05,102.13386851685974,103.93795810388866,101.65978991268837,103.58537292480469,29866000
2021-02-08,104.13930054000004,104.88315268671433,102.32182512427782,103.37164306640625,28828000
2021-02-09,102.88962324878285,104.06540659089865,102.6515926888036,102.91888427734375,21892000
2021-02-10,103.30319541840504,104.08374671519705,101.77086200517664,103.46882629394531,25102000
2021-02-11,103.69297120693396,103.84173555256167,102.5950434217079,103.58139038085938,20480000
2021-02-12,103.13607633020287,104.11448568687386,102.8286123513811,103.892822265625,18990000
2021-02-16,103.73017139399565,106.37779106891139,103.73017139399565,104.66990661621094,31004000
2021-02-17,103.84075695054456,105.2520964251539,103.56157027886391,105.06266021728516,20294000
2021-02-18,104.38724907315866,105.2297881295189,103.80852842248879,104.42741394042969,22546000
2021-02-19,104.52559936877174,105.06067434938426,103.31758131898079,103.5843734741211,37938000
2021-02-22,101.83831369636844,103.16386022134958,101.5606101179122,101.87104034423828,29466000
2021-02-23,99.87404002469421,102.77555788180933,98.69577487059935,102.16162872314453,34658000
2021-02-24,100.66995712296065,103.56007165959284,100.54548993925555,103.33641815185547,22608000
2021-02-25,101.95385918325073,103.296264656048,99.50212250444032,99.97124481201172,41548000
2021-02-26,100.66549742752122,101.98310623375514,99.23036023728218,100.26679229736328,40042000
2021-03-01,101.56059734973552,102.96052588335621,100.88716247321571,102.63471984863281,26060000
2021-03-02,102.39570360453789,103.87845154552576,101.99055905326092,102.37785339355469,25564000
2021-03-03,101.75648597138567,102.94862875695728,98.88273085300933,99.74610137939453,33892000
2021-03-04,99.91767835282445,102.87920137299997,99.44954734195224,100.86286926269531,49216000
2021-03-05,102.21272019148002,104.44675086190153,100.5578944284976,103.9939956665039,53100000
2021-03-08,103.3488162024733,104.82064494342981,99.43763808766263,99.55219268798828,36868000
2021-03-09,101.6473888421462,102.35007722648686,100.94568414890182,101.18173217773438,33920000
2021-03-10,102.2251105144304,102.2251105144304,100.13885303854282,100.97494506835938,27100000
2021-03-11,102.06741705146506,104.69817024362116,101.97964153853603,104.16606903076172,27702000
2021-03-12,102.96946115627736,103.02896690019689,100.78798996708696,101.65978240966797,33818000
2021-03-15,101.41084443797796,101.90723768058707,100.5583928421277,101.87996673583984,26168000
2021-03-16,102.45273295151992,104.81768533806229,102.12047992122729,103.34040069580078,31900000
2021-03-17,102.57570402029985,104.08968771643904,101.36818547416158,103.257568359375,26382000
2021-03-18,101.56952763068206,102.58960018110442,100.13141662467372,100.23853302001953,31700000
2021-03-19,100.65458057278605,101.01707825730794,99.32556112185357,100.5172119140625,46072000
2021-03-22,100.55045613544077,101.57746751441745,99.87453925617409,100.70220184326172,33536000
2021-03-23,101.16140850104202,102.35950652224362,100.56881023451596,101.22984313964844,28510000
2021-03-24,101.74706227764077,102.53256990725708,100.61839021612809,100.79344940185547,25218000
2021-03-25,100.62085872011362,101.44355733129613,98.98636533405625,100.78996276855469,35616000
2021-03-26,100.75674230960178,101.1336246171234,99.37119076934293,100.4066390991211,27978000
2021-03-29,100.27919338600256,101.6206075032876,99.45053959162658,101.45100402832031,26492000
2021-03-30,101.80755056417289,102.28807603433674,100.97294931413096,101.4847183227539,27312000
2021-03-31,101.87798472633357,103.45792888550099,101.51101496662734,102.28065490722656,42570000
2021-04-01,103.7549679821722,105.91213441854954,103.71430370630291,105.61608123779297,39880000
2021-04-05,106.47746082606572,110.53592048261828,106.38125583923181,110.03852844238281,48510000
2021-04-06,109.63982255502079,110.48682596318324,109.18706739203486,109.55750274658203,35240000
2021-04-07,109.74792488664195,111.30505479925695,109.74792488664195,111.03379821777344,24134000
2021-04-08,112.27207187647824,112.658382510487,111.23117534122576,111.59913635253906,28664000
2021-04-09,111.35167993918043,112.76648496837154,110.94602844319752,112.60283660888672,26146000
2021-04-12,111.78211703998792,111.91947814319695,110.4778940603642,111.3110122680664,25024000
2021-04-13,111.6269058095295,112.24579128521644,111.23315696050524,111.79749298095703,25682000
2021-04-14,112.44216945631923,112.44216945631923,110.88454751475824,111.17662811279297,21002000
2021-04-15,112.1704155210859,113.8589591031954,111.63583238423234,113.32585906982422,29174000
2021-04-16,113.52373007572085,113.77168077567667,112.61523834787371,113.20188903808594,26282000
2021-04-19,112.57854354901255,114.26014079100582,112.57854354901255,113.54951477050781,30290000
2021-04-20,113.93284788352207,114.00772947962533,111.93090021599527,113.01642608642578,22288000
2021-04-21,112.67127568827584,113.06551638343237,111.32093263815867,112.98369598388672,23204000
2021-04-22,112.83740129654701,113.50587995571698,111.09778136352259,111.7027816772461,24146000
2021-04-23,112.42084532744272,114.36081286616997,112.13570353718127,114.05384826660156,29066000
2021-04-26,114.28146844023216,115.27377066190553,113.92441882355446,114.54975128173828,32038000
2021-04-27,114.93159741163268,114.97226168999597,113.37099411833077,113.61002349853516,44386000
2021-04-28,118.6444052488308,120.57247005777245,116.69650771409113,116.98512268066406,81106000
2021-04-29,118.48224361950828,119.22262247919515,117.71954253961522,118.65729522705078,41234000
2021-04-30,117.43043490062821,118.1162643027293,116.36623251844566,116.71038818359375,44856000
2021-05-03,117.2762166409626,118.10139729687744,115.81777346888248,116.19366455078125,28242000
2021-05-04,114.72925560951428,115.29656536605839,111.90906636547629,114.39601135253906,44818000
2021-05-05,115.47708449305684,115.79297039823858,114.46792338467594,114.78976440429688,26636000
2021-05-06,114.371219210084,115.90950775146484,113.71216888819075,115.90950775146484,25190000
2021-05-07,117.22563540770174,117.59061507127338,116.34639717350244,116.63253021240234,28898000
2021-05-10,115.45278230823058,115.59461543086714,113.29065197517465,113.64820098876953,30914000
2021-05-11,111.23415327092532,113.07939883944981,110.78039927471382,112.57258605957031,34186000
2021-05-12,110.3970831268485,111.47765277681279,108.78193027743689,109.11071014404297,46376000
2021-05-13,110.39360709363976,111.0541481508422,109.43155712442402,110.53841400146484,33204000
2021-05-14,112.00130340485505,113.2995712389846,111.5778017225358,112.98516845703125,31996000
2021-05-17,112.25073891210808,113.5504974365383,111.85104254616843,113.50785064697266,21598000
2021-05-18,114.17385549892235,114.43817329757108,112.18231233154226,112.19619750976562,22204000
2021-05-19,110.50815409240448,112.81706629241613,110.35988157512777,112.64399719238281,23684000
2021-05-20,113.61100662106799,114.65239495545593,113.24007185238473,114.40196990966797,32352000
2021-05-21,114.92067224724799,114.99407073122583,113.52669126628258,113.7662124633789,40632000
2021-05-24,114.79570966912145,117.30794312536561,114.65041093317832,117.08429718017578,31832000
2021-05-25,117.62780399643341,118.22288412982375,116.78477317689254,117.175048828125,22440000
2021-05-26,117.3560548531477,118.47034990255696,117.35308107918044,118.03990936279297,21572000
2021-05-27,118.47332287279623,118.47332287279623,116.84726630527486,117.16563415527344,35224000
2021-05-28,117.74781887099097,117.82963927117555,116.67816071964592,116.87651824951172,21482000
2021-06-01,117.74881041841671,118.3076907432192,116.74907000230994,118.08304595947266,23354000
2021-06-02,118.478278661861,118.70094093106418,116.65385700275765,117.55789184570312,21158000
2021-06-03,116.3250685412931,116.88494008609811,115.52121134855334,116.41680908203125,18696000
2021-06-04,117.49242726754059,118.96822874582733,117.15223662042179,118.69746398925781,24458000
2021-06-07,118.49267459500096,119.23999994667244,118.0741366825069,119.13040161132812,24120000
2021-06-08,119.61190790368995,119.98432577535812,118.757466274763,118.93896484375,24240000
2021-06-09,119.58314905326921,119.65504930518125,118.86260289582098,119.41007995605469,17942000
2021-06-10,119.35949314078805,120.801576684723,119.20378241102719,120.75843048095703,25904000
2021-06-11,120.9999507112616,121.08524430564806,119.95657214998066,120.51396942138672,21958000
2021-06-14,120.61611526440987,121.44228719469659,119.90896239653654,121.4417953491211,22098000
2021-06-15,121.44623409294725,121.76906634678457,120.06366395354094,120.42418670654297,21562000
2021-06-16,120.5754393849675,120.88686840654948,118.49067266185558,119.7824935913086,26472000
2021-06-17,119.70812106140869,121.51815815207105,119.51223788888802,120.74554443359375,25842000
2021-06-18,120.37212004101573,120.60618554839238,119.03120533837755,119.12641906738281,46116000
2021-06-21,119.51274587072837,120.99995077102841,118.91567557601743,120.8139877319336,27414000
2021-06-22,120.75198899495656,121.39666231815684,120.07161525109758,121.32772827148438,22390000
2021-06-23,121.09266658134959,122.08645184131146,120.83579457394919,121.12589263916016,19148000
2021-06-24,121.69419951157322,122.04678467759501,121.29748444838773,121.49584197998047,21362000
2021-06-25,120.99992638923504,121.62774069105967,120.5684946468634,121.50425720214844,34594000
2021-06-28,121.67285841404163,121.77849169161071,120.41029860777287,121.53153228759766,28526000
2021-06-29,121.66495804851782,122.01258695892923,120.69348729987999,121.27021789550781,23108000
2021-06-30,120.99447687115277,121.2548296268427,120.35972373185534,121.08869934082031,24474000
2021-07-01,120.72718855138434,121.58212203987887,120.53527798763021,121.4407958984375,18110000
2021-07-02,122.14051324667714,124.37603452212761,122.05075521661516,124.2307357788086,25982000
2021-07-06,124.61852879829608,125.39164190205774,123.56126516970392,125.15559387207031,26404000
2021-07-07,126.11962731057842,126.240621316996,125.1188956447412,125.43726348876953,24060000
2021-07-08,123.0093289727932,124.56595957690325,123.005363941043,124.01898193359375,23790000
2021-07-09,124.00013909575392,124.70381872081973,123.53051741103474,124.48959350585938,18632000
2021-07-12,125.14368334235166,126.02787781640319,124.58132987577834,125.93464660644531,17668000
2021-07-13,125.99713556323269,127.00777981268853,125.63612092477611,126.29765319824219,19240000
2021-07-14,126.90909397847128,128.26638333995623,126.86594777508958,127.18580627441406,23742000
2021-07-15,127.59443383506836,127.64501069030976,125.49280054236102,125.96390533447266,24218000
2021-07-16,126.61651932695658,126.7638005858177,125.11939443436253,125.92919921875,20424000
2021-07-19,125.05590815567551,125.17046276091699,122.49259090531656,123.55680084228516,27968000
2021-07-20,124.49853329699009,126.00161347828765,123.33118692843917,125.1749496459961,26312000
2021-07-21,125.09956240900131,126.55007557282694,124.99046349148195,126.50346374511719,20746000
2021-07-22,126.7960393554764,127.42980128632463,126.45386617760096,127.3687973022461,14302000
2021-07-23,129.36133455179797,132.30550704776215,128.73650906326645,131.92465209960938,41506000
2021-07-26,132.2355886482273,133.13663460885186,131.2169991619108,132.93629455566406,30572000
2021-07-27,133.1500131960715,133.29729444563313,129.0375036233096,130.8187713623047,54710000
2021-07-28,135.19460884795575,137.16333785236336,134.1685888131194,134.9783935546875,95130000
2021-07-29,135.0339491373532,135.54076195696248,134.43193014711593,134.6645050048828,31716000
2021-07-30,133.92810471351868,134.1953963144615,133.15449968254848,133.62213134765625,25576000
2021-08-02,134.00942969336194,134.22712811804664,132.69727646334016,133.74908447265625,21634000
2021-08-03,134.02726631580427,134.61937271017896,132.22665752851483,134.51821899414062,20762000
2021-08-04,134.24000035779645,134.53754419070725,133.38456751331833,134.01783752441406,19676000
2021-08-05,134.56827929751879,135.2323009960872,133.74061681615711,135.1345977783203,17870000
2021-08-06,134.9268333121691,135.35380063089553,134.10165272092112,134.6258087158203,20488000
2021-08-09,134.82816095664558,136.0594850166339,134.23009186471586,135.7906951904297,17760000
2021-08-10,136.21618040832792,136.64316290986423,135.2466997947702,135.68557739257812,19414000
2021-08-11,136.05699411421284,136.55387918721985,135.15444996704406,135.16189575195312,15352000
2021-08-12,134.86086429616063,136.1745155860973,134.31538491071916,136.0693817138672,16506000
2021-08-13,136.12494677939299,136.72648152836254,135.9097302737802,136.59852600097656,15948000
2021-08-16,136.39765092887563,137.22829471350076,134.18990032795978,137.17572021484375,22384000
2021-08-17,136.6208534812792,137.1321307968945,134.96652692198577,135.54127502441406,21716000
2021-08-18,135.38106359666662,135.98061569212976,134.21222682101478,134.33868408203125,19258000
2021-08-19,133.33348946705797,135.23476744461345,133.1495089814083,134.56777954101562,21782000
2021-08-20,134.8851617373076,136.42642391817594,134.14130974243275,136.30294799804688,31194000
2021-08-23,136.83853312618544,139.71971902868404,136.47950099945666,138.8935546875,28454000
2021-08-24,139.4588501005937,140.91531805934204,139.18809294920172,140.10353088378906,19268000
2021-08-25,140.4640639174662,141.02393547801682,140.21711205572637,140.91433715820312,15848000
2021-08-26,140.58805446280763,141.2500786299819,140.19827061437374,140.28109741210938,20610000
2021-08-27,140.49132196701825,143.3278781659032,140.33709435382934,142.82354736328125,28780000
2021-08-30,143.21629858007987,144.77393543856923,142.98124183306933,143.40524291992188,24434000
2021-08-31,143.9572070200469,143.98149662462504,143.09830844171228,143.51138305664062,22448000
2021-09-01,143.81142832765025,145.05514705269138,143.69588243602325,144.02516174316406,21936000
2021-09-02,144.02563035315396,144.32663982177834,142.01127317307444,142.11244201660156,32342000
2021-09-03,141.90765408612546,142.9733397187953,141.23322027346492,142.56124877929688,19850000
2021-09-07,142.65546562838,143.37997686078998,142.44173224208836,143.09780883789062,20124000
2021-09-08,142.91878162510545,143.216310341674,141.8277925519912,142.51312255859375,18344000
2021-09-09,142.66139378468432,143.12754225665788,142.0038341746833,142.36434936523438,15314000
2021-09-10,143.03035897692502,143.5322230716602,139.5843526495749,139.72122192382812,36840000
2021-09-13,140.7859154673757,141.77821775342676,140.09215589506022,141.16578674316406,22094000
2021-09-14,141.8233140691481,142.18780941142742,140.58802520414704,141.37600708007812,19674000
2021-09-15,141.60116132377672,143.2663989340108,140.18883824930154,143.24557495117188,27408000
2021-09-16,142.77050902430236,143.1171466443425,141.23421048693598,142.43280029296875,26190000
2021-09-17,141.858059023679,142.27411498980177,139.31854675119118,139.64584350585938,53384000
2021-09-20,137.02895758765368,137.86058517975945,135.20454353336754,137.58238220214844,46518000
2021-09-21,138.60394429145055,138.86380522550456,137.1445098358899,137.89332580566406,25332000
2021-09-22,138.1620970935906,139.73211352931875,137.41576307062647,139.13356018066406,25056000
2021-09-23,139.83179860304818,140.534986416547,139.25060362210317,140.0584259033203,20952000
2021-09-24,139.38648419130865,141.16380230179908,139.09142223509036,141.0492401123047,22984000
2021-09-27,139.65029458618613,140.77500156753678,138.91933644415815,139.9156036376953,21882000
2021-09-28,137.51840770698303,137.95628643744843,134.25041949465725,134.71656799316406,45772000
2021-09-29,135.85714754159193,136.02675103167505,132.76769140885952,133.25218200683594,30848000
2021-09-30,133.1609261171282,134.43141608042833,132.46120397036233,132.58021545410156,37996000
2021-10-01,133.3453939422307,135.7882166913334,132.97396732571667,135.42372131347656,35360000
2021-10-04,134.84600656635544,134.84600656635544,129.9757666568725,132.56387329101562,51202000
2021-10-05,132.9422266108893,136.09963269834668,132.9422266108893,134.90797424316406,32404000
2021-10-06,133.64542025587158,136.62082849904496,133.44706273306846,136.43734741210938,24364000
2021-10-07,137.75347740127893,138.89405973958108,137.51445558203253,138.08375549316406,25110000
2021-10-08,138.4328463076523,139.1806633910254,138.07629612988345,138.6396484375,26526000
2021-10-11,138.15019117218512,139.55854921153343,137.72072679461957,137.77528381347656,17954000
2021-10-12,138.33665033617203,138.3634370023765,134.64714270868552,135.33050537109375,36332000
2021-10-13,136.27619065855683,136.86879650740957,135.39993366753524,136.4542236328125,19654000
2021-10-14,138.33070229242213,140.17892171906655,137.68702021920703,139.99395751953125,31894000
2021-10-15,140.45366783413928,140.55631979319722,139.60121618297967,140.2091827392578,30274000
2021-10-18,139.92007540027947,141.62547801674657,139.91312902751054,141.6076202392578,20396000
2021-10-19,142.21211472454237,142.4848695628123,141.43107913400408,142.06285095214844,20164000
2021-10-20,142.163011218959,142.3693139266215,140.2175881873202,140.60687255859375,23288000
2021-10-21,140.60690087056568,140.99073718424137,139.34830579006115,140.7229461669922,26292000
2021-10-22,138.00934325689758,139.4305952313603,134.94071143427604,136.43882751464844,50588000
2021-10-25,136.42249557119888,136.8688038613959,134.31391552734996,136.32034301757812,34412000
2021-10-26,138.12193563067672,138.93470665883544,137.17079709217552,138.16656494140625,49236000
2021-10-27,138.26226450047915,147.4314763034353,138.26226450047915,145.0189208984375,85782000
2021-10-28,145.92842739017055,145.95173330507313,143.44147439811337,144.65345764160156,36206000
2021-10-29,143.88877021249704,147.026835739547,143.46378537419665,146.8324432373047,43320000
2021-11-01,146.8324466906108,146.8324466906108,142.05145038269242,142.3207244873047,46924000
2021-11-02,143.39436697063186,145.4072262525026,143.15236379198146,144.24037170410156,33482000
2021-11-03,144.7045091916116,145.46671841466951,143.40574947129778,145.39630126953125,27494000
2021-11-04,145.9185032328249,148.50612573337082,145.1086983387751,147.05213928222656,38412000
2021-11-05,147.94670774549678,149.0952199954821,146.98219111996391,147.63182067871094,38354000
2021-11-08,148.59683920952253,149.38037183168208,147.21376959274264,147.80935668945312,23052000
2021-11-09,148.00970530712945,148.60627612949312,146.03799485146035,147.69778442382812,19530000
2021-11-10,146.29092366960225,146.85625857101513,143.35271371379034,144.6975860595703,29970000
2021-11-11,145.28865935524462,146.3260900126155,144.40693939551036,144.5715789794922,16518000
2021-11-12,145.4136355459288,147.62983079980015,144.21901094660146,147.459228515625,22360000
2021-11-15,147.67991725355816,148.32359927216987,146.36528227383033,147.23509216308594,23508000
2021-11-16,146.93509022325514,147.5430567260628,146.10494573454355,146.66383361816406,18904000
2021-11-17,146.8140636628539,147.34170037420662,146.033028153426,146.83340454101562,19594000
2021-11-18,147.0263053666863,149.34613611805918,146.6722371670169,148.61021423339844,35608000
2021-11-19,148.74613150846403,149.72902066079342,147.67846330504145,147.7057342529297,33682000
2021-11-22,148.10839815896483,148.60131822577375,144.94950861350554,145.1027374267578,30594000
2021-11-23,144.95495136652673,145.45779912839131,142.93366287312807,144.5869903564453,27218000
2021-11-24,144.2810105888424,145.0506504792178,143.18953724894834,144.92221069335938,18040000
2021-11-26,143.16523224151518,143.3725186493825,140.67977786294543,141.01748657226562,30470000
2021-11-29,142.81958339759728,145.098250620001,142.71395011842046,144.33753967285156,32596000
2021-11-30,143.81981989380787,144.80319311094968,140.44075042064517,140.7343292236328,42068000
2021-12-01,142.8195956469263,144.75410739029755,139.75691130496085,139.895263671875,34020000
2021-12-02,140.09214564508795,142.68521600548834,139.06512670151332,141.79408264160156,29194000
2021-12-03,142.50320033510963,143.21630064924545,139.15090244069415,140.83746337890625,41230000
2021-12-06,141.86797350092726,142.67331391025607,139.00116443543868,141.98153686523438,30618000
2021-12-07,144.40301145252772,146.32166315012472,144.0370329543183,146.0623016357422,32240000
2021-12-08,146.3865960515908,147.17657557723103,145.205864201199,146.9717559814453,24270000
2021-12-09,146.38115719853195,147.87779015183264,145.90906116663706,146.4282684326172,23270000
2021-12-10,147.4810753999608,147.75629704872722,145.5014348041652,146.78829956054688,24458000
2021-12-13,146.57011059273268,146.75707245649807,144.32467651369262,144.6311492919922,27070000
2021-12-14,142.78787579064948,143.29567231486587,140.05743659724035,142.7273712158203,38446000
2021-12-15,142.23345653906728,145.51830418302902,140.51664296060125,145.2406005859375,36370000
2021-12-16,145.96410864255435,146.46645697869997,142.42981251292935,143.26095581054688,33650000
2021-12-17,141.33187339915958,142.655437143821,140.141713281487,140.563232421875,50416000
2021-12-20,138.85237592178575,140.61233535579893,138.17894105107746,140.44619750976562,27192000
2021-12-21,140.88904290220043,142.68966664568237,139.35076199155114,142.29641723632812,28756000
2021-12-22,141.89477947536662,145.29913840440884,141.89477947536662,145.21482849121094,26322000
2021-12-23,145.29909901208103,147.028306818594,145.25148836497797,145.71218872070312,26384000
2021-12-27,146.04891135250273,147.1279902675561,145.96311835123439,146.69407653808594,15976000
2021-12-28,147.02084106158438,147.08332813570485,144.857235578729,145.4845428466797,18200000
2021-12-29,145.44245360635534,146.20862807134424,144.4536319624122,145.45286560058594,17788000
2021-12-30,145.49151435657527,146.09254961389885,144.79775486353165,145.00205993652344,15688000
2021-12-31,144.85280491667777,145.4959875927401,143.6646270751953,143.6646270751953,18136000
2022-01-03,143.86594988262885,144.65543012836076,142.53495522830957,143.802978515625,28646000
2022-01-04,144.20414226489285,145.28421989053714,142.5384203965496,143.2158203125,28400000
2022-01-05,143.23613198595936,143.3149785989558,136.55932210214556,136.64559936523438,54618000
2022-01-06,135.87550910453731,138.7928950463076,135.43911342349688,136.6183624267578,37348000
2022-01-07,137.01307300645394,137.31359818480337,134.65357655381717,135.89382934570312,29760000
2022-01-10,133.97070993651408,137.68154008526386,132.07289778436396,137.5327606201172,44408000
2022-01-11,136.87571483847339,139.06660657340043,135.57199131832226,138.5905303955078,28730000
2022-01-12,139.99296095115926,141.4390172004531,139.54120457664413,140.2711639404297,26108000
2022-01-13,140.37975480829834,141.67902912526233,137.27442366179454,137.4509735107422,31436000
2022-01-14,135.9553241572003,139.5883072001904,135.87549384235362,138.33714294433594,29662000
2022-01-18,135.0587297181779,136.00738617411443,134.32827105727515,134.8831787109375,34872000
2022-01-19,135.40437523941512,136.82860852545411,133.90874111772067,134.0089111328125,28648000
2022-01-20,135.1331212999803,136.49784887181025,131.8745463034307,132.21473693847656,29908000
2022-01-21,131.5066158303364,133.7599798995472,129.02016235439484,129.28298950195312,55652000
2022-01-24,124.94532175448224,130.12749709636913,123.47944046052136,129.7317657470703,76622000
2022-01-25,127.68469738972522,128.33829204225916,125.46355309123715,125.89448547363281,46960000
2022-01-26,130.04420204001252,131.90977994463373,126.09979711495389,128.1736602783203,49130000
2022-01-27,130.2276601350221,131.56510157140477,127.87559438564548,127.947509765625,31950000
2022-01-28,128.59616648080828,132.26336732239355,127.43179389269864,132.25790405273438,34362000
2022-01-31,133.06224407236246,134.36250208787934,131.12574979400958,134.1943817138672,39986000
2022-02-01,136.46660753981268,136.6634819687619,133.26705377749363,136.5157012939453,68644000
2022-02-02,150.0101630752151,150.30422616828662,144.32961959181026,146.78680419921875,123200000
2022-02-03,144.51109122384386,148.44804913070055,141.49600300849062,141.91702270507812,71518000
2022-02-04,142.26867081780298,143.6874410729593,139.36317994593287,142.118408203125,57998000
2022-02-07,143.06754453763955,143.06754453763955,137.76139385139092,138.0599365234375,54974000
2022-02-08,137.8868730262489,138.8523885484705,135.8908729676065,138.25631713867188,54284000
2022-02-09,139.80799308806806,141.35620183871598,139.03785374463664,140.43133544921875,40144000
2022-02-10,138.55831786227063,140.3247091861647,136.8261287196153,137.4836883544922,39330000
2022-02-11,137.46386044180338,138.01578678020195,132.30647428852177,133.18174743652344,39958000
2022-02-14,132.1641873631635,135.18274236475278,132.1641873631635,134.4150848388672,34302000
2022-02-15,136.4427979327925,136.9763973849014,134.7081419187358,135.4886932373047,26680000
2022-02-16,135.5263729022058,136.95407185843112,133.81798904852437,136.6089324951172,25022000
2022-02-17,135.1261616337196,135.98952448924578,131.39252475863216,131.45252990722656,38950000
2022-02-18,132.37292423632954,132.97099324127743,129.1292409403073,129.33404541015625,45620000
2022-02-22,128.77366398895006,131.09696037872362,127.17239674726402,128.74937438964844,44990000
2022-02-23,130.56933788926054,130.96853484878528,126.4821167334988,126.54212188720703,32786000
2022-02-24,123.92923223959937,131.90977476291786,123.92923223959937,131.60330200195312,54456000
2022-02-25,132.45726794511472,134.1626707970964,130.67152021704777,133.35733032226562,36406000
2022-02-28,131.95935360321266,134.6387009971114,131.5055996259116,133.9499053955078,38864000
2022-03-01,133.77285909543676,135.13857036774974,132.12647806196426,132.96255493164062,26496000
2022-03-02,133.5244239122076,134.15371378545083,131.9806796935572,133.4683837890625,23520000
2022-03-03,134.8950992840664,135.3210829638196,131.93506660358148,132.80191040039062,24604000
2022-03-04,131.83786771432526,132.75428947542676,129.26908704703752,130.82522583007812,30430000
2022-03-07,130.41015738314775,130.65512671280234,125.25971770982827,125.34253692626953,45112000
2022-03-08,125.2150887124313,130.17410212678502,124.64430578416052,126.06258392333984,40428000
2022-03-09,130.1741142565606,132.63924417090806,128.83567386884616,132.32632446289062,37026000
2022-03-10,130.1899727829365,132.1795256255445,129.83937018372987,131.34393310546875,27102000
2022-03-11,132.39424653455924,132.69873673623212,128.56886893727994,128.805908203125,31526000
2022-03-14,129.18231231398767,129.34000556632407,124.2480949884942,124.91854858398438,38812000
2022-03-15,125.93516041311607,128.79007444618782,124.68995111051669,128.13894653320312,30920000
2022-03-16,129.66136979641874,132.24004824775446,127.6792471066061,132.18798828125,35576000
2022-03-17,132.05753605900716,132.9814035170428,131.1014338034284,132.74188232421875,28264000
2022-03-18,132.3307953908697,135.12718720596732,131.17435293501333,135.00965881347656,44566000
2022-03-21,135.04734336733472,135.92658166615294,132.99332054198618,134.98585510253906,26832000
2022-03-22,134.9858461376951,139.89378371835335,134.9858461376951,138.72146606445312,35496000
2022-03-23,137.56553055143635,138.4442694271566,136.70514886604158,137.14202880859375,25154000
2022-03-24,138.05894880404426,140.45812610885343,136.62133716164368,140.41151428222656,26396000
2022-03-25,140.7526925700073,140.8707203771551,138.59205274099185,140.51168823242188,24126000
2022-03-28,139.74550107592432,140.83847267217368,138.66542339972597,140.29595947265625,35050000
2022-03-29,141.47820601311636,142.6148082235357,140.87418935059165,141.3373565673828,34318000
2022-03-30,141.29221863890226,141.55058130392723,140.43926771554987,140.77499389648438,19884000
2022-03-31,140.88856773781393,140.9431247655112,137.88490447229108,137.92755126953125,37524000
2022-04-01,138.3564676186564,139.31950107652258,137.17373813332352,139.0016326904297,25942000
2022-04-04,139.20794293991247,142.53395362091976,139.1603322944685,141.7995147705078,25942000
2022-04-05,141.69786404034355,141.81835862566132,139.23175060773136,139.43853759765625,21418000
2022-04-06,137.6126258686909,138.21812553888182,134.40612601563646,135.42868041992188,32468000
2022-04-07,134.89509176328988,136.04013849416,133.1272020827794,134.77459716796875,26234000
2022-04-08,134.47208496943966,134.5578779659387,131.87554910979466,132.19491577148438,25142000
2022-04-11,130.7429100506066,131.009702203024,127.61377361707454,127.76750183105469,36884000
2022-04-12,130.5212423290769,130.5212423290769,125.74967490379522,126.66758728027344,32710000
2022-04-13,126.95075200878496,129.26561926423614,126.6938724329844,128.8292236328125,27928000
2022-04-14,129.40993832117093,129.40993832117093,125.56322179244722,125.69116973876953,31598000
2022-04-18,125.95896028482899,127.16151517107208,125.14766477730133,126.62991333007812,20808000
2022-04-19,126.64477542409657,129.26461711503015,125.95844660693362,128.9432830810547,26490000
2022-04-20,129.81904388797793,130.3218916355038,126.45485065417712,126.99041748046875,31696000
2022-04-21,128.1905088826277,129.0320490590413,123.50572537982224,123.79136657714844,36446000
2022-04-22,123.97535142196246,124.37405657587937,117.95015236959706,118.65482330322266,56884000
2022-04-25,118.1247001432462,122.26696285548644,117.53954013860086,122.06513214111328,46128000
2022-04-26,121.29201669374567,121.5057500530437,117.53953053843702,117.6773910522461,73054000
2022-04-27,113.53116592670582,116.2809382238553,111.81237758233146,113.35760498046875,91820000
2022-04-28,115.46071897101857,118.66870208583143,113.17956960106591,117.55094146728516,48884000
2022-04-29,115.77760037683389,116.9533836790152,112.88153803374084,113.17411804199219,42676000
2022-05-02,112.47538421530977,115.78850102043891,111.67698273748518,115.62733459472656,35534000
2022-05-03,115.4760799985851,117.47109620573961,115.08333000535104,116.37217712402344,24968000
2022-05-04,116.07217173392031,121.84743753057185,114.17236904181686,121.25880432128906,49916000
2022-05-05,119.21866011890872,120.04681450711568,114.06277194925556,115.55047607421875,45840000
2022-05-06,114.24030932144473,116.60774359414943,113.08089313905965,114.79769897460938,39710000
2022-05-09,112.32165521736495,114.13368219175439,111.08240126088768,111.58871459960938,40802000
2022-05-10,114.56065130362705,115.29706511899676,111.97501939704058,113.45726776123047,39900000
2022-05-11,112.30827513659509,115.41063248936665,112.30827513659509,112.67127227783203,37534000
2022-05-12,110.46451302431396,113.35809330514908,108.92424196384515,111.91899108886719,53836000
2022-05-13,113.59415004437889,116.90875792873446,112.67376319786906,115.09921264648438,35038000
2022-05-16,114.01318748987721,115.2177324454328,112.95593136795685,113.50687408447266,25990000
2022-05-17,115.88272969753332,115.94174359590812,113.92838521355479,115.51824188232422,23054000
2022-05-18,114.05732544136315,114.45404808670412,110.64105684052672,110.98223876953125,35126000
2022-05-19,110.51807817312684,112.08363775970766,109.09830918068056,109.47916412353516,34144000
2022-05-20,111.03330620451212,111.26390609492667,104.92926089526213,108.01525115966797,48962000
2022-05-23,108.68918571926903,111.22819834582448,107.84962051186193,110.57410430908203,37184000
2022-05-24,104.90495862013972,105.58583172037198,101.04932107319485,105.10133361816406,76780000
2022-05-25,104.1249121947519,105.62700102602575,103.00516898284764,104.93769836425781,40258000
2022-05-26,104.81075232503436,107.75888237900973,104.36245398374581,106.9089126586914,37948000
2022-05-27,108.58553629317109,111.39729602913795,108.24385499776788,111.39580535888672,37914000
2022-05-31,111.82229671590991,114.78630197702584,111.1597731470303,112.82947540283203,50012000
2022-06-01,113.91350798260179,116.14159098002285,112.3216612422036,112.9583969116211,36606000
2022-06-02,113.06551449385536,116.93304735382672,112.02065295107872,116.65831756591797,37992000
2022-06-03,115.11110884827522,115.36798842891481,112.5879638758018,113.60208129882812,26136000
2022-06-06,115.74784575456003,118.36868641474054,115.21177950019366,115.86289978027344,33542000
2022-06-07,114.53387621473067,116.72625878645412,114.10889140185589,116.18919372558594,31590000
2022-06-08,115.80437996795135,117.59855692060148,115.64420478456094,116.23333740234375,26108000
2022-06-09,115.37393150433296,117.32927476403499,113.83515114216875,113.8941650390625,25798000
2022-06-10,111.52326180460535,112.3504249488664,109.46130149167207,110.25028228759766,41452000
2022-06-13,105.91113796225396,107.89969964994525,105.24911389802193,105.52037048339844,47252000
2022-06-14,105.66170449580932,107.03981023394988,104.93272890444857,105.8407211303711,33706000
2022-06-15,107.65522972129614,110.5101358678124,106.78691045306238,108.86473846435547,39698000
2022-06-16,106.34207999882139,107.75787626146192,104.27615475355856,105.16431427001953,51684000
2022-06-17,105.16431896946578,107.80846549966309,104.18491071395393,106.26522064208984,51376000
2022-06-21,108.03656858558827,111.56739132946274,107.70977129217107,110.629638671875,47416000
2022-06-22,109.6502478770662,112.41737098859431,109.47767062090766,110.57361602783203,30774000
2022-06-23,111.31150268168844,111.8183154317785,109.59469700214912,111.32191467285156,28362000
2022-06-24,112.0687608319365,117.11108593640661,112.02660588324883,117.0079345703125,41164000
2022-06-27,117.30349693355397,117.60748019835728,114.23534911421451,114.88399505615234,36420000
2022-06-28,114.85325329027816,116.34790401480238,110.93117041441225,111.08936309814453,35792000
2022-06-29,110.63758563635704,112.23289804690751,109.96365128893204,110.78585815429688,24716000
2022-06-30,109.09829563062534,109.97901690144941,105.87493689608415,108.06979370117188,43170000
2022-07-01,107.04825117092746,108.35445680115731,105.85560889935694,107.84616088867188,35476000
2022-07-05,106.22258079388362,112.44762815748757,104.86479945326545,112.33456420898438,39342000
2022-07-06,112.37324154606672,114.64198891272858,110.5622056578975,113.63282775878906,37432000
2022-07-07,114.13666975081995,118.2124805128393,113.89219223353552,117.80931091308594,40936000
2022-07-08,116.28886476021137,118.7039018756293,115.943218437379,118.3751220703125,38238000
2022-07-11,117.03074427714583,117.03074427714583,114.38510706026808,114.728271484375,31196000
2022-07-12,115.26235327439865,116.01513422724025,112.75805737728307,113.08584594726562,29960000
2022-07-13,110.78535185551783,113.25990236152596,110.28994990879096,110.44070434570312,43722000
2022-07-14,109.3070654727546,110.18233098397805,107.48462664149514,109.46277618408203,37004000
2022-07-15,111.08240810060202,112.21306263725859,109.99092716981522,110.8612289428711,46770000
2022-07-18,111.71664615011223,112.74812177959842,107.48165230582555,108.13623809814453,43164600
2022-07-19,109.94133235969358,113.08534523356836,108.66190591539453,112.87706756591797,36530900
2022-07-20,112.24231974638516,114.45404329391755,111.55798096785527,112.96633911132812,35600400
2022-07-21,113.34321184946066,113.6110028170901,110.19919909252089,113.40271759033203,32676200
2022-07-22,110.09010519867219,111.41911725096242,105.62699282575305,107.01551818847656,48901200
2022-07-25,107.52134719462656,108.96937840173452,105.42864264206895,106.62872314453125,34690900
2022-07-26,105.72617651509084,106.32125667917839,103.21691665250424,104.15912628173828,47991000
2022-07-27,108.36437093577844,112.97625525163264,107.12461749425067,112.13321685791016,59858500
2022-07-28,111.44886566041298,113.40271050995672,110.54632162365938,113.28369903564453,32816600
2022-07-29,112.15306191622032,115.7533033393372,112.13322162287426,115.36650085449219,37223400
2022-08-01,114.35485263414594,115.76321063113234,113.40271539749043,113.91845703125,26034300
2022-08-02,113.06552194158387,115.39625706472798,112.78781836154697,114.1862564086914,20236000
2022-08-03,114.76149298206536,117.6476425585004,114.53338259160023,117.11206817626953,28499000
2022-08-04,116.51698947915064,117.80632850385459,115.93182192650802,117.2211685180664,21602900
2022-08-05,115.2772466831336,117.14183328630476,115.04912870198066,116.507080078125,19159500
2022-08-08,117.4195241692398,119.16509908636492,115.92189993370644,116.33846282958984,19138300
2022-08-09,116.17977170860331,116.35829650347921,114.76149349565979,115.6739501953125,19086500
2022-08-10,117.80632384689984,119.92878102588605,117.43936168959127,118.71878051757812,30930400
2022-08-11,120.28583826796728,120.49411594083621,117.58813353334271,117.86583709716797,24293700
2022-08-12,119.2741980957184,120.68255615234375,118.48075288719056,120.68255615234375,19096300
2022-08-15,120.13705235093609,121.29746720302249,119.62131830200613,121.07926940917969,19494800
2022-08-16,120.5238677790755,121.42641192061868,119.65108407641937,120.702392578125,19041200
2022-08-17,119.13534985161822,120.29575726084148,118.40141036356964,118.57002258300781,22847000
2022-08-18,118.45100459562921,119.82960983443398,117.74682554009155,119.1849365234375,17987700
2022-08-19,118.08404022953236,118.17330641726673,115.80289830486177,116.24920654296875,21809500
2022-08-22,114.25568050831775,114.6821560186315,112.91674823026226,113.30355072021484,21456600
2022-08-23,112.54977631975122,114.06723327503279,112.50018315686643,112.9266586303711,15870400
2022-08-24,112.5696116974473,113.83911800192885,111.94477869138811,112.758056640625,17734600
2022-08-25,113.3035459506188,115.76322014148404,113.17461431501371,115.69379425048828,16956800
2022-08-26,113.77962535824993,114.17634801578959,109.28675961123744,109.4355239868164,37245700
2022-08-29,109.08838330000286,110.040513040239,107.90814316272662,108.52305603027344,21191200
2022-08-30,109.26691796550223,109.59421472143957,106.91635005815553,108.04700469970703,27513300
2022-08-31,109.74298212503663,109.94133965972561,107.24363481356808,107.33290100097656,28627000
2022-09-01,107.39240764031874,109.5446179336816,106.47995086620014,108.84043884277344,28360900
2022-09-02,109.68346459238305,109.832236521105,106.38076712239958,106.96592712402344,24160700
2022-09-06,106.42043703294185,107.14444879573196,104.91289263064388,105.9344482421875,25068300
2022-09-07,106.18239517986085,109.07846482937784,106.02371068181908,108.55280303955078,23167000
2022-09-08,107.15437545780347,108.70158540495544,106.28159171756349,107.49158477783203,24238300
2022-09-09,108.17592320190764,110.08018262294702,108.12633003878351,109.74297332763672,23197700
2022-09-12,110.08017979616115,110.70502034132073,109.02887135324441,109.95124816894531,22966800
2022-09-13,106.91633578916247,107.41223714705868,103.23674105474096,103.46485900878906,38172900
2022-09-14,103.7128143662537,104.41699341820953,102.8102777889331,104.13928985595703,26395100
2022-09-15,103.17723571198333,104.40706896560022,101.51100684033769,102.06642150878906,34188300
2022-09-16,101.23331701288926,102.28462561681641,100.11258251185099,101.95733642578125,42797200
2022-09-19,100.91593353936474,102.48298375828159,100.71757600878111,102.22511291503906,23036800
2022-09-20,101.24324074071257,101.5308644865894,99.6960230881732,100.31094360351562,26517100
2022-09-21,100.83657912239514,102.03665948648352,98.45625111888704,98.46617126464844,31487300
2022-09-22,98.00994304598551,100.41010377703378,97.98019017551985,99.31912231445312,34298600
2022-09-23,98.81330688401681,98.84306732316416,96.67101684353818,97.93060302734375,31625400
2022-09-26,97.29585425726316,99.06126205035565,96.99831795404086,97.36528015136719,27072700
2022-09-27,98.61495489564797,99.18028220152245,96.0759420926826,96.70077514648438,30072800
2022-09-28,96.84954541208984,99.8745394269292,96.31397098941996,99.22987365722656,32466300
2022-09-29,97.8314301011561,97.8314301011561,95.17339822616405,96.62142944335938,31047200
2022-09-30,96.25446940903004,98.08930316415186,94.77667771762164,94.8659439086914,32941500
2022-10-03,95.9668344859771,98.47609418773558,95.72879638211501,97.8314208984375,27982000
2022-10-04,99.61667108123069,101.00518888401722,99.5571577705009,100.80683135986328,28850800
2022-10-05,99.0116735801322,101.09445790974014,97.99011792498692,100.59855651855469,22176900
2022-10-06,99.85470635132027,102.08626265455283,99.76544016442644,100.58863830566406,22324000
2022-10-07,99.03150112865876,99.70592728808386,97.49421143647145,97.87109375,27502800
2022-10-10,98.18847777441846,98.2876565416277,96.21479230959145,97.05782318115234,18225100
2022-10-11,96.63133537448569,98.43641594865333,95.52051364928485,96.38338470458984,26507100
2022-10-12,96.50240591070916,97.94051680156004,95.9469912522471,96.76026916503906,21876400
2022-10-13,94.37002605589976,98.96206971787448,93.60633375857984,98.24797058105469,34574500
2022-10-14,99.1703544867437,99.86462094928686,95.58003338781863,95.76847076416016,25410700
2022-10-17,98.04961868688342,100.10265003936581,98.01986581562133,99.15052032470703,28419200
2022-10-18,102.28461724659432,102.62183412414964,99.15052441894925,99.94396209716797,24060700
2022-10-19,99.19019861679422,100.1919139812081,98.10912964670428,98.81330871582031,23811100
2022-10-20,99.18027319596912,101.48125523144144,98.57527292412537,99.15052032470703,25323200
2022-10-21,97.04789829825931,100.47953493084219,96.9189666638649,100.30101013183594,32458700
2022-10-24,100.96551960605208,101.90772916035505,99.1604389639881,101.67961120605469,27176400
2022-10-25,102.05651534606606,103.96077501261335,101.8779905293988,103.62356567382812,40611400
2022-10-26,95.63954441159298,97.50413095357072,93.91380965641918,94.15184020996094,88114100
2022-10-27,93.74519206481907,94.64773619425107,91.04749495639449,91.46405029296875,60710900
2022-10-28,91.51364270819928,95.75856512636024,91.37479091899618,95.50069427490234,43697300
2022-10-31,94.63781949338367,95.24281979479946,93.20962863501363,93.73528289794922,31675000
2022-11-01,94.66757492682962,95.24282237108928,89.62922241672638,89.72840118408203,47161400
2022-11-02,90.19454589639709,90.43257644134617,86.16782152387951,86.25708770751953,57038300
2022-11-03,85.61241063994241,85.81076815755338,82.6568351996716,82.74610137939453,61288000
2022-11-04,84.69994994578491,85.92978314388307,83.02380100389072,85.87027740478516,51124900
2022-11-07,86.56453757303696,88.1712606549143,86.13806211366017,87.76461791992188,34078900
2022-11-08,88.17127227783203,89.5796304672484,86.87200543719126,88.17127227783203,30429000
2022-11-09,87.72495193475426,88.70684212468586,86.56454451049467,86.60421752929688,31769100
2022-11-10,91.49381082236977,93.61626826753488,90.8590576182188,93.16996002197266,51620100
2022-11-11,93.9138107806014,96.13544696291301,93.1501183771832,95.61971282958984,33090500
2022-11-14,94.31051943427285,95.99658864167773,93.73527959271193,94.91551971435547,30179500
2022-11-15,97.4545394739204,99.31912590340235,95.91724219824151,97.63306427001953,41640800
2022-11-16,97.09750131019068,98.82323616436666,96.83963044839486,98.03971099853516,29105200
2022-11-17,96.17511335721086,98.46617527590662,95.99658856050377,97.55371856689453,26052600
2022-11-18,97.96035978371822,98.08929899123865,95.5800391036644,96.63134765625,28342300
2022-11-21,96.49248658714596,97.59338820085925,94.5783070537111,94.81633758544922,21647400
2022-11-22,95.16348162304233,96.42307549576248,93.27906223791702,96.25447082519531,23438500
2022-11-23,96.29412064149612,97.95043690355139,96.29412064149612,97.65289306640625,18868100
2022-11-25,97.43469959629758,97.83142220785665,96.60158892219253,96.66109466552734,9701400
2022-11-28,96.24453976932135,96.78011416235111,94.82626153412802,95.26265716552734,26237500
2022-11-29,94.94528050830175,95.33208297513312,93.33855733056448,94.40970611572266,20061700
2022-11-30,94.04274131301841,100.21175594756679,93.64601867914251,100.16216278076172,43647500
2022-12-01,100.19191565410281,101.4118364290716,99.42823082654697,100.16216278076172,28687100
2022-12-02,98.23806351073277,99.94395785152076,98.08929158774455,99.61666870117188,21480700
2022-12-05,98.58519711399899,100.5489623663918,98.1884744915712,98.66454315185547,24405100
2022-12-06,98.48601001120109,98.96207106432217,95.62961342505861,96.18502807617188,24910700
2022-12-07,95.61970972120518,96.08585067198514,93.94356060039664,94.16175842285156,31045400
2022-12-08,94.59813448405295,94.79649955511114,92.68395505775045,92.94182586669922,32213300
2022-12-09,93.0013431152763,93.48733192437892,91.98970761165849,92.06905364990234,28225400
2022-12-12,91.9500324704772,92.79306329851202,90.85905095379364,92.54511260986328,29420000
2022-12-13,96.95863687909693,98.7141243795283,94.2510121002556,94.8460922241211,40593700
2022-12-14,94.41962683487034,96.07594331959717,92.83274381275208,94.29069519042969,28733600
2022-12-15,92.36659290509361,92.8724144565508,89.2721729828965,90.11520385742188,40107000
2022-12-16,90.01602009048204,90.58134735770545,88.786179227131,89.5201187133789,58011800
2022-12-19,89.52012290883614,89.81765920892968,87.48692414068339,87.71504211425781,29493000
2022-12-20,87.38774657684024,88.44897528550977,86.72324050727767,88.290283203125,23453800
2022-12-21,88.34979410199328,89.48044867408069,87.59602186498341,88.84569549560547,24745600
2022-12-22,87.43733387958731,87.81421619968995,85.61241288884075,87.04061126708984,27658300
2022-12-23,86.39594104938888,88.81594226177606,86.35626803003854,88.49856567382812,23003000
2022-12-27,88.07208282991216,88.21093460263191,86.29675508801945,86.67363739013672,20097300
2022-12-28,86.2670023652313,87.31831080815121,85.23552664693922,85.31486511230469,19523200
2022-12-29,85.90995189306291,88.12166765847456,85.90003174742517,87.72494506835938,23333500
2022-12-30,86.2669986892601,87.57617789768041,85.86035596660308,87.50675201416016,23986300
2023-01-03,88.85561394606133,90.30365276991351,87.7943851962897,88.38947296142578,28131200
2023-01-04,89.60938314842804,89.90692702075431,86.55462865105089,87.35799407958984,34854800
2023-01-05,86.75299440017858,86.85217316940673,85.19586426604603,85.49340057373047,27194400
2023-01-06,86.0785669486724,86.97119099271035,84.16438721912351,86.62405395507812,41381500
2023-01-09,87.63569405206921,89.31184316795068,87.13979266316744,87.29847717285156,29003900
2023-01-10,85.2752044746708,87.94314874861813,85.12643254757823,87.69519805908203,30467800
2023-01-11,88.44897568545483,90.84913669096524,88.28037102229985,90.76979064941406,26862000
2023-01-12,90.73011735676101,91.11691981733598,89.01429529901861,90.38298034667969,30258100
2023-01-13,90.10528201196577,91.43430168612433,89.39118279204233,91.36487579345703,26329200
2023-01-17,91.30535652243567,91.49380146174484,89.3118384915669,90.54167175292969,32602400
2023-01-18,91.38470524390696,92.0392986943226,89.89700111134908,90.3730697631836,29116700
2023-01-19,89.9763445358991,92.84265380940697,89.88707835577257,92.28724670410156,37000400
2023-01-20,94.3204372009586,97.49421044649547,94.24109116727796,97.21649932861328,63191100
2023-01-23,97.1470790758333,99.21995081656387,96.70077085248677,98.97200012207031,40005100
2023-01-24,97.29584675272618,98.79347100071968,96.40322277819845,96.89912414550781,33078500
2023-01-25,94.78659020973076,95.37175777745863,92.99142962152443,94.43946075439453,42330000
2023-01-26,95.70896843494373,96.77019710869844,94.59814659536165,96.7206039428711,30114000
2023-01-27,96.51233145386189,99.49766010597479,96.51233145386189,98.55545043945312,33879800
2023-01-30,96.68093725731849,97.48429507886306,95.60978845068932,96.1453628540039,27226200
2023-01-31,96.07593251835176,98.06945054380512,96.02633935545113,98.02977752685547,29870700
2023-02-01,97.90084854753133,100.36052269702401,96.78011416406397,99.60675048828125,35531100
2023-02-02,104.93272708957909,106.96591805351979,104.74428215805406,106.85681915283203,69883800
2023-02-03,102.08626312403277,106.92625809323451,101.7391336553045,103.92109680175781,65309300
2023-02-06,101.56060192669277,103.50453438595648,101.0448602652804,102.05650329589844,31999600
2023-02-07,102.37388574345306,107.29322670020932,102.27470697729218,106.75765228271484,49010200
2023-02-08,101.21348233996603,102.29454379804132,97.23635085283868,98.55545043945312,94743500
2023-02-09,99.18027172399981,99.21002459482034,92.8624856911135,94.2311782836914,119455000
2023-02-10,94.6675682304884,95.95691481547425,93.47740797269714,93.79478454589844,54980700
2023-02-13,93.96338902898977,94.4196173792314,93.07076505379771,93.83445739746094,50076100
2023-02-14,93.65594180887688,94.07249718262943,91.50373147763352,93.90389251708984,54726100
2023-02-15,93.7154415296958,96.32388765510876,93.37823222030585,96.1453628540039,50169000
2023-02-16,94.58822190312343,96.87928361409492,93.96338138787394,94.7270736694336,42462600
2023-02-17,94.07249288547277,94.77667195660865,92.44593691924389,93.57659149169922,34284100
2023-02-21,92.23765518012942,92.33683394114578,90.96814887866952,91.0375747680664,33629300
2023-02-22,90.94831301648848,91.35495579337403,89.86725160509873,90.89872741699219,30884000
2023-02-23,91.16649876726088,91.18633905791556,89.02420895463646,90.14494323730469,41206400
2023-02-24,88.70683225593044,89.15314042580724,87.8538813637116,88.39936828613281,36585100
2023-02-27,89.13331604003906,89.42093974612138,88.60765422535826,89.13331604003906,27502300
2023-02-28,88.59774267568118,90.48216943962086,88.58782252932733,89.3217544555664,30142000
2023-03-01,89.24242610290563,90.28381458248744,88.9349620659149,89.61930847167969,31111200
2023-03-02,88.92503489270483,91.52355315835904,88.85560143860462,91.245849609375,32204400
2023-03-03,91.72190934358608,92.96166261475511,91.69214890892111,92.88231658935547,35160100
2023-03-06,93.2492875940104,95.1833074213031,93.22945486919875,94.35018920898438,32639300
2023-03-07,94.20144393401961,94.88578279800367,92.76332517115746,93.09062194824219,27835500
2023-03-08,93.34847011024735,95.17338339263445,93.22945106567059,93.47740173339844,34103300
2023-03-09,93.27905456209555,94.74691844025844,91.14667706997915,91.563232421875,28813500
2023-03-10,91.41446993865235,92.02939045037262,89.65898216460977,89.88709259033203,35941000
2023-03-13,89.35150848107031,91.81118269560834,88.687002437022,90.36315155029297,37335600
2023-03-14,91.80125398569051,93.58650184316622,91.6822425064281,93.19969940185547,36050200
2023-03-15,92.45584959444147,96.13543673086967,91.88060220810499,95.32215881347656,50622100
2023-03-16,95.41142746724535,100.36052894620208,94.71716852573586,99.4976577758789,65492000
2023-03-17,99.43815768673961,101.99700333594441,99.27946559573338,100.7870101928711,61028500
2023-03-20,99.29930009920032,100.9159359560501,99.05134939660562,100.3902816772461,32960400
2023-03-21,100.42003718857242,104.23847659545822,100.39028431417634,104.05995178222656,42110300
2023-03-22,103.41526038657393,105.71624226306058,102.48297102840904,102.52264404296875,43427400
2023-03-23,104.19879298533533,105.42863382566868,103.60371285731998,104.73436737060547,40797800
2023-03-24,104.12936781949888,104.62526919076385,102.98879315221856,104.57568359375,30393300
2023-03-27,103.7624149352095,103.90126672624382,101.0944628976051,101.6201171875,31120900
2023-03-28,101.60027347597008,101.61018605507579,98.92240158084621,100.20182800292969,32057900
2023-03-29,101.44158753942646,101.64986521604924,99.82495172553267,100.55888366699219,28779600
2023-03-30,100.0828209446528,100.33077163663715,98.96207897409658,100.06298065185547,33086200
2023-03-31,100.46961133865507,103.03837656666258,100.21174053127761,102.87969207763672,36863400
2023-04-03,101.5506793026603,103.67313650572234,101.09445096214598,103.50453186035156,25035400
2023-04-04,103.47478504857116,104.71453851392779,103.18716133658586,103.86158752441406,24420100
2023-04-05,104.91288362933807,105.23026017624618,102.81026684364201,103.6136245727539,28290500
2023-04-06,104.39716471996435,108.27510972849137,103.47478781441008,107.53125762939453,48711500
2023-04-10,106.10306402969181,106.7080567599706,104.25831026578564,105.56748962402344,27067400
2023-04-11,105.67658753468932,105.85511233488984,103.82191364187591,104.48641967773438,26311800
2023-04-12,105.70634162712136,105.87494628290851,103.48469796190201,103.78224182128906,24370300
2023-04-13,104.97239950361016,106.6088755556612,104.97239950361016,106.54936981201172,24843600
2023-04-14,106.01379677904549,108.04699547084493,105.96420361413152,107.97756958007812,26578000
2023-04-17,103.80207449899135,105.28977855307458,103.66321515910445,105.10133361816406,37571200
2023-04-18,105.61707218442865,105.66666534841484,103.2169113578442,103.64338684082031,26596400
2023-04-19,102.7309239306776,104.11944920307992,102.225102442597,103.32600402832031,20905700
2023-04-20,103.05824041519183,105.37905551154368,103.01856739215306,104.42692565917969,27820800
2023-04-21,104.60544233096776,105.13109660328743,103.92109597885471,104.54593658447266,25800100
2023-04-24,104.62526499144161,105.75591946719655,103.84173994826861,105.10133361816406,23542800
2023-04-25,104.96248334111876,105.8154342829649,102.98879048643646,102.99871063232422,46664100
2023-04-26,104.05994371224027,105.47822196102051,101.788714484929,102.85986328125,53347600
2023-04-27,103.59380098496241,107.48167377000753,102.69126435820809,106.70806121826172,50089200
2023-04-28,106.16256199648849,106.47001841232823,104.22854218991014,106.46009826660156,36139800
2023-05-01,105.96419371928604,107.10476830411024,105.94436099528517,106.32124328613281,26681700
2023-05-02,106.2617379751714,106.32124371426752,102.85985449785488,104.45665740966797,30997200
2023-05-03,104.66494807746287,106.60888065380296,104.09962078519486,104.54593658447266,21795400
2023-05-04,104.62527823765616,104.73437715411653,103.11774126807067,103.83184051513672,23419500
2023-05-05,103.9607682679493,105.01207680519784,103.25658919423994,104.70462036132812,26639300
2023-05-08,104.31780842718317,107.07501872614742,104.29797570257264,106.8865737915039,26511400
2023-05-09,107.50150758418665,109.24708267470773,106.31134722106391,106.47003173828125,36360100
2023-05-10,107.08494078998831,112.01420151452291,107.04526777320253,110.83395385742188,63153400
2023-05-11,114.45402601736026,116.9533653374252,113.47214352378336,115.61443328857422,78900000
2023-05-12,115.72354718741605,117.06247940985591,115.15821991274791,116.54674530029297,41102300
2023-05-15,115.15821666094425,117.50879187706043,115.05903790038903,115.55493927001953,36266800
2023-05-16,115.535101164742,119.76018303268906,115.47559542065336,118.53034973144531,45035600
2023-05-17,118.62952837460274,120.67263963270652,117.91542917883902,119.84944152832031,33323600
2023-05-18,119.95853382336384,122.2991888062752,119.83952234186759,121.82312774658203,35234200
2023-05-19,122.5372406458961,124.93740163874087,121.14871519349788,121.75371551513672,41353400
2023-05-22,121.93222852186562,125.39361788753433,121.73386343823515,124.02493286132812,35253000
2023-05-23,123.14222636559451,123.60836727655007,121.20820656831121,121.55533599853516,34046300
2023-05-24,120.12715625884692,120.9106813684256,118.87748262878495,119.9089584350586,34182600
2023-05-25,123.49927982509996,124.29272508219533,120.96026710936242,122.46781158447266,42317000
2023-05-26,122.16034076709491,124.23321241314245,121.44624158887478,123.58853912353516,35635900
2023-05-30,124.610087217516,124.62992750841212,120.99992609351675,122.65623474121094,35076700
2023-05-31,121.74378917189807,123.04304837018027,121.49583848112029,121.86280822753906,37325800
2023-06-01,121.81322462361568,123.4001076557752,121.61486708216643,122.70584869384766,30772700
2023-06-02,122.97362222070807,125.11591981661117,122.74551182311099,123.6480484008789,26980100
2023-06-05,122.99346054966021,126.38542412216299,122.82484833216863,124.97706604003906,32305500
2023-06-06,124.97706418870804,127.2383656366913,124.3323909005138,126.26640319824219,26638300
2023-06-07,125.92920166945693,127.9822255786917,121.11895964321234,121.49584197998047,52539000
2023-06-08,121.22806013248871,122.21986293706264,120.24616990782498,121.1387939453125,29389200
2023-06-09,121.24787532634652,122.74549946341146,120.91066605364323,121.22804260253906,23778300
2023-06-12,121.78346450999771,123.03313813403905,120.66273009040363,122.62649536132812,28306400
2023-06-13,123.955500728595,124.1340255114408,122.170252900137,122.81492614746094,22278300
2023-06-14,122.09090752033342,123.03312459969855,120.45443159668147,122.65623474121094,30592300
2023-06-15,122.13058581448757,124.43156781239826,121.39665392353744,124.0645980834961,35246300
2023-06-16,124.89771540429278,125.07624019452584,122.26943671297158,122.51738739013672,45535600
2023-06-20,121.92231483974503,123.54887077747642,121.1387897432877,122.0909194946289,26097500
2023-06-21,121.39666999640949,121.6545408553707,119.11552042137501,119.56183624267578,30306300
2023-06-22,119.01633037340913,122.22976917477193,117.85592296831348,122.14051055908203,26952200
2023-06-23,120.38501322694266,121.78345871511222,120.06763665447824,121.33714294433594,34913600
2023-06-26,119.77010249354858,120.99993578775403,117.30050819204033,117.36993408203125,33969900
2023-06-27,116.1202700370029,118.10387557545451,115.14829999374557,117.36002349853516,39535900
2023-06-28,116.13017287240949,119.40312476297248,115.89214234648705,119.1948471069336,27091400
2023-06-29,118.26256241740738,119.07584040154654,117.33027294139967,118.12371063232422,24090900
2023-06-30,119.18492899866601,120.08747309044965,118.70886793868348,118.71878051757812,29532200
2023-07-03,118.26255895127434,119.2047761131289,117.84600360823359,118.91715240478516,14467900
2023-07-05,118.26256411758469,121.60494228794853,118.25265153768966,120.75199127197266,27584800
2023-07-06,118.81797081927608,119.31387218735846,117.42944547527459,119.12542724609375,24745200
2023-07-07,119.1155079508008,120.05772509699975,118.42124905726847,118.50059509277344,21709500
2023-07-10,117.33026342725442,117.34017600620315,115.18796594507899,115.49542236328125,35315200
2023-07-11,115.33674818852833,116.74510634443534,114.40445113781433,116.17977905273438,23078800
2023-07-12,117.82617700118566,119.34363409167489,117.4393745101533,117.95510864257812,30404400
2023-07-13,119.93870320943425,123.80673533006852,119.46263457450904,123.51911163330078,44297900
2023-07-14,123.77698624657505,125.74075145445121,122.47771949840582,124.39189910888672,33283100
2023-07-17,124.9076384065508,126.05812564014278,123.18189620588134,123.62821197509766,25716200
2023-07-18,123.57862461739118,123.65797065567115,121.95206866692536,122.74551391601562,26193600
2023-07-19,123.57861868845079,124.1538660880998,120.80157558357863,121.0296859741211,37224000
2023-07-20,120.42468845421087,123.0727999886977,117.25092267132642,118.22288513183594,37906800
2023-07-21,119.6312510365837,119.99821321316037,117.75674443491287,119.03616333007812,72937900
2023-07-24,120.6627297925078,121.99174188501857,119.98830359973758,120.5337905883789,29686100
2023-07-25,120.36518297759501,122.14051081744289,120.02796610605938,121.20821380615234,52509600
2023-07-26,129.00377226018543,129.90630113026324,127.26811769923354,128.2103271484375,61682100
2023-07-27,130.59066029279523,132.14779780312753,127.73426366088836,128.33926391601562,44952100
2023-07-28,129.70794681826914,132.64368926365583,129.49967674072056,131.49319458007812,36591200
2023-07-31,131.64197739889866,132.43542264148525,130.6997677943249,131.63206481933594,28055500
2023-08-01,129.70797201734953,131.5428132938943,129.6087856815379,130.47166442871094,23166800
2023-08-02,128.38885774863965,129.02361087752263,126.51435123258612,127.32763671875,26273300
2023-08-03,126.92098790971262,128.32934587418347,126.37549341868682,127.39704895019531,20089500
2023-08-04,128.22026771607946,130.43198377340173,126.86150269168164,127.05986022949219,26147200
2023-08-07,128.10124510100812,130.53115877911966,127.962393323222,130.45181274414062,22746300
2023-08-08,129.54927103822243,130.43197488498015,128.4781222465879,130.3228759765625,23535200
2023-08-09,130.58075827957177,130.9576330468754,127.94255923989908,128.59715270996094,24912900
2023-08-10,130.2435507528464,130.9675625582551,128.38886922887625,128.6269073486328,20857800
2023-08-11,127.60532379343039,128.86490217591898,127.11933508026378,128.49794006347656,19591100
2023-08-14,128.3293638886943,130.29312919834737,127.90289594820355,130.2534637451172,24695600
2023-08-15,130.02535827661376,130.34272731563817,128.22026984503316,128.71617126464844,19770700
2023-08-16,127.64501953125,129.2120697982791,126.82182894388471,127.64501953125,25216100
2023-08-17,128.7359842548602,130.90803443349202,128.23015522856085,128.85499572753906,33446300
2023-08-18,127.4565647289768,128.19050420505582,125.34402761585469,126.41517639160156,30504800
2023-08-21,126.13748589734027,127.67477576414439,125.52256541050552,127.3177261352539,25248700
2023-08-22,127.45656155015928,129.21205659443743,127.2681317464859,128.0218963623047,22054900
2023-08-23,129.11289189432017,132.31642609894942,128.80543542234216,131.28494262695312,27819700
2023-08-24,132.85198728819475,133.14953116670597,128.5079011432878,128.71617126464844,28500700
2023-08-25,128.47812893761383,129.6881295726403,126.20690716881097,128.8153533935547,26762900
2023-08-28,130.23362480291482,131.4535380240542,129.07321732909296,129.9360809326172,20543300
2023-08-29,131.1559864622425,135.45049370622965,131.1559864622425,133.46688842773438,43075600
2023-08-30,133.67517000710467,135.16287409396253,132.9709985475354,134.7661590576172,28315800
2023-08-31,134.8950799084139,136.8687727314443,134.67688210350767,135.05377197265625,30053800
2023-09-01,136.33323718936794,136.33323718936794,133.74463094103461,134.54798889160156,21543700
2023-09-05,134.3297620041587,135.30172442643027,133.4768110647792,134.6570587158203,19403100
2023-09-06,134.9050286366341,135.41084264478113,132.57428587282706,133.35781860351562,18684500
2023-09-07,132.49495128025006,134.46864458133612,131.86019800324286,134.15126037597656,18844300
2023-09-08,133.8041334805993,135.5397885635056,133.74462772772205,135.2620849609375,23558300
2023-09-11,135.4207328151726,136.35302976641478,134.6768807966762,135.79762268066406,20763400
2023-09-12,135.14303224154853,135.74803250189984,134.08181120803886,134.23057556152344,18405500
2023-09-13,133.9826247837674,135.7777852717878,133.05032781273377,135.58935546875,20749500
2023-09-14,136.47207040513118,137.563044397484,135.1232180009584,136.9679718017578,24751000
2023-09-15,136.84894433199983,137.3845263119322,135.36124015129133,136.27369689941406,38919600
2023-09-18,135.49019668646415,138.0192971438985,135.49019668646415,137.07708740234375,21861300
2023-09-19,136.2935192027612,137.2754092805613,135.50007405103756,136.90843200683594,20353700
2023-09-20,136.94811189062173,136.94811189062173,132.5246654075392,132.64369201660156,29927500
2023-09-21,130.36256084439935,131.14607838789655,129.00379586795694,129.37075805664062,31503900
2023-09-22,129.68812598105728,130.94771974828387,128.5376462586181,129.18231201171875,26397300
2023-09-25,128.76575671410941,130.0947688069164,127.90289313849301,130.03526306152344,20094600
2023-09-26,128.7062429989617,129.2914029707038,126.17714304040305,127.51608276367188,25718700
2023-09-27,127.5161024517244,129.8269898246319,127.5161024517244,129.46994018554688,22746500
2023-09-28,128.77566411264445,132.20730825142687,128.72607094890918,131.2254180908203,22513100
2023-09-29,132.18746856469267,132.9511609153293,129.29140636705122,129.7873077392578,30859800
2023-10-02,130.1344474612235,133.31812586216128,130.09476687574428,133.07017517089844,22288000
2023-10-03,132.84205311611007,133.1594221035501,130.75926143877368,131.34442138671875,22989400
2023-10-04,131.70144989429687,134.45867482127977,131.4435866873829,134.13137817382812,26752300
2023-10-05,133.9628143310547,134.37936969993646,132.35608346969923,133.9628143310547,19832600
2023-10-06,132.9114964978089,137.02748746801123,132.9114964978089,136.45223999023438,27597600
2023-10-09,135.8174754746164,137.8010810398745,134.49837595767463,137.28533935546875,19278100
2023-10-10,137.36467931785276,138.57467986983306,136.20427192955205,136.92828369140625,27786600
2023-10-11,137.44403543423456,139.95329533664227,137.44403543423456,139.39788818359375,25884300
2023-10-12,139.89380826258108,140.06241294699714,137.12666957424625,137.8308563232422,24765500
2023-10-13,138.23746980650327,138.8523826583463,135.50008457709373,136.23402404785156,23420500
2023-10-16,137.03737818636395,138.4854167971643,136.8588609633149,137.9597625732422,28501900
2023-10-17,137.49361518669917,138.75319373814438,136.0554891433646,138.57467651367188,23515800
2023-10-18,138.30689326315832,139.56648701861894,136.25386939858822,136.82911682128906,23375000
2023-10-19,137.36468644323884,138.51518131196565,136.25387216099756,136.62083435058594,26066000
2023-10-20,136.20424803752536,136.73981476367683,133.9726922667664,134.48843383789062,26335700
2023-10-23,133.93304944521964,136.53158318839846,132.85198797694417,135.38108825683594,26317900
2023-10-24,136.70017196237376,138.21762892713875,136.2935292113691,137.67213439941406,44814300
2023-10-25,127.10945300008548,127.2582173695509,124.04477835256257,124.58035278320312,84366200
2023-10-26,122.25953160944253,123.31084775543283,120.27592594806735,121.27764892578125,57061100
2023-10-27,121.87272767746805,122.2992031923221,119.22461596672207,121.16854858398438,44566500
2023-10-30,122.20002763263162,124.37207828472111,121.7437992319236,123.43978118896484,28940100
2023-10-31,124.03485157297696,124.34231557609246,121.68428385885795,123.0628890991211,26292300
2023-11-01,123.05297934732572,125.45314042926547,122.70584986305431,125.41346740722656,30082400
2023-11-02,127.3673155795192,127.92272273406017,125.889531505127,126.44493865966797,27124600
2023-11-03,126.970599202535,128.4682159884043,126.81190712180837,128.041748046875,26393100
2023-11-06,127.9921517032279,129.27157062977093,127.61526180428386,129.18231201171875,19052700
2023-11-07,129.63854481279463,130.8287050924927,128.8153467097953,129.8964080810547,29757300
2023-11-08,129.89641375169958,131.1262546701782,129.70796879855988,130.75927734375,26425800
2023-11-09,130.8782957156304,131.46345569784398,129.0037891497348,129.17239379882812,23747800
2023-11-10,129.0335338225466,131.71139801314916,128.34918755672095,131.50311279296875,26913300
2023-11-13,130.69979143195349,131.50314939939358,130.17413707958622,131.0072479248047,18324800
2023-11-14,133.0899929477425,134.58760942147106,132.22712953091224,132.524658203125,32395200
2023-11-15,133.76444546334056,133.92313755134404,132.47511386601616,133.51649475097656,23861500
2023-11-16,134.0818138246226,136.09517216084916,133.21895029015656,135.8075408935547,28013200
2023-11-17,134.88516720728182,134.94467294789172,132.5544248086727,134.20082092285156,37240600
2023-11-20,132.5940902168256,135.5397451095659,132.5246567715882,135.1331024169922,27815500
2023-11-21,135.17279523893023,136.05549911438757,134.84551363674532,135.84722900390625,22635300
2023-11-22,136.34315410675418,138.27716685179698,136.34315410675418,137.35479736328125,17813900
2023-11-24,136.8985310833705,136.99771741092056,134.87526015124462,135.56951904296875,12514300
2023-11-27,134.914934431914,137.28534253189412,134.88518155844346,135.2918243408203,23436500
2023-11-28,134.964518417708,136.1249258052487,134.309924978467,136.07533264160156,18730000
2023-11-29,136.44232172928395,137.15640583938017,133.73468912413915,133.8834686279297,23967200
2023-11-30,133.94298151982824,134.43888295815879,130.2038804373767,131.44363403320312,38988300
2023-12-01,130.7790985107422,131.02704917414542,129.59885093154966,130.7790985107422,31442300
2023-12-04,128.8153273436033,128.9640916810593,126.85155485379651,128.2103271484375,36669900
2023-12-05,127.89295847123121,131.05681158807658,127.19869958988002,129.91624450683594,27384800
2023-12-06,130.36258200398004,130.75929712999184,128.81537182533717,128.9542236328125,23576200
2023-12-07,133.9330343345262,137.42418419027493,133.59582503757497,135.8075408935547,56767100
2023-12-08,133.09993592227912,135.28189910781614,132.9313312582846,133.8834686279297,32260100
2023-12-11,131.29485865478858,132.24698086173262,130.28321556791462,132.1973876953125,31138000
2023-12-12,130.7295139721899,131.90976162921305,130.18401944998905,131.43370056152344,29032800
2023-12-13,132.28666474618618,132.40567624159368,130.49150406647652,131.48330688476562,30104800
2023-12-14,132.28667330356268,132.623882651504,128.62691824593966,130.8584747314453,38722400
2023-12-15,130.54106870618423,132.41557523506742,130.10467308952005,131.51304626464844,50847100
2023-12-18,131.54280052592037,136.02573795572846,131.34442787355178,134.6868133544922,32258000
2023-12-19,135.71829114427823,136.34313174933595,134.96452646649996,135.52984619140625,25476800
2023-12-20,137.83083424971508,140.5384516154751,136.93821779664987,137.20599365234375,49107200
2023-12-21,138.34656689160218,139.5367271291243,138.03909533601887,139.26893615722656,27488300
2023-12-22,139.61607052198642,140.82607102846447,139.5565647812921,140.33016967773438,26532200
2023-12-26,140.42937316952606,141.51043473069583,140.032658051172,140.35995483398438,16780300
2023-12-27,140.42934564037535,140.9153344287429,138.74328401733115,139.21934509277344,19628600
2023-12-28,139.6259846308267,139.9830342126131,138.60442904782565,139.0804901123047,16045700
2023-12-29,138.48544663873915,139.20945853329908,137.64240810278974,138.54495239257812,18733000
2024-01-02,137.41427392066478,138.30689034141093,135.36123496575607,137.03738403320312,23711200
2024-01-03,136.12494105781897,138.48543668179107,135.95633638949388,137.78125,24212100
2024-01-04,137.28533097133266,138.01927043379123,135.2323072061994,135.27197265625,27137700
2024-01-05,135.6290289280703,136.03567169625202,134.0421384410589,134.6173858642578,22513900
2024-01-08,135.17278901977872,137.87049368814525,135.1430361482217,137.70188903808594,21404000
2024-01-09,137.36467261696302,140.33016810931971,137.0175356218485,139.79458618164062,24759600
2024-01-10,139.84420205691225,141.82780775984716,139.75494343237068,141.11370849609375,21320200
2024-01-11,142.31377441409103,144.02958884214235,139.48713067468557,140.9153289794922,24008700
2024-01-12,141.50049214729324,142.02614637782855,140.6574689161085,141.48065185546875,18785500
2024-01-16,140.83598692471,143.16672938152487,140.29049239931624,141.3219757080078,22670500
2024-01-17,140.19133701313217,140.67731071751322,137.76140795638582,140.3103485107422,20968600
2024-01-18,140.8855776587382,143.02787513950906,140.8260719176682,142.30384826660156,25746400
2024-01-19,143.55354349190839,145.24951781414885,143.19649387664043,145.1800994873047,34271900
2024-01-22,145.89419084442545,147.17360973542569,144.64450969157375,144.7932891845703,32200400
2024-01-23,144.6941039011729,145.9735228014156,144.30730143052193,145.8346710205078,21636100
2024-01-24,147.32240225763573,148.62167682319577,146.886021675735,147.48109436035156,25233500
2024-01-25,148.83984348061125,151.7954113890045,148.31417410884393,150.6250762939453,29149100
2024-01-26,149.86139776851957,151.28958097989496,149.77212402167038,150.9424591064453,26115500
2024-01-29,150.8135368633547,152.51943895245324,150.18869623371097,152.25164794921875,27784300
2024-01-30,151.5474722147389,152.3607426484438,149.95066908718712,150.2184600830078,36331800
2024-01-31,142.44271896094438,142.81960888272778,138.7234583129567,138.9515838623047,71910000
2024-02-01,140.95499074150428,141.88728767351694,139.63589137319994,140.00286865234375,40466500
2024-02-02,138.11845552974717,141.45091361668173,135.38108518943704,141.212890625,62499600
2024-02-05,141.64926151631406,144.27753248123298,141.60958093549976,142.502197265625,38505400
2024-02-06,143.46425685279377,144.1684434401665,142.01623336193828,142.9187774658203,29128200
2024-02-07,143.57334947158776,144.42630037557493,142.75015143708904,144.34695434570312,25208900
2024-02-08,144.63461269549572,145.13051412482938,143.91060084610757,144.71395874023438,22563800
2024-02-09,145.47763559904774,148.2150211661504,144.9817341712347,147.77862548828125,26829500
2024-02-12,147.20335197335376,148.11580862305635,146.16195613244383,146.32064819335938,21564100
2024-02-13,143.73204328748068,145.46769798615009,142.51213022242555,143.9502410888672,27837700
2024-02-14,144.88251935518286,145.31891490169372,142.90882681844735,144.74366760253906,22704200
2024-02-15,141.9666478509511,142.34353774622787,139.30862369230854,141.5996856689453,37590700
2024-02-16,141.81787214200648,142.01622965333587,138.9912284210113,139.3681182861328,31468900
2024-02-20,138.51515719528518,140.91531771364487,138.3465525663512,139.9631805419922,25144700
2024-02-21,140.29049590728383,141.5203367649503,139.5268035526364,141.38148498535156,23223300
2024-02-22,143.74196995787472,143.8114034168082,141.62944032274333,142.9088592529297,27191900
2024-02-23,142.4922912292185,143.4940065020115,142.25425313452644,142.77992248535156,19493800
2024-02-26,140.97485281400884,141.27239668798464,136.26378939947426,136.44232177734375,53641800
2024-02-27,136.88864130284716,138.1085546396034,135.96625673087684,137.74159240722656,33099200
2024-02-28,136.76961447953255,136.87871340437798,134.30003493285824,135.2620849609375,37328600
2024-02-29,136.1546619911694,137.7217119413849,135.28187084580713,137.3249969482422,42133000
2024-03-01,137.29525760665743,137.7316532704347,135.79764079115824,136.01583862304688,31151100
2024-03-04,134.54797432652032,134.54797432652032,130.8287137478375,132.2569122314453,55999400
2024-03-05,130.79895621305897,132.14780860687847,129.59886818360178,131.5824737548828,40194800
2024-03-06,132.0287779261609,132.48501385237356,129.77739656818326,130.3228759765625,35318600
2024-03-07,131.70147977631177,133.83386475709858,130.53115980204433,133.27845764160156,37738200
2024-03-08,133.1098428756074,136.95802694070352,132.90155765626992,134.3000030517578,39370400
2024-03-11,135.01411900561908,137.95977451047298,135.01411900561908,136.54148864746094,32437800
2024-03-12,135.90673376099352,138.23747634796243,135.90673376099352,137.36468505859375,27563400
2024-03-13,137.86057129371812,139.93343524438993,137.85065871514112,138.6440887451172,23347200
2024-03-14,140.03262465964323,142.41294506959082,139.30861293112127,141.92697143554688,42753400
2024-03-15,141.33189197321508,142.00631057950346,138.88213796831596,140.022705078125,49475400
2024-03-18,147.39183651425697,150.90281228673746,145.9636378496168,146.46945190429688,69273700
2024-03-19,146.9455254768694,147.57035103072278,144.88257357013055,145.8247833251953,24070400
2024-03-20,146.78684280852394,147.63979398694903,145.53717648680416,147.52078247070312,21311500
2024-03-21,148.24474177717806,149.13735809948852,145.69580172878864,146.39007568359375,24755600
2024-03-22,147.8976348836212,150.33747653257558,147.7587830911578,149.53411865234375,29211800
2024-03-25,148.71090455162476,149.14730017654827,146.60828759558476,148.83984375,19229300
2024-03-26,148.98861304571224,151.011884033954,148.7505749332153,149.43492126464844,22149100
2024-03-27,149.94074197303146,150.39697792574609,147.6794327705728,149.63328552246094,22879200
2024-03-28,149.61344863987313,150.1886809085542,148.93901491049212,149.69277954101562,24485400
2024-04-01,149.45476709366227,154.4633742852125,149.3754210532241,154.21542358398438,31730800
2024-04-02,152.24170614312382,153.4318662914426,150.90276651769807,153.2930145263672,24586000
2024-04-03,152.34091364414047,153.80877752671594,151.47803493131784,153.65008544921875,24705000
2024-04-04,152.24173721309816,153.5013310678702,149.21673549906,149.29608154296875,34724700
2024-04-05,148.80018464435562,152.16239579697978,148.37371667079992,151.24993896484375,23459200
2024-04-08,151.52763410967862,153.9972285874499,151.35902944578888,153.58067321777344,20702000
2024-04-09,154.81050082482042,157.26025503704565,153.9178843271403,155.3163299560547,31079500
2024-04-10,154.92952562487014,155.32624070054823,153.41205338281176,154.86009216308594,22838600
2024-04-11,155.62379478205062,158.37107788543062,155.17748650921038,158.10330200195312,27166400
2024-04-12,156.66518304426685,158.90665201136972,155.85189745243298,156.4370574951172,25353700
2024-04-15,157.55778721582507,157.93467710778722,153.32278518896982,153.590576171875,27136500
2024-04-16,152.92606827651122,154.3740918150493,152.17228850176252,153.13433837890625,20779500
2024-04-17,154.3443362556772,155.7923749027095,153.3128680735991,154.19557189941406,21763100
2024-04-18,154.0666341164594,155.6535245551475,153.3525349324206,154.73114013671875,19883000
2024-04-19,154.91960900846084,155.07830110358373,151.05158377553497,152.826904296875,32615600
2024-04-22,153.04506419862878,156.3477688326678,152.79711353661722,154.99891662597656,26446200
2024-04-23,155.67336083793805,157.66687884737183,154.99892712206798,156.9626922607422,21151600
2024-04-24,156.19903597568538,158.26198771551822,155.88165180015244,157.82559204101562,22779100
2024-04-25,150.08950510920468,155.20721069723666,149.63326920623868,154.72122192382812,57109700
2024-04-26,172.94064243070838,173.27786687075127,168.2593321924788,170.5404815673828,64665300
2024-04-29,167.67419013378634,168.1601789863469,163.85575817924735,164.7880401611328,45610000
2024-04-30,164.25243622887484,166.72203025682094,161.2671157231008,161.4456329345703,33562900
2024-05-01,162.95319556004813,165.7500714576766,161.7531075684998,162.5167999267578,33493200
2024-05-02,163.43916484164697,165.36326455481128,162.54654844018515,165.25416564941406,24294500
2024-05-03,166.18646385430256,166.5831940285256,161.71343896761203,165.8690948486328,34662400
2024-05-06,166.08729275303767,166.76171134902742,164.66900697168114,166.7220458984375,21871300
2024-05-07,167.1187643454893,170.35203588113026,167.00966543700736,169.84622192382812,28039700
2024-05-08,167.61467198559197,168.75523914384442,167.35680870759575,167.99156188964844,19569100
2024-05-09,168.00145293610282,169.29079942824308,166.80136505178498,168.56678771972656,15346700
2024-05-10,166.65261946945532,168.45770778843482,164.8277059911993,167.2675323486328,29799900
2024-05-13,162.91350746089623,167.89236129533526,162.65564420480408,167.75350952148438,31327600
2024-05-14,168.37837530926814,169.84623930052865,167.41632532705881,168.94369506835938,25127100
2024-05-15,169.23130735927975,171.23473800953292,169.11228073886124,171.09588623046875,26948400
2024-05-16,171.86949341563104,173.68449428030138,171.27442084056955,172.752197265625,27867900
2024-05-17,172.75219674772163,174.8250760090424,172.2662230829347,174.61679077148438,24479300
2024-05-20,174.74571485082933,177.3045675555055,174.63661595177967,175.4697265625,22554400
2024-05-21,175.44991084467418,176.68966435582567,174.36884941504044,176.3921356201172,16989400
2024-05-22,175.1920215691199,175.69783547848618,173.7737510269732,174.9341583251953,17880000
2024-05-23,175.61851492474267,176.7888348703636,171.53227742671908,172.1273651123047,21024900
2024-05-24,173.54562953855606,174.32916213437795,172.22653015180546,173.55555725097656,16579400
2024-05-28,173.01998246270298,175.8168734132129,172.94063642860604,174.95399475097656,20572200
2024-05-29,173.9919356394942,175.39038104034756,173.2877642166244,174.4580841064453,23388700
2024-05-30,173.76383985817733,173.78368015073974,170.38178882747087,170.6991729736328,22931500
2024-05-31,170.4512148865134,171.6413751155462,168.05105413674661,171.08596801757812,37638900
2024-06-03,171.12566288057238,173.09935606710764,169.75698519210337,171.75050354003906,27459100
2024-06-04,171.85958824102724,172.42492310208857,170.480982952228,172.3654022216797,26879600
2024-06-05,173.76386743926795,175.2019786372729,172.5042735015329,173.97215270996094,22068500
2024-06-06,174.4580976777925,175.6978511153371,174.30933331877074,175.2812957763672,23251000
2024-06-07,175.5986726101232,176.41194296176616,172.87121516107322,173.0299072265625,19661400
2024-06-10,173.7349014501534,175.81014466476933,171.54049500356726,173.7746124267578,23726700
2024-06-11,174.97604442706512,175.59166292904035,172.54334228263093,175.3732147216797,21540600
2024-06-12,176.99176326604527,179.13651982603324,174.86686977172752,176.53500366210938,27864700
2024-06-13,174.8668750928362,175.49243289630473,173.64556166085129,173.923583984375,20913300
2024-06-14,172.99020243322104,175.81015156626538,172.92068928258647,175.54205322265625,18063600
2024-06-17,174.2214424940307,177.10096546528717,173.57602172386774,175.98887634277344,19618500
2024-06-18,175.88958192240335,176.13781719186318,172.87104771224654,173.8540496826172,21869900
2024-06-20,174.1320532342393,176.0384980804116,173.7547459679952,175.0554962158203,20160100
2024-06-21,175.75057482727152,179.57340412547137,175.36332840403423,178.3620147705078,57759000
2024-06-24,178.88826202454848,179.61310474396652,177.40877441541713,177.95489501953125,18298000
2024-06-25,178.35206806848578,182.98910099326696,178.15348288701358,182.73094177246094,23130200
2024-06-26,181.34080929470304,183.20752796508148,181.19185906258562,182.5819854736328,19839000
2024-06-27,182.87988309562385,184.73669324083986,182.7210240356858,184.10121154785156,18848900
2024-06-28,183.0188920765721,183.8231718610113,180.6755507145743,180.86419677734375,29156600
2024-07-01,181.73798367721864,182.58198955820285,180.0202000494524,181.69827270507812,16006100
2024-07-02,180.76490422906483,184.26006063956154,180.27835770580916,183.93238830566406,17372500
2024-07-03,183.54516199454144,184.77639921891327,182.7011560285435,184.50831604003906,10242100
2024-07-05,184.54803142014995,189.51273686548802,184.48845737897847,189.25457763671875,20967500
2024-07-08,188.55950207105113,188.8276004007438,186.4544718628467,187.69564819335938,21035900
2024-07-09,188.96660951335545,190.00920064999954,187.38783687416534,187.64599609375,15121400
2024-07-10,187.81477541116223,190.39642795230205,187.69562734501247,189.8304443359375,15952500
2024-07-11,188.50987272919218,189.51273777959946,183.77353946919203,184.2600860595703,25625800
2024-07-12,183.77353479614163,185.7892039533301,183.18770320192158,183.76361083984375,22898400
2024-07-15,183.61466683145176,186.9112385638258,183.61466683145176,185.2133026123047,16474000
2024-07-16,186.03742351335848,187.3480977347005,182.07558352972123,182.6217041015625,18290700
2024-07-17,181.6784348799773,182.2543425380115,178.63009842037727,179.74220275878906,20734100
2024-07-18,180.64574423979403,181.21172786784336,175.22429500298105,176.43568420410156,25315700
2024-07-19,177.61730362532302,179.01733902058587,175.87965675110726,176.40591430664062,18881900
2024-07-22,179.3152104096892,181.41031651236526,178.95775104592673,180.38758850097656,24100300
2024-07-23,180.76491875098247,182.31390434397233,180.258509125605,180.50674438476562,36352700
2024-07-24,172.37454609585706,174.94625938754677,170.6071125080407,171.41139221191406,49585200
2024-07-25,171.30216735262766,172.19580809720142,166.00979056708587,166.09915161132812,44852000
2024-07-26,165.97008682721892,166.90345381803442,162.90190268589552,165.82115173339844,41336900
2024-07-29,167.63825720919937,169.22695396837514,166.8041902743011,168.33331298828125,20293800
2024-07-30,169.0383014663059,170.02130347692145,167.25100442280618,169.0879364013672,18959700
2024-07-31,172.01711347343624,173.01997848256258,168.80990296351985,170.3291015625,25729100
2024-08-01,169.04818628966126,172.82136469667938,167.68786212057907,169.55458068847656,24531400
2024-08-02,165.26511803151652,167.3204982165653,163.50760805366414,165.4835662841797,29130100
2024-08-05,154.40234063596142,163.26929736266635,153.8363569379613,158.12586975097656,53630700
2024-08-06,158.2053051541738,159.43655755600886,155.3059189992834,157.17263793945312,49004600
2024-08-07,160.11174561926643,161.82952940748444,157.35137068982363,157.81805419921875,25138600
2024-08-08,159.37697100848436,162.53453159498838,159.0791007984094,160.88624572753906,25578800
2024-08-09,158.88048081312152,162.63379650679866,157.9371899119943,162.5146484375,28602300
2024-08-12,163.1898651801224,163.73597062856854,160.69757348531624,161.14439392089844,15895300
2024-08-13,162.25649966122157,163.56717396094234,161.81960317762199,163.00120544433594,18551700
2024-08-14,161.25361460284537,162.06783350679044,156.5967339743886,159.23794555664062,40591100
2024-08-15,159.3670211694173,160.49897323710096,158.48330433720005,160.161376953125,31524300
2024-08-16,160.3302046522989,163.89485965448893,159.99260830608642,161.8096923828125,24208600
2024-08-19,164.11328189947275,165.51333229993313,163.10047787030177,165.49346923828125,22416200
2024-08-20,165.72185564699794,167.44957853320707,165.642433695725,165.9998779296875,18341500
2024-08-21,163.984189478023,165.67220118965227,163.5075820711663,164.67926025390625,22902000
2024-08-22,166.07930514645545,166.406977492495,162.15719125168386,162.64373779296875,22493300
2024-08-23,163.5572714789503,165.0069571091441,162.67355443967108,164.45091247558594,13955700
2024-08-26,165.20552403193696,166.36726315289178,163.29907918080005,164.98707580566406,14190400
2024-08-27,164.66931692322828,165.26508752982176,163.2990687697847,163.5175018310547,11821900
2024-08-28,163.87496740248727,164.431027060309,160.38975012916,161.700439453125,16407400
2024-08-29,163.15012461387778,164.7984102225247,159.11878679232862,160.6379852294922,19699800
2024-08-30,161.472070186267,162.50473737235887,160.54864227379994,162.22671508789062,22123800
2024-09-03,160.57844587255263,160.70753307191137,155.37542873116885,156.2492218017578,38945300
2024-09-04,155.554151121504,157.87762958096508,154.8590954051368,155.3456268310547,19353800
2024-09-05,155.1966988484402,158.32445729106303,154.87895042005644,156.13006591796875,18688700
2024-09-06,156.1896446256026,156.71590221863735,149.4872919188711,149.85467529296875,37912100
2024-09-09,151.63437166613713,152.51926120186218,146.37475041538113,147.856201171875,39260500
2024-09-10,149.58623515190288,150.40153465947992,147.48834845284705,147.8065185546875,31118800
2024-09-11,149.05925855823048,150.63018908340467,146.67304380954099,150.29214477539062,29607700
2024-09-12,152.91697508053775,153.9311230962661,151.77356859256676,153.80186462402344,29621500
2024-09-13,154.5376253409391,157.4707006975876,154.31890238034902,156.5559844970703,29591200
2024-09-16,156.4068176480649,157.3414231577179,155.7009025392383,157.1525115966797,18379800
2024-09-17,158.107008079676,159.628222536102,157.47068317745328,158.40528869628906,20715600
2024-09-18,158.9421872798641,159.57851220454893,157.68942685128602,158.89247131347656,23677300
2024-09-19,162.77008449382728,162.8496118323656,160.41368126049775,161.20909118652344,26587700
2024-09-20,162.5612924555598,162.78996770160265,161.1295575441582,162.65077209472656,40896400
2024-09-23,163.40642311261095,164.5398774216767,160.74180191250147,160.9207763671875,24150900
2024-09-24,162.09398745781283,162.28289902982328,159.7674258440889,161.3582305908203,23332100
2024-09-25,160.5429462723237,161.87524922923666,160.37392412147798,160.56283569335938,18869200
2024-09-26,162.7004790534292,163.13795527115403,161.34828673099906,161.7957000732422,20319300
2024-09-27,161.87524329123835,164.7486500925775,161.69628402203105,163.00869750976562,21101300
2024-09-30,162.38232355982177,165.19606207708327,162.32265529939457,164.89779663085938,20413900
2024-10-01,166.72722798963838,168.18878935347016,163.63508311957565,166.03125,28338100
2024-10-02,165.46452779504156,166.5582184121097,163.7842281975384,164.90774536132812,17760200
2024-10-03,163.4660733087808,165.6832659184552,162.9788810936898,164.90774536132812,15073100
2024-10-04,167.0950886229922,167.26411075507784,164.52989975669306,166.100830078125,19047400
2024-10-07,166.75705707061962,167.51268816069472,161.81559051224986,162.0442657470703,22463100
2024-10-08,162.99877252706997,163.78423021907105,161.93490844359246,163.43624877929688,23072700
2024-10-09,162.51156208330087,163.89358090449505,158.8228712424478,160.93069458007812,31181800
2024-10-10,159.94636978765286,162.13375075790051,159.47906705048007,161.14942932128906,14144100
2024-10-11,161.19915249290503,162.9589793006072,160.3142629412503,162.3027801513672,15344300
2024-10-14,162.70048027253844,165.27560646204375,162.46185274166893,164.01290893554688,19016100
2024-10-15,164.83814757105517,166.71729595706415,163.6848189785555,164.5100555419922,20247200
2024-10-16,163.5853584728,164.8480710827429,162.7999008914352,164.2117462158203,16406000
2024-10-17,164.77847983302945,165.4148047545223,161.82553046438127,161.9945526123047,21453400
2024-10-18,162.25306000415483,163.7643372928155,162.1436909535705,162.4817352294922,19757700
2024-10-21,162.01445640921125,163.5555604691452,161.6863492090046,163.12803649902344,20946500
2024-10-22,162.0442768634266,164.8182671012252,162.0442768634266,164.19187927246094,16568100
2024-10-23,163.8140255377703,164.8679522950324,161.0002721529637,161.84539794921875,18280500
2024-10-24,161.89515092756724,162.39228029287776,160.0855927556685,161.78578186035156,22412500
2024-10-25,162.7303165163636,164.63929136354844,162.48175184608664,164.32113647460938,19828900
2024-10-28,167.78114595500233,167.78114595500233,163.00870143582344,165.76280212402344,32138600
2024-10-29,166.76699401414237,169.40178845873763,166.13066910445878,168.70579528808594,42169000
2024-10-30,179.6426331826948,180.9749512117023,173.06064622942904,173.45835876464844,68890800
2024-10-31,172.13600066532192,175.80481742033143,170.01822493850247,170.12759399414062,44769000
2024-11-01,169.09358268677013,171.33066473922122,167.91041241830663,170.3065643310547,31796500
2024-11-04,168.954351474997,169.74976136503125,167.04537684162395,168.26832580566406,21492700
2024-11-05,168.45722424913848,169.55091475770118,167.87061532690117,168.7654571533203,18242100
2024-11-06,172.8021647148181,175.92413641911588,172.50388407123629,175.49659729003906,33695500
2024-11-07,176.39142952870222,180.0403569286527,176.1726914135067,179.71224975585938,25352900
2024-11-08,179.6128172813832,179.86138194143007,177.05758046511664,177.32603454589844,22006200
2024-11-11,177.5547178158643,179.5134086393181,177.44534875364968,179.31455993652344,17450400
2024-11-12,178.78758666786376,181.44225527864106,178.3600475857902,180.57723999023438,25134900
2024-11-13,179.423911961303,179.9210412566759,177.51492211643085,177.8529815673828,23184000
2024-11-14,177.25644065886235,177.79334885525918,173.3191846841435,174.5719451904297,31007500
2024-11-15,172.73256594722855,173.14021567004892,170.23698198164112,171.49969482421875,32504600
2024-11-18,172.4243223269658,174.43272892051993,171.90730361382492,174.2935333251953,20135300
2024-11-19,172.72260407260165,177.8430297605378,172.56351905656155,177.0973358154297,23434900
2024-11-20,176.32182739630647,176.65987170014589,172.78226898861567,174.96963500976562,18997100
2024-11-21,172.90156244724747,173.13025284582125,162.7601278802168,166.66757202148438,59734400
2024-11-22,164.8978098993039,165.5043083073982,162.95899331574788,163.81405639648438,38604600
2024-11-25,165.13641317917185,167.6618386099698,164.65917328191838,166.6874542236328,33135300
2024-11-26,166.6675967855572,168.84502584498395,166.61788081451584,168.14903259277344,20486700
2024-11-27,168.0297170852908,168.5069570042289,167.0553478258637,168.25839233398438,19266500
2024-11-29,167.53256715154302,168.45722032902532,166.20026432388437,167.97998046875,14257200
2024-12-02,167.8010472162495,171.09204112840575,167.60219850791555,170.50543212890625,23789100
2024-12-03,170.5054406416943,171.6885958252668,169.86911564054563,170.35629272460938,22248700
2024-12-04,170.16736706139073,173.9057894087997,170.0778874212496,173.36888122558594,31615100
2024-12-05,174.35320380974355,175.04918185581036,171.3406012044101,171.64881896972656,21356200
2024-12-06,171.04233358531255,174.07482584315568,170.87331141634223,173.7069549560547,21462400
2024-12-09,173.15945800345577,175.44886145410123,172.8508718378986,174.56295776367188,25389600
2024-12-10,182.00857038298057,185.5024126630823,180.21685055142655,184.31788635253906,54813000
2024-12-11,184.4572441868518,194.7098490277896,183.99936950512352,194.5008087158203,67894100
2024-12-12,194.10264873841155,194.28181312365592,190.82779534779633,191.07664489746094,34817500
2024-12-13,190.1309984875668,191.84308455058388,188.76730785856873,188.9464874267578,25143500
2024-12-16,191.98243736831273,198.08423292115103,191.73358782946704,195.7550048828125,44934900
2024-12-17,196.34228662818003,200.4930951236226,194.08272855714978,194.5207061767578,43504000
2024-12-18,194.3216274116736,196.09343489769404,186.87605352724106,187.5330047607422,34166100
2024-12-19,190.748138909751,192.1416901461699,187.513095150107,187.64248657226562,32265200
2024-12-20,184.925048408463,192.00232914747002,184.3676279309519,190.52914428710938,63462900
2024-12-23,191.73356940291157,194.20216752678672,189.27493498031782,193.7343292236328,25675000
2024-12-24,193.94335970742864,195.20751953125,192.88824016493578,195.20751953125,10403300
2024-12-26,194.2519335810559,195.84457662010342,193.48548797808414,194.6998748779297,12046600
2024-12-27,194.05284898883724,194.42115659969988,189.77263428806026,191.8729248046875,18891400
2024-12-30,188.9265638700057,191.66390866604786,188.24968525874627,190.3599395751953,14264700
2024-12-31,190.2006709297877,191.07662611886298,187.6424905201336,188.42886352539062,17466900
2025-01-02,189.77266033181004,191.1164539742449,186.63716208422355,188.5582733154297,20370800
2025-01-03,190.48934425629204,192.32088844513342,189.10574139792004,190.90740966796875,18596200
2025-01-06,193.0873348986171,197.30782865396526,192.95794346331456,195.9640350341797,29563600
2025-01-07,196.20294862127383,200.075047185632,193.70450449495107,194.5904083251953,26487200
2025-01-08,191.68384065635297,195.386708025345,191.49471256621632,193.05747985839844,24864800
2025-01-10,193.40584405374383,195.61562893869856,189.43420036839143,191.15623474121094,26665200
2025-01-13,189.19532001022134,190.3001972959748,186.49778453538255,190.1309814453125,21823700
2025-01-14,190.35994708125565,191.09653198927745,187.4434226127788,188.78721618652344,17174900
2025-01-15,192.20141470890871,195.4563707355863,190.97707930364396,194.6501007080078,21776000
2025-01-16,193.2465827004133,194.58041248274841,191.92270143099617,192.02224731445312,17815400
2025-01-17,195.6255975250055,196.3223731934333,192.85839187855623,195.09803771972656,27735100
2025-01-21,198.15390588987137,201.3590737795005,196.9594160260543,197.1385955810547,29971300
2025-01-22,198.14394994474472,199.5574134711185,196.62099201618707,197.45712280273438,26200600
2025-01-23,197.22819130144518,199.3782549776066,194.30171827365388,197.0689239501953,26951400
2025-01-24,197.18837511510904,199.9754777209976,197.08882922694013,199.28866577148438,23877500
2025-01-27,191.5245673708486,195.97399844848505,189.85229053116194,190.9273223876953,41728900
2025-01-28,191.8629920734772,194.58042475121238,189.80251062684363,194.40126037597656,24157900
2025-01-29,194.66004582386458,195.88438120776217,192.5398430560715,194.5107421875,18218300
2025-01-30,197.0888449414686,200.4731927690754,196.76036171060426,199.9456329345703,24354700
2025-01-31,201.0704225036096,204.5344037474068,200.87134591508243,203.0811309814453,32001100
2025-02-03,199.76646200582942,202.81237798864086,199.17918072832174,200.30397033691406,27838300
2025-02-04,202.4540365472158,206.09719755510824,201.8767037764101,205.43028259277344,43856400
2025-02-05,190.19072588273337,191.86298743209488,187.16470709545553,190.44952392578125,70373900
2025-02-06,188.62795003909466,191.21599131294843,187.85154069465264,190.71829223632812,29297400
2025-02-07,190.17080550398342,190.3001969256679,182.39674895869484,184.48707580566406,49315000
2025-02-10,186.4878479252447,187.33392723255807,185.00469922620795,185.6118927001953,23105600
2025-02-11,184.17851963260873,186.07973375626966,183.43197101543439,184.46719360351562,21239500
2025-02-12,182.37684051579572,184.25814231125668,180.9932377687485,182.76504516601562,22072600
2025-02-13,183.47178484763324,185.42275661553663,182.29720719308074,185.2834014892578,21402500
2025-02-14,184.20837813225802,185.54220800020582,183.4717932262479,184.37759399414062,20448400
2025-02-18,184.74589678490392,185.10424071494356,180.90365944170068,182.92431640625,29916700
2025-02-19,183.22294469175932,184.60654751219354,182.74514264416922,184.41741943359375,19549400
2025-02-20,183.9495791218272,184.4572267048234,181.87914917011352,183.71067810058594,20441500
2025-02-21,184.29794713548316,184.48707519951907,178.25588873059436,178.83322143554688,35199200
2025-02-24,181.15250613186586,182.27729565940143,178.06676593885823,178.42510986328125,29854200
2025-02-25,177.2206855678133,177.91747644578498,173.8861107726199,174.6127471923828,41913400
2025-02-26,174.26436286262216,175.26970953461128,170.79041782229913,171.93511962890625,35431300
2025-02-27,173.1893356179125,173.75670468511518,167.16717356296937,167.72459411621094,39991000
2025-02-28,167.90375578067133,169.82488214403156,166.00255682205264,169.49639892578125,48130600
2025-03-03,171.13879690224084,172.57217267061702,165.1664079930538,166.24143981933594,40770500
2025-03-04,165.47499722472898,172.49254217135646,165.03701959982106,170.13345336914062,45388000
2025-03-05,169.73530516145718,172.98029782260173,168.28201710781593,172.2238006591797,30954900
2025-03-06,169.7452376648565,174.0055403400316,169.71537693678601,171.55686950683594,28302000
2025-03-07,170.4718800246714,174.1648138078256,169.48644558654738,173.05992126464844,27385800
2025-03-10,167.6785699397653,167.87789100205225,163.12436954047675,165.2968292236328,43604000
2025-03-11,164.34016388069963,166.17380218640486,160.81238769070245,163.47315979003906,39587400
2025-03-12,166.00437964443265,167.06071434970798,162.96491596959018,166.5325469970703,28372400
2025-03-13,165.4662665449778,165.55596711984276,161.5498533800482,162.19760131835938,31756200
2025-03-14,162.70582188820455,165.91469633780176,161.88864811378173,164.91815185546875,31995900
2025-03-17,164.45973844695973,165.72535422603255,163.10443731189008,163.7222900390625,31184300
2025-03-18,163.11440067725707,163.68243835584954,156.17845929337233,160.11480712890625,42074800
2025-03-19,161.20105500840197,165.29685407475176,160.44368655845827,163.32369995117188,34275600
2025-03-20,161.01169658179438,164.3202162999389,160.40380384962694,162.23744201660156,28138500
2025-03-21,160.65294731947398,163.67247597151626,160.33404577702316,163.42333984375,36625800
2025-03-24,166.492708348571,167.7383890591239,164.56936942432435,167.1005859375,30879100
2025-03-25,168.3960847024039,170.04039224469534,167.7383768915496,169.9706268310547,24174400
2025-03-26,168.41602720143118,169.0239199788623,164.27039826701778,164.48963928222656,28901600
2025-03-27,164.06113851285755,164.84840203770966,161.44022141043914,161.6793975830078,24508300
2025-03-28,159.9354404969839,161.26084657481337,153.0991442674789,153.79672241210938,48669300
2025-03-31,152.58092477046202,155.0025205393741,150.13939385440554,154.1056365966797,54603500
2025-04-01,153.0891615011919,157.55369181763876,153.0891615011919,156.52725219726562,30672900
2025-04-02,154.61387643325034,157.86262130532444,154.1654344397735,156.49734497070312,25041700
2025-04-03,150.58783997911712,152.25206746912303,149.87032672274708,150.19918823242188,46883400
2025-04-04,147.49855413182192,150.54799324363788,144.8776522919314,145.09689331054688,62259500
2025-04-07,141.06087632952463,152.3218321659185,140.04439668677543,146.24290466308594,76794100
2025-04-08,150.69745588802078,151.7139355045659,142.5357542501846,144.19998168945312,52200200
2025-04-09,143.92094670447867,158.9986690004619,143.41271451247957,158.1615753173828,70406200
2025-04-10,155.99907817143998,157.17500865516934,149.41191804525613,152.2919464111328,48022000
2025-04-11,152.37164602184413,157.1251674838408,152.29193584419684,156.5970001220703,33636200
2025-04-14,159.44711904636745,161.16117679260088,157.0155480479404,158.5203399658203,30333000
2025-04-15,158.58014524074957,159.09833747842598,154.6736922783896,155.76988220214844,27551500
2025-04-16,152.5709851557027,155.35133791385522,150.98646767664792,152.80018615722656,28187400
2025-04-17,153.75685420118594,154.14550597318726,147.98686786207978,150.63768005371094,33046600
2025-04-21,148.36555457655837,148.43530478654532,145.59516199807078,147.15972900390625,26049100
2025-04-22,148.37549264543264,151.66409215206974,148.0266960287967,150.9465789794922,26971800
2025-04-23,155.07229801307963,156.98566172409713,153.27851478210604,154.81320190429688,31128800
2025-04-24,155.6104249592094,159.03854063446718,155.2516683139833,158.7296142578125,45894000
2025-04-25,164.49959867786362,165.52603823874784,160.48351057877483,161.4003448486328,56034000
2025-04-28,161.86872639451175,162.5862396977989,158.0519740918863,160.05502319335938,29745800
2025-04-29,159.76603342291708,160.18458031932272,156.97570557414937,159.60658264160156,26809000
2025-04-30,157.43409270690867,158.7196436016194,154.86300612354924,158.2512664794922,34981100
2025-05-01,159.8955611021286,161.39037784388623,158.36088927125815,160.7426300048828,30203200
2025-05-02,162.84534306658284,164.39995007912242,161.3106559960053,163.46319580078125,25715000
2025-05-05,162.4367677423953,164.81850869798296,162.15773647441492,163.64259338378906,21341800
2025-05-06,161.6096198520829,164.23053675483612,160.63301049910467,162.66595458984375,21277200
2025-05-07,163.5130310359637,164.42985019413678,147.32914212449143,150.85691833496094,127490100
2025-05-08,154.46440047734652,155.39117958130052,152.37165090458322,153.74688720703125,57498700
2025-05-09,153.63729009433737,154.51425427070677,151.67409587609725,152.22219848632812,32435300
2025-05-12,156.94581087118723,158.5502482480448,155.7100901217978,157.91246032714844,44138800
2025-05-13,158.24128090704517,160.01514395464716,155.6203794367127,158.97872924804688,42382100
2025-05-14,159.40725946266062,166.4229258122212,159.0584628171564,164.79855346679688,48755900
2025-05-15,165.26692581903856,165.63565760093152,161.80891540540173,163.3934326171875,33146700
2025-05-16,167.1504098009548,168.76482228008075,165.04770023388704,165.61573791503906,42846900
2025-05-19,163.94153908750272,166.06418385324469,163.6525478575402,165.9645233154297,30426100
2025-05-20,165.8548915457752,167.91774593119885,162.337090725838,163.41336059570312,46607700
2025-05-21,163.12438701474937,172.54173038625467,162.99483135159699,167.97755432128906,73416000
2025-05-22,171.25618084668935,176.15917803179707,170.12012070875053,170.27955627441406,74864400
2025-05-23,168.47582079984258,169.37272002705043,167.30986548992928,167.8878631591797,35211400
2025-05-27,169.57202886061165,172.5716225630013,169.4125780788469,172.30255126953125,37995700
2025-05-28,172.56165823831284,174.66436785084326,171.31597754856884,171.76441955566406,34784000
2025-05-29,173.39874848808273,173.81729536660228,170.04039828273065,171.26614379882812,29317300
2025-05-30,170.75790891590938,171.61493780799663,166.86141620850907,171.1465606689453,52639900
2025-06-02,167.26003241267054,169.28301661805224,166.81159040962694,168.4459228515625,38612300
2025-06-03,166.91126012169556,167.89782954141205,164.708889870391,165.60577392578125,45084900
2025-06-04,166.16382850855194,167.6387100496484,165.78513674832732,167.46929931640625,26900800
2025-06-05,169.75139851627495,170.33935616350743,167.01090094696792,167.62876892089844,36379100
2025-06-06,170.23969140570108,173.89700773798458,170.23969140570108,173.079833984375,35731800
2025-06-09,174.14743750903665,176.07310468622353,173.97782168090652,175.69395446777344,28935900
2025-06-10,175.8037071645682,180.70266778284787,174.51661519040564,178.1983184814453,61766100
2025-06-11,179.3656814209572,179.96432281914957,176.3524694759701,176.9511260986328,31646800
2025-06-12,175.78375628436552,176.32255032681226,174.3569797237004,175.30484008789062,20941900
2025-06-13,172.05216517338764,176.7316192634362,172.00227458420645,174.2771453857422,27663100
2025-06-16,174.33701609632743,176.5420523549515,174.25719419482596,176.3724365234375,27389200
2025-06-17,175.30482253964252,176.96109261622635,174.18734645157147,175.55426025390625,24973000
2025-06-18,175.6141436330853,176.16290971424257,172.81046582918458,172.93020629882812,28707500
2025-06-20,173.55878574385125,173.94790803011588,165.08788938336605,166.26522827148438,75659900
2025-06-23,165.8960542954959,166.9636398925432,161.63565348702906,164.8184814453125,57671000
2025-06-24,166.54458452923419,167.84166379185558,165.756367987998,166.39492797851562,40524300
2025-06-25,167.25299905707695,171.97235685648238,167.17317715297744,170.29612731933594,35479000
2025-06-26,172.04218458564608,173.29936049404486,169.55779452756443,173.14968872070312,31796700
2025-06-27,173.14968136313868,178.27812028762878,171.34375470263782,178.1284637451172,108140200
2025-06-30,180.3734186271616,180.82240351749414,174.1873656755976,175.83364868164062,63378900
2025-07-01,175.344768335238,175.6939720547657,173.13973189988045,175.4445343017578,35904500
2025-07-02,175.14518633422566,178.4577266308603,174.67625741761273,178.23822021484375,29128900
2025-07-03,178.09853847776557,179.265905222364,176.65180269468908,179.126220703125,21689700
2025-07-07,178.65727862884938,178.89674433224096,175.28487562232132,176.3923797607422,34175600
2025-07-08,177.4500058972594,177.54977185383785,172.42133277200756,173.9678497314453,40442500
2025-07-09,174.85586430994886,179.03644347316074,172.3814460707259,176.2227783203125,43025600
2025-07-10,175.2349902719471,178.02868052999747,173.98780168372105,177.2205047607422,29252400
2025-07-11,176.39238193299045,181.0219456842772,176.08308157759498,179.7847442626953,34282900
2025-07-14,180.60289104600895,183.2569121837853,179.27588047712075,181.1516571044922,32536600
2025-07-15,182.39885886185957,183.8056914333515,181.19158867102598,181.59068298339844,33448300
2025-07-16,182.82788394956327,183.91542879782378,181.62059863833602,182.55848693847656,33104200
2025-07-17,181.73036564766983,183.64604573142148,180.07409534184728,183.16712951660156,31992600
2025-07-18,184.98301522964096,186.00072543502688,183.2968289565469,184.64378356933594,34014500
2025-07-21,185.83110772544197,189.86201471908177,185.73132654425748,189.67245483398438,45803100
2025-07-22,191.0693117786785,191.21896833519165,187.03840453704987,190.90966796875,44660200
2025-07-23,191.06930248089483,192.09698471753413,188.7545130229886,189.80215454101562,58681900
2025-07-24,196.58687870624138,197.50480780114538,190.57044138213487,191.73780822753906,74881700
2025-07-25,191.54821586623893,193.8929365997576,190.82983399147875,192.74551391601562,39785900
2025-07-28,193.2144667106556,193.61357622809174,190.41078895772904,192.14688110351562,38139500
2025-07-29,191.9971978721824,195.47935398479527,191.64799419278697,195.3097381591797,41389200
2025-07-30,195.1600963397073,197.155598285003,194.2521393007246,196.08799743652344,32445400
2025-07-31,195.26984291287636,195.54921195775628,190.66022322341527,191.46839904785156,51329200
2025-08-01,188.60486968944682,190.40082452841267,187.39759950913643,188.70465087890625,34832200
2025-08-04,189.86201672672937,194.830827292421,189.69240089649873,194.60133361816406,31547400
2025-08-05,194.2720962985156,197.4150057356091,193.45393320281906,194.232177734375,31602300
2025-08-06,194.0625664055758,196.18778087351924,193.23443126184418,195.64898681640625,21562900
2025-08-07,196.6167969951023,197.09571318148866,193.8929412029117,196.07801818847656,26321800
2025-08-08,196.7764442791972,202.15432130991044,196.72655368662487,200.9669952392578,39161800
2025-08-11,200.48808049350347,201.02685931355308,198.62229106869012,200.54794311523438,25832400
2025-08-12,200.91710457512625,204.04006993048975,200.1388600495838,202.88267517089844,30397900
2025-08-13,203.6709007567403,204.06999503609887,197.06577929471834,201.5057830810547,28342900
2025-08-14,201.0468177297292,203.98020797768137,200.77742070862897,202.48358154296875,25230400
2025-08-15,203.39154613868575,205.97571755828142,200.82731877734264,203.44142150878906,34931400
2025-08-18,203.74073522255918,204.80833601681928,202.0345896716843,203.0423126220703,18526600
2025-08-19,202.57337657986534,202.98245812812408,199.51028904350812,201.11666870117188,24240200
2025-08-20,200.278551944333,200.8273180336849,196.15785070859312,198.87173461914062,28955500
2025-08-21,199.3007354736328,202.02459107482636,198.98144788878304,199.3007354736328,19774600
2025-08-22,202.27403645691825,208.07096677186306,200.84725997228378,205.62648010253906,42827000
2025-08-25,205.96572314134983,210.04653613391585,204.81831562838462,208.02110290527344,29928900
2025-08-26,207.0432962842493,207.38254318133843,205.23736948208096,206.67413330078125,28464100
2025-08-27,205.2373711930947,208.4401585010209,205.18748059977113,207.01336669921875,23022900
2025-08-28,206.78389053195886,211.742714118765,206.43467159929352,211.1640167236328,32339300
2025-08-29,210.0365560843286,214.16724458693432,209.72725571237183,212.43116760253906,39728400
2025-09-02,207.97120545801465,211.20390871469678,205.73623790289355,210.87466430664062,47523000
2025-09-03,225.7012317514145,230.78975207064033,224.28441211377313,230.14122009277344,103336100
2025-09-04,229.1335081222656,231.847392025426,225.60147632632095,231.77755737304688,51684200
2025-09-05,231.677760445174,235.22975128240526,231.37843212445287,234.47146606445312,46588900
2025-09-08,235.15054099905157,237.8069358559837,233.3529799966882,233.72247314453125,32474700
2025-09-09,233.85231685973005,240.14377315813266,232.91358965088386,239.30491638183594,38061000
2025-09-10,238.5758820575914,241.33214736167037,237.5273187664355,238.84552001953125,35141100
2025-09-11,239.55457404217233,241.9213539288796,235.92949376965038,240.0438995361328,30599300
2025-09-12,240.04388783032,241.75157459718335,237.67710805902945,240.4733123779297,26771600
2025-09-15,244.32807821701437,252.06756394348793,244.32807821701437,251.26864624023438,58383800
2025-09-16,251.73800966841424,252.696698721273,249.13154999644232,250.8192596435547,34109700
2025-09-17,250.87917693990602,251.25866627901078,245.94587648389523,249.19146728515625,34108000
2025-09-18,251.338548569648,253.64542748570952,249.46110945180462,251.68807983398438,31239500
2025-09-19,252.90642848071656,255.65269769422878,251.4683796180924,254.3744354248047,55571400
2025-09-22,254.0848093772248,255.4329839373953,249.96042287972912,252.18739318847656,32290500
2025-09-23,252.69670571321294,254.01492224497756,250.1401811840686,251.31858825683594,26628000
2025-09-24,251.31857470864836,252.00764101873446,246.10565550148698,246.80470275878906,28201000
2025-09-25,244.06842931794486,246.1556055061487,240.41340622781078,245.45654296875,31020400
2025-09-26,246.73481561544992,249.08161830530747,245.63630185383965,246.2055206298828,18503200
2025-09-29,247.51375020937843,250.80926093832198,242.4406403715287,243.71890258789062,32505800
2025-09-30,242.48058753408858,242.9599320717839,238.92541967317948,242.77020263671875,34724300
2025-10-01,240.42338523813993,245.96585884887978,238.2862890899911,244.5677490234375,31658200
2025-10-02,244.81739828037135,246.47514981131818,241.97127402542458,245.35667419433594,25483300
2025-10-03,244.15831699237452,245.96585900937905,241.3321544964398,245.01715087890625,30249600
2025-10-06,244.44791178946252,250.97904766602093,244.24818617214953,250.09024047851562,28894700
2025-10-07,247.93317917084852,250.1002333278666,245.18691006468788,245.42657470703125,23181300
2025-10-08,244.62768203424937,245.67624536262252,243.48922922331397,244.2881317138672,21307100
2025-10-09,244.13833003954065,244.42792989328805,238.82554034163272,241.2023162841797,27892100
2025-10-10,241.10246136059908,243.75885638035138,235.5200485827795,236.2490692138672,33180300
2025-10-13,239.88411429337978,244.16828735447277,239.38479264234815,243.81875610351562,24995000
2025-10-14,240.9027132904423,246.78472157869837,240.1836889124138,245.1169891357422,22111600
2025-10-15,246.91455220927548,251.7679591837619,245.65626715592245,250.68942260742188,27007700
2025-10-16,251.42842769264908,256.6113736152233,249.76069521164578,251.1188507080078,27997200
2025-10-17,250.4197821526697,253.87509458891947,247.4737875390444,252.9563446044922,29671600
2025-10-20,254.3444728441902,256.98087539491434,253.88509020638818,256.2019348144531,22350200
2025-10-21,254.39440086428343,254.53421031738455,243.81875668908756,250.12020874023438,47312100
2025-10-22,254.02489806023604,256.01218852739623,248.95178813355238,251.34854125976562,35029400
2025-10-23,252.63679338694976,254.69399627404513,251.50833675008087,252.73666381835938,19901400
2025-10-24,256.23188733462473,261.32497431611404,254.9736174865258,259.5673828125,28655100
2025-10-27,264.4607188078389,269.7735083332291,263.92144290721717,268.9046630859375,35235200
2025-10-28,269.3241367489819,270.3627344019799,266.1384619149823,267.1071472167969,29738600
2025-10-29,267.38675485794886,274.96645416764926,267.3068768000952,274.197509765625,43580300
2025-10-30,291.1944142933695,291.1944142933695,279.6800575475708,281.09814453125,74876000
2025-10-31,282.82575062167336,285.6119738650845,276.6541425566326,280.8085021972656,39267900
2025-11-03,281.797163766903,285.14262497278366,279.42038779718166,283.3350830078125,29786000
2025-11-04,276.374515458966,280.88837191256465,275.8851900258856,277.1634521484375,30078400
2025-11-05,278.49163374098424,286.0314084420774,276.96371081227676,283.92425537109375,31010300
2025-11-06,284.9428776795432,287.9587999323025,280.7585903155872,284.3636779785156,37173600
2025-11-07,282.8257840870045,283.3950181298404,274.8166751233446,278.45172119140625,34479600
2025-11-10,284.03413439651047,290.40545290698407,282.47622284552773,289.7064208984375,29557300
2025-11-11,287.35962699643375,291.52398321941854,286.9302176656824,290.914794921875,19842100
2025-11-12,291.2842728658537,291.613842224268,283.30512258449664,286.3210144042969,24829900
2025-11-13,281.9569519907634,282.45627365196606,276.8638649512614,278.19207763671875,29494000
2025-11-14,271.04178706348836,278.1820807042813,270.3327588398133,276.0350036621094,31647200
2025-11-17,285.392279437324,293.55120856159544,283.1852862901624,284.63330078125,52670200
2025-11-18,287.52939388700526,288.4081743957296,277.8225797399186,283.8943176269531,49158700
2025-11-19,286.77042153983126,303.39782684502376,286.2411417953812,292.4127502441406,68198900
2025-11-20,304.1268355762142,306.0042898345543,288.2783714658303,289.05731201171875,62025200
2025-11-21,296.0178842040454,303.50770955644725,293.4513634023398,299.25347900390625,74137700
2025-11-24,310.70789188393536,319.0465694557707,309.17996886834777,318.14776611328125,85165100
2025-11-25,325.767421144808,328.3838617048627,317.2190369667809,323.0011901855469,88632100
2025-11-26,320.2449508538883,324.0597758686898,316.36024396458464,319.5159606933594,51373400
2025-11-28,322.9313108653273,326.40660086319315,316.36025071335513,319.7456359863281,26018600
2025-12-01,317.2690150587685,319.41609223758667,313.464186206563,314.46282958984375,41183000
2025-12-02,316.3102616947243,317.948051296999,313.4841146313127,315.38153076171875,35854700
2025-12-03,315.4614340573081,321.1436861691208,313.6738540884245,319.19635009765625,41838300
2025-12-04,321.7928484740126,321.92264650582644,314.27306548179905,317.1890869140625,31240900
2025-12-05,319.05652267664885,322.72155681925386,318.73697999805336,320.8341064453125,28851700
2025-12-08,319.82486263347363,320.21460294317257,311.0010871288888,313.49932861328125,33909400
2025-12-09,312.15025542764414,317.7662971049956,311.6805848338384,316.85693359375,30194000
2025-12-10,315.6078174223929,321.0839735202244,314.45863248382005,319.9847412109375,33428900
2025-12-11,319.85481737290655,320.8940942947929,308.3829128168011,312.210205078125,42353700
2025-12-12,313.47935032153816,314.6485102459599,305.34506149685063,309.07244873046875,35940200
2025-12-15,311.1009991314403,311.2009348824072,304.66552711937686,308.003173828125,29151900
2025-12-16,304.7354841263937,310.5513666605185,302.37712849550337,306.3543395996094,30585000
2025-12-17,307.7933270972379,307.87325739956634,295.9116769824828,296.5112609863281,43930400
2025-12-18,301.50775321966603,303.7461677101471,299.0195145942255,302.2472229003906,33518000
2025-12-19,301.5177661333593,307.03387224107576,300.7582909786616,306.9439392089844,59943200
2025-12-22,309.66200850448513,309.9118326328777,305.0852133945127,309.56207275390625,26429900
2025-12-23,309.41219480947996,314.7184570357758,309.1024153195162,314.1288757324219,25478700
2025-12-24,314.5485634057752,314.8583428959372,311.70059264113144,313.8690490722656,10097400
2025-12-26,314.25877806497726,314.86833429915043,312.0603135401851,313.2894592285156,10899000
2025-12-29,311.15095467052413,313.79908436732376,310.4014822754237,313.33941650390625,19621800
2025-12-30,312.28018544302313,316.72706748217655,312.24020504037514,313.6292419433594,17380900
2025-12-31,312.62992729269524,314.3586907819443,311.22091551782626,312.7798156738281,16377700
2026-01-02,316.67708324131615,322.2731502440002,310.11169732658084,314.9283142089844,32009400
2026-01-05,317.4365596004392,318.79558832967825,314.4086921415047,316.3173522949219,30195600
2026-01-06,316.17741436833177,320.71422913013345,311.5606693028291,314.1188659667969,31212100
2026-01-07,314.13884430323384,325.9205589972494,313.96898096999803,321.7535095214844,35104400
2026-01-08,328.7385750407063,330.0876314322289,321.2738288701313,325.2110595703125,31896100
2026-01-09,326.8598973489763,330.5972566011106,325.5707962902668,328.3388671875,26214200
2026-01-12,325.57079145505844,333.80501545240315,324.77136644379436,331.62652587890625,33923900
2026-01-13,334.7144015630273,340.25048265726696,333.38532003422745,335.7336730957031,33517600
2026-01-14,334.8243096530742,336.2832741209541,330.2475447349911,335.603759765625,28525600
2026-01-15,337.4124676651339,337.4524480652932,330.507324974913,332.5458984375,28442400
2026-01-16,334.1747541117482,334.4145755186536,327.46948297740045,329.7678527832031,40341600
2026-01-20,320.6442885211675,327.49947891315526,320.20459558658575,321.77349853515625,35361000
2026-01-21,320.6942733516965,332.24613943011235,319.12537039479025,328.1490173339844,35386600
2026-01-22,334.2147483456718,334.9142376434696,328.5187457270175,330.3074951171875,26253600
2026-01-23,332.25610013077164,333.45526818914374,327.21966747627397,327.6993103027344,27280000
2026-01-26,327.5793954045391,335.60374537803585,326.7699676491338,333.02557373046875,26042100
2026-01-27,335.1340666902067,337.6722883721735,333.2454121385867,334.31463623046875,21636200
2026-01-28,335.82360375323316,337.30257365930305,331.7065067534381,335.7736511230469,27434400
2026-01-29,340.06060015063264,342.0492210013424,326.3103005061971,338.0120544433594,39785600
2026-01-30,339.76083067041884,339.76083067041884,332.0562627255977,337.7622375488281,31024000
2026-02-02,335.983495554882,344.5874244246442,335.3939142353609,343.4482421875,32006100
2026-02-03,347.09564553860224,348.7544814019383,337.2325938809106,339.47100830078125,36506700
2026-02-04,342.7187296036167,343.0684894885568,328.2888852617291,332.80572509765625,70618400
2026-02-05,312.0003564748562,332.45595718246585,306.24439883874277,331.0169677734375,88205800
2026-02-06,326.94984200428365,330.147603202773,319.694969697787,322.63287353515625,56380500
2026-02-09,320.70422803551696,327.4694850607409,317.03682684844796,324.09185791015625,39640100
2026-02-10,320.7441987510988,321.4437184993816,314.38865715458337,318.3558654785156,39170000
2026-02-11,318.7456164455411,320.8341425405983,309.44216816023624,310.7412414550781,45406400
2026-02-12,311.87044586439265,316.0175203045161,306.9839017615506,308.7826232910156,47761300
2026-02-13,307.5135396808651,308.41290048065196,303.4963480144474,305.50494384765625,38499700
2026-02-17,299.82893803190484,304.22583664461854,296.04159566157676,301.8075256347656,39247600
2026-02-18,301.87748970860525,305.1651838815364,301.0380842700908,303.1166076660156,28482100
2026-02-19,301.6076886754516,305.25511494304027,299.828942056139,302.636962890625,25834400
2026-02-20,304.1059184917761,316.2773425544253,303.68620054308417,314.7584228515625,53210800
2026-02-23,318.82555353627805,319.29522413676915,309.65201848441603,311.2708740234375,31423000
2026-02-24,310.3015673465962,312.05033638585,305.71479964031533,310.6813049316406,25615600
2026-02-25,311.84046520002283,313.4193707572093,309.22231323387047,312.67987060546875,29963600
2026-02-26,312.42009761480955,312.9197459051382,302.1373272609355,307.1637878417969,36431200
2026-02-27,303.92607541564644,312.1502667227519,303.5862877430576,311.54071044921875,44640600
2026-03-02,303.0166882830762,308.27296712894787,301.088022863519,306.3043518066406,34790200
2026-03-03,298.37994467731505,303.72618716624237,296.5012623376298,303.3664245605469,35497000
2026-03-04,302.6769571429086,305.2551289128473,300.5384478137644,302.9167785644531,29536200
2026-03-05,302.82681905445145,303.08661540637286,297.78035344585857,300.6683349609375,35752300
2026-03-06,295.88171424137005,300.31859339921897,294.97235071392555,298.30999755859375,25576900
2026-03-09,294.3599853515625,306.79998779296875,294.0799865722656,306.3599853515625,29312100
2026-03-10,306.1700134277344,309.510009765625,305.57000732421875,307.0400085449219,23239700
2026-03-11,306.75,311.4200134277344,305.9200134277344,308.70001220703125,24125700
2026-03-12,306.82000732421875,308.94000244140625,301.0299987792969,303.54998779296875,24928300
2026-03-13,307.010009765625,307.69000244140625,300.44000244140625,302.2799987792969,23693100
2026-03-16,304.3500061035156,306.489990234375,303.0199890136719,305.55999755859375,23519700
2026-03-17,305.8599853515625,311.4200134277344,305.5,310.9200134277344,21955200
2026-03-18,309.2699890136719,312.4700012207031,306.92999267578125,307.69000244140625,20009800
2026-03-19,304.010009765625,308.05999755859375,302.3500061035156,307.1300048828125,25075800
2026-03-20,305.4599914550781,306.0,298.2699890136719,301.0,44364100
2026-03-23,302.1099853515625,305.9800109863281,300.92999267578125,302.05999755859375,29326900
2026-03-24,299.20001220703125,299.9200134277344,290.3299865722656,290.44000244140625,36864300
2026-03-25,293.44000244140625,296.0,289.239990234375,290.92999267578125,29460700
2026-03-26,287.9100036621094,287.95001220703125,278.5,280.9200134277344,39080600
2026-03-27,277.2799987792969,279.3699951171875,273.95001220703125,274.3399963378906,35890600
2026-03-30,276.4200134277344,277.0899963378906,272.1099853515625,273.5,35141200
2026-03-31,278.0400085449219,288.0799865722656,277.0899963378906,287.55999755859375,43875400
2026-04-01,290.8399963378906,300.5199890136719,290.4100036621094,297.3900146484375,37684500
2026-04-02,290.69000244140625,298.0799865722656,289.45001220703125,295.7699890136719,21666500
2026-04-06,295.8699951171875,300.6199951171875,295.17999267578125,299.989990234375,16945500
2026-04-07,302.7300109863281,305.6300048828125,297.7200012207031,305.4599914550781,23205400
2026-04-08,320.45001220703125,322.0799865722656,315.0199890136719,317.32000732421875,33547100
2026-04-09,315.9100036621094,319.5400085449219,311.05999755859375,318.489990234375,23739200
2026-04-10,320.0199890136719,321.8299865722656,316.32000732421875,317.239990234375,19152600
2026-04-13,317.1400146484375,321.6300048828125,315.4700012207031,321.30999755859375,18866400
2026-04-14,324.7900085449219,333.2900085449219,323.75,332.9100036621094,27721400
2026-04-15,332.8900146484375,337.4800109863281,330.8999938964844,337.1199951171875,24918800
2026-04-16,338.75,339.8800048828125,334.5199890136719,336.0199890136719,20541500
2026-04-17,337.6499938964844,342.32000732421875,336.239990234375,341.67999267578125,25581900
2026-04-20,340.760009765625,341.3999938964844,336.6099853515625,337.4200134277344,18784200
2026-04-21,337.69000244140625,339.3399963378906,331.3500061035156,332.2900085449219,23123800
2026-04-22,337.0199890136719,339.82000732421875,335.1700134277344,339.32000732421875,20293000
2026-04-23,341.17999267578125,341.9599914550781,336.17999267578125,338.8900146484375,18650300
2026-04-24,338.7300109863281,345.2699890136719,335.3900146484375,344.3999938964844,26426100
2026-04-27,345.9800109863281,353.17999267578125,342.7300109863281,350.3399963378906,28576900
2026-04-28,348.54998779296875,352.4200134277344,346.1199951171875,349.7799987792969,27824100
2026-04-29,347.57000732421875,355.7900085449219,344.2099914550781,349.94000244140625,35376300
2026-04-30,374.07000732421875,385.8399963378906,365.82000732421875,384.79998779296875,72040000
2026-05-01,381.6300048828125,386.760009765625,379.04998779296875,385.69000244140625,30105200
2026-05-04,385.6300048828125,387.3800048828125,379.7900085449219,383.25,26298600
2026-05-05,386.2300109863281,392.82000732421875,384.0199890136719,388.42999267578125,23878600
2026-05-06,394.25,399.8500061035156,392.760009765625,398.0400085449219,31308500
2026-05-07,399.9200134277344,400.1000061035156,392.67999267578125,397.989990234375,24433500
2026-05-08,397.0,402.0,396.3599853515625,400.79998779296875,21461800
2026-05-11,393.6499938964844,397.44000244140625,388.4700012207031,388.6400146484375,30753700
2026-05-12,387.3399963378906,388.5199890136719,382.7699890136719,387.3500061035156,26017500
2026-05-13,385.6000061035156,403.70001220703125,385.0,402.6199951171875,28144600
2026-05-14,397.2799987792969,402.92999267578125,395.8399963378906,401.07000732421875,21103800
