Date,Open,High,Low,Close,Volume
2020-01-02,16.55376656316994,16.67383709668406,16.529751845755246,16.64181900024414,7194700
2020-01-03,16.39366650794524,16.553761521726965,16.369653324623425,16.433691024780273,5421800
2020-01-06,16.53775707284658,16.641819323552244,16.417686536999796,16.49773406982422,9312500
2020-01-07,16.457704642485627,16.633809467649463,16.417681651373435,16.537752151489258,6536200
2020-01-08,16.433698529509808,16.801915091869276,16.433698529509808,16.753887176513672,7780100
2020-01-09,16.80991627332091,17.018039229442238,16.78590155757552,17.002029418945312,9378700
2020-01-10,17.018039874801154,17.242172649918984,17.018039874801154,17.11409568786621,10012100
2020-01-13,17.17813491821289,17.250177547745583,17.082079096689142,17.17813491821289,7157700
2020-01-14,17.218154574710024,17.24216928668182,17.018036555283054,17.130102157592773,11997700
2020-01-15,17.090087243766725,17.298210265574557,17.058067612667035,17.146120071411133,13958100
2020-01-16,17.138110403913537,17.346233367919922,17.042054590851894,17.346233367919922,7861700
2020-01-17,17.314211725601556,17.59437728010606,17.234165732982646,17.58637237548828,13476400
2020-01-21,17.54634914201746,17.58637213778595,17.42627862793256,17.578367233276367,10312200
2020-01-22,17.578368810241454,17.578368810241454,17.234167046127396,17.55435562133789,9776100
2020-01-23,17.562361876962417,17.74647013101737,17.506329062839576,17.69043731689453,10814500
2020-01-24,17.75447640806684,17.770486220989735,17.45029606965098,17.59438133239746,10299900
2020-01-27,17.314213904055062,17.442290867274576,17.202148278865074,17.27419090270996,10554400
2020-01-28,17.410272289008805,17.5383477331304,17.274191938782145,17.322219848632812,8610900
2020-01-29,17.410270351311716,17.45029335060291,17.130104775934697,17.15411949157715,8548000
2020-01-30,17.034047162830024,17.29820289980173,16.970009454678685,17.23416519165039,8308300
2020-01-31,17.170130899981164,17.234168620874616,16.937993207505087,17.066068649291992,11420500
2020-02-03,17.130107811764915,17.37025043040927,17.002032359199855,17.050060272216797,8202900
2020-02-04,17.33822407337692,17.402261774800746,17.146110969105454,17.250171661376953,10185100
2020-02-05,17.4182801173549,17.442294839699013,17.250180114506072,17.434289932250977,8857200
2020-02-06,17.498326784916,17.554359607453918,17.40226942715107,17.482316970825195,5703500
2020-02-07,17.35423740751217,17.426280027103353,17.25017516731177,17.39426040649414,7343100
2020-02-10,18.170718845931784,18.306799175724876,17.490317196966327,17.53034019470215,13112200
2020-02-11,17.626399997415653,17.85053125899947,17.578370561265082,17.794498443603516,9181000
2020-02-12,17.850528415520536,18.034638171210755,17.850528415520536,17.994613647460938,12993500
2020-02-13,17.890555551556286,17.922573648451785,17.72245558082091,17.7864933013916,9202700
2020-02-14,17.810505474653112,17.938580897497022,17.80250056987793,17.90656280517578,8979300
2020-02-18,17.666421342373777,17.842526204835078,17.610388532237753,17.802501678466797,8465800
2020-02-19,17.890552135407123,18.114683351217494,17.80249971389339,17.95458984375,13283600
2020-02-20,17.922575922480927,18.26677928676355,17.91457101554646,18.12269401550293,20458200
2020-02-21,18.058653898595107,18.234758774304165,18.018630895995603,18.17072105407715,16987100
2020-02-24,17.834522568513076,17.96259800844519,17.578370161869174,17.69043731689453,21989400
2020-02-25,18.39485317084682,19.155302470001292,18.17072190297121,18.691028594970703,44019200
2020-02-26,18.81110008079566,18.81110008079566,18.178726196289062,18.178726196289062,16657000
2020-02-27,17.81851018123383,17.89855770131578,17.394259393545124,17.51432991027832,23949800
2020-02-28,16.793907630198184,17.106092849470507,16.145525527798185,16.64181900024414,26357500
2020-03-02,16.72986930564269,17.51433172480308,16.62580858750085,17.498323440551758,15428100
2020-03-03,17.450291641058993,17.482311258778743,16.33763588054761,16.60979652404785,19957500
2020-03-04,16.817926140294194,17.322223105491513,16.609803122771172,17.290205001831055,18364200
2020-03-05,16.873956095060077,17.370249594964676,16.78590365311416,17.24217414855957,16562300
2020-03-06,16.721859586160246,17.202143091364704,16.721859586160246,17.138105392456055,12858900
2020-03-09,15.977421559787157,16.24157880488263,15.144931412612843,15.176949501037598,14985100
2020-03-10,15.755466664289308,16.426083901689996,15.197965104664354,15.989779472351074,9319500
2020-03-11,15.50499384642236,15.731225176760207,15.004050181515755,15.642349243164062,14195100
2020-03-12,14.058718905558873,15.00404663847341,13.210348534954672,14.14759635925293,12917200
2020-03-13,15.004047338110226,15.044446883075437,13.274986881810843,13.880966186523438,16605100
2020-03-16,12.70132842817518,12.70132842817518,11.570166420213932,11.683282852172852,16105100
2020-03-17,11.82871678935261,12.232703009023282,10.99650462204038,11.63480281829834,20724700
2020-03-18,10.948026139151894,11.311613563882469,10.285488249298433,10.592517852783203,11237900
2020-03-19,10.511721620761111,11.885274613532884,10.131974358518761,11.63480281829834,13536500
2020-03-20,11.650962703246098,11.957992324408087,10.98034563642,11.271215438842773,17318900
2020-03-23,11.133860184842808,11.279295472933637,10.47940292951924,11.069222450256348,15106500
2020-03-24,11.545925692560598,12.63668875281163,11.319693633816563,12.499333381652832,14245700
2020-03-25,12.507411533545177,13.57393478261082,12.014548680379914,12.426614761352539,14110600
2020-03-26,12.547811456859892,14.713177016767306,12.370058079392017,14.495025634765625,20615300
2020-03-27,13.735529265469435,13.986000249983052,13.024514310981305,13.622413635253906,11273200
2020-03-30,13.678974547937711,14.616222516179677,13.371944137705036,14.414229393005371,11892700
2020-03-31,14.414226926368439,14.519262654367322,13.678972207121364,14.026400566101074,16771900
2020-04-01,13.129551641977812,13.468900115290797,11.804476614253662,11.990310668945312,18685400
2020-04-02,11.96607263654179,12.782124246775338,11.917593949234973,12.515493392944336,15832200
2020-04-03,12.434696548581327,12.685167581929177,11.481288790636713,11.699440956115723,12047500
2020-04-06,12.29733916686273,12.491252342528242,12.063027220297954,12.119585037231445,21196000
2020-04-07,12.68516517057063,13.000274650298703,12.184222428557948,12.216541290283203,23111100
2020-04-08,12.475094479664563,13.04067504920192,12.378137876647521,12.701327323913574,21466300
2020-04-09,12.951798041545322,13.323464603378286,12.790202946174876,12.903319358825684,14773100
2020-04-13,12.887159596956723,12.887159596956723,12.450854532758035,12.555891036987305,9803100
2020-04-14,12.854841805196,13.048755012021648,12.547812175784095,12.862921714782715,17585800
2020-04-15,12.523571205139161,12.563969976038425,12.063027220297954,12.119585037231445,9487300
2020-04-16,12.159983146916254,12.394295080740022,11.755997000975796,12.313497543334961,12117400
2020-04-17,12.483172438201894,12.709404476550127,12.410454804668632,12.5397310256958,17718700
2020-04-20,12.297341006619895,12.515493169244872,12.038789296509169,12.410456657409668,16571900
2020-04-21,12.1680664727148,12.289262042323202,11.634803963026965,11.65096378326416,12232300
2020-04-22,11.957991026046027,12.038787799341735,11.723679073566247,11.949911117553711,12847100
2020-04-23,12.030708210980674,12.20038243025455,11.788316359083357,11.812555313110352,11357300
2020-04-24,11.957990724176852,12.15998380813071,11.925671861565935,12.119585037231445,11254600
2020-04-27,12.216543173734333,12.329659592483354,12.103426754985312,12.14382553100586,11356200
2020-04-28,12.434694529541362,12.822520880995476,12.418534712959541,12.5397310256958,15964400
2020-04-29,12.846761047917179,13.444660448115227,12.814442182245461,13.153791427612305,18232300
2020-04-30,13.06491412581222,13.072994034962695,12.515492632260571,12.531652450561523,11954700
2020-05-01,12.208463562043,12.297341025563398,11.812557242583757,11.885274887084961,9405800
2020-05-04,11.82063664192541,12.071107661572142,11.642882493098906,12.038788795471191,9864900
2020-05-05,12.200381140432672,12.329656575632946,11.94182949948975,11.966069221496582,10683400
2020-05-06,12.103426258756425,12.200383625447605,11.74791873954471,11.84487533569336,8422800
2020-05-07,12.038788618520448,12.313499361612001,12.022629570978758,12.079187393188477,9652300
2020-05-08,12.297340710371513,12.717485977048264,12.297340710371513,12.652848243713379,12000300
2020-05-11,12.45893383026123,12.596289192855668,12.030708695989297,12.45893383026123,9961700
2020-05-12,12.523571949661132,12.596289587494354,12.006469346602401,12.014549255371094,9161000
2020-05-13,11.974148584541233,12.022627258928527,11.230814047551984,11.360090255737305,12796100
2020-05-14,11.15809811701042,11.731758497025451,10.818749679787869,11.723678588867188,14935300
2020-05-15,11.554005608792002,12.038788592117536,11.465128150608752,12.0064697265625,13232100
2020-05-18,12.410454292745515,13.16186955141302,12.37813543145747,13.024514198303223,18013000
2020-05-19,13.032595945151458,13.88096800770655,13.024517576183598,13.517379760742188,19523700
2020-05-20,13.80016811800283,14.171836212261486,13.767850024332732,13.977921485900879,16561300
2020-05-21,13.88904609551648,14.018321557235028,13.646653448980404,13.880966186523438,8731500
2020-05-22,13.816328401801858,13.816328401801858,13.509298025603451,13.735530853271484,8480500
2020-05-26,14.058721669772853,14.115279500122153,13.759772697616466,13.784010887145996,9027300
2020-05-27,14.058719343968182,14.12335707382908,13.565857231685724,13.832488059997559,15044600
2020-05-28,12.685166118783656,12.685166118783656,12.071106929560585,12.127665519714355,50083800
2020-05-29,12.135745660967597,12.256941211183753,12.006469431383179,12.232702255249023,29035900
2020-06-01,12.159984046278376,12.588209176895255,12.079186502897464,12.224621772766113,19564600
2020-06-02,12.313497215416444,12.822519838210821,12.127663963093088,12.757882118225098,28266700
2020-06-03,13.048752493978986,13.719369449414392,12.96795495478866,13.622413635253906,19391500
2020-06-04,13.31538429095637,13.630494563270291,13.18610883501194,13.307304382324219,20873100
2020-06-05,13.897123817571895,14.252630510810631,13.84056446352113,14.066797256469727,19470700
2020-06-08,14.252633609889255,14.810135035219357,14.228395422539137,14.680859565734863,18930900
2020-06-09,14.310452529182657,14.408356687030754,14.05753008306492,14.277816772460938,15369200
2020-06-10,14.163594652110703,14.212546730743943,13.706703397672051,13.780132293701172,24239900
2020-06-11,13.119273254969128,13.364035194394093,12.68685961349523,12.776605606079102,22947700
2020-06-12,13.266132796201573,13.404831661867885,12.96425902330411,13.282450675964355,13611900
2020-06-15,12.915303099893332,13.869877053466475,12.784763205059253,13.763813972473145,15649900
2020-06-16,14.19622778245463,14.367562378994593,13.674068166634559,14.073846817016602,15253100
2020-06-17,14.14727406285241,14.179908256968151,13.682225514556006,13.723018646240234,12427500
2020-06-18,13.568001917152888,13.951464201300727,13.519049847999755,13.804606437683105,10313100
2020-06-19,14.065688626957245,14.15543539926129,13.625116816705136,13.690386772155762,29456100
2020-06-22,13.600640234567908,13.8290858606668,13.380353547560961,13.81276798248291,10895000
2020-06-23,13.975942566455076,14.155436120204865,13.845402648905358,13.87803840637207,12517300
2020-06-24,13.71486212862803,13.747497884660497,13.200861420384644,13.217179298400879,17669700
2020-06-25,13.13559025809506,13.380352181225447,13.045843493406688,13.355876922607422,13512000
2020-06-26,13.29060836723273,13.674069168681104,13.119273758137233,13.551688194274902,30227400
2020-06-29,13.625118484478092,14.098326108457403,13.44562491789922,13.975943565368652,12255900
2020-06-30,13.959621471801706,14.253335407803558,13.853556852451508,14.220701217651367,12307100
2020-07-01,14.204386508651034,14.35124428744487,13.804607864244698,13.869877815246582,11761700
2020-07-02,14.065686476659,14.359402009364167,13.8617177025378,13.926987648010254,10167400
2020-07-06,14.155434916917377,14.383878975131138,14.139117039571127,14.245180130004883,11548700
2020-07-07,14.106480725700983,14.188066987881102,13.510890741141983,13.568001747131348,14367300
2020-07-08,13.763813556044788,13.788288812986735,13.404828078033136,13.665907859802246,16397400
2020-07-09,13.625115237728668,13.657749433592853,13.070319902612775,13.388510704040527,12495000
2020-07-10,13.421146419790631,13.926988125505686,13.388510667856343,13.86171817779541,11230100
2020-07-13,14.00857904842354,14.36756461833072,13.837244425179273,13.935150146484375,10659000
2020-07-14,13.85356229948595,14.547056619670533,13.81276915671689,14.514422416687012,14898500
2020-07-15,14.669437604136364,14.979471091352364,14.400198815848075,14.514422416687012,14876500
2020-07-16,14.473626349476268,14.661277278327963,14.40835639352096,14.5470552444458,8319300
2020-07-17,14.644961540290495,14.685754680829374,14.196229213570016,14.318610191345215,14076400
2020-07-20,14.204385285619184,14.449147191762062,14.090163270240273,14.400195121765137,8371400
2020-07-21,14.49810398113862,14.71023173895203,14.245181525961906,14.261499404907227,10038400
2020-07-22,14.196228689375681,14.522578470111966,14.122799794190204,14.46546745300293,8483400
2020-07-23,14.440992423240305,14.62864335564806,14.302293569687068,14.408356666564941,7281300
2020-07-24,14.326768851384985,14.400197747850324,14.139117918710689,14.277816772460938,8019400
2020-07-27,14.351246822642928,14.571533529748098,14.245182160929183,14.530738830566406,9427300
2020-07-28,14.498101541186472,14.5796893660237,13.592479642194062,13.625115394592285,19906000
2020-07-29,13.71486344066688,14.041213251419476,13.682229237670944,13.935150146484375,12325900
2020-07-30,13.796448446517072,14.114639252076497,13.649590672825545,14.06568717956543,8938700
2020-07-31,14.098327112408917,14.383882250194103,13.992262441666886,14.34308910369873,14603400
2020-08-03,14.351242520053782,14.587845479737977,14.179907947175126,14.498100280761719,7614300
2020-08-04,14.51442012079979,14.702071037708736,14.432832292008559,14.596006393432617,8697100
2020-08-05,14.72654677122475,14.865245617788373,14.587847924661128,14.661276817321777,9822400
2020-08-06,14.563373479127868,14.979470042092498,14.555214539913832,14.906041145324707,8267200
2020-08-07,14.881560125702714,15.06921100616455,14.81629018657868,15.06921100616455,6907700
2020-08-10,15.093686193508864,15.534259402329255,15.085527257476125,15.485305786132812,8436300
2020-08-11,15.501628230732287,15.8524548028342,15.07737276883423,15.150801658630371,10594000
2020-08-12,15.346609369123502,15.38740405562236,15.012100720623726,15.33845043182373,9132400
2020-08-13,15.134486486484644,15.273185352424855,14.971312357010593,14.995787620544434,9263200
2020-08-14,14.914200831400526,14.971311852600206,14.718390948933651,14.832612991333008,11523000
2020-08-17,14.881564370368265,14.954993267346676,14.604166660929502,14.6449613571167,12917000
2020-08-18,14.63679937764773,14.906038091925076,14.530734745750408,14.881561279296875,8279000
2020-08-19,14.930513376466745,15.08553007775371,14.759180356221854,14.799973487854004,6196900
2020-08-20,14.685753114259013,14.865245092105155,14.66127629885156,14.808134078979492,5865500
2020-08-21,14.775500350446752,14.930515517807835,14.64496044311192,14.873404502868652,7473800
2020-08-24,15.028421161061214,15.362929866672452,15.028421161061214,15.216072082519531,5670000
2020-08-25,15.27318476052208,15.338454721013937,14.930517078900177,15.044740676879883,7465100
2020-08-26,15.093687289930209,15.158957226775478,14.930511669738017,14.954988479614258,10461000
2020-08-27,15.093694570870035,15.387410206436158,14.971313574770415,15.25687026977539,14543400
2020-08-28,15.730073186478428,16.464360497841955,15.379246628919839,16.19512176513672,22607800
2020-08-31,16.1543329713619,16.4562075666635,15.950364112854004,15.950364112854004,18537600
2020-09-01,15.934043239073311,15.950359560416295,15.550580898581854,15.713756561279297,12850600
2020-09-02,15.811658772038255,16.235914198019277,15.77086563945319,16.186962127685547,10325900
2020-09-03,16.048264843852934,16.358296727369492,15.591375179033326,15.746390342712402,12562400
2020-09-04,15.705596478913334,15.909565264353766,15.436357744378295,15.689278602600098,10339300
2020-09-08,15.537770002276394,16.451755364387555,15.42249136655752,16.015348434448242,17584200
2020-09-09,16.064756156286453,16.32824754568311,16.01535191340772,16.22120475769043,10103400
2020-09-10,16.287078550465072,16.3364827962116,15.628348468203182,15.653051376342773,10408300
2020-09-11,15.801263557837787,16.03181772065246,15.677752174825292,15.883605003356934,10224500
2020-09-14,16.05652205188087,16.163564841192404,15.875372112071892,15.916542053222656,12678100
2020-09-15,15.998881000601832,16.27060665302884,15.850666722817584,15.858901023864746,8732700
2020-09-16,15.998883804260082,16.270609504304538,15.949479559851802,15.982415199279785,9701400
2020-09-17,15.760089874267578,15.858899909357168,15.554237074152141,15.760089874267578,8434100
2020-09-18,15.718923369004782,15.850669064155154,15.546006162537061,15.603646278381348,21729600
2020-09-21,15.24958035463454,15.298984601638214,14.895513181620698,15.10136604309082,11370400
2020-09-22,15.16723482112537,15.307214792139476,15.043723451532278,15.183703422546387,8167500
2020-09-23,15.406024072286305,15.603644158698662,15.03548994396094,15.084894180297852,9745200
2020-09-24,14.92021253179173,15.16723527842578,14.681422515584137,14.944913864135742,8950500
2020-09-25,14.821402432859761,15.200170852288444,14.796699530080028,15.068425178527832,7839200
2020-09-28,15.315455723411864,15.60365009091936,15.282518506310227,15.529542922973633,11572100
2020-09-29,15.521305657838072,15.768328456846202,15.513071355133448,15.578944206237793,8211400
2020-09-30,15.546007565706187,15.908309045337012,15.513071924212136,15.63658332824707,11925400
2020-10-01,15.72715497558621,15.875369249859144,15.58717500216536,15.644813537597656,10634200
2020-10-02,15.257815481237662,15.900075438555385,15.23311257113591,15.718925476074219,8391100
2020-10-05,15.90831021608827,16.130631702032236,15.727160248207719,15.900075912475586,9371300
2020-10-06,16.056516372415874,16.138857796124412,15.603640897816955,15.611873626708984,11898900
2020-10-07,15.77656136210127,15.900072750664997,15.677752879463297,15.834199905395508,11850000
2020-10-08,15.941240776689728,16.06475213826087,15.867133645640607,15.974176406860352,8393500
2020-10-09,16.14709668010407,16.20473522190543,15.842433797040844,15.949478149414062,8176000
2020-10-12,16.11415993002738,16.344715674303476,15.92477569572872,16.3282470703125,7831400
2020-10-13,16.43529476693756,16.4435290713939,16.09769613689256,16.204740524291992,7111600
2020-10-14,16.204736673310457,16.410589524200006,16.03181946188628,16.056522369384766,6033400
2020-10-15,15.8671380248022,16.122395118568434,15.735392326694942,16.105926513671875,7697800
2020-10-16,16.15532548573863,16.320006753355294,16.13062258885676,16.138856887817383,7409100
2020-10-19,16.19650120230444,16.278842650826206,15.908306917744502,15.941244125366211,5010500
2020-10-20,16.064755233016783,16.270608065468767,15.941243847652085,15.949478149414062,6142600
2020-10-21,15.900074946173868,16.03182065490451,15.817733485584032,15.825967788696289,5817100
2020-10-22,15.784796750303864,16.015352509878973,15.62834814307316,15.933011054992676,6149500
2020-10-23,15.89183932668894,16.01535229260908,15.694220779962361,15.743626594543457,6232100
2020-10-26,15.54600443257448,15.644814478207941,14.879041728778896,15.02725601196289,12399800
2020-10-27,15.051960768211426,15.134300650750452,14.788467804275742,14.804936408996582,8907300
2020-10-28,14.368530539011834,14.615553347660619,14.245017564154727,14.286189079284668,12223900
2020-10-29,14.22855020917994,14.74729872390867,14.203847300656598,14.64025592803955,7721800
2020-10-30,14.516740782607142,14.796700755160577,14.426166605980404,14.788466453552246,7882600
2020-11-02,14.969617135288749,15.224874189161312,14.83787145777179,15.159001350402832,7499100
2020-11-03,15.38132486694987,15.471900621539731,15.282514810076151,15.331920623779297,6340200
2020-11-04,15.348387980925732,15.373090888297346,15.02725803775778,15.051960945129395,8512600
2020-11-05,15.315449838710022,15.809496911674671,15.307215537598504,15.751856803894043,8926200
2020-11-06,15.727157515501917,15.924776056270204,15.620113157669582,15.850668907165527,6515700
2020-11-09,16.402351586892454,16.962271468517397,16.171795879596225,16.24590301513672,13946800
2020-11-10,16.27884172267689,16.534098785061467,16.188265977413934,16.361183166503906,11227200
2020-11-11,16.402354038342608,16.42705694405889,15.809498435944382,15.941244125366211,9736400
2020-11-12,15.817728548641348,15.941241486242285,15.389555914172018,15.587174415588379,8877500
2020-11-13,15.694217607639574,16.188264659859,15.669516275874589,16.1470947265625,6526600
2020-11-16,16.377647744933284,16.78935333184891,16.254136382965033,16.715246200561523,11140100
2020-11-17,16.492933367917786,17.209300513291964,16.344719042520964,16.87993621826172,12321500
2020-11-18,16.970506047871492,17.250465993281296,16.830526075166592,16.838760375976562,9110300
2020-11-19,16.764659107634344,16.945809077267768,16.575273263775717,16.87993621826172,5731600
2020-11-20,16.89639891111406,17.03637888381896,16.739950336789217,16.838760375976562,7255900
2020-11-23,17.044616301973793,17.513960540255905,16.94580624471476,17.448087692260742,8895700
2020-11-24,17.55512411310739,18.065639677777654,17.50571988766575,17.909191131591797,17525300
2020-11-25,18.839650311313857,19.22665463687,17.999771958485173,18.32090187072754,18762300
2020-11-27,18.156220317266605,18.43618031236332,18.13151898098503,18.337371826171875,6690200
2020-11-30,18.189153041946412,18.353835905707534,17.950363046546006,18.05740737915039,14794200
2020-12-01,18.29619660741989,18.600859447596306,18.180919540044506,18.427942276000977,11564600
2020-12-02,18.41148036106893,18.921994576037036,18.329138902693614,18.79024887084961,8710000
2020-12-03,18.773774608147743,19.292524540229437,18.74083897704141,19.136075973510742,8730600
2020-12-04,19.15254665682512,19.66306077347419,19.14431235552015,19.580720901489258,8720500
2020-12-07,19.40780491160463,19.671296287477887,19.234889285137488,19.498380661010742,8380900
2020-12-08,19.36887229708637,19.72586419703897,19.343965333075996,19.526613235473633,7938400
2020-12-09,19.21942858661295,19.750765926814417,19.21112626747639,19.25263786315918,10541100
2020-12-10,19.00357607818239,19.4601942026719,18.970368379831832,19.23603630065918,10405000
2020-12-11,19.103198564342307,19.385471070304327,19.020176959617228,19.186220169067383,7718900
2020-12-14,19.194523626180214,19.526608481268696,19.194523626180214,19.269241333007812,6512300
2020-12-15,19.51000320331613,19.74246338601335,19.47679392714277,19.68434715270996,6973600
2020-12-16,19.98322185747123,20.174170421571695,19.792273293370762,19.90850257873535,11160100
2020-12-17,20.07454796877531,20.16587189355724,19.891900119211442,20.107755661010742,10914900
2020-12-18,20.008125629978736,20.36511733083785,19.974916363152307,20.3070011138916,17948100
2020-12-21,19.89189868259018,20.09115115563418,19.692647793051492,19.925107955932617,10390200
2020-12-22,19.999828695036857,20.232288874859698,19.97492173821481,20.05794334411621,7150200
2020-12-23,20.057941058595386,20.307004264414427,20.049638740600717,20.099451065063477,4538500
2020-12-24,20.19908106871285,20.298707319744082,20.057944803463503,20.140966415405273,2309800
2020-12-28,20.182472978301313,20.448140824279776,20.132660653056668,20.14926528930664,5592900
2020-12-29,20.149267341922723,20.282101278443815,19.900202523316604,19.96661949157715,5831200
2020-12-30,20.091150268982428,20.49795434844256,20.091150268982428,20.19077491760254,7556300
2020-12-31,20.207377169401138,20.49795193001966,20.11605326601973,20.41493034362793,6368200
2021-01-04,20.506257504128982,20.705508393014192,19.800576282969708,20.01643180847168,8041600
2021-01-05,19.991520996565523,20.522856597748394,19.991520996565523,20.3070011138916,7856500
2021-01-06,20.439839852838322,21.07080018797405,20.439839852838322,20.722110748291016,8471800
2021-01-07,20.97947939239172,21.419491195590382,20.80513386803527,21.377981185913086,9288400
2021-01-08,21.328165483646806,21.5357186662107,21.07910071446707,21.195331573486328,7514100
2021-01-11,21.17042906834752,21.527420870704056,21.037595130285382,21.402889251708984,8907000
2021-01-12,21.44439960401111,21.710067484353385,21.37798263392554,21.51081657409668,7280700
2021-01-13,21.577232514829788,21.61874410884386,21.33647160356977,21.344772338867188,6596600
2021-01-14,21.23684458952123,21.527419403036273,21.22023995251915,21.27005386352539,8290500
2021-01-15,21.1372205065287,21.228544435847763,20.747020998220403,20.896459579467773,8364600
2021-01-19,20.971181589956956,21.07080626803906,20.747023689013652,20.87155532836914,6794200
2021-01-20,20.937966883608066,21.020988482837556,20.796830639969524,20.921363830566406,6270500
2021-01-21,21.09570540727792,21.120612359316098,20.73871367892292,21.054195404052734,7160000
2021-01-22,20.846650594224382,21.04590154004601,20.730419688199117,20.97948455810547,6684500
2021-01-25,20.937966585120805,20.979478175896418,20.265494649608627,20.77192497253418,9953100
2021-01-26,20.913071128154684,21.054207436687918,20.248899612437,20.439849853515625,11548300
2021-01-27,20.074544296879992,20.954569357474167,20.057939662046767,20.630786895751953,12948600
2021-01-28,20.73871651658986,21.045895966404807,20.63078954333373,20.64739418029785,9292900
2021-01-29,20.564372063045262,20.74701831455222,19.983222451924014,20.207380294799805,14666900
2021-02-01,20.3236083984375,20.406629992828403,20.008128239958307,20.3236083984375,9353000
2021-02-02,20.572677210933595,20.755323487562155,20.481353280866553,20.663999557495117,5952800
2021-02-03,20.639095877632705,21.037597741277484,20.564376580261104,20.946273803710938,6300500
2021-02-04,20.92966648072415,21.552326156670404,20.846646457402336,21.544025421142578,6963400
2021-02-05,21.585534230125152,22.06705762268773,21.544024220777054,21.710065841674805,7267500
2021-02-08,21.89271171762657,22.71462218026713,21.84289781067487,22.66480827331543,8426300
2021-02-09,22.689716048693324,22.872362296950026,22.49046516418457,22.49046516418457,7065500
2021-02-10,22.590089806311507,22.855759235729952,22.365933551013057,22.5402774810791,6267500
2021-02-11,22.664810907938303,22.814249479154157,22.357633030221617,22.73122787475586,6265600
2021-02-12,22.731227804388958,22.830854046059592,22.606696189929714,22.822551727294922,3941200
2021-02-16,22.85576347791754,22.980295105865114,22.415750036763512,22.548583984375,6380700
2021-02-17,22.415747775358756,22.482164742464047,21.77648347727945,21.817995071411133,9402800
2021-02-18,21.660248868487503,21.959125938913616,21.552320333720292,21.92591667175293,7345300
2021-02-19,22.166684918996307,22.531977452492672,22.12517332416347,22.498769760131836,8979600
2021-02-22,22.40744657072546,22.70632372931341,22.249705672192324,22.5153751373291,9524800
2021-02-23,22.440654634619914,22.781041787498076,21.992338920972347,22.73122787475586,11845500
2021-02-24,22.664811374779585,23.461816576512096,22.590092087632616,23.221054077148438,8275900
2021-02-25,23.16293739662817,24.906384637988417,22.598392424806253,23.40369987487793,18366000
2021-02-26,24.42486600675063,25.11394271883633,23.935040220430068,24.05126953125,26078200
2021-03-01,24.383347667381887,25.271675001987862,24.209002177162038,24.55769157409668,17327800
2021-03-02,24.424861615485117,25.14714747709374,24.350142333818525,24.939594268798828,10928600
2021-03-03,24.85657280097444,25.13884529243715,24.507883345844345,24.756946563720703,10059700
2021-03-04,24.458070635232303,24.781854734560874,23.121428977920353,23.304075241088867,14448400
2021-03-05,23.495024142255165,24.7237404223261,23.34558715227186,24.698833465576172,13688900
2021-03-08,24.58260435066166,25.47093189578157,24.541092755769583,25.039220809936523,13142600
2021-03-09,25.101053085349932,25.53555744022584,24.942290989934683,25.151187896728516,10337000
2021-03-10,25.117765324908433,25.54391523483166,25.075986578227674,25.284883499145508,11820400
2021-03-11,25.376796641605452,25.46871019576445,25.042560319641062,25.351728439331055,10122500
2021-03-12,25.284885457745187,25.761170219330353,25.16790368297189,25.301597595214844,9478300
2021-03-15,25.284883018472936,25.74445559825276,25.13447698327023,25.727745056152344,12813700
2021-03-16,25.744455904861645,25.886505873827417,25.393509016461326,25.42693328857422,10605200
2021-03-17,25.30995297146267,25.72774683423024,25.28488476594406,25.68596649169922,12590100
2021-03-18,25.535558983013434,25.995133161980206,25.251459045108742,25.326662063598633,11022700
2021-03-19,25.1010549365581,25.335018469417623,24.800242858587815,25.134477615356445,49810500
2021-03-22,25.15954716571019,25.669254599390815,24.950650232335,25.460357666015625,14955000
2021-03-23,25.35172923447257,25.543914010000027,24.599700673979573,24.71668243408203,10313100
2021-03-24,24.84202257789682,25.284884644048002,24.53285601344326,24.54121208190918,9073900
2021-03-25,24.32395825658179,25.084342929815936,24.20697489579089,24.97571563720703,9561200
2021-03-26,25.08433927052099,26.47977057820838,25.08433927052099,26.454702377319336,13195700
2021-03-29,26.396215969261963,26.688671987431437,25.91157515969089,25.96170997619629,9661500
2021-03-30,25.903216620234975,26.454704330455552,25.869792349915215,26.371145248413086,7219500
2021-03-31,26.404571299273982,26.8390756864323,26.404571299273982,26.529909133911133,8919000
2021-04-01,26.805652223942324,26.855785440842354,26.412925024818527,26.780582427978516,7866900
2021-04-05,27.006196703253647,27.256872398902882,26.529911925265775,27.123178482055664,6915200
2021-04-06,27.014549147563443,27.215088390338384,26.78058244764095,26.981124877929688,8973300
2021-04-07,26.905925330554417,27.298649393036506,26.864146581887923,26.97277069091797,6836800
2021-04-08,27.173309575721483,27.315357940021368,26.772227903710668,27.05632781982422,7066500
2021-04-09,27.056332563664153,27.56604160731091,27.022908288257796,27.55768394470215,6635300
2021-04-12,27.55768074890438,27.724798919041536,27.206735460378933,27.357141494750977,7861600
2021-04-13,27.382207648368283,27.649595441126625,27.022904704190402,27.607816696166992,9579700
2021-04-14,27.532611587453104,28.0840992665373,27.499187319020443,27.74150848388672,7798500
2021-04-15,27.983836514537852,28.259578827976,27.81671831888607,28.09246063232422,7402600
2021-04-16,28.276290620630473,28.63559362125946,28.234511869106864,28.393272399902344,7281600
2021-04-19,28.242863065857282,28.443405512410994,28.0757448916482,28.159305572509766,7808600
2021-04-20,28.293005355251044,28.435053760970273,27.783296252348464,27.88356590270996,8219500
2021-04-21,27.800004385683103,28.41833752590368,27.741513499108567,28.326425552368164,6392100
2021-04-22,28.42669516707524,28.66065871319886,28.192731620951626,28.217798233032227,7579700
2021-04-23,28.301352724410044,28.919688985980716,28.192728625260074,28.76092529296875,6192800
2021-04-26,28.827770705704513,29.120225075539565,28.61051934347184,28.68572235107422,5311400
2021-04-27,28.727510263053556,28.99489811155954,28.64394956819882,28.769289016723633,6578900
2021-04-28,28.769287143357452,28.819423557005567,28.46847503649752,28.677371978759766,6245600
2021-04-29,28.92804738419279,29.13694432437691,28.585456529791408,28.994895935058594,7533400
2021-04-30,28.886265467344394,28.919689739113558,28.3347777332092,28.501895904541016,8807800
2021-05-03,28.68572562383629,28.94475575595342,28.50189532038754,28.81106185913086,6234900
2021-05-04,28.618879508470176,28.72750680494791,28.10081601279163,28.376558303833008,8884100
2021-05-05,28.610520944330467,28.986532815867978,28.610520944330467,28.785993576049805,5498700
2021-05-06,28.760928662886183,29.24557108516143,28.577101526432024,29.228858947753906,5583900
2021-05-07,29.237210311180824,29.738561575335282,29.086804294431765,29.72184944152832,6796400
2021-05-10,29.98923758998206,30.081152733336104,29.437749917371445,29.4544620513916,7745900
2021-05-11,28.844483322946136,28.91132867109478,27.774932252458928,28.067386627197266,11388800
2021-05-12,27.783288575811763,27.883558198468716,26.546619271329924,26.697025299072266,12679900
2021-05-13,26.738805235380607,27.281938491729864,26.688670421816223,27.06468391418457,10282600
2021-05-14,27.29029974920542,27.733160300990473,27.014557409183617,27.507551193237305,7289600
2021-05-17,27.35714103889529,27.683019712099895,27.056328975163677,27.607816696166992,8442400
2021-05-18,27.632880064947507,27.632880064947507,26.997834928500914,27.02290153503418,7568100
2021-05-19,26.529908951691176,26.630180174966405,26.087046905674196,26.571687698364258,10975200
2021-05-20,26.722093739792932,26.91427852452476,26.379502917007667,26.77223014831543,7495100
2021-05-21,26.956053645045785,27.106459662866445,26.429634176430287,26.454702377319336,8679900
2021-05-24,27.482476227252292,27.482476227252292,26.839073379329964,26.99783706665039,8591600
2021-05-25,27.15659792947911,27.407273580556147,26.580042019493614,26.621822357177734,9366000
2021-05-26,26.697028428469277,26.897567697290178,26.546622383096498,26.880855560302734,10337500
2021-05-27,27.098110287512817,27.173313310570773,26.60511340024716,26.822364807128906,24469000
2021-05-28,25.45200316871555,25.56063047328077,24.290536657448342,24.424230575561523,36879400
2021-06-01,24.833667797987484,25.042564739203335,24.549567830433357,24.950651168823242,15438700
2021-06-02,24.917223183456507,25.21803524402361,24.816953559105436,24.883800506591797,11186100
2021-06-03,24.73339613851621,25.142833918606062,24.70832793386526,25.009140014648438,8983200
2021-06-04,25.10940867223936,25.744455488295657,25.10940867223936,25.59404945373535,11233700
2021-06-07,25.736099523089095,25.811302540669306,25.251458739659395,25.527202606201172,9071500
2021-06-08,25.631483211886888,25.72398579849672,25.160564014854817,25.58102798461914,10084900
2021-06-09,25.73239155716556,25.73239155716556,25.12692250155112,25.269880294799805,12472800
2021-06-10,25.51374633867704,25.60624889818576,25.168966112798348,25.20260238647461,7948000
2021-06-11,25.101693888489816,25.396018924477477,25.101693888489816,25.295106887817383,11422000
2021-06-14,25.261472921174054,25.32874708378408,24.51304605770215,24.714868545532227,12610900
2021-06-15,24.77373131769329,25.000782200387203,24.756913981300816,24.883052825927734,8406000
2021-06-16,24.647596775247212,24.857828754301725,24.33645434445445,24.412137985229492,12431900
2021-06-17,24.4625913780337,24.597139706231008,23.64689193784469,24.08417320251465,12545500
2021-06-18,23.655299890612742,24.168266396187633,23.562798917106072,24.10940170288086,25007000
2021-06-21,24.302812290462636,24.790550334073995,24.252357073245584,24.563499450683594,9318400
2021-06-22,24.58031465878544,24.613952534450846,24.201898181202782,24.50463104248047,8631800
2021-06-23,24.538272917336343,24.815779021034462,24.35326777890929,24.555091857910156,7914000
2021-06-24,24.80736723296649,24.815776702467694,24.479405942131184,24.78213882446289,6270700
2021-06-25,24.723277743302003,25.160560597409,24.698050935065954,24.983964920043945,17050100
2021-06-28,25.026012264243416,25.253063161937543,24.925100219509627,25.068058013916016,6570000
2021-06-29,25.185786862849657,25.496929233485684,25.05123855058396,25.345561981201172,7779100
2021-06-30,25.337146950782277,25.463287369298595,25.126915058511145,25.387603759765625,7129200
2021-07-01,25.446474042849353,25.62306810139649,25.337152536560016,25.522157669067383,7606500
2021-07-02,25.665115292447222,25.908983505683395,25.522157510914848,25.816482543945312,6294700
2021-07-06,25.715568831321878,25.774433513300778,25.16055668131756,25.37919807434082,7533400
2021-07-07,25.471704453588508,25.6482985260063,25.253063027778957,25.463294982910156,7349900
2021-07-08,25.009195238534442,25.38761343034531,24.773734852080715,25.16056251525879,6996800
2021-07-09,25.438059093138293,25.623062581851066,25.236236668012886,25.261465072631836,10959100
2021-07-12,25.143740062478248,25.168968473057994,24.07576140707224,24.563499450683594,14636600
2021-07-13,24.420542222788573,24.445769028344895,23.680524916917324,23.705753326416016,13290500
2021-07-14,23.92439442627564,24.26076519560596,23.80666345405327,24.042123794555664,7022000
2021-07-15,23.88234933992405,23.95803297068537,23.40302074773069,23.63007164001465,10203100
2021-07-16,23.72256911481986,23.85711901942774,23.091873353971433,23.142330169677734,7143000
2021-07-19,22.80595745710573,23.37778688379628,22.629361825202288,23.20119285583496,12621200
2021-07-20,23.32733496486527,24.109398007953317,23.32733496486527,23.722570419311523,13161300
2021-07-21,23.92440022468901,24.084175376380685,23.60484671342018,23.983264923095703,11177700
2021-07-22,24.04212805638723,24.084173808528387,23.31052009995564,23.37779426574707,8836700
2021-07-23,23.52074822801915,23.890756881427375,23.470293012899695,23.714162826538086,8394700
2021-07-26,23.840301302148823,24.22712728539321,23.840301302148823,23.949621200561523,5687600
2021-07-27,23.672118956468715,23.890760392710458,23.419841239851188,23.88235092163086,9027000
2021-07-28,23.941211700439453,24.10939788664483,23.680524555369225,23.941211700439453,5932900
2021-07-29,24.109399819303977,24.370086985271428,24.050535130596085,24.201902389526367,6496400
2021-07-30,23.949624936344893,24.3700888640361,23.82348607882605,24.277587890625,6815000
2021-08-02,24.4289474261755,24.790546569867647,24.31962753814732,24.50463104248047,8016500
2021-08-03,24.639183125614107,24.93350816717109,24.47940800346405,24.832597732543945,8118100
2021-08-04,24.59713943958724,24.874645563978728,24.42895322919252,24.445772171020508,6062600
2021-08-05,24.622367712607733,24.689641875595353,24.403726281912324,24.580320358276367,4855100
2021-08-06,24.613958201705955,24.96714795780213,24.580320318295577,24.656003952026367,5730800
2021-08-09,24.639185010321178,24.85782644066096,24.571910847442982,24.656003952026367,5828400
2021-08-10,24.723272142909387,25.177373835604243,24.689635871566534,25.000778198242188,7458700
2021-08-11,24.992370557894866,25.547382709165863,24.874641193668378,25.31192398071289,5644800
2021-08-12,25.34556374603617,25.631479330494944,25.253062777376577,25.564205169677734,5329400
2021-08-13,25.337151407783193,25.362379816712735,24.37008485400991,24.395313262939453,11393300
2021-08-16,24.31963131095921,24.83259776684005,24.075761486378994,24.756914138793945,7672800
2021-08-17,24.62236629089935,24.639183627718293,23.89916787758336,24.117809295654297,8946000
2021-08-18,23.74779885894875,24.218717937776773,23.655296295557722,23.730979919433594,8190300
2021-08-19,23.487114116896304,23.646890850763917,23.16756064916107,23.36097526550293,9137800
2021-08-20,23.42824702787247,23.84030142233978,23.41142808835731,23.730979919433594,7878800
2021-08-23,23.915986765079307,24.10939977157736,23.747800565724713,24.016897201538086,6733600
2021-08-24,24.100993884127757,24.378500031557845,23.96644554621879,24.30281639099121,6974000
2021-08-25,24.32804251151022,25.009193608429545,24.269177819719268,24.714868545532227,11460300
2021-08-26,24.891460714694624,24.916687519651845,24.35326588576722,24.470996856689453,12504100
2021-08-27,23.36938388638792,24.470998834283282,23.133923529457345,24.319631576538086,23469000
2021-08-30,24.504636402656956,25.42124786379155,24.37008807844844,25.009193420410156,13430400
2021-08-31,25.093286524026116,25.530569379675057,24.9419192583059,25.009193420410156,14276400
2021-09-01,24.967146030657563,25.05964699501109,24.496225322916683,24.571908950805664,11839800
2021-09-02,24.70645529685577,25.017599253814296,24.62236380940856,24.891460418701172,8280900
2021-09-03,24.815780453267575,25.253063309769637,24.765325232576583,25.110105514526367,8119600
2021-09-07,24.969598759750696,25.037312861301572,24.241670957255128,24.25013542175293,11345800
2021-09-08,24.16548951473772,24.22474075916952,23.716884250773408,23.860776901245117,9890000
2021-09-09,23.809988623777993,24.1400962214245,23.59838189311564,23.877702713012695,7907700
2021-09-10,24.030060985838645,24.19088256100258,23.683026059832628,23.699954986572266,7346300
2021-09-13,23.877706153755597,24.097777379088136,23.801529205016898,24.02159881591797,8211300
2021-09-14,24.097774481355884,24.097774481355884,23.268276464839754,23.327526092529297,6591300
2021-09-15,23.31906077153423,23.767667615929923,23.175168131968157,23.65763282775879,7104500
2021-09-16,23.666094724737153,23.860774133569016,23.55605994098971,23.733810424804688,6107400
2021-09-17,23.56452822988457,23.65763571816499,23.242885060060257,23.429100036621094,13268800
2021-09-20,22.904312130473613,23.107454398671038,22.69270539929739,23.056669235229492,8460700
2021-09-21,23.268280341778915,23.285209270919832,22.65885342258985,22.709638595581055,8719100
2021-09-22,23.065131461877982,23.50527380751306,23.014346303360423,23.352916717529297,7844300
2021-09-23,23.505278370920184,23.894634019197653,23.454491588111598,23.683027267456055,6323200
2021-09-24,23.5645270601792,23.860776823649466,23.530669206328273,23.606847763061523,4292900
2021-09-27,23.57298875097314,24.52945040772355,23.57298875097314,24.300914764404297,8797800
2021-09-28,24.199346192204718,25.003452425941465,24.080846937964832,24.190881729125977,11729800
2021-09-29,23.335992235215876,23.69995610513954,22.99742175660016,23.115921020507812,11513300
2021-09-30,23.395241705498837,23.76767003661818,23.022814988810868,23.15824317932129,10304100
2021-10-01,23.30213700942099,23.9200283616089,23.149779883800633,23.759206771850586,7473400
2021-10-04,23.666099628367085,24.157028868990643,23.657636778536286,23.767671585083008,7881600
2021-10-05,23.93695490524909,24.123168254438966,23.649169610953912,23.953882217407227,6966900
2021-10-06,23.62377810922791,23.818455937272358,23.183635669311524,23.48834991455078,8765000
2021-10-07,23.666094782358176,24.030058598951587,23.623774084144074,23.742273330688477,7714800
2021-10-08,23.95388269287685,24.02159678614737,23.539133669791006,23.606847763061523,7211700
2021-10-11,23.674563031499368,23.78459944754557,23.352921476106463,23.429100036621094,7319100
2021-10-12,23.42909864344919,23.547597901900524,22.387993864231984,22.47263526916504,15261700
2021-10-13,22.387993615809712,22.574206964800013,22.100208321822972,22.41338539123535,12821900
2021-10-14,22.6673157246624,23.36985007267206,22.59113716522738,23.268278121948242,7555300
2021-10-15,23.378310982952847,24.224737857413498,23.369846520476504,23.936952590942383,14068400
2021-10-18,23.776135286010927,24.48713411690127,23.776135286010927,24.207813262939453,8972100
2021-10-19,24.29245685738439,24.60563396021205,24.224742758305588,24.427885055541992,8696400
2021-10-20,24.52945253504957,24.800308899763483,24.1231679879787,24.1993465423584,11236500
2021-10-21,24.927279103826315,26.06995441392357,24.81724267514201,25.875276565551758,21188500
2021-10-22,25.799094804384005,26.239237235802943,25.655202148513634,25.790630340576172,11161000
2021-10-25,26.112270864262545,26.22230565376301,25.604414388221493,25.926055908203125,7640300
2021-10-26,26.027629644653477,26.053023035258178,25.384344945883125,25.511308670043945,8680700
2021-10-27,25.553630705389324,25.655201037823243,25.096559366142703,25.13888168334961,7504800
2021-10-28,25.33356207174968,25.84988309308539,25.265847971773805,25.773704528808594,7023000
2021-10-29,25.621345417273318,25.968380354594593,25.477452764157324,25.672130584716797,7772500
2021-11-01,25.748311320680777,26.459310182745455,25.697526148942302,26.45084571838379,8312500
2021-11-02,26.450842010457386,26.772483538954788,26.02762853829007,26.247699737548828,8487500
2021-11-03,26.15459592345159,26.560880526222405,26.02763218688965,26.45084571838379,6253200
2021-11-04,26.484704165776602,26.789416817426428,26.33234703273592,26.5185604095459,5267000
2021-11-05,26.738626475805283,27.11951923477793,26.662447924010756,27.0433406829834,8504100
2021-11-08,27.001018726395838,27.322660249235028,26.679377203556648,26.74709129333496,7662000
2021-11-09,26.730165806910552,27.178772718438,26.687845100765006,26.890987396240234,4536900
2021-11-10,26.823269241512175,27.204160382517763,26.569340199743905,26.67937660217285,6744800
2021-11-11,26.74709034029072,27.144910401759418,26.696305178374356,26.82326889038086,4589900
2021-11-12,26.806342018622978,27.026413223028936,26.594735277590093,26.933305740356445,6016700
2021-11-15,27.017943516892824,27.11104936706705,26.43390857293179,26.535480499267578,7091100
2021-11-16,26.56087336992447,26.814802389063743,26.416980743408203,26.416980743408203,5973300
2021-11-17,26.416985476746273,26.51009296188991,26.112272859384895,26.17998695373535,6997200
2021-11-18,26.323883151562686,26.6370602747032,25.934525845782026,26.586275100708008,6979300
2021-11-19,26.628591480522076,26.907913928160564,26.42544920313788,26.620128631591797,7931600
2021-11-22,26.74709402059548,27.568127644677954,26.5947368994514,27.02641487121582,10940100
2021-11-23,27.12798548965689,27.534270073956407,26.950236589437633,27.246484756469727,13042700
2021-11-24,28.778519787612634,30.64912279888034,28.778519787612634,29.997373580932617,34001100
2021-11-26,29.32869695858758,29.828089019735025,29.11709020774312,29.269447326660156,9289800
2021-11-29,29.430269369802566,30.54755283472296,29.337161876248697,30.412124633789062,16670700
2021-11-30,30.107412655112014,30.43751871809002,29.565699810341616,29.861948013305664,20479200
2021-12-01,30.462906937362916,32.48586680376313,30.192047346488962,30.86072540283203,24511000
2021-12-02,30.852256108370295,32.392752556287085,30.733756878355443,31.8595027923584,18331200
2021-12-03,32.045728277059546,32.578978216774495,31.436299774528166,31.783334732055664,16219000
2021-12-06,31.994931498479986,32.35043242353543,31.250075031252035,31.258541107177734,12219500
2021-12-07,31.786907598635604,32.12778727162479,31.514205160592056,31.77838706970215,10699300
2021-12-08,31.92326184700065,31.99995961815794,31.224461376843013,31.284114837646484,10980600
2021-12-09,30.67905407330508,31.09663151746322,30.517138013786784,30.806884765625,14452800
2021-12-10,31.079582692704843,31.40341476469008,30.662005309218827,31.045494079589844,9650500
2021-12-13,30.934715820928165,31.01993737605371,30.031390092686895,30.065475463867188,10614700
2021-12-14,29.860941531742522,30.56826235338464,29.681981194433323,30.33816909790039,11187100
2021-12-15,30.45748429396423,30.943235719184024,30.116604617974772,30.900623321533203,9127000
2021-12-16,30.985842264256053,31.556811935097297,30.81540244057221,31.275588989257812,12380000
2021-12-17,31.105152908130364,31.778388504706832,31.08810859862429,31.164806365966797,30029500
2021-12-20,30.75575398514366,30.840972285391786,30.321135452486583,30.78984260559082,9298300
2021-12-21,31.156288482755933,31.582386503987372,30.934715691228433,31.548297882080078,9113800
2021-12-22,31.45455532264945,31.829520405362068,31.07106645915367,31.769866943359375,6947900
2021-12-23,31.650564152300365,32.417541979444266,31.633519839378245,32.08518600463867,6620900
2021-12-27,31.982914620065834,32.54536384616819,31.982914620065834,32.468666076660156,5805700
2021-12-28,32.51127156938177,32.70727621628608,32.16187141605339,32.3408317565918,5220100
2021-12-29,32.238574230853146,32.73284618959085,32.22152992181122,32.36640167236328,4626800
2021-12-30,32.468662159076416,32.56240422726109,32.119261973668564,32.17039489746094,4284700
2021-12-31,32.2044883054291,32.46014646069484,32.06813707256272,32.10222244262695,4878200
2022-01-03,32.136311680817755,32.528321076479365,32.03404906692122,32.40049362182617,7054400
2022-01-04,32.766931444073634,33.653215918057434,32.71579852219676,33.40607833862305,9633700
2022-01-05,33.43165379791216,33.78957786305158,33.11634213997928,33.12486267089844,10956200
2022-01-06,32.89475536477075,33.20154636157927,32.5283109242349,32.96293258666992,7976400
2022-01-07,33.15042693763924,33.25268955121251,32.724328921735754,32.9373779296875,7221100
2022-01-10,32.88623797582739,33.21859383713064,32.36639798727854,33.2015495300293,10272400
2022-01-11,33.22711592961013,33.406076268787,32.945889753015905,33.397552490234375,8085400
2022-01-12,33.550951545950916,33.789568607640234,33.15894221364116,33.22711944580078,9091800
2022-01-13,33.36346539729487,33.52538142183317,32.9373675161078,32.979976654052734,9313900
2022-01-14,32.5283221391995,32.82659271154141,32.349361746316355,32.741371154785156,8535700
2022-01-18,32.391962572987644,32.673188761689815,31.991432737233392,32.06813049316406,8175300
2022-01-19,32.195958105980075,32.40900706803843,31.14775760275728,31.190366744995117,7245900
2022-01-20,31.275584623163464,31.7357711076067,30.704611781161198,30.772789001464844,9943700
2022-01-21,30.679048930112035,30.76426721012586,29.647892787947384,29.70754623413086,10246500
2022-01-24,29.230326001227418,30.380792703335295,29.102498534906662,30.355224609375,13039500
2022-01-25,29.79277204998585,30.159216598298674,28.642308724453837,29.809816360473633,12091600
2022-01-26,30.414870818601763,30.849492552631542,29.690505596378003,30.02286148071289,10823200
2022-01-27,30.67905491712432,31.071064283078858,29.818338417887635,30.00581932067871,9649500
2022-01-28,29.988771609499057,30.960277635738922,29.75015780526607,30.934709548950195,9466600
2022-01-31,30.78131882131726,31.36933614591536,30.61087896997187,31.301158905029297,11087300
2022-02-01,31.41194533859684,31.940305952700665,31.30115894744176,31.923261642456055,10772400
2022-02-02,31.98291390426815,32.57945173699424,31.98291390426815,32.519798278808594,11126400
2022-02-03,32.272667714135245,32.758419265945626,32.10222783172257,32.144840240478516,6767900
2022-02-04,31.948829377789373,32.37492737655447,31.53977243820951,32.04256820678711,7085700
2022-02-07,31.991436891053272,32.16187673201485,31.65908098915646,31.948827743530273,7718100
2022-02-08,31.957344004982396,32.468660208714454,31.74429504494918,32.38344192504883,5903300
2022-02-09,32.52831535845982,32.809541560827036,32.21300379136541,32.72432327270508,8570300
2022-02-10,32.38344223221146,33.29529152973314,32.29822394773752,32.4771842956543,8800300
2022-02-11,32.477186980754226,32.72432457737796,31.63351159088574,31.812475204467773,6820400
2022-02-14,31.752821156304,31.795433556498814,30.721664788635895,31.11367416381836,9510100
2022-02-15,31.446029666506828,31.872127611847734,31.301154674638862,31.846559524536133,8162700
2022-02-16,31.590902964411836,32.426054588334786,31.590902964411836,32.289703369140625,6762800
2022-02-17,31.897695616151996,32.17039806818358,31.01141102161451,31.036975860595703,7633700
2022-02-18,31.054020147521488,31.335246379587808,30.670534559605095,30.84949493408203,9601600
2022-02-22,30.721662359521556,30.86653735681551,29.50302193013537,29.988773345947266,10025700
2022-02-23,30.27000042323721,30.397827864747292,29.30701809302076,29.43484878540039,9701200
2022-02-24,28.420733372478637,29.46893724216666,28.156554710948896,29.42632484436035,12863700
2022-02-25,28.97465978050155,29.562673764557612,28.31846856595647,29.3581485748291,13405800
2022-02-28,29.221802531860877,29.545634681337464,28.574131731167995,29.281455993652344,19162900
2022-03-01,29.15362584982694,30.08251966670006,28.727527828341472,29.034318923950195,21951600
2022-03-02,29.690504509477265,31.181847295471073,29.639371586501674,30.943233489990234,21211300
2022-03-03,30.96028027343724,31.352289628323213,30.68757457996271,31.207414627075195,16730100
2022-03-04,30.951758692190978,31.113674763092877,30.36374461809166,30.977323532104492,14369300
2022-03-07,30.721662917808956,30.832449300003535,29.929120435319863,30.389307022094727,17613100
2022-03-08,30.509451175503592,31.419157528202323,30.303482026022756,30.578109741210938,23796900
2022-03-09,31.23894068187167,31.410580586838467,30.543787280999346,30.93856430053711,17680800
2022-03-10,30.638187260671465,31.04154491415886,30.114677105778792,31.024383544921875,15985500
2022-03-11,31.075872681124796,31.539308199570154,30.43221333011316,31.14453125,13238300
2022-03-14,30.869910946371203,31.37625655522958,28.964677761544493,29.265050888061523,19428100
2022-03-15,29.187803387310407,30.200494319512853,29.059073486734544,29.917285919189453,15717100
2022-03-16,30.269157959450357,30.741174221658778,29.8400516712934,30.732593536376953,16783500
2022-03-17,30.380723761614306,30.40646908895102,28.956091144813957,29.599750518798828,20448300
2022-03-18,29.84005317072233,32.26021249563215,29.31654294905366,31.831106185913086,60910300
2022-03-21,31.668044898286617,32.397524267632,31.51356637497235,32.21730041503906,22773800
2022-03-22,32.586337268837454,33.066934285624264,32.088572331369235,32.809471130371094,17128500
2022-03-23,32.52625748793779,33.29864683131183,32.37177896449876,32.3803596496582,15259100
2022-03-24,32.48333656652598,33.255729001244305,32.431845920091654,33.06692123413086,10670700
2022-03-25,32.9639409013345,34.191184997558594,32.9639409013345,34.191184997558594,13385900
2022-03-28,32.92103114770875,33.54752586317782,32.26020714743626,33.255733489990234,19321400
2022-03-29,33.61616886255082,34.21691803158048,33.19564673590378,34.08818817138672,10244400
2022-03-30,34.0967820779594,34.646037551664385,33.24715354014103,33.33297348022461,12195600
2022-03-31,31.72811841881915,31.831103006194265,30.732592010670345,31.153114318847656,27041100
2022-04-01,31.007217274628157,31.41057490694764,30.028855588418097,30.5523624420166,20832400
2022-04-04,30.70684108054536,31.479233611855417,30.66393111187719,31.444904327392578,18454100
2022-04-05,31.101621389821958,31.539308309555054,30.749754407661385,30.895648956298828,10609500
2022-04-06,30.509462621917454,30.67252513973922,29.582594553873964,29.960206985473633,17612900
2022-04-07,33.4960323501174,35.59007291552635,33.21282393153949,34.3799934387207,94455200
2022-04-08,33.56469355622701,34.474396769454046,32.8523755640078,33.15275192260742,33288000
2022-04-11,32.989688170807284,33.65909616424067,32.62924048296089,32.7751350402832,15432000
2022-04-12,33.066925129879486,33.933721550275344,32.397520456805225,32.517669677734375,13858500
2022-04-13,32.37178047526336,32.783722132385385,32.346031870941104,32.560585021972656,10026000
2022-04-14,32.56916434629963,32.689313569966956,32.14005810530443,32.157222747802734,9556100
2022-04-18,32.21730094888646,33.19566276354106,32.208716989770586,32.981109619140625,12644600
2022-04-19,33.01544196265333,33.358725061162936,32.81805344440046,33.204246520996094,8618700
2022-04-20,33.46171102830324,34.1396965005576,33.46171102830324,33.79641342163086,11075100
2022-04-21,33.676264555557715,33.907979081350064,32.800887292735396,32.8609619140625,9499600
2022-04-22,32.71506577676209,32.71506577676209,31.539315345845488,31.573644638061523,9247400
2022-04-25,31.410577959468355,31.796774260982527,31.084459548252887,31.753864288330078,9913100
2022-04-26,31.56505510579154,31.968416033569337,31.178862094912535,31.187442779541016,10588700
2022-04-27,31.238935124165835,31.891175158935376,30.972888080685482,31.281845092773438,9387700
2022-04-28,31.72812245446852,32.54342184613638,31.427746065171718,32.25163269042969,7618600
2022-04-29,32.06282175635533,32.792301122620856,31.376252363313476,31.43632698059082,9967800
2022-05-02,31.427743262288583,31.813939571900743,30.90423307301667,31.80535888671875,9426300
2022-05-03,31.710954922658193,32.749391340301116,31.65088030503066,32.543418884277344,7708000
2022-05-04,32.71505862514813,33.91655739948613,32.30311703007188,33.804988861083984,10158100
2022-05-05,33.410216877543704,33.556111448535866,32.19155327959523,32.53483963012695,8273800
2022-05-06,32.054240026485616,32.31170643137412,31.170282076087165,31.831106185913086,10110900
2022-05-09,31.032962355244536,31.94266873944414,31.007217029123083,31.762441635131836,9976200
2022-05-10,32.49192817341529,33.28148216029165,32.11431255028214,32.21730041503906,14516000
2022-05-11,31.89975754841553,32.38035773444642,30.715426637194458,30.775501251220703,10103900
2022-05-12,30.53520509841128,31.213190546965755,30.037440231708796,30.758338928222656,11518600
2022-05-13,31.01579660274041,31.745279130330193,30.86990206151481,31.565052032470703,8827600
2022-05-16,31.65946034584405,32.48334360552871,31.264683359806117,32.191551208496094,8442000
2022-05-17,32.938191250041704,34.0796119849502,32.78371276353975,34.00237274169922,13583600
2022-05-18,33.47028992528576,33.487454569388035,31.50498237216089,31.625131607055664,13234000
2022-05-19,31.21319411119818,31.436331240310746,30.097518287100005,30.663938522338867,13848600
2022-05-20,30.689677484225616,30.74975537099343,28.70720870933471,29.737064361572266,14521600
2022-05-23,29.84005340474473,30.149010473976883,29.325123864750687,30.08893585205078,12741000
2022-05-24,29.840055465698242,29.925875424713873,29.0848273858387,29.840055465698242,9615200
2022-05-25,29.634075302841335,30.955723281715407,29.51392608182019,30.5266170501709,11468100
2022-05-26,30.663932881063616,31.719533885544152,30.48370903796666,31.556474685668945,10805200
2022-05-27,32.61207413211945,33.590435832271716,32.61207413211945,33.255733489990234,14840200
2022-05-31,33.20424029627838,33.90797428119049,32.83520866104143,33.33297348022461,26899500
2022-06-01,34.12252407822653,35.006485089240115,33.5131940511094,34.62028884887695,19330000
2022-06-02,34.25126117017166,34.50014358398505,33.65051175793348,34.23409652709961,12330500
2022-06-03,33.77066315206888,34.56880110010635,33.702007849197216,34.165443420410156,6884600
2022-06-06,34.388573517205415,34.83484439584224,33.71058487809442,33.91655731201172,8041200
2022-06-07,33.57972906330208,34.089298114920645,33.32062688164211,33.994293212890625,6560200
2022-06-08,33.69200680095017,33.69200680095017,32.69014254999642,32.776512145996094,10885400
2022-06-09,32.68151010284602,32.92333840351926,31.66237184334667,31.67100715637207,8047700
2022-06-10,30.997338232147342,31.29098827137772,30.44458599234033,30.470495223999023,9522500
2022-06-13,29.71045886574009,29.952287117070227,29.01951535680344,29.157703399658203,12114900
2022-06-14,29.278617735643856,29.47726282040498,28.812231904641656,29.149065017700195,10769300
2022-06-15,29.589540594886458,30.17684058380349,29.25270745602637,29.719093322753906,12683600
2022-06-16,29.06270457499405,29.07997519917169,27.905378369966733,28.25084686279297,13398000
2022-06-17,28.397670320935195,29.20088933574117,28.18175130178655,28.97633171081543,20542300
2022-06-21,29.76227707297932,30.133658052785375,29.425443927262847,29.615453720092773,11277200
2022-06-22,29.088614414878144,29.46863075334138,28.85542144764052,29.14043617248535,10701700
2022-06-23,29.287256269601194,29.408170395837455,28.864053533111445,29.252708435058594,7334100
2022-06-24,29.589540298328696,30.453216356354975,29.546357154359924,30.42730712890625,10532800
2022-06-27,30.60867939473924,30.876420168291148,30.358215832982157,30.539587020874023,5804500
2022-06-28,30.582771552148746,30.833238419917876,29.52045031036511,29.745004653930664,7226000
2022-06-29,29.65863363597347,29.684542861388117,28.88132392690965,29.02815055847168,5989000
2022-06-30,28.458126921576437,28.846781808678625,28.164476928506197,28.31130027770996,10878700
2022-07-01,28.216292867579185,28.389028723628392,27.188519630813136,27.525354385375977,12193600
2022-07-05,26.696226266135515,27.25761536270126,25.91891815955746,27.24034309387207,13971000
2022-07-06,27.2403448771459,27.37853292081368,26.566676928766928,26.92078399658203,8306000
2022-07-07,27.335349201765876,27.637636176917205,27.171250275712612,27.447628021240234,7022200
2022-07-08,27.568540397138705,28.00037678757746,27.257616482798163,27.73263931274414,6584700
2022-07-11,27.25761859299017,27.49081154679858,27.015790327409455,27.119430541992188,5855500
2022-07-12,27.162617088321205,27.585818227697068,26.82578225088733,27.058975219726562,9769200
2022-07-13,26.566676792466737,27.11942896430195,26.350757769427183,26.82577896118164,7313000
2022-07-14,26.35939252249977,27.01578649529835,26.134836559647788,26.929418563842773,7471600
2022-07-15,27.300803363083133,27.404443577569342,27.050336491300367,27.34398651123047,7103600
2022-07-18,27.628996350443074,27.983105042753447,27.093518127595807,27.205795288085938,7539600
2022-07-19,27.603089639097163,28.40630874183571,27.577180408254993,28.354490280151367,8753800
2022-07-20,28.414946958426935,28.907242105647814,28.12993224442375,28.449491500854492,5546800
2022-07-21,28.345845613076612,28.950419462553118,28.10401739115098,28.898597717285156,6927700
2022-07-22,28.67404894663056,28.99360820082515,27.905377697389568,28.04356575012207,7558900
2022-07-25,28.190389664915724,28.268120652011245,27.81037333615048,28.155841827392578,4482300
2022-07-26,28.095384268329116,28.199027779088265,27.53399509703601,27.594453811645508,5908200
2022-07-27,27.801733772675924,28.35448927003451,27.50808540049253,28.173114776611328,6991000
2022-07-28,28.216293629510467,28.691318070138596,27.89673442872087,28.40630340576172,4713500
2022-07-29,28.501311152260232,28.864053530941746,28.078108415802294,28.838144302368164,8459200
2022-08-01,28.544491207389267,29.21816072932499,28.50994337659,29.07996940612793,6400700
2022-08-02,28.769049447705687,28.769049447705687,28.01764893722335,28.27675437927246,5776100
2022-08-03,28.604956332282466,28.73450908699017,27.89674207445076,28.466768264770508,7073900
2022-08-04,28.39766987856417,28.743138327022727,28.164476946156718,28.72586441040039,6559800
2022-08-05,28.29402937873505,29.356353948335123,28.259484836490476,29.002246856689453,6523900
2022-08-08,29.192256144428637,29.408175203625095,28.803601178942333,28.889970779418945,5651500
2022-08-09,28.656774038417147,28.70859579190059,27.680819096454805,28.06083869934082,9175500
2022-08-10,28.596316186276468,29.658637393475985,28.54449443421935,29.347713470458984,7426900
2022-08-11,29.21816523227952,30.038654924905593,29.21816523227952,29.55499839782715,7084000
2022-08-12,29.71909453600456,29.952287478888188,29.408170612159733,29.92637825012207,5489200
2022-08-15,29.684550043843565,30.004112609703427,29.485904913388186,29.71046257019043,4525700
2022-08-16,29.624087633949536,30.08183817738799,29.563630574475848,29.796823501586914,6605500
2022-08-17,29.693189463382417,29.943653064058832,29.38226549601768,29.632732391357422,7033700
2022-08-18,29.909102811955563,30.505038105915123,29.606814214848747,30.42730712890625,5989700
2022-08-19,29.840010982970828,29.909106657935965,29.071339719630846,29.563634872436523,9640400
2022-08-22,29.12316186838812,29.200892856440024,28.75178084710269,28.85542106628418,6436900
2022-08-23,28.846786499023438,29.347716983555184,28.794964740762946,28.846786499023438,5810000
2022-08-24,28.67404459615927,28.898598912281205,28.432213069571155,28.69131851196289,6467400
2022-08-25,28.950424892465843,29.814101040947534,28.907241743974364,29.770917892456055,7450900
2022-08-26,28.855414211305366,29.002240840373133,27.093516077797638,27.110788345336914,14112800
2022-08-29,26.817140860707074,27.628996814019793,26.799868591571236,27.231706619262695,10606600
2022-08-30,27.438987865551056,27.482171008113962,26.730773784599133,26.86032485961914,15527100
2022-08-31,25.47844755767687,26.100293820282488,24.761596387201596,24.796142578125,28214900
2022-09-01,24.40748867724668,24.623407718997978,23.80291470141042,24.329757690429688,16713500
2022-09-02,24.683865354234097,24.76159634283698,23.77700601697591,23.87200927734375,12380500
2022-09-06,23.846102795648797,24.11384198319111,23.44881084727563,23.604272842407227,13430700
2022-09-07,23.500627487992066,23.837462310077452,23.206979109573034,23.725183486938477,10039400
2022-09-08,23.500626049352153,23.854734768293962,23.26743475274561,23.7510929107666,11824700
2022-09-09,23.941100092897532,24.493853898472462,23.923827823450953,24.407485961914062,8965600
2022-09-12,24.57158725587145,24.960240537019892,24.537039418970327,24.6234073638916,9386100
2022-09-13,23.86536237665392,24.135471733196894,23.359998788989586,23.49069595336914,10378100
2022-09-14,23.58653844170299,23.79565421160678,23.290290685529857,23.560400009155273,9079200
2022-09-15,23.412278518223708,23.882788633005127,23.19444936129232,23.473270416259766,11525200
2022-09-16,23.307720552336793,23.847937610395345,23.107318120276616,23.7259521484375,39538500
2022-09-19,23.508119709890828,23.804367464673213,23.168306793130494,23.48198127746582,9768600
2022-09-20,23.11603094798738,23.194449578168285,22.73265116287012,23.04632568359375,9853600
2022-09-21,23.194447105690973,23.47326813354378,22.65423011779785,22.65423011779785,8884100
2022-09-22,22.619375603864498,22.854631458361993,22.38412141127134,22.401546478271484,8775900
2022-09-23,22.035598740215516,22.19243434024768,21.713210850467185,22.08787727355957,8647100
2022-09-26,21.843903662714013,22.218570011159823,21.61736118081877,21.748058319091797,8872700
2022-09-27,22.114012031047352,22.27956263132281,21.64350198540175,21.765485763549805,5951200
2022-09-28,21.6870697733127,22.384124054669872,21.660931338773562,22.31441879272461,7576100
2022-09-29,21.922327072998314,21.922327072998314,21.556374008648547,21.81777000427246,8265600
2022-09-30,21.791627777056746,22.375409949770866,21.669643988159745,21.71320915222168,8858500
2022-10-03,22.079160525284173,22.750074637720363,21.861331397498738,22.55838394165039,8922800
2022-10-04,22.985329600932843,23.403562803307036,22.915624344187883,23.211872100830078,8844900
2022-10-05,22.802356711032658,23.481984293756764,22.75879154345871,23.333860397338867,7457100
2022-10-06,23.15959789928748,23.560404446858346,23.04632745913544,23.072465896606445,8415900
2022-10-07,22.453830768386094,22.52353603483821,21.69578454155278,21.81777000427246,10318200
2022-10-10,22.02687917833273,22.183714734248145,21.434383760749583,21.77419662475586,6557500
2022-10-11,21.791627077710828,22.070448107329923,21.43438742577331,21.591224670410156,7287300
2022-10-12,21.66093365865375,21.80034419747511,21.451817850421712,21.51280975341797,7896900
2022-10-13,21.0771447583805,22.941761373620405,20.98129941994713,22.671653747558594,11791900
2022-10-14,22.750076268693395,22.959192046930585,22.131440637241955,22.16629409790039,10700700
2022-10-17,22.540958174199893,22.91562286635156,22.131438363066945,22.38412094116211,8841600
2022-10-18,22.941769841130494,23.089893754332593,21.965894354992287,22.262142181396484,7501500
2022-10-19,22.009451759245344,22.436396582156927,22.000738396095628,22.209854125976562,6055000
2022-10-20,22.331842431443004,22.95047804575049,22.209858646327906,22.279563903808594,5830500
2022-10-21,22.41026298176561,23.386138332352665,22.279565820483704,23.342573165893555,7894300
2022-10-24,23.52554701822406,23.74337615728169,23.299004514175593,23.57782554626465,5640300
2022-10-25,23.447128334309056,24.04833722187977,23.39484980640426,24.03091049194336,7136800
2022-10-26,23.638817859220264,24.492709362542232,23.56040089671859,23.94377899169922,6935800
2022-10-27,24.187749238589387,24.318446397414316,23.621393775744988,23.71723747253418,6395800
2022-10-28,23.769519031161753,24.501425156915293,23.769519031161753,24.440431594848633,8033300
2022-10-31,24.213887351217416,24.301017675358892,23.987344852259888,24.065763473510742,5403100
2022-11-01,24.344585310876706,24.457855733179212,23.847935134334758,24.26616668701172,5113000
2022-11-02,24.205175768253866,24.45785671829284,23.508121490478516,23.508121490478516,5789600
2022-11-03,23.264149185264387,23.44712483658804,22.828490973269954,23.22929573059082,5423500
2022-11-04,23.847934387735044,24.66697073727667,23.71723557744884,24.649545669555664,13497700
2022-11-07,24.701825791073368,25.198475984126485,24.632120529976522,25.050352096557617,8825700
2022-11-08,25.2681769165333,25.59056473256831,24.9980692837932,25.137479782104492,8721300
2022-11-09,24.832523224714627,24.971933748462416,24.152895675015753,24.22260093688965,7574400
2022-11-10,25.224612102682578,25.529571533203125,24.94578944035711,25.529571533203125,11861500
2022-11-11,25.54700383811026,26.740708376391282,25.520865402304917,26.618722915649414,11423100
2022-11-14,26.28761956816615,26.93239359582581,26.209200948135507,26.514162063598633,8178800
2022-11-15,26.923681542083486,27.089232154864895,26.43574473072741,26.62743377685547,8492800
2022-11-16,26.31375854128431,26.374750429398052,25.259464729061214,25.52086067199707,9147500
2022-11-17,25.14619126822605,25.668979766902698,24.666966261900313,25.642841339111328,9984400
2022-11-18,25.3117464096772,25.808398264624675,25.17233588748635,25.686412811279297,9218000
2022-11-21,25.407588958740234,25.52957273669892,24.98935743839246,25.407588958740234,10697100
2022-11-22,25.46858415170943,25.63413477320444,24.954507218044295,25.599281311035156,15114900
2022-11-23,25.372739784644637,26.28762153767394,24.666972151491684,26.061079025268555,17741200
2022-11-25,25.965231981481118,26.784269986662277,25.886813360670985,26.270193099975586,5959300
2022-11-28,25.921666426588427,25.95651988504416,25.372737751145657,25.451154708862305,6676500
2022-11-29,25.57314369387296,25.799686219502124,25.120058642614637,25.163623809814453,7753000
2022-11-30,25.2681788605332,26.19177389837809,25.02420963876662,26.174348831176758,10286900
2022-12-01,26.23534241733785,26.339899474923207,25.947808016121424,26.017513275146484,5757300
2022-12-02,25.651562406288363,25.96523526731904,25.486011778972006,25.825824737548828,5259500
2022-12-05,25.62541867733221,25.80839601041605,25.381449453855218,25.451154708862305,4936300
2022-12-06,25.416305941062923,25.494724570028755,24.51013585608201,24.666973114013672,6393900
2022-12-07,24.396863120834954,24.61469225584241,24.07447526978598,24.24873924255371,7108300
2022-12-08,24.40558145723661,25.10263416649279,24.3184494531034,24.815099716186523,6993000
2022-12-09,24.736675035817854,25.03292278035855,24.571126096501374,24.579837799072266,5431800
2022-12-12,24.553702210020067,25.303035022593864,24.457856851601225,25.285608291625977,7439200
2022-12-13,25.956497072903126,26.141146142581352,25.24427492016443,25.38496208190918,7512800
2022-12-14,25.13876243306943,25.543232794813754,24.725499018621534,24.936527252197266,6799400
2022-12-15,24.364990879831595,24.505678047796426,23.476914347682186,23.600013732910156,10422200
2022-12-16,23.415365307770163,23.63518661875116,23.221923157864147,23.4945011138916,17947100
2022-12-19,23.529670872657086,23.68794246837975,23.107614402132207,23.35381317138672,5210300
2022-12-20,23.301061355985077,23.57363933999436,23.177961945871917,23.397783279418945,5336000
2022-12-21,23.547256370771088,23.74069849549572,23.43294836476308,23.468120574951172,4856400
2022-12-22,23.09003009783348,23.4505369041678,22.940551543223876,23.441743850708008,5460700
2022-12-23,23.44174376550576,23.564843159288554,23.177958871084492,23.529672622680664,4084900
2022-12-27,23.53846502136343,23.890178763176348,23.397779524638263,23.802249908447266,5324900
2022-12-28,23.802253284118088,23.942938800795485,23.230718162978214,23.336233139038086,5358400
2022-12-29,23.617599681413456,24.004483940156906,23.608806628655195,23.77587127685547,4703300
2022-12-30,23.503295099737215,23.643980610176442,23.318645996199574,23.62639617919922,4245300
2023-01-03,23.740701051515952,23.96052235754851,23.37140119029712,23.5208797454834,6467300
2023-01-04,23.969317190340675,24.347410133119947,23.679153111922282,23.934144973754883,5823800
2023-01-05,23.77587141540885,24.109999036653196,23.61759981904451,23.92534828186035,4778600
2023-01-06,24.19792759613054,25.12117632766229,24.02206989626577,24.936527252197266,5501700
2023-01-09,25.173934760390637,25.657542630923533,25.042042314646555,25.182727813720703,5792000
2023-01-10,25.165143836280592,25.587200341085698,25.07721497850366,25.578407287597656,4372700
2023-01-11,25.552029598376258,25.578408760359245,25.094802530396098,25.349794387817383,6013700
2023-01-12,25.428930114620215,25.464100653380495,24.989287478943588,25.103593826293945,6110900
2023-01-13,24.883770375428547,24.89256342864077,24.285857850928156,24.540849685668945,7330000
2023-01-17,24.4968869362612,24.540850526725603,24.013279055635387,24.259479522705078,6452100
2023-01-18,24.32103051442238,24.64636680332331,24.145172788999677,24.206724166870117,5376200
2023-01-19,23.951728719785333,24.013278415636474,23.52967222500315,23.705528259277344,5431000
2023-01-20,23.75828639791871,24.567228845305614,23.63518533005101,24.540849685668945,6692400
2023-01-23,24.66395219443965,25.31462479757455,24.66395219443965,25.147560119628906,4780900
2023-01-24,25.059629528416778,25.156351442217122,24.857394324201064,24.97170066833496,4295800
2023-01-25,24.61998495794027,25.35858464084675,24.532056104812668,25.22669219970703,4646300
2023-01-26,25.4816851098313,25.50806427001953,24.980492805979047,25.50806427001953,4220400
2023-01-27,25.235487457150107,25.974087204576204,25.17393608061166,25.701507568359375,6954500
2023-01-30,25.411344265961947,25.613579477931758,25.305830971500992,25.341001510620117,4727800
2023-01-31,25.28824401618017,25.622371673583984,25.14755851020977,25.622371673583984,5884100
2023-02-01,25.534443148837738,26.317006444327415,25.411342079752586,26.264249801635742,5698700
2023-02-02,26.457696002575,27.275431636734726,26.37856018784317,27.073196411132812,6461300
2023-02-03,26.6950995884564,27.178705784495154,26.66872042832388,26.82699203491211,4339300
2023-02-06,26.57199836677426,26.659927222944553,25.974085834443812,26.176321029663086,5145600
2023-02-07,26.079601975104985,26.431315761184912,25.798230946241045,26.378559112548828,5472200
2023-02-08,26.193906596933555,26.36096957540318,26.009255835067915,26.035634994506836,4341900
2023-02-09,26.378554558981254,26.51044699635549,25.877362290697143,26.07959747314453,3726400
2023-02-10,25.94771003808662,26.572001811326686,25.94771003808662,26.35218048095703,4136700
2023-02-13,26.2554585059139,26.686308083795033,26.202700182587076,26.677515029907227,4280900
2023-02-14,26.668724494515843,26.774239474030395,26.39614650666683,26.730274200439453,5647800
2023-02-15,26.440107603377903,26.86216412732543,26.422521495604204,26.844579696655273,4269600
2023-02-16,26.5719996208146,26.879749793382896,26.466486330113398,26.615964889526367,3514200
2023-02-17,26.448898584529147,26.58958408148648,26.149941484218967,26.519241333007812,5758100
2023-02-21,26.053222292559376,26.14115115660137,25.472894137827222,25.4992733001709,5779500
2023-02-22,25.525648915691352,25.842190434313647,25.428927010974437,25.569612503051758,5496800
2023-02-23,25.9389122367875,26.097183834026463,25.464097445070593,25.98287582397461,5786800
2023-02-24,25.587201399149457,25.83340019858134,25.44651589173023,25.69271469116211,6133700
2023-02-27,26.000467139818632,26.053223790435528,25.71030304577017,25.842195510864258,7270500
2023-02-28,25.815813604104452,26.607169936282144,25.69271253760328,25.956499099731445,15390900
2023-03-01,26.343383479072426,26.352176532222057,25.2530700450691,25.376171112060547,10330600
2023-03-02,25.21790228410818,25.402551389255784,24.751880478525266,25.33220863342285,7299000
2023-03-03,25.367379344452768,25.490478740579114,25.12117887509659,25.15635108947754,6968200
2023-03-06,25.384964237267372,25.578406375798167,25.05962797822111,25.121177673339844,7506400
2023-03-07,25.114965589885973,25.15933933741763,24.38725305722068,24.546995162963867,8361200
2023-03-08,24.671237909363963,25.097217416002334,24.493747999892896,25.088342666625977,5565000
2023-03-09,25.114964418923847,25.310205513589427,24.733360364055866,24.751108169555664,6341700
2023-03-10,24.697863980515912,24.70673873054734,24.005648712233782,24.360631942749023,6869100
2023-03-13,24.058895863799627,24.49374843485107,23.89915375755922,24.263010025024414,7435200
2023-03-14,24.733363246855465,25.097219538632952,24.47600057123038,24.68011474609375,6083100
2023-03-15,24.192017011530325,24.866482833669114,24.183142260789413,24.813234329223633,8857800
2023-03-16,24.49375021094821,25.203713298291717,24.413879152036376,25.123842239379883,8315400
2023-03-17,25.070594327501816,25.221461688507475,24.67123905052053,24.88422966003418,23967300
2023-03-20,25.00847258609443,25.43445041658971,24.88422947537133,25.01734733581543,7153100
2023-03-21,25.31908319002743,25.549821615055468,25.106094265236667,25.390079498291016,6421100
2023-03-22,25.381205359610057,25.434452168919098,24.697864818182794,24.715614318847656,5558000
2023-03-23,24.73336025048923,25.035093254824083,24.38725180821005,24.60024070739746,5651300
2023-03-24,24.458248107939188,24.63573970360468,24.17426290902264,24.60024070739746,5796400
2023-03-27,24.82210446961079,24.928599766036132,24.626865067630522,24.751108169555664,4041700
2023-03-28,24.644617198630755,24.671239756067227,24.33400771794979,24.52037239074707,4300700
2023-03-29,24.893103812821863,25.150466489912333,24.822107504087512,25.123842239379883,4755500
2023-03-30,25.407824896887824,25.691811795702446,25.327955538763646,25.647438049316406,4913800
2023-03-31,25.691815243407817,26.08229410789309,25.691815243407817,26.046796798706055,7653500
2023-04-03,26.03792252157504,26.597018269747736,25.975800959854254,26.52602195739746,6518900
2023-04-04,26.570389737031082,26.694632832540517,26.091163466891445,26.224281311035156,5134900
2023-04-05,26.055668381530232,26.36627614672645,25.904801027284055,26.100040435791016,5529800
2023-04-06,26.037917584274567,26.2065344288905,25.895924986498606,25.993545532226562,3968200
2023-04-10,25.887051599149967,26.401775216332393,25.842679544768096,26.392900466918945,5937900
2023-04-11,26.6236394135177,26.889875130578712,26.48164680539377,26.570392608642578,4717500
2023-04-12,26.756755778450934,26.756755778450934,26.242032179562887,26.321903228759766,6313600
2023-04-13,26.401777078019684,26.65026500106194,26.108917097466716,26.534894943237305,4606900
2023-04-14,26.508271453714045,27.18273550612571,26.339654594268413,26.463897705078125,6511200
2023-04-17,27.244860431142794,27.626464536786923,27.040744560225047,27.448974609375,9530500
2023-04-18,27.590968601173998,27.928200664915597,27.51109753742469,27.706336975097656,7040300
2023-04-19,27.093995963795305,27.29811016388937,26.641393807487347,26.810009002685547,6095500
2023-04-20,26.437274757391403,26.676886225738127,26.197661596359268,26.29528045654297,5300000
2023-04-21,26.25091049847363,26.34853105914179,25.878179449096294,26.16216468811035,4776700
2023-04-24,26.1266634260241,26.37514962621707,25.958046581117948,26.15328598022461,4656800
2023-04-25,26.00242006512695,26.27753222004071,25.90480120654065,25.966922760009766,5337100
2023-04-26,25.807182717680288,25.92255108438767,25.48769848266674,25.700687408447266,5694600
2023-04-27,25.745058713224935,26.384025429858685,25.745058713224935,26.375150680541992,6091500
2023-04-28,26.437275693984315,26.68576192073002,26.188787774553138,26.36627769470215,6710500
2023-05-01,26.499398277847835,26.836630324082662,26.45502452657645,26.58814239501953,4738000
2023-05-02,26.952000551007185,27.0496194190355,26.197663701594482,26.73013687133789,6896000
2023-05-03,26.810005061582533,27.04074348142967,26.49939727783203,26.49939727783203,5708500
2023-05-04,26.304158294551712,26.41065360952047,25.975800984378793,26.091169357299805,4771700
2023-05-05,26.40177592647421,26.818879004013098,26.321904872290208,26.7390079498291,4592200
2023-05-08,26.84550220475978,26.925373255825132,26.570391747026537,26.792255401611328,4672500
2023-05-09,26.6946360676127,26.978621287584307,26.623639762619796,26.88100242614746,5547100
2023-05-10,27.15611353769597,27.227109844365437,26.179913051476696,26.49939727783203,5733100
2023-05-11,26.33965715314596,26.428402966353957,25.887055029202216,26.082294464111328,5564500
2023-05-12,26.04679330336404,26.04679330336404,25.319080789486435,25.647438049316406,7327900
2023-05-15,25.62081950692594,26.25978632079237,25.558696252255682,26.242036819458008,5953600
2023-05-16,26.33077797785779,26.63251267644926,26.206534875856114,26.321903228759766,6263100
2023-05-17,26.62363947822201,27.005245248239525,26.410650565518484,26.863252639770508,5741700
2023-05-18,26.845506636537095,27.306983520500633,26.71238876034759,27.280359268188477,4764000
2023-05-19,27.475600339564377,27.49334984216041,27.022999872165702,27.10287094116211,5223800
2023-05-22,27.058495152784896,27.33360565162175,26.88100521820992,27.253734588623047,5832300
2023-05-23,27.058493447672284,27.36022817938985,26.987497139779062,27.120615005493164,5110700
2023-05-24,26.99637108897817,26.99637108897817,26.472772699041645,26.623640060424805,5980100
2023-05-25,27.085119772012234,27.475598648984278,26.925377643848385,27.422351837158203,7596700
2023-05-26,27.511098453682564,27.866080030676816,27.395730075916564,27.777334213256836,8371200
2023-05-30,28.061318836757156,28.141188203846923,27.38685305014655,27.448974609375,10566800
2023-05-31,26.419526228601566,26.86325356858069,25.49657254895596,25.789432525634766,30735500
2023-06-01,25.97579937040251,26.579268834796505,25.56756932985372,26.108917236328125,15653100
2023-06-02,26.19766470763236,27.324732649878346,26.19766470763236,27.11174201965332,10255700
2023-06-05,27.031865768706286,27.031865768706286,25.966921285386587,25.993545532226562,9679700
2023-06-06,25.842678484748994,26.54376673280038,25.789429990452454,26.31302833557129,6805700
2023-06-07,26.277534387697525,26.66801323962443,26.171039078190308,26.561519622802734,7268200
2023-06-08,26.65026488317873,26.801132247807494,26.233160096606884,26.65913963317871,5075000
2023-06-09,26.82775562427356,27.02299674486369,26.39290301710956,26.446149826049805,6441100
2023-06-12,26.579271278522558,27.102869732964272,26.526022773108185,27.014123916625977,8826900
2023-06-13,27.160036226175812,27.706102099340438,27.160036226175812,27.652389526367188,8964000
2023-06-14,27.67029398888227,27.84933248567472,27.53601597000676,27.70610237121582,14345400
2023-06-15,27.706101699346533,28.091031555471794,27.580774071655938,27.84037971496582,11344700
2023-06-16,27.93884909288881,27.992561664594003,27.544967145009593,27.7508602142334,13963100
2023-06-20,27.580773902936674,27.64343686267984,26.94519050275587,26.9989013671875,11900700
2023-06-21,26.846721422594047,26.963096964006702,26.542356986120886,26.72139549255371,10344900
2023-06-22,26.667683446606222,26.828816046358803,26.309606449544493,26.676633834838867,7169200
2023-06-23,26.372266308690932,26.649776119504185,26.246940398928473,26.506546020507812,14813900
2023-06-26,26.65873046146049,26.784056381787963,26.58711540592513,26.649778366088867,4905500
2023-06-27,26.676630205564408,26.819860301928014,26.44388257955162,26.712438583374023,6004300
2023-06-28,26.57816273432939,26.81986247437258,26.470739299636527,26.801959991455078,5646900
2023-06-29,26.85567158173807,27.258507338439184,26.801960716657124,27.142131805419922,7262900
2023-06-30,27.30326971488025,27.55392329743218,27.249558842704065,27.49125862121582,8796900
2023-07-03,27.482306504339583,27.634488722136503,27.365930963263136,27.52706527709961,3743100
2023-07-05,27.32116733412193,27.4912520063274,27.222696002628027,27.464397430419922,5289000
2023-07-06,27.133182790531546,27.670296624634368,27.070519822916484,27.661344528198242,6384500
2023-07-07,27.741911158230693,28.117890664169757,27.706104480608666,27.867237091064453,7796100
2023-07-10,27.8672333979593,28.234262466430664,27.777715862048655,28.234262466430664,5394600
2023-07-11,29.066791616390915,30.20368220064505,28.905657302724943,29.944076538085938,13731000
2023-07-12,30.2394870572138,30.34691220917448,29.442769295320435,29.451723098754883,7828300
2023-07-13,29.621809139621206,30.069403715067356,29.621809139621206,30.04254913330078,4335500
2023-07-14,29.89932026974664,29.90827065908867,29.272687154655994,29.353254318237305,4676500
2023-07-17,29.24582434278415,29.4875257937421,29.084693457020705,29.380104064941406,3861700
2023-07-18,29.353251212327987,29.45172255904972,29.057837172162788,29.344297409057617,5029400
2023-07-19,29.585998393527625,29.765036892396807,29.469622857031357,29.47857666015625,4690400
2023-07-20,29.326396864539337,29.3890632505992,28.86090148285093,29.147361755371094,5111100
2023-07-21,29.210018324040607,29.281631669035885,28.851941354439028,28.86089515686035,3482300
2023-07-24,28.977272299313665,29.272686362745237,28.86090016663667,29.03098487854004,3661700
2023-07-25,29.147360635857474,29.782944127669882,29.111552249448856,29.630760192871094,4693800
2023-07-26,29.45171952679492,29.7471301216702,29.415911147150936,29.577045440673828,4722700
2023-07-27,29.89036375951734,29.988835107743732,29.35325166085121,29.433818817138672,3881700
2023-07-28,29.71132181470082,29.75608399680281,29.147355200866258,29.210018157958984,3753000
2023-07-31,29.30849001104614,29.5501880413041,29.24582363797451,29.389057159423828,3739500
2023-08-01,29.156304363664148,29.585994657768936,29.13840017455042,29.496477127075195,3945200
2023-08-02,29.245819848286917,29.415907925530338,29.06678479942493,29.093639373779297,5172700
2023-08-03,28.896699135853535,29.442764959168294,28.780327027347894,29.272680282592773,4149900
2023-08-04,29.317445137996053,29.433820685548703,29.01308068546458,29.03098487854004,3685900
2023-08-07,29.227926301094527,29.568095709929487,29.192117916519635,29.31744384765625,4017400
2023-08-08,29.263728122312514,29.63075548752796,29.02202667474988,29.603900909423828,5331700
2023-08-09,29.523333371561108,29.657613090064267,29.308489919806167,29.371152877807617,4712000
2023-08-10,29.594954290183946,29.756088609077235,29.281636041280077,29.514387130737305,4483700
2023-08-11,29.41591528737355,29.747134308511132,29.317443936930495,29.33534812927246,4356900
2023-08-14,29.30848809662571,29.3174384836941,28.592335903095908,28.708709716796875,8870700
2023-08-15,28.484912964612167,28.77137316395821,28.39539372545716,28.502817153930664,5895700
2023-08-16,28.395400147311214,28.48491940671174,27.94780555774645,28.019420623779297,4525500
2023-08-17,28.108937238185547,28.171600201638096,27.634488110651827,27.71505355834961,6148700
2023-08-18,27.598679975192006,27.94780317895663,27.455449855317404,27.80457305908203,4850400
2023-08-21,27.81352673008676,28.064180307780706,27.786672148238065,28.010469436645508,3214500
2023-08-22,28.144743961830773,28.225311112215138,27.455447989625707,27.76876449584961,5082000
2023-08-23,27.947800516028156,28.082080234624122,27.66134030357352,27.8851375579834,5059000
2023-08-24,28.00151612256948,28.08208327948772,27.500208988980955,27.52706527709961,5164800
2023-08-25,27.822474937952094,27.822474937952094,27.17793945209874,27.607629776000977,5027000
2023-08-28,27.697149102061065,28.189502386222046,27.67924491165292,28.04627227783203,4288100
2023-08-29,28.073130652542833,28.520725201429357,27.983611401277987,28.082082748413086,9726000
2023-08-30,25.978383717951818,26.28274809730273,24.931012578994252,26.22008514404297,22465500
2023-08-31,26.229038151953983,26.694536861881087,26.112664328191,26.596065521240234,9962600
2023-09-01,26.81091397636567,27.455449507639393,26.712442629909717,27.186893463134766,9619800
2023-09-05,27.007855280662493,27.195844172547368,26.74824962146409,26.980998992919922,8392200
2023-09-06,26.81986368840582,27.133180204051946,26.712441956287954,26.9720458984375,6534700
2023-09-07,26.667680526030853,26.873573581586108,26.18427765740115,26.24694061279297,9542400
2023-09-08,26.318557013876852,26.649777704655666,26.255894055268374,26.363317489624023,5942500
2023-09-11,26.587113890764446,26.77510276054245,26.434931692994752,26.4617862701416,7198700
2023-09-12,26.310951005638056,26.609015271846083,26.12127452839907,26.139339447021484,8773500
2023-09-13,26.121274312452986,26.265790214706673,25.579338817618932,25.58837127685547,12336500
2023-09-14,24.278691560455382,25.181916721112827,24.206433616513397,25.127723693847656,16424100
2023-09-15,25.18191640500941,25.18191640500941,24.477401891110006,24.694175720214844,14900400
2023-09-18,24.621920096971333,24.820629028347785,24.49546911543772,24.67611312866211,10290100
2023-09-19,24.70320948806566,24.983208816824416,24.649016458607754,24.901918411254883,8444700
2023-09-20,25.019338018661504,25.055466129797633,24.432240277120346,24.441272735595703,8056000
2023-09-21,24.441273004525286,24.603853813340017,24.188371055493764,24.20643424987793,7151700
2023-09-22,24.314825723568667,24.441276717293047,24.161277350003814,24.17934226989746,7017200
2023-09-25,23.646437618077705,24.314824104753107,23.57417966607943,23.754823684692383,9512100
2023-09-26,23.592242764078883,23.67353144638384,23.21288811467263,23.2309513092041,8797100
2023-09-27,23.348371499281594,23.465790015930796,23.095467825959425,23.158693313598633,6670800
2023-09-28,22.851597299084844,23.33030728425039,22.779339350641497,23.095468521118164,8527600
2023-09-29,23.24901683041811,23.63740394856152,23.185791341002275,23.212888717651367,12472500
2023-10-02,23.15869554447568,23.519987033386375,23.086437591246643,23.185792922973633,8547400
2023-10-03,23.610308857462478,24.034825852232554,23.51095524566217,23.601276397705078,14637300
2023-10-04,23.682566209518626,23.682566209518626,23.330308901780377,23.519987106323242,8431300
2023-10-05,23.357402739492997,23.82707850435492,23.357402739492997,23.69159507751465,11943900
2023-10-06,23.56514506575769,23.64643546971591,23.249015908449636,23.393531799316406,8406200
2023-10-09,23.357403372859082,23.69159571994279,23.11353216427457,23.55611228942871,7324000
2023-10-10,23.736760436870714,24.025792244231894,23.673533221590677,23.872243881225586,9998600
2023-10-11,24.02579057018395,24.432240874928276,23.908370329896563,24.233531951904297,11313900
2023-10-12,24.233533816011303,24.27869439020165,24.007727499528617,24.16127586364746,7050300
2023-10-13,24.13417568158074,24.197402889973194,23.845143905704905,23.935466766357422,6098000
2023-10-16,24.11611315910069,24.387080025837196,24.07095086613439,24.2786922454834,6655300
2023-10-17,24.125144635852752,24.603854619405585,24.08901652313548,24.47740364074707,7043500
2023-10-18,24.278690631574207,24.60385222825538,24.224497606382414,24.423208236694336,9127000
2023-10-19,24.387081574955047,24.477404443859818,23.79998551122218,23.890308380126953,7085300
2023-10-20,23.899335860142354,23.980626258803944,23.483853131663302,23.49288558959961,6037100
2023-10-23,23.4296601407628,23.67352961433576,23.203853860323434,23.375465393066406,4582700
2023-10-24,23.54708178278335,23.70966260198227,23.420630800191052,23.628372192382812,6426700
2023-10-25,23.48385462032296,23.718693373258024,23.393531757999423,23.51095199584961,4249700
2023-10-26,23.483855135669188,23.799984299356268,23.366436618007594,23.63740348815918,9205800
2023-10-27,23.718691000866453,23.74578837368277,23.18578806150147,23.339336395263672,5463900
2023-10-30,23.4838562914872,23.781920552430076,23.393533422736088,23.628372192382812,5454700
2023-10-31,23.49288580645244,23.84514305539406,23.447723516354017,23.781917572021484,8402700
2023-11-01,23.85417868303104,24.016759503457816,23.682565403384398,23.917404174804688,5966500
2023-11-02,24.242565155029297,24.38708105307816,24.089016798006707,24.242565155029297,5276000
2023-11-03,24.3780466251461,24.874821491985426,24.350949250413507,24.766433715820312,4662700
2023-11-06,24.838690856751278,24.901916339653305,24.61288457623536,24.685142517089844,5944300
2023-11-07,24.775465373849254,25.001271654365173,24.594819660330437,24.685142517089844,6699300
2023-11-08,24.72127505130237,24.820628654109864,24.468371369282938,24.576757431030273,5493400
2023-11-09,24.66707813300077,24.73030361726592,24.396111279645773,24.40514373779297,6569400
2023-11-10,24.54062858584351,24.947080612182617,24.414177609989274,24.947080612182617,10387200
2023-11-13,25.073531685982285,25.281273067915848,24.947080709634086,25.091596603393555,8606000
2023-11-14,25.507079241283638,25.75998291549631,25.43482129476078,25.543209075927734,7056100
2023-11-15,25.552239877409338,26.067077928340773,25.525142503183655,25.714818954467773,8460900
2023-11-16,25.714823062624976,25.82321085407834,25.22708230799858,25.479984283447266,8823200
2023-11-17,25.606436615493084,25.642564730266596,25.380630299170864,25.5703067779541,7957400
2023-11-20,25.362561379709447,25.516109719498452,25.163852472885818,25.28127098083496,8484000
2023-11-21,25.34449935464217,25.389661649593315,24.98320960886002,25.172887802124023,12903100
2023-11-22,25.705786928693,26.455465456657446,25.190948869103412,25.886432647705078,15778600
2023-11-24,25.778045109916015,26.039979492356576,25.687722255611796,25.868366241455078,4762100
2023-11-27,25.66062963966234,25.89546841528352,25.525146194471592,25.759984970092773,7704900
2023-11-28,25.687722255611796,25.904496072282825,25.579334485893703,25.868366241455078,5762100
2023-11-29,26.103205582439404,26.47352774323642,26.067077473534063,26.25675392150879,7267100
2023-11-30,26.482564506276844,26.536757539827313,26.211597615759032,26.500629425048828,12883100
2023-12-01,26.29288434862333,26.71739954377477,25.787077030372192,26.6451416015625,9599700
2023-12-04,26.41030403638312,26.61804541416146,26.139337171695317,26.229660034179688,6105400
2023-12-05,26.121274484426575,26.338048339234273,26.01288669564,26.067081451416016,13911900
2023-12-06,26.2748227647739,26.319983338347253,25.696759153760816,25.732887268066406,5372400
2023-12-07,25.931595859305634,26.66320954538984,25.931595859305634,26.563854217529297,13674100
2023-12-08,26.55482147955596,26.72643475603166,26.473531070844597,26.6090145111084,7563300
2023-12-11,27.006436972605663,27.602565551484243,26.91611409521924,27.430953979492188,14358800
2023-12-12,27.54579917658003,27.78279170647327,27.48199382979441,27.554914474487305,8909000
2023-12-13,27.55491527571951,27.655181817049748,27.144737289356943,27.48199462890625,10303400
2023-12-14,27.773677160960613,28.411734123232534,27.773677160960613,28.19297218322754,12597100
2023-12-15,28.192971797143088,28.21120239320185,27.655181383366823,28.056245803833008,28405300
2023-12-18,27.96509394783418,28.08358934248267,27.582260131835938,27.582260131835938,15426400
2023-12-19,27.764560714361544,27.965093788328684,27.54579878340535,27.60049057006836,7827000
2023-12-20,27.500225098898753,27.68252758437697,27.153852462768555,27.153852462768555,8750400
2023-12-21,27.41818745561237,27.545798144401868,27.263230874125732,27.472877502441406,6529200
2023-12-22,27.54579783018797,27.782790348497414,27.409071845392383,27.50933837890625,4476800
2023-12-26,27.47288057249836,27.846599121628923,27.399959922389115,27.7189884185791,4853600
2023-12-27,27.709870982572426,27.81925281858176,27.536683799959857,27.564029693603516,5127900
2023-12-28,27.481992486521044,27.564028425111438,27.299691752982007,27.50933837890625,5704900
2023-12-29,27.500223957661053,27.64606524456519,27.363497968509087,27.427303314208984,5201800
2024-01-02,27.181196133916856,27.409073367418596,27.03535484356097,27.190311431884766,8773700
2024-01-03,27.035356020639846,27.436420455862937,26.8712841272047,27.254117965698242,8026400
2024-01-04,27.181197661430332,27.463764960053755,27.026241064398373,27.053586959838867,7727300
2024-01-05,26.980663692345274,27.545798234751164,26.925973645336857,27.299692153930664,6926100
2024-01-08,27.472876719679807,28.338810839532545,27.418186674409007,28.25677490234375,11378000
2024-01-09,27.98332163352284,28.0927017189678,27.472875439562664,27.491106033325195,8504500
2024-01-10,27.491106202327174,27.718983410064347,27.43641615926849,27.65517807006836,8686400
2024-01-11,27.764559591564954,27.892172016719393,27.181194465939676,27.345266342163086,8835600
2024-01-12,27.38172937100036,27.50934006616107,27.080929752009556,27.172080993652344,6883600
2024-01-16,26.889515208236702,26.944205260844967,26.44287601171079,26.515796661376953,6694900
2024-01-17,26.260574044564773,26.360840591827277,25.9324319837733,26.11473274230957,8072300
2024-01-18,26.351725293115642,26.351725293115642,25.9324319837733,26.11473274230957,8246700
2024-01-19,26.19676604953743,26.7436717471078,25.886852878866396,26.543140411376953,9815600
2024-01-22,26.707211827657478,26.944204365841696,26.56137053316955,26.59783172607422,8926200
2024-01-23,26.588716314889705,27.035355494682157,26.54314156251786,26.953319549560547,7559800
2024-01-24,27.13562211581162,27.272348111893756,26.92597547258132,26.944204330444336,6920100
2024-01-25,27.035355956688196,27.35438444443906,26.88951466032758,27.080930709838867,8338200
2024-01-26,27.017122589716262,27.491107623569405,27.017122589716262,27.345266342163086,9326000
2024-01-29,27.345270091722988,27.354385390381413,26.56137179275265,26.652523040771484,8002600
2024-01-30,26.616058739022876,26.75278471687627,26.51579221059999,26.57048225402832,6618100
2024-01-31,26.379070537716753,26.579601888723392,26.15119329125063,26.169422149658203,10409600
2024-02-01,26.123847142531098,26.379070281982422,25.868624003079773,26.379070281982422,11987700
2024-02-02,26.22411434874811,26.269689103324524,25.93243174690198,26.142078399658203,7193000
2024-02-05,26.041811493651387,26.060042090656353,25.67720824637922,25.823049545288086,10526200
2024-02-06,25.84127871825891,26.023579462566246,25.65897623538625,25.786588668823242,7926000
2024-02-07,25.75012701440236,25.75012701440236,25.394639091606372,25.476675033569336,7358000
2024-02-08,25.522250242514417,25.795702228258083,25.458444895078582,25.786588668823242,4639200
2024-02-09,25.77747391243246,25.996235853336856,25.69543796727264,25.90508460998535,4852200
2024-02-12,25.90508577225299,26.251458426250764,25.877739876451017,26.151193618774414,4896400
2024-02-13,25.813934184949517,25.886854834229272,25.421985043108794,25.64986228942871,6505900
2024-02-14,26.442875342494286,26.506680692016715,25.83216426503404,26.050926208496094,6547400
2024-02-15,26.050927503050456,26.51579730797021,26.050927503050456,26.46110725402832,7071800
2024-02-16,26.424644745897773,26.52491128861323,26.00535145557018,26.050926208496094,5681500
2024-02-20,25.868623159899165,26.205882235375356,25.83216370606045,26.096500396728516,5677700
2024-02-21,26.0144644556103,26.114729250902446,25.759241341503003,25.91419792175293,7580000
2024-02-22,25.968888591829774,26.524909582297692,25.968888591829774,26.38818359375,6276200
2024-02-23,26.552254358383347,26.73455683975765,26.424643664560524,26.679866790771484,5547400
2024-02-26,26.71632504901108,26.880396927196724,26.233226450536947,26.251455307006836,9431100
2024-02-27,26.39729826984191,26.415528866037064,26.12384628117599,26.2788028717041,6683700
2024-02-28,26.178539276123047,26.515798389411607,26.142079818196617,26.178539276123047,10811300
2024-02-29,25.394640947063962,26.49756598738296,25.21233845414517,25.823049545288086,22925500
2024-03-01,26.433759422438488,27.008009293198572,26.33349288208143,26.807477951049805,13986500
2024-03-04,26.752787521666214,26.980664754834468,26.424643749563025,26.488449096679688,10322000
2024-03-05,26.415527734667506,26.843938034078192,26.315262937019167,26.55225372314453,10274400
2024-03-06,26.871282778529405,27.80102230228782,26.807477431743784,27.554914474487305,14188000
2024-03-07,27.673414039510998,28.211204493321873,27.48199624377495,27.855714797973633,14006800
2024-03-08,28.019784927368164,28.302352215200923,27.846597739989537,28.019784927368164,11435700
2024-03-11,27.90128463706307,28.192967171889432,27.70075159044616,28.129161834716797,7029000
2024-03-12,28.153077957691764,28.3186304739602,27.76678933781695,28.05190658569336,13376800
2024-03-13,28.051909500990455,28.465790834674202,27.86796185174106,28.281843185424805,8006400
2024-03-14,28.327826398923907,28.438195328330846,27.92314441769258,28.153078079223633,9767200
2024-03-15,28.005921376439296,28.474984513946954,27.959933590430445,27.978328704833984,15269700
2024-03-18,27.95073717037035,28.02431587672331,27.23334522199266,27.53685760498047,9223700
2024-03-19,27.417291318697053,27.49087002560808,27.13217404869867,27.426488876342773,6113600
2024-03-20,27.31612270080892,27.380503852449277,26.97582007238227,27.297727584838867,5292800
2024-03-21,27.454080342693974,27.95073615395207,27.316120492580872,27.665618896484375,6699300
2024-03-22,27.693212536540717,27.812777276351575,27.546055124040556,27.63802719116211,4796900
2024-03-25,27.490867936585474,27.647222896171883,27.41728923526567,27.481670379638672,6904700
2024-03-26,27.638027372002533,27.720803636357335,27.573646222894297,27.582843780517578,6167100
2024-03-27,27.76678898035527,27.775986537168954,27.343710138198684,27.702407836914062,6440800
2024-03-28,27.702411929470575,27.932345621017706,27.61963566017322,27.794384002685547,5954100
2024-04-01,27.821975023777505,28.107092293160427,27.7943823508999,27.941539764404297,6811800
2024-04-02,27.73919811377744,27.91394819609218,27.16896358828365,27.18735694885254,6127600
2024-04-03,27.104579227021013,27.674815476066527,27.058593196692737,27.279329299926758,6862800
2024-04-04,27.638027834653805,27.959935339838353,27.214950702429086,27.260936737060547,5401900
2024-04-05,27.15976619670182,27.22414734472279,26.71829220951356,26.77347755432129,5160800
2024-04-08,26.929831339532857,27.06779118698112,26.782673935020764,26.957422256469727,5210300
2024-04-09,27.076991024645007,27.573646868141246,27.012609874030197,27.564449310302734,6593700
2024-04-10,27.132173261305176,27.45408075254448,26.5987272131175,26.626319885253906,6664800
2024-04-11,26.727487513001627,26.929830251723256,26.377989129966778,26.88384246826172,5519900
2024-04-12,26.663109325249607,26.83785941326034,26.08367722345737,26.240032196044922,7626000
2024-04-15,26.460766596033867,26.580331329992607,25.66979422686873,25.71578025817871,6224200
2024-04-16,25.73417366478997,25.78935900380565,25.33868750645025,25.559425354003906,7086600
2024-04-17,25.706588073456185,25.94571757503052,25.412271467182205,25.467456817626953,6144100
2024-04-18,25.46745350339675,25.770965874325437,25.301900982116617,25.403072357177734,4525400
2024-04-19,25.439859979193674,25.69738630969386,25.357083721327708,25.57781982421875,4770000
2024-04-22,25.75256992842554,25.844543743306552,25.292702608275082,25.47665023803711,5156300
2024-04-23,25.4674555559671,25.61461297468645,25.36628417275199,25.449060440063477,6116200
2024-04-24,25.577823347584605,26.295217096493023,25.228324908427076,25.844547271728516,14491900
2024-04-25,25.724977757387236,26.02849012441202,25.531834321214486,25.872135162353516,5032700
2024-04-26,25.87213775899532,26.11126900462945,25.715782781244343,25.752573013305664,5356200
2024-04-29,25.86294041505013,26.166452794462046,25.86294041505013,26.000900268554688,5676400
2024-04-30,25.798555994218983,26.15725369732278,25.78016263462117,25.835346221923828,5557700
2024-05-01,25.75257007495777,25.82614877643032,25.393874124560906,25.52263641357422,6137200
2024-05-02,25.73417617065069,25.78016395764181,25.311099055860602,25.6973876953125,4828600
2024-05-03,26.010098977079398,26.212439987556884,25.76177017722876,25.91812515258789,6648300
2024-05-06,26.05608253641433,26.15725390916742,25.95491116366124,26.138858795166016,4354600
2024-05-07,26.27681896537341,26.488357516231623,25.98250415474378,26.129661560058594,3953100
2024-05-08,26.102071918711932,27.20575434094597,26.102071918711932,27.07699203491211,8796700
2024-05-09,27.031000844930222,27.297724735894683,26.97581725703416,27.270132064819336,6431700
2024-05-10,27.444883553652506,27.48167202939355,27.242542551439946,27.334514617919922,4973200
2024-05-13,27.444883783475582,27.803579757664426,27.417291110747698,27.53685760498047,5568300
2024-05-14,27.72080224886495,28.43819591928105,27.610435071419182,28.291038513183594,8018200
2024-05-15,28.511773315998518,28.879666814386294,28.502575759257002,28.842878341674805,6480600
2024-05-16,28.75090861799539,28.83368488618842,28.511777371466064,28.57615852355957,5737500
2024-05-17,28.723311910278074,28.769299694068895,28.52097092436221,28.6865234375,4618200
2024-05-20,28.861273133224703,29.367128253585125,28.75090595535838,29.26595687866211,5591000
2024-05-21,29.385527889618825,30.21328711375,29.330342537939465,30.066129684448242,8201400
2024-05-22,30.13050563767524,30.59957227467864,30.12130983490484,30.36043930053711,7717600
2024-05-23,30.516795158167618,30.700742784989927,29.97415158872185,30.02933692932129,6822700
2024-05-24,30.148904014899546,30.27766631867733,29.918970327150745,30.121313095092773,6503900
2024-05-28,30.250073498328263,30.76512618958947,30.213283268557586,30.48000717163086,8019500
2024-05-29,30.148898435946876,30.654755262194836,29.808597623432878,30.167293548583984,12481300
2024-05-30,31.63887280992112,36.347913153159745,31.63887280992112,35.28102111816406,38253600
2024-05-31,34.572827271010794,34.60041818909438,32.10793801160706,33.570316314697266,29952100
2024-06-03,33.57031841490039,33.80025210267368,32.043558868426125,32.48503112792969,12390700
2024-06-04,32.38386052634952,33.000084648895076,32.33787448938576,32.51262283325195,9633600
2024-06-05,32.88970839045326,33.13803715829296,32.41144947666102,32.770145416259766,8143800
2024-06-06,32.7701476046675,33.570315793247204,32.72416157240602,33.2760009765625,9319500
2024-06-07,33.19322886654864,33.83704392425907,33.14724282853571,33.52433395385742,8718800
2024-06-10,33.386368155691926,33.4323541879534,32.64138531093161,33.2760009765625,8790300
2024-06-11,33.24841285820884,33.54272769967295,33.00008405287793,33.40476608276367,7708800
2024-06-12,33.92931961801352,34.27222625032569,33.586412985701365,33.64201736450195,7372500
2024-06-13,33.62348238317041,34.08687107548698,33.45666217110643,33.781036376953125,6847500
2024-06-14,33.567881022171036,33.94785964263478,32.84499219307806,32.90986633300781,8582400
2024-06-17,33.00254194392402,33.44739464693447,32.641099343688964,33.299110412597656,7500300
2024-06-18,33.46592984875018,34.10540493174304,33.28983989395328,34.05906677246094,9607500
2024-06-20,34.161011451967575,34.45757990173711,33.45665873223382,33.58641052246094,9202400
2024-06-21,33.45666359217397,33.95712424962291,33.224969236174495,33.70689392089844,17244200
2024-06-24,33.68835552529413,34.198085900133215,33.50300288212543,33.64201736450195,5496100
2024-06-25,33.49373000102399,33.79029844484977,33.38251771843301,33.61421203613281,6002900
2024-06-26,33.47519800977241,33.50300373525581,32.22404995964881,32.5206184387207,9658300
2024-06-27,32.61329448731291,32.71524056401599,32.112837392713885,32.16844177246094,5716700
2024-06-28,32.34453719806893,32.78938998804392,32.224055129312454,32.45574951171875,14543000
2024-07-01,32.62256695866663,32.65036915085638,32.16844445244009,32.40940856933594,4952900
2024-07-02,32.205519587539136,32.55769604343758,31.88114886195883,32.25185775756836,5834500
2024-07-03,32.3445327689927,32.52061920277395,32.17771255367352,32.29819107055664,3985200
2024-07-05,32.33526754872616,32.34453730386313,31.871878782397896,32.09430694580078,4365400
2024-07-08,32.298193365676326,32.90060013440004,32.25185519932269,32.73377990722656,6511300
2024-07-09,32.687435873791244,33.01180651542076,32.57622358742896,32.82645034790039,5152700
2024-07-10,33.10448526516153,33.456658082817704,32.91912910380976,33.428855895996094,5344700
2024-07-11,33.549337256166496,33.873707880474704,33.39178328480633,33.45665740966797,6722900
2024-07-12,33.577142490019654,34.20735136191121,33.299109996038084,34.040531158447266,6599800
2024-07-15,33.7624982536542,34.61513169620644,33.74396228289764,34.605865478515625,5720700
2024-07-16,34.84682082256385,35.33801513580616,34.74487830169222,35.217533111572266,8571000
2024-07-17,34.846826291262104,35.606783421156514,34.633667929011224,35.31948471069336,8906800
2024-07-18,35.28241566039977,35.393627959519854,34.49465627728837,34.642940521240234,5895500
2024-07-19,34.67073960177323,34.69854179021523,34.17954875063157,34.429779052734375,4773500
2024-07-22,34.86536398942867,35.25461232679557,34.680007806652775,35.23607635498047,4519900
2024-07-23,35.01364656099549,35.34728696702694,34.89316805299799,34.94877243041992,4472700
2024-07-24,34.82829941403219,35.328756566614814,34.75415551861224,35.050724029541016,6310400
2024-07-25,34.8560980472232,35.02291825950499,33.54934207459928,33.595680236816406,8589500
2024-07-26,33.86444476713932,34.0590671595611,33.549340330914774,33.6790885925293,7299600
2024-07-29,33.734693017582245,33.75322545128964,33.13228639622825,33.48446273803711,4788300
2024-07-30,33.484466987603525,33.64201744173362,32.566955846161896,32.919132232666016,6915700
2024-07-31,33.33618303054458,33.69762563810385,33.12302466032694,33.44739532470703,8189900
2024-08-01,33.34544799197765,33.63275023772623,32.42794041280874,32.594757080078125,5437300
2024-08-02,31.890407778335177,32.02942579196096,31.102648462122247,31.250932693481445,6489100
2024-08-05,30.194410668169716,30.565119522649713,29.805162305284057,30.351961135864258,7339300
2024-08-06,30.444636231594195,30.769010443413254,30.13880152742932,30.32415771484375,6154400
2024-08-07,30.50024250168171,30.657796489858754,29.610537092579108,29.675411224365234,7603700
2024-08-08,29.925641078180515,30.6670622411505,29.925641078180515,30.602188110351562,5909000
2024-08-09,30.453903306805373,31.40848281527176,30.453903306805373,31.0841121673584,6605500
2024-08-12,31.167525046326446,31.66798215695741,31.12118688326111,31.30653953552246,5609200
2024-08-13,31.51969589261531,32.23331487125898,31.482627485765313,32.214778900146484,6477300
2024-08-14,32.214779218448584,32.45574330991693,32.01089060494656,32.20551300048828,5158500
2024-08-15,32.622564430735316,32.95620485266004,32.57622626888469,32.89133071899414,4847700
2024-08-16,32.882060251643715,33.39178709168648,32.817186119386,33.280574798583984,5580400
2024-08-19,32.085033775659696,32.70597649484426,31.76992930667992,32.066497802734375,9622300
2024-08-20,32.06649391807881,32.48354441993712,32.05722770042637,32.2611198425293,6885200
2024-08-21,32.437204859839895,32.74304305978398,32.270384666302164,32.687435150146484,4677000
2024-08-22,32.724510914523265,33.067417558927524,32.4372086508804,32.5113525390625,4955300
2024-08-23,32.743050610363866,33.521540312560745,32.733780855599285,33.048885345458984,6319600
2024-08-26,33.22496972627598,33.51227200468843,32.75231478863005,32.96547317504883,5415200
2024-08-27,32.900594557026835,33.06741475592062,32.752310328607344,32.99327087402344,6473800
2024-08-28,32.91913166092141,33.08595186555889,32.10356660884649,32.214778900146484,12074200
2024-08-29,31.612380998134462,34.170285335082525,31.325078701240148,32.863529205322266,18740400
2024-08-30,33.03961659154198,33.59568163199032,32.86352661827894,33.53080749511719,12068600
2024-09-03,33.354717671690054,33.52153433859224,32.566954819742485,32.78938293457031,9151700
2024-09-04,32.76158205980038,33.03034837384766,32.576229394613065,32.74304962158203,6514200
2024-09-05,32.288920484551426,32.46500689451445,31.82553184587266,31.881139755249023,6862100
2024-09-06,31.76066129235372,32.10356793364799,31.297272601543845,31.343610763549805,7995900
2024-09-09,31.76992814164864,32.27965853996435,31.528967573206387,31.6772518157959,9803500
2024-09-10,31.528966267490247,31.677250503938833,30.926559568269397,31.01923942565918,7863000
2024-09-11,31.006157638876836,31.239778474875145,30.548259231820893,31.18370819091797,7186800
2024-09-12,31.06222522824379,31.211742407721527,30.791224226449536,30.931394577026367,6508000
2024-09-13,31.024846871432654,31.35191460683353,30.96877658903352,31.13698387145996,5924200
2024-09-16,31.015497756736988,31.63225655860039,30.968774307232472,31.548152923583984,7775900
2024-09-17,31.81915831859352,32.62281459430584,31.763091597348318,32.17426300048828,10054200
2024-09-18,32.33311754934453,32.68822216628364,32.05277330008546,32.267704010009766,7077800
2024-09-19,32.80035806713368,32.91249861494118,32.520013827155786,32.53870391845703,7466700
2024-09-20,32.43591585872303,32.63215650447433,32.136881475262655,32.48263931274414,37215900
2024-09-23,32.510677065220214,32.931195291665496,32.361159869680904,32.80971145629883,7951700
2024-09-24,32.94987653468106,33.52925869360094,32.940533271046476,33.491878509521484,6576900
2024-09-25,33.64139453483496,34.02453249666865,33.57598099730997,33.68811798095703,6622000
2024-09-26,34.089953056728405,34.51047128799473,33.706815015968225,34.43571090698242,6278200
2024-09-27,33.4171212879151,33.71615922393757,32.80970928089763,33.09005355834961,9961700
2024-09-30,33.17415869545219,33.63205710228305,33.17415869545219,33.51991653442383,8303700
2024-10-01,32.74429707185025,32.88446743391359,31.912607470052894,32.48263931274414,10361100
2024-10-02,32.51067793394243,33.15547018854069,32.202296704718556,32.875125885009766,8804100
2024-10-03,32.77232605018212,33.27694784160092,32.68822241827899,33.267601013183594,7227100
2024-10-04,33.641396639144816,33.7441903659055,33.2302252968727,33.63205337524414,5116900
2024-10-07,33.61336321583695,33.85632728924858,33.37974240630741,33.55729293823242,4302100
2024-10-08,33.454505800853234,33.790920403199074,32.90316043918008,33.64140319824219,8667100
2024-10-09,33.6227071082252,34.40767318550858,33.51057011569063,34.18339920043945,5376400
2024-10-10,34.164711719249745,34.44505600440221,34.033881059059,34.342262268066406,4763400
2024-10-11,34.51981060808702,35.02443242793516,34.44505380038957,34.58522415161133,5832200
2024-10-14,34.57588155527577,35.015089840082965,34.49177791700994,34.98705291748047,5060100
2024-10-15,35.089842317985315,35.48232710303728,34.43570338607897,34.54784393310547,6502100
2024-10-16,34.613263936068,34.84688477219464,34.613263936068,34.74409103393555,3413800
2024-10-17,34.84688456575313,35.38888304867505,34.63195382556245,35.11788558959961,7099600
2024-10-18,35.2300206930457,35.332814425154666,34.72539886165854,34.8375358581543,4726600
2024-10-21,34.893604805603225,35.08984543316571,34.06191528089206,34.071258544921875,5593900
2024-10-22,33.940434514502485,33.987157968398066,33.54795322405438,33.85633087158203,4919200
2024-10-23,33.65074936506387,33.903060338575486,33.239577907177335,33.5012321472168,4664800
2024-10-24,33.594672845644915,34.13667126559314,33.31432858948062,34.080604553222656,5931100
2024-10-25,34.08995037111589,34.81884620470755,34.08995037111589,34.4637451171875,5018400
2024-10-28,34.5758871975002,35.17395602730975,34.547853835093946,34.96836853027344,5286100
2024-10-29,34.97771203406798,34.97771203406798,34.613264098364944,34.631954193115234,4937600
2024-10-30,34.61326060927881,34.818844501266625,34.136672153115086,34.146018981933594,5687600
2024-10-31,33.97781434290237,34.02453779630205,33.071364374910445,33.192848205566406,6620900
2024-11-01,33.164810447743456,34.18339728175091,33.164810447743456,33.90304946899414,6360400
2024-11-04,33.89370754171088,34.07125807398893,33.454499278195435,33.63205337524414,9533900
2024-11-05,33.64139887782932,34.25815771466535,33.585328596382084,34.23946762084961,4162800
2024-11-06,34.9870543481151,35.07115798981996,33.53860590966116,34.49177932739258,9571100
2024-11-07,34.398333063290664,35.13657219340666,34.31422942001529,34.89360809326172,5801700
2024-11-08,34.762777514207166,34.874914505752834,34.276845797815014,34.40767288208008,5489400
2024-11-11,34.56653903739529,36.1364677109757,34.388984927904865,35.20198440551758,10160600
2024-11-12,34.99640492653455,35.44495654208691,34.669333589413974,34.678680419921875,6793800
2024-11-13,34.70670831601559,34.80015878252045,34.323570315272676,34.39833068847656,6087800
2024-11-14,34.43570755734265,34.66932837812454,34.080606476389164,34.09929656982422,6044500
2024-11-15,33.99650359196369,34.51981196066269,33.949780139725696,34.31422805786133,7278600
2024-11-18,34.50111847480401,35.25805115981626,34.435704935147825,34.97770690917969,7623800
2024-11-19,34.641296486375886,34.800160504911524,34.29553865512206,34.45439910888672,4665400
2024-11-20,34.45439838360864,34.557192117302385,34.03388018430282,34.27684783935547,4929000
2024-11-21,34.360951505965346,35.47298535408784,34.323571318271085,35.42626190185547,5969400
2024-11-22,35.472983375139265,36.11777910019557,35.39822656869214,35.6318473815918,6961100
2024-11-25,35.96826383117382,37.19243467427497,35.715952912080915,36.72519302368164,14160200
2024-11-26,36.6784696673018,37.02422749150739,36.38877855986036,36.53829574584961,12112400
2024-11-27,34.164714373727634,35.04312748606056,31.33322724880948,32.38919448852539,27423800
2024-11-29,32.00605124248447,33.52925993478813,32.00605124248447,33.108741760253906,8300900
2024-12-02,33.40777359934419,34.202082874399444,32.91249865594059,34.061912536621094,11320900
2024-12-03,33.996504464751006,34.50112275255562,33.53860606561292,34.379642486572266,7311400
2024-12-04,34.473092604559966,34.510472796700284,33.60402274353986,33.97781753540039,8736000
2024-12-05,34.18340020470109,34.22077682679687,33.66943154721231,33.80025863647461,8251100
2024-12-06,34.06191748975004,34.20208784791133,33.54795238028344,33.82829666137695,6583500
2024-12-09,33.90304854274779,34.398327050921814,33.75353137692196,34.061912536621094,6308200
2024-12-10,33.78157600067727,33.893713009428524,32.613471762268944,32.650848388671875,8015800
2024-12-11,32.83835793870867,32.88547467281327,32.367219353679836,32.5556755065918,8183400
2024-12-12,32.48029758101236,33.11162160582866,32.28241662898565,32.96085739135742,5143600
2024-12-13,33.03623887624241,33.05508485098382,32.367219353679836,32.5556755065918,5101500
2024-12-16,32.414334479964516,32.77239719878421,32.08453533010179,32.216453552246094,8182200
2024-12-17,31.58512932560898,32.376642245975745,31.406097967782685,31.88665771484375,8290800
2024-12-18,32.01857879771051,32.10338388941922,30.567471048251328,30.614587783813477,10393100
2024-12-19,30.68996621573028,31.22706389890624,30.40728379213799,30.586315155029297,7615500
2024-12-20,30.426130549885745,31.27417784250267,30.28478753719853,31.03860855102539,17752800
2024-12-23,30.944381161212547,31.340135831324233,30.765349800138498,31.31186866760254,5241600
2024-12-24,31.406099084561408,31.538017310229797,31.255331290080893,31.509746551513672,2128100
2024-12-26,31.415526773972662,31.70763404445917,31.34956764749229,31.50033187866211,3061100
2024-12-27,31.36840877842983,31.462635060411895,31.06688036268452,31.358983993530273,4423500
2024-12-30,30.944383084660235,30.972650250138962,30.350747448091376,30.746505737304688,4242800
2024-12-31,30.93496189433473,31.019763390770915,30.567470770600146,30.746505737304688,4126600
2025-01-02,30.803039807901527,30.934961632859054,30.416706306781396,30.595741271972656,4660500
2025-01-03,30.934960517075755,31.23648891709855,30.69939122990156,31.22706413269043,5451500
2025-01-06,31.594554037685754,32.1976108833907,31.48148177774166,31.914928436279297,7757500
2025-01-07,32.056272044371575,32.46145154397185,31.51917430666934,31.726472854614258,5343700
2025-01-08,31.566285808972967,31.6133989494889,31.09514721480919,31.51917266845703,4891900
2025-01-10,31.19879857667864,31.519172967530004,30.991496443038862,31.28360366821289,6222500
2025-01-13,31.179954900673835,31.179954900673835,30.595744001746986,30.737083435058594,7062900
2025-01-14,31.000918027753116,31.236487302752753,30.501508720492605,30.784191131591797,5518000
2025-01-15,31.44378910864573,31.613399291942176,30.812465110988498,30.89727020263672,7227000
2025-01-16,30.831313097212846,30.840734288231683,30.4732467319548,30.482667922973633,7973500
2025-01-17,30.831311426655517,31.095147894917112,30.62400929044867,30.63343048095703,8455700
2025-01-21,30.54862530434434,31.07630183391837,30.360172738677164,31.04803466796875,7758200
2025-01-22,31.132840550637653,31.632246332437365,30.944384385684167,31.2176456451416,5184300
2025-01-23,31.17052841755565,31.594550240003937,30.868996436445148,31.453210830688477,4623500
2025-01-24,31.575705693372054,31.58513047778678,30.746504389979386,30.840730667114258,4048900
2025-01-27,30.652274719425566,31.434366483883494,30.444976189468523,31.406099319458008,10177000
2025-01-28,31.274178643981635,31.28360342880345,30.426131329631378,30.850156784057617,5955800
2025-01-29,31.14225988808679,31.151684672749905,30.680546085654786,30.727659225463867,4039400
2025-01-30,31.11399272611681,31.17053065059448,30.803039533242863,30.90669059753418,3611700
2025-01-31,31.076300791240868,31.406099959097517,30.548624279371534,30.624008178710938,6178700
2025-02-03,29.879608929551978,30.510936518049675,29.257706125906225,30.152870178222656,8205500
2025-02-04,30.115177433609578,30.49208973869817,29.945569053020993,30.162290573120117,5050600
2025-02-05,30.162291583235714,30.69939289404988,30.162291583235714,30.68996810913086,5517900
2025-02-06,30.708813825531816,30.850156842107264,30.520357668265298,30.71823501586914,6197100
2025-02-07,30.953804597435457,31.066880449532743,30.284788647786687,30.407285690307617,4382900
2025-02-10,30.708813786867154,31.1893735725146,30.510936439512452,30.925537109375,5424200
2025-02-11,30.774774724650253,31.368410396362346,30.64285648527033,31.236492156982422,4384500
2025-02-12,30.93496185577198,31.330716549989734,30.63342984819846,31.13283920288086,4312300
2025-02-13,31.189374343682214,31.41552245660933,31.010342967054047,31.377830505371094,5393300
2025-02-14,31.453215445747798,31.858394948673286,31.41552349326579,31.698205947875977,4183400
2025-02-18,31.914926480273017,32.25414683381745,31.660511215114692,32.22587966918945,5309500
2025-02-19,32.21645566292879,32.8477832460552,32.122229382224404,32.67817306518555,5666000
2025-02-20,32.83835570992207,32.885472440828785,32.3954879143145,32.71586227416992,5006900
2025-02-21,32.89489802870128,32.932589980665696,32.48971853133968,32.63106155395508,7214100
2025-02-24,32.82893976571244,33.243540464620665,32.66875076293945,32.66875076293945,7142600
2025-02-25,32.77239775971795,32.98912107045046,32.04684393100369,32.131649017333984,7036100
2025-02-26,32.009157459454215,32.10338374113879,31.651091118948813,31.877239227294922,7037800
2025-02-27,31.745318593608506,31.94319954378597,31.198799669196013,31.2176456451416,10360100
2025-02-28,29.61577132318372,29.61577132318372,28.24946872704327,29.088096618652344,23233200
2025-03-03,29.285974719107983,29.615772091970342,28.183510345240215,28.306007385253906,8299700
2025-03-04,28.192932288537747,28.390809626575706,27.495647415961905,27.59929847717285,9602500
2025-03-05,27.79717689792493,28.08928232141858,27.495648486931344,27.816022872924805,8940100
2025-03-06,27.561608507806096,28.287162393881783,27.552185519996534,28.240047454833984,10136400
2025-03-07,28.108129529260506,28.84310641123229,27.91967336549815,28.77714729309082,10995500
2025-03-10,28.560419229901235,28.73945238734778,27.891403332089354,28.249467849731445,8851100
2025-03-11,28.108128235355423,28.164664362981124,26.920858771709117,26.967973709106445,10783600
2025-03-12,27.138362925512062,27.21451399342222,26.481558830046534,27.10028648376465,9173400
2025-03-13,27.128843109332283,27.462004703616447,26.33877511947336,26.567228317260742,6882700
2025-03-14,26.890870704991237,27.16691945273548,26.767125904144084,27.04317283630371,5385800
2025-03-17,27.03365550632461,27.566713001020293,27.01461728476072,27.519119262695312,6395200
2025-03-18,27.3763343417452,27.48104273753152,27.16691936575717,27.31922149658203,5001500
2025-03-19,27.414407860071357,27.61430553345046,27.119322720457436,27.376333236694336,7905700
2025-03-20,27.224033062739096,27.500080002652215,27.109805553254056,27.138362884521484,5525100
2025-03-21,26.881352467381404,27.30018424987793,26.605305526261535,27.30018424987793,23907600
2025-03-24,27.661902583593097,27.776130098590613,27.290666337124502,27.60478973388672,5804700
2025-03-25,27.65238242019231,27.728533488763897,27.224033340321373,27.42392921447754,6053700
2025-03-26,27.423928453228104,27.614307027164784,27.15740062841832,27.328739166259766,6356500
2025-03-27,27.119323390359504,27.395372132896146,26.92894663760264,27.271625518798828,6106400
2025-03-28,27.024134237799426,27.271625651614787,26.45300216116277,26.557708740234375,5452100
2025-03-31,26.138878873600024,26.45300408035876,25.986576733369272,26.35781478881836,8946600
2025-04-01,26.538673204729804,26.61482427702345,26.138879621291974,26.453004837036133,6494500
2025-04-02,26.16743526698397,26.71953095941025,26.16743526698397,26.538671493530273,6050300
2025-04-03,24.63489318889609,24.692007851575525,21.845859189098604,22.635927200317383,23089300
2025-04-04,22.198057301479288,22.331321217184996,20.903487324047806,21.522216796875,22865100
2025-04-07,20.77022225663605,22.9024538676188,20.551288174235204,22.255168914794922,21901400
2025-04-08,22.559775265063863,22.674000954862205,20.475137362605754,20.827335357666016,17963500
2025-04-09,20.46561725311482,23.168982654121866,20.189568521010845,23.11186981201172,19749500
2025-04-10,22.293247011212184,22.52170022055215,21.2461684400488,21.76970863342285,11304400
2025-04-11,21.8839317112673,22.34083807526543,21.322316958008752,22.31228256225586,10168100
2025-04-14,23.502144743426456,23.901938278128668,22.512179108703045,22.8834171295166,10638400
2025-04-15,22.84534029662887,23.10235081070623,22.378914816776174,22.597848892211914,9162400
2025-04-16,22.255167310727863,22.645443528752892,21.96008218547426,22.340837478637695,7280500
2025-04-17,22.578810971339347,22.845340598600117,22.416989736142547,22.68351936340332,6785900
2025-04-21,22.321804319116545,22.68352144628466,21.998161819004945,22.607370376586914,8812500
2025-04-22,22.86437764619008,23.08331171329758,22.63592446978428,23.016679763793945,6415600
2025-04-23,23.901938408543998,24.349325679224744,23.31176630530267,23.445030212402344,7288000
2025-04-24,23.549740020522062,24.13039304877752,23.368880553173128,24.11135482788086,6542700
2025-04-25,24.11135449344312,24.292213958283433,23.854343961657086,24.06376075744629,5023200
2025-04-28,24.063759989026767,24.31125140259345,23.81626857546009,24.168466567993164,5256000
2025-04-29,23.854345325626685,24.396921935587017,23.854345325626685,24.29221534729004,5320900
2025-04-30,23.721079869168882,24.434996797235062,23.721079869168882,24.339807510375977,6202800
2025-05-01,24.434996201584493,24.634892065089545,24.13991105354078,24.168466567993164,6525800
2025-05-02,24.682490327077907,24.82527336178153,24.5492264034325,24.701528549194336,5669300
2025-05-05,24.539706871839627,24.93950045150942,24.520668650049455,24.653932571411133,4577300
2025-05-06,24.38740386286448,24.692008138353845,24.26365724120649,24.396921157836914,5308400
2025-05-07,24.368368067462445,24.653934150263794,24.206546803052383,24.606340408325195,5702100
2025-05-08,24.844311665016058,25.367850065833654,24.730084147529325,25.06324577331543,5941800
2025-05-09,25.386886518337473,25.624858832226806,25.139395094022408,25.186988830566406,7595500
2025-05-12,26.824239557051186,27.661901304488136,26.77664400484276,26.900390625,10452800
2025-05-13,26.890870450802964,27.55719363068502,26.786162055671173,27.39537239074707,7115600
2025-05-14,27.414408537262624,27.54767426133547,27.16691894023716,27.271625518798828,7216600
2025-05-15,27.01461525048041,27.576230035230672,26.98605973586963,27.39537239074707,7929200
2025-05-16,27.509599741592073,27.956988863746677,27.490561520312152,27.909393310546875,7803100
2025-05-19,27.452484558570912,27.72853148131382,27.395371715173162,27.699975967407227,6836400
2025-05-20,27.69997809097106,28.061695214333195,27.414410220920715,27.585750579833984,7766800
2025-05-21,27.452487031808538,27.833242381403963,27.176438268611403,27.233552932739258,7584800
2025-05-22,27.12884521484375,27.36681754128975,27.014617699292373,27.12884521484375,5729400
2025-05-23,26.348293597908373,26.77664265264493,26.234066093961207,26.633859634399414,7663100
2025-05-27,27.07173080738401,27.10028632294044,26.786162942727092,26.97654151916504,10306000
2025-05-28,26.79568162409346,26.986060197483337,25.891387939453125,25.891387939453125,17503400
2025-05-29,22.673999909491403,24.653929325363766,22.45506583448456,23.749635696411133,26462900
2025-05-30,23.568777713852274,23.825788243450226,23.226097007721673,23.702041625976562,16298100
2025-06-02,23.740116624625106,23.778191247668325,23.273691144942397,23.711559295654297,9587800
2025-06-03,23.62589141493696,24.244619077949345,23.330806249300537,24.15894889831543,8393500
2025-06-04,24.235098527287967,24.473070830889384,23.90193875471365,23.968570709228516,12721300
2025-06-05,23.96856980686251,24.15894655322561,23.42599326557167,23.51166343688965,12250000
2025-06-06,23.797230360141956,24.082796398229824,23.644928231083817,23.968570709228516,12430000
2025-06-09,24.282695198893485,24.34932715648585,23.79723145925453,23.91145896911621,11835700
2025-06-10,23.978091818726444,24.454036465617328,23.863864304615344,24.330289840698242,9364400
2025-06-11,24.512249683918387,24.512249683918387,23.790168461450836,23.896074295043945,6240300
2025-06-12,23.828683528533325,23.98272739635542,23.72277768077523,23.819055557250977,5665400
2025-06-13,23.491712058962698,23.674639842032864,22.875536582955107,22.952558517456055,7084700
2025-06-16,23.154737175383424,23.64575262793059,23.087343221644158,23.607242584228516,8030100
2025-06-17,23.45320099758949,23.79017079876936,23.299157135236495,23.385807037353516,5796700
2025-06-18,23.376177463624217,23.50133740457404,23.202877671272482,23.27989959716797,8659400
2025-06-20,23.54947511428249,23.82868073975063,23.193249400265085,23.212505340576172,19507300
2025-06-23,23.087344825119168,23.11622873716242,22.577075233455194,23.01995086669922,9454400
2025-06-24,23.3472954318147,23.684267073357855,23.25101755760984,23.626501083374023,7644300
2025-06-25,23.636128801877188,23.684268660379203,23.40506299011103,23.61687469482422,8128400
2025-06-26,23.886448542090285,23.915332454754978,23.559104877281182,23.790170669555664,6869100
2025-06-27,23.819054624881232,24.04049244666409,23.520594872202267,23.847938537597656,13832100
2025-06-30,23.982728069002178,24.021239955211726,23.443574516503144,23.54947853088379,11116800
2025-07-01,23.405059427432384,24.858849878638626,23.395431457197535,24.550762176513672,13488100
2025-07-02,24.62778755047302,24.993641288887027,24.310071833626075,24.887737274169922,8496200
2025-07-03,25.109172195927105,25.28247199160195,25.012894327624682,25.032150268554688,4740200
2025-07-07,24.89736437290688,24.993640412665787,24.28118706763293,24.39672088623047,6716100
2025-07-08,24.57001806669529,25.051405559367154,24.319696350144216,24.8395938873291,7986900
2025-07-09,24.858851823315227,24.98401360981196,24.33895424439532,24.666297912597656,6354100
2025-07-10,24.724063520237113,25.29210094532206,24.637413619031094,24.772201538085938,7606900
2025-07-11,24.550765374284154,24.675925330944338,24.367837588690538,24.473743438720703,6169500
2025-07-14,24.26193207597975,24.435230043029417,23.742032665787704,23.905704498291016,9451800
2025-07-15,24.12714011046536,24.290811927981082,23.578358674191325,23.607242584228516,6753300
2025-07-16,23.626501661588257,23.713149730510697,23.212508077819038,23.645755767822266,5919200
2025-07-17,23.64575417628194,23.886447933310233,23.40506041925365,23.82868194580078,6758000
2025-07-18,24.030864081387605,24.175281806251995,23.799798292491303,24.12714195251465,7173800
2025-07-21,24.242676134191672,24.25230410508571,23.876820585608897,23.905704498291016,5068800
2025-07-22,24.02123760547242,24.473741206084217,23.905703794493014,24.464113235473633,7841300
2025-07-23,24.724062539712808,25.080288264901064,24.550762744173614,24.916616439819336,7220000
2025-07-24,24.762574246151527,24.955129995521382,24.60853038119473,24.733692169189453,6055300
2025-07-25,24.772201891827237,24.83959585231703,24.483370107914503,24.724063873291016,6327300
2025-07-28,24.781831423105004,24.984015153651864,24.541137642574054,24.887737274169922,5896400
2025-07-29,25.032151270058648,25.06103518260926,24.63741364693861,24.714435577392578,6551200
2025-07-30,24.791456620851545,24.8395946370326,24.00198140285752,24.165653228759766,7181400
2025-07-31,24.059749299378637,24.415976890977248,23.83831146921213,23.876821517944336,12646000
2025-08-01,23.607244193318245,23.72277616864674,23.212506577641886,23.53985023498535,7929400
2025-08-04,23.56873344410889,24.069376924869633,23.539851367061594,24.04049301147461,6201300
2025-08-05,24.310071318851293,24.415977167673613,23.992355608732097,24.117515563964844,6281200
2025-08-06,24.165654189368134,24.30044210911113,23.867194437216778,24.079004287719727,8133200
2025-08-07,24.483371116769227,24.579648994156567,24.098261443567626,24.406349182128906,8419400
2025-08-08,24.56039043495486,25.176565846435345,24.377462671041254,25.1380558013916,7075100
2025-08-11,25.186195811143076,25.38837953176219,24.512252524209657,24.560392379760742,7540200
2025-08-12,24.935872356935544,25.706093465669355,24.82034038425141,25.60981559753418,8843800
2025-08-13,25.580933466508927,26.31264274437335,25.580933466508927,26.129714965820312,9407500
2025-08-14,25.677210464558822,26.004554126013904,25.62907244695858,25.927532196044922,6544500
2025-08-15,26.08157767117926,26.148971634532277,25.58093417720289,25.744606018066406,6974200
2025-08-18,25.715721143140765,26.014182735907227,25.696467037436243,25.831254959106445,5769800
2025-08-19,25.946786530669165,26.341524126856477,25.90827464989599,25.994924545288086,7144300
2025-08-20,25.802371079127578,25.898648953164532,25.37875137152131,25.484655380249023,6458900
2025-08-21,25.43651705104543,25.60018888400693,25.32098323634121,25.590560913085938,7326200
2025-08-22,25.763859324365775,26.717006357851748,25.677209427108178,26.707378387451172,6574200
2025-08-25,26.620730438560976,26.755520197686696,26.428176525499225,26.476314544677734,8249700
2025-08-26,26.331898417826494,26.495570252472163,25.92753281672235,26.004554748535156,11927900
2025-08-27,26.06232200686748,26.24524979245712,25.898650164255233,26.100833892822266,11705200
2025-08-28,27.323554087484688,27.84345347645648,25.99492537624722,27.2946720123291,20139900
2025-08-29,27.053978572437146,27.679781971479326,26.967328673270792,27.47760009765625,12745700
2025-09-02,27.005839894424604,27.89159302950584,26.755519992994167,27.86271095275879,13261900
2025-09-03,27.92047698867008,28.113032736924133,27.44871742543014,27.63164520263672,8245400
2025-09-04,27.650898617518923,27.881964407841917,27.41020485638901,27.843454360961914,11584200
2025-09-05,27.96861425667504,28.3537257428439,27.82419836753555,28.247819900512695,8677800
2025-09-08,28.190054236460494,28.29595824366249,27.75680472770971,28.257448196411133,8064900
2025-09-09,28.122658184461997,28.45000184668679,27.843454376298297,27.958988189697266,9901500
2025-09-10,27.637105703317765,27.782973236802977,26.829970039572856,27.588483810424805,9094800
2025-09-11,27.734350784310244,28.00663634670701,27.471788116450835,27.559309005737305,8055500
2025-09-12,27.46206370872323,27.705176880919584,27.16060389454552,27.199501037597656,8101300
2025-09-15,27.26757546042161,27.325922104920576,26.936941383583502,26.985563278198242,8790000
2025-09-16,27.05363411554431,27.393992935258623,26.85914468628352,26.956388473510742,6606500
2025-09-17,27.005011638692316,27.714901657034783,26.92721549770693,27.13142967224121,12909300
2025-09-18,27.432888588226987,27.520409475819854,27.082806892661765,27.46206283569336,7021500
2025-09-19,27.500962946795163,27.520410591087945,27.218950774277065,27.384267807006836,12697900
2025-09-22,27.345371190347258,27.588484369350038,26.966113369834602,27.48151397705078,7248500
2025-09-23,27.578758744478215,28.064985087054737,27.578758744478215,27.744075775146484,7382800
2025-09-24,27.695451991813815,27.948289912199964,26.71327455851596,26.742448806762695,10197500
2025-09-25,26.32429430355905,26.392365695819333,25.993660237032262,26.110355377197266,10496600
2025-09-26,26.02283448704283,26.158977271570024,25.594954779492085,25.974210739135742,7872200
2025-09-29,26.14925193786621,26.304844218080618,25.94503776563716,26.14925193786621,9098200
2025-09-30,26.158975802380397,26.499334599388835,26.110353912010428,26.47988510131836,7986800
2025-10-01,26.44098866235261,26.470161055427024,25.672750161417593,25.964487075805664,14390400
2025-10-02,26.022832909058614,26.402088845704778,25.692198862564855,25.750545501708984,10975400
2025-10-03,25.876966979811073,26.53823511358368,25.77972133870222,25.906139373779297,10520700
2025-10-06,26.052008256070106,26.168701539285696,25.7116494462131,25.87696647644043,7705600
2025-10-07,26.042282384065317,26.100629023157968,25.478259926686455,25.81861686706543,14472800
2025-10-08,25.847792128541332,26.431264106787772,25.711649347046137,26.285396575927734,20463700
2025-10-09,26.411815407815553,26.58685719207043,25.99366044649698,26.227048873901367,10128000
2025-10-10,26.353467438178605,26.43126357673091,24.758643815647016,24.84616470336914,15792400
2025-10-13,25.312943296567113,26.62575289796721,25.293493798298872,26.596580505371094,14137500
2025-10-14,26.732723046140197,27.948288855012375,26.645202159516902,27.753799438476562,21557000
2025-10-15,28.064983965404966,28.191401993307647,27.6079300345737,27.821870803833008,18360300
2025-10-16,27.899666396052197,27.93856353664424,26.343741821440545,26.450712203979492,24747300
2025-10-17,26.35346707978424,26.849418151862825,26.256221444214795,26.616029739379883,10955800
2025-10-20,26.800795133278474,27.316195717405353,26.742448492277443,26.898040771484375,7049700
2025-10-21,26.96611285040763,27.71490187246638,26.90776620791663,27.384267807006836,8330400
2025-10-22,26.450713432466017,27.199500580597018,26.227047908150563,26.898040771484375,8976800
2025-10-23,27.014736414274275,27.3648181216437,26.907766024763617,27.063358306884766,11798700
2025-10-24,27.481512745913502,27.646829774421647,26.878591272881938,26.898040771484375,8626300
2025-10-27,27.170328405008135,27.32592068546064,26.946662878902156,27.15087890625,10867500
2025-10-28,27.03418264241391,27.41344043317462,26.752172341393084,27.29674530029297,7421200
2025-10-29,27.111979159066312,27.471787456917678,26.810519355875968,26.936939239501953,8931500
2025-10-30,26.635479235678346,27.063358949067762,26.431265056100933,26.752174377441406,10356400
2025-10-31,26.761896910795812,27.111978597479315,26.538233250313482,26.907764434814453,14271800
2025-11-03,26.839694576583046,27.03418400142116,25.96448752779577,26.265947341918945,10354400
2025-11-04,25.789444360391624,25.98393377477214,25.196247658697708,25.225421905517578,10081500
2025-11-05,25.225423595629984,25.974210766113597,25.05038181259531,25.906139373779297,12247700
2025-11-06,25.935313491220075,25.95476299030462,25.381015750954745,25.449087142944336,9075400
2025-11-07,25.293494308816346,25.60467886816409,25.108727781151266,25.55605697631836,8710800
2025-11-10,25.83806668427457,25.847791433377868,24.4863580906221,24.59332847595215,16143200
2025-11-11,24.51553251251248,24.573881011962335,23.95151000147525,24.048755645751953,14505700
2025-11-12,24.165449831138456,24.622501929858213,24.165449831138456,24.515531539916992,10318200
2025-11-13,24.505808992755533,24.739197420186706,24.25297106600351,24.291868209838867,12224900
2025-11-14,24.01958224491787,24.311317310724036,23.795916716006413,23.854265213012695,9788700
2025-11-17,22.910985076127698,23.32914003359508,22.15247315775089,22.239994049072266,19877400
2025-11-18,22.084400177001953,22.376137103192356,21.78294035593092,22.084400177001953,11853500
2025-11-19,22.035777806688138,22.162197695077793,21.821838882621588,21.851011276245117,9138800
2025-11-20,22.055227305837224,22.30806522781247,21.65652185132411,21.98715591430664,15566200
2025-11-21,22.171919964592572,23.591701816438846,22.142747571791585,23.299964904785156,19349500
2025-11-24,23.38748570107637,23.825090139437517,23.309689562568416,23.70839500427246,19135900
2025-11-25,23.727843437261132,24.359937266109103,23.533354027126617,23.650047302246094,22657500
2025-11-26,23.436109273093578,23.90288610067965,22.852637311207875,23.319414138793945,22163300
2025-11-28,23.48473081511827,23.757018221237832,23.183271016961537,23.74729347229004,6873100
2025-12-01,23.33886461843955,24.039029889262462,23.319415119437334,23.718120574951172,14182800
2025-12-02,24.068203147876098,24.748920746506197,23.757018595864473,24.457183837890625,15550900
2025-12-03,24.544704195558893,24.76836785564198,24.282141539910292,24.496082305908203,11970800
2025-12-04,24.505807690695605,25.21569768493117,24.418286803208343,25.1865234375,11666100
2025-12-05,25.215696598279365,25.32266697944426,24.93368444968324,25.196247100830078,10225100
2025-12-08,25.030932190177445,25.06010643880837,24.223796526118495,24.3793888092041,15600400
2025-12-09,24.10710368024416,24.816993716601488,24.06820468136117,24.680849075317383,10452000
2025-12-10,24.641951375780945,24.875339799398944,24.43773534586125,24.787818908691406,11980400
2025-12-11,24.738615243763242,25.08302753423908,24.709095423682676,25.004304885864258,10515800
2025-12-12,24.9846249102971,25.06334756231351,24.276121042149406,24.345003128051758,9407400
2025-12-15,24.55164993365537,24.630372581410462,23.99074895689236,24.0989933013916,12812100
2025-12-16,24.069471719111743,24.531968919156334,24.030111333495004,24.433565139770508,9995600
2025-12-17,24.374524974133198,24.492608014425503,23.83330509595586,24.039953231811523,12454000
2025-12-18,23.488894054494686,23.725062005843554,22.61310245673459,23.075599670410156,20895200
2025-12-19,23.016555419066698,23.154321459902953,22.701664828976917,22.88863182067871,28443600
2025-12-22,23.114960415641608,23.272405718982434,22.721347157289546,22.80006980895996,11198500
2025-12-23,22.780388724568514,23.016556680074785,22.416297163665707,22.563901901245117,10546600
2025-12-24,22.622942030533444,22.898472233471885,22.603260899560137,22.79022789001465,4190900
2025-12-26,22.809909173156264,22.93783277154425,22.76070634539476,22.88863182067871,6309100
2025-12-29,22.809910123744807,22.90831390647277,22.29821195507623,22.367094039916992,11566400
2025-12-30,22.31789313812584,22.613102610089943,22.298212006155953,22.534379959106445,10809300
2025-12-31,22.495019862858356,22.534380250410894,21.914439600513823,21.924280166625977,9723900
2026-01-02,22.180128639802692,22.23917015794233,21.658589911697185,21.766834259033203,19045400
2026-01-05,21.756994562782776,21.943959690513626,21.264977512530038,21.314178466796875,18710500
2026-01-06,21.2748174374892,22.012842990622467,21.018968353842144,21.796354293823242,18039300
2026-01-07,21.78651375732401,21.80619488922254,20.59583343090366,20.753278732299805,18867400
2026-01-08,20.576152703470225,21.550346228844592,20.320303614448257,21.04848861694336,24546300
2026-01-09,21.264976661914794,21.294496482535642,20.585992634194987,21.12721061706543,19442900
2026-01-12,21.137052132210215,21.274818183246918,20.792639819962613,20.841842651367188,12773900
2026-01-13,20.66471606790125,21.07801046433512,20.418707543283375,20.743438720703125,20012500
2026-01-14,20.6745567845874,21.245296490778983,20.36950673737192,20.43838882446289,14343200
2026-01-15,20.536792001982576,20.684396738075446,20.182539133842855,20.280942916870117,14123900
2026-01-16,19.759404225419292,20.40886656721615,19.661000442169087,20.044775009155273,20501900
2026-01-20,19.69052149303257,19.95621113600672,19.267386552791372,19.48387336730957,19625000
2026-01-21,19.552757147649736,19.670840181068005,18.972176915471326,19.218185424804688,18332500
2026-01-22,19.355950010203863,19.877488737010875,19.336268878574312,19.513395309448242,13934900
2026-01-23,19.38547113256972,19.39530982119661,18.893454117802936,19.119781494140625,17425100
2026-01-26,19.168982660197457,19.287067570902238,18.991856232588276,19.149301528930664,14451800
2026-01-27,19.18866503227476,19.20834616481421,18.84425272041881,19.060741424560547,15257200
2026-01-28,19.109941122481615,19.346109066738,18.706487316431627,18.745847702026367,16930400
2026-01-29,18.76552894616898,19.316587486082494,18.637605346096485,19.080419540405273,18153500
2026-01-30,18.991857362915024,19.13946397930501,18.657285619050956,19.129623413085938,21546200
2026-02-02,19.168982227911204,19.61179828694806,19.090259581515312,19.49371337890625,28367100
2026-02-03,18.75568916370378,18.84425238164304,18.027504164900165,18.69664764404297,33138600
2026-02-04,19.03121938669641,20.2218997306787,19.001697688413184,19.503555297851562,31605000
2026-02-05,19.483873388133436,19.621639431061343,18.48016008620724,18.84425163269043,24443400
2026-02-06,18.834411770505266,19.582277899705893,18.834411770505266,19.33626937866211,14950600
2026-02-09,19.08041923204922,19.306748485282874,18.83441072466583,19.119781494140625,16673100
2026-02-10,19.287067135953013,20.093974730734892,19.287067135953013,19.49371337890625,16196400
2026-02-11,19.5232359709308,19.592118055075748,19.188664239173022,19.44451332092285,14736600
2026-02-12,18.696647281522928,18.952496364287082,17.968462296838506,18.568723678588867,26314000
2026-02-13,18.80489084636055,19.424831457199534,18.755688018899708,18.952495574951172,20576900
2026-02-17,18.863933360166698,19.060740926627687,18.19478988647461,18.19478988647461,20393600
2026-02-18,18.106226863117836,18.421117471310065,17.958622125139737,18.057025909423828,17989700
2026-02-19,18.00782172895707,18.322714190440852,17.968461344331555,18.047183990478516,10709800
2026-02-20,18.155429645643306,18.617924990589227,17.830698472192754,18.293193817138672,19197900
2026-02-23,18.17510894904788,18.362075951498042,17.840537208619615,18.057025909423828,17355300
2026-02-24,18.096385126892713,18.509679492645535,17.712612457585074,17.909420013427734,27599400
2026-02-25,17.417404286675037,18.893455433786613,17.27963823665528,17.919260025024414,48394400
2026-02-26,18.30303354651522,18.87377321548556,18.263671283946792,18.509679794311523,26599600
2026-02-27,18.30303305974191,18.736008551999632,18.116066071306268,18.686805725097656,23565400
2026-03-02,18.4211170142511,18.6671255304094,18.243992459209785,18.401437759399414,18215100
2026-03-03,18.184948929556324,18.75568860774924,18.165267797954083,18.70648765563965,14308700
2026-03-04,18.70648770952024,19.01153774264957,18.37191597890251,18.8737735748291,13774200
2026-03-05,18.94265626402281,19.267387439187356,18.804892091800298,19.031219482421875,16165800
2026-03-06,18.844251501879285,19.178823225830854,18.588402426098913,19.149301528930664,14749900
2026-03-09,18.863933612289593,18.883614744577947,18.20463069579835,18.627765655517578,21087600
2026-03-10,18.60808471965122,18.88361494390837,18.17510918921744,18.490001678466797,18327400
2026-03-11,18.700000762939453,19.040000915527344,18.260000228881836,18.459999084472656,13783400
2026-03-12,18.549999237060547,19.18000030517578,18.450000762939453,18.950000762939453,26132000
2026-03-13,19.100000381469727,19.15999984741211,18.6200008392334,18.93000030517578,12918900
2026-03-16,19.0,19.1299991607666,18.399999618530273,18.68000030517578,18240400
2026-03-17,18.799999237060547,19.010000228881836,18.700000762939453,18.75,12691300
2026-03-18,18.600000381469727,18.8799991607666,18.209999084472656,18.219999313354492,15764100
2026-03-19,18.149999618530273,18.889999389648438,18.010000228881836,18.479999542236328,17067400
2026-03-20,18.43000030517578,18.540000915527344,18.09000015258789,18.270000457763672,49082000
2026-03-23,18.3700008392334,18.670000076293945,18.020000457763672,18.530000686645508,14237100
2026-03-24,18.350000381469727,19.010000228881836,18.18000030517578,18.889999389648438,13790500
2026-03-25,19.1200008392334,20.139999389648438,19.09000015258789,19.459999084472656,21397500
2026-03-26,19.34000015258789,20.139999389648438,19.270000457763672,19.31999969482422,22004400
2026-03-27,19.290000915527344,19.530000686645508,18.920000076293945,19.440000534057617,23556900
2026-03-30,19.579999923706055,19.690000534057617,18.829999923706055,19.049999237060547,24821400
2026-03-31,19.110000610351562,19.329999923706055,18.670000076293945,19.209999084472656,24181400
2026-04-01,19.200000762939453,19.309999465942383,18.639999389648438,18.950000762939453,17760700
2026-04-02,19.0,19.520000457763672,18.639999389648438,19.510000228881836,15191400
2026-04-06,19.510000228881836,19.520000457763672,18.93000030517578,18.940000534057617,13348500
2026-04-07,18.770000457763672,18.989999771118164,18.530000686645508,18.610000610351562,14315300
2026-04-08,19.030000686645508,19.149999618530273,18.520000457763672,18.889999389648438,18862600
2026-04-09,18.829999923706055,18.969999313354492,18.1299991607666,18.3799991607666,19533900
2026-04-10,18.75,18.93000030517578,18.1299991607666,18.260000228881836,13558000
2026-04-13,18.290000915527344,19.420000076293945,18.149999618530273,19.229999542236328,32994200
2026-04-14,18.770000457763672,19.110000610351562,18.520000457763672,18.989999771118164,16728300
2026-04-15,19.18000030517578,19.34000015258789,18.850000381469727,19.229999542236328,12139600
2026-04-16,19.420000076293945,19.850000381469727,19.270000457763672,19.719999313354492,12372100
2026-04-17,19.799999237060547,20.040000915527344,19.65999984741211,19.8799991607666,15876400
2026-04-20,19.790000915527344,20.0,19.59000015258789,19.59000015258789,12694500
2026-04-21,19.68000030517578,21.420000076293945,19.6299991607666,21.09000015258789,25665700
2026-04-22,21.030000686645508,21.3799991607666,20.389999389648438,20.440000534057617,17632900
2026-04-23,20.280000686645508,20.31999969482422,19.860000610351562,20.139999389648438,12813200
2026-04-24,20.34000015258789,20.6200008392334,19.649999618530273,19.790000915527344,17258600
2026-04-27,19.799999237060547,20.110000610351562,19.5,19.760000228881836,10155800
2026-04-28,19.790000915527344,20.09000015258789,19.649999618530273,19.729999542236328,12370700
2026-04-29,19.719999313354492,20.729999542236328,19.6299991607666,20.139999389648438,14764700
2026-04-30,20.100000381469727,20.959999084472656,19.959999084472656,20.860000610351562,17939400
2026-05-01,20.959999084472656,21.049999237060547,20.540000915527344,20.829999923706055,11999900
2026-05-04,20.889999389648438,21.270000457763672,20.579999923706055,20.799999237060547,9584500
2026-05-05,20.90999984741211,21.469999313354492,20.3700008392334,21.149999618530273,17667000
2026-05-06,21.200000762939453,21.700000762939453,20.8700008392334,21.40999984741211,20308600
2026-05-07,21.31999969482422,21.649999618530273,20.889999389648438,20.989999771118164,19750900
2026-05-08,21.079999923706055,22.739999771118164,21.0,22.68000030517578,21551000
2026-05-11,22.780000686645508,22.780000686645508,21.510000228881836,21.670000076293945,22194400
2026-05-12,21.739999771118164,21.739999771118164,20.850000381469727,21.079999923706055,15587800
2026-05-13,21.469999313354492,21.799999237060547,21.139999389648438,21.260000228881836,12318200
2026-05-14,21.459999084472656,21.639999389648438,20.709999084472656,20.770000457763672,17162900
