Date,Open,High,Low,Close,Volume
2020-01-02,98.41400330554282,99.08468110873872,98.24633967235776,98.72018432617188,3293436
2020-01-03,97.37153147453542,98.31193699825909,97.36424200531077,97.932861328125,2482890
2020-01-06,97.2621776408519,97.85994898621279,97.10179769254034,97.75789642333984,2537073
2020-01-07,97.45903347667598,98.38485445858942,97.24762718501165,97.82352447509766,3232977
2020-01-08,98.05676891327252,99.040911059551,97.62666122521074,98.63996124267578,4545916
2020-01-09,98.95344065213433,99.71888724409379,98.6399760370283,99.68243408203125,3902208
2020-01-10,99.8719794698924,100.50620403462558,99.36897699033894,99.64598846435547,3405148
2020-01-13,98.76393883470789,99.60957571038539,98.46505304840919,99.58040618896484,3693426
2020-01-14,99.34708808279929,99.97402890305403,98.81492780412157,99.01174926757812,3850326
2020-01-15,99.14300386930671,100.64472792703604,98.93159176451663,99.59498596191406,4232011
2020-01-16,100.10525536886307,100.73947994146253,99.87927599574988,100.58639526367188,4519661
2020-01-17,99.53665702259048,100.84155953210863,99.25964550288394,100.82698059082031,5881972
2020-01-21,100.46246952584886,101.58511765704186,100.30937321121334,101.45389556884766,7577329
2020-01-22,104.47921241366926,106.2798218552318,103.91788255745303,104.89472961425781,17228038
2020-01-23,105.12072059298012,105.27381690022264,103.62629213103843,104.15116882324219,5918059
2020-01-24,104.53024726306128,104.91660659676802,102.39429890901243,102.46719360351562,5836889
2020-01-27,100.965459115124,102.10998132650597,100.67385709756064,101.05293273925781,4358264
2020-01-28,101.69446972294321,102.4015890275721,101.14771875634867,101.73091125488281,3610374
2020-01-29,101.45389605997099,101.75278176823934,100.30937369679621,100.37498474121094,3194275
2020-01-30,99.69701226970444,99.85009693285429,98.39212171925573,99.70430755615234,5290563
2020-01-31,104.17303996811779,105.0113813600693,102.63486292909059,104.77810668945312,19868352
2020-02-03,105.15715695866525,107.36599959587743,104.90200812257913,106.62972259521484,9295488
2020-02-04,107.7305401150907,108.89692529598692,107.0744528140475,108.70010375976562,5879566
2020-02-05,109.5019746034718,114.77259294054383,109.45823778411001,113.96340942382812,15048593
2020-02-06,114.32060391621334,115.72755864072461,113.30000848597541,114.27685546875,8786923
2020-02-07,113.84227221008933,114.5715182695275,112.6416050425814,113.00254821777344,6718876
2020-02-10,112.67844463301766,113.76125070064225,111.65456326774087,113.75389099121094,5480831
2020-02-11,114.26214990519404,114.33580578568434,112.50166267259085,113.05412292480469,4011515
2020-02-12,113.25299735695327,114.61571929350129,113.08358295693898,114.402099609375,4641939
2020-02-13,113.7097021114636,114.0485309205348,113.00255862749364,113.66549682617188,3996452
2020-02-14,113.74650287916783,113.84963284990856,110.32129931377737,111.00634002685547,6379763
2020-02-18,110.33605750119757,111.5072507376968,110.22556779505096,111.3010025024414,3496778
2020-02-19,111.62510178700393,111.88291499687243,110.71908157608205,111.12420654296875,2858613
2020-02-20,111.08739752444352,111.6840396022279,110.12981220777644,111.389404296875,3013003
2020-02-21,111.25679304892702,111.25679304892702,109.6362579961554,110.37286376953125,3699597
2020-02-24,107.18335373770451,109.05433022995112,107.08759523719648,107.86102294921875,5703210
2020-02-25,107.91996714981671,108.33246352675994,104.05279304170901,104.38426208496094,6497229
2020-02-26,105.26082044061609,106.1152873036142,102.83002392910981,102.94051361083984,5656663
2020-02-27,101.09165069981047,102.15972557816035,97.97581311714981,98.04946899414062,8808471
2020-02-28,95.74387401201989,96.56150693879513,93.07736736572659,95.86909484863281,13607832
2020-03-02,96.31109793531843,99.02917064832626,94.24860376760715,98.92604064941406,8923844
2020-03-03,99.05861478133343,100.25191047605152,94.13809674155989,94.9483642578125,8259321
2020-03-04,96.92247082848475,98.91129710349952,95.02202572878652,98.86710357666016,5226234
2020-03-05,96.12694952920116,97.44547225061493,94.61690973802997,95.42717742919922,5696725
2020-03-06,93.3278376275803,94.52850489612858,91.72203950361283,94.08654022216797,8570192
2020-03-09,88.5104378383023,90.16780085544214,86.38901341149777,86.7794189453125,11252345
2020-03-10,90.4403488021225,91.98721630983998,85.26937692501329,91.90618896484375,11935592
2020-03-11,89.13654980550889,90.2930175431652,85.72606541213057,86.89727020263672,8835039
2020-03-12,80.76873433988412,80.87922404717698,75.33995460007795,75.73035430908203,13088284
2020-03-13,80.05421793971658,80.40778967359287,74.25713578383457,79.51649475097656,13077197
2020-03-16,72.18728213744232,79.11873593925665,69.97747037729754,72.98281860351562,11054128
2020-03-17,74.10982253129316,79.11136858184463,71.52433642231838,78.55891418457031,9684182
2020-03-18,73.22586703305575,78.76513432893869,73.21850144732089,76.2754135131836,9176035
2020-03-19,75.3767512575689,76.37853555273017,72.3640386649072,73.9109115600586,8782739
2020-03-20,74.33815479665752,74.38971978471872,69.76383716787407,70.26473236083984,11031639
2020-03-23,69.68281594471638,71.99575138257536,66.70693063873446,69.80803680419922,10176952
2020-03-24,73.65311476342862,78.10957128518768,73.11539162973872,77.69707489013672,8340699
2020-03-25,77.69707538879668,82.85330975183481,75.7450713302248,77.96961975097656,9052084
2020-03-26,78.75042885356423,83.34684389158063,77.76338125941673,83.15532684326172,7482561
2020-03-27,79.9805550378954,82.13144188372256,79.29551422208198,79.57542419433594,6718458
2020-03-30,79.61961612431654,83.57518359563565,79.41336791276346,83.18478393554688,5820467
2020-03-31,82.49974327837495,83.8329969465013,81.15175843487782,81.71157836914062,6635092
2020-04-01,78.34530829874949,80.96762261507097,76.98995172758254,77.44664764404297,6394093
2020-04-02,77.61606348220697,81.26225913652401,77.4466431857685,81.02654266357422,6619820
2020-04-03,80.23101351771297,81.07810913694496,77.2845898832622,78.33057403564453,4747585
2020-04-06,81.28434201068285,85.17361318357455,81.12228733062348,84.57696533203125,7357773
2020-04-07,87.50866052089604,88.07584608214314,84.61380800909464,84.66536712646484,5852684
2020-04-08,85.6745030130876,88.3631068481004,84.76111144626587,87.86958312988281,5395896
2020-04-09,88.74614710124816,90.54346801296973,88.51780213272522,89.49748992919922,5832705
2020-04-13,89.59324914432236,89.71847001077765,86.9488327467957,89.23967742919922,5355206
2020-04-14,90.94121319148452,92.20817037685049,90.32246283132677,91.2726821899414,5322780
2020-04-15,87.7443713490228,88.53253626230256,86.00598095746645,87.42762756347656,5896616
2020-04-16,87.66334185757422,88.20843060590698,84.28232555443692,85.24727630615234,6754650
2020-04-17,87.87694540405413,88.67984725782635,86.86042977973273,88.48096466064453,5194436
2020-04-20,87.76649510292808,90.49929946115452,87.02252348719476,88.69461822509766,8558058
2020-04-21,83.97294087847304,86.29324169347713,82.54392305180176,86.00596618652344,15009054
2020-04-22,88.29682542314107,88.63566009243839,86.58790326616779,87.88432312011719,7412479
2020-04-23,88.07584407161083,90.62449624494607,87.7443749752815,89.38700103759766,7198154
2020-04-24,90.16781273991425,92.07561774312413,88.9524142094898,91.86936950683594,5215251
2020-04-27,92.4881018519998,93.54145141502316,92.42181156385914,92.75328063964844,5150295
2020-04-28,94.30752657522301,94.4327474516241,92.35552227783302,93.01110076904297,4997893
2020-04-29,94.93363032673692,95.25037410762658,93.93921721510245,94.7936782836914,5499450
2020-04-30,93.19524923764165,93.74770359907912,92.2376640291616,92.48810577392578,6941047
2020-05-01,90.74235706800319,90.94860528872329,89.4164689309599,89.77003479003906,5152073
2020-05-04,88.99657674486588,89.84367203902026,87.94323328625595,89.63005828857422,4202723
2020-05-05,90.8896700231796,91.57471669876537,90.2119948135762,90.29302215576172,4078772
2020-05-06,90.77918210018719,91.37582997923629,90.16780304561026,90.72762298583984,4042372
2020-05-07,91.80256395624819,92.01157822827022,90.21255189194012,90.4962158203125,4615580
2020-05-08,91.57113349650658,91.98916193519813,90.36929279947265,91.81000518798828,5232615
2020-05-11,90.92916469900636,92.15339861530721,90.07817304830446,91.51142120361328,3697924
2020-05-12,91.82495195778533,92.80284989145731,89.77212524414062,89.77212524414062,5004587
2020-05-13,89.5407091242801,89.57057255854636,85.73364251016905,86.39054870605469,6153409
2020-05-14,85.52462134374001,87.40576139095067,83.46432453420474,87.30125427246094,5501332
2020-05-15,86.53984774652957,87.62971118543045,86.03223489470341,87.32365417480469,5006470
2020-05-18,89.48846217948852,91.33973901978017,89.39141941787163,90.7425537109375,4399162
2020-05-19,90.46633709326599,91.19789283072485,89.68253077867278,89.79450225830078,3390191
2020-05-20,90.27224916865511,91.42183332093066,90.02590715436872,90.60816955566406,4017372
2020-05-21,90.3170554686362,90.86199019416006,88.80916344721697,88.92113494873047,4184941
2020-05-22,89.10776906054967,89.18241872481272,87.77902767402462,88.37621307373047,4373117
2020-05-26,90.54846850228292,91.53382486101644,90.33198986958507,90.89185333251953,5720888
2020-05-27,92.51919133619049,93.93004065414847,92.1683421205847,93.71356201171875,5990965
2020-05-28,94.70637013425949,94.78101381891524,92.72818738973469,92.9595947265625,4095404
2020-05-29,92.31762313295465,93.40748645618403,91.25014695788511,93.23579406738281,8294675
2020-06-01,93.04171138817895,93.87030992624683,92.58635511281565,93.22833251953125,3003798
2020-06-02,93.81058850536643,94.05693054199219,93.05663961541204,94.05693054199219,3115093
2020-06-03,94.91539777932987,96.7442814986098,94.8034262793247,96.3337173461914,4097914
2020-06-04,95.38568646896789,96.25907135082748,94.81835862066956,96.21427917480469,4042581
2020-06-05,99.94668269957094,100.20049506689136,98.34921246542763,98.58061981201172,6163764
2020-06-08,98.73739937562492,101.43220969812556,98.73739937562492,101.33516693115234,5617543
2020-06-09,99.6704799166141,99.73019486133019,97.80426875029245,98.43878173828125,5641706
2020-06-10,98.64780701412394,98.70752792272984,96.89357308695156,96.9458236694336,4952601
2020-06-11,94.07935300375021,94.13160955771512,87.9656519214288,88.0925521850586,12304726
2020-06-12,90.5111365727755,91.90705693263124,89.04056061087255,91.00381469726562,6506434
2020-06-15,88.97337664260525,91.3471948747665,88.3015417434802,90.80973052978516,5385959
2020-06-16,93.31042234048606,95.1766272129781,91.93689545901677,93.42239379882812,5864608
2020-06-17,93.93002522406248,94.2435525385037,92.1160704417572,92.67593383789062,3302013
2020-06-18,91.8174825855406,92.86255978777011,91.31734007030452,92.68340301513672,2997208
2020-06-19,94.18382586382214,94.66903958598364,91.25760883715812,91.42183685302734,8471554
2020-06-22,91.16057643213765,91.44424032935879,89.97367025958488,90.37677001953125,4993081
2020-06-23,91.07846658684055,91.74283716715395,89.00324678208932,89.13761138916016,6937700
2020-06-24,88.32393612933116,88.32393612933116,86.50251107637062,86.9056167602539,7061546
2020-06-25,87.15940889932735,88.98829814653021,86.66673084062661,88.85392761230469,6412608
2020-06-26,88.27915818723913,88.82409291724636,86.78618893558033,87.48042297363281,11244605
2020-06-29,88.07014165645,89.41381156550251,87.61478533154263,89.39141845703125,4350837
2020-06-30,88.97337667561327,90.47381013518837,88.83154770973988,90.15282440185547,4099797
2020-07-01,89.77957834181372,90.49619942422318,88.36125895692275,88.4881591796875,4869967
2020-07-02,89.34662346033522,90.63804274215748,89.02563771079238,89.35408782958984,3919362
2020-07-06,90.5111252376049,90.95901113621521,89.17491403801336,89.7198486328125,4231488
2020-07-07,88.83155136356041,89.21225802077167,87.58492426614298,87.77154541015625,4474893
2020-07-08,88.12987741515394,88.5628347473239,86.95042939340962,87.86860656738281,5431669
2020-07-09,88.0850735137445,88.0850735137445,85.99491892406928,86.37562561035156,4982098
2020-07-10,86.21885416083337,88.51056439894522,86.06209645291419,88.3463363647461,4482842
2020-07-13,89.41379811222961,90.31704029945305,88.57773524031212,88.9808349609375,4864632
2020-07-14,88.54787517244146,90.24239397173002,88.02533365885417,90.02590942382812,4742982
2020-07-15,91.36958247375007,92.53410139160924,91.18296730592888,91.81747436523438,4679176
2020-07-16,91.57862088038063,92.92229086495291,91.19044981626858,92.57144165039062,4530121
2020-07-17,92.85509256482956,93.78073387592043,91.96677905525557,93.39256286621094,4167892
2020-07-20,94.10918095250324,94.8556654724722,93.41495297009907,94.3331298828125,10384374
2020-07-21,97.9087733753947,98.66272219087439,93.90762197870114,94.1017074584961,16063004
2020-07-22,93.9822800465759,96.64722642749221,93.90763040368128,96.05004119873047,8572388
2020-07-23,96.37102793325002,96.57257780114874,94.91538668887168,95.04975128173828,4414225
2020-07-24,94.41526190784991,95.28864681825083,93.68370598555911,93.90018463134766,3693531
2020-07-27,93.20594988406752,94.29581336270357,93.09397838411704,94.21369934082031,3905136
2020-07-28,93.92255180140646,94.3107227654884,92.67592490411296,92.91480255126953,4370397
2020-07-29,92.98199623778785,94.04947251123784,92.61622427831539,93.54932403564453,2963109
2020-07-30,92.34748393596946,92.48931289887646,90.80226429544699,91.74282836914062,4171553
2020-07-31,91.60099742805286,91.81001166213765,90.3916922777086,91.77268981933594,5519847
2020-08-03,92.19072238582443,92.8700216553969,91.1829730134029,92.79537200927734,3688301
2020-08-04,92.42959298251851,93.95241943504924,92.42959298251851,93.93748474121094,3625541
2020-08-05,94.60187474529145,94.61680348407316,93.01932716206119,93.64636993408203,3786102
2020-08-06,93.31044437575909,94.25101437946196,93.31044437575909,94.1465072631836,3574287
2020-08-07,93.39780612970958,94.58513465668504,93.17849309107996,94.50194549560547,3818946
2020-08-10,94.84984040274878,96.22622781532341,94.66833783743365,96.12791442871094,4150842
2020-08-11,97.37572504431468,98.66892911424947,95.74977638120475,95.85565185546875,5231255
2020-08-12,96.50602653014523,96.64215644741653,95.1977043220451,95.81783294677734,3692066
2020-08-13,95.25819598536023,95.58339052052555,94.35825150740403,94.55487823486328,3317180
2020-08-14,93.92718830773923,94.95569456659445,93.70786923670917,94.73638153076172,3099716
2020-08-17,94.72126251137841,94.9783921077664,94.08600364067773,94.10869598388672,3514665
2020-08-18,94.5321901685239,94.91031941201376,93.95743420123506,94.47168731689453,3014990
2020-08-19,94.40363417487838,94.91032521948776,93.39780815297878,93.65493774414062,3916119
2020-08-20,93.17092659156401,93.80617937041363,92.87598650812731,93.13311004638672,2679015
2020-08-21,93.02724242525841,93.38268538982366,92.49786506492492,93.14068603515625,3540815
2020-08-24,93.61713489984588,95.33384105598994,93.29194633843292,95.04646301269531,4258057
2020-08-25,95.288453419006,95.90858202961941,94.1465035293959,94.25994110107422,3114674
2020-08-26,94.49439681172237,94.62295860517563,93.7381381874598,93.90451049804688,3544162
2020-08-27,94.2296913194449,94.60782057633234,93.76081079949655,94.26750183105469,3580144
2020-08-28,94.50194725094943,94.75907080611967,93.94231545525358,94.58513641357422,3242182
2020-08-31,94.72127375197208,94.72127375197208,93.04237812634135,93.25413513183594,5049983
2020-09-01,92.90626470590493,93.73815050898163,92.37688722045544,93.32220458984375,3300444
2020-09-02,93.56418668043817,97.3303491145983,93.45831120977802,96.93709564208984,6895650
2020-09-03,96.94467380944135,98.27568856858677,93.51126142337289,94.11627197265625,5979773
2020-09-04,94.04063840115525,94.79689700910119,91.68867340621958,92.49031066894531,6295037
2020-09-08,92.38443318346059,92.92137267951675,91.28785581165371,91.66598510742188,5449974
2020-09-09,92.36175435914025,93.54908317714397,91.72650139460215,92.46006774902344,3944152
2020-09-10,92.6642541730506,93.45832332352508,90.93242383495382,91.17442321777344,4161406
2020-09-11,91.80211441196256,92.79281026327153,91.30297939958596,91.85504913330078,3711313
2020-09-14,92.53567076447192,93.30705347454384,92.08192048927478,92.33148193359375,3809009
2020-09-15,92.88355414602948,93.3221802287303,92.44492202813117,92.59617614746094,3049299
2020-09-16,92.80038687492674,95.1523461354142,92.80038687492674,93.94233703613281,3962666
2020-09-17,92.73229521092,94.94812992228388,92.2407284014226,94.47168731689453,3317180
2020-09-18,93.97257611564586,94.47170512126436,92.75499899791726,92.83818817138672,5639614
2020-09-21,91.11391395701239,91.28029229301778,89.67702989761356,90.93997955322266,5555724
2020-09-22,91.0004743879812,91.84748422026068,90.39546995143775,91.13660430908203,3093859
2020-09-23,91.35592134444876,91.95336370422478,89.56358822992263,89.86609649658203,4120612
2020-09-24,89.31401199203339,90.38789684852678,88.08887302721267,89.30644989013672,3709325
2020-09-25,88.93590379499798,90.3047290548602,88.43677477575967,89.95684814453125,3089570
2020-09-28,91.18196882414622,92.51298329443473,91.06096915462834,92.0592269897461,3670623
2020-09-29,91.81725028018568,92.40713060406544,90.90973744714086,91.46180725097656,2203504
2020-09-30,91.79455716884951,92.95163141887703,91.35592499283463,92.01387023925781,3411111
2020-10-01,92.5356886105654,93.24657463981514,91.02317734288204,91.57524108886719,3359438
2020-10-02,90.02490217270179,92.0743587615939,89.85852384144184,91.18197631835938,3059759
2020-10-05,92.14244191553018,92.83063564955815,91.54499946781793,92.27100372314453,3190823
2020-10-06,92.70205636390028,94.40363813510412,91.95335990175478,92.24073791503906,4050426
2020-10-07,92.77011954642082,94.07087966650272,92.50542784671195,93.8288803100586,2944908
2020-10-08,98.96388776434775,102.4729213834666,98.13956408901569,99.4403305053711,26452189
2020-10-09,99.82600293409645,99.82600293409645,96.49846648536104,96.64215850830078,8737970
2020-10-12,96.85392014328606,96.9900440432829,95.62121879892095,96.20353698730469,4848315
2020-10-13,95.71952944692148,96.15816161918,94.12382906974265,94.60783386230469,5654781
2020-10-14,94.6305135964414,95.99933870658448,94.6305135964414,95.24308013916016,3899593
2020-10-15,93.83643862269766,94.69857261120391,93.6624981974802,94.44900512695312,3541024
2020-10-16,94.66077095581794,95.61365635802959,94.27507953278933,95.23552703857422,4927078
2020-10-19,95.89345499131595,96.30939475357881,94.5926949538698,94.92544555664062,7822720
2020-10-20,90.59965317097978,90.86434485872738,88.36113206663958,88.76194763183594,22490151
2020-10-21,88.22500657119672,89.00395138026215,86.81080293022677,87.0149917602539,10204044
2020-10-22,86.96963017129183,87.77126138859805,85.44198876835125,87.54438018798828,8217167
2020-10-23,88.10400512398893,88.19475639007605,87.3704389279154,87.72587585449219,4072496
2020-10-26,86.55368489214308,86.89400367770395,84.57985524852396,84.86723327636719,7534756
2020-10-27,84.81429377554004,84.86723453404223,83.21103130659083,83.61184692382812,6209161
2020-10-28,82.17496380088913,82.98415720799326,80.1028145368824,80.6548843383789,9860956
2020-10-29,81.10861866660304,82.91607569364501,80.57923532119119,82.36400604248047,7071169
2020-10-30,81.60018500165354,84.54958578858731,81.48674743834025,84.44371032714844,8285889
2020-11-02,85.19241135604909,86.0847937428351,84.88990915892828,85.3890380859375,5555829
2020-11-03,86.21335854773982,87.46118383937693,85.93354266723476,86.33435821533203,4397698
2020-11-04,84.95042346485926,86.14530820985217,84.06559702587793,84.62522888183594,6066905
2020-11-05,85.68398328943465,87.18893829767654,85.46467023960568,86.79568481445312,5127701
2020-11-06,87.03012885392847,87.04525306058561,85.752054933824,86.24362182617188,5490663
2020-11-09,90.4403405852655,91.86737941229464,88.4378892953419,88.63736724853516,9405841
2020-11-10,89.52733888664335,90.662826325392,89.18975707206381,90.46334838867188,5881449
2020-11-11,90.62446942852773,90.80093209685512,89.16674365951465,89.91862487792969,4486922
2020-11-12,88.71408748240633,89.28183432700618,87.06456150157541,87.84712982177734,6797117
2020-11-13,88.37649424168421,90.04904128849142,88.23839649836323,89.65008544921875,4898000
2020-11-16,90.76257996388567,90.95438617425022,89.85725734495843,90.8086166381836,5536896
2020-11-17,90.2255223883442,90.94671052464966,89.81889470921921,90.30224609375,4324687
2020-11-18,90.31757285226394,91.20755175078808,89.57336345652303,89.58870697021484,4818713
2020-11-19,89.41225906646086,90.11043186577443,88.91356420980833,89.90328216552734,3597822
2020-11-20,90.22552100951073,90.56309673634043,89.52734815868291,89.71915435791016,5255418
2020-11-23,90.09509234224099,92.46581248644911,89.97233197000185,92.13590240478516,5910318
2020-11-24,92.72666016507361,95.69582014763986,92.6883013772376,95.45797729492188,8109115
2020-11-25,94.3148102133052,95.38892353309171,93.68568328620552,95.2891845703125,4326151
2020-11-27,95.28919150180924,96.14080556448916,95.06669216656981,95.4042739868164,2187395
2020-11-30,95.21247150794846,95.90297256756305,94.43757498998927,94.7674789428711,6263448
2020-12-01,95.05902026876217,96.53976130211973,94.42989941953888,94.49127960205078,5553319
2020-12-02,94.25342542055876,95.62675556144528,93.91584976410702,95.61141204833984,3860472
2020-12-03,95.25848844269804,95.79554814716167,94.59100887452905,94.83651733398438,4757417
2020-12-04,95.11273518744797,97.7289699782699,94.85954880535091,97.59086608886719,5776849
2020-12-07,97.04613612170385,97.4143988565717,95.57306681409769,95.67280578613281,8701151
2020-12-08,96.1484835709381,96.92338010911695,95.6267734143995,96.44770050048828,5643170
2020-12-09,96.51675312478572,97.96680723483871,96.44002942168363,97.27630615234375,6813121
2020-12-10,96.93871788539579,97.38370428491959,95.85692666934882,95.87227630615234,5024147
2020-12-11,95.19712599025519,96.2942546802373,94.83652889110627,95.3428955078125,4687544
2020-12-14,96.14846904477622,96.85431965444988,94.72910831402486,94.77513885498047,5282300
2020-12-15,95.43495392862255,96.6164779663086,94.70609416257001,96.6164779663086,4556585
2020-12-16,96.61648105336451,97.10750412526993,96.12545798145909,96.32493591308594,4738485
2020-12-17,96.73156353350134,96.73923529066306,95.83391284118052,96.32493591308594,3962248
2020-12-18,96.35562918482316,96.97707825196522,95.87994962664688,96.55510711669922,7900229
2020-12-21,95.11273243276764,95.27384546878875,93.38647672421324,94.66773986816406,6397022
2020-12-22,94.60635238790616,95.3045251055402,93.91585142696067,94.83651733398438,4535561
2020-12-23,95.0436622247001,96.06407316272058,94.9362515137575,95.05900573730469,2817819
2020-12-24,95.90298112531659,95.97970483272269,95.29687546996169,95.6651382446289,1842111
2020-12-28,95.97969114186586,97.13052209795003,95.4886680563051,95.7648696899414,3781499
2020-12-29,96.17149564968372,96.27123461653687,94.55265078559685,94.9822998046875,3647402
2020-12-30,94.98229183937103,95.78787526388088,94.85185973177802,95.39659118652344,3535794
2020-12-31,95.30453367987741,96.69320748339283,95.1280710147431,96.578125,3738822
2021-01-04,96.55510383142378,96.60880612979561,94.39920543999771,95.08970642089844,5417443
2021-01-05,95.91064702035904,97.19191020167648,95.6037583322083,96.7776107788086,6395872
2021-01-06,97.36068500621461,101.18145864368256,97.22258113964548,99.19435119628906,8322708
2021-01-07,99.76977112146746,100.09200941939538,98.40411260206353,98.96418762207031,4714740
2021-01-08,98.64195411867651,99.21737264555848,97.42206512732758,98.61126708984375,4891305
2021-01-11,98.16627635900771,99.49357609833103,97.94378315046613,98.64962768554688,5859587
2021-01-12,99.04091313454174,99.62400343717826,98.15860592313476,99.13298034667969,3921663
2021-01-13,99.08693583067965,99.54727185490664,97.0231046625692,97.37602996826172,8030874
2021-01-14,98.2199851001879,99.86183914153935,97.85938801277901,98.94884490966797,7848347
2021-01-15,98.4194650181123,99.15599659978947,97.95145719534129,98.50386047363281,5131153
2021-01-19,99.1866910909241,99.42453396032043,98.27369677200059,98.98721313476562,5646308
2021-01-20,99.50892328666777,100.55234355175601,98.6342878121984,99.80046844482422,5856240
2021-01-21,99.83114498649198,101.45766151971313,99.77744268870923,101.00499725341797,13116003
2021-01-22,92.6039073062162,92.6039073062162,90.0413810499459,91.00041198730469,39814421
2021-01-25,91.11549186102825,91.71392567931953,90.1104304064143,90.9773941040039,14315974
2021-01-26,91.43772300516763,94.05395758317803,90.85463270841535,93.97723388671875,11186656
2021-01-27,93.66266666091134,95.74184133535033,93.30974135646822,93.96188354492188,12705239
2021-01-28,94.21507220988842,94.52196085827937,92.12054784748575,92.12821960449219,8455969
2021-01-29,92.23563966940871,93.06424461444774,91.2229064148505,91.38402557373047,12369473
2021-02-01,91.99013227790842,92.79571583654409,91.09248150205339,92.48115539550781,6538023
2021-02-02,91.5758253438889,92.83407312745034,91.51444516321104,91.63719940185547,6633627
2021-02-03,91.33032818162624,91.91341857990608,90.62448352126445,91.39170837402344,7024308
2021-02-04,91.99777578486953,92.91076979611128,91.19986422913425,92.84939575195312,4771957
2021-02-05,92.8340723637788,93.4555214318459,92.46580352816368,93.44017791748047,4775722
2021-02-08,94.07696444013109,95.12039069959329,93.90817354756128,94.83651733398438,6158848
2021-02-09,94.7743331420254,95.31856335358462,94.1134764094985,94.92982482910156,4933982
2021-02-10,95.6528629430584,95.9483101384411,94.23785837799937,95.03865814208984,5090673
2021-02-11,94.8520765646808,95.01534873158568,93.78693895629296,94.00463104248047,5629154
2021-02-12,94.07459577668558,94.35448202677198,93.36708726452414,93.91909790039062,4049275
2021-02-16,93.41373236935762,93.76359325898683,92.79952759091071,93.35153198242188,6945231
2021-02-17,92.7295673033487,93.73251069540382,92.53519804414246,93.2738037109375,4141219
2021-02-18,93.68586292658875,94.02794958867854,93.06387758851832,93.86467742919922,5646413
2021-02-19,93.88025359561456,93.88802787121755,92.03763239164394,92.51189422607422,6881320
2021-02-22,92.13090381429643,94.17566801397908,92.08425817388735,93.96574401855469,6149643
2021-02-23,94.01240088234829,94.34671327004416,93.1416263741419,93.84912872314453,4739740
2021-02-24,93.9190983861559,96.010508226426,93.70140632183927,95.79281616210938,6087720
2021-02-25,95.91721924986581,96.67914774709233,95.11641938218015,95.21749114990234,5953623
2021-02-26,95.04642987423932,95.04642987423932,92.4263385965461,92.4652099609375,9467346
2021-03-01,93.5692364890293,95.10086770721631,93.18827845746979,93.87245178222656,5977367
2021-03-02,93.8724365797739,94.77431424400044,93.49925288248699,93.55367279052734,4732418
2021-03-03,93.6858638275874,95.34188344168315,93.281576766444,95.13196563720703,7744898
2021-03-04,94.85207697307146,95.80060047279473,92.3330570136459,93.38265228271484,8439651
2021-03-05,93.79470413036475,96.21265207544086,93.4914888530516,95.49737548828125,7268968
2021-03-08,95.6217765870998,98.62283247112525,95.53625336902243,97.03678131103516,7572203
2021-03-09,97.49548997703941,98.29628979391569,96.53141800553725,96.54696655273438,5867014
2021-03-10,97.22335878767309,99.70350684719251,96.88127218149295,99.41584014892578,7581199
2021-03-11,99.58688883143583,100.01450485459786,98.56839705763839,98.8482894897461,5383657
2021-03-12,98.8871840837657,99.26814835547466,98.43625134098849,99.2137222290039,4194565
2021-03-15,99.33812675860578,100.10004912608505,99.15930602788599,99.96788024902344,3577948
2021-03-16,99.73464029147055,99.9212352983495,99.00380881377313,99.70353698730469,4867247
2021-03-17,99.87456153997853,100.67536131622816,99.12040740295382,100.3177261352539,4488804
2021-03-18,100.24776335995489,101.84936310238284,99.3536659946995,101.11853790283203,6104142
2021-03-19,101.08743552156456,101.41397985594489,99.92900041642523,100.21666717529297,10297870
2021-03-22,99.90567098362922,101.63167152982713,99.43141544143509,101.49949645996094,4356485
2021-03-23,101.41397873449314,102.28474707113564,100.91639416875668,101.42952728271484,4556794
2021-03-24,101.81047128057088,102.7123427387889,101.51503030954116,101.55390167236328,4189230
2021-03-25,101.32845876458241,103.59091530755543,100.89306837776877,103.458740234375,5809484
2021-03-26,103.62977516260713,106.10992352109487,103.49760630864371,106.03218078613281,5823710
2021-03-29,105.72119045666659,106.56864215201865,105.35578096999838,105.62789916992188,4835344
2021-03-30,105.6278987851718,105.94666262730655,104.19733312117836,104.74156951904297,5010758
2021-03-31,104.60160809324462,104.7337893472955,103.17882927658249,103.6064453125,5172575
2021-04-01,103.99520508661558,104.12736775416273,102.83676372259222,103.58313751220703,4261404
2021-04-05,103.90189782736617,106.27319405006855,103.715302846358,105.68231201171875,5722980
2021-04-06,105.41019225014695,105.45685030149905,104.2517572166563,104.35282897949219,3787566
2021-04-07,104.05739304933535,104.91261904063599,104.01074740476017,104.90483856201172,3112896
2021-04-08,104.62494283961786,105.44906545560212,104.30617901688129,105.05255889892578,4275211
2021-04-09,104.85821051864832,105.53461591022685,104.733822112235,105.52684783935547,3162999
2021-04-12,104.97480768232184,105.24692587487264,104.06516182045235,104.64049530029297,3926684
2021-04-13,103.40429904045102,103.88633497425637,101.36730928205131,101.98928833007812,8403041
2021-04-14,102.0903658711583,103.23325848614768,101.47616106105399,103.11663818359375,6137928
2021-04-15,103.62202580942736,104.0807390786602,102.79790298441083,103.07778930664062,4062664
2021-04-16,103.40432246507197,104.25954850324233,103.3654448879336,103.86302947998047,5535223
2021-04-19,103.87078810452904,104.04183452729768,103.07776258654616,103.49760437011719,8575736
2021-04-20,106.56864023880742,108.66781824344226,106.28097349625757,107.41609191894531,16192708
2021-04-21,107.33833866193334,111.74663116285524,107.06622046210472,111.60668182373047,12456814
2021-04-22,111.72332130837327,112.53189556818955,109.6241429065651,109.84183502197266,7428064
2021-04-23,109.86510511818062,111.65329934460769,109.58521891948342,110.73588562011719,4765576
2021-04-26,110.72812503643136,111.66888035931623,109.99730611612874,110.06726837158203,4927497
2021-04-27,110.16057363376089,110.83697885493208,109.42974229396604,110.40936279296875,4062664
2021-04-28,111.11686292367197,111.49005285967581,110.47933528677189,111.17906951904297,3941433
2021-04-29,112.05761947906858,115.64178946951263,111.16352210114876,112.14314270019531,4554179
2021-04-30,111.72328544528739,111.82435719532047,109.27423442177242,110.30828094482422,9280321
2021-05-03,111.80881862522303,113.31712694208372,111.606675107122,112.5396499633789,5997241
2021-05-04,112.27531632057789,113.97020726096409,112.21310972187263,113.31713104248047,6642623
2021-05-05,113.46482172846012,113.46482172846012,112.7106739248572,112.90503692626953,5229895
2021-05-06,112.93618822033666,115.4629953148744,112.87399401548156,115.39302062988281,7848661
2021-05-07,114.71688488391186,114.88984244032882,113.65556240898323,114.3552474975586,7325661
2021-05-10,114.6225407439957,116.65085208899349,114.6225407439957,114.91342163085938,7304636
2021-05-11,113.985768387355,114.14300368837704,112.342683959701,113.38041687011719,7454214
2021-05-12,113.0816779979521,113.32537953277914,110.95903286148045,111.08482360839844,6233742
2021-05-13,111.20273541050739,113.91499694374649,111.06908981385251,113.34110260009766,4807207
2021-05-14,114.08009789982061,114.53608151100921,113.17601063638196,113.74205017089844,2873780
2021-05-17,113.55335823671106,114.62253554516528,113.4668794608791,114.08008575439453,4471755
2021-05-18,113.82066144135672,114.22947822789074,112.60211613609665,113.13671112060547,4000009
2021-05-19,111.88670063311564,112.57851831510162,110.7860661941371,112.57066345214844,4498532
2021-05-20,112.51562936224694,113.92286695996245,111.76091003716385,113.11311340332031,4301675
2021-05-21,113.42757501644456,114.54391909460097,113.42757501644456,113.78919982910156,4219041
2021-05-24,114.04077936851054,114.30020313243092,113.34894920418097,113.77347564697266,3449290
2021-05-25,113.93070795631958,113.9935970431874,112.57850475474096,113.04234313964844,4118311
2021-05-26,112.81438556377609,113.19960011628031,112.45274814951797,112.72003936767578,3225655
2021-05-27,113.06596374511719,113.81281577290015,112.91659584910187,113.06596374511719,5889294
2021-05-28,113.37256423402528,113.46689788786865,112.80652466784699,113.00305938720703,2651192
2021-06-01,113.99362557418762,114.64614393071764,113.01092688125908,113.35684204101562,2528705
2021-06-02,113.69486382286729,114.5832286589943,113.29391451604654,114.55963897705078,2915097
2021-06-03,113.92285706516127,114.68543118697383,113.23889430467355,114.42599487304688,4320608
2021-06-04,114.77977669037227,115.9983344769945,114.59109685597726,115.89613342285156,3261323
2021-06-07,115.99836652663795,116.93389854629714,115.69961814475988,116.36785888671875,3621984
2021-06-08,116.44644644007631,118.08166324721482,116.44644644007631,117.19329833984375,5313785
2021-06-09,117.16185490533002,118.76562718104762,116.99675221232383,118.45115661621094,5547252
2021-06-10,119.08009054266432,120.15713533616844,117.73575454044561,118.34896087646484,4977391
2021-06-11,118.26246934143767,119.37882597385104,118.21530252399292,118.93070983886719,3596462
2021-06-14,118.4826110022827,118.73417994642045,116.87098372984747,117.94802856445312,3498661
2021-06-15,117.80653759822324,117.85370443138439,116.82382622830714,117.42131042480469,2628912
2021-06-16,117.73575363723896,117.73575363723896,115.7388993550248,116.21846008300781,4057329
2021-06-17,115.99834802240825,116.39928487500067,114.21375052420909,114.46533203125,4568300
2021-06-18,113.58484851530207,113.74208385718606,112.4527816586972,112.51567077636719,9577699
2021-06-21,113.2939249018992,115.62097195273226,113.25462549199491,115.29077911376953,4482633
2021-06-22,115.18857573186283,115.41656751459433,114.26876628590063,115.06279754638672,2549102
2021-06-23,115.11784195371047,115.17287619457241,113.65558242496267,113.68702697753906,3349920
2021-06-24,114.6225444300366,114.92916014826537,113.74991428908803,114.33953094482422,3775746
2021-06-25,114.29238403631562,115.51092951972588,113.95433625827812,115.440185546875,3759533
2021-06-28,115.57379904812854,115.80177827576664,113.9228600356331,114.22159576416016,4067789
2021-06-29,114.19800310364987,115.3615265374774,114.07222492553012,114.42599487304688,2540211
2021-06-30,114.09581292590478,115.51090539844039,113.76563262919267,115.24361419677734,3394375
2021-07-01,115.53451920914759,115.95904578478854,115.22791598520097,115.440185546875,2809661
2021-07-02,115.49520129410512,115.52665839428293,109.63829578668785,110.07854461669922,17584515
2021-07-06,110.05493749795623,110.39298520504249,107.78292464312125,109.10368347167969,8466010
2021-07-07,109.08799472812166,110.3222751566059,109.08799472812166,109.92132568359375,4246446
2021-07-08,108.31751478410618,111.09266537098675,108.2231811458214,110.64456176757812,5739820
2021-07-09,111.20274774601675,111.61941940317699,110.72318698879667,111.25778198242188,4083689
2021-07-12,111.18702114388509,111.60368023712451,110.15714315810509,110.78607177734375,3496360
2021-07-13,110.78606631831346,110.78606631831346,109.7719232046139,110.28292846679688,3309858
2021-07-14,110.62887841044115,110.6524555544541,109.22164036988958,109.92132568359375,4606061
2021-07-15,109.5282152261735,110.42444761129875,109.1194109937178,110.41658020019531,3807126
2021-07-16,110.84897266545057,110.84897266545057,108.95431940962293,109.1980209350586,4298328
2021-07-19,107.27193581779552,108.87570836727521,107.08325595622694,108.42760467529297,8977086
2021-07-20,112.42128860914566,113.9307146161272,109.04078668144368,110.0392074584961,14237838
2021-07-21,110.03922331506418,111.15558011930821,109.78765436893364,111.08482360839844,5024984
2021-07-22,111.3678619681951,111.48578533013702,110.38516310277632,110.62100982666016,3466653
2021-07-23,110.81754380044877,111.39929312713198,110.32226072077661,111.11627960205078,4680013
2021-07-26,111.15556371025596,112.42128821306832,110.95116161900447,112.24046325683594,4441630
2021-07-27,112.05178914919603,112.92443178656264,111.32065951997107,112.22474670410156,3281302
2021-07-28,112.42915126568292,112.49990777130188,111.3521065030815,111.45430755615234,2660815
2021-07-29,111.89456669396695,112.38984973153208,111.32067228048102,111.58010864257812,2793761
2021-07-30,111.2577918647195,111.51722824706864,110.68388485872774,110.81754302978516,3698238
2021-08-02,111.2027202347384,112.46844462039148,110.87252744570208,111.17913055419922,3064257
2021-08-03,111.55649330987632,113.75774935436705,111.35995864140348,113.26246643066406,4272596
2021-08-04,113.050228690553,113.34896444881629,112.0046284412217,112.23262023925781,2960285
2021-08-05,112.44486534808745,112.7436136225262,111.80806939161023,112.24046325683594,2884240
2021-08-06,112.42130559587399,113.51406017385638,112.33482680945733,113.27821350097656,4002833
2021-08-09,113.07939434113261,113.31796893391102,112.10128547174519,112.32394409179688,5129689
2021-08-10,112.29216863695473,112.76929257035411,111.60033131822556,112.42735290527344,5543695
2021-08-11,112.74543905094978,113.53269604501178,112.52278037897098,113.02376556396484,4455960
2021-08-12,113.12711800531642,113.8348584200333,112.9839757866518,113.77123260498047,2184780
2021-08-13,113.42930486344602,114.17680990402557,113.2702593474684,113.85871887207031,1997965
2021-08-16,113.89848925767326,114.30404201741456,113.10327432922111,114.18476104736328,2913319
2021-08-17,113.71559731159442,113.84282357957393,112.19673854634695,113.25436401367188,3215195
2021-08-18,112.65796085322324,112.85675824602585,110.84487227764735,110.90848541259766,3672192
2021-08-19,110.2882238868314,110.8925867706544,109.11130468799192,109.75543212890625,4351465
2021-08-20,109.53277051173325,110.83691595075389,109.15902430005035,110.6222152709961,2780059
2021-08-23,111.02776336669922,111.44923210469533,110.37569067469792,111.02776336669922,3179422
2021-08-24,111.155003162421,111.51284607772659,110.78920225932025,111.20271301269531,2474418
2021-08-25,111.26633015228497,111.96612541683146,110.90054192818039,111.21862030029297,2105389
2021-08-26,111.30607406560306,111.96610465166435,110.30410389876609,110.35977172851562,2613640
2021-08-27,110.30410301171865,111.00389814085392,110.0575958113765,110.86075592041016,2572637
2021-08-30,110.93234827209443,111.23452335959931,110.39159854077953,110.51087951660156,2087293
2021-08-31,110.96415709008,112.07745045104883,110.49497847317782,111.60032653808594,4429915
2021-09-01,111.3140575563088,111.3856286835045,110.68583338840561,110.77330780029297,2588327
2021-09-02,111.10730191020183,111.36971245309995,110.55859416700609,111.33790588378906,2840413
2021-09-03,111.07550079903925,111.70371230421541,110.77331299140349,110.9959716796875,2009575
2021-09-07,111.05164040544985,111.16296340439108,109.54868472848881,109.78724670410156,3436110
2021-09-08,109.85084722957265,110.6063103218016,109.42143318435606,110.2723159790039,3122728
2021-09-09,109.62022738468063,110.50291661889446,109.3896107656707,109.53275299072266,3669682
2021-09-10,110.39158936112803,110.82896136421628,108.94430179548225,108.960205078125,4157955
2021-09-13,110.05761287598159,110.52677877411254,109.34985965056629,109.85880279541016,4334729
2021-09-14,110.0576076812542,110.192791929736,107.62424043992202,108.32403564453125,4659198
2021-09-15,108.32402858195051,109.5804639812043,107.88665660758582,109.10334014892578,3403579
2021-09-16,109.16697712902031,109.69976890939358,107.91848675168032,108.49104309082031,2765624
2021-09-17,107.95028439506787,108.0854686372015,107.39363145248063,107.53677368164062,5890340
2021-09-20,106.47914705868877,107.49702066962757,105.5885060625966,106.80518341064453,4990152
2021-09-21,107.44133722806075,107.87075120710936,105.71572332514138,105.73957824707031,4261927
2021-09-22,106.33600279401891,107.64810616479554,106.13719906068661,107.05964660644531,3767901
2021-09-23,107.552684961546,109.27829905815803,107.37773615559935,108.7295913696289,3151807
2021-09-24,108.96817325964798,110.12123116602541,108.74551458965438,109.3339614868164,3100762
2021-09-27,109.70772105956158,110.59041044890638,109.32601685378187,110.18484497070312,3459017
2021-09-28,110.66992214596867,111.08343290255114,109.11129882092752,109.31805419921875,4513072
2021-09-29,109.52480123560903,111.2742765221454,108.49898241014071,110.67787170410156,3947499
2021-09-30,111.32993999846735,111.78320256557213,110.13711771690728,110.47905731201172,6090230
2021-10-01,112.1251446275808,114.48692770666439,111.62415956885621,113.97003936767578,6907889
2021-10-04,113.50882950197447,116.10122971615206,113.19869643481513,114.59827423095703,7689251
2021-10-05,115.10720811808818,115.30600549234781,113.42930395687236,113.83486938476562,7297524
2021-10-06,113.30208474921422,114.00982535542325,112.03770378278656,113.2066650390625,5573506
2021-10-07,113.50086591450815,114.033657557443,112.54660559543493,112.7692642211914,3999695
2021-10-08,112.7692745993328,114.2324781206247,112.1649117903276,113.8905258178711,3902940
2021-10-11,114.11319656333923,114.57441713587265,113.2384525731633,113.26231384277344,2921792
2021-10-12,113.08736397183276,113.15893508781947,111.56850533040468,111.70368957519531,3293436
2021-10-13,111.7434512100966,112.45119167214314,111.05955932464674,111.9343032836914,3013003
2021-10-14,112.15694748529936,114.44715938150301,112.13308621960957,114.02570343017578,4410668
2021-10-15,114.02574420608455,115.18674750302193,113.54860756680162,114.99589538574219,3371049
2021-10-18,114.51081790340542,115.25832311617046,112.7295483290732,113.17486572265625,6437189
2021-10-19,112.18877386771045,113.66786798992011,111.74345657200914,112.90447235107422,4539117
2021-10-20,112.66590964077147,113.07942041509565,111.88659794481447,112.84085845947266,6474008
2021-10-21,106.16899950741863,106.33599030847412,101.86688900014742,102.04978942871094,32913959
2021-10-22,101.82713853156642,103.57660750471841,100.68203237500471,101.69194793701172,12114981
2021-10-25,101.41361661249671,102.30425745650743,100.94443809613061,101.50109100341797,6667204
2021-10-26,101.40568360951255,102.0259497543189,100.801320748509,101.09555053710938,8912861
2021-10-27,101.3420709617562,101.69196226725967,99.40970127384118,99.53693389892578,7294176
2021-10-28,99.53691049995085,100.44345463947593,99.09954488436587,100.0697021484375,6802138
2021-10-29,99.74367907274555,100.45141959974423,99.33016832403466,99.48126220703125,6188973
2021-11-01,99.44149372801077,100.44346399375078,98.47928801489748,100.41960906982422,6177153
2021-11-02,100.43552157056656,101.12735885051183,99.33017352027849,100.34009552001953,4722062
2021-11-03,100.37985834340337,101.22278315361463,99.94248630841203,101.09555053710938,5670784
2021-11-04,102.35223573831387,102.59345037015999,99.73208384268821,100.52228546142578,7208700
2021-11-05,101.00472058755912,102.9511150180175,101.00472058755912,102.81803131103516,6790500
2021-11-08,103.13410939159546,103.7912272417867,102.75148501289225,103.59159851074219,5625300
2021-11-09,103.3050096141501,103.59159670462756,101.36635871701584,101.86366271972656,7236600
2021-11-10,101.99008204105785,103.19541963150095,101.0881865314791,101.33262634277344,6270300
2021-11-11,101.90579799586477,102.65597249440309,101.21462576920818,101.37477111816406,4643300
2021-11-12,101.1471861957726,101.6866373410222,100.11885544052653,100.27057647705078,5418300
2021-11-15,100.75948499973073,101.28208126010863,99.72272321419129,100.19474792480469,5046300
2021-11-16,100.23687414546598,101.06291244569813,99.81542747674393,99.8491439819336,4750800
2021-11-17,99.78171139069306,100.58246392308803,99.27597667225541,99.5119857788086,4043300
2021-11-18,99.76484031549265,99.76484031549265,98.03690667194547,98.33192443847656,5046900
2021-11-19,98.18864825612766,98.24765053562955,97.16031730129534,97.81777954101562,5380200
2021-11-22,97.77564536410297,100.14417402585347,97.09290369138874,98.17180633544922,6416200
2021-11-23,98.44152069091797,99.41084938444438,97.80935064263114,98.44152069091797,4912800
2021-11-24,97.91048888108101,98.84609452841039,97.84305587365161,98.39093780517578,3220800
2021-11-26,96.93273694801023,98.06221097002805,96.56186180966837,97.615478515625,3322000
2021-11-29,99.98401542681806,100.8184780755428,99.06525829516328,99.88286590576172,8949800
2021-11-30,99.03997082847864,100.50660348949438,98.15493021898155,98.70281219482422,9252700
2021-12-01,99.67213609608078,100.2453038166969,98.49208415001632,98.55108642578125,5958300
2021-12-02,98.93038633336728,99.44455174730162,98.24763840540878,98.53422546386719,5267100
2021-12-03,98.92194761509859,100.60773403467319,98.92194761509859,100.16942596435547,6630100
2021-12-06,100.64145747163151,102.1165206904304,100.64145747163151,101.07133483886719,4785600
2021-12-07,101.55179956510015,102.90042771766619,101.20621018466052,102.4789810180664,5194000
2021-12-08,102.83298540473592,103.99617587538597,102.42839378016399,103.69273376464844,5483900
2021-12-09,102.95941933443459,104.47662343739074,102.65597722769023,104.15632629394531,4601100
2021-12-10,104.77164827622369,105.63982741685088,103.97932645199333,104.59463500976562,4966900
2021-12-13,104.31648331162542,104.82221803796905,101.8130890208436,103.32186889648438,6847500
2021-12-14,103.12800737902882,105.3869619740011,103.08586656700838,104.31649017333984,5716100
2021-12-15,104.35017591467714,105.20992410944787,102.9846866786436,103.7685775756836,4990000
2021-12-16,104.10573837948648,106.74399171570967,104.08045261302897,106.14553833007812,7280500
2021-12-17,106.09498725301023,108.4297989803818,105.53867456062542,107.38461303710938,10379000
2021-12-20,105.96855605543632,107.21603464828335,105.10880121234409,107.09803009033203,4941400
2021-12-21,107.60377374801038,109.01982847617373,107.60377374801038,108.70796203613281,4856000
2021-12-22,108.78381898284303,109.39912755703392,107.55319540369503,109.36541748046875,3923200
2021-12-23,109.57613554915753,110.38531882459455,109.17155034220494,110.10716247558594,3649000
2021-12-27,110.10716367843699,110.9669056449119,109.53398950592174,110.94161987304688,4293900
2021-12-28,110.92478190587991,112.29026516369424,110.91634474009432,111.79296112060547,3445200
2021-12-29,111.59906713020919,113.12471479807519,111.51478551761508,112.39982604980469,4239900
2021-12-30,112.73698304030823,113.25957278992648,112.38296938461217,112.8718490600586,3158100
2021-12-31,112.94769052993867,113.78215944087027,112.61896269136497,112.6611099243164,3362100
2022-01-03,113.00670270386468,114.87791386146604,112.63582762093337,114.66719055175781,4605900
2022-01-04,114.71777476233197,117.96290600961832,114.54918582561675,116.33612823486328,7300000
2022-01-05,116.58055700863797,119.85941105833423,116.21811910438613,116.50469970703125,8956900
2022-01-06,116.48786215774692,116.66487542603464,111.69179678359204,114.07718658447266,9908100
2022-01-07,113.70630419425737,114.34691135149028,112.53468298906682,113.64730834960938,5238100
2022-01-10,113.34384644212103,114.80204803584218,112.42509596675234,113.81586456298828,5432800
2022-01-11,110.01444003775305,112.31553520661092,107.8650594933878,111.99523162841797,11105300
2022-01-12,112.31554640378464,113.34387738852426,110.73090268404829,112.60212707519531,5352000
2022-01-13,112.86342898210681,114.67565763534093,112.5768482928996,113.58831787109375,4868300
2022-01-14,113.41130600208321,113.90861000579166,112.3576892849727,113.12472534179688,5310300
2022-01-18,112.06266929854003,112.85499111237307,111.0764856137261,112.05424499511719,5246700
2022-01-19,112.02051037701325,112.86340364655145,110.84046494427203,110.90789794921875,4103700
2022-01-20,110.63816570094208,112.00366154061473,110.05658014984752,110.26730346679688,5278200
2022-01-21,110.96690368085343,111.1523412456028,108.96082626638655,109.02825927734375,5907000
2022-01-24,107.88192583432773,108.85967884673623,104.6789347321439,108.58153533935547,13484000
2022-01-25,108.85124539195674,115.7629682063054,108.14321807326212,114.71778869628906,19715700
2022-01-26,115.02963928331958,115.53538036222214,112.21437900253575,113.16683959960938,8336000
2022-01-27,112.6611236957926,113.57987432340364,111.32935071321792,111.70022583007812,5497300
2022-01-28,112.26497520521269,113.39444928653157,111.08491671566512,113.3691635131836,5471500
2022-01-31,113.02357669440663,113.02357669440663,111.51480311708544,112.58528137207031,5859000
2022-02-01,112.74540283795264,114.59977838158706,111.68336191330559,114.2373275756836,6206400
2022-02-02,114.38063119496567,115.94841342502849,114.0097560431072,115.68711853027344,5357200
2022-02-03,115.4764170418238,116.95990506855887,114.4902331257997,116.13387298583984,6100800
2022-02-04,116.20127363711833,117.01045688358334,114.81892910645296,115.60281372070312,4142000
2022-02-07,115.8556960915266,116.1675753976134,114.86108804590387,115.67869567871094,3759000
2022-02-08,115.6702407420672,115.91468699472883,114.44804806335111,115.49324035644531,4181800
2022-02-09,116.18442782260786,116.61431170520628,115.33311008466293,116.14228057861328,5393500
2022-02-10,115.56219579611925,116.49201323969598,113.60018649070936,113.89875793457031,5978600
2022-02-11,114.2229291703906,114.91390781777241,112.92630777111978,113.19075012207031,4176200
2022-02-14,113.10542994489032,113.15661065118655,110.1027156995557,111.02399444580078,5345300
2022-02-15,111.4419784951605,112.329141002584,110.56334176560813,110.8448486328125,4394000
2022-02-16,110.42685938722614,111.27138005129322,109.41173203793649,110.196533203125,4875600
2022-02-17,109.23259381719805,109.61646209283136,106.50284143991088,106.60520935058594,6797000
2022-02-18,106.57962525127913,107.00614847510114,105.44507191393785,106.07632446289062,4609200
2022-02-22,105.94837040613675,106.63081019467393,104.6517426177899,105.70951843261719,5349700
2022-02-23,106.10191335819698,106.37488795736594,103.96077148993295,104.13137817382812,4086400
2022-02-24,102.36557140830477,104.15696760630455,101.35044407587287,104.04607391357422,6563200
2022-02-25,104.1143258944909,105.99955784167683,103.60249279790656,105.93131256103516,4460900
2022-02-28,104.2508125712437,105.25740770724285,103.25274972259653,104.50672912597656,6757300
2022-03-01,104.64320240654283,105.25739686807066,102.96269992381465,103.51718139648438,4873300
2022-03-02,104.57495264761448,106.32370033069748,103.90105173434937,105.6583251953125,4891400
2022-03-03,106.59668482295164,108.05539348804892,105.98249033065217,107.42414093017578,5206600
2022-03-04,106.11897697682014,108.63546133688727,105.95689607281842,108.01274108886719,4402400
2022-03-07,107.88478371855433,109.11317266807441,107.15969555016231,107.54356384277344,5047400
2022-03-08,108.01274988473156,109.48852318941394,106.47726358553767,107.21088409423828,4887600
2022-03-09,108.6866437054853,109.27524779738941,107.40707412011284,107.67151641845703,4403500
2022-03-10,107.27059079123786,107.50944275526173,105.03560675544844,106.07632446289062,5326800
2022-03-11,106.63079847990652,108.14068772276191,105.70098104111091,105.7436294555664,4119600
2022-03-14,106.16161909607571,106.76728775145199,104.66026215732376,105.72657012939453,3289200
2022-03-15,105.77773200518877,107.43264376596684,105.11235699034329,107.17672729492188,4021200
2022-03-16,107.91036401352032,108.5757391297577,106.38341025558285,108.37100982666016,4292800
2022-03-17,108.4222174438769,109.43733843375867,107.93598116065807,109.15583801269531,3671900
2022-03-18,108.66105507125613,109.98327317128118,107.79948283781803,109.8382568359375,7466000
2022-03-21,110.04298987917089,110.67424892564208,108.67811688774145,109.27525329589844,3384600
2022-03-22,109.61647329723687,110.29891308837085,109.06199178046901,110.09417724609375,2690200
2022-03-23,110.11122932835552,110.31596514740549,109.40319926431944,109.44585418701172,2924500
2022-03-24,109.47144733902654,110.35860987803837,109.01933378311833,110.2562484741211,2971100
2022-03-25,110.46951210445351,112.09029510635366,110.30743120097242,112.04765319824219,3530200
2022-03-28,111.59554939555741,112.17561476775002,110.5548316240762,112.1500244140625,2483500
2022-03-29,112.63626120094737,113.31870104706339,111.2628557291047,112.55096435546875,5791000
2022-03-30,112.61066877715638,113.5234348205675,112.08178408894861,112.71304321289062,2622900
2022-03-31,111.51023109789085,112.49976808709131,110.89603662297026,110.91310119628906,4274000
2022-04-01,110.60601000007722,111.1263688748496,109.2411304220478,111.02399444580078,4012400
2022-04-04,111.1178344953227,111.27991541600613,109.98328106699552,111.12637329101562,2809800
2022-04-05,110.76808804372983,111.94528330740509,109.75296067364054,109.94915771484375,3107200
2022-04-06,109.00228125324024,110.4780480607343,108.55016764738104,110.37568664550781,3958100
2022-04-07,109.93208673509544,110.25624853628986,108.10657444585624,109.65911865234375,3538300
2022-04-08,109.19847834522865,109.85532779824202,108.56722575425977,108.95963287353516,3143300
2022-04-11,109.14730044775997,109.34349750422074,107.63741095967782,107.79949188232422,3202500
2022-04-12,107.84212523918893,108.62692637185971,107.12556938107065,107.46678924560547,2691000
2022-04-13,107.17674828790666,108.05538503131504,106.55402806567027,107.603271484375,3064900
2022-04-14,109.98327138068574,111.390805818087,107.80800686126123,107.96155548095703,6384200
2022-04-18,107.99567833368182,108.66958580433669,107.08291890041062,107.62886810302734,4884200
2022-04-19,107.55208347526958,110.38419053882117,107.48383820649732,110.17092895507812,7971400
2022-04-20,115.16128733339657,119.05117762291363,113.77935605066229,117.993408203125,17859200
2022-04-21,117.91663196385011,121.0302599717349,117.16595978100126,119.29857635498047,9922300
2022-04-22,119.17056164741399,119.80182057489418,117.165910717206,117.93364715576172,6508600
2022-04-25,117.37063657634705,119.12790986098399,115.32333067543001,118.65874481201172,5748300
2022-04-26,118.57345769599124,119.31560394939808,116.15933465718447,116.17639923095703,4956200
2022-04-27,115.82664258765885,116.96972167362873,114.8456444051313,115.21244812011719,4369100
2022-04-28,116.73939291256642,116.85881887549495,114.99917114823205,115.79251098632812,4474300
2022-04-29,115.27216687200696,115.63044480634572,112.60212741278653,112.7812728881836,5078700
2022-05-02,113.45517220101735,114.11202157942017,111.65524376047834,113.48928833007812,4213500
2022-05-03,113.45516631238996,113.9669993369224,112.59359417143003,113.04570770263672,3688600
2022-05-04,113.3442657854911,117.60949758916223,112.72154558676237,117.20856475830078,5932600
2022-05-05,116.40671250623105,117.08913918395994,114.95652327492083,115.94606018066406,5957400
2022-05-06,115.56220421231167,117.71188492188506,115.56220421231167,117.43890380859375,7306400
2022-05-09,116.04885965556979,117.72384711870667,115.10776279823362,116.07476043701172,7647900
2022-05-10,116.55824867913934,116.91224355919492,110.88574091973152,111.49012756347656,8642400
2022-05-11,112.1203963510491,114.79692423787506,112.1203963510491,112.8888168334961,5301100
2022-05-12,113.33778565609819,115.36675457500367,112.59526595115607,114.74510955810547,5384800
2022-05-13,114.83146822437271,115.5221864575857,113.14785158828477,115.3495101928711,4195100
2022-05-16,114.9177846859356,117.86194918739726,114.3220405209607,116.5841293334961,4250400
2022-05-17,118.4490887336453,119.46788787841795,117.11082467833634,119.46788787841797,4372900
2022-05-18,118.37137151097352,118.82032709068737,114.11483048402089,114.77964782714844,6003000
2022-05-19,113.9680631647476,114.24435570216991,111.12750132652351,111.94772338867188,5819700
2022-05-20,112.39668488356324,112.56073193945018,108.61502609371584,110.92891693115234,6914500
2022-05-23,111.80957488736217,113.92488853414436,111.74050175438585,113.2514419555664,3591500
2022-05-24,112.73341829889661,116.01430662979577,112.60390122834829,115.52217864990234,4189700
2022-05-25,114.71057808446196,116.40283686938035,114.71057808446196,116.03157043457031,3299300
2022-05-26,116.55823347608236,118.75989163216761,116.14380789031925,118.19004821777344,3929300
2022-05-27,118.6217334452994,120.65071516772788,118.49222957976163,120.24491882324219,4608000
2022-05-31,119.32110820368351,120.72844534760142,118.12099046679666,119.8736801147461,7978100
2022-06-01,120.59031422065247,121.28103248981334,119.59741576610293,120.38309478759766,3796500
2022-06-02,120.40031877142101,121.12556673887987,118.15550175199833,121.00469207763672,3734800
2022-06-03,121.09970636050409,123.10278789993347,120.650750711477,121.89402770996094,4352200
2022-06-06,123.4481555905913,124.9590961328977,122.60203257571939,123.36182403564453,4766900
2022-06-07,123.12002413216,123.44810498543693,121.70405810279203,123.27542877197266,2887100
2022-06-08,122.66244112495264,123.29271530904823,121.00471238632366,121.59182739257812,3005700
2022-06-09,121.00471418190712,121.77313463468305,119.0879776503802,119.1138916015625,3591000
2022-06-10,118.9757512443366,118.9757512443366,116.7740928841094,117.58568572998047,4659500
2022-06-13,115.66895201418134,118.7771772097034,115.48763338846197,116.6532211303711,6486000
2022-06-14,116.5582484479815,118.24186495735941,116.43737375434291,117.17989349365234,4607800
2022-06-15,117.43027098754163,119.53695549218808,117.05901770852535,118.33683776855469,4606900
2022-06-16,116.81726703211248,117.6288598904407,116.03157495229661,117.13671875,5386400
2022-06-17,117.41302473865184,118.26777687619432,114.70196649081115,116.57553100585938,12968500
2022-06-21,117.33526874865547,119.5800989812199,117.33526874865547,119.0188980102539,4089300
2022-06-22,117.50798028553362,119.3038290009412,117.44753635529689,118.3541030883789,3791500
2022-06-23,118.40590498140016,119.68372497751936,117.85333310407675,119.5283203125,4547900
2022-06-24,120.18452246511765,122.92148169286568,120.12409169540189,122.6538314819336,11493000
2022-06-27,122.8264614478504,124.18199674608725,122.55881133784204,123.2927017211914,3936000
2022-06-28,123.39630542212633,124.46691904177325,122.01488251785858,122.48110961914062,4064800
2022-06-29,123.24092510438457,123.91437170268559,120.44352242150497,121.48823547363281,4161500
2022-06-30,120.51258351193985,122.99916342597963,120.2535625751687,121.90264892578125,4878000
2022-07-01,121.73861337695871,122.31708605818214,120.23630234145456,121.84221649169922,4011900
2022-07-05,120.84933305613843,120.84933305613843,116.79138141216185,118.82035064697266,6273400
2022-07-06,119.14841039732634,120.13267934754761,118.39726159104862,119.21748352050781,3237000
2022-07-07,119.93411182830137,122.01489536510927,119.86503869966248,121.59182739257812,3897100
2022-07-08,121.53137677996652,122.01488865384384,120.71979720539187,121.28099822998047,2820800
2022-07-11,121.41050762026603,122.48975054300159,120.98745282613903,121.73860168457031,3904700
2022-07-12,121.60045115278182,122.21346690805507,119.64055555954332,120.1672134399414,3235400
2022-07-13,118.44043731689452,119.92547673694428,118.112356403874,118.44043731689453,4123200
2022-07-14,117.07628431531737,120.38307322885261,116.57551398921483,120.0636215209961,5298400
2022-07-15,121.46231205478749,121.46231205478749,119.67509258299235,120.80613708496094,4519300
2022-07-18,121.00472073762822,121.14286700444035,118.95848021109181,119.26067352294922,8231700
2022-07-19,113.60543391598331,114.45155671818416,110.27273108764626,113.00106048583984,29690500
2022-07-20,112.84564256223693,112.86291413861454,110.56628193144238,111.53327941894531,9882000
2022-07-21,111.16202352661634,111.21382508016924,108.03653358112533,109.78059387207031,11975400
2022-07-22,109.67698164573792,110.7907677188218,108.5373013836516,110.7303237915039,6467200
2022-07-25,110.89436610636395,111.49011028183216,110.42813239345524,110.98069763183594,4702400
2022-07-26,110.73895415821917,111.63689165636963,110.19501809121476,110.58354949951172,3645300
2022-07-27,110.4885775833015,111.74912597446038,110.15185430902181,111.48147583007812,4175600
2022-07-28,111.1620288958149,112.07722485106065,111.0411542069023,111.56782531738281,3913700
2022-07-29,111.82683851833933,113.10465845172342,111.64551991036592,112.92333984375,5786800
2022-08-01,112.8888058737327,114.57242214099452,112.84563352342309,114.00257873535156,4142100
2022-08-02,114.14072410534477,114.64149438149634,112.68158562686635,113.80400085449219,4403600
2022-08-03,113.81264873579075,114.71057305672551,113.38095156384377,114.26160430908203,3088500
2022-08-04,114.09754525935043,114.21841992779125,113.12191871206052,113.65721893310547,3179800
2022-08-05,113.32051303130343,114.54653147708167,113.1651083656927,114.38248443603516,2586500
2022-08-08,114.91778841543537,115.13363699384577,113.98532097578025,114.49472045898438,3821200
2022-08-09,113.58548999333073,114.3461028556327,112.88606927357435,113.19207000732422,3496000
2022-08-10,114.3111154679563,115.21161496617474,113.95266058488426,114.9668197631836,3664000
2022-08-11,115.71870547289558,116.47931825821166,115.4039668478787,115.87606811523438,3501900
2022-08-12,115.946039271872,117.23122118667102,115.38650528681505,117.1612777709961,2766900
2022-08-15,116.24327170539436,118.1928955484199,115.61379446938216,117.965576171875,2791200
2022-08-16,117.67709633555138,120.09882181273746,117.54594744241723,119.39066314697266,4313600
2022-08-17,119.30325538512709,121.01682236162709,119.1633685551109,120.46602630615234,3667600
2022-08-18,120.46600193442895,121.62878596055135,120.43103690416993,121.5850830078125,3177700
2022-08-19,121.30532662102448,121.82114426767694,120.35237266222417,120.97309875488281,3155800
2022-08-22,120.3436167181322,120.51848190846427,118.43770887465023,118.50765228271484,3093600
2022-08-23,118.35025920452581,118.98848770840728,117.781987438957,117.79947662353516,4141800
2022-08-24,117.93061992864882,118.12296095066657,116.37441590711609,116.47932434082031,2855400
2022-08-25,116.84652111112266,117.52845263371107,116.33945477101572,117.1350326538086,2706000
2022-08-26,117.23995833443328,117.30988840134542,113.95268489524602,113.98766326904297,4185300
2022-08-29,113.64668475003036,114.89688799606307,113.27949190839125,113.92644500732422,2783000
2022-08-30,114.14502188830537,114.32862499338587,113.03469201553375,113.28823852539062,2407900
2022-08-31,113.58547453100336,113.65541792749171,112.25657667840244,112.30029296875,3490400
2022-09-01,112.256592836622,113.49807162756514,111.6795764079609,113.35818481445312,3396200
2022-09-02,113.91770766931239,114.14501371330073,111.24242932466522,111.72328186035156,3040600
2022-09-06,111.73202717171776,111.95933321716852,110.42061843341202,110.78781127929688,3347100
2022-09-07,110.76158059292945,111.79322236720327,110.40312568102645,111.65333557128906,2401500
2022-09-08,111.20744982563434,112.37897167380814,110.67414311260917,112.31777954101562,2964600
2022-09-09,112.69373435570655,113.20956533546908,111.95934856327561,112.94728088378906,3291900
2022-09-12,113.94393324564844,114.52095628071875,113.55925122226823,114.2324447631836,3741100
2022-09-13,112.90355715048472,113.57675075272103,110.83152879513243,111.25118255615234,4565600
2022-09-14,111.46975033853981,112.78115916605205,110.90147184591714,111.6358642578125,3819100
2022-09-15,111.37357485765203,111.44351825950781,109.19663816870764,109.71245574951172,5141700
2022-09-16,108.72453191571141,111.49597422353295,108.2611685439509,111.26866149902344,9839700
2022-09-19,110.58674217707323,111.95934992789793,110.40314572672771,111.67084503173828,3981600
2022-09-20,110.94517830034269,111.0238596213324,109.7386780171433,110.42061614990234,2837500
2022-09-21,110.9364432696026,111.76699952353826,109.21412527990444,109.22286987304688,3389500
2022-09-22,109.07425355012082,110.60423062966817,108.76825946824549,109.55509948730469,4046600
2022-09-23,108.87315817547874,109.28406733588889,106.43393699212128,107.281982421875,5195600
2022-09-26,106.92353036722182,108.63710368201274,106.44267781988539,106.66999053955078,3987800
2022-09-27,107.18581199020805,108.36607858429578,105.85692066527174,106.4339370727539,4117200
2022-09-28,106.3552557997561,107.73660801346863,104.74659085804997,107.32569885253906,4996400
2022-09-29,106.53010958417988,107.20330318740321,105.41104178004632,106.3377685546875,3817700
2022-09-30,106.36399643495236,107.03718333066793,103.69746261974092,103.872314453125,5346100
2022-10-03,105.0525750823994,106.84482950536014,104.56297800130159,106.23284149169922,4261700
2022-10-04,107.36066594756713,109.8523412450199,107.11586404398716,109.72119903564453,4566100
2022-10-05,109.03052303330736,110.56049991334122,108.61087596722176,109.93102264404297,3212900
2022-10-06,109.17915209356806,109.54635162868713,106.46016396803485,106.86233520507812,5074600
2022-10-07,106.2241160975281,106.48640053373825,103.22536094829724,103.88106536865234,4499700
2022-10-10,104.72911162510259,104.87773636068542,102.32486206530731,102.94559478759766,5990000
2022-10-11,102.69205507653828,104.2395212577916,102.23743627587758,102.98931121826172,4043100
2022-10-12,103.16416838658454,103.87232706902088,102.46474762775975,102.7882308959961,3338800
2022-10-13,101.50304061372864,106.79239215159829,101.02219471857605,106.47765350341797,5837500
2022-10-14,106.48640690788626,107.1333667737152,104.77282671703553,104.94768524169922,3762400
2022-10-17,106.48639431280085,107.43060355362206,106.16291108306226,106.24159240722656,5458600
2022-10-18,107.5355322256583,108.35735062265049,106.50389026758093,107.48307800292969,5120300
2022-10-19,106.97598974148619,108.35734197119626,106.65250649675554,107.10713195800781,5906600
2022-10-20,110.37690523757031,112.74618962766692,109.41520680319775,112.1691665649414,13623100
2022-10-21,112.24784648286425,114.39856271682073,111.54842581017614,113.5679931640625,7201300
2022-10-24,114.4422847781828,116.3744332083049,113.52430916611692,116.00724029541016,5610900
2022-10-25,115.40397396604567,116.54053092317324,114.79198586308163,116.217041015625,5957600
2022-10-26,116.90770927748667,118.77865172599964,116.1121181721909,118.03551483154297,5139000
2022-10-27,118.50764562622828,119.2507692820347,117.54594049478433,117.82571411132812,3993200
2022-10-28,118.51636567431383,121.40146729317033,118.21911625682284,121.09546661376953,5965500
2022-10-31,120.7020506521976,121.32278995290798,119.42562036334566,120.90312957763672,4915300
2022-11-01,120.86818681804004,121.21789052152177,119.51306162145129,120.82447052001953,3590600
2022-11-02,120.43103809166001,122.54677596219359,119.60048187633721,119.626708984375,5360500
2022-11-03,119.26824410934836,119.32069832105024,117.12627930937649,117.56341552734375,4442400
2022-11-04,118.59505592629506,120.41354427557555,117.97432993948493,119.74036407470703,4178000
2022-11-07,119.46059306572462,121.26159226919943,119.34693337257771,120.94685363769531,4043100
2022-11-08,121.523868009507,123.21120739936998,121.27907279585162,122.43310546875,5042800
2022-11-09,122.04383621277701,122.88429488997008,121.15029792430327,121.54840850830078,4720000
2022-11-10,124.08751447786734,125.06952803983657,122.34466145798147,124.94567108154297,5389000
2022-11-11,125.18452325316065,127.51127878254842,124.70679320309391,126.6619644165039,5871300
2022-11-14,126.18424541248812,129.23644513685193,125.78612125328823,127.57321166992188,5293500
2022-11-15,127.46704345505837,129.307213363555,125.62687354656173,127.69705963134766,4727100
2022-11-16,127.51127698006259,128.2367208975971,127.4051042486867,127.85630798339844,3445200
2022-11-17,126.87430532335999,129.3249044649024,126.73275066914529,129.2452850341797,3954000
2022-11-18,129.66108826061796,131.20930679388698,129.11258087149452,130.61656188964844,4661700
2022-11-21,130.5369220169987,130.87309738055336,129.56375083446423,129.76722717285156,3476200
2022-11-22,130.58118909285156,132.12940773419922,130.0680635803632,131.90823364257812,7062100
2022-11-23,131.9082361700937,133.1114237915427,131.2004763634656,131.5985870361328,3658200
2022-11-25,131.17392860337281,132.25325920571407,131.02353184722946,131.26239013671875,2075200
2022-11-28,130.91739241175495,131.14742215563933,129.1126173795288,129.32493591308594,3538100
2022-11-29,129.08602619376364,130.20073854953927,128.900234051438,129.59915161132812,2754700
2022-11-30,129.33375798340126,132.38595760646555,128.87371211431557,131.7312774658203,6377600
2022-12-01,132.68676300192124,132.71330281411153,130.35116503340376,131.96131896972656,4495900
2022-12-02,131.0500866394712,131.96132288341914,130.69619996744524,131.52781677246094,2900000
2022-12-05,130.88201984150788,131.7578608538107,129.87346623685067,130.4131317138672,2784600
2022-12-06,130.31580021212793,130.75814847252252,129.78497689989538,130.49273681640625,2847600
2022-12-07,130.3422947007757,131.02351456471794,129.42220307945763,130.28921508789062,3971300
2022-12-08,130.84654617377396,131.95241628511212,130.37765832651786,130.74038696289062,2665700
2022-12-09,130.40424012343985,131.23585687487503,130.02382716234246,130.0946044921875,3047600
2022-12-12,130.77584187459786,132.0055694580078,129.99730464214363,132.0055694580078,4032800
2022-12-13,133.03179015910032,135.54433813440926,132.66021929993525,133.208740234375,8811500
2022-12-14,133.12027756379157,134.39424262750796,131.33318693277852,132.5806121826172,4205900
2022-12-15,131.3951142768937,131.80206706485288,125.25531904636274,125.94538116455078,6687000
2022-12-16,124.96336981681833,125.55611480062367,122.94626305123128,123.99905395507812,9834400
2022-12-19,123.99903863207159,124.24675252008394,121.38033160243391,122.85777282714844,5282900
2022-12-20,122.83122244226035,125.1225824587923,122.38887432326686,124.98988342285156,5156500
2022-12-21,125.48532844343093,126.59119889326249,124.72448903397103,125.75074005126953,3793700
2022-12-22,124.69796909865602,125.1314752438685,122.63662463168622,124.63604736328125,3337100
2022-12-23,124.37943912651734,125.50300711294312,123.50359850271965,125.31721496582031,2092500
2022-12-27,125.38800859787388,126.26386283502092,124.94566042748755,125.99845123291016,2742400
2022-12-28,125.98078997304174,126.34351881755228,123.81328601095967,123.8752212524414,2539500
2022-12-29,124.37059952194645,125.85688273120755,124.25558469049409,124.79524993896484,2337200
2022-12-30,124.33522543469302,124.65371667692297,123.37090960383412,124.6448745727539,2858000
2023-01-03,124.83067195927407,125.53841830538155,124.28215099182566,125.2287826538086,3338600
2023-01-04,125.6887964171261,127.06006473637724,125.06949827365331,126.15768432617188,3869200
2023-01-05,126.01614817324581,126.06922779346621,123.86632905855616,124.8395004272461,2866600
2023-01-06,125.9630748034146,127.61745271288427,125.25531500010183,127.13086700439453,3574000
2023-01-09,127.46701866225607,128.69674572978204,126.86541828062923,126.99813079833984,3987700
2023-01-10,127.05122847203155,128.14825667723306,126.42308819742094,128.10401916503906,2152100
2023-01-11,128.28095490652652,128.74984283416444,126.90967303350912,128.51097106933594,3268700
2023-01-12,128.17481790206804,129.74957640367649,127.85632666020366,128.76756286621094,2715900
2023-01-13,127.44934824910546,129.2541362810305,127.40511073372991,129.06834411621094,2455700
2023-01-17,129.53723890079047,130.20960327195854,128.2898137982515,128.44906616210938,2986500
2023-01-18,127.75012886584635,127.99784272768417,124.0609472455549,124.22019958496094,6445600
2023-01-19,123.85747561328138,125.83034448071989,123.63630154968624,124.4059829711914,4833900
2023-01-20,125.3349444588391,125.5030389442523,124.30869333692443,124.91913604736328,7153300
2023-01-23,125.09603978157512,126.5027170272405,124.79524630741491,125.50300598144531,5898400
2023-01-24,124.96334248350182,126.29038682845936,123.8574721960372,125.17567443847656,4407600
2023-01-25,124.27329781809806,124.76872561600337,123.29128432603751,124.52985382080078,7347500
2023-01-26,121.6722767100265,122.3269568084077,117.64690598902945,118.9474105834961,17548500
2023-01-27,118.93857803198685,119.86751188826041,118.34583310450054,118.89434051513672,8143100
2023-01-30,118.83241848369595,120.41601898743407,118.53161146952998,119.69941711425781,5375700
2023-01-31,119.876364675217,120.00906373819869,118.33698804764936,119.19514465332031,7206400
2023-02-01,118.98280879534998,120.13290317180498,117.48766990668561,119.51361846923828,5428900
2023-02-02,120.28331388053526,120.95567820312326,119.30130045578242,120.66372680664062,6107800
2023-02-03,120.6283467502508,121.15915643433475,119.90288929945677,121.15031433105469,3755700
2023-02-06,120.16832301466034,120.60182914429095,119.38978580206559,120.47795867919922,4841300
2023-02-07,120.02676539428543,120.67259002103197,118.94743464854659,120.17716217041016,3737600
2023-02-08,120.06215944273076,120.97339569317539,119.5755737023486,120.30101776123047,4593700
2023-02-09,120.8920967522878,121.55480485932867,119.41440908413242,119.7815933227539,3918800
2023-02-10,119.80842318932214,121.59059857016818,119.55766662968249,121.4383544921875,5049600
2023-02-13,121.7966220697516,123.04145464576776,121.66229302620104,123.0056381225586,4403000
2023-02-14,122.73692765499484,122.90708683329376,120.94580142483136,121.80553436279297,3202200
2023-02-15,121.08017281016015,122.19962709587763,120.96375885679068,122.15484619140625,2506700
2023-02-16,121.41150907530553,121.76972888772272,120.53384730402655,120.90103149414062,2965500
2023-02-17,120.45326382911061,121.42047383276825,119.90696966959689,120.91896057128906,3466200
2023-02-21,120.00546934473404,120.35473844771106,117.90985472687193,117.95463562011719,4257200
2023-02-22,118.12478312797992,118.20539420325515,116.68292579868431,117.29191589355469,3200200
2023-02-23,117.76656268196302,117.94567259178329,115.40227634278905,117.13070678710938,3725600
2023-02-24,116.08289696469878,117.02324105250426,115.7246771527776,116.9336929321289,3015800
2023-02-27,117.69490480961775,118.09790548475014,116.5396343855437,116.8620376586914,2761300
2023-02-28,116.9157873982546,116.9695190079136,115.65303991042356,115.79633331298828,5143100
2023-03-01,115.43808062662384,115.9485581639911,114.3992309610557,114.80223846435547,3760700
2023-03-02,114.98136006985476,115.72467917452664,114.37237681330267,115.46495819091797,3340100
2023-03-03,115.8411151116189,116.34262835929026,115.32168677218468,116.10082244873047,2860300
2023-03-06,116.10080606538497,117.1933942001524,116.05602517490254,116.59336853027344,3131200
2023-03-07,116.67397211461017,116.79935041547718,114.802248314092,114.8559799194336,3530400
2023-03-08,115.06196553104263,115.29482072784324,114.22909824614804,114.6768798828125,2778800
2023-03-09,114.90076532777151,115.10674104474555,112.82305890411725,112.98426055908203,5478300
2023-03-10,112.94842881451933,113.99623607760488,112.06181636181182,112.34839630126953,5990900
2023-03-13,112.07973604123771,114.80224899388014,111.81106434772896,112.46482849121094,8188400
2023-03-14,113.27978332966934,113.41411917153553,110.3333796838511,111.63195037841797,8114800
2023-03-15,110.14532276254077,110.46772608078301,108.99900288994856,110.40503692626953,5989300
2023-03-16,110.11843420829669,111.78418206421267,109.18704779608316,111.67671203613281,6438700
2023-03-17,111.1214859058416,111.51552907621627,110.09158683698402,110.772216796875,37400200
2023-03-20,111.32746658902484,112.98426408499091,111.22000337076486,112.78723907470703,4588300
2023-03-21,113.64697029311876,113.87086109084649,112.53647384951857,113.35143280029297,3856300
2023-03-22,113.73652850687373,113.93355350774024,111.05879640240038,111.09461975097656,3549000
2023-03-23,110.87967700980907,111.88271024815755,109.79604636354402,110.48563385009766,4651900
2023-03-24,110.47667898994887,112.3036287724459,110.0468056394651,112.20511627197266,3812300
2023-03-27,113.26187129851594,116.65604958311253,113.26187129851594,115.80526733398438,6524100
2023-03-28,115.68885229347488,116.11873248580416,115.34854755606068,115.83214569091797,2888900
2023-03-29,116.53067607074476,116.73666544014472,115.68884449899771,116.16350555419922,3279600
2023-03-30,116.56651732064128,117.7486537191424,115.61722245050272,115.72468566894531,3561800
2023-03-31,115.94858298317905,117.52476949126394,115.90380208458102,117.3993911743164,4524700
2023-04-03,117.29191342704667,118.76063652881179,117.1128035200431,118.26807403564453,3840100
2023-04-04,118.20539398611322,118.3486737153399,117.22026898087238,117.85612487792969,3382800
2023-04-05,117.65011901385473,118.76062216732176,117.65011901385473,118.33970642089844,2898700
2023-04-06,118.35764044739477,118.75169045732882,116.70980737422562,116.87100219726562,3050600
2023-04-10,116.2709765690861,117.39043061408015,115.74259753949944,117.34564971923828,2614400
2023-04-11,116.9426403105953,117.40833698498383,116.58440684367737,116.79934692382812,3132400
2023-04-12,116.78143256149382,117.22026343674774,114.78433050737291,115.11568450927734,3957500
2023-04-13,114.6410395398512,114.98135792642468,112.8409624394592,114.54253387451172,5621500
2023-04-14,115.0440559637331,116.2799239011305,114.0141500731568,114.7574691772461,4180600
2023-04-17,114.90076722440021,115.27690214799169,113.55742235505464,114.47089385986328,3662700
2023-04-18,114.75746187542886,115.24105996534254,114.04996616466717,114.43505859375,3193800
2023-04-19,113.28874987429799,113.71862323589856,112.21407671920447,113.12754821777344,7014400
2023-04-20,116.55753107573362,117.30085008267123,112.69765633173874,113.1633529663086,9749600
2023-04-21,112.84097357940684,113.46786514402797,112.18720937692571,112.59917449951172,6725400
2023-04-24,112.43797049964161,112.88575213152771,111.5513579490312,112.30363464355469,4043900
2023-04-25,111.85585641323625,113.01113387854735,111.73047809910379,112.74246215820312,4275400
2023-04-26,112.6708035443239,113.33352522908649,112.05286958502494,112.70662689208984,4070200
2023-04-27,113.17231923108996,113.75442982025174,112.35735347409594,113.70965576171875,3204900
2023-04-28,113.36038924275047,113.96041493499958,112.51855766504856,113.20814514160156,5061200
2023-05-01,113.15440289809837,113.51262952544911,112.8946887640842,112.92155456542969,2725000
2023-05-02,113.10963319751333,113.24396220941574,110.39607100280182,112.08869171142578,4445300
2023-05-03,112.35735780267544,112.4558703008898,110.38712150359807,110.5572738647461,4554200
2023-05-04,110.18113854673828,110.61996259819946,109.04377629792113,109.76918029785156,4468200
2023-05-05,110.25278422048173,111.13938986024924,109.98411253201648,110.73638916015625,4971900
2023-05-08,110.83489258557624,110.97817913045323,109.75126204064017,110.51248931884766,3663800
2023-05-09,110.65773471511268,110.72127866558878,109.53209605277694,109.99505615234375,4540000
2023-05-10,110.7394457206161,111.19333311982847,109.93152670407986,110.76667785644531,4189200
2023-05-11,110.76667277754531,110.96638433216506,109.4322497026958,109.74996948242188,3446500
2023-05-12,110.21294365547297,111.52921436741512,109.94060844056042,111.51105499267578,4564800
2023-05-15,111.65629379897709,112.2826605901939,111.0571591420268,111.98309326171875,2915700
2023-05-16,111.97401202307718,112.43697907650642,111.15701337754663,112.07386779785156,2748400
2023-05-17,112.50959773573902,114.2434437990324,112.08294252164369,114.1163558959961,4515100
2023-05-18,113.74420080483448,114.84260763233529,113.64434500908231,114.51580810546875,3797900
2023-05-19,115.09677458105995,116.45842993642121,114.87891055529485,115.52342987060547,4306700
2023-05-22,115.74127960205078,116.36764639026175,115.42355982751322,115.74127960205078,2806800
2023-05-23,115.50525511508754,117.18463698638136,115.40539934037214,116.35855865478516,4592300
2023-05-24,116.03176392514348,116.10438756461053,113.89849472764162,114.08912658691406,3915500
2023-05-25,114.02559190826543,115.49618956111513,113.48092841950437,115.06953430175781,4102900
2023-05-26,115.34185288740908,117.70207268325609,115.11490920902159,117.00308227539062,5612600
2023-05-30,117.61131231291806,118.07428637094421,116.43120218780875,117.53868865966797,3741100
2023-05-31,116.65813502052109,117.50237279064633,115.70497563223344,116.73075866699219,11590200
2023-06-01,116.59460965800368,118.14689697062896,115.99547490330293,117.84734344482422,4136100
2023-06-02,118.35568784407475,120.84298203590257,118.14688965816406,120.2075424194336,5375800
2023-06-05,120.84298513518279,121.26056766616921,120.07138481380423,120.40725708007812,3993500
2023-06-06,120.21662164191963,120.67959569929897,119.71735653528422,120.45265197753906,3298000
2023-06-07,120.28015725590708,122.04124252933491,119.99874929291384,121.98677825927734,5772000
2023-06-08,122.26819103572475,123.43921444269442,121.65089696383534,122.0140151977539,4128500
2023-06-09,121.96861184978324,123.54814484805763,121.79613243685442,122.8219223022461,3981500
2023-06-12,123.4573517287385,124.02016757618495,123.29395894136701,123.83861541748047,4494500
2023-06-13,123.92032790842013,125.42723733934442,123.45736776585389,124.9098129272461,3927300
2023-06-14,125.09137760614078,126.11715377173815,124.31069067792211,124.54670715332031,4514900
2023-06-15,124.61024838896142,125.99914269936424,124.52853813128648,125.63602447509766,3812600
2023-06-16,126.38947094029213,126.60734186060108,124.79179241265561,124.80086517333984,7473700
2023-06-20,123.7841630069602,124.57392259128966,123.35750777480578,123.42105865478516,4271300
2023-06-21,122.64947425482205,122.90365013312578,120.9973171943013,121.36043548583984,5501300
2023-06-22,119.5357674285808,120.6977318033715,118.62799271657197,119.07280731201172,6012800
2023-06-23,118.37382111349302,118.57353266535809,117.26633481734797,117.49327850341797,11324700
2023-06-26,117.45697667730096,119.29068558709073,117.38435303367581,119.22713470458984,4845600
2023-06-27,119.19082334128757,120.68864608659662,118.76416811535483,120.13490295410156,3219900
2023-06-28,119.88073363819139,119.98058941672676,118.8367981956754,119.6083984375,2753800
2023-06-29,119.59933896126867,121.95955916070497,119.54487468538933,121.69629669189453,3639800
2023-06-30,122.26816063967753,122.57680067312172,121.124355801616,121.46931457519531,4236700
2023-07-03,121.11529571069364,121.95953336287937,120.616016868169,121.34223937988281,1477100
2023-07-05,121.02453669476617,121.92322483507061,120.36185115209592,121.85968780517578,2955100
2023-07-06,120.95191021303701,121.55103100866127,119.41776870053708,119.97151184082031,3507700
2023-07-07,119.62657528199672,121.5056759748087,119.59934314310487,119.89891052246094,2982700
2023-07-10,119.60839449384189,120.77943166274095,119.5539302258081,120.64325714111328,2369200
2023-07-11,121.33320403691711,122.15019595732863,120.94285360273182,122.04126739501953,2924000
2023-07-12,122.61313849920083,122.84915494065393,120.34370169142596,120.58879089355469,3732200
2023-07-13,121.19700761892229,122.6131479312064,121.06084694059885,121.56919860839844,3221400
2023-07-14,121.56010374699498,121.56917650671906,120.67956124980478,121.09712982177734,2861500
2023-07-17,120.97005857430042,122.19556003122545,120.82482514102219,121.85968780517578,3167400
2023-07-18,122.28634051331474,123.41197231850087,121.90506293567208,122.87638854980469,3852100
2023-07-19,123.03071255339245,123.86586367338529,122.72207245826233,122.98532104492188,5520000
2023-07-20,124.53761997841185,127.37895937406323,123.96571745429202,125.61787414550781,10896300
2023-07-21,125.46353386316976,126.88873278580452,125.05502421095194,126.12620544433594,5858600
2023-07-24,126.49842522961792,127.19740185973909,125.98098693952228,126.67089080810547,3475200
2023-07-25,126.56195266757362,127.47880016899003,126.21699383366456,127.38803100585938,3770800
2023-07-26,127.48791182174489,128.22320728977874,126.97956008342746,128.059814453125,4046400
2023-07-27,129.1763689052537,130.15676744323494,128.81325064032796,129.78457641601562,6331600
2023-07-28,130.2111878608796,130.67414790973177,129.67560418350416,130.2202606201172,6686400
2023-07-31,130.54706240236834,131.26421208989476,130.2928866236742,130.8829345703125,6138100
2023-08-01,130.94649440690281,131.15527869979573,129.05832145621616,130.11134338378906,4797700
2023-08-02,129.61209485174228,130.99191653280135,129.18543955464867,130.8739013671875,4957400
2023-08-03,130.5198443751112,131.82704215051686,130.09318916087346,131.1280517578125,3951900
2023-08-04,131.7090392152149,132.61681399321188,130.7104952703445,130.93743896484375,4223100
2023-08-07,131.6273643399848,132.98902672970877,131.56381344638888,132.6985321044922,3438700
2023-08-08,132.2627913647778,132.67128727230542,130.819432694126,132.45343017578125,4654600
2023-08-09,133.08696488186695,133.08696488186695,130.6628618037652,130.8373260498047,4072900
2023-08-10,131.34235415095708,132.7564226436619,131.02098513784676,131.53518676757812,4735800
2023-08-11,131.4158172607422,131.71883194635674,130.5802465941682,131.4158172607422,2526400
2023-08-14,131.35151993932072,131.64534338053733,130.20374366234472,130.30474853515625,4226400
2023-08-15,129.92831375048507,130.67207076059174,129.65284455871904,130.26805114746094,3656600
2023-08-16,130.11195368075124,130.47005942256007,129.06518197308353,129.13864135742188,3285300
2023-08-17,129.4783819916652,130.99345556104882,129.10192190255648,129.15701293945312,3742100
2023-08-18,128.5509772595384,130.23132385788713,128.33059911172484,129.84567260742188,3915500
2023-08-21,129.85481483678757,130.7454903461691,129.5701685626237,130.6444854736328,2937800
2023-08-22,130.99343020353504,131.5168089636834,129.74464890214938,129.9191131591797,3557500
2023-08-23,130.13033256249233,131.7463971159074,130.00178213223143,131.68212890625,2559100
2023-08-24,131.77391699305713,132.65541549398478,131.50763901467153,131.81065368652344,2900200
2023-08-25,132.38912408124892,133.5736372591874,131.76474039903596,133.4634552001953,3660100
2023-08-28,133.51855877897944,134.73979475438364,133.33491732641787,134.07867431640625,3561100
2023-08-29,134.33579839046655,134.7306268812267,133.71140053061117,134.47352600097656,2778100
2023-08-30,134.44595598744377,134.90506662010583,133.83074942098995,134.8499755859375,2245400
2023-08-31,134.92343837385243,135.64882702695115,134.55614145188568,134.8224334716797,3885900
2023-09-01,135.2172465959109,135.98856303926706,134.90505475578334,135.84164428710938,2727800
2023-09-05,135.81410349274805,136.81496125608888,135.50191164177008,136.01611328125,3731300
2023-09-06,135.58454512900187,136.1997516488499,135.08869783716145,135.9518280029297,2932200
2023-09-07,136.01612445965847,136.61296269504624,135.34581282865653,135.4560089111328,3332900
2023-09-08,135.29991982018106,136.43850531281336,135.21726925140476,135.60292053222656,3722800
2023-09-11,136.42013077412386,136.61294938051114,135.5110867397528,136.24566650390625,3273600
2023-09-12,135.8232990001588,135.89675838870946,133.87667424187725,134.33578491210938,4457700
2023-09-13,134.01439973475763,134.96016657971313,133.98685421585176,134.56533813476562,2627800
2023-09-14,135.32745701660622,135.64882605872018,134.50104945628848,135.29991149902344,2723100
2023-09-15,135.07950481965585,135.75899346873274,133.62871381926482,134.0511016845703,6234000
2023-09-18,133.84911391465306,134.50104314812936,133.19717067023257,133.22471618652344,2508100
2023-09-19,133.1420503450463,134.7213916493249,132.82985855513894,134.53775024414062,3945400
2023-09-20,136.2272859757628,139.50532808972707,136.01609904114588,137.5770721435547,9632400
2023-09-21,136.81495214260806,137.04450743143795,135.26315614836722,135.3274383544922,4944600
2023-09-22,135.35501522503438,135.98859021073164,134.81326798051933,134.89590454101562,2562000
2023-09-25,134.58368815406232,135.3733449364061,134.2898506444932,134.50103759765625,2694200
2023-09-26,133.61036837453466,134.21639775912675,131.32400644048752,131.52601623535156,4824700
2023-09-27,131.92084156902519,132.05858315918974,130.16703566858178,131.46173095703125,4439800
2023-09-28,130.51594105437934,130.6444914424859,128.74378113184318,130.00173950195312,5783200
2023-09-29,130.3873889972061,130.50676221711322,128.19284124987388,128.826416015625,5704000
2023-10-02,128.58769587135504,129.882391178219,128.42242277393964,129.28555297851562,3275300
2023-10-03,129.34983043702826,130.0568647632221,128.550982387125,128.90908813476562,3284400
2023-10-04,128.89072688589215,129.65285229048413,128.54181229906334,129.5334930419922,2637600
2023-10-05,129.3773790422744,130.1119589042032,128.72544974788494,129.94668579101562,3223900
2023-10-06,129.83650928086365,131.2505781801999,128.6520097582551,130.4149932861328,3511100
2023-10-09,130.66288791090884,130.75470163020913,129.17535994442142,130.57106018066406,2354400
2023-10-10,130.93836733377637,131.69130153909524,130.13032807943318,130.48843383789062,3015800
2023-10-11,130.85567963551404,131.61780480489065,130.51594232313158,131.5167999267578,2511500
2023-10-12,130.85567531015496,131.24132646547608,129.4232527301219,129.68954467773438,3921100
2023-10-13,128.3397769769652,128.66114598020732,126.96244522064517,127.13690948486328,4582800
2023-10-16,127.8898678789026,128.34897855164735,127.19202470027108,127.82559967041016,3361500
2023-10-17,125.9065136898096,129.12028858484018,125.16275659871113,128.84483337402344,4172800
2023-10-18,128.55099828040196,128.94582676415155,128.16534696687438,128.52345275878906,3330000
2023-10-19,127.30218531065937,128.0092195505206,126.65024210048591,126.72370147705078,5314200
2023-10-20,126.85225974335378,127.88067706804138,125.90649297926252,125.94322967529297,4865600
2023-10-23,125.45657557929763,126.42069669617022,124.75871845279079,125.22702026367188,3457500
2023-10-24,125.55756933733049,126.69615463479808,124.92399448067215,126.52169036865234,3698000
2023-10-25,126.25543277110981,127.16447693100221,125.18111549720729,125.86978149414062,6472500
2023-10-26,130.57104103339742,132.60031588229538,130.00174842000686,132.0034637451172,11130200
2023-10-27,131.87493366712013,132.8666143151698,130.12114169833953,130.86489868164062,5469200
2023-10-30,131.4800982459875,132.68296579797592,130.9199827434268,130.9658966064453,4204100
2023-10-31,131.3056562065262,132.9217207774351,130.92918208134893,132.81153869628906,6591800
2023-11-01,133.14207077098024,134.52857970541433,132.6370463210396,133.5093536376953,4750100
2023-11-02,133.84908576865365,135.07032144087444,132.9951329103745,134.9876708984375,3902700
2023-11-03,135.39173483659204,136.30995618375232,135.2356388888883,135.804931640625,3510500
2023-11-06,135.79574911245643,137.02616230647084,135.75902642483533,136.7874298095703,4597200
2023-11-07,136.84253124445803,137.0720865896324,135.92430986376064,136.6588897705078,3549900
2023-11-08,137.04451689640578,137.43934529520936,135.52026631067685,135.92428588867188,3618600
2023-11-09,136.09146653923875,136.50006821979056,134.91209608307256,136.15646362304688,3412700
2023-11-10,136.91794785795165,138.52448245436693,136.37005660394956,138.38519287109375,3179000
2023-11-13,137.865131856493,137.89298976755498,136.83434663767073,137.53082275390625,2647200
2023-11-14,138.78449903115174,140.0474432080932,138.41305069610542,139.67599487304688,4321900
2023-11-15,139.6666848599626,142.28544210888597,139.6666848599626,141.6911163330078,4632500
2023-11-16,142.0811249992523,142.40615284856017,141.27321725419444,142.1368408203125,3519200
2023-11-17,142.3504369378313,142.5454565006743,141.579682443805,141.97898864746094,4426500
2023-11-20,141.62607914081406,143.64121482686704,141.47750835144694,143.33477783203125,3658500
2023-11-21,143.5669382241105,143.62265404201582,142.55471557607711,142.92617797851562,2859500
2023-11-22,143.4740985186788,144.59775303307134,143.15836603920627,144.05914306640625,3044700
2023-11-24,144.05912463866565,144.30984583861022,142.93547026800863,144.1055450439453,1799200
2023-11-27,143.9291177580225,144.99704214722067,143.70624029712903,144.4677276611328,4053100
2023-11-28,144.34701730284237,144.63489186699158,143.80840733740257,144.54202270507812,2666200
2023-11-29,145.00634856736343,146.26929272531964,144.88563565370313,145.247802734375,3568900
2023-11-30,145.7492514234989,147.2815075808681,145.69353559411175,147.24435424804688,6740600
2023-12-01,147.1050679367431,149.12948535520636,146.72432420102825,149.09234619140625,4871900
2023-12-04,148.8508822056234,151.1724694606043,148.8508822056234,149.60308837890625,5779000
2023-12-05,149.28734620697168,150.87531817159177,149.25020704451288,149.8723907470703,4556700
2023-12-06,150.0581079451773,150.7638795277886,148.59086312377008,148.8415985107422,3555900
2023-12-07,149.5102074460071,149.94666694915742,148.55371470587164,148.78587341308594,3665500
2023-12-08,148.58160253268,150.47601173023952,148.58160253268,150.4017333984375,4561300
2023-12-11,151.0703262648809,151.97110329639332,150.392426721628,151.84109497070312,6077200
2023-12-12,151.61820795507356,154.46910942635657,151.29318010672597,152.9554443359375,5292300
2023-12-13,152.63972880613252,153.19691546819547,151.12606340758845,151.94325256347656,4989100
2023-12-14,151.302482784452,151.83181149762046,148.72087880511367,151.28392028808594,6129800
2023-12-15,150.71744654701928,152.37969677714534,150.47599240521134,150.65243530273438,11016100
2023-12-18,150.65242476483468,151.67392874754492,150.04881779222418,151.12603759765625,3677300
2023-12-19,150.25315094622766,150.69889179383694,149.80741009861842,150.0302734375,3766600
2023-12-20,149.7795194681524,150.25313234433287,148.59086790845646,148.62802124023438,4865800
2023-12-21,149.12946531663192,149.5845014886486,148.14511465497915,149.305908203125,2982900
2023-12-22,149.60308884866583,150.81959830692065,149.51021969023736,150.56886291503906,2442700
2023-12-26,150.6524276453327,151.65535498303078,150.48528017397132,151.5625,1772400
2023-12-27,151.4974925148962,151.96180995109117,151.07031423886565,151.79466247558594,3234600
2023-12-28,152.2589844074413,152.2589844074413,151.73893696087916,152.06396484375,2071300
2023-12-29,152.06397427958785,152.46328050975828,151.20963181913123,151.8782501220703,2526200
2024-01-02,151.20960378706536,151.63676785318117,149.00874388030797,149.97451782226562,3825000
2024-01-03,149.51021948065983,150.1881189927363,148.6558770697231,148.67445373535156,4086100
2024-01-04,148.78589270512236,150.26241887369392,148.73945812369007,149.38021850585938,3212000
2024-01-05,148.49802041206885,149.09234622190712,147.34650795619999,147.80154418945312,4199400
2024-01-08,147.3650755844542,149.71452076438808,146.6221648252612,149.64022827148438,3321700
2024-01-09,148.58159129303462,149.02733209935718,148.12655506855558,148.6558837890625,2617200
2024-01-10,148.8416003399177,149.8259510647686,148.34014372965473,149.7238006591797,2967800
2024-01-11,149.52877453224576,150.6524146680774,148.85086094831604,150.58741760253906,3778200
2024-01-12,151.3396432017922,154.13482937895247,150.7638940509105,153.96768188476562,4958300
2024-01-16,153.9676714572443,155.31418924754414,153.5404931624,155.04489135742188,4869600
2024-01-17,154.88701451889344,155.84352153786065,153.68908168790063,154.22769165039062,4288600
2024-01-18,154.60842745353256,155.07274489707987,153.26189553137021,154.93344116210938,3776900
2024-01-19,158.41584025110282,159.33519399645465,157.10646150858992,159.24232482910156,6929100
2024-01-22,160.48669043181908,162.00035568532743,160.09665130384036,160.4959716796875,4926000
2024-01-23,160.56096047464015,161.601041145875,160.17093553661832,161.52674865722656,3983500
2024-01-24,162.28820936516848,162.38107851128478,160.56094810423804,161.51744079589844,9097800
2024-01-25,171.76031549064598,182.84820417467486,171.63958842059486,176.83993530273438,29596200
2024-01-26,177.6571432800339,178.66007068838127,172.8746791368372,174.0447540283203,9895900
2024-01-29,174.08188367894786,175.93915325586258,172.77250522646082,173.7847137451172,6107900
2024-01-30,174.31404516734483,175.18694997980495,173.44112618504212,174.46261596679688,4575100
2024-01-31,173.70117254150972,174.25834501701263,170.07020643795897,170.5531005859375,8876100
2024-02-01,170.52523317535125,174.12832699314416,169.67089075794286,173.56185913085938,4669400
2024-02-02,173.74759048135587,174.0168883599111,172.37320066643423,172.53106689453125,4055400
2024-02-05,172.27105903759835,172.52179443374334,170.18163046602717,170.33021545410156,4379600
2024-02-06,170.45094643543578,171.50029428438518,169.97733354632248,170.32093811035156,3337600
2024-02-07,170.2559026863517,170.88738172555043,169.59657990627952,170.6273651123047,4841200
2024-02-08,171.14278086997342,172.9420132913349,170.07448617294543,172.7639617919922,5161200
2024-02-09,172.83894401866013,175.40659210184242,172.28605775393407,174.6194305419922,5064600
2024-02-12,174.2070891909401,174.7506095461356,172.4547147053987,174.45074462890625,4724000
2024-02-13,172.6889976743314,173.14818238254688,170.8897651937147,172.14547729492188,4290500
2024-02-14,173.36371417380772,173.36371417380772,170.79605185406956,172.02366638183594,3173400
2024-02-15,172.07051010286284,175.21917056655656,172.07051010286284,175.1160888671875,4714300
2024-02-16,174.89120989235792,177.0652773447938,174.2539736103995,175.83767700195312,4842800
2024-02-20,175.83767785621717,176.89660684367323,171.54575241830702,171.90185546875,4247200
2024-02-21,171.077173917377,171.51761257672678,167.5068210269683,168.39706420898438,4723700
2024-02-22,170.97412098579298,172.9420393394186,170.48682432983256,172.62342834472656,5078400
2024-02-23,173.26999184680406,174.73188160922427,172.96076105949516,174.03842163085938,3433800
2024-02-26,173.926001928823,174.4226644594204,172.48285796144026,172.5484619140625,4620800
2024-02-27,172.57656372573427,173.48555305104867,171.13341984266557,173.2418975830078,3641400
2024-02-28,173.01698040561925,173.71042606718694,172.00490950327472,173.64483642578125,3216300
2024-02-29,174.44137919177714,175.09736145795716,173.07321947443833,173.39183044433594,6458500
2024-03-01,173.82292082500305,176.53114294055894,173.53240741827045,176.36245727539062,4018400
2024-03-04,175.95010902849668,181.7039095911837,175.80018370983953,180.916748046875,7938300
2024-03-05,179.92341431210048,181.74139276539017,178.58336657945537,179.87655639648438,5653600
2024-03-06,181.32906963393685,185.66785246494965,180.8230413125775,183.82176208496094,6945800
2024-03-07,185.15244966313995,186.23011028191962,183.8030216993967,184.1778564453125,4604500
2024-03-08,183.72808171671542,185.3305312585585,182.15375836945955,183.625,3943100
2024-03-11,182.8190863054015,183.0908536855779,178.8738979020049,179.67042541503906,4725100
2024-03-12,180.35448846869264,186.65179486170172,180.06397510930705,185.33985900878906,5880100
2024-03-13,185.1243309863002,185.63973946731355,183.03459947131353,184.32778930664062,3993300
2024-03-14,184.56207365218143,185.31175745237613,180.03587325870006,181.2634735107422,4109600
2024-03-15,179.9140723434997,180.91676323551877,178.70520373558108,179.05194091796875,8828200
2024-03-18,179.64230043483155,181.07606415288515,178.34911047874252,179.6329345703125,5410600
2024-03-19,179.4455246978268,181.4040628915223,178.3116258862487,181.1791534423828,5317300
2024-03-20,180.73869596413485,181.77887882260612,179.2768204439112,181.76014709472656,3238600
2024-03-21,180.86051359224984,181.2072364260382,178.05857613557987,179.82969665527344,6013600
2024-03-22,179.9234207704713,180.85115605646942,178.5271349095501,178.8363800048828,3988400
2024-03-25,178.2928688852582,178.81765756762155,176.87785122312386,176.9153289794922,3718300
2024-03-26,177.1308818576482,178.04923707673657,176.64358520507812,176.64358520507812,4229500
2024-03-27,177.67437072247532,178.9488287649211,176.7372696412366,178.79888916015625,3693300
2024-03-28,178.93009125402887,179.85781221722343,178.36782485891885,178.94883728027344,3742200
2024-04-01,178.04922858434242,178.48030142933015,176.662322807519,177.88992309570312,2364300
2024-04-02,177.24332073023845,177.8618109551717,175.80019117109035,176.9996795654297,2693500
2024-04-03,176.73728737864255,179.31431561068038,176.63420567739985,178.89260864257812,2826200
2024-04-04,179.9234179946863,181.1229063040619,175.55652327200673,176.11878967285156,2983900
2024-04-05,176.72790814147675,178.3491034785176,176.19376790426,177.24331665039062,2014300
2024-04-08,177.33701858265084,178.27411968936718,177.02777350155108,177.8805389404297,2678300
2024-04-09,178.555264189831,179.22061236259353,174.91932109765852,177.4026336669922,2794200
2024-04-10,175.6314914843016,176.10004204774248,173.85100506283757,174.33828735351562,3081700
2024-04-11,174.33828586984205,175.05049187158932,172.97012624369404,174.20709228515625,2861700
2024-04-12,172.42661620977782,173.5230228687065,170.26191478324975,170.80543518066406,3547400
2024-04-15,173.89787820226672,175.6877306440357,169.50287124460112,169.84959411621094,3528100
2024-04-16,173.91659972761207,174.02906158942426,171.358317581089,172.1923370361328,4473700
2024-04-17,172.57653099150536,173.05444737434794,170.34622594018583,171.5832061767578,3003000
2024-04-18,170.8804092455045,171.9205921476754,168.8375211975252,170.05575561523438,2886700
2024-04-19,170.95537146459878,171.30210864494416,169.2123768942915,170.15884399414062,3038000
2024-04-22,170.97408764838852,171.78937530399435,169.0998855052458,170.45867919921875,3076500
2024-04-23,171.23646649494233,173.06381063602572,167.74108367132877,170.73043823242188,5950200
2024-04-24,171.64879803410798,172.6983466369965,169.9901251678074,172.5203094482422,7616600
2024-04-25,157.62041846018457,161.60309854704522,155.24018771161025,158.2857666015625,16702200
2024-04-26,156.96442911880473,157.31115193878134,155.30575622229918,156.61770629882812,8983800
2024-04-29,156.87072233873567,157.6391521234631,155.7743157402328,156.89883422851562,5242200
2024-04-30,156.01799845985778,156.27100551210975,154.86535358125317,155.74623107910156,6011600
2024-05-01,155.2682963072677,155.8118167058192,153.96572624317963,154.08753967285156,4029900
2024-05-02,154.01258105461187,154.50924352448664,152.39138575578474,154.33119201660156,3829900
2024-05-03,154.6216849934498,156.13041837049855,154.54671518787262,155.2870330810547,3400400
2024-05-06,156.0273394404085,158.06084719350818,155.91489187956404,158.00462341308594,4222300
2024-05-07,158.37009114312414,158.64184417954868,157.37676623208282,157.78909301757812,3155300
2024-05-08,157.44236504890674,159.55084271655898,157.339283346527,159.21348571777344,3522000
2024-05-09,158.52262356090222,158.56994663523477,156.98945415115648,157.35855102539062,4266600
2024-05-10,158.17244279859398,159.06206451851267,157.40585817129437,158.1913604736328,2255400
2024-05-13,158.52260957169392,159.0525932991092,157.8222656799103,158.5793914794922,2414900
2024-05-14,158.86330799856532,159.11884101263016,157.5572664166481,158.39010620117188,2601000
2024-05-15,158.93902541792758,159.32705436592155,158.37117747252307,159.2418670654297,4468800
2024-05-16,159.24186544551432,160.53844820477119,158.79705459569942,159.913818359375,3492300
2024-05-17,159.91382966248395,160.0463255989659,158.36172821756375,159.97061157226562,2956400
2024-05-20,159.9422223323767,161.040054069841,159.35545667037556,160.8129119873047,2726300
2024-05-21,160.83181935110517,165.59222798583545,160.83181935110517,164.17262268066406,6459800
2024-05-22,164.09695061198252,165.6112024343004,163.5007116102863,164.38087463378906,3294900
2024-05-23,165.98971566627966,166.05597084549208,161.30502104944298,161.52268981933594,3341300
2024-05-24,162.2892859152193,162.79087866989076,161.08736373604884,161.7309112548828,2587400
2024-05-28,161.3050577848781,161.92021444722485,159.61098698202585,160.56686401367188,2629500
2024-05-29,158.99582134803657,159.59206029920352,157.30176508174992,158.09674072265625,4206600
2024-05-30,156.68659820122102,157.79388882514615,155.42787951565447,156.7528533935547,3842400
2024-05-31,156.81908257766517,158.02101926170295,155.058771203608,157.90745544433594,4905000
2024-06-03,157.61406378950255,157.84120587329258,154.7653938883852,156.42160034179688,2776100
2024-06-04,155.77804692367818,157.48156194480637,155.0966351388374,156.92318725585938,2594200
2024-06-05,157.4910448631152,158.7970721631867,156.89480590464208,158.4090576171875,3049400
2024-06-06,158.40906082144662,159.41224646388596,157.86014492556995,159.1851043701172,2207100
2024-06-07,159.1661509632824,162.1283988607119,159.05258715207484,160.8980712890625,3475500
2024-06-10,160.46272854147986,161.6078687768029,159.82863988107482,161.2482452392578,3440000
2024-06-11,160.86970215726174,160.88863427535534,157.86960406280886,160.24508666992188,2951300
2024-06-12,162.16626929350957,163.22623674791117,159.0904574672438,159.9422149658203,3522700
2024-06-13,159.95168115011836,160.50059701878075,159.317592415881,160.0557861328125,3525700
2024-06-14,159.27027184269465,160.38703571466183,158.26708623425046,160.14097595214844,2777700
2024-06-17,159.71507662436773,160.62363049291503,158.5226132103124,160.41542053222656,3239800
2024-06-18,160.8886242620557,161.598427016153,159.3554549343172,161.40914916992188,3386400
2024-06-20,164.749954055342,164.9392319028117,162.04323895769994,164.59852600097656,4723100
2024-06-21,164.64583055218404,165.58277528707794,162.21356644083082,163.21676635742188,10181500
2024-06-24,165.62063759786318,168.89520055811215,164.81618872456986,165.63009643554688,4864700
2024-06-25,165.75314805127132,166.3304549019698,162.23252503405692,163.3492889404297,4069800
2024-06-26,162.10001155816053,163.42497085532804,161.2766450264188,162.65838623046875,2779000
2024-06-27,161.94860332903386,163.25464511103414,161.34290551321743,161.69308471679688,2894000
2024-06-28,161.6930573630958,164.16317128367473,161.39020128593438,163.6804962158203,4193300
2024-07-01,164.15369643994825,167.00238042980803,164.08745569930886,165.71527099609375,3321000
2024-07-02,165.46920404190365,167.9771822780701,164.97708456120694,167.79736328125,2883300
2024-07-03,168.34626923073122,168.44090092178632,165.7815092389023,166.31149291992188,1649000
2024-07-05,166.32097616119395,166.65220876118764,164.62690560683822,166.58596801757812,2086000
2024-07-08,166.9550682010145,169.01822118728106,166.5764980835986,168.119140625,2503000
2024-07-09,168.08128310860488,168.17591480287948,166.16954381619627,167.02130126953125,2512700
2024-07-10,167.13489458988832,168.66806392051993,165.1001180263853,168.3084259033203,3462200
2024-07-11,168.12860497977755,169.82267562373693,167.15381036202507,168.75323486328125,2806800
2024-07-12,168.98981294401037,174.28967851780936,168.93303104245078,173.0309600830078,4785600
2024-07-15,173.5515099413293,174.99003312484413,172.81331623266476,173.07830810546875,2925700
2024-07-16,174.772357756636,176.59892428372981,174.63040298760149,175.85125732421875,3374500
2024-07-17,175.501084804642,177.8670937899484,175.15092009592797,177.40335083007812,4225300
2024-07-18,176.63675321016066,179.31507691703501,175.17929813666353,175.29286193847656,3487800
2024-07-19,176.34340725232698,176.97749601314698,172.19815432887506,173.42848205566406,3816000
2024-07-22,173.57042491837885,175.05628559154457,173.05937329762446,174.2802276611328,2488500
2024-07-23,174.4789698957874,175.44430562023462,173.2013192475198,174.23291015625,2180200
2024-07-24,174.27075985680787,175.15092272184336,173.33381508582937,174.15719604492188,6962100
2024-07-25,176.78820308624583,185.74117344616127,175.36859762427002,181.69056701660156,9532800
2024-07-26,180.29933950250708,183.195346566449,179.45704090013382,181.47288513183594,4294900
2024-07-29,182.826248795757,182.93035377411042,179.04063422432262,181.23629760742188,3336800
2024-07-30,181.21735372426514,182.43822243122435,178.95544974234227,180.80093383789062,3065000
2024-07-31,180.76309566476155,184.12283148285104,179.8072331848659,181.8419952392578,5558400
2024-08-01,182.4760690171618,183.26158570885656,178.19832086082565,179.49490356445312,4085400
2024-08-02,178.66209765280658,179.11636740649362,175.74717238811235,178.98387145996094,4548800
2024-08-05,174.65879043500485,175.33072891624323,172.06563932523713,173.48524475097656,4975000
2024-08-06,174.800739442079,178.77563161499518,173.79755395149718,176.78819274902344,3632500
2024-08-07,177.9995881837984,179.69364424867237,176.69354661403648,176.78819274902344,3801900
2024-08-08,177.45068106041333,182.5423372234183,176.97747924425224,182.28680419921875,3712700
2024-08-09,182.51591368176875,183.90021283939475,180.47289684505145,182.773681640625,2773700
2024-08-12,182.58276451769365,182.89781103591517,180.4347319939561,180.89297485351562,2290300
2024-08-13,181.666260524845,182.64003932790962,180.63521775369136,182.3345489501953,2178900
2024-08-14,182.48728884352542,184.33937253270287,182.08632452431345,183.60427856445312,1895100
2024-08-15,184.7403383668789,185.44680764020444,184.52076578802172,185.160400390625,2472000
2024-08-16,184.80717459791722,185.54228314567942,184.11980302003425,184.99810791015625,2494400
2024-08-19,185.05536377930216,186.6687770195562,184.94080671944664,185.905029296875,2361400
2024-08-20,185.77139031870016,187.3179835945092,184.96946169703764,187.14613342285156,1790400
2024-08-21,187.0888495365388,188.3872163680678,185.32268373878225,188.2726593017578,2579300
2024-08-22,188.31083203847245,188.9504665766643,186.70697490998114,187.0792999267578,1969500
2024-08-23,187.87166931974292,188.43494218608754,185.58044072544078,187.21295166015625,2322000
2024-08-26,187.1174870520332,189.36099336145557,187.02201311948366,189.00775146484375,2567200
2024-08-27,188.492222777542,190.3633894176574,188.04352153309796,189.7237548828125,2617100
2024-08-28,189.9815400643151,190.93622117016594,188.53997683870028,189.4660186767578,2645200
2024-08-29,190.26795908720493,192.0054712324219,189.28463865269276,189.88607788085938,2989600
2024-08-30,190.08655503451612,193.00787687944646,189.72377155378337,192.96969604492188,4751000
2024-09-03,192.75967216254767,195.44232383085497,191.13671714062178,192.15821838378906,3874700
2024-09-04,191.66176740528118,195.09862510277483,191.41355556995887,194.85995483398438,3142500
2024-09-05,194.8313087316563,196.61655761804673,191.85270854318102,193.40882873535156,3229200
2024-09-06,193.20837670597493,194.85042945706945,190.30613783866806,191.6427001953125,3304500
2024-09-09,192.7883044375464,195.7573632531388,192.30140775153708,194.30624389648438,3705000
2024-09-10,194.94588394677444,196.50201885111522,193.67615629505707,196.01513671875,3070600
2024-09-11,198.3445155695353,200.59756326967178,193.8384201692624,200.37799072265625,5554300
2024-09-12,200.483043318275,203.01294256180853,198.83144899263382,202.02008056640625,4615300
2024-09-13,202.85061270546186,206.29701166254728,202.5164830992794,205.05592346191406,4572300
2024-09-16,206.0965670579317,208.02501245257815,205.75288126835386,207.3185577392578,4176100
2024-09-17,207.40447323437579,208.92241271840246,203.34707847605083,204.42587280273438,5635200
2024-09-18,204.4258531542634,207.03212828144646,203.91031724155158,205.1991424560547,3482800
2024-09-19,208.13001287742046,208.5787141415007,200.83625015361488,204.1967315673828,5279600
2024-09-20,204.6167902074941,207.97727156612052,204.0535318868577,207.8340606689453,9958800
2024-09-23,208.12045391887222,210.62171342829558,207.4235408813756,210.5071563720703,4074800
2024-09-24,209.8198139848544,211.16591785119778,208.27323524232747,210.9558868408203,3183900
2024-09-25,211.1468230256675,211.79601376675114,210.18260033200502,211.2041015625,2537800
2024-09-26,212.04421089952592,213.84855752091758,211.328200104255,213.30438232421875,2673200
2024-09-27,212.89388653469192,213.99176397914812,210.7649517481827,210.83177185058594,3830300
2024-09-30,210.6503469238786,211.2899959830221,209.09422687275392,211.0608673095703,3543400
2024-10-01,210.63129238085773,211.0799936560531,206.11564036174488,209.4093017578125,3548400
2024-10-02,208.41643401866756,210.2207807617995,206.02018963970465,209.77207946777344,3343400
2024-10-03,209.55248236901468,212.7315718906132,209.33290981484578,212.62655639648438,3788300
2024-10-04,213.60990203587355,215.83431080849923,213.15165917403107,215.7579345703125,3553800
2024-10-07,215.16604307078816,217.35225650304037,214.82235727278365,216.82717895507812,3458000
2024-10-08,217.7723189048517,218.95612878157146,216.75080307644956,218.2592010498047,3245100
2024-10-09,218.8129135894488,224.3023301247529,218.1446397073022,223.68179321289062,5083600
2024-10-10,224.44551612377725,225.14242919728656,221.30460737538917,222.45977783203125,3142000
2024-10-11,222.6793775001346,222.86076924879848,220.01582351005695,222.6889190673828,3469200
2024-10-14,222.98488295512118,225.4193082311492,222.6030017551698,224.59828186035156,2524400
2024-10-15,225.6866022870364,226.61264410330915,222.1638413258316,222.4025115966797,3350600
2024-10-16,221.5910069810389,223.28079642597444,220.64586754900185,223.08030700683594,2846700
2024-10-17,221.48600211872292,222.58387949196972,220.20673301642498,222.3261260986328,5040100
2024-10-18,221.40963138450164,222.1065444848068,219.73893951669373,221.67694091796875,4715700
2024-10-21,220.73182358619874,221.88697955976195,219.82486488718936,221.24734497070312,2733300
2024-10-22,221.4764738269481,222.41205722692877,220.21628778155258,221.7246856689453,3180800
2024-10-23,219.9680911912758,222.76530001837676,219.82488027585433,222.20204162597656,5791000
2024-10-24,210.79359814869454,211.2900364192096,206.36387825180455,208.49281311035156,11193400
2024-10-25,206.97486640568465,208.74101770895564,204.67408144728583,204.94139099121094,8482200
2024-10-28,205.73377469940738,206.44978551622665,203.06066473649324,203.2611541748047,4993300
2024-10-29,202.3828388282042,203.671649491293,200.33982198615954,200.89352416992188,5258400
2024-10-30,199.98660777434458,201.55228431328422,195.00317089255208,195.61416625976562,6956600
2024-10-31,194.87904886949988,198.69777309833387,194.28713670828233,197.35166931152344,5925300
2024-11-01,198.3540893201118,200.3302715533264,198.01040355338617,198.8123321533203,3334100
2024-11-04,198.23953120138796,198.28726817143598,196.47337984783542,196.96981811523438,2593900
2024-11-05,196.82659995571817,198.68822518080074,196.25380003807294,198.1631622314453,2441500
2024-11-06,203.80531971822893,204.6168044903691,200.83626087711139,203.91989135742188,3934400
2024-11-07,203.9580918837558,204.79821600498587,202.3255806149617,204.00582885742188,3675800
2024-11-08,204.45453166814667,206.8794155347713,203.13706693528113,204.0344696044922,3201000
2024-11-11,204.68362310838748,205.6478603476049,203.80531823976082,203.89125061035156,3013000
2024-11-12,203.89122012086085,204.978516397102,201.1585616255795,202.89053344726562,2817800
2024-11-13,201.58195855081436,203.41977372526418,201.16821742553282,202.9482879638672,3247800
2024-11-14,202.06305408389625,202.54415659361982,198.5510116357476,201.0912322998047,6372900
2024-11-15,199.61906400456024,200.61013402092564,196.35718950712527,197.24241638183594,3986500
2024-11-18,199.17643505874221,200.5427643972952,197.60803621001304,200.22523498535156,3405900
2024-11-19,198.6953503113156,202.38059755351603,198.39706908371056,202.30361938476562,2860700
2024-11-20,203.02526794247964,206.83560644549814,201.84175982801648,206.4892120361328,4562900
2024-11-21,207.65344257301757,214.2156872107467,207.13385837348875,213.99436950683594,5236400
2024-11-22,214.9084892722535,218.61296965524807,212.54145854904064,214.5428466796875,5320700
2024-11-25,214.90849109340783,217.86245278770232,214.23493585253476,217.5834197998047,7189300
2024-11-26,218.16074476727917,220.32570610885767,216.9868534430566,220.18138122558594,4449500
2024-11-27,220.18138205287656,220.52777645611397,215.7937293999251,218.34356689453125,2995100
2024-11-29,219.14217912090965,221.65353464784422,218.6033466937192,218.81503295898438,2640300
2024-12-02,218.90163476193598,219.74837984961133,216.98684155033666,218.79579162597656,2655900
2024-12-03,218.6514647080986,220.45078332051756,218.10300082268242,220.34494018554688,3163800
2024-12-04,221.30713689013615,224.90578866250797,220.68170955001867,224.6652374267578,4104200
2024-12-05,224.7229814442416,227.58073147844536,224.63638651764956,225.87762451171875,4791100
2024-12-06,225.56971325534764,229.3704347872867,225.36765842538586,229.04327392578125,4028400
2024-12-09,229.00479975161343,230.30378242976073,220.25835945286747,221.30715942382812,4970400
2024-12-10,219.7676153088313,225.5312285229196,219.19030112023088,222.96214294433594,4769500
2024-12-11,223.89549672078059,224.19377793886193,220.47004907222154,221.42262268066406,3872700
2024-12-12,221.94221598903914,225.0501341283941,221.67279975490777,223.4817352294922,4515700
2024-12-13,223.4721223182094,224.94429486655704,221.5573289878229,222.09617614746094,2757400
2024-12-16,222.0095720722113,222.29823653012497,218.30509135558614,220.66249084472656,3610300
2024-12-17,220.56625383645525,221.49959388555413,219.01710315845352,220.3160858154297,3651300
2024-12-18,220.38343246220813,220.38343246220813,211.71397047265276,211.8486785888672,4152500
2024-12-19,215.93805748534618,217.6507813150572,214.5524798518532,215.4569549560547,4427200
2024-12-20,214.3119426716668,219.07485508825172,213.3016243573403,214.9181365966797,12423200
2024-12-23,214.38888985848143,215.28374812712656,212.72427934929868,213.54214477539062,2988100
2024-12-24,213.86930297028312,215.95728599506515,213.16688277050096,215.9284210205078,1186200
2024-12-26,214.87001874407804,216.88102388136386,214.1387481529063,216.3903045654297,3286500
2024-12-27,214.70641023564886,215.93803138721543,213.04179979646753,214.36001586914062,1810800
2024-12-30,212.2046921800116,213.2150104042316,209.4239202132459,211.9256591796875,2095600
2024-12-31,212.3778920271993,212.69542144391235,210.18406576816682,211.5215301513672,2270200
2025-01-02,213.43631516837223,214.0809907414833,209.37580898852877,211.6273651123047,2579500
2025-01-03,212.21431786371383,215.20677603169946,212.21431786371383,214.2349395751953,3872100
2025-01-06,214.57172559452022,215.870708281491,212.40676423762486,214.2541961669922,2846700
2025-01-07,214.9084767692962,218.14148591808436,214.4081260952232,215.49542236328125,3299300
2025-01-08,215.44733909003935,216.39991270547765,212.48374573538712,214.7449188232422,2619800
2025-01-10,213.609510818846,214.02325192303212,208.60604773608244,211.44454956054688,3570300
2025-01-13,209.65485061214596,211.2905962049827,206.63352744539648,209.18336486816406,3716800
2025-01-14,209.7606928548364,209.8857842048055,206.4988184477257,209.5201416015625,3485500
2025-01-15,212.52220739273065,213.30159107064367,209.77030058649387,211.71395874023438,2951600
2025-01-16,211.38681785923364,214.26380139990837,209.16412666824982,214.24456787109375,3329100
2025-01-17,217.41986021494736,217.41986021494736,215.1875374448032,216.2940673828125,5506800
2025-01-21,216.4865236647166,218.8535399114492,214.4081571928898,215.7841033935547,3982200
2025-01-22,213.59027809460656,215.9188126105181,212.02189380869183,214.8218994140625,4759500
2025-01-23,215.47618923001704,217.49681091308594,214.71603906094015,217.49681091308594,3619700
2025-01-24,216.75593322155558,218.23772252132812,215.34149063982173,216.30369567871094,3232900
2025-01-27,213.79231666071007,215.82256965898137,211.531129192701,215.65899658203125,4898400
2025-01-28,215.84181348892614,217.23700767866978,213.38818802029732,217.13116455078125,4485400
2025-01-29,217.09267582702628,220.79717075234737,215.27410906126994,219.98892211914062,7079800
2025-01-30,240.55127200300697,251.9052802958813,237.6742735043006,248.50869750976562,15381900
2025-01-31,246.37259059399403,247.51761694931452,242.36982875595913,246.03582763671875,7199800
2025-02-03,242.86056270943018,252.15546755050244,242.32173019958566,250.87574768066406,8408500
2025-02-04,250.17331067728693,255.224887142886,248.36436050181513,254.46473693847656,6077700
2025-02-05,255.6674894153258,255.677120862126,251.30870181906363,253.34857177734375,6165100
2025-02-06,253.04068045746084,253.42555658308584,243.17806456488572,243.86123657226562,6128300
2025-02-07,245.63169577042225,247.21932817696538,242.49491269793143,242.8028106689453,3370300
2025-02-10,242.98687236197145,244.04265965522524,239.12209139596592,241.44677734375,3564400
2025-02-11,243.21932291609133,248.69199379056542,242.7156387902961,246.70632934570312,4801600
2025-02-12,244.78849128460865,248.35298895274616,244.1104634433758,247.78150939941406,3075300
2025-02-13,247.6361937998239,251.14257649384527,246.4254246618445,251.05540466308594,4531500
2025-02-14,250.87140715025643,253.71913900161078,249.8156198333636,253.07984924316406,3925300
2025-02-18,253.70942392631903,255.67571200049179,251.67532567998268,254.81365966796875,4262800
2025-02-19,253.77724962643907,256.06316791528724,251.92719055717745,256.0244445800781,3718700
2025-02-20,255.37545660677247,256.77026521478393,253.92253343674366,256.4312438964844,4884800
2025-02-21,255.56915788851103,256.51838198308,252.90546576065233,253.27354431152344,5667900
2025-02-24,253.29293842667414,255.5691906304221,251.4331837691999,253.6513214111328,4398100
2025-02-25,252.8860902204192,255.21079077856717,248.71136030043493,249.66061401367188,6292200
2025-02-26,249.99964241233832,250.22240503763737,246.42544919638684,247.81056213378906,3460100
2025-02-27,247.2100052683946,249.54437175674715,245.1081117795944,245.28245544433594,3402200
2025-02-28,242.98685884983712,244.87565591619804,238.8024332444547,244.51727294921875,7988800
2025-03-03,246.74510921153225,247.95587854443426,240.45878951434128,242.33790588378906,2977700
2025-03-04,240.9430761943312,247.46185357470495,240.31348210819456,245.2631072998047,5342100
2025-03-05,243.68427949289102,244.80787697501546,239.25769974102613,243.4615020751953,4009800
2025-03-06,241.9116939390905,244.18794602024633,239.05428149118492,240.8849639892578,3254400
2025-03-07,238.23098365941254,253.73851277943913,237.4851455722955,253.3317108154297,6700200
2025-03-10,253.3510314018661,258.08757470480117,246.754763159711,248.8372802734375,8165500
2025-03-11,247.95585557182065,248.6435789923484,238.1437770774844,241.1367950439453,5630600
2025-03-12,242.49286017099664,245.1856096770016,237.82412706295082,241.7954559326172,3848800
2025-03-13,240.99150897547244,241.44675938547343,235.41227493968083,238.08566284179688,3862400
2025-03-14,235.13141137927775,241.13682449148126,234.09498570541692,240.5556640625,4045200
2025-03-17,241.42738916733953,246.63854476439053,241.18523531662004,245.0306396484375,3233900
2025-03-18,244.58506895299217,244.64319829201617,237.4270017493164,239.19956970214844,4171900
2025-03-19,240.53625493909553,245.69897659901252,238.89929261035385,244.37196350097656,3853600
2025-03-20,236.57461125997605,239.05426411630452,229.774927569962,235.68348693847656,7026800
2025-03-21,234.1046578272388,237.51418816540271,231.01477234389318,236.2162322998047,9580100
2025-03-24,239.5482753585693,241.0108940909332,238.25033425268074,240.65249633789062,4753300
2025-03-25,240.56531514390457,243.0255916934307,240.4103331367177,242.05697631835938,3133800
2025-03-26,243.3645977802893,246.33825389030338,241.69857825687427,242.483154296875,4450100
2025-03-27,241.8729572334618,242.44443677038737,238.0178573127449,238.48280334472656,2889300
2025-03-28,238.54092423334626,239.8001272385543,234.47274241489586,236.3421630859375,3125300
2025-03-31,235.12170980467255,243.01591947952986,234.8795559523162,240.8559112548828,6795000
2025-04-01,240.24565528505167,242.75436540255683,235.84814826015642,242.483154296875,4412900
2025-04-02,240.42971790960314,244.85628264144125,239.47078333430775,242.1344757080078,4080800
2025-04-03,235.09267140996582,242.74472784716266,234.91831293671584,235.8481903076172,5309600
2025-04-04,230.53047582295537,232.62268873054109,219.75947680818993,220.34063720703125,7407100
2025-04-07,212.35923192222958,224.9996502531611,207.76798990154438,218.6939697265625,7797900
2025-04-08,225.26118181887364,225.73580865773945,210.46074055920195,214.09304809570312,6850000
2025-04-09,210.30577906679272,228.88383084415187,208.40730108597856,227.92489624023438,7302800
2025-04-10,223.75014665520766,225.27087985453102,215.05198491927692,222.3456573486328,5656100
2025-04-11,222.51033436221715,230.12365211688788,220.36968779146912,228.0895538330078,4325900
2025-04-14,232.24491336306454,234.18214411941182,229.30031433667395,231.55718994140625,3321500
2025-04-15,232.03181964891752,233.9496739828985,230.79199313201084,233.14572143554688,3363700
2025-04-16,232.7388892375425,235.66411165903418,228.4866685496327,231.0825653076172,4869900
2025-04-17,232.15773891137422,234.19183722408474,229.9492969158078,231.31504821777344,4635200
2025-04-21,230.59827988625483,233.25227667507139,225.61958244409593,228.80633544921875,4908900
2025-04-22,231.01476083605246,235.02482779144464,230.54982960670333,233.3394317626953,4232700
2025-04-23,238.27937992924691,241.51455170306207,236.01282352099778,237.77569580078125,7948300
2025-04-24,223.92448257457843,225.47427299847715,217.39602477716522,222.13255310058594,15428100
2025-04-25,221.76450504935295,226.03610274504808,219.21705645782342,225.1159210205078,6700100
2025-04-28,225.5517809693084,229.2034651387091,224.78658131211517,228.7482147216797,3653500
2025-04-29,229.56184092933862,232.44831057142903,228.7288311263316,231.8768310546875,3426500
2025-04-30,229.30032703955743,234.8601849390448,226.98533674867144,234.2305908203125,5143000
2025-05-01,233.86251627411914,234.7633215469632,230.48204303775094,232.1383819580078,4243300
2025-05-02,235.49947355779756,237.97912668678364,233.7559628327609,237.84352111816406,3731900
2025-05-05,236.0903330363051,241.96014024711903,235.99346558019386,241.35958862304688,4137800
2025-05-06,239.98415033750834,242.33789348580004,238.3859408118016,241.3014678955078,2900600
2025-05-07,241.6211050229153,246.48355839782326,241.02056821330874,245.41807556152344,3399700
2025-05-08,246.9969350331867,248.46921984754383,245.30185802805698,246.16392517089844,3637000
2025-05-09,246.21266397551852,246.69044925316737,241.46412135370147,242.98521423339844,2901300
2025-05-12,246.202910465572,247.48023803637824,238.5486754166292,247.3632354736328,4609500
2025-05-13,248.08479440330663,253.1063532358602,246.5734615651365,252.14105224609375,3521400
2025-05-14,251.1757441577875,254.05215653567575,249.83015508492656,251.3902587890625,3634700
2025-05-15,252.55059461781218,260.76059272775393,252.16054635780654,260.029296875,4856300
2025-05-16,259.70752119636086,261.2968754969148,257.9914041960323,260.1072998046875,3817900
2025-05-19,258.8299532721492,262.42793072765,258.46915570819516,261.71612548828125,3198600
2025-05-20,260.7313010926758,262.56442050309,258.9956937319325,260.29254150390625,2437900
2025-05-21,258.3619224360258,259.0249567951906,253.91564651756605,254.36416625976562,3753900
2025-05-22,254.26668499466874,254.754215568943,251.4780243929421,251.92654418945312,3091300
2025-05-23,252.13126754684401,253.38910460488142,249.41085382494424,252.18003845214844,2722600
2025-05-27,254.49094727147497,257.2113760741289,253.15511832461542,256.66534423828125,3284200
2025-05-28,256.5970692863016,258.39117804610567,253.45737151751902,253.7498779296875,2318400
2025-05-29,254.24716399402413,254.6176919470786,250.36641037584968,252.23854064941406,2295000
2025-05-30,252.2970224245183,253.63285117351361,250.68817779803854,252.5992889404297,9668900
2025-06-02,251.41949610304982,257.39662506277233,250.8052028843962,257.318603515625,2831900
2025-06-03,256.78231289137887,258.9371893073759,256.0314968988849,258.586181640625,2494700
2025-06-04,258.29366028324864,260.3412943926936,258.18641785332346,258.898193359375,2588600
2025-06-05,258.5862281481185,260.83861701770047,258.4887160820945,260.2048034667969,2658400
2025-06-06,261.30664474134403,263.4323007989335,260.85812491554367,262.1647033691406,2495200
2025-06-09,261.4138624107741,266.6499352669939,260.05851332542085,265.2945861816406,4331500
2025-06-10,266.3769362332475,270.55019642477174,265.7626429977855,269.3508605957031,5163500
2025-06-11,269.7993743852508,274.72342023667164,268.24900130272187,274.4991455078125,4656000
2025-06-12,274.5089233243695,276.0007654705475,272.8513077146161,274.0213928222656,3418000
2025-06-13,271.2717585513994,272.86111301237787,268.9511082162165,270.30645751953125,3243800
2025-06-16,272.3442791688674,277.4048480211976,271.72025561682165,274.8014221191406,3685300
2025-06-17,274.1384177243464,277.68765435205023,273.99216451309553,275.99102783203125,3069600
2025-06-18,277.89240131570085,279.7547715058249,275.88377791829,276.14703369140625,3534100
2025-06-20,272.3150351528876,277.034326826668,270.2869213637879,273.962890625,7677000
2025-06-23,274.625931331371,282.358158106557,273.2218410769399,281.9681396484375,3786200
2025-06-24,283.21625599429524,286.99949805336445,281.2173925203616,286.4632263183594,4219100
2025-06-25,287.14569094578104,288.774055832526,282.28014630529276,283.8012390136719,3862300
2025-06-26,284.52280395219776,285.6051371966508,282.933479427977,284.6495666503906,3621100
2025-06-27,285.6636280299263,285.809881231529,281.3245945912079,282.4751892089844,3562500
2025-06-30,283.674536411106,287.4577784765993,282.76773667299176,287.42852783203125,3495400
2025-07-01,287.204236066544,287.7502679038568,282.8457117446523,283.93780517578125,3272800
2025-07-02,282.76771788665366,282.9529818754445,279.74502253725433,280.476318359375,3257500
2025-07-03,280.75907338225693,285.02984542463213,280.7200626095112,284.6885681152344,1853300
2025-07-07,285.2053370649638,287.85750412468263,283.118692281608,285.17608642578125,4488100
2025-07-08,285.7904025925806,288.2377856183762,282.2704166931503,283.17724609375,2925300
2025-07-09,284.1230621890059,284.3278166838444,281.43188408797505,282.90423583984375,2971300
2025-07-10,281.69512066432236,281.69512066432236,275.17196010776036,280.26177978515625,3487800
2025-07-11,277.90217800162696,280.2618092370779,275.8643038413726,276.517578125,3790700
2025-07-14,275.7765054106584,277.82413957981896,274.68444178883993,276.71258544921875,2857100
2025-07-15,276.6930423850053,277.063570316842,273.72887844331103,275.6497497558594,2864100
2025-07-16,275.6985087608675,276.7905723634424,272.89032820767414,274.88922119140625,2804800
2025-07-17,274.47966311840304,276.39077428822463,273.89462058496804,274.9671936035156,3337200
2025-07-18,276.31282994560655,279.9985598556275,275.18175545516306,278.74072265625,4478200
2025-07-21,279.15023224066226,280.5543225125818,277.28786209170653,277.609619140625,3051800
2025-07-22,277.6388605373889,277.77538336096114,274.23590715819927,274.9281921386719,4824200
2025-07-23,277.20985823564496,280.89558799551696,274.42119777871943,274.97698974609375,8105900
2025-07-24,254.73468870103434,255.51472560593967,246.44667012128775,254.01315307617188,22647700
2025-07-25,253.53533474835888,254.29588109082465,249.95687776442946,253.24282836914062,7758700
2025-07-28,253.80838173602424,257.41611955665394,253.13558722484467,256.64581298828125,5192500
2025-07-29,257.7086183057892,259.17120985067226,254.51041931790502,255.8657684326172,4627300
2025-07-30,255.07595679673034,255.46597523510235,252.44328026384514,253.76937866210938,3718300
2025-07-31,253.09660551346602,253.5061144934517,245.9299007986972,246.83670043945312,6739100
2025-08-01,245.1401095420164,245.20835608088353,239.4847523058627,243.81402587890625,9683400
2025-08-04,244.78909265061898,245.79340439549216,241.92241063000947,245.69589233398438,5280600
2025-08-05,245.71538154977605,246.49543335574293,242.79019843608825,244.41854858398438,5823000
2025-08-06,245.25710752443914,247.9775362169086,243.06322013681907,245.9884033203125,3692100
2025-08-07,246.50518578152406,248.64057189716104,242.67320293266954,243.92127990722656,6251300
2025-08-08,244.31394115828027,244.90292430300119,237.21657518257962,237.82521057128906,6828400
2025-08-11,237.79577706640265,238.68907047204152,230.39410042188322,231.96475219726562,9382000
2025-08-12,232.19051923317616,233.5942916364613,229.0786791933746,230.4628143310547,8792800
2025-08-13,231.86657873812558,236.42145087074684,231.86657873812558,235.66558837890625,5663600
2025-08-14,233.87895687762355,234.61519703568533,231.29720326345674,232.75987243652344,4556700
2025-08-15,233.2507013704317,236.20547317312173,232.42611598068257,235.32199096679688,4344300
2025-08-18,235.1747391490908,236.99078915967488,234.73298308544776,235.0569305419922,3569600
2025-08-19,235.5968477142741,238.37492900769956,235.09620980526518,236.85336303710938,3328300
2025-08-20,237.66813718805608,238.42401460163373,235.93060624265857,238.10006713867188,3240100
2025-08-21,237.76631738571797,238.05099032985373,234.27161810008928,235.0078582763672,2991900
2025-08-22,236.32327526224705,239.2093240467099,235.81281123460616,237.64849853515625,3134900
2025-08-25,238.1196988785558,238.1196988785558,235.03729248046875,235.03729248046875,3513300
2025-08-26,236.59815647883863,240.48549637318322,235.96989876970994,238.17861938476562,5386600
2025-08-27,238.41419427551244,241.44751514649494,237.56016047529846,240.34805297851562,3698400
2025-08-28,240.92722639965982,241.3689824853932,238.89521131643363,241.2217254638672,2820800
2025-08-29,240.7308947308774,240.95668583107468,237.2852961791004,239.0228271484375,2967600
2025-09-02,236.48033780698697,237.11842161151685,233.8789618513846,237.0693359375,3469500
2025-09-03,235.61649469268326,239.76888511076032,235.01768541423544,239.62164306640625,3163200
2025-09-04,240.91742142276422,244.70660486614454,238.39457949423456,242.64512634277344,4765100
2025-09-05,243.67586835656934,244.46119423047767,240.94687255334293,243.97036743164062,3147500
2025-09-08,244.06853525307235,252.43221299952648,242.48807238452088,251.39166259765625,6940300
2025-09-09,251.4210972222422,255.87781263503277,250.20385643192913,254.35623168945312,4931100
2025-09-10,254.88634491260825,255.30844876027007,249.88973180773473,252.16717529296875,5185400
2025-09-11,252.83468200692133,253.80650941983788,250.96954628248324,252.29478454589844,3576000
2025-09-12,252.2358968206417,252.53038090859633,247.7988035108619,248.790283203125,3433300
2025-09-15,249.35965269168375,254.2973541428395,249.34001542552633,251.53890991210938,4028400
2025-09-16,251.55854706061876,253.26661464267875,249.7424820105967,252.79541015625,2719900
2025-09-17,252.77579800325884,256.17231101740185,252.29479733332508,254.32679748535156,3974800
2025-09-18,254.11081658286867,260.3639746888066,252.08861272211342,260.13818359375,4988400
2025-09-19,261.1688969791157,262.95551350672105,258.80313844957084,261.5124816894531,9858100
2025-09-22,261.7284724046718,267.3140836650484,261.1198519790037,266.3913269042969,5030500
2025-09-23,267.6969129758151,268.2858810910581,264.3298188093482,267.2453308105469,5394100
2025-09-24,267.6183779610586,268.6294798888494,262.3959740422398,262.62176513671875,3159900
2025-09-25,267.9324959399308,279.01537181582387,266.17532787037425,276.27655029296875,11506200
2025-09-26,275.36366140204814,283.5506488453841,274.97097599521186,279.09393310546875,9063900
2025-09-29,280.7529206021583,280.7529206021583,274.5292405725437,274.6666564941406,6022100
2025-09-30,275.72685258032186,280.7725362248588,275.3734417260372,276.9833679199219,5926900
2025-10-01,275.0593379481891,281.33208858331386,275.01023729585177,281.2339172363281,4381300
2025-10-02,280.5467861536198,283.24633350956304,277.60182540168165,281.459716796875,3814200
2025-10-03,282.22537301144166,287.93860340450937,282.02903033409825,283.07940673828125,4375100
2025-10-06,283.3150319950678,286.1029545904827,282.51989497321676,284.1101989746094,2881900
2025-10-07,290.12768635158943,295.5169845568803,287.90916976380413,288.478515625,7190100
2025-10-08,288.7631975011062,288.80247202930576,281.21427968044117,284.1494140625,5297000
2025-10-09,284.50284216824235,284.80715237546167,278.12209402332627,282.9420166015625,4912400
2025-10-10,283.6684228534187,285.06238405276287,272.408855622706,272.7229919433594,4508500
2025-10-13,274.6568595392773,277.2582354968816,269.60134966738804,272.1340026855469,4333800
2025-10-14,270.4651716427207,272.43830483791817,267.5496594404583,271.0836181640625,3058100
2025-10-15,273.27272896780465,280.2130269828325,271.91804223132795,275.5992431640625,3346800
2025-10-16,275.95260486937417,277.3760144473806,270.5437143798629,270.90692138671875,2956900
2025-10-17,271.0836193769804,278.20060754979136,270.2983085271939,276.1195068359375,5309600
2025-10-20,276.0900519525064,280.2620794042332,275.80536404411833,278.4460144042969,3494300
2025-10-21,278.11225924545465,280.0755663058625,276.4336400969587,276.8753662109375,4081000
2025-10-22,276.8164825745629,283.864778024829,276.1882398633206,282.2352294921875,10538500
2025-10-23,260.08910005359274,280.3405860682067,258.724587344339,279.771240234375,16676400
2025-10-24,278.5638090273208,305.0488318236829,277.0324319303077,301.8191833496094,16914200
2025-10-27,302.15296090512254,307.748398312054,297.32324205241673,307.3459167480469,9868200
2025-10-28,306.8649281466726,313.49109009340054,305.69675794018974,306.8354797363281,6044800
2025-10-29,307.051440744946,308.5631657332573,301.87810705263297,302.5554504394531,4135900
2025-10-30,301.02404835329503,307.9937943932537,299.4239483095119,304.3714904785156,4694300
2025-10-31,306.27589712952505,307.7483774041862,296.09615495726416,301.7701110839844,7697500
2025-11-03,302.34930923600103,306.413369525553,298.64848594343283,299.1393127441406,4958000
2025-11-04,294.49603291779994,297.6078875136797,290.5694191455626,295.3304443359375,5677300
2025-11-05,295.8507487001349,301.5639794931993,294.2113741068316,301.141845703125,4650400
2025-11-06,301.122213337027,309.6527847113071,295.56605089128925,306.6882019042969,6818500
2025-11-07,303.9984780832666,304.3126144234849,297.07783222219575,300.759033203125,5070800
2025-11-10,302.85159384341324,305.93123490810245,300.29509654775313,305.1317138671875,2975200
2025-11-11,305.0034006885424,313.7981625561499,304.44076582671687,309.662353515625,4381900
2025-11-12,315.75256468416535,320.69774497784783,310.4618751348558,310.90606689453125,6042700
2025-11-13,308.25085454395617,310.53097463088665,299.7522004830535,300.91693115234375,5310200
2025-11-14,296.11982808966894,303.7399795374244,293.74099518927125,301.7362365722656,3592500
2025-11-17,301.63749485383204,302.0421955279432,292.6749488418995,293.326416015625,3909700
2025-11-18,293.15860183082305,293.15860183082305,286.170187808916,286.1997985839844,4861900
2025-11-19,286.7426779970831,287.34477380860125,284.34411480477047,284.79815673828125,3595900
2025-11-20,290.82913160875,296.82059914810276,286.4070652227362,286.6439514160156,5597000
2025-11-21,289.6841529323667,296.593615228322,288.11472153988643,293.5929260253906,5710900
2025-11-24,295.3104147222967,303.20694315205225,293.66203128138983,300.1865234375,6050600
2025-11-25,300.19639098848455,302.04219961089285,293.21782705556905,300.5418701171875,2825300
2025-11-26,301.2327902394087,302.6344371929437,297.7385983390378,299.28826904296875,2196400
2025-11-28,300.12730884782275,305.18108234046827,299.67326688697915,304.5888366699219,1689000
2025-12-01,302.5455929621246,303.14768873063736,298.8835566114094,301.7164611816406,3166600
2025-12-02,303.0292866816932,306.4544071855833,297.6695250946287,297.8768005371094,4261100
2025-12-03,298.96257943756865,300.0384778511314,295.0439258910233,298.7059326171875,3953400
2025-12-04,298.96254654884814,305.60548126466074,298.62694773296596,304.0064392089844,2962500
2025-12-05,304.598709712679,307.79679408541966,303.2069429630583,303.9571228027344,2344700
2025-12-08,305.61537224389093,311.27127130779166,303.9669888811331,305.1810607910156,3630200
2025-12-09,305.6252517876326,309.90911463234374,304.75662888402957,306.4642639160156,2935300
2025-12-10,306.2175025438153,310.61980856314165,302.6837893197764,308.6259460449219,3411500
2025-12-11,307.96459905829,309.3859765406959,304.4111553522753,306.72088623046875,2755700
2025-12-12,306.5531101243747,307.02688254934895,299.40673144473857,305.24029541015625,2953400
2025-12-15,304.99353471048676,307.33287647197665,302.38769595486997,304.6678161621094,3566700
2025-12-16,303.345134750449,303.4043563014791,296.53438527621074,299.2586669921875,3366900
2025-12-17,299.86080335129185,302.2889773965484,299.1599647682932,299.3968811035156,3131000
2025-12-18,299.2290555200706,300.51225940941845,291.8754318042209,296.5639953613281,5411700
2025-12-19,296.4652713022964,302.891050309204,295.23143883485125,297.0871276855469,11031000
2025-12-22,297.1364724874704,299.258658332275,294.4615321004711,298.87371826171875,2612100
2025-12-23,297.44247807375484,301.1834668147855,296.7614000935896,299.8509216308594,2923000
2025-12-24,299.8311783395197,301.20318441810247,298.3900402884613,300.6208190917969,1210600
2025-12-26,300.7491310548911,301.79541856715923,299.7423346155943,301.1439514160156,2814700
2025-12-29,300.7096546397909,305.9904638304702,299.821301253243,301.7855529785156,4664500
2025-12-30,302.19025674587976,302.2790890731558,298.0939387773206,298.1432800292969,1883700
2025-12-31,297.8570491322844,297.94588145853476,292.043215868254,292.3788146972656,3430100
2026-01-02,293.71135382275025,293.7212341219749,285.2620713510399,287.729736328125,4662800
2026-01-05,291.9444869069126,295.3202657298563,290.4441574983056,291.15484619140625,4190000
2026-01-06,291.18447692778483,299.1204961909983,290.61199188822445,298.557861328125,4147300
2026-01-07,298.58748063533085,300.37406777905517,292.5170304420286,292.8921203613281,2833300
2026-01-08,291.1844755935488,299.7423512320026,291.1844755935488,298.80462646484375,3343300
2026-01-09,298.69605573024967,303.0292903343983,298.093959872926,300.2852478027344,2718800
2026-01-12,298.70592389992686,308.2903268324771,296.08032458630623,308.14227294921875,3895200
2026-01-13,307.56976128902085,308.76410267448443,297.96559858752744,299.2389221191406,4507800
2026-01-14,299.57454597165105,305.1909542021679,297.60041387299106,305.03302001953125,3779000
2026-01-15,305.00341188455536,307.84616695090483,293.19811026672704,294.0963439941406,4932500
2026-01-16,297.10684995649547,303.4734373618509,296.88969424330713,301.7164611816406,6199600
2026-01-20,297.45235591470026,297.6991224236518,286.40708456420236,287.5816955566406,7275500
2026-01-21,288.9734757248979,293.81997380090775,288.7267092044669,293.691650390625,5185000
2026-01-22,295.54732836080484,297.03777760476703,289.7334948984941,290.8587646484375,3670200
2026-01-23,290.2665152250637,290.5330122094406,286.04187381352284,288.6575927734375,3298400
2026-01-26,289.368301269742,292.98096680772693,289.3485707919891,292.4972839355469,3726900
2026-01-27,293.3165400179604,293.4843243713551,289.47683876867563,290.0592041015625,2954900
2026-01-28,290.3652269792933,292.12220330584324,287.4928612204138,290.3553466796875,5790300
2026-01-29,313.7487999344587,315.7624231091951,299.54493515059954,305.24029541015625,10124900
2026-01-30,303.6215076724423,303.799172322983,295.85330307087577,302.733154296875,5940700
2026-02-02,303.532683832547,312.5446014855577,302.44690517744965,310.6593017578125,4581200
2026-02-03,308.3594074937471,308.93192263348726,280.1786856890255,290.5033874511719,11466500
2026-02-04,287.6408926777202,287.6408926777202,275.3519095265745,285.3114013671875,8708000
2026-02-05,282.3995755634643,288.0357137283885,281.41250960911657,286.14056396484375,5532800
2026-02-06,288.7168020644106,296.01123418921753,286.90060425762084,295.0636291503906,3744300
2026-02-09,292.08270995364455,293.8692970422217,287.65079315768804,292.50714111328125,4627800
2026-02-10,292.83473856500086,295.43559151114187,288.20878175534256,289.62835693359375,3837300
2026-02-11,290.2041123840205,291.3556408691464,270.3700786344661,270.8168029785156,7628200
2026-02-12,268.32510825267593,269.31780200173444,255.34068734461837,257.6238708496094,12565400
2026-02-13,258.1003965261278,262.72635342229563,254.76495978935756,260.4630126953125,6842600
2026-02-17,257.30624150332676,258.7952821826409,252.78946659930781,256.4227294921875,4929700
2026-02-18,256.7503275212299,259.20225201503723,254.37777490364303,258.8846130371094,3949200
2026-02-19,254.129609207573,256.39294982779353,251.65779622748514,254.40756225585938,4948700
2026-02-20,253.335456660837,257.1474123938344,251.94569138916975,255.28114318847656,4708600
2026-02-23,252.51150409641878,253.32552024133855,219.1073655001113,221.71815490722656,19522900
2026-02-24,226.13564771128213,234.8614194343222,221.99611643710978,227.64454650878906,13379800
2026-02-25,231.51604462321396,237.7997980693716,229.5306570628724,235.80447387695312,8569700
2026-02-26,237.9586376649671,245.68179422374374,237.2041806820508,240.2418212890625,7343100
2026-02-27,236.33062242647412,238.45498657226562,232.85619409428114,238.45498657226562,6642200
2026-03-02,233.97792459656534,239.0208108959569,232.07195432666467,237.62110900878906,6220300
2026-03-03,234.6231820712445,244.29200983988454,232.57822015103955,243.48793029785156,6960400
2026-03-04,243.95449398374365,249.01723826979514,243.1702725702377,248.23300170898438,6085000
2026-03-05,247.49842608300114,258.4776171138843,247.18075679552925,254.6755828857422,9894600
2026-03-06,254.56640552887535,257.504770752482,250.3673149130961,256.95880126953125,6234400
2026-03-09,253.51413594454695,256.1943909057053,249.7319751623786,251.47911071777344,6126600
2026-03-10,251.40961927894278,251.58831203452638,244.74865255037952,248.37197875976562,4938000
2026-03-11,248.1833670833811,251.86626768087837,245.39389997842179,247.05169677734375,4008500
2026-03-12,245.2946427743001,248.22308643974137,243.84530316895786,245.87039184570312,5547700
2026-03-13,245.86046507723168,247.89549034246835,242.92209999001707,244.48062133789062,4338400
2026-03-16,246.0590022975876,250.35736818084962,244.30194521378894,247.42892456054688,5674200
2026-03-17,248.6797088124107,254.5167681261647,248.17344044692865,254.23878479003906,5840100
2026-03-18,252.3030582143908,256.3929517968472,248.33228304002762,249.7617645263672,5177000
2026-03-19,247.60760637457724,250.34745094701873,246.43623496548807,248.54074096679688,4249500
2026-03-20,247.1807577944818,248.45140465489388,240.0035858154297,240.0035858154297,11314100
2026-03-23,244.69901903749496,249.51358997403102,242.92210381964344,246.62484741210938,4972000
2026-03-24,244.64938540442864,245.30456695159515,236.261125775069,238.8321990966797,4151500
2026-03-25,241.8202180156964,244.3912913465502,236.2611266244346,239.62635803222656,4207900
2026-03-26,238.80240620600992,244.86776562769327,238.04796440863018,239.904296875,3606800
2026-03-27,237.10492188249458,237.69060759332467,232.04217740741072,234.61325073242188,4853700
2026-03-30,236.06258617619443,238.45498184427947,234.4047893653805,235.5166015625,3882600
2026-03-31,238.51454306781002,241.07569488412378,234.65296479978818,240.61904907226562,4750300
2026-04-01,240.35101924454102,244.46077099177765,238.38548975168146,241.3635711669922,4228700
2026-04-02,241.22458974481006,246.3965310292558,239.7256275825532,246.34689331054688,3350900
2026-04-06,246.32703636479113,247.08147819191652,242.9518835388082,244.93727111816406,3376000
2026-04-07,243.52765343367577,243.96442598758347,239.3384843317571,243.27947998046875,2356100
2026-04-08,246.81346022111396,248.1734458572742,239.04066607918753,239.9738006591797,4771500
2026-04-09,239.1200767933788,239.9737940294344,232.05208695046323,235.4470977783203,5078600
2026-04-10,237.44242134637202,237.5218386643363,228.82583168855396,229.07400512695312,5869400
2026-04-13,231.92305385427053,236.33061668357348,230.00714697247665,236.0824432373047,5349600
2026-04-14,237.005642821012,239.77525183565584,236.38024088496445,238.51454162597656,3777300
2026-04-15,240.48007188460318,244.2622328207055,239.22928315569456,243.01144409179688,3879500
2026-04-16,246.9325767000358,249.38453153774617,244.3317238548956,249.1661376953125,4817500
2026-04-17,252.80931724735163,253.78215288785026,249.20583406273408,251.6180877685547,5671500
2026-04-20,253.13690677632513,256.6113349085492,250.71473159772017,251.85633850097656,5157700
2026-04-21,252.14421716465813,256.204331041917,250.0297745909036,253.8119354248047,5584900
2026-04-22,252.65048409685662,255.6583601334188,245.40383174684385,250.0198516845703,12190200
2026-04-23,230.5729858646001,231.20830927058608,220.10998506149048,229.3916778564453,22297800
2026-04-24,230.23545749716484,231.09911137232473,223.35609698086063,230.28509521484375,9816900
2026-04-27,228.26993170333623,229.62993248223347,225.46060648799136,226.38381958007812,8060700
2026-04-28,228.81592097932304,231.85356158480724,226.79083229143535,231.3373565673828,5162900
2026-04-29,228.65708356066193,229.78875387342674,225.162812331921,225.44076538085938,6443700
2026-04-30,224.8749199003804,229.90788461618752,223.25682419811181,229.2924041748047,6283300
2026-05-01,232.83633072056898,234.22609596315004,230.05678508810178,230.5034942626953,3582100
2026-05-04,230.30495250379326,232.37967882849586,226.94964274517807,227.80335998535156,4003100
2026-05-05,228.47840777240853,229.31226692587666,225.49038975152328,227.35665893554688,4221900
2026-05-06,227.07870105218316,227.32687449595605,222.74063410217084,224.0906982421875,7673200
2026-05-07,225.83783425066818,230.12627863769495,225.74849544609805,229.6199951171875,5485500
2026-05-08,229.72999572753906,230.7100067138672,224.8300018310547,229.75999450683594,5332800
2026-05-11,228.66000366210938,230.22999572753906,222.5500030517578,223.5500030517578,6677200
2026-05-12,224.42999267578125,224.42999267578125,219.22000122070312,219.22000122070312,6045200
2026-05-13,218.27000427246094,218.30999755859375,212.33999633789062,214.63999938964844,8361200
2026-05-14,215.5500030517578,220.9600067138672,215.0,218.3699951171875,5902500
