Date,Open,High,Low,Close,Volume
2020-01-02,117.33911147002149,118.43873052280593,116.8942328032374,118.43032836914062,10803700
2020-01-03,116.15783882531366,117.61931202449885,115.8030309735662,116.8674545288086,10386800
2020-01-06,115.36375536395883,116.80834235675412,115.31307036252512,116.77454376220703,10259000
2020-01-07,115.97201504237763,116.46199159885926,114.73863689191398,114.78932189941406,10531300
2020-01-08,114.63725414374525,116.22545312966461,114.55278342792542,115.6847915649414,9695300
2020-01-09,116.62249676832482,116.77455178307011,115.76925621762801,116.107177734375,9469000
2020-01-10,115.91288288242792,115.94666858948106,114.73017688935886,114.9498291015625,10190900
2020-01-13,115.05123676766729,115.90446472167969,114.68797262341772,115.90446472167969,12355200
2020-01-14,116.5296109999355,118.91189730261273,116.31841481148858,117.2561264038086,24906000
2020-01-15,116.45355013766344,117.087138521676,115.01740615492405,115.49893951416016,16293400
2020-01-16,116.11560957007558,116.4957599601079,115.60029058657817,115.9466552734375,10783800
2020-01-17,116.19165331416,116.82524168292144,116.00581258514728,116.74921417236328,14697700
2020-01-21,115.89598337022196,116.63939782790237,115.47359113570137,115.60030364990234,8474200
2020-01-22,115.93820847064264,116.07336416952491,115.21169341630751,115.46511840820312,7549100
2020-01-23,114.64572579411917,115.51585291649505,113.8093843845777,115.34688568115234,9345700
2020-01-24,115.20324670723306,115.2539317097409,111.78188013408243,112.48303985595703,15166400
2020-01-27,110.05004204405137,112.30561432556766,109.57696495150047,111.53685760498047,12860500
2020-01-28,112.22114992053977,114.02054471032571,111.91702703903209,113.5643539428711,13062800
2020-01-29,113.88540046356484,114.50208956135481,112.93924591458418,113.39542388916016,9326000
2020-01-30,112.0944374103468,115.00049763541861,112.0944374103468,114.79774475097656,9048900
2020-01-31,113.61506113587133,113.90228474459799,111.06380858154169,111.81566619873047,12785200
2020-02-03,112.06910219814141,113.40386310413928,112.06910219814141,112.66889190673828,10021100
2020-02-04,114.51053049453476,115.39755671195032,114.11348078664767,114.29087829589844,9157100
2020-02-05,115.37220830773515,116.35214838626727,114.89911822970134,116.23387908935547,10150700
2020-02-06,116.78303480029503,116.8252637205344,115.8284240196949,116.25081634521484,8992300
2020-02-07,115.50735929491438,116.30145863763629,115.14410821579771,115.87906646728516,6379800
2020-02-10,115.6932240497159,116.45353776397758,115.5242697433424,116.36061096191406,5960700
2020-02-11,116.7999158479,117.27300605868272,116.39442284333357,116.58027648925781,6578600
2020-02-12,117.0871524127585,117.67004296727701,116.41132214488765,116.58027648925781,7958000
2020-02-13,116.36907097904141,116.86749076649235,115.22860668806392,116.47889709472656,7447500
2020-02-14,116.44509382114757,116.74077355594633,115.6847929179345,116.12408447265625,6627600
2020-02-18,116.02270955768087,116.33528861352734,114.08815856736075,114.58657836914062,8996400
2020-02-19,115.65941476246486,116.9096918431709,115.17788155257492,116.1493911743164,7071200
2020-02-20,115.8790540269288,116.8843493469014,115.33839262253824,116.1493911743164,7422800
2020-02-21,115.35534700527752,115.66791320212516,113.97834389524564,114.7302017211914,9772800
2020-02-24,111.03846743658055,112.52528339143403,110.4978059175077,111.64671325683594,13618400
2020-02-25,110.66675958180575,111.70584081437227,106.09647275271149,106.66248321533203,20797200
2020-02-26,107.22847822612356,108.9349397839674,106.73005210615779,106.98348999023438,24825600
2020-02-27,103.83244755428532,106.12181236940829,102.47234423514247,102.53147888183594,23005500
2020-02-28,99.27906384295936,100.09850577513045,95.17341742349757,98.08792114257812,45931400
2020-03-02,98.52722234110799,102.70890984085645,96.69404136617483,102.65821838378906,27355400
2020-03-03,102.19357970000215,103.86624936310947,98.19774626890069,98.80599212646484,32547700
2020-03-04,99.9633215270944,101.53462074264439,96.89675058455701,101.24739074707031,25795900
2020-03-05,97.71621365830838,98.35825163099165,95.1058328583044,96.28008270263672,25025600
2020-03-06,89.76678356825545,93.1966058419524,88.71924637184546,91.30429077148438,38159400
2020-03-09,81.58081010977497,83.8279391802484,78.56493076716565,78.93663787841797,40352000
2020-03-10,83.633662677713,85.55977024148383,79.89971686056471,85.06979370117188,31102700
2020-03-11,82.53545225858531,84.52070121071016,79.87438594354897,81.0655288696289,38127000
2020-03-12,75.68423259003684,81.91029604423989,72.92179039092039,74.38327026367188,49725200
2020-03-13,81.09085039449987,87.84912539807557,77.72016254112062,87.78154754638672,38543300
2020-03-16,71.97564217742143,79.392856053278,71.42653736771952,74.6451644897461,38589700
2020-03-17,76.78245937249375,82.31580018653916,73.91864055682211,79.20699310302734,35239800
2020-03-18,74.06223330918301,76.69796247729998,67.88686253261669,70.86894989013672,41525600
2020-03-19,68.90062099340632,74.43396198511736,64.97237826812727,72.06011962890625,32175100
2020-03-20,72.90488838751293,75.57440345035587,69.6778125874754,70.53948974609375,30150800
2020-03-23,69.84677778995007,70.75069688336863,65.96921385702049,66.76331329345703,32536600
2020-03-24,71.72218944562655,76.11506529410134,70.03262082002966,74.70427703857422,34363200
2020-03-25,75.38855533824461,80.38123405625979,71.41807137921273,77.49207305908203,38111700
2020-03-26,79.47734321144982,83.27042457084765,79.02115871673719,82.89027404785156,29826300
2020-03-27,78.72545919699249,80.11934828133542,76.49522892781172,76.98519897460938,30041500
2020-03-30,76.57972333346865,79.48577790090536,75.43926544148191,78.98735809326172,21656900
2020-03-31,77.76239122179543,79.55332967074187,75.47302027871203,76.05592346191406,23379300
2020-04-01,71.89114506817877,73.12452941439766,70.32829534945176,71.26600646972656,28029600
2020-04-02,70.54794822034278,74.26500093111576,70.08331421454855,73.92708587646484,24018000
2020-04-03,73.40639572891895,74.66967145100263,70.64938521002588,71.74195098876953,21199400
2020-04-06,75.9585731692519,77.66569925066914,74.8574760652775,76.35974884033203,26820800
2020-04-07,80.61900013461107,80.66168087750832,77.14499995942094,77.36692810058594,22563800
2020-04-08,78.61314726687282,80.96898285848074,77.2901285869598,80.4909896850586,22903300
2020-04-09,82.72731683488601,89.10343290398536,82.70171098917369,87.71212768554688,42055900
2020-04-13,88.01087610333737,88.01087610333737,83.05167745855769,83.81134796142578,26911900
2020-04-14,86.22693937877071,87.06343406157967,79.92764619987273,81.51527404785156,46151300
2020-04-15,77.8022553771512,78.55338834364026,76.93161762001128,77.4949722290039,30118600
2020-04-16,77.01699043484916,77.30719872177143,74.3026599020473,74.54165649414062,32449600
2020-04-17,78.52779586888889,81.68597635874839,77.64008956891074,81.24212646484375,30191900
2020-04-20,78.9289678508776,80.84094705539302,77.2133044800934,78.28025817871094,23679400
2020-04-21,75.64274097392695,77.99856971574116,75.39520696968904,76.00977325439453,23035000
2020-04-22,77.40963186866213,78.41683648625582,76.12074989336377,76.25731658935547,16662400
2020-04-23,76.5987258489424,77.91321337672986,76.18901934105676,76.29998016357422,16638800
2020-04-24,77.36694000599896,77.75957815483896,75.53177848585804,77.42668914794922,15809200
2020-04-27,78.47658064484439,81.62622353971427,78.13515415832997,80.76412963867188,22870200
2020-04-28,83.4869973807112,83.95645964926898,81.1140932134608,81.33602142333984,20238900
2020-04-29,84.57100310610669,84.88681717177721,83.02605002227007,83.52965545654297,20462600
2020-04-30,81.60060943154109,82.65902557162913,80.70437232136617,81.7371826171875,19127600
2020-05-01,79.80813255003247,80.01298582621902,78.39121498533552,79.59474182128906,18547700
2020-05-04,78.54486318801308,79.09968043192357,77.50352181423239,78.64729309082031,15725900
2020-05-05,79.93617409876606,80.41416728199377,78.44243888901079,78.52779388427734,18064100
2020-05-06,78.66436453822635,79.17650100540455,76.76091629581471,77.0511245727539,20978000
2020-05-07,77.96443067914447,79.30453065836929,77.3157275762283,77.85346984863281,16771900
2020-05-08,79.2106437917148,80.3032033178623,78.62168327658249,79.12528228759766,20487800
2020-05-11,77.76811271436878,77.76811271436878,76.24877186514843,76.79505157470703,31907600
2020-05-12,76.94869437740135,77.49497409567338,74.17461503748294,74.28557586669922,27962900
2020-05-13,73.73075539442071,74.14046842086064,71.18714179115786,71.72488403320312,35451600
2020-05-14,70.6067358414109,75.20744011455136,70.33359592859219,74.7038345336914,35152500
2020-05-15,74.13193468081904,74.4989669789891,72.8089161267031,73.32105255126953,26099000
2020-05-18,75.70250671509278,77.80227097357779,75.01111623707973,77.20477294921875,30504400
2020-05-19,76.86335358524529,77.84494586165584,75.61714582864694,75.68543243408203,19597300
2020-05-20,77.42668317365536,78.86066898198237,77.13647493862335,77.95589447021484,20552400
2020-05-21,77.0511295341305,78.32294309932097,76.53899303397549,76.96577453613281,14621400
2020-05-22,76.82920327983956,77.12794901117712,75.72810628819383,76.36827850341797,13557900
2020-05-26,79.28745912632111,83.22238470891614,79.04846255064243,81.78839874267578,41233900
2020-05-27,87.12317201563245,87.55849095338101,84.33202397138629,86.52568054199219,39402000
2020-05-28,87.8657688685999,87.87429980901932,84.84415535722074,85.2367935180664,24713900
2020-05-29,84.21253414519927,84.6563840685136,82.6078314337621,83.06021881103516,26526400
2020-06-01,83.43575836917898,84.93803062460368,83.11993780897693,84.16128540039062,15176800
2020-06-02,85.59527878362208,85.71477705777812,83.58940745352581,84.4429702758789,21195000
2020-06-03,86.70491971064347,89.5558166302192,86.26106336214778,89.0009994506836,25941100
2020-06-04,88.61688140591527,90.9983221782177,87.73771284550793,90.85321807861328,26784700
2020-06-05,98.09998306194022,98.81697276263068,93.49074216037802,94.94180297851562,42231000
2020-06-08,96.80258653708243,97.46836465976608,95.54784783871597,96.83672332763672,24881800
2020-06-09,94.44674431572983,95.2832323829057,93.0469015602297,94.35285186767578,17031100
2020-06-10,94.28455524474019,94.32723599374381,90.34962983438794,90.52887725830078,24913300
2020-06-11,85.3818850706008,86.7049100035138,82.40295274892327,82.97483825683594,36259200
2020-06-12,85.96232053452668,86.32081539651658,83.07728022129594,85.24533081054688,24856800
2020-06-15,82.30053043306495,86.57688223883957,81.83107476146306,86.4232406616211,22153600
2020-06-16,89.93992153828097,90.2045239428575,84.76732614184665,87.1146240234375,22193600
2020-06-17,87.51580815662689,87.52434560952774,84.68197942521599,84.91244506835938,15639800
2020-06-18,84.22107239424112,85.80016288080836,83.76014752301822,84.4515380859375,16591900
2020-06-19,85.80867635750984,85.8684254993703,82.56514128024949,83.48698425292969,40371200
2020-06-22,83.00900349382898,83.60649500151335,82.40297453255798,82.58222198486328,16216900
2020-06-23,84.47711500630969,85.330677843173,83.52112228464242,83.58940887451172,15381400
2020-06-24,82.58222239917932,82.65903994533741,80.4995265410837,80.79827880859375,22919800
2020-06-25,80.53366551576681,83.82841912543404,80.45684797373669,83.61502838134766,25743600
2020-06-26,81.1823773629792,81.40430556614594,78.52779591488301,79.0313949584961,41896300
2020-06-29,79.72278177210252,80.65316227272776,78.68143391888151,79.38135528564453,18499700
2020-06-30,79.23624645124212,80.79826813853639,79.0143182713666,80.28612518310547,19137000
2020-07-01,80.99457655525714,81.69449781655892,79.4069491677879,79.603271484375,18755700
2020-07-02,81.65455329087266,81.84416804498942,79.23267129204308,79.86184692382812,27845600
2020-07-06,81.3873600652711,82.05100502805588,80.56857637960316,81.87863159179688,18625300
2020-07-07,80.8616302919729,81.10295578597582,79.29300800532735,79.56880950927734,25757200
2020-07-08,79.54293592090652,80.44790631607135,79.12061640316293,80.41343688964844,18762200
2020-07-09,80.60305759057259,81.12019112620504,78.2415069753135,78.67244720458984,25600800
2020-07-10,79.29300909845152,83.46450772515624,79.18096699629886,82.97323608398438,28954200
2020-07-13,85.09346836188656,85.55887806559187,82.93876701810528,84.16263580322266,32079200
2020-07-14,84.78318296014609,86.14494908533793,83.29212687559532,84.64527893066406,42731700
2020-07-15,86.95513083256573,87.29988437827339,85.0245201824805,85.95535278320312,22508400
2020-07-16,85.13654708979028,87.23953742507186,84.93831827494864,86.19666290283203,16886900
2020-07-17,86.18805275412116,86.25700477447484,84.58495444684438,84.6021957397461,16137700
2020-07-20,83.97302691274241,84.80043149761491,83.82650878925635,83.8609848022461,14458100
2020-07-21,84.21434926420237,86.23115320675697,84.15401788764368,85.67955017089844,17798100
2020-07-22,85.88638728362612,86.30008621306567,84.05919838099464,85.0589828491211,14271200
2020-07-23,84.89523152837548,85.62782865791128,84.43843590321644,85.3089370727539,12870200
2020-07-24,85.84329414862987,86.01567418931432,84.4125759768929,84.70561218261719,12744200
2020-07-27,84.04196003587307,84.14538147595347,82.8870368751787,83.5162124633789,11959100
2020-07-28,83.17146264634471,84.36947593457877,83.17146264634471,83.87820434570312,11754300
2020-07-29,83.6627381201541,85.93810206645996,83.60240674944244,85.91224670410156,12743500
2020-07-30,84.06781037190001,84.24018381214987,82.78361048785047,83.61962890625,14834800
2020-07-31,83.15422444160977,83.54206799395435,82.0941086492419,83.29212188720703,14535000
2020-08-03,83.61964203263317,84.09367893117114,82.61124344006286,82.82671356201172,12962800
2020-08-04,82.66295386745891,82.69742329755351,81.90449489286284,82.35267639160156,13366200
2020-08-05,82.62849231531581,84.86938047411383,82.4992089151564,83.78340911865234,15260900
2020-08-06,84.10229263893027,84.55046756233465,83.20593621649576,83.80924987792969,10482100
2020-08-07,83.54207436902972,85.74848627196205,83.22317622733591,85.65367889404297,14743700
2020-08-10,86.28285891996855,87.9462885776621,86.21390690058841,86.73965454101562,14989900
2020-08-11,89.51490661108382,91.497234332761,89.21324976012238,89.48043060302734,31518600
2020-08-12,91.49722551719982,91.72993032962769,87.66185382968052,88.72196960449219,19240800
2020-08-13,87.91181472488756,89.08397278060286,87.60153720569076,88.230712890625,13598600
2020-08-14,87.48087566910853,89.04087735762803,87.41192364708098,88.26519012451172,12134400
2020-08-17,87.48086958571032,87.91180982997491,85.78296397120766,85.93810272216797,14988000
2020-08-18,86.11048281335654,86.11048281335654,84.56771594895228,84.7400894165039,13246500
2020-08-19,85.25723086003663,86.69656994274101,84.7573385134454,84.93833923339844,13533000
2020-08-20,83.82649541871716,84.49014047994207,83.43003119601285,83.92130279541016,13672600
2020-08-21,83.8351076933562,84.95555489811692,83.55069214499467,83.87820434570312,12228300
2020-08-24,84.85214822467427,86.36906002526764,83.96441219825185,86.23977661132812,17898300
2020-08-25,87.28263311187936,87.89457403779707,86.01567433277303,86.61898803710938,13648900
2020-08-26,86.13635904161447,86.4207746744089,85.3692857466291,85.40375518798828,12052400
2020-08-27,85.32616463436042,88.47202959509588,85.32616463436042,88.21346282958984,22163900
2020-08-28,88.89436051603447,88.98916790377386,87.7480577920049,88.5754623413086,13756700
2020-08-31,88.01522843914788,88.06693915872674,86.20527434638109,86.35179901123047,14219400
2020-09-01,85.80019429459948,86.93787613099124,85.36063346046787,86.30870056152344,11595600
2020-09-02,86.14495241861852,87.86009932963023,85.80881955328233,87.61015319824219,14475700
2020-09-03,89.04950645781406,90.4888455322361,86.73966610563053,87.33436584472656,23281200
2020-09-04,89.67868029959756,90.67845839008824,87.3688399966508,89.22187805175781,26325500
2020-09-08,88.75646928018803,89.26497569048507,85.7398871054532,86.11911010742188,22108600
2020-09-09,86.87753485436241,87.64460777751343,85.80879857271124,86.9378662109375,13434000
2020-09-10,87.39468658560236,88.27380182818354,85.87777501981114,86.04153442382812,15922800
2020-09-11,86.16220034151809,87.36021378978315,85.83468152143364,87.11026763916016,13784300
2020-09-14,87.48948249510968,89.17014666887054,87.36881976343585,88.31688690185547,19017400
2020-09-15,88.54097321348534,88.6443946493801,85.44681926900144,85.5674819946289,23683000
2020-09-16,85.6967766692633,87.16197085979732,85.11931832392794,85.92948150634766,19270600
2020-09-17,85.06760794178669,85.61921096959779,84.21434803558309,84.94694519042969,18290100
2020-09-18,84.36948119563469,85.74848867359039,83.9816376028312,84.76594543457031,20121600
2020-09-21,82.05102086613992,82.78362455071593,80.86162814486731,82.14582824707031,28378800
2020-09-22,81.84415786316612,82.44747805808392,80.73233141421966,81.24945831298828,19257000
2020-09-23,81.68903852524079,82.18031018202036,79.8618559441931,79.93080139160156,19952700
2020-09-24,79.56880414684056,81.27533035826525,78.7586344067512,79.86184692382812,18366500
2020-09-25,79.33609837519175,80.77543715439134,79.1809596305362,80.55996704101562,13293100
2020-09-28,81.93034431917226,83.54206294782915,81.31841005711544,82.87841796875,20894100
2020-09-29,82.76636912436821,82.76636912436821,81.30117515668022,82.18029022216797,12848200
2020-09-30,82.18030757115025,83.77478524333074,82.10274147941993,82.97323608398438,16400600
2020-10-01,83.70582145278034,84.26603841639069,82.76636845763919,83.5765380859375,15778700
2020-10-02,82.09412731463549,84.97280536810749,81.95622326205789,84.36949157714844,15149600
2020-10-05,85.52641194477,86.33539881881505,84.83920747011729,86.15272521972656,13871900
2020-10-06,87.04871009516987,87.73591466077771,84.8218240553781,85.26545715332031,19220400
2020-10-07,86.08313509961602,87.2922651153242,85.83086965679762,86.75294494628906,16358500
2020-10-08,87.43147415976517,88.65799917299312,86.9008478393209,88.53621673583984,15659000
2020-10-09,88.72757481895643,88.82326195018288,87.08350558118374,88.03166961669922,13689100
2020-10-12,87.94468838630522,89.59745836304954,87.7272188271716,89.1103286743164,16058000
2020-10-13,89.59745139762212,89.78882565664509,87.21398707307183,87.66632080078125,21697300
2020-10-14,87.88377540388377,88.66666695014897,87.07478857885017,87.1791763305664,15204100
2020-10-15,86.20492558739274,88.53619935569859,86.15273502075665,88.4840087890625,17171200
2020-10-16,88.21435170287785,89.01463805639928,87.61413361941476,88.30133819580078,13275000
2020-10-19,88.37962724195484,88.61449808164201,86.60507484830026,86.81385040283203,11725700
2020-10-20,87.2574799192246,88.52750129193018,87.09220757451952,87.30967712402344,11257100
2020-10-21,87.30097398083889,87.84899484068501,86.4050005244336,86.4397964477539,10730500
2020-10-22,86.39629331405895,89.80621390040005,86.38759267472962,89.49305725097656,14837200
2020-10-23,90.03239523601222,90.85877688545324,89.53656491901879,90.30205535888672,15087600
2020-10-26,89.29298326388508,89.33647318445006,87.20527461412362,88.06645202636719,12410700
2020-10-27,87.43144754823213,87.78809410944406,86.25711346931796,86.40499114990234,10391700
2020-10-28,84.8131171766404,85.50902233120866,83.56919119258394,83.97803497314453,16389500
2020-10-29,83.61268634852472,85.23066016456188,82.84718936403375,84.52605438232422,14208800
2020-10-30,85.16977040579127,85.61340347116557,83.7083748903006,85.28285217285156,15194500
2020-11-02,86.45717325442334,87.7532896066492,85.12626098605578,87.20526885986328,15011600
2020-11-03,89.61485058311207,91.11104217133472,89.32779581667165,89.95410919189453,17482600
2020-11-04,87.85767735507423,88.78844654277614,86.05703017375771,87.20526885986328,18886500
2020-11-05,87.90989684290933,91.42420589010035,87.85770626984163,90.77179718017578,17837400
2020-11-06,91.36329229124938,91.42418349045774,89.06681472590151,89.5626449584961,12552800
2020-11-09,98.43542375546778,103.42852294060704,95.99106141468334,101.68876647949219,47792400
2020-11-10,102.08020053734197,102.16718702583314,99.76632808758693,101.35820007324219,20539300
2020-11-11,101.68006330260064,101.74095451175502,99.13131988517793,99.84461975097656,14443400
2020-11-12,97.88739424796726,99.13132035803498,97.47855042599029,98.61809539794922,22063000
2020-11-13,99.77500738701167,99.9141910574011,98.79204760229645,99.23568725585938,11847900
2020-11-16,102.46293577171315,103.17623550352869,100.67098912178105,102.03669738769531,19858600
2020-11-17,100.3752430426293,101.28861778977526,99.67064383786426,101.00155639648438,14553200
2020-11-18,102.07149048370194,103.17623935924709,100.20995192777228,100.25344848632812,12571200
2020-11-19,99.32268760552971,100.74928724308398,98.78336076239826,100.52311706542969,10202500
2020-11-20,99.5401591156267,100.60141154336574,99.24439708719666,99.66194152832031,12718900
2020-11-23,100.9493538972284,102.79349118044682,100.53180949846319,102.53253173828125,13209200
2020-11-24,104.44629467608846,107.42997772367745,104.13313793478822,107.27339935302734,20121600
2020-11-25,105.57712131709282,106.45569353563731,104.7942295964616,106.15123748779297,11715600
2020-11-27,106.12513629313389,106.42959232402316,105.3248499728982,105.4466323852539,5983600
2020-11-30,104.38538876419534,105.0117021586436,102.44555736953723,102.54124450683594,14411800
2020-12-01,104.68113577968693,105.75978948874138,104.06352307545806,104.15921020507812,12668900
2020-12-02,104.12440161772871,106.39478389595277,103.75035378470137,106.15991973876953,10811300
2020-12-03,105.99466128685643,106.02945721254851,104.69854457888673,105.46403503417969,12904400
2020-12-04,106.54267221797673,107.24727135267074,105.855467725096,106.42088317871094,13583700
2020-12-07,105.38575217137918,106.27302507346721,104.56806448600702,106.02075958251953,9724300
2020-12-08,105.29005507766327,106.41219871958954,105.04649025057424,106.12513732910156,9592100
2020-12-09,107.14288148316065,107.25596988097247,104.76811804211515,105.29874420166016,13073900
2020-12-10,104.37668966774477,105.06389428367325,104.00264175367342,104.62025451660156,13668400
2020-12-11,103.46328915232517,104.40275232767063,102.96745896877202,104.00260925292969,9981600
2020-12-14,105.55100937498679,105.62060121835684,102.74130672451636,102.90658569335938,12112400
2020-12-15,103.76777616843017,105.16828066741414,103.18495933973715,104.66374969482422,12590200
2020-12-16,104.64633478540354,105.324838620149,104.26358630974488,104.96818542480469,11169400
2020-12-17,105.48142203115228,105.64669436000332,104.02002653320709,104.09831237792969,11618000
2020-12-18,103.63728120194823,104.28098916811587,102.8804848299833,103.58509063720703,28954800
2020-12-21,107.14287654573972,108.73475495101688,105.33352863056055,107.47343444824219,28323600
2020-12-22,107.33426522182144,107.44734699299813,105.78588316479392,105.83807373046875,11788200
2020-12-23,106.80364761998166,110.05699032981136,106.4295997170082,108.79566955566406,14973200
2020-12-24,108.81304520304482,109.21319495774246,107.49083344932714,108.31721496582031,4164900
2020-12-28,109.44808496097275,110.17008552641046,108.55211139413431,109.0305404663086,8072600
2020-12-29,109.77861972242164,109.84821156711917,108.63908147123496,108.74346923828125,8389200
2020-12-30,109.16100962928545,109.47416630122832,108.6477846948836,109.04792785644531,7398000
2020-12-31,108.8130765332678,110.76160876045095,108.57821230554529,110.53543853759766,8580200
2021-01-04,110.90944538661064,111.22260199863364,108.54337615650014,109.49154663085938,16819900
2021-01-05,109.50907627770478,110.65682778188479,108.44018109392785,110.08733367919922,13731200
2021-01-06,113.7934122794916,116.32546401702017,112.04112028551481,115.2565689086914,24909100
2021-01-07,118.88384273436418,121.07420017771562,118.20920889852529,119.04154205322266,21940400
2021-01-08,119.12914092962346,119.4620794810105,117.50827135657224,119.1729507446289,12035100
2021-01-11,117.91131351302894,121.08294654446672,117.49952527902816,120.95153045654297,15937900
2021-01-12,122.1693547384883,124.11439283303311,121.6349070932507,122.85274505615234,18033500
2021-01-13,121.42464704231733,123.35215883965655,120.99534555710689,122.96666717529297,14816800
2021-01-14,123.08928040509868,125.06935789594515,122.65996571231048,123.68505096435547,18565600
2021-01-15,120.40829852506262,124.10562220867287,120.04032015351709,121.46843719482422,27881000
2021-01-19,122.53731218337751,123.27326880456874,120.74998705064512,120.9427261352539,19843800
2021-01-20,120.75002782560247,121.0566698368746,118.66480332587791,119.12915802001953,16028800
2021-01-21,118.8838316304582,119.29561986085719,117.68352014165416,118.1303482055664,13411700
2021-01-22,116.25540517567849,117.75360206918477,115.82609033584154,117.21915435791016,12933200
2021-01-25,115.77348515279597,116.67591098095642,113.951106900808,115.7559585571289,14212800
2021-01-26,116.30796056685043,116.6759389508191,115.07259596924793,115.28287506103516,11307800
2021-01-27,113.53934392868003,113.76714961614327,111.57678589919365,112.02362060546875,17603900
2021-01-28,113.81093822166869,115.79978601346961,113.01365847710417,113.99493408203125,13761800
2021-01-29,114.94118298751462,115.40553762994654,112.31275442935103,112.7332992553711,14808100
2021-02-01,113.3728603289545,113.95988770410122,112.56681064711164,113.56561279296875,11080700
2021-02-02,115.59828264903248,117.74482982556404,114.96745876637073,117.06143951416016,12253600
2021-02-03,117.09648178596079,118.9451436589255,116.9738223267115,118.40193939208984,10600800
2021-02-04,118.69107859166404,121.48597655482051,118.69107859166404,121.12675476074219,12419500
2021-02-05,122.12553937182324,122.21315899579768,120.36449722850882,120.89017486572266,10051300
2021-02-08,121.08293460502277,122.92283986780915,121.06540800540124,122.78265380859375,10136400
2021-02-09,122.1605932539962,122.64247450353824,121.38082663887515,122.29202270507812,8614800
2021-02-10,122.65999931386801,123.4222393172772,121.81889629340903,122.36211395263672,10323200
2021-02-11,122.36210377958211,123.1418703184933,121.10045603822516,122.0204086303711,9201000
2021-02-12,121.82763867684747,124.07056173141139,121.7838288703851,123.7551498413086,8324600
2021-02-16,125.77029033439881,127.32106669460741,124.76271818343335,126.73403930664062,12130600
2021-02-17,126.12074659951288,127.37363768790993,125.39354651037902,127.1283187866211,10810100
2021-02-18,126.16454590559485,127.7328354203102,125.63885495010433,127.55760955810547,10587800
2021-02-19,127.79415904122041,130.4050602228584,127.79415904122041,129.68663024902344,11969800
2021-02-22,128.6790401057235,131.58783951899755,128.60894710395954,130.90444946289062,11488400
2021-02-23,132.74434872810863,133.44526541965598,131.06215668971933,131.95582580566406,16234400
2021-02-24,131.5178192297494,134.71573566113747,131.5178192297494,134.2776641845703,15061400
2021-02-25,135.16258376664626,135.71454476341137,131.93837058882195,132.45529174804688,18127700
2021-02-26,131.6842560947168,132.18365050317965,128.36366763365874,128.94192504882812,19829200
2021-03-01,131.00086567324564,132.63049169749863,130.08966974093366,131.85948181152344,14845500
2021-03-02,131.49149692801222,132.98093683186465,131.28121786896335,131.43016052246094,14221700
2021-03-03,132.4990813401028,135.78461707416818,132.1398729268598,133.97100830078125,14324100
2021-03-04,133.7081436244167,135.25892001214697,130.21232929109308,131.91204833984375,20093900
2021-03-05,134.24259181587536,134.47915409917874,129.64284242664147,132.2187042236328,18465100
2021-03-08,133.58550330229693,136.20517527372152,132.0785365094286,133.97100830078125,17133300
2021-03-09,132.73562105622415,135.14501351764076,131.2637077150378,133.02474975585938,16238800
2021-03-10,133.09485012195302,136.8184568587185,132.7443849959897,135.91603088378906,14342200
2021-03-11,135.02233352162128,136.80965850229222,134.3652265867037,135.20632934570312,11771500
2021-03-12,137.43171366638236,138.1063471375221,135.86342446704955,136.8096466064453,12849500
2021-03-15,136.98491117655144,137.4843055443555,134.890930739568,136.12628173828125,12101100
2021-03-16,135.0048226851118,135.45166400909298,133.34015693656318,134.4966583251953,12805600
2021-03-17,136.10001714176914,137.4492845185137,134.0936560445326,135.8809814453125,13952400
2021-03-18,138.08013543200065,141.6635569191888,137.65082057008323,138.12393188476562,21898500
2021-03-19,136.24897327224215,136.62572165918615,132.46404301534375,135.9248046875,54418800
2021-03-22,133.87462901689184,134.89971453842116,131.95587405266556,132.2712860107422,19944800
2021-03-23,131.71054314832278,133.2788328115755,130.51023184121524,130.94830322265625,17076300
2021-03-24,131.42144104081518,134.20756917381792,131.2987815639323,131.9646453857422,13079800
2021-03-25,131.42141193658384,134.0235569624384,130.83439790086572,133.65557861328125,15608300
2021-03-26,135.1888345268158,136.19639338296517,133.6555846516193,135.8809814453125,16754400
2021-03-29,133.2788628137816,134.68945351431273,132.33262681259788,133.76950073242188,17570300
2021-03-30,135.32901387035344,136.5643649767628,134.82084947550763,135.34652709960938,13184300
2021-03-31,134.2951508653531,135.35528940580846,133.27882213330733,133.3751983642578,16736700
2021-04-01,133.08607593927394,134.74198517168213,132.77943400371817,134.67190551757812,16561500
2021-04-05,136.0731880207964,136.5490992071353,134.4868532599804,135.38577270507812,13508000
2021-04-06,134.65430100499057,135.9674475263067,133.8346955386655,134.43397521972656,13071600
2021-04-07,134.9274802024861,136.80464624670302,134.5308831369443,136.54025268554688,16903500
2021-04-08,135.72064768407145,137.0514102325595,134.23124361955638,136.70770263671875,12335500
2021-04-09,137.3158279888054,138.39982699012882,136.57553664388297,137.73004150390625,12122400
2021-04-12,137.11313115667738,138.58490564745455,137.10432296725384,137.439208984375,12273400
2021-04-13,136.38162040243435,136.7782040081043,134.33699127014054,135.79995727539062,16113600
2021-04-14,133.49097477339598,135.5708505204266,133.01506359318446,133.2618408203125,19939600
2021-04-15,133.29705213668674,134.13428713000596,131.59614414113608,134.10784912109375,17694100
2021-04-16,135.60609550954618,136.17012892160042,134.5661643691657,135.103759765625,13773400
2021-04-19,135.20953680215035,135.61494219551616,134.15197564016188,134.5309295654297,11900200
2021-04-20,133.72891284159428,133.73772102984506,131.0056765391512,131.55209350585938,13716700
2021-04-21,130.24778777597987,132.73306913586484,129.36648461816856,132.67137145996094,12236700
2021-04-22,132.39815174033916,132.4598494079052,129.78068063955575,129.87762451171875,15256100
2021-04-23,129.7101990485881,133.19135746083936,129.2783690853087,132.36293029785156,14041900
2021-04-26,132.8828678421098,134.36346390359387,132.53035201431763,132.68898010253906,10799100
2021-04-27,132.63609614096399,133.57909676771888,132.29238852275583,133.2970733642578,12821200
2021-04-28,134.33699397364987,134.74239922273398,133.42925306663835,134.16073608398438,8943700
2021-04-29,135.3152512200404,136.8487232190457,135.01561143960987,136.7694091796875,12976900
2021-04-30,135.80879278892326,136.15250040864257,134.84816233332447,135.55320739746094,11705100
2021-05-03,136.46977780857608,137.02498956591185,134.95393554078228,135.15663146972656,11801100
2021-05-04,134.724792407349,137.16600561134427,134.08144494877445,137.02499389648438,12977700
2021-05-05,137.48329142300508,139.4926615295318,136.2759104105411,138.8228759765625,10506700
2021-05-06,139.30758266808638,141.73116610951348,138.50559364731316,141.61659240722656,13542400
2021-05-07,138.55846121194037,142.33043704353875,138.38220329831384,142.10130310058594,14257800
2021-05-10,142.33044297810824,144.29574501984152,141.9955435149222,142.08367919921875,14014300
2021-05-11,141.9602883834848,143.11479315804195,139.28111974169397,139.72177124023438,15451700
2021-05-12,140.66480281180844,141.6959259312591,138.39103896598664,138.7611846923828,14381700
2021-05-13,139.40451171888103,143.16767955427244,138.9638601884292,142.3304443359375,15395000
2021-05-14,143.11480432291432,144.930286486914,142.76228847562766,144.54251098632812,10584000
2021-05-17,143.97847933616563,145.28281757195668,143.67883951751813,145.12417602539062,9886800
2021-05-18,145.1329836530124,145.85565862795906,142.98261545020628,143.07955932617188,11098100
2021-05-19,141.88979623535718,142.0484243352979,139.80992042344351,141.9867401123047,13278900
2021-05-20,141.739990234375,142.64773142231775,140.58548523500815,141.739990234375,10426000
2021-05-21,142.1893808375796,143.8462342919388,141.83686512064097,143.3527069091797,10249000
2021-05-24,143.96966780317297,144.736397158853,142.87684717230903,144.1282958984375,9440300
2021-05-25,144.40149136914977,146.03189373135058,142.38330011607223,142.63888549804688,12609100
2021-05-26,144.1547181865093,144.30453806203187,142.162965076071,142.62124633789062,13058300
2021-05-27,144.48961857221286,145.19466363446793,143.2734296236293,144.84214782714844,15707500
2021-05-28,145.13298606170358,145.36213347103492,143.88153729058948,144.74522399902344,10291300
2021-06-01,146.1817210196348,147.09828364968973,145.8380133952683,146.34036254882812,9445400
2021-06-02,147.40672772886623,147.56536925386732,145.88207737877292,146.3491668701172,10498600
2021-06-03,145.7762901947755,147.39788401722404,145.1153131364023,146.44607543945312,13354400
2021-06-04,146.48137085705082,146.88676268787103,145.44142637178516,146.68406677246094,8510800
2021-06-07,147.17758573650505,147.2657214064113,145.53836178860107,145.99664306640625,7267200
2021-06-08,144.96553360257215,146.08477871709673,143.79339901267298,145.4149932861328,10370700
2021-06-09,144.6570480261361,144.72755386724788,143.0178242012258,143.5994873046875,12377400
2021-06-10,144.85095814491547,145.62650906955795,141.28167839097026,141.36099243164062,12119400
2021-06-11,141.38743522803742,142.06604231005542,140.1800544093801,141.26405334472656,13683800
2021-06-14,141.14064711935933,141.29928862632244,138.0649087559953,138.8668975830078,19917900
2021-06-15,138.10018929905132,138.2940770515518,135.83524738683082,136.76060485839844,24485500
2021-06-16,136.36399268102122,138.91095750038386,134.9362862995615,137.72120666503906,25321200
2021-06-17,138.45270441822342,138.7699740309473,133.2970765733641,133.7465362548828,29722400
2021-06-18,131.57852221973133,131.93103799146965,130.04505037267867,130.36231994628906,43595700
2021-06-21,131.3846357699513,133.252993583774,131.33175974844534,132.5743865966797,18664800
2021-06-22,132.7242160001011,133.05029375483122,131.01448630130585,132.38050842285156,14251200
2021-06-23,132.37168286551668,133.9932768512802,132.27473901595397,133.18247985839844,12733300
2021-06-24,133.88753573410224,134.9450965307389,133.2706263900321,134.40750122070312,13733200
2021-06-25,134.47800136873164,136.1612930736391,133.6672043440781,135.76470947265625,15484900
2021-06-28,135.45627988667573,136.14369520910597,134.06381941498898,136.01150512695312,14125800
2021-06-29,136.60196101277418,137.75646575745708,135.37695041643522,135.8440399169922,14528700
2021-06-30,135.50032403100457,137.553761449546,135.46507783113424,137.07785034179688,12531000
2021-07-01,137.71238377421685,138.48793461515686,136.97209257929126,138.43505859375,10479400
2021-07-02,138.23119661937855,138.55916698189034,137.49549832795094,138.30210876464844,11424000
2021-07-06,138.0805328114798,138.0805328114798,135.04025023398185,135.9798126220703,15083400
2021-07-07,134.73884364423506,136.75093338695987,134.33111573828694,136.1393280029297,12271800
2021-07-08,134.38432514398679,135.1997946550329,132.99269943402788,133.7904510498047,17834600
2021-07-09,135.66069642007983,138.40847105912547,135.24409601728655,138.0716552734375,13694500
2021-07-12,136.81297679556405,141.0764692370821,136.44955716944077,140.0482635498047,19940400
2021-07-13,138.3198775947112,139.50762591774657,136.05960138139838,137.96531677246094,22671700
2021-07-14,138.23119695041603,139.41008600877203,135.57205235941692,137.49549865722656,14622800
2021-07-15,136.4140933826127,138.7452808154207,136.23681980590223,137.79685974121094,11539300
2021-07-16,138.24007071476723,138.5237057740701,133.86134374994975,134.6502227783203,14002700
2021-07-19,131.67195328323973,132.79766139362414,129.15463347546418,130.27146911621094,22172900
2021-07-20,129.87266571125343,133.95001389465287,129.70425100447258,132.70022583007812,15385200
2021-07-21,134.7743273668526,136.19252983685018,134.16272188802625,135.49229431152344,12356700
2021-07-22,135.51004085692946,136.0064124530907,132.93066682140056,133.78158569335938,9913300
2021-07-23,134.26906281245886,135.47454216634478,133.1788173790153,133.52450561523438,9666100
2021-07-26,133.12564456459683,134.69454366455776,133.10791314691176,134.4197540283203,8208000
2021-07-27,133.31177412347188,135.16432176442302,132.7799533308235,134.2424774169922,11218700
2021-07-28,134.98704268827927,135.41251557789045,133.7372549597358,134.46408081054688,9217300
2021-07-29,135.74048693442194,136.38754175949134,134.65024127914674,135.61639404296875,9063500
2021-07-30,135.24408099766993,136.2102335159539,134.02087028913337,134.53497314453125,9805200
2021-08-02,134.75661255488922,136.90165470613937,133.9056936730456,133.99432373046875,10203200
2021-08-03,134.68567429807973,135.90002622298712,132.5317736159463,135.5188751220703,10394800
2021-08-04,134.06519439468545,135.944318741803,133.76382794752652,134.05633544921875,10155000
2021-08-05,134.97819616696538,136.2279975356676,134.73886933516673,135.7493438720703,9151500
2021-08-06,137.55756319917384,139.8887511442105,137.48665104788685,139.6051025390625,13328800
2021-08-09,139.62280611457481,140.53577790202644,138.18685900631206,139.4543914794922,9516900
2021-08-10,138.93144367440405,141.8033111299167,138.55029258950182,141.1651153564453,8667000
2021-08-11,141.82105254586773,143.15062491348525,141.00558311674214,142.84925842285156,9156500
2021-08-12,143.48746895549382,143.9217873173834,142.30857971230188,143.40768432617188,8844200
2021-08-13,143.40767805504467,143.73564845542185,141.43992327833328,141.80332946777344,8980900
2021-08-16,140.88149210087786,140.96126319796414,138.96690462014902,140.87261962890625,8755800
2021-08-17,139.66716144646568,140.8105878105227,137.62848097032506,139.1707763671875,9347200
2021-08-18,138.55029876699618,140.0571447062244,137.69050757620948,137.9032440185547,8065500
2021-08-19,135.75823332142878,137.88554413089918,135.6252679426417,136.7509765625,9517700
2021-08-20,136.81301905537822,137.3005181640546,135.75822268184993,137.14097595214844,6974100
2021-08-23,137.6816424862262,139.24166908515375,137.60187139582214,138.89598083496094,7934600
2021-08-24,139.1618786533826,140.5357725170838,139.04664474429788,139.75575256347656,7670900
2021-08-25,140.50035258981225,143.39882441602344,139.87102918289025,142.63653564453125,11335000
2021-08-26,143.82427264451462,145.2158982398354,142.84038853368375,143.37222290039062,11027500
2021-08-27,143.37220696551307,144.6220081207902,142.93787516347194,144.52450561523438,8780200
2021-08-30,144.6663402771601,144.91452603181153,141.71468806100958,142.2110595703125,7937600
2021-08-31,142.21108055450983,143.03540903442826,141.24492775811794,141.77674865722656,12340800
2021-09-01,142.01606679453946,142.49470692690596,140.9080897495971,141.5728759765625,8729900
2021-09-02,141.838765017992,143.24810829338364,141.31578967750363,142.22877502441406,8813300
2021-09-03,142.1667413091675,142.6099320998969,141.06762327911918,141.36900329589844,7959700
2021-09-07,141.81218031740787,143.04425005500363,140.89920845915887,141.1208038330078,9285600
2021-09-08,140.83717388360927,141.4487793603148,140.08374410286274,140.49148559570312,7852700
2021-09-09,140.28760376329723,142.55673823881511,140.11918911431437,141.1030731201172,7904300
2021-09-10,142.31740552520614,142.459229805302,139.35689468502122,139.48098754882812,8311600
2021-09-13,140.51805618856187,141.86535983714055,140.11032827820648,141.6969451904297,10052800
2021-09-14,142.21992920505144,143.00880831128896,138.505988027614,139.22396850585938,11685600
2021-09-15,138.913732776238,140.65990570254004,138.69213736452565,140.19012451171875,11691500
2021-09-16,141.29806647430257,142.57445789274993,139.3568889858395,140.12803649902344,10880900
2021-09-17,139.49872953975924,140.94352223679576,139.16190023027534,139.76463317871094,25581600
2021-09-20,136.4052609956861,136.9991350321023,133.3915690295213,135.5809326171875,15819900
2021-09-21,136.08614532357296,136.99025820546208,135.24408563632394,135.5986328125,8999900
2021-09-22,137.56644851236283,139.38353385266652,137.47781845009953,138.19578552246094,11236200
2021-09-23,140.0482720400428,143.33675323962547,139.75576453238926,142.86695861816406,12336100
2021-09-24,143.09743791055868,145.00315281056876,142.54788568406644,144.51564025878906,10102400
2021-09-27,146.25296382658053,148.38027425401413,145.90727554399484,148.00799560546875,13220900
2021-09-28,148.6462000588142,150.06441610941982,146.83798744314717,147.21026611328125,13387900
2021-09-29,147.3254843400693,147.9370762524775,146.2884060176907,147.0950164794922,7777100
2021-09-30,147.95480547062252,148.01685867065802,144.29404537157927,145.091796875,13161200
2021-10-01,145.36659693863763,149.17804090485586,145.01204967322204,148.14097595214844,11285000
2021-10-04,147.99913095445916,151.07487606627808,146.90001294508417,147.9813995361328,14120000
2021-10-05,149.1049691924734,151.71771035696676,148.62343128073803,150.39796447753906,12292900
2021-10-06,149.8005358946567,150.79034886469572,148.02600241313112,150.71900939941406,8692600
2021-10-07,152.66293906274976,152.93937095083857,151.18267596444397,151.67312622070312,10195400
2021-10-08,151.61070541294677,152.78777236477782,150.96866394590825,151.78904724121094,8190100
2021-10-11,152.30624962233819,152.74318506505367,148.43617612240683,148.5966796875,12154700
2021-10-12,147.80301723266876,148.64123863264413,146.92913291649742,147.4552459716797,13032600
2021-10-13,146.30496301898236,147.4998682783772,143.21068388442018,143.56736755371094,22753500
2021-10-14,144.23616366584307,146.2514523061639,142.72914994878374,145.76992797851562,15176800
2021-10-15,147.4463500967507,149.06927829358824,146.3673596705841,148.56991577148438,14267400
2021-10-18,148.4539760844626,150.3533495950815,147.9457012729464,148.5164031982422,12672900
2021-10-19,149.27440601184736,150.38905962187192,148.5432003191092,150.31773376464844,8053900
2021-10-20,150.07693400228655,152.36865427914998,149.32789019552558,152.34190368652344,8185600
2021-10-21,152.27056891851095,152.778857407259,150.41578400193282,151.14700317382812,8415200
2021-10-22,151.61960011860168,153.4565465887637,151.32533001319595,153.18011474609375,8817900
2021-10-25,154.00947524277967,154.23240597819722,152.02092328609416,152.43112182617188,10159200
2021-10-26,152.48456396272726,153.81323552955294,152.07436558153447,152.84124755859375,8015100
2021-10-27,151.87821606599223,152.21706143787156,149.22087263599218,149.65782165527344,9847000
2021-10-28,150.07691773919964,152.04761708438085,149.77373531788055,151.9138641357422,7212900
2021-10-29,152.64506713611414,153.59030451546724,151.04888967948548,151.4947509765625,8140100
2021-11-01,153.41193952394056,153.6705466797836,150.7100213210376,151.41448974609375,7435500
2021-11-02,151.41452554022447,153.0998809920009,150.62980516678888,152.01197814941406,7173800
2021-11-03,151.7087765929071,152.60049922994227,150.83487861185517,152.06546020507812,8402700
2021-11-04,151.59287565305922,151.77121749132905,148.46293353060216,150.06802368164062,9574200
2021-11-05,150.61200605252094,151.67315857699904,149.28334751902554,149.8540496826172,7975600
2021-11-08,150.7457721168449,152.41328973119747,150.46934017078783,150.7546844482422,6413700
2021-11-09,149.2298012387916,150.228526321735,148.5610092050473,149.6132354736328,7990300
2021-11-10,149.31894407172933,150.65652794864528,148.99792339700522,149.4705352783203,6999200
2021-11-11,149.38140287902908,150.41579095562895,148.82852550677035,149.46165466308594,5815300
2021-11-12,149.4973169398305,149.57758233014954,147.77629852499552,148.79286193847656,8113400
2021-11-15,149.10500345935196,149.6221908069491,148.02601268121188,148.52537536621094,6492500
2021-11-16,148.97117163223186,148.98009756623588,147.24122765468383,147.4552459716797,9706100
2021-11-17,147.32151606149384,147.63361084847645,145.69857418539243,146.66163635253906,9909600
2021-11-18,146.59030625237727,147.00050471526617,144.95845194340032,145.39540100097656,8122500
2021-11-19,143.83487644137608,144.5571696624169,142.18518397838477,143.4960174560547,12193600
2021-11-22,146.38521222139497,148.00814057663277,145.34189822018288,146.5546417236328,14549900
2021-11-23,147.58010923254673,150.30877856154126,147.46418092556044,150.05909729003906,12354400
2021-11-24,150.21963380444038,151.09351836726648,148.4183498794795,148.88204956054688,9629800
2021-11-26,144.58395053526218,145.03872431611325,141.62343758119468,144.3966827392578,13619300
2021-11-29,145.62724596466452,146.93807954825382,142.51514215060834,143.7724609375,12104400
2021-11-30,141.92657906481813,143.2374124379966,141.15077111324638,141.63230895996094,18922600
2021-12-01,143.56737162742732,145.59158620494438,140.7138613723036,140.7941131591797,12253400
2021-12-02,142.52404172476034,145.57373174631584,141.60556842616066,143.75462341308594,12969900
2021-12-03,144.01322335257078,144.30749349128556,140.16990049774233,141.15078735351562,12681800
2021-12-06,143.57625440423294,145.00301604142393,142.19409522605045,142.81829833984375,11186500
2021-12-07,144.35210101694895,145.6985976379715,143.71005946883741,144.96739196777344,9851600
2021-12-08,145.0476027024034,145.59155403762097,142.82720850980573,143.30874633789062,11705700
2021-12-09,142.3635542341384,143.5049584471208,141.47183134233268,143.0858612060547,11189600
2021-12-10,143.85270544440084,144.1915508012989,141.89983065006132,142.51512145996094,10405400
2021-12-13,142.22980087338019,142.48839452442272,140.2501749701873,140.8208770751953,12069000
2021-12-14,140.40175515575305,143.4692838307284,140.2680021755229,141.8998565673828,12563600
2021-12-15,142.54187768849673,142.54187768849673,140.3125709595969,140.83868408203125,14014200
2021-12-16,143.02340624261961,144.29857680521405,141.51639267164842,143.04124450683594,19542800
2021-12-17,142.06927491426154,142.12277610214872,138.37752967073413,139.7864532470703,28082000
2021-12-20,137.7800950261686,137.94952454764203,135.39919660848918,137.27182006835938,15148000
2021-12-21,138.58261525379947,140.1609544900461,138.29725748502273,139.18898010253906,11291300
2021-12-22,138.88580685254996,140.05396138160395,138.43103318595428,139.73294067382812,7273000
2021-12-23,140.54440817653116,141.89090448698883,140.1877245572309,140.2322998046875,8055200
2021-12-27,140.53551899986942,141.0705445169588,139.41193956142254,141.03488159179688,6188100
2021-12-28,141.0705456707484,142.8094024270783,140.9635432877774,141.46290588378906,6342300
2021-12-29,141.65013242760352,142.34567492766973,141.0259157576822,141.3915252685547,6398900
2021-12-30,141.8819800082521,142.8896308760631,141.22210040178902,141.3201904296875,6948200
2021-12-31,141.2934793043358,142.04252321389316,140.8565438270659,141.20431518554688,5805900
2022-01-03,142.55082249476428,145.0298110535667,142.2387140389664,144.19158935546875,13120900
2022-01-04,146.518953956493,150.3266136770625,146.44761450804248,149.65782165527344,20195800
2022-01-05,150.54596115953973,151.03037186584788,146.87694256757743,146.9217987060547,17539400
2022-01-06,149.7295743225558,150.14221780257327,147.00248082677263,148.48265075683594,14047500
2022-01-07,148.6172517115506,150.28579871431185,148.0700396921458,149.95388793945312,13913300
2022-01-10,151.66726556317536,151.88255308333098,148.49163775919132,150.09739685058594,12922500
2022-01-11,150.9406408791439,151.1738872950451,149.19136120073472,150.24990844726562,11854100
2022-01-12,151.12005700620907,152.13373437527682,149.97179755770478,151.10211181640625,12568000
2022-01-13,151.0124506280425,152.33114191706343,150.6087726940547,150.9137725830078,13623400
2022-01-14,144.21264222235172,144.45485440743153,140.74995930359225,141.6380615234375,40158400
2022-01-18,139.7452341270361,139.7452341270361,135.04459347863929,135.699462890625,32324800
2022-01-19,135.96855253766745,136.56060679348838,133.2594043570137,133.60028076171875,22380000
2022-01-20,133.65417700773426,135.10742290451475,132.1919516698012,132.46107482910156,14860800
2022-01-21,132.3175245318056,132.32649028369337,129.41999884423763,130.14662170410156,20705400
2022-01-24,127.63479900006796,130.50541307649397,125.20375305103518,130.02996826171875,28471400
2022-01-25,128.8637823085376,131.73441018150982,126.29816788658216,131.4473419189453,18915900
2022-01-26,133.41196260354067,135.07154398514834,130.93605969263675,132.69430541992188,20709100
2022-01-27,134.0399011384233,134.9010924554884,129.29441736258735,130.3529510498047,17536800
2022-01-28,129.34823169494967,131.65368924058268,127.53615057812438,131.51913452148438,14117000
2022-01-31,130.64896385719052,133.47472216848456,129.77880692944967,133.30429077148438,13985700
2022-02-01,133.3850176810847,135.8788651505945,133.0351617753094,135.591796875,14584900
2022-02-02,135.00871874818094,135.40343081369807,132.82885032476105,134.50636291503906,12441100
2022-02-03,134.5601882279928,136.04034482323263,133.02619605939879,133.3939971923828,12474900
2022-02-04,133.75284189376575,137.6999355482182,133.45680781645615,136.856689453125,16654400
2022-02-07,137.49360457278922,137.80757013335244,135.32270183883776,137.31419372558594,12572300
2022-02-08,139.0455086665912,142.1673007704185,138.86609784465506,139.89772033691406,20411400
2022-02-09,140.47184026392864,141.22537391331863,139.78110792940515,140.48081970214844,9131100
2022-02-10,140.5346444961809,142.66069079686912,139.24286467717144,139.89772033691406,16455600
2022-02-11,139.59275305387123,141.9071901534685,137.22449406398565,138.0767059326172,16830000
2022-02-14,137.00918708828794,137.86139892130083,134.8472636857616,136.7938995361328,17026500
2022-02-15,138.60596700346375,139.88878131736223,138.01391254675843,138.7943572998047,9500000
2022-02-16,137.91523153749446,140.03231244666443,137.91523153749446,139.0455322265625,9076500
2022-02-17,137.25139024977136,137.9062459914781,135.16122037658988,135.84298706054688,11367500
2022-02-18,136.4709536816993,138.27405536078084,135.57388571810577,136.47991943359375,11733300
2022-02-22,135.09841987533693,137.46667838502256,134.9279747985366,136.23768615722656,11333500
2022-02-23,137.35904486865755,137.52052422308435,132.73915024183813,133.38504028320312,11799000
2022-02-24,128.2268629912127,130.06585456781542,125.39212569086091,129.671142578125,25655100
2022-02-25,130.29911000538084,134.6768056546227,129.99411021032242,132.7391357421875,18367700
2022-02-28,128.7741155380686,130.128683305058,126.3789455946014,127.2042465209961,31315300
2022-03-01,125.62537757109381,126.02008962110743,119.83032683874998,122.4049072265625,36840400
2022-03-02,123.15844868627475,125.62538546571929,122.54844907113377,124.94361877441406,19405600
2022-03-03,125.44597714532254,126.46863404695728,122.95212937312257,124.0555191040039,16640800
2022-03-04,121.05032697072203,121.48091566726798,118.77176717149028,120.56590270996094,21016000
2022-03-07,118.56546192179273,119.0319410594169,115.6769022077085,115.91014862060547,27560100
2022-03-08,116.29589411997249,118.22458483056577,114.16984051168656,115.09382629394531,19207800
2022-03-09,119.22031050309934,121.3194596524537,118.80766696192731,119.7047348022461,17536200
2022-03-10,118.28738403320312,119.7137188319358,116.90590537096925,118.28738403320312,15604200
2022-03-11,118.85252720475627,120.27886183506435,115.2014543979835,115.62307739257812,20061800
2022-03-14,116.13440604126839,119.23825303419706,115.92807058711364,116.77131652832031,15786900
2022-03-15,118.23355203367143,119.80342085968103,117.63251818286528,118.84355163574219,15096600
2022-03-16,120.98756382238545,124.2349594793706,120.59285168930212,124.15421295166016,20354900
2022-03-17,122.77270525537783,125.75994280821051,121.92945929480915,125.72405242919922,17050500
2022-03-18,125.7599167637634,126.35198470131368,124.20799355306289,125.67918395996094,23656500
2022-03-21,125.90349410826214,126.27128157015811,124.45023469994652,125.2755355834961,12676100
2022-03-22,127.62581573092606,129.1149375957986,127.13242579610424,127.93978118896484,13548600
2022-03-23,126.46862193420927,127.01583387142114,124.8718422528046,125.39214324951172,12093200
2022-03-24,125.85863252139285,126.22643365552976,124.79111950133071,126.20848846435547,10017600
2022-03-25,126.56731397680672,128.4421827100561,126.30717029369798,127.31188201904297,8383500
2022-03-28,125.58952740321332,126.45968450956079,123.70567901689624,126.3699722290039,10818100
2022-03-29,128.59468243216045,128.81894939581042,125.80480085682807,126.64803314208984,11316500
2022-03-30,127.29393413927097,127.49129017946342,125.50877771412613,126.07392120361328,8771000
2022-03-31,125.43699505517598,125.90347415479127,122.23445636382974,122.28829193115234,17353900
2022-04-01,123.25712418305515,123.26610362249832,120.02768795076085,121.38225555419922,15721300
2022-04-04,120.31474250083355,122.84448055195256,119.21135281530096,121.92050170898438,17416400
2022-04-05,121.16135609038821,122.36328767742857,120.20340439790633,120.50163269042969,12110300
2022-04-06,118.9111347216262,119.79677389446677,118.35083435773585,118.82980346679688,12914700
2022-04-07,118.34177999283213,119.21838689415645,116.33552644440243,118.46829986572266,12994200
2022-04-08,118.99245025388448,121.00773588740515,118.82978776571855,120.63722229003906,13126900
2022-04-11,120.19439697265625,121.91145427069885,119.80580516537665,120.19439697265625,10466400
2022-04-12,119.41719772278182,121.62227003499122,118.11584266707588,118.87496185302734,12989900
2022-04-13,114.71787411714051,116.80545883465285,113.87741676810822,115.043212890625,30838000
2022-04-14,114.32023197182036,115.9469257775669,112.98272740989371,113.97682189941406,18835200
2022-04-18,113.57015833327083,116.79643590922333,113.45267755927001,116.09153747558594,11834400
2022-04-19,116.08249105977335,118.67616923591996,115.88367213924273,118.49541473388672,15015400
2022-04-20,119.7606139760803,120.65528522929962,118.69422044918124,118.91111755371094,13430200
2022-04-21,119.4895004790748,120.02269036750445,117.44710438004198,117.98932647705078,12174200
2022-04-22,117.73627200280727,117.9531690882394,114.4919306665519,114.60037231445312,14318800
2022-04-25,113.87741931573453,114.88054607395067,111.25663775728529,114.56423950195312,17149000
2022-04-26,112.63933285439121,114.23891646619906,111.03975613739975,111.17530822753906,17209500
2022-04-27,110.55171786578019,111.66328607154877,109.54859130263418,109.72933197021484,17215200
2022-04-28,110.98551611682517,111.74464221162738,109.47630992531687,111.46448516845703,13015600
2022-04-29,111.20241774955869,111.70849723680001,107.45198953422596,107.8676986694336,14874800
2022-05-02,108.33763406882994,109.08772112846822,106.83746684436963,108.85275268554688,18545000
2022-05-03,109.82875036993589,112.21456322976351,109.15096246896634,111.184326171875,15720900
2022-05-04,110.97647736653843,115.13357519929866,110.9222496448677,114.86245727539062,17128500
2022-05-05,113.19060084992145,113.95875923720516,110.39811747978256,111.98865509033203,15055400
2022-05-06,111.88019850998393,112.32301803273535,109.51245682857419,111.80789947509766,14417900
2022-05-09,110.35293588817838,111.45547225554238,108.89795027482975,110.12700653076172,14312300
2022-05-10,111.25665123132595,111.86214024309116,106.24101683281313,107.44296264648438,16382400
2022-05-11,107.81348267241837,111.05782465119682,106.58442652415488,106.76516723632812,14630300
2022-05-12,105.73491506029154,106.92782151851247,104.26185846936285,106.6747817993164,16318800
2022-05-13,107.91289154313871,108.67201080389951,106.60249725518328,107.62369537353516,10443200
2022-05-16,107.12665119486428,107.958069468724,105.94278372024193,106.87361145019531,10269000
2022-05-17,109.38594626877723,111.13012098857104,109.17808824950363,110.41618347167969,11160200
2022-05-18,109.62091646705117,110.2264054321231,108.02133290879706,108.52741241455078,12664900
2022-05-19,106.81034343845045,108.1297697893354,106.3042570925601,106.91878509521484,12765800
2022-05-20,107.95806604887714,108.14784585136711,103.94555909675869,106.04218292236328,13150100
2022-05-23,108.86177591902336,114.38348870637573,108.8527368162398,112.60316467285156,24376700
2022-05-24,112.3862908750424,115.21492371545938,111.25664418073296,114.1937255859375,19324900
2022-05-25,114.12142297694743,115.54929800869557,113.11829619215871,114.9889907836914,12780400
2022-05-26,116.01018869398546,117.65496084587582,115.86560440198564,116.9771728515625,15990900
2022-05-27,117.62786219123241,118.63098907470705,116.70606656569625,118.63098907470703,11177800
2022-05-31,117.64593445986876,120.32997646797354,117.22119993242023,119.4985580444336,17015000
2022-06-01,120.07693537095258,120.07693537095258,116.28132476927026,117.40193939208984,10768000
2022-06-02,117.3928681441484,119.29971214009548,116.28129976042759,119.29067993164062,8374800
2022-06-03,118.57675936743264,119.08283887626558,117.47422309906129,117.62785339355469,8596000
2022-06-06,118.46829864467907,119.6431339034861,116.99524880898599,117.23924255371094,11323500
2022-06-07,116.42589443991919,117.77243810052948,116.23610775084937,117.5465087890625,6722200
2022-06-08,116.5795367360115,116.98620678065254,114.68173170299315,115.67581939697266,8422100
2022-06-09,115.10647432759116,115.76619098655297,113.20866249254672,113.24481201171875,13560100
2022-06-10,110.78670816689691,111.51872391904678,107.83155542504012,108.03941345214844,12945200
2022-06-13,105.6083875933619,106.5934359856781,103.98169395168452,104.82215118408203,16805600
2022-06-14,104.42455452931627,106.02413138858994,102.31889120751269,103.07801055908203,13357900
2022-06-15,104.48776864625525,105.68970709239522,102.27365771900101,104.29798889160156,14083500
2022-06-16,102.89726575769232,103.25875410382977,101.09887002654987,102.5086669921875,16724900
2022-06-17,102.60807646361539,103.59312513968992,101.36094890895174,102.14717864990234,30919900
2022-06-21,104.7137236762791,105.76203213537997,103.96363667940597,104.67757415771484,11680500
2022-06-22,103.81904622285296,105.01195284374018,103.3762266538764,104.09016418457031,9842700
2022-06-23,103.93654023269491,104.09017053612834,100.74641890993237,102.95148468017578,11851500
2022-06-24,102.32792332202351,106.47598284147313,101.96643498628795,106.02412414550781,14841100
2022-06-27,106.69286698952862,107.09050482560198,104.50587268075745,105.17462158203125,11280500
2022-06-28,106.3404243885005,107.80444905292455,104.46972965358916,104.66854858398438,11590900
2022-06-29,104.83120775628181,105.5722556732491,103.68348980853116,104.1986083984375,9338400
2022-06-30,102.27368047151269,103.09606648611297,100.2493557433808,101.7676010131836,15172600
2022-07-01,101.80375648256306,103.40333308961966,100.45721961946425,103.06896209716797,10573600
2022-07-05,100.99025424622354,102.75897633463552,99.65004452314356,102.67692565917969,12514200
2022-07-06,101.86549761974358,103.0142487481845,101.00848684751863,102.01136779785156,10656200
2022-07-07,103.47923330970208,104.7556305302339,103.3880635701938,104.59152221679688,10347400
2022-07-08,104.99268517502378,105.43942180068538,103.57952976291537,104.26331329345703,8807800
2022-07-11,103.52481203393948,104.14477594309285,102.31223443936231,102.8957290649414,7939500
2022-07-12,102.64045063734142,105.01089841403149,102.34870332568424,102.99601745605469,11250900
2022-07-13,101.8837325408835,102.54928481624609,100.63468561996145,102.02960968017578,12979900
2022-07-14,98.45570180114818,98.67451752235421,96.69609870566313,98.4648208618164,26204800
2022-07-15,99.52241105012891,103.82568263852335,98.16395617487412,102.97779083251953,18863900
2022-07-18,104.63710769683716,105.61263855488106,101.46435612083512,101.92021179199219,13977900
2022-07-19,103.14189317339459,104.79209529728033,102.72250682510133,104.44564056396484,11862300
2022-07-20,104.0262587394845,104.609753419511,103.46100218084929,104.42741394042969,11667500
2022-07-21,104.33623877096178,105.33000070510592,103.3607080014549,105.13854217529297,11595900
2022-07-22,105.06560059004582,105.98643088341088,103.63421423183108,104.62798309326172,7645500
2022-07-25,105.61261209073413,106.17787548541658,104.63708147713629,105.04735565185547,9394000
2022-07-26,104.46387653413653,105.3755877827379,103.05072131648251,103.40628814697266,10675100
2022-07-27,103.94421174088444,105.52146846261728,103.29689752468018,105.06561279296875,9337400
2022-07-28,105.07472391040734,105.7402761983333,103.50657941243819,104.67356872558594,10384800
2022-07-29,105.38470037404899,106.21436095289657,104.65533554528024,105.17501068115234,12944500
2022-08-01,104.39093058640391,104.9470749652063,103.08718331482189,104.12653350830078,14740400
2022-08-02,103.86213266508774,104.29975707817447,102.357807874595,102.5036849975586,14942900
2022-08-03,103.4336364140029,104.02625010553943,101.84726081908431,103.57951354980469,14394500
2022-08-04,102.88662461505184,103.31513006314175,101.21819117258478,102.43988800048828,18033900
2022-08-05,102.59485793934842,105.93172419585717,102.1572404683401,105.53968811035156,14174600
2022-08-08,105.98644920100857,106.39671654462559,104.09920689991961,104.25419616699219,10332500
2022-08-09,104.61888450750828,105.74940471055196,104.27243667510302,105.1932601928711,10233800
2022-08-10,107.54544866030962,108.83096474738284,107.12606235726703,107.93748474121094,12847300
2022-08-11,109.31418074861277,110.49940120536078,108.77626749172022,109.53298950195312,11684900
2022-08-12,110.01620755405946,111.4567131645571,108.89480648250156,111.34730529785156,9906700
2022-08-15,110.4446891325827,111.88519443173212,109.95236427252641,111.64814758300781,8456200
2022-08-16,111.49316927609387,113.27100342615174,111.11025222158983,112.71485900878906,9555000
2022-08-17,111.50229532862933,112.28636760700563,110.94615087639019,111.76668548583984,8149300
2022-08-18,111.44759151026271,111.65728817761779,109.90680408589245,110.90056610107422,9531800
2022-08-19,109.9706060494718,110.30793473746677,107.68220901895063,108.15629577636719,13464500
2022-08-22,106.44228518581733,106.81609012568435,105.3026461581319,106.36934661865234,8967600
2022-08-23,106.38759990235309,106.9346253224517,105.19325330115488,105.32089233398438,7607000
2022-08-24,105.1111819703536,106.13230098820786,104.34534096801184,105.57615661621094,9771300
2022-08-25,105.90439211650425,108.25660207670461,105.4667676147196,108.08338165283203,10758900
2022-08-26,108.91302674356575,109.39623260047188,104.48210944484156,104.54592895507812,11276200
2022-08-29,103.9350749793608,104.7191471540905,103.44275010528837,104.29064178466797,8117300
2022-08-30,104.84681295240554,105.37560724364592,103.35160678502703,104.30890655517578,10745400
2022-08-31,104.37272551462083,104.8741626177771,103.33336810551654,103.6889419555664,10738300
2022-09-01,103.2877736658309,104.5094634649535,102.0296145801338,104.40006256103516,9979800
2022-09-02,105.6399999907041,107.08049868313738,103.19661321670829,103.67070007324219,10666600
2022-09-06,104.23594945130463,104.61886650900324,102.17548006742352,103.69803619384766,9751900
2022-09-07,103.14188399961701,105.85878639528137,102.80455531240868,105.66732788085938,10647900
2022-09-08,105.10207097790298,108.30217938839108,104.50945727880448,108.12895202636719,11435000
2022-09-09,108.6212780102312,109.45093858836361,108.19277260884894,108.64862823486328,9299700
2022-09-12,109.97062761457961,110.81851946429879,109.21390551041831,109.93415832519531,8614600
2022-09-13,107.64574992677623,108.42070311911871,105.55793027299376,106.11407470703125,12904600
2022-09-14,106.39670719576539,107.43605753368846,104.73739288822108,105.867919921875,9345700
2022-09-15,105.86791470838278,108.84008842726139,105.53969809616963,107.46340942382812,10821400
2022-09-16,107.02579999821101,107.03491905977778,105.18414604266165,106.74317169189453,14844100
2022-09-19,105.75850642596968,108.24748123258331,105.31176985507157,107.7278060913086,8201300
2022-09-20,107.04402106759404,107.29929910434645,104.51857701299748,105.603515625,9619000
2022-09-21,106.25084449626627,106.30554495291823,102.49459112650202,102.55841064453125,12606300
2022-09-22,103.36981486174612,103.5703924416045,101.26376418484223,101.39140319824219,11684500
2022-09-23,100.33382622887612,100.5982163712799,97.69898126275494,99.50416564941406,18138600
2022-09-26,98.46481065934786,99.93266626360436,96.6960886864614,97.36164093017578,15753600
2022-09-27,98.23689151433285,98.61980858680523,95.41058790600958,96.504638671875,12793600
2022-09-28,96.59581180339339,99.13037512194984,96.31318351937313,98.45570373535156,12762600
2022-09-29,97.50751535833088,97.80838174007948,95.18265584543074,96.78726959228516,12713900
2022-09-30,96.69610168109314,98.1183760894761,95.18266448644368,95.27383422851562,15973400
2022-10-03,96.29493962585546,98.79302637084183,95.23735129311696,98.2186508178711,12248100
2022-10-04,100.84438972081601,103.01426015959885,100.16060623041493,102.81368255615234,16013600
2022-10-05,100.95554298426751,102.05938210489853,100.10926585724786,101.54425811767578,10943500
2022-10-06,100.6887972720894,101.3603043123691,99.29060034966973,99.47457122802734,11521400
2022-10-07,98.90423131228088,99.0790085258361,96.83452774642812,97.48764038085938,11681100
2022-10-10,98.17754889137375,98.71106718331806,96.14463372809632,96.57697296142578,8931700
2022-10-11,96.00665802917217,96.16303395752341,93.68858595816101,93.7897720336914,12739700
2022-10-12,93.64259675715924,96.3378111859489,93.16426130589896,95.30755615234375,13181000
2022-10-13,93.80817634083039,101.0935319046176,93.60580418327433,100.60600280761719,22398700
2022-10-14,102.98845450292639,106.00562141801723,101.84781977069312,102.28015899658203,33387100
2022-10-17,106.16199746098077,107.63378524849804,105.15933742514736,106.57593536376953,22276300
2022-10-18,110.07144505078197,110.51297790830733,107.58779640955845,109.31714630126953,21539700
2022-10-19,108.53526753605381,109.30796061997017,106.40117318805629,107.17386627197266,17072000
2022-10-20,107.77178830736774,109.19758015880953,106.38278501714224,106.8243179321289,12207400
2022-10-21,107.12785001119728,112.58266873224537,107.00826967137668,112.43549346923828,20593300
2022-10-24,112.28832938493728,113.23579266407968,111.60762876988987,112.573486328125,12624200
2022-10-25,112.0859569347984,113.39216830619782,111.20288416182254,112.86784362792969,11289100
2022-10-26,113.14380157648334,115.16750904136775,113.03341485332959,114.16485595703125,11667000
2022-10-27,115.16751255306443,116.08738088661299,114.2568448679021,114.61559295654297,10727600
2022-10-28,115.25030815523692,116.16097587044742,114.10967334905133,115.97700500488281,11859500
2022-10-31,115.62743795815351,117.21881314254274,115.52625188768748,115.79301452636719,13295200
2022-11-01,116.70371058030126,118.0007214209963,116.20698078449065,117.88113403320312,13386900
2022-11-02,117.42119556938326,119.91403794060878,116.49212657646382,116.79568481445312,16546100
2022-11-03,116.18855052642736,117.90869957525244,115.82060885949495,117.00723266601562,12474400
2022-11-04,119.1137728554938,120.34639323272533,118.1663094572852,120.20840454101562,14953200
2022-11-07,120.502739485292,121.6893633394648,120.02440407021109,120.84308624267578,12011200
2022-11-08,120.72352252607168,121.47780724444024,119.71166176671274,120.91668701171875,9884100
2022-11-09,120.79710537290492,120.89827740581053,118.86537643274565,119.34371185302734,9494000
2022-11-10,122.00213154445737,124.41218188876199,121.91013910423132,124.25580596923828,16351600
2022-11-11,124.35699721454469,125.25846421475916,123.05997954818707,124.45818328857422,10704700
2022-11-14,123.99826300220809,124.85373387602829,123.17958068847656,123.17958068847656,11085600
2022-11-15,123.88786204811832,124.8353393572774,121.0546798954175,122.28730010986328,14038300
2022-11-16,122.34248589433105,122.85760990495596,121.4502125058998,122.45286560058594,7893400
2022-11-17,121.42262691798348,122.24130921985102,120.76032055736282,121.91934967041016,8820200
2022-11-18,123.78667965255467,123.87865805777638,121.6801734570925,123.11516571044922,9468500
2022-11-21,123.02317718026617,123.77746179973948,122.11250261624289,122.38846588134766,7800500
2022-11-22,123.26235254064387,124.43058921497376,122.97719561262804,124.21900939941406,9185700
2022-11-23,124.12703383542443,125.56202617450363,124.05344268520541,125.54362487792969,7316200
2022-11-25,125.54362402149044,126.15074047959821,125.15728101253367,125.78279876708984,3220500
2022-11-28,125.16650250120074,125.75521772787319,123.43714538206625,123.5843276977539,9906900
2022-11-29,123.86948883593583,125.69082443669085,123.63952172345388,125.61723327636719,7925300
2022-11-30,125.18487754751828,127.1073989868164,122.51726500736811,127.1073989868164,14761200
2022-12-01,127.1073856696894,127.54893252740312,124.57774802951523,125.3228530883789,8858500
2022-12-02,123.71309664207149,124.50418396659444,122.65523964188837,124.32940673828125,8931900
2022-12-05,123.48311763699935,123.7866758406425,120.13479780358388,120.84308624267578,10154500
2022-12-06,122.70125247402278,124.28342733722695,119.46331158699114,121.04548645019531,13966700
2022-12-07,120.78790740397876,122.41607826790143,119.88644037637134,120.96268463134766,11739400
2022-12-08,121.72617867743384,122.32408748184625,120.89828875277405,122.23210906982422,8907300
2022-12-09,121.60659751943524,123.04158995225265,121.42262664990848,121.56980895996094,7957800
2022-12-12,121.79056240564566,123.86026616731614,121.05467896369105,123.45553588867188,8841600
2022-12-13,125.92078842252614,126.10475930072793,122.41609196109637,123.3359603881836,10025400
2022-12-14,123.05999709514892,124.8353504587983,122.12172736909545,122.71965026855469,9966100
2022-12-15,120.6407161626169,121.49620093947502,118.70900124661992,119.67486572265625,12087800
2022-12-16,118.80099041726888,119.49089167180837,118.13868409002481,118.92977142333984,21133700
2022-12-19,119.26094259625651,120.80632893854988,118.74581849418507,119.63809204101562,9017200
2022-12-20,120.47515997879809,121.4686194898387,119.7668574129856,120.21759796142578,8549900
2022-12-21,121.58819622165927,122.32409373584395,121.21106085175659,121.56980895996094,8051700
2022-12-22,120.59472379747314,120.7786946259303,118.12027615191184,120.18997955322266,8648200
2022-12-23,120.11640990854696,120.90749724493894,119.25173142038864,120.76031494140625,5091900
2022-12-27,121.02708811180806,121.62499693754901,120.08881844482123,121.18346405029297,5411000
2022-12-28,121.28465911057273,122.71965162743939,120.51195895557814,121.84577941894531,8827700
2022-12-29,122.27806071106752,122.59082653482463,121.70774697634157,122.54483032226562,6585200
2022-12-30,122.1677319049432,123.5659359397746,121.82738505520578,123.3543701171875,9292500
2023-01-03,124.40298100932641,125.7827833158519,123.1611533190235,124.29258728027344,11054800
2023-01-04,125.09291203233433,126.64747787858346,124.706568978585,125.45166015625,11687600
2023-01-05,125.71109135924394,125.75742733180829,123.89482586889802,125.423828125,8381300
2023-01-06,126.14663299445324,128.23162464990682,124.62690630895726,127.82389068603516,10029100
2023-01-09,128.435482724952,128.6949472040122,126.84162141658003,127.2956771850586,8482300
2023-01-10,127.68490733956229,128.54671140906447,127.24011299323453,128.43551635742188,9048700
2023-01-11,128.71352500898286,129.50119445945225,127.97220569061123,129.38999938964844,8703700
2023-01-12,129.73281641530158,130.5297471388715,129.01002042645388,129.26022338867188,11001700
2023-01-13,125.65551692138334,132.9668879183642,124.91418364348826,132.52207946777344,20200000
2023-01-17,130.81701239235827,131.1598731733884,129.01928393227195,130.47415161132812,14292900
2023-01-18,128.73201653467143,130.40927422767282,126.4060975984864,126.55436706542969,13392600
2023-01-19,125.39604068186362,125.93349276488416,123.79290355298434,124.86783599853516,13303400
2023-01-20,125.24779502725679,125.55359556421064,123.75586678683457,125.17366027832031,13092500
2023-01-23,125.21070703148442,127.84244084474776,124.93271942775594,127.20304107666016,10487100
2023-01-24,126.41536871268397,130.00155011000138,125.09950890834466,128.29649353027344,6945000
2023-01-25,127.92582115073874,128.91734313964844,127.1844879739416,128.91734313964844,8967000
2023-01-26,129.19535017159177,129.78841390951436,128.2130896812595,129.7142791748047,7487600
2023-01-27,130.29806866619722,130.90039388480972,129.50113802048105,130.0293426513672,7489900
2023-01-30,129.01927829434823,129.81620899523966,128.72275350365265,128.92662048339844,6729300
2023-01-31,129.62160502072973,129.79767322600014,128.111140038413,129.69573974609375,9188700
2023-02-01,128.0740895299568,130.54827785151784,127.99067912020439,129.35287475585938,8841800
2023-02-02,129.7328251316886,130.1590963500424,127.87949905837876,128.7505645751953,11822100
2023-02-03,128.04631141594143,131.89197209651468,127.99998956875123,130.74290466308594,11501200
2023-02-06,129.94596104263303,131.80856290141585,129.76063125273973,131.51202392578125,8406200
2023-02-07,131.01162785812542,133.75454259559032,130.82628393444696,133.11514282226562,10447900
2023-02-08,132.1884607576999,133.47652165944172,131.8455999997501,132.17919921875,6958000
2023-02-09,132.6240275098244,132.82789453708943,129.6123722267593,130.12203979492188,6443100
2023-02-10,129.5289278811518,130.91892211150304,128.42619686271271,130.69651794433594,6582900
2023-02-13,130.9374834079669,132.26260469752583,130.41855439555908,132.11434936523438,7134600
2023-02-14,132.04948930472878,133.26341568088841,131.21549818607522,132.69815063476562,9249400
2023-02-15,131.224771060356,133.33756194053097,130.9375077422259,133.25416564941406,6728300
2023-02-16,132.4293858537453,132.8741800443655,131.28958041438693,131.41932678222656,8165300
2023-02-17,130.64092844038112,132.35526041873317,129.79767596852335,131.80853271484375,7948800
2023-02-21,130.3722602122745,130.97458569339136,128.5745311717281,129.38999938964844,9996300
2023-02-22,128.73200618635008,129.20459916701773,127.3605490767579,128.39840698242188,11107500
2023-02-23,128.5559365889466,129.89033339026216,127.82387913976135,129.427001953125,8068000
2023-02-24,128.9081003151785,130.99309222400296,128.74129360979924,130.59461975097656,9126900
2023-02-27,131.68808479655095,132.80007761336196,131.32668677759347,131.7344207763672,10014700
2023-02-28,132.45722294669986,133.21707931979367,131.49348542502423,132.837158203125,11019800
2023-03-01,131.6787992150333,132.93906128125974,131.40079752664818,132.09579467773438,7139200
2023-03-02,131.80855932255736,131.98461342733398,129.3065577377837,130.724365234375,11106800
2023-03-03,131.13207104919564,133.19853964117584,130.7336127614423,133.12440490722656,9513100
2023-03-06,132.92055012572462,133.4765394717512,132.1977540780608,132.3460235595703,9261300
2023-03-07,131.59542802066633,131.87342979188446,127.70344564288506,128.45404052734375,11747600
2023-03-08,127.87948258754065,128.4262103152073,126.85088618374637,127.69415283203125,10002500
2023-03-09,126.73044067378717,127.27718264990011,119.743407109807,120.78126525878906,25888100
2023-03-10,119.50249500830982,125.34046197935763,118.44609243379001,123.8485336303711,37599700
2023-03-13,121.58747430359412,124.0616631393986,119.91947785817618,121.6245346069336,42901100
2023-03-14,125.35896116231253,125.59062689688803,121.66157094817605,124.74736022949219,29648100
2023-03-15,121.37432254422968,121.38359822418991,117.43601164465217,118.85379791259766,34280600
2023-03-16,118.622124529571,122.27317898084158,116.77806715483966,121.16118621826172,24558500
2023-03-17,118.96500397287782,119.05766179175706,116.24987395013869,116.5834732055664,38396000
2023-03-20,117.67693236359524,119.97505971381725,116.76880658293382,117.81593322753906,22875500
2023-03-21,121.01291326343416,122.06930847844701,120.64225373315954,120.9758529663086,17807800
2023-03-22,120.98511512011504,121.07778707303171,117.7603319431326,117.85299682617188,17250200
2023-03-23,118.52020864551586,120.03066691183282,116.77807754068986,117.5379409790039,16677600
2023-03-24,116.41667263675598,116.46300861569885,114.08148493751717,115.74948120117188,22311100
2023-03-27,117.49160888171173,119.89166985599225,117.02827735701212,119.06694030761719,18853900
2023-03-28,119.27079845783766,119.85458652059853,118.37192716557276,119.42832946777344,10820500
2023-03-29,120.55886849682805,120.67006353813926,118.39973482303591,119.66926574707031,14595300
2023-03-30,120.4198541009021,120.57738511423462,118.28853344143305,119.307861328125,12134700
2023-03-31,120.15111562474102,120.7812396128961,119.40052093424592,120.7534408569336,13105200
2023-04-03,120.38279043309,121.80058365315669,119.91945894575434,120.61445617675781,11775400
2023-04-04,120.92952841287085,121.0129246940969,118.06614297272823,119.00206756591797,11579900
2023-04-05,118.42303411541698,119.68383859501387,118.10549231377561,119.17951965332031,9614700
2023-04-06,118.60981623615582,119.6184683520307,118.47906582765681,119.04876708984375,8760200
2023-04-10,118.18019048329045,119.75853651896533,117.88133142990569,119.44100189208984,9477300
2023-04-11,119.82392148798569,120.42163960796621,119.11412854849803,120.02938842773438,10516300
2023-04-12,120.64578863891776,121.8132080873547,119.5997853733505,120.0107192993164,11821000
2023-04-13,119.97336856368719,120.51503864900333,118.45104903740956,120.46835327148438,12450200
2023-04-14,126.22138924982342,129.92911468105393,125.98790535239443,129.56488037109375,43931300
2023-04-17,130.70426129549892,130.80699476339154,128.56555541938278,130.59219360351562,16050500
2023-04-18,131.0031342737207,132.4133717236845,129.84504914380517,132.0584716796875,13760100
2023-04-19,131.89971508470921,132.1518816759903,131.1245468601976,131.890380859375,9158100
2023-04-20,130.66691009806405,132.08648169838483,130.6015277772831,131.5074462890625,10586200
2023-04-21,130.5081577667996,131.78764489908252,129.61157337617786,131.2552947998047,11842500
2023-04-24,131.18058693269546,131.77830508418094,130.78832148106375,131.4327392578125,7567500
2023-04-25,130.37739294379983,130.71361027176334,128.53753898948895,128.57489013671875,10629300
2023-04-26,128.52819436776014,128.70564438655003,125.14735253851849,126.29608917236328,14416100
2023-04-27,127.01522972966504,128.79904997913064,126.69769507551487,127.99586486816406,9041100
2023-04-28,127.53823491258476,129.18197058151966,126.7070328529894,129.1072540283203,9887300
2023-05-01,132.86167355918573,133.8983426470363,131.52615248918775,131.8717041015625,20415800
2023-05-02,132.05849653289422,133.00178066931096,129.28470648454353,129.74234008789062,14113400
2023-05-03,129.29405476124063,129.50885597235643,126.79109978766246,126.99656677246094,12930900
2023-05-04,126.04393893778094,126.75372477393438,123.10203361865545,125.2594223022461,17089200
2023-05-05,127.42616871874901,128.77103819082956,126.93118401732013,127.70635223388672,11261400
2023-05-08,128.40679281302224,128.8550778481138,127.46350886850172,128.01454162597656,7484900
2023-05-09,126.94984067076172,127.90245883341599,126.27742024793284,127.39813995361328,7343600
2023-05-10,128.83641030628993,128.9391437900356,125.95988701213741,127.4635238647461,8133400
2023-05-11,126.08129266895112,127.77171364610035,125.98789341853605,127.06192779541016,7057300
2023-05-12,127.78107437977394,127.93984172013046,124.33484976943936,125.24076843261719,9988600
2023-05-15,125.39951910473174,126.70702305782953,125.11000139016896,126.29608917236328,7639500
2023-05-16,126.51089857998909,126.95918359250788,125.10999544648469,125.44621276855469,6477200
2023-05-17,126.92183671945286,129.4341256523218,126.51091704425899,129.30337524414062,12711500
2023-05-18,129.13525995720966,130.49879774748342,128.6589437524678,130.28399658203125,10999600
2023-05-19,130.55482384709921,131.2085900304391,129.0045019071009,129.98512268066406,13492200
2023-05-22,131.68492275092876,132.28264097920177,128.56558119246412,128.9111328125,11402500
2023-05-23,128.4535049515204,129.84507422109107,127.44486697507746,127.56626892089844,9514900
2023-05-24,126.45489097986786,127.34214131579863,126.15603895939236,126.39885711669922,8578000
2023-05-25,125.913217347196,127.26742125595067,125.68906764994362,126.7070541381836,8472500
2023-05-26,127.1179592797064,128.50952828093497,126.66967423765121,127.89312744140625,8579900
2023-05-30,127.76238330992678,128.62160228714237,127.0339147368369,128.3787841796875,7399900
2023-05-31,127.69697327992625,127.79970673593272,125.5209022577691,126.74436950683594,14219900
2023-06-01,127.50087540035871,129.09789708675177,126.50155759891467,128.4908447265625,12248100
2023-06-02,130.34005654774538,132.13321127897007,130.13458956545355,131.18994140625,12922500
2023-06-05,130.8536954120118,130.8536954120118,129.00450722615906,129.9010772705078,8511900
2023-06-06,129.5181816060298,130.84438269291823,129.07924498660134,130.13458251953125,9329500
2023-06-07,130.33073012898586,131.93710067728205,129.65829528315362,131.39541625976562,9281400
2023-06-08,131.3767054077865,131.58217235836509,130.2653198798546,131.4327392578125,7368100
2023-06-09,131.0778577635055,132.43206143627933,130.94710735890789,131.69424438476562,7249100
2023-06-12,131.75031886418873,131.98380279419482,130.52685110034514,131.6849365234375,7596600
2023-06-13,131.19924368125277,133.43134876280965,130.8817090589414,132.63751220703125,7701600
2023-06-14,133.55278517375058,134.1224864357795,131.40473053409755,132.14254760742188,9068700
2023-06-15,131.30198684145745,133.92634328269568,130.7789852482786,133.63682556152344,9343100
2023-06-16,133.59947478908592,134.45869373040634,133.0858074190779,133.79559326171875,13813500
2023-06-20,133.1885471192388,133.55278140759413,131.72226149001006,133.11383056640625,8428600
2023-06-21,133.45937940871084,134.50539687612533,132.3293254158356,132.91770935058594,9926500
2023-06-22,132.90835879827526,133.17920807383072,129.7703349465135,130.3587188720703,10075200
2023-06-23,129.3874089623591,129.98512707104325,128.52819007179585,129.67694091796875,9919500
2023-06-26,129.6956405842955,130.76032666699746,128.5936033455019,129.9945068359375,8429700
2023-06-27,129.81701521636734,130.6015174996597,129.3873986798657,130.00379943847656,8154000
2023-06-28,129.96646260371023,130.01316222705987,128.8457428969404,129.43411254882812,7558600
2023-06-29,130.8163662865002,134.075792408893,130.61089931451409,133.95437622070312,15423200
2023-06-30,135.0470863028697,136.35459037328218,134.1691846052818,135.8315887451172,14212800
2023-07-03,136.53203468399295,137.73680522331213,136.35458465672096,136.92428588867188,8021600
2023-07-05,136.29423841477606,136.7550004176732,135.74883406462274,136.0121307373047,8934900
2023-07-06,134.48876602280728,134.83669068550142,133.00301235042232,134.6674346923828,9709500
2023-07-07,135.3256981118395,137.1405657343438,134.46997663504473,135.73004150390625,8981500
2023-07-10,135.88049308545027,137.28161890628877,135.88049308545027,136.49171447753906,9100100
2023-07-11,137.61070284824444,139.0024300393637,137.0182925904992,138.62628173828125,11260900
2023-07-12,138.65453286860148,140.93017696899278,138.23137845732865,139.31277465820312,11323200
2023-07-13,139.82997993941507,140.46001243736916,138.93665070645315,139.98983764648438,11234900
2023-07-14,142.5099721147579,143.7700370233772,139.5572752064884,140.83615112304688,27028400
2023-07-17,141.38153177647354,144.57871385563266,141.38153177647354,144.2307891845703,17262400
2023-07-18,144.2307981597808,145.18994423405886,143.70420478207672,144.4940948486328,13491700
2023-07-19,143.6383953372702,145.9516615690135,143.14001121819382,145.04891967773438,12510000
2023-07-20,145.3121945631174,147.24931207038827,145.1993572243928,146.83555603027344,9935900
2023-07-21,146.50644079864747,146.82615615405976,145.4626523806658,145.70713806152344,10636400
2023-07-24,145.72595293417018,149.3180803107643,145.50026390451757,148.57521057128906,14381400
2023-07-25,147.9169857104419,148.31193079594107,146.65692076881191,147.4656219482422,9944700
2023-07-26,147.36216242019992,148.81029419886468,146.95780471245106,148.34951782226562,8728600
2023-07-27,148.35894475625432,149.30869258655179,146.27136771662688,146.7133331298828,10778400
2023-07-28,147.89817192456593,148.19909065944483,147.10828176840127,147.5502471923828,9103800
2023-07-31,147.80412710639777,149.87290747944695,147.77591776936478,148.53761291503906,8892700
2023-08-01,148.0392255755503,148.57523171653716,146.83557927662042,147.80413818359375,6853900
2023-08-02,146.28076942585813,146.4030194553348,144.75740779094255,146.13031005859375,8299400
2023-08-03,145.75415842243157,147.5596275662202,145.14293704590386,147.0236358642578,6084000
2023-08-04,147.07065618313624,148.38715409339025,146.41241440230658,146.7133331298828,6209400
2023-08-07,147.25871943203992,148.29309514639542,147.25871943203992,147.40916442871094,7251800
2023-08-08,145.11473741719715,146.67570663590206,143.48792249952785,146.58168029785156,8623400
2023-08-09,146.05508084120885,146.2431478581163,144.31542865047933,144.6163330078125,6277800
2023-08-10,145.17113300465522,146.16790099076863,143.9580743433723,144.40003967285156,5995100
2023-08-11,143.90165938480195,145.30278507694817,143.52552538554008,145.23695373535156,5180700
2023-08-14,144.44709391815624,145.67894952408608,143.79825043751342,145.53790283203125,5044300
2023-08-15,143.73241079690175,144.12735582105773,141.26868562441484,141.83290100097656,10300300
2023-08-16,141.61661049992682,141.95513682230194,140.75147651606358,141.23106384277344,6978200
2023-08-17,141.87994667324236,142.23726975017826,139.54786942574637,139.76416015625,9953900
2023-08-18,138.84257898796662,140.5822310649973,138.64511365512735,140.08384704589844,8517500
2023-08-21,140.72327319354213,141.1464418760233,139.1905135241849,140.56341552734375,8327000
2023-08-22,140.35657350514163,140.71391093800844,137.1499923340537,137.64837646484375,9673300
2023-08-23,137.62013862354203,138.7861626811415,136.78322824246797,138.57928466796875,7858000
2023-08-24,138.70153017997455,140.49760089579777,138.22195717332013,138.4476318359375,6534000
2023-08-25,138.49465769081132,139.75472243593128,137.14996494383848,138.27838134765625,6695500
2023-08-28,138.76739302548728,139.74535026556242,138.3536369186339,138.7579803466797,5094100
2023-08-29,138.89901243341095,139.97101014649476,138.40061406417527,139.88636779785156,6337000
2023-08-30,139.75475738432215,140.25314154021058,138.41006430108266,139.32220458984375,6277300
2023-08-31,139.41620112815974,139.50084348167059,137.2534089211085,137.60133361816406,10933900
2023-09-01,137.3756530739663,139.24695371806996,137.00891734808206,138.06211853027344,7903500
2023-09-05,138.38183336553914,139.36920319243367,136.36007336787995,136.5387420654297,7854700
2023-09-06,136.06859499436595,136.85848527707324,135.51379213022136,136.31309509277344,8629200
2023-09-07,135.5325804369257,136.60457831204684,134.83671662905607,135.14703369140625,8373700
2023-09-08,134.81789072040658,135.52315278000043,134.14083799530906,135.25045776367188,7107900
2023-09-11,136.11557526086284,136.39768294977497,135.1188071954874,135.84288024902344,6854200
2023-09-12,135.8804784465689,138.53227044959777,135.45732411697276,137.6107177734375,8363200
2023-09-13,138.55110821656936,138.88963465041334,137.12178713909157,137.6765899658203,8325900
2023-09-14,139.02125656733,140.95837410125364,138.72035221039306,140.34715270996094,10034900
2023-09-15,140.0368496663175,140.79853048647297,139.46323588161104,139.93341064453125,19863400
2023-09-18,139.32218705503516,140.24372555861612,138.9366403116919,140.22491455078125,6512400
2023-09-19,140.58222487765715,140.78910287820727,138.42883122468425,140.0462188720703,7943400
2023-09-20,140.7232746604071,141.28749001053504,139.30335230566138,139.4538116455078,7332000
2023-09-21,138.77679322179205,139.9710412101602,137.88346398739847,138.363037109375,8052400
2023-09-22,138.50405209324057,138.7109301020789,136.52932702968312,137.037109375,7071700
2023-09-25,136.67978144617302,137.77998844520116,135.12819643580607,137.7141571044922,7044700
2023-09-26,135.97450268262455,137.14052653002156,135.62656371487094,136.28480529785156,7468400
2023-09-27,136.5293798412187,137.3756888603089,135.889934562392,137.0841827392578,6717800
2023-09-28,137.55430792225792,139.98980940402407,137.3004095687964,138.78616333007812,8868100
2023-09-29,139.73591331381226,139.8863582985992,136.21900172619158,136.3694610595703,11917800
2023-10-02,136.1908141533554,136.93368391413614,134.12204820895175,135.1940460205078,9170600
2023-10-03,134.65802763566907,135.02476331799002,133.85873927604274,134.197265625,9431100
2023-10-04,134.64862818200334,134.9119248569258,133.46377879625967,134.79908752441406,8128700
2023-10-05,134.552778656394,135.55691605946282,133.40656829222362,135.36744689941406,8576200
2023-10-06,135.37692931115018,138.19037578099838,134.6475135159572,137.4514923095703,10270600
2023-10-09,136.08741039936837,137.73568242415,135.9358408359839,137.13890075683594,6964900
2023-10-10,137.7546162153321,139.03346076917467,137.62199647640875,137.9724884033203,11288800
2023-10-11,138.78719132814007,139.46924000004523,137.3757411371047,138.4461669921875,8698200
2023-10-12,138.58824556518886,139.21345915158898,137.47992027355335,138.1240692138672,10484400
2023-10-13,140.67228296640758,145.03928168920007,140.04706935081757,140.19863891601562,29427000
2023-10-16,141.57220133475337,141.63851843881218,138.98610891137227,140.05654907226562,12663500
2023-10-17,139.7913175888073,141.43958969955224,139.052419542389,139.75341796875,11482700
2023-10-18,138.8629600091824,139.7060458454633,137.70726736334078,138.21881103515625,9620300
2023-10-19,137.8114567626337,139.2702884043397,137.24309262471562,137.6314697265625,11143600
2023-10-20,136.94945735914212,137.48940409847202,134.6285897844194,135.4148406982422,13332900
2023-10-23,135.40536824661368,136.10635221522327,133.31185510958022,133.567626953125,10133400
2023-10-24,133.74761802339899,134.25914727136302,132.96136711370946,133.72866821289062,8881400
2023-10-25,133.1602734724665,133.7381052430868,132.15613610821745,132.9992218017578,8242600
2023-10-26,132.39298287304953,134.2023066571367,132.08037605790858,133.34027099609375,9109400
2023-10-27,131.6256752868679,131.76777717096823,128.0638773242415,128.5375213623047,17434700
2023-10-30,129.24799226425498,130.76364457019,128.8690683469191,130.17633056640625,9855500
2023-10-31,130.45104346496146,131.9003930222097,130.2236891298068,131.72987365722656,9672500
2023-11-01,131.90988322864285,133.1224109809578,131.17099958127815,131.61622619628906,9432000
2023-11-02,132.70560479630942,134.02233485906768,131.89093633956514,133.9654998779297,10186200
2023-11-03,134.69493324375367,136.1916505762301,134.37285867276427,135.4622344970703,9538700
2023-11-06,135.62322444025978,136.58946227041432,135.2632503662973,136.48526000976562,7625100
2023-11-07,135.9453164987424,136.6557826075624,135.29169982038272,136.41896057128906,6297900
2023-11-08,136.51370634039606,137.205222695659,136.0495299077011,137.091552734375,7618200
2023-11-09,137.7735634122232,137.9724857896062,136.12527715585688,136.68417358398438,7992500
2023-11-10,137.2999451873407,138.7587625615186,136.48527680957466,138.71139526367188,7983300
2023-11-13,138.01990306731832,138.54091452565973,137.50837374288378,138.09568786621094,6676300
2023-11-14,138.94821168974792,141.38274904699387,138.79665657901384,140.61544799804688,9927700
2023-11-15,140.63439622904392,142.244783091467,140.63439622904392,141.846923828125,8365300
2023-11-16,142.1784843279759,143.5425816665274,142.1784843279759,143.466796875,8126200
2023-11-17,144.1772437015897,144.80245730700287,143.5520300961765,144.7645721435547,7812400
2023-11-20,144.06356739386794,145.64553669201902,143.91199783783145,145.20977783203125,7019000
2023-11-21,145.12453420331482,145.53187560312782,144.52775252863756,144.9066619873047,7083500
2023-11-22,145.3234654437586,145.76869199043034,144.84033928000449,145.2476806640625,5174500
2023-11-24,145.49399205704268,146.29919281374606,145.2003350259655,145.44662475585938,3496900
2023-11-27,145.3423911390429,145.4371257209846,144.6603570760402,145.11505126953125,6259100
2023-11-28,145.14350004633388,145.75923159830407,144.6698559434427,145.44662475585938,6582700
2023-11-29,146.04342970414405,147.4264769274474,145.8823924340457,146.18553161621094,9126100
2023-11-30,146.74439687209036,147.90008946187166,146.24233535655063,147.85272216796875,9869800
2023-12-01,147.60643889731196,149.5389002641886,147.60643889731196,148.57266235351562,8916000
2023-12-04,147.79588967365407,149.71888331169214,147.66326992118485,149.66204833984375,9607500
2023-12-05,148.97053122729264,150.1451737523716,148.69582402014166,149.6431121826172,9135600
2023-12-06,150.46724018307185,150.82721429092348,147.77694541510039,148.0706024169922,9366000
2023-12-07,148.43056368318955,149.017877636161,147.91902005266044,148.52528381347656,8130900
2023-12-08,148.97053119979643,150.41041325374513,148.70529167070984,150.16412353515625,7369400
2023-12-11,150.16410270169644,150.90298620942215,149.81359630123396,150.71353149414062,8093900
2023-12-12,150.83667559584973,152.18182292300537,150.50513344346612,152.05868530273438,10223000
2023-12-13,152.0586765193189,153.48907622122266,151.3482105066473,152.57020568847656,12379100
2023-12-14,153.2996186132369,156.1509502866284,153.1859486787862,155.34576416015625,13643000
2023-12-15,154.48375252838963,156.5677835579425,153.83012139517064,156.52041625976562,20309300
2023-12-18,157.1740096839917,158.32023442520347,156.89930254762515,157.46766662597656,8469600
2023-12-19,157.24979566628645,159.58959799912404,156.82351899061453,159.57064819335938,10345700
2023-12-20,159.13492535722085,160.4800726590447,157.6760936599054,157.7708282470703,10734700
2023-12-21,158.04554747615234,159.22965763367768,156.94668978089607,158.67076110839844,7601700
2023-12-22,158.67076914508667,159.36228546485532,158.41499729085479,158.57603454589844,6576300
2023-12-26,158.63285356809848,159.87379852543415,158.36759963211486,159.51382446289062,4683600
2023-12-27,158.99282920902155,160.53691341777682,158.74653950976872,160.47059631347656,6428600
2023-12-28,160.42326026550225,161.66420547787502,160.09170361823246,161.32318115234375,6320100
2023-12-29,161.03896292625708,161.69259397084912,160.68847098531793,161.13369750976562,6435100
2024-01-02,160.17695674306748,163.0946061058102,160.00645180683773,163.0093536376953,9977400
2024-01-03,162.80092013818626,162.97142504410533,161.38945578093865,162.29885864257812,9852300
2024-01-04,162.64200181002505,165.2249889082347,162.54668305166135,163.37591552734375,11972500
2024-01-05,163.4330960040298,165.25357661087241,163.4330960040298,164.1956024169922,10066000
2024-01-08,163.9573211669922,164.28138166799556,161.5459049822079,163.9573211669922,11229900
2024-01-09,163.57608322901686,163.73811350184837,162.12733683301676,162.6610870361328,9923600
2024-01-10,162.03201526200067,163.0613968688974,161.03122637666203,163.00421142578125,9670200
2024-01-11,162.34654010755642,162.37513282741753,160.73574901857515,162.3179473876953,11919500
2024-01-12,165.6538904699053,168.04623999703182,160.98354774460927,161.12652587890625,19436500
2024-01-16,157.14243736078933,160.21151515002774,156.59916117294043,160.1162109375,17206400
2024-01-17,159.4966746905354,161.14559906926118,158.68652340442242,159.25839233398438,11107500
2024-01-18,159.2869647939275,159.67775129943212,157.49509159021667,159.57290649414062,9382300
2024-01-19,159.69685192528067,162.57530711076893,159.2488798931695,162.32748413085938,13115700
2024-01-22,162.47044192364703,163.91918812242486,161.7555948824447,162.1368408203125,12837500
2024-01-23,161.71745692199738,161.79370901610295,160.54511188027425,161.0693359375,8360800
2024-01-24,161.42199326325292,162.99465093143215,160.94542857064098,162.50856018066406,9967100
2024-01-25,164.2337218321671,164.8818573759675,162.8993465119901,164.83419799804688,8873500
2024-01-26,164.51967362135542,164.9485789616812,163.72857443899406,164.20513916015625,7443000
2024-01-29,164.1669939008346,164.73886274782376,163.27105004259295,164.63401794433594,6971200
2024-01-30,164.72935032471554,168.47514175793654,164.72935032471554,168.00811767578125,10822100
2024-01-31,167.94137645745244,169.94295376563514,166.16855541247875,166.1876220703125,11521800
2024-02-01,165.50136480104896,166.64511700900374,163.3949427286569,165.58714294433594,9354800
2024-02-02,165.1773303806104,167.57922057647215,165.1391970596281,166.54029846191406,8607600
2024-02-05,165.71110362867506,166.8834488993153,164.81515952748885,166.32110595703125,7820200
2024-02-06,166.4259057485911,167.62684341714058,165.61574003543072,166.8929443359375,6764800
2024-02-07,167.45529669210487,167.6268529930128,165.80638700000247,167.2074737548828,7225500
2024-02-08,166.79764812133146,167.09311591388456,165.43468003475408,166.60702514648438,6060300
2024-02-09,166.7976486241064,166.89296738361762,165.52998474933108,166.8071746826172,6296700
2024-02-12,166.5879275879727,168.52277878382498,165.55854626240236,167.5505828857422,8539300
2024-02-13,167.10264500375442,167.9699816610953,164.52918411800974,166.09231567382812,8397600
2024-02-14,166.86434670521666,167.8460686805648,166.24480395940387,167.7793426513672,7056700
2024-02-15,167.89374931915643,171.76346716084313,167.89374931915643,171.43939208984375,8723400
2024-02-16,171.1915955594606,171.54424883180232,169.80956064891888,170.63877868652344,8152600
2024-02-20,170.79127046965817,172.00174895752147,170.0478306534527,171.3059539794922,9668000
2024-02-21,171.51561163249343,172.50687423160645,170.15264373821137,172.42108154296875,7024000
2024-02-22,173.2979986219762,174.8229969721862,172.7451818115598,174.48941040039062,9296500
2024-02-23,175.19473161702368,176.51958104443122,174.60379597912453,175.36630249023438,7105800
2024-02-26,175.1375127000542,175.81424091701768,173.9270343904093,174.7657928466797,7145400
2024-02-27,174.71815547760136,174.93737117679154,173.69831453855065,174.85159301757812,5717100
2024-02-28,174.83252201060458,176.51956515120406,174.38456456464726,175.73800659179688,6131600
2024-02-29,176.9580179517879,177.69191716010636,175.23285596671522,177.33926391601562,9643000
2024-03-01,176.9961332386516,177.70145425651842,176.4242643035929,176.6053466796875,6311800
2024-03-04,176.05253948496141,178.79754229244386,175.6331602181459,177.93019104003906,7063600
2024-03-05,177.62518409467728,180.4273866766866,177.62518409467728,179.71253967285156,6617800
2024-03-06,180.37973138798867,181.16130444415123,178.83566647867224,180.6466064453125,7572900
2024-03-07,181.00879937810365,181.57114220733695,177.882536255817,179.0644073486328,7618300
2024-03-08,179.60769987770607,181.53302526732264,179.11206853567012,179.39801025390625,6172200
2024-03-11,178.5020662570391,179.60769981055208,177.49175145743587,179.4647216796875,5762600
2024-03-12,180.09380825926033,181.24710130313005,179.10256002169075,180.9420928955078,5708400
2024-03-13,181.437716033799,182.74349867848787,180.94208466575625,182.409912109375,7795500
2024-03-14,182.07631805894928,182.64820154761136,178.33052629337638,179.1597442626953,10310900
2024-03-15,177.73956247395188,181.99052590228584,177.73956247395188,181.38052368164062,17214200
2024-03-18,181.69506181540558,183.6680321068183,180.989740825109,183.62991333007812,9013800
2024-03-19,183.6775727454706,184.84037723128353,183.36303829879972,184.70693969726562,8478700
2024-03-20,185.08820281034855,187.34711486243472,184.53538600625475,187.12789916992188,9367000
2024-03-21,187.30899243272455,190.08258791393138,187.12789552103195,189.7299346923828,11203800
2024-03-22,189.68226010163048,191.08336136082147,187.32802952563463,187.40428161621094,8108800
2024-03-25,187.38524407916947,187.70930458163005,185.25022900773442,185.6886749267578,8620000
2024-03-26,185.46943290101217,187.44241759575021,184.96427551941824,186.55599975585938,5961500
2024-03-27,187.28992589560684,190.2446328340464,187.17555502229447,190.1683807373047,8725800
2024-03-28,190.13975658599904,191.31210147444565,189.23427217663178,190.9117889404297,8628300
2024-04-01,190.61635887297004,191.52182891767458,189.26291683518835,189.61557006835938,7309000
2024-04-02,189.09133467432258,190.41618391366802,188.79586689731462,189.539306640625,7014700
2024-04-03,189.71087593046866,190.2065073077986,188.43368598081162,189.0055694580078,9353400
2024-04-04,190.92294758736315,191.43105169111553,187.47167525782456,187.56753540039062,9243800
2024-04-05,188.05644940533662,189.93547176986357,187.0498229672658,189.29315185546875,6532300
2024-04-08,189.4561511095411,190.7599689797472,189.4561511095411,190.28062438964844,8001000
2024-04-09,189.88756106284035,190.66409690966574,186.85809993213326,189.00555419921875,7351500
2024-04-10,187.47168590914404,188.92889766624094,186.1582716882843,187.39498901367188,7681400
2024-04-11,187.90305769185724,188.44951748332386,185.2570811252899,187.35659790039062,10137700
2024-04-12,180.54034929302082,181.12513563622184,174.99911250049018,175.23878479003906,31532300
2024-04-15,176.8781612512524,179.71588778155154,174.67317311755488,175.3346710205078,14766600
2024-04-16,175.34423200208582,175.59350053236452,172.2284924010812,173.33099365234375,16451800
2024-04-17,173.8774496601014,174.88407621184723,171.79709592165912,172.6407470703125,9017100
2024-04-18,173.61860787689943,175.78524005173225,172.5352844752654,173.7624053955078,9557700
2024-04-19,174.86489872904636,178.20114757259395,173.91580581309498,178.12445068359375,13402300
2024-04-22,178.30659681566635,182.27556923453258,178.29700056215378,181.58531188964844,11529700
2024-04-23,183.23424396804157,184.28879315265974,182.6494430587006,184.2025146484375,9144400
2024-04-24,182.65903852652195,185.24749624840408,182.313909855042,185.10369873046875,6964900
2024-04-25,184.30798671411355,185.92817369729963,183.28218231517408,185.3817138671875,9802300
2024-04-26,185.57346202257514,186.8197461895444,185.08452120379513,185.49676513671875,6413700
2024-04-29,185.4871603065969,186.2349366235766,184.48053384037513,185.29542541503906,5387800
2024-04-30,184.8448357100977,186.93478547211615,183.7231712629308,183.8190460205078,8153700
2024-05-01,184.3271633446403,186.42669488243652,182.90829289804591,183.93409729003906,7445300
2024-05-02,185.09409510958633,185.5063243643034,181.6907461813504,183.74234008789062,6501700
2024-05-03,184.06829876150786,184.5764027909394,180.67454593960358,182.6398468017578,8922800
2024-05-06,183.80943296201076,184.26001795024422,181.97834813855297,184.0682830810547,7911100
2024-05-07,183.78067590620714,184.95985926440983,183.73273853116427,183.82861328125,7688800
2024-05-08,183.109636489073,188.5262245966685,183.109636489073,187.56753540039062,9227600
2024-05-09,187.10736271795474,189.42738874358233,187.04026208314102,189.3411102294922,7977300
2024-05-10,190.33814573852757,191.1051000177961,190.07931018916793,190.55865478515625,7529800
2024-05-13,190.5874094528372,191.59403600454803,189.85879632323068,190.52029418945312,7049200
2024-05-14,190.77916576651847,193.25258585196926,189.9738702861682,193.1854705810547,8596200
2024-05-15,193.6647758753469,194.3166920568384,191.5173216973383,193.76065063476562,8370000
2024-05-16,193.86611690223924,196.03274906827554,193.6456224984565,194.1057891845703,8497900
2024-05-17,195.39041435725596,196.57919405411525,194.4317253003019,196.32992553710938,9260500
2024-05-20,195.94646044000078,197.37491243517428,187.32784034615054,187.5004119873047,17373300
2024-05-21,188.86174835342052,191.64194082806156,188.47827857361983,191.27764892578125,14420800
2024-05-22,190.77914312561188,192.63900243934597,189.52326266468145,190.11764526367188,9425300
2024-05-23,189.63828212351265,190.1080450328782,187.97017250806806,188.78504943847656,8069400
2024-05-24,189.58079156400566,192.46644082422952,189.39863827328057,192.41851806640625,7356200
2024-05-28,191.60359727675655,192.13087918863567,190.4531733234784,191.2584686279297,6910200
2024-05-29,189.82044693132437,190.76955443221763,188.75630141642043,189.9259033203125,6120000
2024-05-30,190.3572948397706,191.59401190237557,190.20390108142,191.09548950195312,6829100
2024-05-31,191.06674918836447,194.9015057616244,190.1559974279023,194.25918579101562,14417900
2024-06-03,193.9523837810448,194.05784016408327,190.9612785580393,193.48263549804688,6444300
2024-06-04,191.89121473962575,193.63602130368506,190.08887454138957,190.93252563476562,6848300
2024-06-05,191.50773045425237,191.56526408846938,188.78505690537415,189.1110076904297,8351600
2024-06-06,189.11101459986781,189.8396277088891,187.26075158024344,188.77548217773438,7640300
2024-06-07,189.27399483794662,192.61982529027472,188.87134714402987,191.6898956298828,6964500
2024-06-10,191.0092423122621,192.54313626193007,190.24228802320997,191.36395263671875,6070800
2024-06-11,189.7341441758814,189.76290367570908,185.6021969117296,186.33079528808594,9235300
2024-06-12,187.9030629910031,188.59332031104074,183.40680878602598,183.6177215576172,12751300
2024-06-13,184.37508915956818,186.54172119382943,182.99457455675474,185.65972900390625,8587800
2024-06-14,183.54103282309364,186.81016629946183,183.5122733191848,185.7747802734375,6874000
2024-06-17,185.4871828705368,187.50043604788635,184.68188745097152,186.9252166748047,8725400
2024-06-18,186.5609073499265,189.78210335662163,186.11032229627904,188.86175537109375,9023000
2024-06-20,188.276958498773,191.21054490916163,188.00852671144565,190.4627685546875,8731100
2024-06-21,188.58373987114496,189.0247286665629,186.19659873864725,188.190673828125,20972100
2024-06-24,189.63827348154393,190.99961014010174,188.95761246648183,190.66407775878906,9785900
2024-06-25,189.9067364933477,191.8049516055998,189.57120405681215,189.8875732421875,6862500
2024-06-26,189.29317995519202,189.76294293027502,188.17151534458446,189.2740020751953,7758600
2024-06-27,189.28358009107907,191.6036059802996,188.76587978010525,190.94210815429688,7913500
2024-06-28,191.74738392817818,194.23039958562825,191.06672292192064,193.90443420410156,15307600
2024-07-01,194.46049781077463,198.5349265754009,194.28794079062752,196.96267700195312,10205800
2024-07-02,196.8092810628776,200.2318082090956,196.31077325787848,200.2030487060547,7802900
2024-07-03,200.893305615925,201.68901933140828,199.07178753267723,200.06883239746094,5560900
2024-07-05,199.53863075110766,199.90494123598646,197.1575464066805,197.41781616210938,8093100
2024-07-08,197.65882429121405,199.45186733579698,196.6273505271732,197.78414916992188,8707000
2024-07-09,198.22757616752443,202.20889121555817,198.05404829847083,200.15557861328125,9058900
2024-07-10,198.71922757684789,200.48335172261358,198.17938920186893,200.31947326660156,8328500
2024-07-11,198.78671869994315,200.6086806066436,197.98659583908096,199.98207092285156,10658100
2024-07-12,196.6562601537881,199.98206161154934,194.82466361458398,197.5624237060547,15443400
2024-07-15,199.731435258761,203.99231931553012,199.27835346292989,202.4884796142578,10719700
2024-07-16,202.44028200402863,206.04565232180363,200.58940119084525,205.92996215820312,11557000
2024-07-17,206.10349645675493,209.72813632324488,205.59257690590508,209.06297302246094,11572500
2024-07-18,207.86762186082976,208.84125795726533,201.70765364332567,202.42100524902344,12415100
2024-07-19,203.59707529601897,204.70568563674118,201.3991534690736,202.2281951904297,8095900
2024-07-22,202.8837329720962,204.53216706260875,202.16073195111863,202.710205078125,7663200
2024-07-23,203.42355557512025,203.86698792954928,201.81367519196866,202.75839233398438,5557300
2024-07-24,202.0064718741431,204.39719093826727,200.57975409339878,201.08102416992188,7119000
2024-07-25,201.1388579458968,202.62342813048153,200.56046601291564,201.15814208984375,6403800
2024-07-26,201.7076360111633,205.48651931773958,201.10994520654938,204.59963989257812,8027800
2024-07-29,204.99487998321382,205.9203277459261,202.97048598586377,203.2596893310547,6533600
2024-07-30,205.55398670734905,208.02182760531736,205.29371695525305,207.4434356689453,8850700
2024-07-31,207.0481990555499,208.6002417445629,205.01415571416632,205.1394805908203,9071600
2024-08-01,205.5250819532728,206.13240750216778,198.9506004887708,200.47372436523438,10918600
2024-08-02,196.5406090896375,197.30216371939395,189.80223404419826,191.9712371826172,18041700
2024-08-05,187.06445780696276,189.10813588433086,184.0278448440605,187.88385009765625,13927000
2024-08-06,188.36583747544628,195.30665821021745,187.01624161562503,193.1280059814453,10605800
2024-08-07,196.1838966420379,198.3432648205562,192.99305473526,193.18585205078125,9204400
2024-08-08,195.18133758602812,197.53350302957801,194.52580907593605,196.71409606933594,7761200
2024-08-09,196.1453696820707,199.03737393584737,195.5958818132959,198.39149475097656,5540200
2024-08-12,198.97949171960965,199.68320847871107,196.32848841298372,198.7674102783203,6936000
2024-08-13,200.2519905060568,200.59903157036632,198.00586566059425,200.45443725585938,6387800
2024-08-14,200.26164277885246,203.17291622190587,199.66395194824793,202.67164611816406,6999800
2024-08-15,205.3322777083701,206.1902382803681,203.5006811149563,203.93447875976562,7001000
2024-08-16,204.06945775588053,206.38305522115786,203.97305173253818,206.2673797607422,7931200
2024-08-19,206.29629275515234,207.7712136714554,206.1227795694666,207.694091796875,6090800
2024-08-20,207.26029344076227,208.22429480560302,205.9878045786156,206.79757690429688,5640000
2024-08-21,206.71080165097436,207.26028947898703,205.17804304045464,206.87469482421875,5202300
2024-08-22,206.85539841898242,208.9954824579449,206.62403281413785,208.83160400390625,5247100
2024-08-23,209.76669339782856,211.29945196841106,208.70628606060572,210.4511260986328,7214000
2024-08-26,211.125922885165,211.771802001634,210.20048985928128,211.28016662597656,5105200
2024-08-27,211.60795075652365,212.48519559702632,211.29947794472272,212.2538299560547,5185200
2024-08-28,211.35728113662915,214.2107314043105,211.299443413212,213.32383728027344,6506400
2024-08-29,214.15288670074474,214.9530095590424,211.05845071030296,214.2107391357422,6416100
2024-08-30,214.49031335022525,217.36303342834742,213.94082548692816,216.70751953125,8574100
2024-09-03,214.297494197532,216.03269949777572,211.34765254186397,212.36949157714844,8956100
2024-09-04,213.08282103922625,214.07575581850506,209.39070934836008,211.43438720703125,7389500
2024-09-05,212.22489665150468,212.85150637044612,208.25321569674185,209.79562377929688,8067900
2024-09-06,209.76668787436864,210.86564876332926,203.49103002390277,204.8117218017578,7777000
2024-09-09,207.44343435369325,210.29686985781797,206.46978366297833,209.00511169433594,8935100
2024-09-10,210.73069601813924,210.7692495990519,193.3883068457007,198.1601104736328,28406900
2024-09-11,197.86127052265937,200.22307080989853,194.56438778018585,199.76998901367188,13658700
2024-09-12,200.1748635449911,201.2641897182195,197.51422525926967,199.1626739501953,9054400
2024-09-13,199.41330902113066,200.3676756012256,195.71154756841665,196.96475219726562,10226700
2024-09-16,198.42039779039567,200.71472568909704,198.18903217312973,200.3773193359375,8634900
2024-09-17,200.25199896620595,202.3727990223658,200.18452651974977,201.71728515625,7573300
2024-09-18,201.48590664975958,203.73203144648693,199.25906599771233,200.05918884277344,8259900
2024-09-19,202.22818666728926,204.2815140938797,199.87602119841407,202.90298461914062,11635200
2024-09-20,202.3727828105395,203.80915002139488,201.95826931831834,203.49102783203125,20885000
2024-09-23,203.40428249196864,204.17548650492685,202.4306464351734,203.8284454345703,7223500
2024-09-24,203.54885955429185,205.28406475898234,202.79693975050793,203.9730224609375,7323200
2024-09-25,204.05978081621666,204.59963388085862,201.10030458012938,202.62342834472656,8976500
2024-09-26,203.5296028527362,204.07907595472616,201.48591005736264,202.2281951904297,7807500
2024-09-27,203.06688130801132,204.79245198574228,201.79440715731258,202.9222869873047,7032500
2024-09-30,198.8831236365637,203.36573890816123,197.87091923913886,203.2693328857422,8663800
2024-10-01,201.37986551461756,201.56302811498028,198.76743023115927,199.58682250976562,8540100
2024-10-02,199.62538779175662,201.4280654870263,198.2854265944641,199.82781982421875,5810900
2024-10-03,198.74815887229946,199.0566463684385,196.98403461617457,197.8419952392578,7251300
2024-10-04,203.00191264193967,205.30059173762103,200.68383122656712,204.8641357421875,10211700
2024-10-07,204.67983675803367,206.9106297822478,203.3801626203171,204.5828399658203,6718900
2024-10-08,204.2433662060858,204.970797696838,202.10957012647233,204.4082489013672,6021800
2024-10-09,203.3898630505735,207.7932570879516,203.07949994464997,206.9979248046875,7024000
2024-10-10,208.34610048894507,208.34610048894507,205.106608749474,206.4353790283203,7927100
2024-10-11,209.1802366899085,217.87062636423727,208.6855885118762,215.6010284423828,18320700
2024-10-14,216.4836435076752,216.96859791284456,212.2936451428216,214.81539916992188,9048900
2024-10-15,216.92978625602393,218.66591634009174,215.14515777638977,215.697998046875,9235800
2024-10-16,215.63979190961075,216.94915970720527,214.38860146343805,216.91036987304688,6382500
2024-10-17,217.521435503585,219.0538930763408,216.59031660888084,217.6669158935547,6470200
2024-10-18,218.22948685727843,219.12180120536095,216.3866659992262,218.58834838867188,7000500
2024-10-21,218.4428562648874,218.90840833464267,216.19266079507577,216.28965759277344,5870000
2024-10-22,216.30905529120685,218.50104375579213,214.4468322523353,217.37594604492188,9586800
2024-10-23,216.92979408147747,218.0354894619669,215.833792460598,216.68731689453125,6180500
2024-10-24,215.15486108792416,218.28766222544806,214.98997837538428,218.21006774902344,6002200
2024-10-25,218.2294793960015,218.83081811445436,214.2334598869442,215.62042236328125,6369700
2024-10-28,216.6291186743872,218.85020313281026,216.2411463063524,218.71441650390625,6843000
2024-10-29,218.43315914614644,219.92681213014208,216.1053692338975,216.19265747070312,6580000
2024-10-30,215.84348713272396,219.5000472712289,214.91238301870854,217.6572265625,7110900
2024-10-31,217.93848678573673,218.8987017479979,215.14515973125143,215.2421417236328,7829900
2024-11-01,216.83279926451777,219.34485939228048,215.99867714182966,216.23146057128906,6923500
2024-11-04,215.950183134864,217.0267824685998,212.57490473705727,213.1665496826172,8229600
2024-11-05,213.40903041100157,215.28096207617114,213.37993433119982,214.82510375976562,5600700
2024-11-06,227.92855883805424,240.53737273122323,227.70548396691856,239.6256561279297,23987800
2024-11-07,237.14268290793603,237.21058362240817,228.1419311373641,229.26702880859375,16451100
2024-11-08,232.13795371871322,232.13795371871322,228.68508098059854,229.84896850585938,9502100
2024-11-11,232.7780887124302,234.81490290851687,231.80818000946172,232.08944702148438,9017100
2024-11-12,233.31154859132423,234.194169089919,231.57540367214264,232.35133361816406,6861000
2024-11-13,233.34066461202306,236.74503922660472,233.0787850879371,233.90321350097656,11472600
2024-11-14,235.1252801712944,236.9390048192966,233.7965099040101,234.59182739257812,10172200
2024-11-15,234.19417438377397,239.00491351851235,234.19417438377397,237.92831420898438,11518800
2024-11-18,240.30460043640826,240.46948315746513,235.37746192618306,237.65675354003906,9051400
2024-11-19,234.96039616359047,237.77312563640768,234.28146299425183,235.77511596679688,6792700
2024-11-20,237.04570253777942,237.24938989567428,231.4590332309668,233.53463745117188,9015300
2024-11-21,235.9109076984406,238.10291100634333,234.82461460402516,237.39486694335938,8783500
2024-11-22,236.2794645809059,241.6527523940075,235.71691574566026,241.07081604003906,7997300
2024-11-25,242.07950499118758,246.65747516559617,241.56545457241828,242.75843811035156,10295400
2024-11-26,242.95244628971668,243.44709442063177,240.8671336131068,242.44808959960938,6212100
2024-11-27,241.84675111969358,243.63137965588157,241.28420227248876,242.27349853515625,5472300
2024-11-29,242.34139881448183,244.19392806320383,241.94373267843793,242.2056121826172,5494800
2024-12-02,242.04071318917073,242.71964630281866,237.65672182733675,238.8400115966797,8899700
2024-12-03,240.76044150846369,241.54606521705796,237.2687789369744,237.45306396484375,6657700
2024-12-04,237.3366594350314,237.96710897912115,234.9409837266818,236.07577514648438,7346300
2024-12-05,238.00589719302252,239.74202726798555,237.2590633441886,238.0931854248047,6572500
2024-12-06,238.30658907627586,240.28521131504291,237.47246691672382,239.91664123535156,5519700
2024-12-09,239.69356932385114,240.4112923726013,236.42496656531813,236.4734649658203,7076500
2024-12-10,236.55105259242768,240.49858844470623,234.93130670009893,235.5520477294922,9108300
2024-12-11,236.6577473583617,236.91962687843437,234.89250623735623,236.20188903808594,7884400
2024-12-12,235.68780610920146,236.75471156288182,233.78677860981603,234.2620391845703,6113800
2024-12-13,234.7858200575525,235.4162548301433,231.94397970195718,232.71990966796875,10392700
2024-12-16,233.36973231358596,233.42792446749883,230.3727179900156,232.3707275390625,9032000
2024-12-17,231.46870597678523,231.82758226052997,229.50950105308948,231.18743896484375,8083600
2024-12-18,231.80818316746954,231.87608388142587,222.62314644125652,223.4378662109375,11322400
2024-12-19,225.28069654614558,229.24761955351914,225.28069654614558,225.94993591308594,11790800
2024-12-20,224.94124306119815,232.01188637341022,224.62117138701748,230.45033264160156,32348400
2024-12-23,228.96635695747324,231.43961233565523,227.81216322118433,231.21653747558594,8611500
2024-12-24,232.22522821125293,235.1931612045448,231.87607529400537,235.01856994628906,3729100
2024-12-26,234.16505795563904,235.93999271034167,233.54431695942878,235.8236083984375,4451800
2024-12-27,235.41626442753616,236.06610154566872,232.81690115537214,233.91290283203125,5730200
2024-12-30,231.5851232615298,233.59282673786723,229.97507113678503,232.1185760498047,5723800
2024-12-31,232.8266068657463,234.17477948529643,231.83729576086603,232.49684143066406,4871000
2025-01-02,233.67040567185904,235.9593908295792,232.24463867787563,232.77809143066406,9220900
2025-01-03,236.55105658093132,237.51127162055965,233.0302829019279,235.95941162109375,9491100
2025-01-06,237.58749766624487,239.52758971131513,234.5457584708976,234.80899047851562,9917800
2025-01-07,236.0666364630763,239.1083757665875,234.85773282590426,237.07080078125,8753400
2025-01-08,236.6613409803632,238.1237179586147,234.467775512986,237.0318145751953,8675300
2025-01-10,236.99279835682842,237.69474046339533,232.75191424539267,233.8535614013672,10256800
2025-01-13,233.65858101637204,238.4064266263034,233.00538778135987,238.084716796875,10005300
2025-01-14,236.57358662642125,241.5066689337318,236.11537401279514,241.262939453125,12407400
2025-01-15,244.11945166267157,247.3074375627741,237.5680017698704,246.0205535888672,18448500
2025-01-16,247.62914776120917,250.5929065217044,246.00103664570244,247.8923797607422,15292300
2025-01-17,247.76566685921358,254.08313151072235,245.8158308046432,252.65975952148438,17678100
2025-01-21,253.54692929719334,257.6220793628749,252.9912189012906,256.43267822265625,13712100
2025-01-22,256.3059292216627,256.7739005596,253.7224025429303,256.2474365234375,9021900
2025-01-23,258.05104328370686,260.1665986454837,257.1931106983808,259.2794494628906,10749700
2025-01-24,257.07611593589155,260.4005897068569,256.4131788721569,258.197265625,7666300
2025-01-27,257.54409076732867,259.29893119572284,255.68199389214797,259.18194580078125,7522300
2025-01-28,259.18195317720495,260.6248127587292,258.1875177876292,260.4396057128906,7375400
2025-01-29,260.50781879552153,263.89078529426916,258.94794411487567,259.89361572265625,7684900
2025-01-30,261.8922195390952,262.93538890949,259.93262489498824,261.50225830078125,8753500
2025-01-31,262.47722622767554,264.0273425276852,260.26414296900646,260.5956115722656,7193800
2025-02-03,255.26272678047675,261.4437321121244,255.13601245216154,260.1178283691406,8381400
2025-02-04,263.07188179280973,263.07188179280973,260.13736895555724,261.21954345703125,5626000
2025-02-05,262.1651995788102,263.8518184078893,261.59973048488587,263.6470642089844,5704400
2025-02-06,265.6164359735269,270.0328135723906,264.38802970359865,269.9548034667969,7264400
2025-02-07,270.3154852917386,271.56337905921515,267.8196977567854,268.8823547363281,6857900
2025-02-10,269.2236076160228,269.2528539667919,262.8281477293246,264.2417907714844,8627400
2025-02-11,263.4813389480683,269.29184169342403,262.89638221818285,268.0926818847656,7196400
2025-02-12,267.20547522906736,269.5160555598776,266.39630649241644,268.5411376953125,6683900
2025-02-13,268.5899033779397,270.02303399802724,266.9422896122563,269.38934326171875,8398700
2025-02-14,270.41302280213205,272.2263859001187,269.516114830682,269.652587890625,5688600
2025-02-18,269.8182931454493,272.94777133904427,269.0968336529695,272.92828369140625,7919800
2025-02-19,271.3976452931055,273.22073697574245,270.2667369774727,272.2458190917969,7007200
2025-02-20,271.6901230945166,271.7486157904694,259.074682630374,260.10809326171875,13846700
2025-02-21,261.5900174978265,262.4479501394835,256.24745588977726,257.6123352050781,12835600
2025-02-24,258.830952916328,260.3030885181435,252.12351276645532,254.78504943847656,10372800
2025-02-25,255.6527330596067,256.4034091360431,246.99545729877843,250.94386291503906,9608400
2025-02-26,250.70990545858655,254.36584779830204,250.48566361764875,252.2990264892578,5943600
2025-02-27,253.65413698422063,257.0273744049559,251.39232027199134,252.55247497558594,8204400
2025-02-28,254.19036230579462,258.168014364657,251.42159895805173,258.01202392578125,10467100
2025-03-03,257.3783111842207,259.64012772604815,251.35332604019254,254.0830841064453,9058300
2025-03-04,248.87705700074721,250.7781589340054,239.7810705990394,243.9732208251953,13465600
2025-03-05,244.94812402975685,246.70297923682514,241.61390657436039,245.22109985351562,7861400
2025-03-06,241.88689051222846,243.10553793634068,237.7337454462382,240.35626220703125,9983200
2025-03-07,239.07913004138194,240.53176317463996,233.41485900581728,236.203125,20498700
2025-03-10,230.28539026110542,231.55277177640727,222.96374646708685,226.3954620361328,18887200
2025-03-11,225.9372366595305,227.4678649933782,221.00415417455685,223.3927001953125,18143000
2025-03-12,228.1308131535452,228.44279405563543,221.55986044493463,222.18380737304688,16054000
2025-03-13,223.5486764519025,223.7436570558228,218.60583558035344,219.54176330566406,16467900
2025-03-14,222.39828672532758,227.29237919177538,221.8718375571281,226.6099395751953,11962100
2025-03-17,225.38150637121063,229.758892969209,224.6795791897789,228.06253051757812,9586000
2025-03-18,228.44278631946406,230.24637564186483,227.6628489667191,229.07647705078125,10344900
2025-03-19,229.82715648248669,236.25186202365677,228.99847029765743,233.1126251220703,10120600
2025-03-20,230.626575584927,235.69614567962623,230.27560454658268,233.01512145996094,8328500
2025-03-21,231.8452488224462,236.22263602846675,230.56810861367876,235.56944274902344,19326900
2025-03-24,239.3228447686283,242.4523378102599,238.2796903387956,241.838134765625,9422700
2025-03-25,243.0567884546642,245.50384199682819,241.40917476122533,244.83114624023438,9287700
2025-03-26,246.26428619669275,248.28235866743117,243.51501036934545,244.73365783691406,12779300
2025-03-27,243.27125949697103,244.35341894811367,240.98019650885527,241.89662170410156,8022500
2025-03-28,240.74623024801554,243.2517615325482,235.06245706712528,236.75881958007812,11978400
2025-03-31,233.4051034157958,239.69332104124126,231.40651869928774,239.14736938476562,13603000
2025-04-01,236.53459990075916,239.52760529495902,234.8382521050207,237.54852294921875,8054700
2025-04-02,235.5401876257281,241.0484682086845,235.40369970489934,239.6543426513672,7758800
2025-04-03,228.39403885290514,229.24221273335493,221.59885935670877,222.95399475097656,17188500
2025-04-04,211.2025352982525,213.54694074239666,204.944241574114,206.26849365234375,27170700
2025-04-07,201.84453550263905,217.81396118841425,198.303402775656,210.34913635253906,22914400
2025-04-08,219.25590423367711,223.49348363812953,209.18182124244132,212.73275756835938,19485700
2025-04-09,208.4461369100307,232.9495891897229,206.9747524141952,229.86949157714844,24022400
2025-04-10,225.6122868759835,225.95561590830835,215.9011552975308,222.7774200439453,18896400
2025-04-11,221.99268738474478,234.02861709200695,220.70768061687372,231.6940155029297,20284500
2025-04-14,232.57685007270544,235.20571653709092,229.1730460537919,230.24224853515625,13017800
2025-04-15,231.5959137609775,234.0972553015322,228.37848769241106,228.6825714111328,10912900
2025-04-16,227.574126341125,229.1239864114683,223.58176271607732,225.22972106933594,9322300
2025-04-17,226.39702262242238,229.86948332210488,226.15179188192315,227.53489685058594,9557900
2025-04-21,226.23027991963676,227.38776189376563,222.02211180001825,224.62156677246094,8716200
2025-04-22,227.5545095207112,231.48802026386073,226.95614590207006,231.09564208984375,10701400
2025-04-23,235.63731625364926,242.08197236154456,235.4215120035636,236.28472900390625,14126800
2025-04-24,235.16649038746075,240.78717510551016,233.04769307035298,239.97300720214844,9055200
2025-04-25,239.98281495355522,240.93431149661754,237.13814413406232,238.90380859375,8588600
2025-04-28,239.89452661223797,242.13102985600685,236.24549185288936,238.58009338378906,7394300
2025-04-29,237.5697486449445,240.5713706917717,237.07928713486953,239.95338439941406,7216800
2025-04-30,236.60844827615284,240.541944198583,233.88146850985436,239.95338439941406,12991700
2025-05-01,238.20734299709588,243.7103217475342,237.55012636868136,242.18008422851562,8689600
2025-05-02,246.4667021122206,248.78168093946223,244.70105272563194,247.69285583496094,7165000
2025-05-05,246.38824947467103,250.29233406900863,245.8095084557676,247.74192810058594,5450700
2025-05-06,245.23074839753636,247.83018834347143,244.2498254039462,244.49505615234375,6369900
2025-05-07,245.08361641763196,247.63400722536448,244.08307077124687,244.63238525390625,8724100
2025-05-08,246.77078915965458,250.99856460126213,246.7511665100619,248.63453674316406,8320100
2025-05-09,249.64490778917525,250.63563464782604,247.52611048052464,248.2519989013672,5087600
2025-05-12,257.88465637383746,258.57131446306823,253.76479764463758,255.08901977539062,9603900
2025-05-13,256.0503155003321,258.639966447806,255.4225403810428,257.9925537109375,8589000
2025-05-14,257.9827669437803,261.5533412811179,257.28631994724986,260.5724182128906,8643100
2025-05-15,261.8770157752101,264.3783574631619,259.7091843166256,262.3870849609375,9214600
2025-05-16,262.39686601715493,263.3385435843166,259.6600828457583,262.4557189941406,8932900
2025-05-19,260.4840753869021,263.2012510960716,256.933139124985,259.8268737792969,12145000
2025-05-20,257.51191281628184,261.5729486833489,257.29610854408895,260.61163330078125,8436300
2025-05-21,259.3070029050421,260.58219084007044,255.7560664091254,256.0601501464844,7464000
2025-05-22,254.49065855609336,257.29608389039316,253.93152527688756,255.69720458984375,6514100
2025-05-23,251.9108110430405,256.99198455091897,251.11626587786765,255.7364044189453,6671800
2025-05-27,257.04106526626447,260.23885381510826,256.99200115618,260.22906494140625,7506600
2025-05-28,261.1608861867363,261.63173992459315,257.8846075078793,258.4633483886719,5535400
2025-05-29,259.74841937820054,260.3467980228732,257.5217347653291,259.3266296386719,5081200
2025-05-30,258.4241883810186,260.26829856132497,257.7179225906518,258.96368408203125,10977700
2025-06-02,258.00232557179766,259.9739901433687,256.90369673393997,259.6110534667969,6011200
2025-06-03,258.69884566926845,261.49445240173793,257.86505509318295,261.19036865234375,6998400
2025-06-04,260.84705493579474,262.0241445637471,259.14022857540317,259.1794738769531,5915700
2025-06-05,259.68954289634314,259.68954289634314,255.34406123341302,256.9527893066406,8173800
2025-06-06,259.28735892431575,261.56310742936586,259.2187170664052,260.6606750488281,7738100
2025-06-09,260.9255242470256,262.7892720045682,258.32608422186917,261.6513977050781,8285000
2025-06-10,260.80780989527875,263.7701865542935,260.77838340293533,263.4759216308594,7538100
2025-06-11,263.5543728329388,264.4764428071077,260.71952105435884,263.03448486328125,7434100
2025-06-12,261.76909370629187,263.17183632733907,260.0819349081481,263.1227722167969,6618000
2025-06-13,260.0230636958611,261.92605676944186,257.69828090375347,259.89556884765625,7098300
2025-06-16,261.90644458682067,266.5462212171046,261.75931212188453,265.20233154296875,8566000
2025-06-17,263.0541348281509,265.42795173106725,262.69116817138956,264.37835693359375,6739300
2025-06-18,264.84919608413435,272.42192244365935,264.5745388559813,268.733642578125,9586400
2025-06-20,270.3129479704052,272.00992553694005,268.5865139770169,269.7538146972656,13969700
2025-06-23,269.81270157543656,273.2361135654262,266.9189664982738,272.9614562988281,8094600
2025-06-24,274.864422081068,277.31672955102783,274.1777939507156,275.8944091796875,9267900
2025-06-25,276.1298306696613,278.85679547317505,275.55108967897763,278.6409912109375,6826900
2025-06-26,279.26878993935657,283.88892888521605,279.04316687272353,283.24151611328125,8942100
2025-06-27,280.3575637051558,283.19244517476585,279.6022638703118,281.63275146484375,17868600
2025-06-30,284.86003722869964,287.0671140098136,283.4082903268862,284.37939453125,12689200
2025-07-01,285.3406963303482,285.57610826317716,281.122709609671,284.8698425292969,9338300
2025-07-02,286.46878021661104,287.23389900971387,284.17342383730266,286.4295349121094,8158700
2025-07-03,287.95726066275904,292.1462676228288,287.03074848169234,291.75201416015625,6541600
2025-07-07,291.012803517784,291.7914744795477,285.9169860687423,287.7798767089844,8825700
2025-07-08,285.1185912184717,285.54244302383853,276.28718720828704,278.72174072265625,15440900
2025-07-09,283.0586107622728,283.078342988919,278.42607952209454,279.0963134765625,11273800
2025-07-10,278.9385584232814,284.1723501696605,278.9385584232814,284.0540771484375,8410900
2025-07-11,281.4223984494675,283.2557206237078,279.5792402426265,282.7431640625,7384700
2025-07-14,282.95018101073435,285.1481583723004,281.1661592607552,284.5567932128906,9079900
2025-07-15,283.8668247126896,287.7601490973643,281.3830008251136,282.4376220703125,12526100
2025-07-16,284.2611002489253,286.5576787356624,278.9484690013939,281.7181396484375,9979800
2025-07-17,279.3722805662569,286.13381646736286,279.3722805662569,285.73956298828125,8509500
2025-07-18,285.36498911319075,288.30223294760714,284.0935239995615,287.0898742675781,12217000
2025-07-21,286.8237577094983,289.95811320350606,286.4097720406625,286.794189453125,7898100
2025-07-22,287.3166222633084,289.41605899858814,285.0299098515737,287.24761962890625,6717500
2025-07-23,288.6373728619252,292.72780910920665,288.3515263055785,292.5011291503906,7083500
2025-07-24,293.15163750090335,295.29047824712586,291.9491449333037,292.2940979003906,7001200
2025-07-25,292.4419829511327,294.6103920554469,291.71258245493334,294.33441162109375,5918500
2025-07-28,293.3882007039174,295.13278810430046,292.5602593912129,293.9992980957031,5840400
2025-07-29,295.69464217411235,296.9661375577531,291.94918873841937,292.7771301269531,7635700
2025-07-30,293.15168061940614,296.2958726319795,293.1122462449408,295.3299560546875,8061700
2025-07-31,294.8469611494763,296.66055111466636,291.2591855090535,291.9885559082031,14749700
2025-08-01,286.2323800564947,287.61228223789124,280.1607803787386,285.2171630859375,12007100
2025-08-04,286.0944227268155,290.0961543423283,286.0944227268155,290.0370178222656,6649500
2025-08-05,290.46083768957914,291.5450573497094,283.11774234014615,287.1884765625,7182300
2025-08-06,288.1051104485434,289.08092314098127,285.99583781724914,287.16876220703125,6330200
2025-08-07,288.7359444448802,289.2484709612734,282.29965937267906,282.8220520019531,8057100
2025-08-08,284.8327802026082,287.0504898402696,280.62404088373916,284.6159362792969,6634100
2025-08-11,285.246742053437,287.13920088726815,284.635644641562,285.4044494628906,5510100
2025-08-12,287.31661546362176,290.5199739550687,286.1732592848133,288.6472473144531,8570900
2025-08-13,289.7314666813669,290.32283187703916,283.0389031406188,286.36053466796875,8420400
2025-08-14,286.40977645449954,289.9778498963191,285.48329438065525,289.93841552734375,6322400
2025-08-15,290.6086841881212,291.25921599583813,285.66073811560074,286.32110595703125,7340500
2025-08-18,285.8381195988006,287.7108460905947,284.2709417940018,287.3461608886719,5386900
2025-08-19,286.6562214265169,288.2825659770611,285.37489004447787,286.4886779785156,6031500
2025-08-20,286.63648908496583,289.1203129200321,283.1472843493455,288.04595947265625,7374200
2025-08-21,287.7502738983734,288.56834905595423,285.31572049067694,287.2870178222656,6624000
2025-08-22,288.9922055724686,292.8953659306035,285.96625689985,291.9885559082031,8552800
2025-08-25,291.9885819039242,293.08266767966575,289.9187435512912,290.6678161621094,5856300
2025-08-26,289.9384115603751,294.4526691589569,289.2878798394283,294.2851257324219,6714700
2025-08-27,292.98408908730437,296.74927450763425,292.77711127340297,294.9849548339844,6056500
2025-08-28,295.71431837356056,296.91681101607145,294.41328492266325,296.749267578125,6410500
2025-08-29,297.7053662302992,298.60231023054706,295.4285199525983,297.0942687988281,6796400
2025-09-02,295.9508866438156,296.14799833495414,290.273540537871,295.39892578125,7221900
2025-09-03,296.25645520177414,296.25645520177414,292.1265844883639,295.211669921875,6316900
2025-09-04,295.694622931837,300.0610396446901,293.99930589050996,299.4598083496094,6605800
2025-09-05,299.2922261938372,300.7706992658433,290.08627080836624,290.1552734375,9837700
2025-09-08,290.6579550877705,292.20540066234315,287.2574550934962,288.70635986328125,8188500
2025-09-09,288.40084429899173,294.7089905900123,288.1149977252914,293.57550048828125,7848200
2025-09-10,292.44198029068025,297.2125163723058,291.1606189374317,296.22686767578125,7787300
2025-09-11,296.91679522122274,301.342378196144,296.4732713682419,301.1748046875,7942500
2025-09-12,300.622869917122,303.13626220753474,299.3415385689925,302.5054626464844,6846700
2025-09-15,302.76170501933825,305.50180702662493,302.76170501933825,304.46685791015625,7122000
2025-09-16,305.55111968192784,306.43819756185593,302.72231251567524,304.75274658203125,10525600
2025-09-17,305.9355027165261,308.41932651675705,304.3387266167954,307.2759704589844,8657800
2025-09-18,307.3154654859234,308.9417800837306,305.1667281175776,308.73480224609375,8050700
2025-09-19,309.09945390156855,311.2678631029987,304.68373667454165,310.26251220703125,23568600
2025-09-22,305.35395817376326,309.198012204534,305.11741210895696,307.9560852050781,7520200
2025-09-23,307.34495961699116,311.7705122911332,306.12273487521253,308.2517395019531,8584400
2025-09-24,309.54299157852137,312.036681822986,307.1971727167786,308.92205810546875,7310500
2025-09-25,309.61196690994507,311.12000822788536,307.3252546914858,308.95159912109375,7083200
2025-09-26,310.3807528469309,313.2489940185383,309.1979925185918,311.52410888671875,7258100
2025-09-29,312.5097576619959,313.4461359086411,309.15855827757576,311.159423828125,6462400
2025-09-30,311.71140689202116,312.85476301381095,305.65950932869447,310.9031677246094,11823300
2025-10-01,309.46414008660315,310.0752375005356,302.99828667529783,306.25091552734375,9235200
2025-10-02,305.5510816946321,306.1030425326149,301.7464923414213,303.13623046875,7600000
2025-10-03,304.08248279942853,307.18727011434805,303.78677014872494,305.5806579589844,6029900
2025-10-06,307.21486689804453,308.7698659390142,302.2131538143922,306.22442626953125,7214500
2025-10-07,306.39285354178503,307.0465480670538,301.78731007714714,304.74871826171875,8454200
2025-10-08,305.2636917190969,305.8282501205831,300.64823485280857,301.1236572265625,6489900
2025-10-09,302.13392206728275,305.09536030036105,300.4898171115272,302.6093444824219,7060300
2025-10-10,302.7380934229591,307.50211054267186,297.9344502139145,298.0137023925781,8597400
2025-10-13,302.6786918104351,306.5017785031187,302.53013174675476,305.0260314941406,10788700
2025-10-14,302.91638858642943,304.0653034578676,291.39755808509767,299.19232177734375,16178800
2025-10-15,303.4611428511513,309.13634876005415,302.520212088773,302.767822265625,11354800
2025-10-16,302.43105556912377,305.72920960204,294.2302082762473,295.6861572265625,10549400
2025-10-17,296.30025689141456,296.68651306450823,291.3876792596173,294.7155456542969,10153500
2025-10-20,295.6465484229892,300.78693806489423,295.3098022126917,299.4696350097656,6894900
2025-10-21,298.7763208850087,301.1434582480101,294.16086397135297,294.25,7372700
2025-10-22,294.92353982678844,295.21077611588424,287.76267234049385,291.29852294921875,8054100
2025-10-23,291.5659521228084,293.53691953831486,289.7138327608809,291.72442626953125,5438800
2025-10-24,293.2496561856281,299.70734860853685,292.6257039619419,297.5679931640625,7228300
2025-10-27,299.27155593587753,301.6188954834183,298.13255521259686,301.2425231933594,5642200
2025-10-28,301.9457586189306,305.0260451309229,300.26202744552563,302.44097900390625,6336000
2025-10-29,300.6086875532579,305.3033671273222,300.1134671686232,302.5895690917969,7520300
2025-10-30,302.8668617019339,309.62164411662417,302.1834552198523,306.4819641113281,7514600
2025-10-31,305.5905808443981,309.8791757592273,304.3129038831637,308.1459045410156,7721300
2025-11-03,308.02707397940236,309.3344630267029,303.28285431242927,306.3928527832031,7770000
2025-11-04,303.7780648320401,309.23540287266394,302.1834697809128,306.2937927246094,7085200
2025-11-05,306.6503419445097,310.107000668758,302.70840715746203,308.7005615234375,6865200
2025-11-06,308.01715622418413,311.83035912038315,307.2941538281452,310.4239501953125,7206100
2025-11-07,308.90856044061366,311.4242580235003,304.6991875199946,311.20635986328125,7302300
2025-11-10,311.9888313123107,316.5052386427636,311.2063746689554,313.86077880859375,5794100
2025-11-11,314.4649387231156,316.00010979819433,312.2661590448994,312.6029052734375,5030200
2025-11-12,313.23678409164455,319.16951418656384,313.1872439213492,317.34710693359375,10578300
2025-11-13,316.17840351377913,317.565014483568,306.1452341336872,306.5216064453125,8973300
2025-11-14,304.57044575572996,304.69920788981074,298.3504790333013,300.70770263671875,10327000
2025-11-17,301.0939616708072,302.66875869849656,294.8244855709175,297.4986572265625,8344000
2025-11-18,296.6369875977812,300.05402007948175,294.1806837974681,296.5478515625,8077300
2025-11-19,296.8746866890342,301.5396841634701,296.409178349521,300.3709411621094,5546600
2025-11-20,303.411609711364,306.95740445253,295.3098117912242,295.5277099609375,7501600
2025-11-21,298.40987233529637,298.7961284719156,290.01092472978763,295.1711120605469,11766800
2025-11-24,295.3890327721484,296.9539460474125,291.69470820468445,295.1513366699219,10940200
2025-11-25,297.18170363006027,301.5891765934406,292.7346348034667,300.103515625,8877200
2025-11-26,302.0844103036798,305.5806647286523,300.30162915288383,304.6991882324219,7910900
2025-11-28,306.14525372757277,310.7210853336642,305.29345893213815,310.0871887207031,4322400
2025-12-01,309.958455126882,311.038031953238,305.5906076467962,305.96697998046875,7727300
2025-12-02,305.7886541478843,307.5120415313108,304.1544330268201,304.9368896484375,7249000
2025-12-03,304.26340519365976,309.37405277594195,303.86720471987456,309.1462707519531,8535300
2025-12-04,310.2654601734084,315.44544563675794,310.00793592177615,313.07830810546875,9627800
2025-12-05,312.62274341566774,315.4355916137351,311.6718985008828,312.0284729003906,6518900
2025-12-08,312.0482477999388,313.44477282870224,310.3546026483966,312.1968078613281,7417200
2025-12-09,311.939326475107,315.7524991840304,297.15202309779255,297.6373596191406,18049200
2025-12-10,297.62741810314117,308.2152311685389,295.60691069504315,307.1455383300781,18874100
2025-12-11,306.2838676543348,314.96013772429524,306.2838676543348,314.3460693359375,9721900
2025-12-12,316.6240735225281,317.20842990436694,313.5735294870918,315.47515869140625,8982900
2025-12-15,316.534963668203,319.7935222813264,315.3464528736662,316.9608459472656,10864100
2025-12-16,316.0397072252412,316.46558945571707,311.3945381021762,312.5335388183594,8331300
2025-12-17,315.3860269605939,316.3170436429019,311.65207637787455,311.9690246582031,8718700
2025-12-18,312.979256626897,314.66301788263524,309.2353920446346,310.0079345703125,11444900
2025-12-19,310.79038320864026,315.51477427620307,310.1961127673861,314.17767333984375,24494400
2025-12-22,314.47481933577194,320.14014104266494,314.47481933577194,320.00146484375,8354600
2025-12-23,320.51650136966475,324.6466524002949,320.00148308544306,322.8143310546875,6668300
2025-12-24,323.1213622604756,326.8355148620812,322.3884458193645,326.02337646484375,4289300
2025-12-26,325.9639318748006,327.6972031402456,323.4185221880518,324.7754211425781,4158300
2025-12-29,323.8741142125664,324.63674268276935,320.43728371815735,320.6551818847656,8635300
2025-12-30,321.7050354533748,321.83379757815135,319.40720581728044,320.3283386230469,7904300
2025-12-31,321.2395304565584,321.77437689354394,318.9615289550125,319.1398010253906,5048500
2026-01-02,319.4171281542276,322.61626252061376,317.6739428368343,322.36865234375,8054000
2026-01-05,322.3884599175412,334.026138578159,322.08142570711647,330.8468322753906,10752600
2026-01-06,330.92639220894705,334.1598441675407,328.96642165340415,332.90625,7660800
2026-01-07,329.4539672046419,330.45880399676645,322.947258062395,325.3250732421875,9815200
2026-01-08,324.7281574581884,329.7126277455971,323.99190461809644,328.11083984375,11737100
2026-01-09,327.6631156796267,330.21007865256746,326.49908990111055,327.5138854980469,6738100
2026-01-12,320.2411028663189,324.3600076252465,319.59441851466954,322.8377990722656,12805100
2026-01-13,322.64875130423195,325.1957141371429,308.9886797025588,309.3169860839844,19371200
2026-01-14,306.6307659579143,310.17263725890126,304.5613395847709,306.30242919921875,25951500
2026-01-15,306.8993776774091,311.3466191836246,306.18304245620016,307.68536376953125,14751400
2026-01-16,308.76979706409315,315.5948534301565,308.42157308655703,310.8789978027344,14652500
2026-01-20,304.65088058894946,309.56573031914434,300.323023148028,301.19854736328125,12900600
2026-01-21,301.88504309324475,303.8450138204667,299.61665319654776,300.50213623046875,10270100
2026-01-22,303.3077326815458,306.6307531542374,301.35772089620315,302.0840148925781,10535800
2026-01-23,300.4623078902987,300.8304191049288,295.000271015744,296.2041015625,11107900
2026-01-26,296.2936374196168,300.243424572115,295.9354850066467,299.5072021484375,11752700
2026-01-27,299.7957098597862,300.4324657566407,296.6319086980451,298.7809143066406,11527400
2026-01-28,298.74110176244625,300.38272473319716,296.53240414079806,299.2385559082031,9556700
2026-01-29,300.86028172816947,305.2677184721844,300.6812055104527,304.8598327636719,11580000
2026-01-30,303.6957636347891,306.36211063628633,301.0194578342246,304.33251953125,11953200
2026-02-02,302.9097896135357,307.72514241386267,299.83552643648,306.5710754394531,9839400
2026-02-03,308.15296152215484,314.6397527673971,307.5261644294422,313.24688720703125,12688000
2026-02-04,312.809117891095,317.68416242077944,312.809117891095,315.654541015625,9848800
2026-02-05,313.3961328396234,314.4009999973286,303.98430827226673,308.5807800292969,9388000
2026-02-06,313.10760555212,322.59903993155126,313.10760555212,320.7584533691406,17797400
2026-02-09,319.70385137937853,324.73808529326595,318.4801031561584,320.4599914550781,11477500
2026-02-10,320.9076714905845,324.4694603347238,313.51550984428656,316.659423828125,9902200
2026-02-11,321.5941717066872,323.6237932822943,307.15807190859783,309.2374267578125,8703500
2026-02-12,310.68996020493864,312.0231336727285,298.492374829366,301.09906005859375,13443400
2026-02-13,297.0000117729552,302.740652037527,295.0101951931391,301.0094909667969,9114500
2026-02-17,301.21844819128046,306.6705262718474,300.95976231603305,305.5661926269531,8896800
2026-02-18,306.8894162356143,310.6899733588093,305.6557396172298,307.2077941894531,7209600
2026-02-19,305.6060125002564,307.6057576457843,303.5664321569553,306.48150634765625,6737700
2026-02-20,306.829734990155,309.4165028225248,304.12358301143166,309.20758056640625,7792700
2026-02-23,307.22769310292153,309.4165036660153,293.5974666249826,296.1543884277344,12955400
2026-02-24,295.3086878147805,298.22376183621185,289.89638425356503,295.7862243652344,13554100
2026-02-25,297.1194302945208,302.113859047087,295.4977249020647,301.75567626953125,8095500
2026-02-26,303.02916294815697,307.4366298839601,302.0939770599508,304.5712890625,7007800
2026-02-27,298.4725052158334,301.4074969953331,292.9507760142178,298.7709655761719,18620800
2026-03-02,293.3089239524434,298.45261340621465,291.7170645432447,296.044921875,8508900
2026-03-03,290.80175042735664,300.8503301542204,288.0259478174434,298.7311706542969,10278200
2026-03-04,298.4625518350298,299.4674190034017,294.31380094003714,297.8656311035156,8055700
2026-03-05,296.46279534996694,299.7061758621692,290.9410358965662,292.0553283691406,12732500
2026-03-06,284.88204628210366,288.51345559776433,282.2654325280704,288.0060729980469,13496500
2026-03-09,284.04633930656934,289.61783224456605,279.02206418875625,288.44384765625,12241100
2026-03-10,287.81703392074905,291.25940817695187,285.7177615952499,287.2598876953125,8344900
2026-03-11,287.339470512306,289.00098077209634,283.40957048917664,286.0560302734375,10205000
2026-03-12,281.38992356011664,282.4345955757058,277.6789347371047,281.44964599609375,13760500
2026-03-13,283.2205743771862,285.72773249785536,281.50933079451545,281.996826171875,9091200
2026-03-16,284.88204862524725,287.7971227560318,283.16084627757465,284.7029724121094,8149000
2026-03-17,287.5285022187445,290.2744588762506,284.4940440114858,285.42926025390625,8961200
2026-03-18,285.36953215418885,287.93641255144826,283.6682474755719,286.27490234375,10057000
2026-03-19,285.4193072233837,288.0359209952396,283.1708046765218,286.5037536621094,9846700
2026-03-20,286.61317132501995,289.2297850267638,283.81748141518966,285.1009216308594,22436500
2026-03-23,292.8114588483544,294.24412922690453,286.5037438804951,288.4338684082031,11470800
2026-03-24,284.71293429347423,293.9755285514211,283.9169894005904,290.91119384765625,11092300
2026-03-25,292.6522795072885,296.1245302289603,290.950994762599,293.91583251953125,12188200
2026-03-26,291.0902559049482,293.48798854194115,289.24969984697105,290.1749572753906,8669200
2026-03-27,287.66781259849654,288.63284454259417,280.31542537678433,281.3998718261719,9873300
2026-03-30,283.2901966006573,285.787426299191,280.89246381052374,282.32513427734375,11734400
2026-03-31,287.0012007453536,293.56760164880984,283.4991344325332,292.6622314453125,12956900
2026-04-01,293.8859963972044,297.19902789200404,291.41861272257177,293.87603759765625,11267200
2026-04-02,290.4237002119346,294.1148016905453,287.2499401451481,293.1000061035156,6669300
2026-04-06,294.05999755859375,296.8299865722656,293.20001220703125,295.45001220703125,7142600
2026-04-07,293.1400146484375,298.17999267578125,292.70001220703125,297.3999938964844,7849100
2026-04-08,307.9700012207031,311.260009765625,305.3299865722656,307.9700012207031,10590200
2026-04-09,306.95001220703125,311.260009765625,306.1099853515625,310.3299865722656,6586600
2026-04-10,310.0,310.3500061035156,306.7200012207031,309.8699951171875,6069700
2026-04-13,307.4700012207031,313.739990234375,305.4599914550781,313.67999267578125,8318200
2026-04-14,309.82000732421875,314.32000732421875,308.8699951171875,311.1199951171875,11455500
2026-04-15,313.95001220703125,314.239990234375,304.260009765625,305.92999267578125,9885800
2026-04-16,305.3500061035156,309.95001220703125,305.20001220703125,309.95001220703125,8208600
2026-04-17,312.4700012207031,314.8999938964844,310.0899963378906,310.2900085449219,11082400
2026-04-20,310.8500061035156,317.1300048828125,310.3699951171875,316.989990234375,10772000
2026-04-21,317.489990234375,320.239990234375,312.75,313.0,7084300
2026-04-22,314.8500061035156,315.1499938964844,311.94000244140625,313.0199890136719,5545900
2026-04-23,313.5199890136719,314.989990234375,308.8900146484375,311.69000244140625,6969700
2026-04-24,311.1499938964844,311.1499938964844,307.8900146484375,308.2799987792969,5215300
2026-04-27,306.8800048828125,312.5799865722656,306.8800048828125,311.6300048828125,7925300
2026-04-28,315.20001220703125,315.45001220703125,311.1700134277344,311.45001220703125,7398600
2026-04-29,310.57000732421875,312.04998779296875,307.2900085449219,309.25,8031800
2026-04-30,307.07000732421875,314.1000061035156,306.57000732421875,313.2300109863281,8865400
2026-05-01,313.95001220703125,316.0799865722656,311.8299865722656,312.4700012207031,6135400
2026-05-04,310.6199951171875,310.6499938964844,306.510009765625,307.6499938964844,7338200
2026-05-05,307.7099914550781,310.9700012207031,306.79998779296875,309.3999938964844,6316800
2026-05-06,311.45001220703125,316.260009765625,311.3500061035156,314.8999938964844,8629500
2026-05-07,314.6499938964844,316.29998779296875,306.1400146484375,306.2699890136719,8359600
2026-05-08,308.25,308.989990234375,300.5,302.1000061035156,9458100
