Date,Open,High,Low,Close,Volume
2020-01-02,205.1401397367004,208.1564620946976,204.66388149911694,208.14654541015625,12077100
2020-01-03,205.59660355453667,208.76175248015903,205.3386183078235,207.04522705078125,11188400
2020-01-06,205.0905414609908,211.12320177073943,204.9119502859545,210.94461059570312,17058900
2020-01-07,211.16289467328085,212.9091850683675,210.10121890912478,211.40101623535156,14912400
2020-01-08,211.341519588777,214.55629744981584,210.95455684865024,213.5442352294922,13475000
2020-01-09,215.84614294905182,216.67961389127672,214.59595924568188,216.60023498535156,12642800
2020-01-10,217.4932292798279,218.16794243532362,215.72709019217615,216.3621063232422,12119400
2020-01-13,217.8901329574613,220.24167456420014,217.50317022293493,220.18214416503906,14463400
2020-01-14,219.88445679338435,220.64846550559204,216.92766450065454,217.35430908203125,13288900
2020-01-15,218.89222040585693,219.95388097596057,218.425878850585,219.42800903320312,10036500
2020-01-16,220.83698679349612,220.89651718671533,218.6739532866718,220.043212890625,10015300
2020-01-17,220.3012104997265,220.55918061590063,218.8128899233792,220.4103546142578,15905900
2020-01-21,220.4301848234441,220.63854120844226,217.41384689413272,219.71578979492188,14275800
2020-01-22,220.57902258431162,221.0155990294826,219.55704369674288,219.59674072265625,12212800
2020-01-23,219.03117089962214,219.76541447669973,217.5626988854463,218.0488739013672,11195000
2020-01-24,219.0807581343057,220.05312318860922,214.4272740930298,216.24302673339844,11905800
2020-01-27,211.44070763932004,214.37765118667988,210.84537347000224,213.19691467285156,13810700
2020-01-28,214.45704612676462,217.03680753347362,211.85745134891118,216.0941925048828,13413800
2020-01-29,219.7157657381559,222.45426962099896,216.74904184342662,221.4918212890625,33181300
2020-01-30,204.92187300257686,209.78371357248747,203.15573401089648,207.8985137939453,48775500
2020-01-31,206.8070821530458,207.0650673895748,199.49447245565628,200.33786010742188,31359900
2020-02-03,201.85593745533228,203.54269754941683,200.92325424778556,202.60009765625,15495600
2020-02-04,205.0111849473292,208.96020627969224,203.60224334381496,208.19619750976562,19628900
2020-02-05,210.85530559513091,211.07359379720026,207.08490604661267,208.4739990234375,12538200
2020-02-06,208.83120592530642,209.54560095697394,207.7099996678324,209.208251953125,10567500
2020-02-07,208.66251967249352,211.16290214252007,208.295390351353,210.6767120361328,12242500
2020-02-10,209.87301403214792,212.13525971168318,209.01970977478095,211.40101623535156,11856400
2020-02-11,208.55340818422275,209.21818957243212,204.90205375258859,205.57676696777344,25030800
2020-02-12,206.2316120616819,209.57536719879477,205.7851038096818,209.1189422607422,13813700
2020-02-13,207.88861429981483,212.66115967424702,207.55125014251132,211.4804229736328,15396600
2020-02-14,212.3337074056923,213.25645877349032,210.99421300859052,212.51229858398438,10741700
2020-02-18,211.88721815961387,216.28271715809083,211.73837703502883,216.1041259765625,15609200
2020-02-19,216.2926461020249,216.62007840377584,214.42727970658711,215.79653930664062,12135100
2020-02-20,214.83409174221154,217.0665723300639,211.2918819422964,212.90919494628906,13109200
2020-02-21,211.81776509390582,212.5718571551109,207.20397769196722,208.54345703125,14092300
2020-02-24,200.22874296310218,202.0643293641482,196.62700211253812,199.1571502685547,23080100
2020-02-25,200.67519541090203,201.91546237883097,194.42424686454467,195.2378692626953,21433500
2020-02-26,195.65460357799446,199.6433065171503,193.96784347416536,195.66452026367188,16524500
2020-02-27,190.3264112977289,194.3547959067369,188.02446858402297,188.27252197265625,21682600
2020-02-28,181.27742781433986,191.23926117317146,180.4042901120362,190.9713592529297,32568900
2020-03-02,192.51923784953004,195.03946932031346,187.37957775427904,194.9104766845703,24949000
2020-03-03,194.69214924139928,195.70421132887967,182.53753292619203,184.4425811767578,27984100
2020-03-04,187.69704660686287,190.33633844052602,184.93869398490696,190.26687622070312,23062500
2020-03-05,185.32565973285247,187.5184585064804,182.4581629611719,183.7281951904297,19333400
2020-03-06,176.94144297065125,182.34900375294296,174.8875536690963,179.67994689941406,24559600
2020-03-09,168.27943371546766,173.63738113448332,163.90376807728393,168.18020629882812,29949000
2020-03-10,173.309955010909,176.90176354973235,168.18021229917125,176.80255126953125,24517800
2020-03-11,172.6550782358711,174.51052791093812,166.35453113683502,168.91444396972656,20373900
2020-03-12,158.2977734814563,165.30281520624732,153.13826505938434,153.2672576904297,43266300
2020-03-13,162.2567048752018,169.46017087461817,156.37288491134964,168.9541473388672,35028600
2020-03-16,151.1340046050276,157.89097777264303,141.98579268312238,144.8731231689453,39120400
2020-03-17,149.56629056018528,152.7413712017619,138.9099105437907,148.25656127929688,34255600
2020-03-18,138.6618382645267,147.02619090123744,136.03247851442796,145.81570434570312,37553100
2020-03-19,145.4783478577257,158.68470796752493,143.67252704466907,151.9376678466797,39862300
2020-03-20,154.80516448603694,158.0298585688612,146.84760746399692,148.5641326904297,32568400
2020-03-23,148.494689153159,151.12404910429632,141.1423828354806,146.94683837890625,29830800
2020-03-24,154.00148544947513,160.05397955862045,151.38204205017757,159.72654724121094,30440400
2020-03-25,157.68258858451526,161.72090533404412,151.86821609525333,154.9936981201172,35184300
2020-03-26,157.01781235257576,162.7230409214687,155.79739378485885,162.06817626953125,26556800
2020-03-27,156.96817754404913,158.84346051165588,153.54504389079577,155.56915283203125,24879900
2020-03-30,157.94053225123696,165.45159545607137,156.82925801410545,164.65782165527344,22515200
2020-03-31,164.19150670747757,169.59906794500858,162.9214744764971,165.50123596191406,23676300
2020-04-01,160.36154496434824,162.87184396981343,156.80941873029622,158.35728454589844,19507600
2020-04-02,157.86118519507858,160.0936657297294,154.70593816665038,156.95826721191406,20886300
2020-04-03,155.92638347068657,156.68047560405546,149.65560049518731,152.97950744628906,25983300
2020-04-06,158.90300833132738,164.90590387910632,157.27577856792746,164.26097106933594,28453600
2020-04-07,170.45238598754636,172.03993397402672,164.71739197485502,167.51544189453125,31411900
2020-04-08,169.91658282708556,173.63738391089035,166.4339184630365,172.92298889160156,21664200
2020-04-09,174.53037569157397,175.70119567614313,170.23410389271467,173.82591247558594,23534300
2020-04-13,172.31774167717816,173.63738764003992,168.13059888974578,173.42901611328125,19355400
2020-04-14,177.58639019806657,179.81887085223931,175.24476543964624,176.78269958496094,21011800
2020-04-15,173.82591713406964,176.80255817599564,171.47437555574143,175.59205627441406,17423000
2020-04-16,176.56441519874684,176.66364261929394,171.16677054452398,174.87765502929688,23593200
2020-04-17,177.8046633315772,178.87625577152366,175.2844476016866,177.8443603515625,20974800
2020-04-20,176.02861848761108,179.09455487937518,175.39360238892877,176.85215759277344,16110700
2020-04-21,173.88542478797388,174.01441739437823,167.02922551794623,169.47007751464844,24850500
2020-04-22,177.06053736485168,183.34125210228098,176.7529535304719,180.8607177734375,33242000
2020-04-23,182.64669495302132,185.59357077642403,181.72392836327927,183.6885223388672,21426600
2020-04-24,181.80327502192384,188.9273758112363,179.42196868241868,188.59002685546875,28792000
2020-04-27,191.159895928517,192.2414052327474,185.9507739802748,186.04006958007812,29197800
2020-04-28,187.19103803281624,187.7268267628058,181.13852847934092,181.48580932617188,21731000
2020-04-29,189.4433522028139,195.37680095847062,188.52060074006582,192.677978515625,45954500
2020-04-30,205.30882656450473,208.0572623454353,200.00049314008223,203.1160430908203,46230100
2020-05-01,200.03027179216886,205.6660378850065,197.50012403387927,200.69505310058594,30415600
2020-05-04,198.6411451382997,204.30669104079635,197.21235523658538,203.6617431640625,19250700
2020-05-05,205.40807366752924,208.74191213072285,204.89211833132651,205.4576873779297,21071200
2020-05-06,206.49949042283785,209.95240466559474,205.05086703936345,206.84677124023438,21857000
2020-05-07,209.5158389880353,209.95241541855825,207.4123357446047,209.61505126953125,15152000
2020-05-08,210.58741961925696,211.54986802110636,209.20824332278897,210.69656372070312,12506000
2020-05-11,209.24794835339893,213.32594730041535,208.73199298585013,211.52011108398438,12911900
2020-05-12,211.62924492787246,213.60375556211332,208.36486864732183,208.46409606933594,14704600
2020-05-13,207.79929292801273,209.13878738234018,200.53629704093484,203.50302124023438,20684600
2020-05-14,200.98279892633244,205.31876782706613,199.12736420496205,205.19970703125,17178900
2020-05-15,203.6716877492825,209.69441636456455,202.53063303740763,209.23800659179688,19383200
2020-05-18,210.49808825948605,212.96870532828692,209.29751840121617,211.52999877929688,20151900
2020-05-19,211.60940758664356,218.77319129030954,211.17283116193593,215.19129943847656,31843200
2020-05-20,221.75972891282075,229.53867952833812,221.4521451340405,228.17935180664062,50162900
2020-05-21,232.89239117121974,235.35307680549553,229.39979485355224,229.58831787109375,47782600
2020-05-22,229.70738178910028,234.15250994111815,226.9589608180292,233.08091735839844,33925600
2020-05-26,237.90304686477256,239.0242378798725,229.86611106249487,230.39198303222656,33178300
2020-05-27,227.2863726241577,228.764761172586,219.4081943562366,227.35581970214844,34697600
2020-05-28,222.55351163233212,229.82643907583383,222.25584452684524,223.70448303222656,29377200
2020-05-29,223.44651593570535,225.71869372327163,221.14458808915265,223.33737182617188,23241500
2020-06-01,222.84126714697254,230.63015060457363,221.75975786747784,230.10427856445312,18223800
2020-06-02,229.14180477832932,231.18576231459411,224.79590448745097,230.90794372558594,20919000
2020-06-03,230.30270292675684,230.83849161760028,226.75057636604603,228.36788940429688,15380300
2020-06-04,227.77257341757675,229.82646303355912,222.8611186549825,224.5280303955078,17041500
2020-06-05,224.944744609729,229.5486149585623,223.55563653087066,228.97312927246094,16750400
2020-06-08,227.24666433710607,229.74704668039834,225.63928325783525,229.59820556640625,15466500
2020-06-09,229.71730870091466,237.90307132103038,228.61595094279085,236.81163024902344,27462900
2020-06-10,239.0838241963011,239.33187762584825,233.4480424042007,234.88674926757812,20720700
2020-06-11,228.1495862109166,231.0766131567236,221.80934222919444,222.68247985839844,26708200
2020-06-12,228.10990023443085,229.8562058573406,222.7519528586331,226.80018615722656,22091400
2020-06-15,223.33736018712725,231.94978228517638,223.0496248987954,230.68966674804688,15340300
2020-06-16,235.29355890963686,236.60328827584084,231.1857947501476,233.81515502929688,15236700
2020-06-17,233.17021865035676,235.74004849039753,229.9256756239852,233.6960906982422,19578100
2020-06-18,233.1603052764759,234.3013449875379,230.3424068323234,234.1029052734375,15782500
2020-06-19,235.93849610922837,238.95483432571922,233.71594704442455,236.9307098388672,30081300
2020-06-22,236.70249616889853,238.8258328662226,235.0653496315149,237.35736083984375,18917800
2020-06-23,239.40128911138243,243.28084780615615,237.9923476578794,240.35382080078125,24017900
2020-06-24,239.32193228613724,241.3262081229041,230.86826764529962,232.19784545898438,20834900
2020-06-25,232.79316560381045,235.45230610298375,230.92781420586104,233.84490966796875,18704300
2020-06-26,230.82859361350327,231.2750867486719,213.72282404542958,214.3975372314453,76343900
2020-06-29,208.1168211275584,219.03117169920628,205.4973775959621,218.92202758789062,58514300
2020-06-30,218.87241577847084,225.72861605804886,216.76892758571236,225.30197143554688,33927100
2020-07-01,226.72082631014734,237.1390699699134,225.78814302678114,235.7003631591797,43399700
2020-07-02,237.13903128587822,238.1312448059028,230.79878749852014,231.60247802734375,30633600
2020-07-06,231.93985107329897,238.52814892473828,230.46146246454367,238.40908813476562,26206200
2020-07-07,237.5458514748459,245.72168150044317,236.96044910941646,238.98455810546875,27887800
2020-07-08,236.25598567293406,245.0668474636678,234.74781673128183,241.6833953857422,29791300
2020-07-09,243.0923287171284,244.61041429342896,237.3771839087014,242.59622192382812,22174900
2020-07-10,241.79255970309345,243.57854739646444,237.4565906658374,243.1618194580078,22982700
2020-07-13,245.08667892902588,248.2022290661148,236.563567632783,237.13905334472656,24674900
2020-07-14,234.9164819970531,238.45869174856148,230.22331599791937,237.8633575439453,23378100
2020-07-15,239.66920367523048,242.91374646179125,236.1964559945626,238.40908813476562,19133600
2020-07-16,236.1468525967872,239.87757053195742,234.48985759074168,239.0540313720703,18880700
2020-07-17,239.1234984091847,242.25889729163046,236.00794803966005,240.14547729492188,18152400
2020-07-20,238.19078321001928,244.13414784535723,233.8052011207294,243.50904846191406,20872200
2020-07-21,244.3028569458016,244.98748681705248,238.21066547029258,239.86766052246094,19364200
2020-07-22,238.3892668286992,240.0164967506023,236.26593003865509,238.00230407714844,15427900
2020-07-23,237.76415520841277,240.5324245536432,229.94550701818997,230.7888946533203,21771800
2020-07-24,228.39766465309515,231.6719727567298,225.13327323566094,228.9136199951172,18325800
2020-07-27,229.65779072861835,233.1206068680901,229.03269124992605,231.68190002441406,13163100
2020-07-28,232.8030790068061,233.1305113076569,228.04045075621468,228.32818603515625,14170100
2020-07-29,229.3402574968024,231.88032196348667,228.5167183683108,231.4735107421875,13588300
2020-07-30,228.4274145581944,233.06105022002825,227.2169127637135,232.67408752441406,20615300
2020-07-31,253.82809256073517,253.85785775778805,247.0611884844534,251.69482421875,53005100
2020-08-03,250.68276837586004,253.4113558672022,248.38084061958932,249.99815368652344,23124900
2020-08-04,249.60126046272325,250.83161082477696,245.50341329118677,247.88473510742188,17183500
2020-08-05,248.24191259105157,250.305718609259,245.84075759659282,247.18023681640625,13050100
2020-08-06,247.1009198611955,264.52420703163926,246.7338055973586,263.2144775390625,45241600
2020-08-07,262.0237859492798,276.71849900536273,261.37885308703824,266.349853515625,72766400
2020-08-10,265.95294401876475,271.7276042056883,257.6679543343518,260.9521789550781,30248800
2020-08-11,258.1640505552873,263.8494451979577,253.1434523260352,254.1356658935547,28238300
2020-08-12,256.9535746633376,261.84518077653547,256.10025516377686,257.8664245605469,21415700
2020-08-13,259.51346478633786,263.09537176343133,257.5489011631833,259.2654113769531,17374000
2020-08-14,260.2675780454647,260.6049270761182,256.6658374029572,259.2059020996094,14792700
2020-08-17,260.4560885640764,262.04363649322056,257.3802201288519,259.12652587890625,13351100
2020-08-18,258.9181411403599,263.08541993318096,257.24129779802496,260.29730224609375,18690400
2020-08-19,259.35474142244783,265.82396354247567,259.31504439791973,260.5453796386719,23291500
2020-08-20,259.4638710277575,267.53057289532575,259.4241740031318,266.9154052734375,20299700
2020-08-21,266.5979115677721,268.38388418339855,264.3455972842934,264.9309997558594,15538600
2020-08-24,268.9593398589579,275.091212458287,266.6772304785265,269.27685546875,23685600
2020-08-25,270.28890306860325,280.8857367616059,268.15564994253316,278.6334228515625,42127200
2020-08-26,281.78866364018035,302.29773216562353,281.78866364018035,301.54364013671875,69015200
2020-08-27,297.82282360892196,298.88449937748896,289.74619075564993,290.9368591308594,30301300
2020-08-28,292.70309813792477,294.91574601785646,288.71440919290046,291.37353515625,17157400
2020-08-31,291.66121345742096,294.5683921740452,289.279876482208,290.91705322265625,17345100
2020-09-01,292.4152301338691,299.1424364072867,290.4308031472568,293.1395568847656,17295900
2020-09-02,296.5528444625622,301.23609447928743,290.76822145997494,300.1446533203125,24341400
2020-09-03,293.6852857036353,295.28276530131205,281.4215404790347,288.85321044921875,32294100
2020-09-04,285.0133280576377,286.74970168375035,269.02878309677214,280.5285339355469,30333700
2020-09-08,269.16773633853364,277.12527945997186,267.3222333565382,269.0486755371094,24864000
2020-09-09,273.6227404185277,276.3116611433854,269.23717315355583,271.5887145996094,22918800
2020-09-10,273.3647709884832,276.9863444713146,264.95078899476385,266.0025329589844,24814700
2020-09-11,267.9572067042382,269.27686777024303,260.5949986305776,264.5340576171875,18913900
2020-09-14,268.84034217883465,274.4860411433256,263.6312197102945,264.07769775390625,24093800
2020-09-15,268.56245441564243,272.3824523522655,267.2030964194408,270.298828125,18478500
2020-09-16,265.208835578213,270.3187306018124,259.7516596679693,261.4681701660156,29183400
2020-09-17,256.2689270376447,259.4638560363653,248.24192265848913,252.83587646484375,31281400
2020-09-18,256.3879789632896,257.1817679827154,248.10300478523664,250.56369018554688,28130800
2020-09-21,245.6125378194875,248.00377613111147,242.22910108849263,246.21778869628906,24709400
2020-09-22,251.33764360136956,253.33200277778175,246.28727962902335,252.7664337158203,30293100
2020-09-23,253.27247399861915,255.98121327151355,246.21783369670058,247.08106994628906,19641300
2020-09-24,244.58067562687125,250.2759876821249,243.70752273115838,247.5870819091797,20006800
2020-09-25,247.45806543720002,253.7586278443611,244.68979615867002,252.83587646484375,18351300
2020-09-28,257.3802103500167,257.57866518860396,252.83588523395522,254.8203125,18826300
2020-09-29,255.80256618794593,261.27957393938357,254.89964824755418,259.7515869140625,20200200
2020-09-30,259.9401118127102,264.0081630667946,258.0747455292031,259.8607177734375,20142500
2020-10-01,263.28392269858466,266.2407002728486,262.7381869720879,264.553955078125,20009800
2020-10-02,259.1761160451637,263.0854402034157,257.16192357012176,257.916015625,16367600
2020-10-05,260.15838954772266,262.807582612892,258.8089634538917,262.58929443359375,12822300
2020-10-06,259.741667068891,263.6212257600727,256.22922255371117,256.6459655761719,18696900
2020-10-07,257.19164699621535,258.15409528048303,252.83584557604271,256.1101379394531,23133400
2020-10-08,257.7274820927912,262.5595574704887,257.1321478779716,261.7062683105469,16312800
2020-10-09,262.46033159770803,262.6885516273848,260.1286538525536,262.3908996582031,14107800
2020-10-12,268.09616170666186,277.99843534360474,265.78428676115146,273.6029357910156,31019300
2020-10-13,275.41859716229544,276.92678099112914,271.26125064873577,273.9898376464844,18063300
2020-10-14,275.4582864515571,276.579492467608,269.3859451298855,269.7034606933594,15577800
2020-10-15,265.5164024462862,266.9451926519491,261.61700972164607,264.64324951171875,15416100
2020-10-16,265.2980969389582,269.25701980773687,263.23427554072794,263.859375,16622700
2020-10-19,263.4625329573405,266.4590077763935,257.85653096131534,259.36468505859375,13587000
2020-10-20,261.01175310255536,267.6000670997426,260.8331618903327,265.4767150878906,18763200
2020-10-21,277.3832469106849,280.8460628763154,274.2180829295083,276.5597229003906,28998600
2020-10-22,277.6908417382077,280.2507700259032,272.89846291862375,275.9544677734375,16720000
2020-10-23,276.6291597942717,283.01901826787457,274.6645961018009,282.5725402832031,17535200
2020-10-26,280.9552115795528,283.00910103507454,272.1245164393334,274.9523010253906,21322900
2020-10-27,276.5895016504046,282.2947304449759,274.15856596508183,281.084228515625,16287200
2020-10-28,276.61925709522393,276.61925709522393,265.17903470962136,265.5858459472656,23121800
2020-10-29,274.39663787649414,281.3917613867869,271.6482173165359,278.643310546875,32368100
2020-10-30,272.3626055895967,274.54548740029236,257.08252375458625,261.061279296875,47247800
2020-11-02,262.53977496028796,268.36406506435355,255.33629315337143,259.3249816894531,27165700
2020-11-03,261.1109013243579,267.94723641131566,258.848655815937,263.2342224121094,17961900
2020-11-04,278.8119768695919,286.69015401207537,276.4505040356551,285.1423034667969,35364400
2020-11-05,289.62714543435567,295.0644868941228,286.70013346565065,292.385498046875,23823600
2020-11-06,291.6612005522265,292.3061333378279,285.8170478994157,291.1253967285156,13891000
2020-11-09,287.61294188655734,290.3018321753482,276.3612436678267,276.599365234375,25117700
2020-11-10,270.97357337199315,271.86655966526666,261.9444224512058,270.30877685546875,29067700
2020-11-11,271.34066722353845,276.23227323546826,270.3583854027134,274.3272399902344,14957000
2020-11-12,275.02173426728365,277.57173026289297,272.29314710652244,272.9380798339844,12899500
2020-11-13,275.55754209946184,275.5972391189534,270.97352044668935,274.7935485839844,10391200
2020-11-16,272.9083439459854,277.23441107281263,272.491631182549,276.78790283203125,12970400
2020-11-17,275.5178592544726,275.5178592544726,271.16205738974224,272.8587341308594,15040300
2020-11-18,272.3824579271771,275.23013630396935,269.7233328307537,269.8523254394531,12152900
2020-11-19,268.9097253380734,271.34066082761194,267.09398773026356,270.8147888183594,12963700
2020-11-20,270.4377223174348,270.87429870110765,267.31225569610524,267.6000061035156,18114700
2020-11-23,268.78077218389745,268.84030258094407,262.4702775773392,266.33990478515625,20990800
2020-11-24,266.39938098487795,275.6567494817184,265.78421348724345,274.7637634277344,16930400
2020-11-25,275.97431577662064,277.99840979634354,270.5270423142432,273.44415283203125,12467000
2020-11-27,275.23016831305193,276.95661043346155,272.6801718782236,275.6468811035156,7808400
2020-11-30,273.88076268905314,275.537772989787,268.8998605195958,274.8134460449219,16693300
2020-12-01,276.98634407793395,287.0473739409889,276.7878892517777,284.31878662109375,20738900
2020-12-02,283.1380649406063,289.50808972380065,278.64333843936527,285.28125,17361600
2020-12-03,284.0211910658046,284.41807051697856,278.8815310151931,279.65545654296875,12921700
2020-12-04,278.1174596971742,281.2528583037155,277.12524609814045,277.52215576171875,10880300
2020-12-07,277.01612444035254,286.2436990426754,276.0338426409965,283.3563537597656,13007700
2020-12-08,283.7829913065665,284.1997040175637,279.3576973186722,281.19329833984375,10747700
2020-12-09,281.45133938041425,285.3904289470905,269.6340706803854,275.75604248046875,25189700
2020-12-10,273.3945654669271,276.55972952390835,269.743196117083,274.9622497558594,20065100
2020-12-11,272.3923630126268,274.32719139327213,268.14569056747416,271.41998291015625,14391400
2020-12-14,271.24146170518526,275.0614906101271,269.4455572817121,272.0550842285156,16376900
2020-12-15,272.69005444899267,273.93032146756855,265.38737677799685,273.4044494628906,23979500
2020-12-16,272.620671901185,275.6965104405578,270.3881908632752,273.5235900878906,15885000
2020-12-17,274.9126027788768,278.25635744205846,271.47952225398996,272.3427734375,16377800
2020-12-18,273.6227033905307,275.8353503752591,269.02878036440524,274.247802734375,26693200
2020-12-21,270.85447759496384,272.53132099000726,265.7048866234326,270.66595458984375,16553700
2020-12-22,269.3859803553586,269.3859803553586,262.5694780729273,265.01031494140625,17312900
2020-12-23,264.8118978814393,270.05078439204584,264.157033282619,266.0223693847656,14329000
2020-12-24,266.7864192769376,268.2945731706217,264.1272938801952,265.31793212890625,6702000
2020-12-28,266.6474760519845,275.1408221372453,263.59147145418575,274.8431701660156,23299700
2020-12-29,274.7935675642127,278.3258455440908,274.1287711316152,274.6248779296875,16383000
2020-12-30,275.78578857652786,275.9147509123316,269.59435497972174,269.75311279296875,11803800
2020-12-31,269.88213998871845,274.9325043424121,267.7091894539124,271.0331115722656,12900400
2021-01-04,272.64047147424185,272.8587596931947,263.13507782338417,266.845947265625,15106100
2021-01-05,266.2009521537064,270.27893485555023,266.1215581217762,268.8600769042969,9871600
2021-01-06,259.9599682063647,265.6651965162372,257.9854727939254,261.259765625,24354100
2021-01-07,263.82960827148605,269.4951398375126,262.71833380809295,266.6474914550781,15789800
2021-01-08,266.22076996075344,266.85580105927215,261.1307104690026,265.4865417480469,18528300
2021-01-11,258.45180565260176,261.4185145836699,253.90745047422294,254.8401336669922,30412300
2021-01-12,254.63179023434895,257.6977267357879,248.3510761020939,249.13491821289062,26383500
2021-01-13,249.59135320647286,251.97265997269682,247.2596450120617,249.68064880371094,19528900
2021-01-14,251.42692829090055,253.04424135584142,242.7053771272773,243.72735595703125,29739400
2021-01-15,245.96976602555998,251.88336623941407,245.23553758953017,249.40283203125,24942900
2021-01-19,254.89964667945836,260.15839649203104,250.75220144203772,259.06695556640625,28028500
2021-01-20,266.83596923879514,268.21516053791925,261.54748460794593,265.39727783203125,25199900
2021-01-21,267.16342399454226,271.46962706852975,265.4071866724179,270.74530029296875,20838700
2021-01-22,269.8920381413077,276.301729687912,269.8821063154599,272.3626403808594,21954000
2021-01-25,275.9743295382134,277.9190598870613,269.3959479461869,275.8453369140625,19087000
2021-01-26,275.9742623563812,283.16780983861867,275.6468149624859,279.8537902832031,19373600
2021-01-27,280.33011028325467,281.24296012848583,266.03230851624016,270.0210266113281,35346200
2021-01-28,275.02176987618066,284.55695871630996,262.6389630097755,262.9366149902344,37758800
2021-01-29,263.23427292927573,264.4844718354171,252.86565830915723,256.31854248046875,30389500
2021-02-01,257.49924684689097,262.11306402911066,252.92515696458904,259.9698791503906,22914300
2021-02-02,261.9444223090043,266.75666491120336,261.2200953919856,265.00042724609375,17320800
2021-02-03,263.5517821485724,267.1039239356935,261.7856430809958,264.5737609863281,14223400
2021-02-04,264.93094845012894,266.07198797136226,261.94437598885247,264.41497802734375,16060000
2021-02-05,264.7225857955426,267.0741575464519,263.60140982277744,266.0124816894531,12454400
2021-02-08,266.6573891682855,267.7587316645188,262.9365883891931,264.5042724609375,13755200
2021-02-09,264.36541686230146,271.2613140904737,263.6807869967148,267.35198974609375,14613400
2021-02-10,270.3286136509837,271.6680778178337,265.6354323142313,269.75311279296875,14687200
2021-02-11,269.772988469329,271.44980170908656,266.39943777738347,268.28466796875,12828600
2021-02-12,268.4136627206541,269.06852745357725,266.25064393248954,268.3938293457031,9097600
2021-02-16,268.69146120075794,274.44631890054274,267.9473009164723,271.8367919921875,15417200
2021-02-17,269.1280057386519,271.83675975298524,267.48092753784414,271.43988037109375,12763200
2021-02-18,267.4710411411446,269.8325144750873,263.95859633855946,267.2924499511719,15249100
2021-02-19,267.75876839108383,268.1655796323252,258.12438206399435,259.5234069824219,25622600
2021-02-22,255.9414748738633,261.02160295925455,255.5247318962554,258.30291748046875,17434900
2021-02-23,257.47942267295707,265.3774342503566,252.97477970473903,263.7898864746094,21924600
2021-02-24,260.2873897430093,264.3058731357695,256.37809587571655,262.2519836425781,15736100
2021-02-25,260.25762517278304,264.8615109881435,252.06194597211868,252.70689392089844,19053100
2021-02-26,254.4729743071129,263.48225874083,254.4729743071129,255.614013671875,26619500
2021-03-01,258.7891703786948,264.5737626108393,255.89189320962132,262.8473205566406,22157300
2021-03-02,263.710576108326,264.63332765258514,256.6360870424162,256.9833679199219,15191700
2021-03-03,258.26328713334885,258.95781848728717,253.1136961127763,253.42127990722656,15513500
2021-03-04,254.47306872511757,264.41503987482264,251.52619259476157,255.63397216796875,31626500
2021-03-05,258.64038226971127,263.3831629803466,253.61976776876352,262.2222595214844,26820100
2021-03-08,263.48234132630284,263.5121065267149,253.06411240263364,253.32208251953125,18391800
2021-03-09,259.14634572246285,266.43912187751977,257.78701790933485,263.67083740234375,22039700
2021-03-10,266.5482402649239,266.87565738580054,260.8231491821168,262.83734130859375,14210300
2021-03-11,266.0224050343976,275.7361857987075,265.73468485814243,271.74749755859375,21834000
2021-03-12,267.0444088724371,267.6397128665082,261.96424931001116,266.3101501464844,20600200
2021-03-15,266.9848484642395,273.8112835494725,266.4093778427333,271.6184997558594,16844800
2021-03-16,273.9302819754771,279.9431234722313,272.6602499427521,277.1053771972656,22437700
2021-03-17,273.5632228614151,284.0013300636442,273.26557087198046,281.7986145019531,21315000
2021-03-18,277.69082858237186,282.9694124523862,276.11321251700224,276.4505615234375,18728300
2021-03-19,279.0303110218043,290.520131236803,279.0104776505019,287.85107421875,38930500
2021-03-22,288.18845807864415,297.37633561067435,284.51725557218174,291.25439453125,28273100
2021-03-23,290.867432991807,295.67967537521406,287.5534429483778,288.3670654296875,23000900
2021-03-24,288.73417475341705,289.44856979905677,278.9707959829789,279.94317626953125,18675000
2021-03-25,278.79218966149506,285.81704866241506,275.5873288162411,276.5696105957031,24505600
2021-03-26,276.1330347429934,282.2847712189747,275.6071627424305,280.8162841796875,17629200
2021-03-29,283.5448455683828,290.8971513555851,282.4832001190205,288.5555419921875,21718800
2021-03-30,287.57324482882785,290.19270318034495,284.46764179897343,285.75750732421875,17474500
2021-03-31,287.7319756502071,294.19129505585806,286.36271621122563,292.23663330078125,19498200
2021-04-01,296.07651796063567,300.04537216997386,294.29054567841536,296.3345031738281,17616000
2021-04-05,298.54718744548785,308.3502331272152,298.33880077200007,306.5047302246094,28237000
2021-04-06,306.4352333643989,308.9256990987487,302.87319030448623,303.8753356933594,17335200
2021-04-07,303.95474852621874,311.8031627153539,303.12129263179196,310.6521911621094,22855200
2021-04-08,312.39847055437156,313.4204493921913,307.63582691524516,310.58270263671875,20894100
2021-04-09,308.9752946294777,312.28928426591995,307.9136188596121,310.02703857421875,15988600
2021-04-12,308.62799158061256,309.71943246721503,305.5322903603965,309.11419677734375,10881900
2021-04-13,309.7790193206261,311.9817348642091,306.91153757945125,307.3481140136719,14036900
2021-04-14,304.90719423670697,305.63152098726067,299.59887627399337,300.46209716796875,17421400
2021-04-15,303.95470027690254,307.7251299969415,301.73215157790185,305.4231872558594,14558300
2021-04-16,305.7704851705201,306.5444105843695,302.23817681915284,303.79595947265625,13059200
2021-04-19,302.6350474367122,305.3041041574586,298.2196852772746,299.8865966796875,14553500
2021-04-20,299.63862283550645,302.72442336585726,294.89584228747464,300.2934875488281,16796400
2021-04-21,299.5988930328925,299.6286582281445,295.0744016748638,299.12261962890625,14863500
2021-04-22,298.98372689165404,300.5613732471118,293.7349384661089,294.211181640625,16375400
2021-04-23,296.433736995222,300.23390165965907,294.8362573958426,298.7852783203125,17536800
2021-04-26,300.97801079639424,303.41884729558376,299.2118721457693,300.68035888671875,16172600
2021-04-27,301.9107926157603,302.9625367473814,298.76546176782614,301.2063293457031,15309300
2021-04-28,304.9667867574344,308.49909536915743,302.9922911939932,304.7088317871094,33907200
2021-04-29,327.5495411674635,329.2263845348517,319.10579393830335,326.9443054199219,56526800
2021-04-30,323.60060254321024,327.2519418261899,321.9733574810361,322.548828125,26332400
2021-05-03,323.6303106363787,325.99175347728556,319.33400895885666,320.0682373046875,18719500
2021-05-04,317.52821238291256,319.681329401256,310.68194401650095,315.8811340332031,24032600
2021-05-05,315.712469321402,318.56011770266906,312.04126663923637,312.567138671875,15577600
2021-05-06,312.0710232209815,317.746486454234,310.8307561707074,317.5281982421875,19012200
2021-05-07,319.86984325216355,320.4254804771027,316.2681028362469,316.59552001953125,15916700
2021-05-10,311.90237131540397,312.130561078937,302.4564778555259,303.5876159667969,24239200
2021-05-11,298.40828575695355,304.45086386985815,297.3565416027839,304.1432800292969,18920100
2021-05-12,298.78525713151794,302.58542152646083,295.8681470090487,300.1941833496094,24645500
2021-05-13,303.6967097732454,306.4550622284353,300.41248534825166,302.88311767578125,18079200
2021-05-14,307.1298192160858,314.38289851654434,306.67337913920693,313.47998046875,19245700
2021-05-17,311.10856102432524,313.2219808293489,309.1538990283127,313.0036926269531,15401300
2021-05-18,313.13270708868293,314.03562515796114,307.39771331279434,307.5465393066406,14522400
2021-05-19,301.82148235708155,312.2099608190644,301.2063147190204,311.1482849121094,19106200
2021-05-20,311.138317354396,316.7641816085727,310.7216046125785,316.129150390625,17320200
2021-05-21,316.80387122022114,317.43887214336223,313.35095718328677,313.7677001953125,13600900
2021-05-24,315.73230041612777,323.4120547384483,315.5537092244351,322.1023254394531,16445400
2021-05-25,324.53320796495933,326.6168625616901,322.27096218906894,325.2377014160156,16437000
2021-05-26,325.793302820574,327.26175939453856,323.28300392269824,325.1086730957031,9686900
2021-05-27,325.44610343491735,331.1810975830294,324.2157680993238,330.15911865234375,20477700
2021-05-28,328.4227242830254,330.2781589983809,325.773500464872,326.17041015625,12037400
2021-06-01,327.57933830612393,328.839469050858,324.0966889019142,326.5672912597656,11765900
2021-06-02,327.80756141635504,329.2859501143572,324.5729351203657,326.5871276855469,11654300
2021-06-03,323.2433880314024,324.8309360567853,320.96130856238705,323.5013732910156,12610800
2021-06-04,323.3624685477202,329.8713885966346,322.64807340674366,327.77783203125,13289400
2021-06-07,326.91456629914944,335.0606319370068,326.36883062034224,333.9592590332031,20136700
2021-06-08,334.0783835828405,335.6659013676434,329.6530884318181,331.0818786621094,14580500
2021-06-09,333.12577058089494,334.17751453094957,327.4304744423022,327.67852783203125,13727900
2021-06-10,328.2143277062519,331.33979432346086,325.9917487704963,329.8713073730469,13240200
2021-06-11,329.99039355021097,330.2384469560632,326.3688198807592,328.6806945800781,13587900
2021-06-14,329.31572075979597,334.19742548380253,327.24199776174,334.1477966308594,12250800
2021-06-15,334.3660818011608,337.2732909264785,332.42135144658135,334.1279602050781,15795200
2021-06-16,334.07837226495525,334.9217297045753,326.16049586366273,328.5021057128906,17232200
2021-06-17,327.9166858746589,335.348386848026,327.5793368606947,333.88983154296875,17794100
2021-06-18,331.92521504508204,333.5325962354284,326.43827503756376,327.0931396484375,23039500
2021-06-21,328.512029205886,330.32779722761893,325.09881166685085,329.70269775390625,11337500
2021-06-22,330.0995667491543,337.2732824504515,330.01027115286735,336.39019775390625,15345300
2021-06-23,336.7077140585252,340.7460309516775,335.5666743971073,337.93804931640625,14817800
2021-06-24,339.18824270230544,342.214482226336,339.1287123056329,340.50787353515625,12329100
2021-06-25,339.9224463575193,341.4405319220191,337.0351012093616,338.7119445800781,14594400
2021-06-28,339.793510478652,355.3514450058949,339.10888057251884,352.87091064453125,29156100
2021-06-29,353.49595592074894,353.9622975602913,346.3321719592447,349.15008544921875,21417300
2021-06-30,349.42791950973475,350.17207980061676,344.4668509038547,345.00262451171875,15107500
2021-07-01,344.1195206582734,351.90840330765593,343.80200504587583,351.6305847167969,17137000
2021-07-02,352.3351118694745,353.6646746729112,349.87441084642035,351.938232421875,11521300
2021-07-06,353.72417820404075,355.9963560178773,346.4611667728856,350.03314208984375,13488500
2021-07-07,352.4938034123803,353.71420672723315,347.2747503320895,347.76092529296875,14218900
2021-07-08,343.03801220730537,345.61774329354535,339.89268183283735,342.9586181640625,14406500
2021-07-09,342.63120246289606,347.97921794083607,342.5815736156693,347.6914978027344,13018700
2021-07-12,348.4952519836882,351.43219625308654,346.9176357291139,350.41021728515625,10018600
2021-07-13,348.76304737206374,355.6986100896785,346.0840587937821,349.34844970703125,11456000
2021-07-14,351.79925073751554,352.4342819743491,344.03023159160176,344.9232177734375,13894200
2021-07-15,346.5107713852772,346.5107713852772,337.57091703181555,341.77789306640625,14781600
2021-07-16,342.2244021364838,343.29597951923523,337.491554086067,338.50360107421875,11026100
2021-07-19,334.9415836605786,337.1442992705485,331.9351773815617,334.326416015625,14372300
2021-07-20,336.1619785065814,340.7757962853777,331.89547184743174,338.9997253417969,11024300
2021-07-21,338.8410278208574,343.82193041834495,338.59297435978795,343.5342102050781,9279700
2021-07-22,343.9806122329509,348.8027861958201,342.5220569930656,348.45550537109375,12385400
2021-07-23,358.09981344980844,372.40751658266703,354.40877765238,366.9106750488281,33694300
2021-07-26,366.7022954251453,371.5244693516764,365.35289943975135,369.55987548828125,14925200
2021-07-27,369.0142189001339,370.24455425889295,361.7115099643694,364.9461364746094,15705400
2021-07-28,371.6435368808808,374.6102459613628,364.07294199741824,370.3735046386719,29676900
2021-07-29,358.1891240675114,362.67391881987123,353.9622842712004,355.5299987792969,33413200
2021-07-30,351.24364693893176,357.92125598632435,350.1919028478955,353.5257263183594,15976200
2021-08-02,355.3117024170683,356.6015680075973,348.00899444804065,349.2095947265625,13180400
2021-08-03,349.98348464822794,351.01536490403487,344.9926518703987,348.50506591796875,12406100
2021-08-04,349.6759469844377,357.67318656110393,348.7730289315938,356.1253356933594,14180600
2021-08-05,356.8397103759352,361.06651968292107,354.121024546421,360.1437683105469,10247200
2021-08-06,358.5860093865691,362.30681059827253,358.5860093865691,360.6795959472656,8925000
2021-08-09,360.9276254852371,362.9318860379037,357.9410528872916,358.7943420410156,7798900
2021-08-10,359.01264661164123,361.2649909446652,356.2443923686089,358.318115234375,7469900
2021-08-11,359.28051696685594,359.5384718883265,355.02391254312903,357.15716552734375,8400300
2021-08-12,355.65898438949955,360.1735442509098,354.3293914916329,359.8262634277344,7170700
2021-08-13,360.1438164480058,361.8206600632015,358.66542768950404,360.3521728515625,7195700
2021-08-16,359.6972591712923,364.09278838073544,354.597297072418,363.705810546875,11222100
2021-08-17,360.1537232259015,361.83056672447157,352.30530958489106,355.65899658203125,12328700
2021-08-18,353.4761013114874,357.05797793706466,352.384660276008,352.6823425292969,10042400
2021-08-19,348.61428473703285,354.785855077009,348.2670038908366,352.35491943359375,12004500
2021-08-20,351.83898985298094,357.1870060382135,350.5590256805761,356.57183837890625,8697700
2021-08-23,356.6412844176642,362.842619862997,356.3039354030331,360.5208435058594,10942000
2021-08-24,360.82840025472757,365.0949066090898,359.02256424131787,362.66400146484375,9235100
2021-08-25,362.75329155616987,367.97231440598324,362.5548367278309,365.5215759277344,9684500
2021-08-26,365.51167077890847,366.5634148299636,361.29476274855944,361.5428161621094,7888700
2021-08-27,362.2571791977708,370.8298886670531,361.2451019807343,369.7285461425781,11219100
2021-08-30,369.6590785756934,378.5195383294216,367.6349544508704,377.6960144042969,13547300
2021-08-31,376.99156388391305,379.77968163648467,375.85049403674094,376.4259948730469,12345400
2021-09-01,376.6343583249429,381.33744111851894,375.8604329249879,379.0751953125,11567200
2021-09-02,378.5295108429375,378.77756425764454,371.14743879885947,372.3579406738281,14832900
2021-09-03,371.8320395508646,374.2232779151266,370.20479474333473,373.3302917480469,7509600
2021-09-07,372.95322942168843,379.9780879459185,370.2444755627935,379.20416259765625,10793800
2021-09-08,377.19998748127205,377.90445077406315,371.87180442291447,374.6301574707031,11067200
2021-09-09,374.69958031283954,376.87250036613216,373.6379044316709,375.0567626953125,9098900
2021-09-10,378.39058756343474,380.8016897745919,375.3147494355466,375.74139404296875,11549600
2021-09-13,378.7081276647406,378.7775898927496,371.4352143764918,373.5783996582031,13026300
2021-09-14,374.46142659975425,375.64216326926356,372.1892488559139,373.59820556640625,8711600
2021-09-15,374.06454967027025,374.62018689725124,364.80720954935725,371.008544921875,17940300
2021-09-16,369.88735611995554,370.65134977316575,366.83132094719605,370.1552429199219,11934200
2021-09-17,368.518069098452,368.518069098452,358.77452395434756,361.8801574707031,26299000
2021-09-20,356.50233413802766,358.2188745657045,347.0763049441087,352.9303894042969,19822800
2021-09-21,355.70854958273947,357.23656689336485,352.4243252293509,354.6965026855469,11751900
2021-09-22,344.52634630694666,347.1160093217714,338.0372607512432,340.5376281738281,43692900
2021-09-23,342.670840159835,346.9473082065627,340.3292308319286,343.26617431640625,21806300
2021-09-24,340.5673534510142,351.5908612269244,339.7041325472566,350.211669921875,18801900
2021-09-27,347.0862393823371,352.38465640920737,344.3774853349106,350.8268737792969,15205800
2021-09-28,345.26056945182785,346.87788247328035,336.2810484357312,337.99755859375,21710300
2021-09-29,340.4780817360786,342.5419029260096,336.24134067745075,336.96563720703125,14452200
2021-09-30,337.7991500549551,340.1308279140143,335.5170404865727,336.7474060058594,16547100
2021-10-01,338.95007959136314,342.3335316631441,336.0032342139593,340.3392028808594,14905300
2021-10-04,332.9174868890232,333.32429817058176,320.1873974722848,323.6899108886719,42885000
2021-10-05,326.02153122963404,332.57014704290987,323.6203912754051,330.367431640625,35377900
2021-10-06,327.17251785068817,331.77640370121645,323.26319366414805,331.04217529296875,26443000
2021-10-07,334.3760068358188,336.201676355274,326.4184641021134,326.6565856933594,28307500
2021-10-08,328.9287869198579,330.80405514449114,326.1505702774925,327.4801330566406,15946100
2021-10-11,325.07891170321585,327.8868625664949,322.7769691312274,322.9158935546875,14708200
2021-10-12,320.51476453054045,321.8542589738375,314.89883180646416,321.2489929199219,31658700
2021-10-13,324.4241336883645,324.4538988899083,320.1476948134663,322.0130615234375,14761500
2021-10-14,325.8032036958003,327.9463884457826,324.5530353016082,325.9718933105469,14302200
2021-10-15,326.1207530110209,326.5077308425533,319.9988121641068,322.2312927246094,21596400
2021-10-18,326.38862318267024,333.27458687830114,324.9499015827661,332.7288513183594,21585000
2021-10-19,337.00536339171015,339.79348135249637,334.6538218634987,337.34271240234375,18786300
2021-10-20,340.77578008650755,341.3016520941956,336.8069256043469,338.1265563964844,13639500
2021-10-21,337.63043926024426,339.6446316371412,335.1697386557774,339.2179870605469,16354400
2021-10-22,323.80893083802226,327.06339039987455,318.60971071997267,322.08245849609375,35224500
2021-10-25,317.80598999710963,326.99389721879066,317.2305194575883,326.13067626953125,38409000
2021-10-26,325.70408613688915,327.638884727191,307.18937444715965,313.35101318359375,65654000
2021-10-27,311.7435717797062,316.7641698250141,309.6301521135282,309.7889099121094,29971800
2021-10-28,310.5529394184158,322.98537519345757,305.7109319804182,314.4523620605469,50806800
2021-10-29,317.6969109522846,323.4616701981431,317.1115084956438,321.05059814453125,37059400
2021-11-01,323.50132064541936,330.8536268282647,323.46162362425594,327.41064453125,31518900
2021-11-02,328.79977498067046,332.18322727188917,321.27877830987967,325.52545166015625,28353000
2021-11-03,324.94002526271333,329.56374431625284,320.6834506798263,329.0378723144531,20786500
2021-11-04,331.40925503173617,334.64385059003166,330.0598288683122,333.23492431640625,22495300
2021-11-05,337.6601935331412,344.0897482903848,336.99542740599173,338.47381591796875,26872800
2021-11-08,341.73825606870065,342.1053702931129,335.7055798125427,335.9833984375,18342500
2021-11-09,337.3526516997646,338.6524492000935,331.86571125243444,332.7586975097656,17556700
2021-11-10,329.901140695636,330.59570243398394,322.9755080862131,325.08892822265625,21872600
2021-11-11,327.25187039453397,329.8712983414455,324.45382100127904,325.18804931640625,12376600
2021-11-12,327.6090584700832,339.1981053182596,327.2121791111643,338.2356872558594,25414300
2021-11-15,341.6587702614959,350.8962749104923,340.52766269220604,344.85369873046875,25076600
2021-11-16,341.15280232033473,343.95085205070313,338.2158584260246,340.2895812988281,18181100
2021-11-17,341.55958996835096,344.59576107300916,337.4518415302655,338.1166076660156,13602800
2021-11-18,337.07477411208635,339.7934294341239,332.6891770840266,336.05279541015625,17487200
2021-11-19,339.5355508184028,349.358460698102,337.2534410694076,342.61138916015625,26488500
2021-11-22,346.332142327309,351.07492208794804,337.8586600494858,338.3547668457031,27116800
2021-11-23,336.29093495274225,338.74170365953904,330.9032225838584,334.6240234375,17225000
2021-11-24,333.3837897309682,339.1187834740705,330.2186257334472,338.4043884277344,13566200
2021-11-26,333.18533998164787,335.1201687600475,329.315712704807,330.5262145996094,14750700
2021-11-29,334.26684150342027,338.0174075573323,332.69912711837196,335.39794921875,16650900
2021-11-30,332.3915643527665,333.1952549665662,320.9116454450948,321.9336242675781,25390000
2021-12-01,327.71826965834975,327.92662605582126,307.8739957669234,308.18157958984375,30329600
2021-12-02,308.975320750198,312.1504165030923,304.80804163947613,307.97320556640625,24396200
2021-12-03,311.287202841972,311.30703621441194,297.1679915417255,304.4508361816406,27471000
2021-12-06,305.73080691553787,317.60760590944744,303.954735944998,315.39495849609375,21758300
2021-12-07,319.06614306450473,323.9974459982289,318.5005740303453,320.2964782714844,18794000
2021-12-08,322.46943949245696,330.15909535727707,320.55447439589165,327.98614501953125,19937700
2021-12-09,326.97404300538653,333.5127262915377,325.44602574757516,327.2518615722656,16879200
2021-12-10,329.9705210935841,332.42128966430977,323.82871706978085,327.1824035644531,14528000
2021-12-13,328.37311410359496,338.43414460124114,327.0236878165198,331.8855285644531,22948700
2021-12-14,325.49568960853713,333.0861485777015,325.09881018765583,331.1413879394531,20461000
2021-12-15,329.9011126857574,339.4462033242894,321.45739496395663,338.9997253417969,24681300
2021-12-16,336.34057631706844,341.7778874543909,331.14135647370017,332.2923278808594,22635000
2021-12-17,330.20866697035297,334.4851050733317,328.1746412454397,331.19097900390625,40012600
2021-12-20,327.2121646581388,327.3312254325602,320.01861683063964,322.9158935546875,17901800
2021-12-21,323.868485951207,333.38381195036175,321.2291938063381,331.59783935546875,16116800
2021-12-22,331.2009056779404,331.90539917403015,325.7040638349438,327.87701416015625,16764600
2021-12-23,327.5296771099157,334.0485269666962,325.8032050574643,332.629638671875,13987700
2021-12-27,336.21155482796183,345.1613098115616,335.37809911090415,343.4844665527344,17795000
2021-12-28,343.9310116569067,349.9636571382656,342.51215344868643,343.5242004394531,16637600
2021-12-29,344.20880332655,346.9671557608115,338.9798488634585,340.26971435546875,10747000
2021-12-30,341.3214675520747,344.5263282790015,340.54754217986994,341.67864990234375,10593300
2021-12-31,340.349065180123,340.7658081749075,333.6516240293268,333.73101806640625,12870500
2022-01-03,335.6658703471166,338.4242231212458,334.564527714693,335.9040222167969,14537900
2022-01-04,337.30299041650676,340.41852505150547,329.28588840398794,333.90960693359375,15998000
2022-01-05,330.426939558543,333.1456252268606,321.3184266010709,321.6458740234375,20564500
2022-01-06,320.30638452508464,336.5290820753032,320.20715711438896,329.8713073730469,27962800
2022-01-07,330.1491276753842,334.37596709741774,326.3191978982015,329.20654296875,14722000
2022-01-10,322.77701413394965,325.78342022706335,312.9739386071096,325.5155334472656,24942400
2022-01-11,324.235581381853,332.0244647355846,322.7472608791002,331.7664794921875,16226800
2022-01-12,332.57013317263903,333.75086972930177,327.46023940386385,330.66510009765625,14104900
2022-01-13,332.37174337245716,333.0166761967169,323.22353219830933,323.93792724609375,14797100
2022-01-14,319.28437970362916,330.1391974441028,318.7088789365741,329.3156433105469,16868500
2022-01-18,320.7727525971954,321.6855721790978,315.1667516493473,315.6727600097656,22645600
2022-01-19,317.0916611903564,324.5531280704446,316.8436077495016,317.1015930175781,20814700
2022-01-20,321.3779984398948,325.2674893105411,313.519683208936,314.09515380859375,16925000
2022-01-21,312.3587368736268,315.83148420546536,300.68039460419897,300.80938720703125,28710700
2022-01-24,295.5209166368451,307.1198968928485,286.7596832302792,306.3062744140625,38878100
2022-01-25,297.61444168541084,303.8455410500459,295.2628703323014,297.8128662109375,25108500
2022-01-26,304.61948478062106,305.1155915443927,288.5853105419286,292.33587646484375,28348800
2022-01-27,295.4315949100361,299.3607522279332,291.96877918824987,292.3458251953125,21629900
2022-01-28,293.31817127191175,299.54927129206766,290.7483417543587,299.3607482910156,21871600
2022-01-31,298.3387969768634,311.34673384669173,296.9894009293225,310.82086181640625,21579500
2022-02-01,312.110712917288,317.1710084195929,309.6897092695964,316.5161437988281,18023800
2022-02-02,325.2675240055626,325.44611521623455,314.4027711569386,320.48504638671875,58458300
2022-02-03,242.74507365507444,246.0689955787632,233.91437785360253,235.90872192382812,188119900
2022-02-04,233.1404540636697,240.72096611837983,228.31829488096275,235.2439422607422,89342200
2022-02-07,235.84918929624516,236.4445235617217,222.26578156076954,223.15878295898438,88613800
2022-02-08,219.1303725857273,224.01206152431283,214.4669567033592,218.465576171875,94729700
2022-02-09,222.45428854589056,231.55288554145955,220.47979314969592,230.1935577392578,86563300
2022-02-10,226.49262916830958,233.1702232371406,224.934846367152,226.294189453125,49310400
2022-02-11,226.6811426049242,228.62587292741537,217.06658968226097,217.84051513671875,46156900
2022-02-14,217.60237794732865,219.2792214751233,213.10765122512285,216.00491333007812,38184000
2022-02-15,218.7533485483256,219.4280465752312,213.38546897199984,219.2792205810547,42685500
2022-02-16,210.75608074636148,215.7667621295166,210.7064670415823,214.85391235351562,45817500
2022-02-17,212.35356264731095,215.8064617968669,205.54697662595777,206.0926971435547,38747500
2022-02-18,207.759594053588,209.10900508345037,203.58236835806525,204.55474853515625,37128400
2022-02-22,200.76448557489732,205.86446260363473,198.50223989771277,200.5065155029297,39852400
2022-02-23,202.57033145267047,205.32868403916535,196.5079057737242,196.90478515625,44481400
2022-02-24,189.57231543169465,206.72769591729016,188.7388596965179,205.98353576660156,49957200
2022-02-25,203.3442685110929,209.6745964633609,201.59796279185824,208.84112548828125,37627600
2022-02-28,206.0629491418261,211.49035969218733,205.21957651863198,209.38687133789062,34239800
2022-03-01,208.23586048014417,210.10122686689581,200.64543260210104,201.90554809570312,27094900
2022-03-02,203.18549004210848,207.52145842115084,200.4469860879729,206.48956298828125,29452100
2022-03-03,207.39249817950693,207.45202857519675,199.85166849923849,201.3896026611328,27263500
2022-03-04,200.7942693856852,204.2868656360038,197.2421427393917,198.50225830078125,32130900
2022-03-07,199.22654533313855,199.32577274078756,185.82174617449198,186.01026916503906,38560600
2022-03-08,186.3873456909563,195.16842766775892,184.66088843878129,188.80833435058594,37508100
2022-03-09,194.2158724601669,197.54971036602572,192.41003665533762,196.95437622070312,31894700
2022-03-10,193.32288838403682,194.75167834752023,189.58225412516933,193.6900177001953,24853000
2022-03-11,191.14003380617865,192.0528685324607,185.2165172013014,186.14920043945312,34694500
2022-03-14,185.57369820987867,190.79273600899157,184.3731282981707,185.17681884765625,31010500
2022-03-15,189.3143563018215,190.7828281781689,184.46243244458515,190.53477478027344,31721700
2022-03-16,193.18398861957286,202.14367638925566,193.00539743531633,202.04446411132812,40640300
2022-03-17,200.1295033401846,206.42013466134534,199.54410088177565,206.22169494628906,29499700
2022-03-18,205.0905273884747,215.1118897928269,204.39598096658355,214.80430603027344,52128000
2022-03-21,212.8298347088417,213.0382062435741,206.01333156086238,209.84327697753906,30142300
2022-03-22,209.7241721651945,217.75119125075489,208.54343562422935,214.9630584716797,31998800
2022-03-23,211.66893523991357,215.1119177429049,210.50804711106318,211.7979278564453,23717300
2022-03-24,213.3258981746717,218.9517467888066,213.1175266823069,217.86032104492188,31502300
2022-03-25,218.79300673228764,223.7441578485975,217.1856256093876,220.0928192138672,40039000
2022-03-28,220.40039104113987,222.29550733215117,217.83054655295177,221.84901428222656,26224100
2022-03-29,224.30970801343267,229.0921690998033,223.53576757259168,228.0701904296875,31417900
2022-03-30,227.12764131461282,229.3501903092489,224.9447742063183,226.07589721679688,25588000
2022-03-31,226.67122486671175,226.71092189452406,220.52941942103524,220.62864685058594,24192300
2022-04-01,222.80156080543097,225.5102996200444,220.9659596397171,223.09922790527344,19544800
2022-04-04,224.22043413017906,232.52527259224502,224.10137333817107,232.06884765625,28054800
2022-04-05,232.25735388242694,235.0157063910786,229.22118278585194,230.0347900390625,29727200
2022-04-06,225.14318617073423,227.20699222567552,219.68601150256504,221.56129455566406,28995100
2022-04-07,222.18640019306102,223.76403143713907,216.85821762186922,221.2140350341797,21037200
2022-04-08,220.6484754046232,223.37706293065762,218.31676728092958,220.59886169433594,18375700
2022-04-11,216.7192968654244,218.8922471136339,213.54421631232353,214.77456665039062,20516600
2022-04-12,218.52511922684667,220.30117483214664,211.47048023153366,212.4726104736328,20128800
2022-04-13,210.17070922753877,214.92340609908956,209.68451907333844,213.31602478027344,19231800
2022-04-14,213.21678996958275,213.3160173902609,208.3648658420038,208.54345703125,18379500
2022-04-18,208.36486698096425,211.71855397049873,206.6781068000665,209.12887573242188,16580800
2022-04-19,208.88079671039137,216.7291942314038,207.37262790461878,215.617919921875,20089900
2022-04-20,211.9467513240192,212.4924718413418,197.37113086850815,198.8594512939453,43036500
2022-04-21,200.03027030150272,201.38959810560033,184.13500399279943,186.60562133789062,49954100
2022-04-22,188.88770453092923,191.21941262522995,181.84299681832218,182.67645263671875,36426800
2022-04-25,181.30717254952796,185.72251969233,180.24551195428148,185.5340118408203,29281100
2022-04-26,185.17684294621372,185.73248018162553,178.10235460110894,179.5410614013672,31747400
2022-04-27,173.0718284502036,179.7990512660107,167.68411532557215,173.58778381347656,71062900
2022-04-28,201.33999482037984,206.90631407931315,191.39800967095255,204.12811279296875,100890600
2022-04-29,202.86801081473362,210.82555343692744,198.3435038247346,198.90907287597656,49193400
2022-05-02,199.60359976179677,210.23021363572835,199.42500858844238,209.48605346679688,49915300
2022-05-03,208.81137460037237,213.22672263175505,206.46974961272068,210.3790740966797,41556300
2022-05-04,209.00980002605064,222.55352547851587,205.34854436270368,221.6704559326172,41375900
2022-05-05,217.0367938694191,218.45565195579698,204.5547457953696,206.65823364257812,41129200
2022-05-06,205.7255905182683,207.7497149996946,199.45480763654945,202.1833953857422,34747200
2022-05-09,198.2839763057758,200.99273052738982,194.05715151927018,194.6822509765625,36303200
2022-05-10,197.95652555162374,201.37967450866105,192.67795718797927,196.1110076904297,34452500
2022-05-11,194.80129861899218,199.10750202518517,186.8040593960686,187.27040100097656,31153400
2022-05-12,185.6034850677345,196.50791865624595,183.3412391310792,189.75094604492188,38262200
2022-05-13,191.08050726208492,198.33358664883283,189.7906264841729,197.07347106933594,24549800
2022-05-16,195.5156975710409,203.7709070471389,194.4044080173516,198.48240661621094,27112600
2022-05-17,200.54623626968387,203.86024166743212,196.81551805794317,201.04234313964844,24872700
2022-05-18,198.44272092521723,199.43493452984333,190.1378978992899,190.74314880371094,23960000
2022-05-19,189.7112262653708,193.76937601990323,188.1236936816302,189.80052185058594,24446900
2022-05-20,193.45190876015224,196.36901949764322,186.407185344579,192.0330352783203,31465600
2022-05-23,193.67017665237506,195.45616417554956,189.75093592706153,194.7020721435547,25059200
2022-05-24,179.14417279094744,182.24979113801103,174.73874187922655,179.8684844970703,50406300
2022-05-25,178.9953052467937,184.00598633509415,177.9237280145015,182.3986053466797,28030200
2022-05-26,181.4560248290842,191.32854694787179,180.84084211269274,190.1378936767578,23056500
2022-05-27,189.87000699281722,193.80909644271358,188.3221561022746,193.61065673828125,22562700
2022-05-31,193.37251497016206,196.06142058608745,190.5149348528655,192.1322479248047,26131100
2022-06-01,194.979905186522,197.97639474515785,183.55953115785042,187.1711883544922,36623500
2022-06-02,186.98266684419815,199.37542128214022,186.26827177623153,197.31161499023438,31951600
2022-06-03,194.45403326777017,195.07913273257265,188.3023114639302,189.29452514648438,19465000
2022-06-06,192.47951771272406,195.38669623309409,186.93303229765272,192.73748779296875,30574200
2022-06-07,190.43556603902965,194.99975506385698,189.99900473350633,194.12660217285156,18828700
2022-06-08,193.15422466525632,200.45691755476113,192.8962545730106,195.10888671875,22267200
2022-06-09,192.76727745674913,197.8970204964128,182.24980612445378,182.56732177734375,23501600
2022-06-10,181.6147791626238,181.6743246989857,173.65723661984313,174.2029571533203,27450800
2022-06-13,169.2617168018966,171.23622734441977,162.75279791555977,162.9810028076172,31749300
2022-06-14,164.73724909119548,165.4516442084213,160.10361265639898,162.4551544189453,27244300
2022-06-15,165.8981189021135,170.81950525732464,162.70318974465354,168.03138732910156,30008300
2022-06-16,162.4452160123095,163.79462714887313,158.36721740504552,159.61740112304688,26944100
2022-06-17,160.42108467647037,164.60822720386258,158.65494571164365,162.46505737304688,31374200
2022-06-21,164.63799488371197,166.45374758302697,154.75555593593816,155.8271484375,50724900
2022-06-22,157.14680447815155,159.53802789484112,154.22969389233737,154.63650512695312,47267800
2022-06-23,155.05323041722062,158.5061296598179,153.04895461675687,157.513916015625,40499200
2022-06-24,160.47069933031898,168.92436333833888,160.04405475471546,168.83506774902344,68736000
2022-06-27,169.9860407861088,170.41268536583237,166.70180106089464,168.1702880859375,29174600
2022-06-28,168.57708966300072,169.96619782883943,159.35943170287592,159.4288787841797,27744500
2022-06-29,162.2963989666472,165.0349032740984,159.07170450541813,162.66351318359375,28595200
2022-06-30,160.8874320004222,163.9434517587167,157.25594166723448,159.99444580078125,35250600
2022-07-01,159.06175413379128,159.3693379164502,153.79310252765947,158.783935546875,31423900
2022-07-05,156.9086379264944,166.93991673848944,155.7973636821509,166.88038635253906,28618600
2022-07-06,166.8903222600425,170.25392571345915,164.17166672198726,168.44810485839844,23085900
2022-07-07,168.13060278464656,171.37514571376303,166.47360777815038,170.84927368164062,24083400
2022-07-08,168.6564524697086,171.0576074080328,166.84069988354267,169.54945373535156,19249200
2022-07-11,165.76914841229626,166.18587634519014,160.64932213963525,161.6117706298828,21885600
2022-07-12,163.51681925608725,164.61817705836836,160.83784531918116,161.9987335205078,16639700
2022-07-13,158.91295226825136,163.6954145029734,158.36723169686718,162.21702575683594,16555100
2022-07-14,159.96468182944713,161.3240096508679,156.05535772465447,156.81936645507812,23765200
2022-07-15,159.28998968167267,163.69542117946563,158.57560970633634,163.4176025390625,23342800
2022-07-18,165.45164385786507,170.35318223623105,164.35028598280718,165.9279022216797,23574300
2022-07-19,169.0434363845627,175.11579427805594,168.19013203148896,174.41131591796875,25933700
2022-07-20,176.10798111100158,182.17040625480746,175.32412396073522,181.66436767578125,24784300
2022-07-21,179.22352828307407,182.41845694525634,177.47722284388294,181.74374389648438,27195800
2022-07-22,171.72242605878435,174.23272541696684,167.09870675194256,167.95201110839844,42583900
2022-07-25,167.68410990943246,169.24189263554436,163.52673221768362,165.35240173339844,26166300
2022-07-26,164.6479204044126,164.70745079555678,156.7201286175358,157.91078186035156,28468400
2022-07-27,161.3239894406539,169.5395160150193,160.75843561805868,168.2595672607422,43846600
2022-07-28,159.8059311673132,160.25242429053662,153.6442927588761,159.4685821533203,73214300
2022-07-29,156.4621659776194,158.8930862847135,153.96178345090468,157.86119079589844,42065400
2022-08-01,156.02556756057433,163.90374490463,154.02129211964905,158.6846923828125,40596700
2022-08-02,157.0773367845084,160.97674420933518,156.77966966857088,158.9427032470703,27374500
2022-08-03,161.42323110797926,168.21988510406044,160.31195673384136,167.48565673828125,31721900
2022-08-04,166.98955319565712,170.80956650112654,165.50123278418064,169.24188232421875,23938200
2022-08-05,165.68974659153304,170.27376835954388,164.50901004159635,165.80880737304688,25832700
2022-08-08,166.69189668226872,176.12784324049753,165.82867563352886,168.92437744140625,27299100
2022-08-09,167.63451667098926,168.21000248556982,165.302823350168,167.21778869628906,18655100
2022-08-10,174.6196924150537,179.07472218493237,172.59556801298828,176.95138549804688,30262100
2022-08-11,178.3107171671491,181.67432074948522,174.99671215406823,176.10800170898438,24079100
2022-08-12,179.4021272311539,180.0470751142929,177.5169275665444,179.09454345703125,21274000
2022-08-15,177.56655658180426,180.02724212693158,176.81246453895838,179.4815216064453,15878700
2022-08-16,178.04283611732615,179.5807704439576,175.66151405480576,178.07260131835938,21156700
2022-08-17,175.38367239848955,176.75293202621683,172.81384278005555,173.48855590820312,20118100
2022-08-18,172.9825179454566,174.3914594614701,170.52183242030472,173.30003356933594,18844500
2022-08-19,168.87473977974705,170.97824275855308,165.74927321620558,166.65219116210938,26240800
2022-08-22,164.20142956470605,164.20142956470605,160.996568824722,161.78042602539062,19499700
2022-08-23,161.21487292760173,163.76486932772292,159.44873380548583,159.8555450439453,18111800
2022-08-24,159.3495081545654,164.17166679378263,158.52596906042174,161.98878479003906,20891500
2022-08-25,163.89383014741966,167.56503246665474,162.74287391315033,167.46580505371094,15550500
2022-08-26,167.1681532011775,169.58915695402584,160.41118059882976,160.52032470703125,24023600
2022-08-29,159.40903722795167,161.78042707604678,157.77187573869497,157.93063354492188,20052700
2022-08-30,159.10145839344236,160.40125579993304,154.6960275433671,155.93629455566406,19567900
2022-08-31,165.76914071346795,166.53313431830148,160.87751957743515,161.66136169433594,40953000
2022-09-01,162.30630965585266,166.05687601790066,159.10146382584418,164.07244873046875,30145700
2022-09-02,166.14617414203198,166.62243245907325,157.98025996910707,159.0717010498047,22634200
2022-09-06,158.8534233790782,160.4310395677423,156.46218466897687,157.30555725097656,19339800
2022-09-07,156.5316171024006,159.7067128361439,155.58901718018615,159.14114379882812,16831200
2022-09-08,157.47423484046743,160.96681598296698,156.51178639006864,160.7981414794922,22530800
2022-09-09,161.97887708569115,168.21989423340526,161.75067218718405,167.8329315185547,22086800
2022-09-12,166.0866417456848,170.05549633320575,165.9774976389288,167.64442443847656,23220400
2022-09-13,160.28217241060221,160.3714831377137,151.48124294581012,151.9376678466797,44444100
2022-09-14,152.13613708902906,152.34449349948872,147.88946342274005,150.29061889648438,43064200
2022-09-15,148.63359721808547,152.99933091133602,147.54215622478398,148.3855438232422,34606300
2022-09-16,146.89723035392328,147.42310236449293,143.16649743066273,145.1509246826172,40122800
2022-09-19,144.10909457328336,147.42308403849412,143.97018528851333,146.86744689941406,22169500
2022-09-20,144.64490033101634,147.68107158621052,144.08926312614136,144.95248413085938,23217400
2022-09-21,145.25013796787374,148.4351500589386,140.89432117926867,141.0133819580078,38338600
2022-09-22,140.44784645009264,143.4542526254641,139.77313328922853,141.7079620361328,34418500
2022-09-23,140.3188416841715,141.509494943838,137.80854255554897,139.31671142578125,31710700
2022-09-26,139.02898325699817,141.13248666363052,135.12959055815918,135.3081817626953,30497000
2022-09-27,136.84609644027194,138.33441682444828,133.0756817723629,133.35350036621094,30826500
2022-09-28,133.57180591260422,140.9241131987942,133.2245401951875,140.50738525390625,32658500
2022-09-29,138.2748971610571,138.7511554817555,134.1472846750604,135.34786987304688,38985400
2022-09-30,134.99067978704159,139.8922179917955,134.4449592124269,134.62355041503906,33166400
2022-10-03,136.0721759608596,138.53286151227974,135.04028045219258,137.53073120117188,27723100
2022-10-04,139.396085127203,141.2812847896686,138.25503047678262,139.18771362304688,34670700
2022-10-05,137.1636140300522,139.11827604059891,133.73054829955544,137.89784240722656,27979300
2022-10-06,136.64765768866192,140.3486101635324,135.5363833056393,137.98715209960938,36231100
2022-10-07,135.695128574833,137.21321419500794,131.4087736296269,132.41090393066406,33214800
2022-10-10,132.51013890638444,135.05020348397787,130.84321206485183,132.74826049804688,24024000
2022-10-11,130.59515090965465,131.62706154565242,126.00120460626015,127.53913116455078,38481400
2022-10-12,127.32087043355055,128.66034985700185,125.266980788287,126.50724792480469,34605200
2022-10-13,122.56813925422476,130.11888501437636,121.57592569909303,129.27549743652344,34325700
2022-10-14,129.97999420633082,130.76383636476277,125.53487351641806,125.77301025390625,23559400
2022-10-17,129.2854381123977,133.74046759034007,129.1663621824455,132.99630737304688,29612200
2022-10-18,136.02256585565274,136.7667260943057,130.37686775600895,131.76597595214844,25445000
2022-10-19,131.85526270902045,135.93326114909232,131.19048142384776,132.19261169433594,30691000
2022-10-20,131.89495242051143,135.70506431958893,130.28757116213697,130.505859375,26356300
2022-10-21,125.32647866197439,129.10680949055958,124.46325780378665,128.99766540527344,46348600
2022-10-24,126.25919191467688,132.440678957435,123.60005892557997,128.7099609375,63563400
2022-10-25,129.86091947335717,137.27275620010687,129.57316905393745,136.4392852783203,38433200
2022-10-26,130.65469177666142,134.49456906227655,127.52922470090857,128.80918884277344,82791500
2022-10-27,97.21708813251803,101.70189010182288,95.62954037737664,97.17739868164062,232316600
2022-10-28,98.8046201247912,100.06472791320866,96.75073852462278,98.42757415771484,95928300
2022-10-31,97.4552302158687,98.54666376504666,91.87898653153731,92.43463134765625,121361400
2022-11-01,93.59551916910262,96.73091049225727,92.82159370231095,94.458740234375,110189600
2022-11-02,93.47646001488596,94.45874954494421,89.7755068265904,89.83503723144531,71821100
2022-11-03,89.37861592545339,89.75565442318421,87.72162078886008,88.21772766113281,60664000
2022-11-04,89.64650764938459,90.67841082153454,87.40410253355893,90.08308410644531,55638100
2022-11-07,94.04201429464656,96.12566157324486,92.37509495776996,95.96691131591797,81987300
2022-11-08,95.17312866285086,97.03849511420917,94.05192999686678,95.7188491821289,52088300
2022-11-09,100.92796978473984,104.0832093724771,99.95559711456131,100.67991638183594,107677300
2022-11-10,106.2859394674444,111.87210014645682,103.79548083904355,110.99895477294922,80671000
2022-11-11,108.37949366062841,114.00534289363566,107.9627582000439,112.13997650146484,59961700
2022-11-14,110.12578932554203,115.3646761117339,109.93727388231957,113.33064270019531,53395000
2022-11-15,115.16622766282778,117.8154360525285,113.5191570888149,116.16836547851562,50670500
2022-11-16,113.60846619527436,115.1761656241988,111.78279666031649,112.34835815429688,33287800
2022-11-17,109.55031120602072,111.45535957072005,108.94506028234187,110.58220672607422,35093800
2022-11-18,112.91391754527949,113.42986531772654,109.75867780342048,111.17754364013672,33357700
2022-11-21,110.65166362870413,111.4950512926187,108.33981156253067,109.00459289550781,24351100
2022-11-22,109.00459669406948,110.75089490974986,107.47658670159785,110.57229614257812,29029000
2022-11-23,110.85011817463133,111.7927181820387,109.86782870996609,111.3660659790039,21343100
2022-11-25,110.43338213815132,111.85224795871838,110.15555595769946,110.54252624511719,12007600
2022-11-28,109.91743370890127,111.16762510453496,107.53611928816707,107.9330062866211,23309400
2022-11-29,108.68709070559252,110.07619141363898,107.69487699555789,108.60771179199219,23899200
2022-11-30,108.65730907507884,117.23995788306726,108.5283164674862,117.180419921875,43348600
2022-12-01,118.27186216762439,120.25628943600728,117.4780958022648,119.50221252441406,36551400
2022-12-02,116.91253977641848,123.07418582320302,116.69425155553571,122.5284652709961,39950500
2022-12-05,120.80200951633452,123.69927150066809,120.40512255012695,121.47671508789062,35474900
2022-12-06,118.97634827925043,119.6113644410036,112.85438400330203,113.23143005371094,43689200
2022-12-07,112.87422558377872,114.97771365164438,112.00107273750456,113.04290008544922,29461100
2022-12-08,115.48373552730014,116.42633538036192,113.69774809309091,114.43199157714844,30619400
2022-12-09,114.40223194340052,116.62478830403349,112.9833661822399,114.99755859375,26033400
2022-12-12,114.28315982857858,114.81895606727694,112.25904322793656,113.81681823730469,24747100
2022-12-13,121.1790486702528,122.33994437785942,117.71622519933055,119.21446990966797,44701100
2022-12-14,118.46037510083681,123.17338946222026,118.46037510083681,120.64324188232422,36922000
2022-12-15,117.40863908543345,117.70629862846144,113.12227656392382,115.24561309814453,34531000
2022-12-16,119.29385024041143,122.34986252333044,117.8948253630125,118.50007629394531,67064000
2022-12-19,115.9203158462125,116.8827642422822,113.43978186458503,113.58861541748047,29769900
2022-12-20,112.37811883780395,116.41642804447906,111.58434489885498,116.17829132080078,28742500
2022-12-21,115.79132071461487,119.40297750767131,114.71973581106239,118.82749938964844,20392800
2022-12-22,116.2874249195991,117.69637391242856,113.48938301410328,116.20805358886719,23618100
2022-12-23,115.12655141032663,117.25981232393049,114.6403688295484,117.12090301513672,17796600
2022-12-27,117.01175225347482,117.67653356062343,115.14639337715077,115.96992492675781,21392300
2022-12-28,115.34483367860929,117.23004107638656,114.61059771715533,114.71974182128906,19612500
2022-12-29,115.49367072170247,120.0876172098368,114.86857127552733,119.32361602783203,22366200
2022-12-30,117.23995119022268,119.48234825741729,116.82321576562178,119.40296936035156,19583800
2023-01-03,121.86367423605601,125.38603554945252,121.32787798283579,123.76872253417969,35528500
2023-01-04,126.38816680776964,128.0451692882345,124.87008119697514,126.37825012207031,32397100
2023-01-05,125.14790094273111,127.51929845470177,123.57028492333293,125.95159912109375,25447100
2023-01-06,127.96581711805723,129.31522851402113,125.05863033307496,129.0076446533203,27584500
2023-01-09,130.13874224666318,131.91479796779146,128.2733757932046,128.46189880371094,26649100
2023-01-10,126.27901284967068,132.40097609349974,126.15995207065836,131.95448303222656,28684400
2023-01-11,129.94029028515095,132.80778677539865,129.32510760262235,131.85525512695312,25423000
2023-01-12,132.40101026363502,136.60798703423046,130.73408322737612,135.6455535888672,30757700
2023-01-13,133.91906260849916,136.3202175567717,133.79007000359942,135.9134063720703,22423800
2023-01-17,135.11965288431784,135.68522195416884,133.20468773197197,134.30604553222656,21147600
2023-01-18,134.7525532778595,136.18134356719094,131.76599520084105,131.98428344726562,20215500
2023-01-19,131.45838403334974,136.37975496300405,131.11110322074273,135.08987426757812,28625200
2023-01-20,134.831906191301,138.85037431994746,133.56187398797255,138.28480529785156,28688600
2023-01-23,138.20542835766489,142.6406244467156,137.5803440727501,142.15444946289062,27470100
2023-01-24,140.58674499285107,143.87096953007216,140.25931269367496,142.02545166015625,21970200
2023-01-25,140.12040528118638,142.05521876598272,139.21748727495543,140.39822387695312,26622000
2023-01-26,143.2756324953129,146.36141728300726,142.18420665958723,146.15306091308594,25482100
2023-01-27,147.08576938685857,151.99722434243992,146.24238165691892,150.5585174560547,35771900
2023-01-30,148.24664030943237,149.9433171179442,145.80578814738973,145.91493225097656,28040100
2023-01-31,146.79799650042315,148.71297658740454,146.37135192714462,147.81005859375,29842100
2023-02-01,146.87738577590028,152.38417457555312,145.91493732172768,151.92774963378906,55661000
2023-02-02,181.95212522311238,195.6248266993024,178.757196388301,187.30015563964844,150475700
2023-02-03,182.04144994050517,195.23789526478814,181.4659641739447,185.07762145996094,76809700
2023-02-06,185.07759341363374,189.21512212589636,184.0754631723348,184.6112518310547,42483800
2023-02-07,184.13501165753016,192.2711605893038,182.9641916734573,190.1279754638672,47080700
2023-02-08,188.52055872974466,189.34409772415066,181.49568556659705,182.001708984375,36139100
2023-02-09,184.6807335265915,185.19667372941453,175.88971988644266,176.53465270996094,37118800
2023-02-10,174.97688855603946,177.49710464211017,172.00024751549427,172.79400634765625,33433600
2023-02-13,176.83231268780145,179.59066534207818,174.45100605417406,178.0328826904297,31463200
2023-02-14,175.78054632041483,180.09666593753346,174.51051425864426,178.0824737548828,24034600
2023-02-15,175.04633504206592,176.80255748917412,173.96482576796248,175.78057861328125,25308900
2023-02-16,171.40490435914325,174.4807726641265,170.45237261399396,171.09732055664062,25827500
2023-02-17,168.89459799541382,171.8315417346345,168.37864269096454,171.5338897705078,24171300
2023-02-21,172.95275977485835,176.78270508862917,170.541687860479,170.74012756347656,34592600
2023-02-22,169.73798383060884,171.41481205762443,168.36872424999137,169.78758239746094,22433200
2023-02-23,170.66072705596093,172.337570343035,168.06113245373834,170.70040893554688,20017800
2023-02-24,167.32690436229686,169.39071050981784,166.35453925336142,169.0632781982422,19791300
2023-02-27,170.5417013100807,171.77203664968215,167.74365131521915,168.21990966796875,19277000
2023-02-28,170.56149751299935,176.16751296792663,170.53173231868809,173.5778350830078,46051100
2023-03-01,173.23057502664264,176.46520116867393,171.70257268922543,172.06968688964844,30998400
2023-03-02,171.0378127566329,173.64732464968225,170.0951975728522,173.1710662841797,17352000
2023-03-03,177.52684270021945,185.16688384157925,175.6714082467401,183.80755615234375,45877700
2023-03-06,186.5361804963786,188.18325891520774,183.20234177126963,183.46031188964844,33209400
2023-03-07,187.52837844576686,188.87778960526148,182.57722691894926,183.07333374023438,36701500
2023-03-08,181.44609997913568,183.81748992709475,179.92801435060838,183.52975463867188,19432400
2023-03-09,184.89903392862337,187.4589320189714,178.89613785727124,180.2753143310547,26582800
2023-03-10,179.60059470599492,183.3313278726715,177.40781092790243,178.11227416992188,25665000
2023-03-13,176.57434446133212,182.3490199218457,173.4587942651152,179.49143981933594,24728000
2023-03-14,186.1194344072328,192.8069597193349,185.10737226611835,192.50929260253906,41642600
2023-03-15,191.4476222684607,196.24001605303158,189.35405084464165,196.2102508544922,42123600
2023-03-16,196.71628688338527,204.15788979119992,194.5631849255218,203.3343505859375,50447100
2023-03-17,198.99835299201646,200.3279155543498,193.9082924866934,194.08689880371094,50141100
2023-03-20,196.9345567047852,197.80770954247785,192.13224637743252,196.269775390625,25186300
2023-03-21,201.61778713769408,201.9650679306829,196.40866608272424,200.5858917236328,31827000
2023-03-22,200.9232840906904,205.75536020155923,198.11531736536608,198.2542266845703,28477800
2023-03-23,201.26060208984055,206.26136708985172,200.57597228650752,202.68939208984375,27389700
2023-03-24,203.58237521787427,205.96369689550627,201.96507737654167,204.40591430664062,27716400
2023-03-27,203.2152668797388,204.2570941974041,199.79213295596273,201.26060485839844,18527200
2023-03-28,198.59152917076673,199.46468190963645,196.35904875977394,199.11740112304688,19127300
2023-03-29,201.97498217317485,204.11816701489678,200.96292014125447,203.7510528564453,18851100
2023-03-30,201.7964302546129,206.46974837510436,201.24079299646337,206.22169494628906,22608300
2023-03-31,205.62637817550564,210.51798458103676,205.1600365127496,210.28977966308594,25440300
2023-04-03,207.21389041897956,211.8276928727448,206.57887430271677,211.4109649658203,17924600
2023-04-04,211.72848018695962,214.55629527926422,210.8850924885587,213.04812622070312,21026400
2023-04-05,212.48255219823199,213.51446289742063,208.3053411097266,209.83334350585938,19396600
2023-04-06,207.62073371754508,215.25086011742312,207.0253993928286,214.4174041748047,26104400
2023-04-10,213.03816846315993,213.98076826554743,209.01970073721688,213.07785034179688,16106100
2023-04-11,213.80218866814147,214.33799250651626,211.74831432764745,212.1848907470703,16710100
2023-04-12,213.16718082320352,215.15160815942397,210.92478338366692,212.33372497558594,18972200
2023-04-13,214.05024012163284,219.42803612820578,214.0105582384014,218.63427734375,23310400
2023-04-14,216.18350440998398,220.38056370650133,215.85607210458502,219.76539611816406,21591200
2023-04-17,218.07863523228386,219.25937191854015,215.43935838415817,217.1558837890625,15481900
2023-04-18,218.19769611867787,218.7235681147785,214.52650883156815,216.19342041015625,12281000
2023-04-19,211.80786023682174,215.63780573322012,211.2720563592022,214.02049255371094,15898100
2023-04-20,211.8177610468795,215.0623038493368,211.11329784945184,211.4109649658203,16475400
2023-04-21,208.57325062324549,211.74833146698396,207.94815114120425,211.2323760986328,17717200
2023-04-24,212.01620246497654,212.2543391879995,209.0693418949524,211.1331329345703,15750900
2023-04-25,209.17850305424275,209.61506437207524,205.5172320166566,205.9339599609375,19198200
2023-04-26,210.84538412144423,212.44284857850462,207.25357583437997,207.76951599121094,41992700
2023-04-27,238.02213009217323,239.8081176766573,234.9264283723866,236.70248413085938,71196500
2023-04-28,237.1489637299281,238.55790520519412,233.91435289009024,238.4487762451172,39554000
2023-05-01,236.7619924001167,242.10010614264476,234.61882263900713,241.28648376464844,29143900
2023-05-02,241.2865218093042,243.01297910850474,237.12915909786122,237.37721252441406,24350100
2023-05-03,237.60542163290825,239.8676677118151,230.93774419824183,235.18441772460938,34463900
2023-05-04,234.22195246681608,236.34528907829275,231.11631888863627,231.7017364501953,17889400
2023-05-05,230.43166438453113,232.85265256171215,228.06027476944215,230.9674530029297,27000500
2023-05-08,229.618073071823,233.7853672287388,228.47703347004094,231.45367431640625,16400500
2023-05-09,229.65778559464076,234.04336825414188,229.2807395505276,231.5529022216797,16865600
2023-05-10,234.33107296351068,234.9065586409701,228.9235121283877,231.26513671875,19119000
2023-05-11,231.2354000059932,236.35522620301435,230.49123974968126,233.9540557861328,20449000
2023-05-12,234.89666530723997,235.11495352176897,229.64784661240037,231.98947143554688,16161400
2023-05-15,235.07525568820336,238.38924563922228,233.4976396213384,237.00015258789062,20653200
2023-05-16,233.95402820885016,237.77405646362476,233.68614144893996,236.96044921875,18163800
2023-05-17,236.59331648061985,241.94134687586555,236.28573270445185,240.60186767578125,21193100
2023-05-18,239.42114424198073,245.16605431320838,239.31200014059405,244.9279327392578,22943300
2023-05-19,245.5431087203749,246.753610562604,241.51472379688204,243.72735595703125,21733600
2023-05-22,243.49912956161424,251.59559571740687,243.21137915535476,246.386474609375,27738500
2023-05-23,244.88823369959792,249.65086195908967,244.72947589162,244.81878662109375,17748100
2023-05-24,243.3701694042358,247.64660792831876,243.04273707413475,247.2695770263672,17724300
2023-05-25,251.4269363674874,253.62965191246678,247.2298768085311,250.72247314453125,22371400
2023-05-26,250.96061197968322,260.26758163108605,250.74233888741432,259.99969482421875,25727200
2023-05-30,263.1847066844682,266.55822750020894,259.2555485710743,260.4759521484375,23816500
2023-05-31,257.9755335993669,262.93660155320083,256.43761464566063,262.6587829589844,25473700
2023-06-01,263.82956065505147,271.86649597151376,263.8196591105298,270.4873046875,25609500
2023-06-02,270.53693352991894,273.2059902375829,269.0089162785536,270.4873046875,19416900
2023-06-05,268.1953160303984,273.42430092681104,267.46108767771483,269.27685546875,20742900
2023-06-06,268.0366221259544,274.41654891819206,267.59011385118043,269.00897216796875,19419000
2023-06-07,269.5547184887687,272.11461659977925,260.753757231396,261.54754638671875,26163600
2023-06-08,258.5907094762658,265.5659700319198,256.86426746253426,262.5198669433594,20899400
2023-06-09,260.43622471709676,265.8636340720592,259.6622993556924,262.8869934082031,16949800
2023-06-12,265.0897203172627,269.6340452732035,263.2640206504683,268.9394836425781,15442500
2023-06-13,272.73970632322903,273.57316219648015,266.9947805297934,269.2074279785156,16164000
2023-06-14,269.7730254955901,272.84886406164475,266.2308149508549,271.2216491699219,19175100
2023-06-15,270.1797347425138,281.77871344375353,269.3066122627581,279.6355285644531,25973500
2023-06-16,282.53281258688276,285.60868069386356,277.948790762136,278.81201171875,43127700
2023-06-20,276.55971674793904,282.5824304857627,274.0692508402336,282.1160888671875,20701600
2023-06-21,281.3222892323925,281.78863078326714,276.19253217277145,279.447021484375,20556200
2023-06-22,276.90697727173125,283.0388807556065,275.6270434409826,282.6618347167969,17563100
2023-06-23,279.31808843197484,287.41455585917544,276.7780237818679,286.48187255859375,51092000
2023-06-26,286.45208350341085,287.5335927129634,275.4385062924321,276.3017272949219,24232700
2023-06-27,279.8142059678566,287.09705117182915,278.4647795384772,284.81494140625,26108300
2023-06-28,282.60229241746646,287.29544349247846,281.84820037160534,283.0686340332031,16722100
2023-06-29,282.2847661968472,284.33865559418587,278.50443484346164,279.337890625,15395700
2023-06-30,282.542767890268,286.7993426355483,282.20541888378625,284.7454833984375,19694900
2023-07-03,284.46769711960735,287.14665610377796,282.6320956075144,283.79296875,8629300
2023-07-05,285.41023480138307,295.79871236153565,284.13027078429906,292.0779113769531,33865500
2023-07-06,293.58608781168573,295.79870469399134,289.0417327035368,289.7164306640625,47600500
2023-07-07,289.90496868523604,293.89368682314864,286.4123876380687,288.267822265625,25586000
2023-07-10,293.24871963934146,295.8086477039445,284.8149039740183,291.8100280761719,37058300
2023-07-11,291.6115448608104,297.8426444994166,289.6271178385797,295.9673767089844,27585900
2023-07-12,299.4004084811521,307.04046415669484,297.76326234495053,306.9313049316406,36677100
2023-07-13,311.17802190329286,313.7776166697492,307.8739639648475,310.96966552734375,30281000
2023-07-14,309.36227324592335,312.428209501779,304.966744178056,306.4649963378906,23054100
2023-07-17,305.1453809142804,309.2828946951575,302.3373994520956,308.2013854980469,25323100
2023-07-18,308.45942711831395,311.7535841601705,305.2248004813134,309.62030029296875,20731900
2023-07-19,310.5926007326327,316.1986011328367,308.1021350775521,313.5494079589844,21763700
2023-07-20,311.05897588766237,313.0831001900084,299.86680724874,300.1644592285156,23836900
2023-07-21,302.1985317891098,303.0815862304324,288.93263955652174,291.96881103515625,42139300
2023-07-24,293.47689896206384,295.2033407103772,286.0551313052597,289.33935546875,24915700
2023-07-25,292.8914883953681,295.97725766591697,289.5874006764084,292.1770935058594,19585600
2023-07-26,298.8448649834203,299.42033564139683,289.62719066887496,296.2452697753906,47256900
2023-07-27,322.58848618129997,322.81670621390026,307.4274633309865,309.28289794921875,64229200
2023-07-28,314.4126657950555,323.66010426666475,311.80313905459457,322.9457092285156,39220300
2023-07-31,321.1696263444991,323.1242883704477,315.11711725806254,316.1192626953125,25799600
2023-08-01,315.06756792601067,321.61618484159317,312.2099874333956,320.1972961425781,22817900
2023-08-02,315.5239417009489,315.9109195600562,308.23116529432224,311.8626708984375,20461100
2023-08-03,307.5167473332486,313.48989245918426,307.5167473332486,310.7513732910156,15180200
2023-08-04,312.5076220119246,315.93077142766623,307.7847053368224,308.3105773925781,17612800
2023-08-07,310.79109564375017,314.60119246481474,308.04264442618995,314.09515380859375,16236500
2023-08-08,311.95196390121913,315.41481011229837,307.6953588862012,310.2056884765625,15183500
2023-08-09,310.4438188052483,311.1879790598838,300.4919168777885,302.8335266113281,19955800
2023-08-10,305.5422877592659,309.90802196268254,301.503970752123,303.3594055175781,14358900
2023-08-11,300.21410278081095,302.34735615356055,298.021288729232,299.2913513183594,14046300
2023-08-14,298.63645342569663,303.82571105631087,295.9276994586192,303.8058776855469,15641900
2023-08-15,303.75625391993054,304.8377629959797,297.69381371938107,299.598876953125,11623600
2023-08-16,297.8625520218376,298.735674605063,291.988633847669,291.9985656738281,18547700
2023-08-17,290.76819018544745,293.7448310552386,282.73128406097686,282.87017822265625,23950100
2023-08-18,276.85738220141786,283.4655289505489,272.2435946407065,281.0445251464844,35347900
2023-08-21,281.2429708465109,288.23806495812437,279.65542295254005,287.6427307128906,20181500
2023-08-22,290.2720962228701,290.6193770623764,284.51726906518275,285.36065673828125,12980200
2023-08-23,286.25361732465876,295.08431211507826,285.43009337789294,291.94891357421875,18287000
2023-08-24,296.17575192971134,297.1282684826556,284.40811347284574,284.5172424316406,18360900
2023-08-25,283.90210752516674,286.1445201506835,273.8807432156826,283.2770080566406,23701400
2023-08-28,285.7575567433899,289.1807062538626,283.57467440628267,287.9999694824219,14239300
2023-08-29,286.3329750441115,296.8206796120224,285.93609567718016,295.6697082519531,20844500
2023-08-30,294.85613555978125,295.9674099723324,291.14523602077895,292.80224609375,17717000
2023-08-31,293.4967337112294,298.7554832952353,293.3578395703433,293.5860595703125,17229900
2023-09-01,297.03900536445764,299.39054694781646,292.17716437490265,294.0722961425781,12842300
2023-09-05,294.70723321290353,299.0432315009917,293.20901146736196,297.8128662109375,14956000
2023-09-06,299.3607770852688,300.9383931826944,293.35789651003546,296.840576171875,15418100
2023-09-07,295.6796859122459,304.6592078858521,289.9446918732,296.344482421875,33748700
2023-09-08,296.8901875518962,302.87323501269304,294.46918367681815,295.570556640625,17548000
2023-09-11,299.0631442958572,306.63373990822015,298.93415166603296,305.1652526855469,19489300
2023-09-12,303.94480875658803,306.2566836294878,297.89232942332416,299.3111877441406,13480400
2023-09-13,300.0056429320661,304.78811900792044,298.9737627500185,302.68463134765625,13210900
2023-09-14,304.3516417282433,310.4339169753038,302.65496466211755,309.2928771972656,19343100
2023-09-15,309.18365018768327,309.5706280070703,296.4237984522829,297.9716491699219,28131100
2023-09-18,295.8681470090487,301.23602569617873,295.481169208335,300.1941833496094,14234200
2023-09-19,300.12472048512393,303.7859903578182,297.4754973808358,302.6945495605469,15924400
2023-09-20,302.67475378193933,305.66132647870694,297.09851806182877,297.336669921875,19379500
2023-09-21,293.39757244980257,297.92206402517564,290.98647039875095,293.4273376464844,21319600
2023-09-22,296.9695088993633,303.00218435179124,295.94753013514656,296.751220703125,25369600
2023-09-25,293.33801904399604,298.60667040304367,291.41312239636414,298.4875793457031,18987000
2023-09-26,295.3423364379203,297.9617648857279,293.7051898730457,296.6322021484375,19417200
2023-09-27,298.1106127734607,298.9539701789239,284.5569702480841,295.42169189453125,36429800
2023-09-28,296.61232993196177,303.9447725402208,294.38978120306416,301.5932312011719,22167100
2023-09-29,304.9866526085404,308.2212789671032,297.0290793382049,297.8724670410156,25373700
2023-10-02,300.3827511018216,304.78818213594394,299.28140848326984,304.4309997558594,16265600
2023-10-03,301.89095860230594,304.3813944694725,297.30693602326215,298.5968017578125,17362300
2023-10-04,296.40395369954626,304.51032114563077,296.1757336907266,303.2005920410156,16880500
2023-10-05,302.25805126327083,303.8257355185984,297.1679903566098,302.41680908203125,19130000
2023-10-06,299.0929081606846,313.8471214300376,298.5670360967991,312.9739685058594,21803900
2023-10-09,310.0667763769625,317.8357962026818,309.3920783387563,315.8811340332031,22503700
2023-10-10,316.6352532636189,322.13212602478757,315.6827365233314,319.3340759277344,19038000
2023-10-11,320.49491126011156,326.2795029836983,320.43538086899065,325.2674560546875,22036300
2023-10-12,325.44608318054617,327.9663143762472,320.1774310246236,321.635986328125,20530500
2023-10-13,321.0108492234802,322.5190029215304,309.9377423510793,312.23968505859375,21341000
2023-10-16,316.15897834118726,319.3142105445774,313.0632462556419,318.6494140625,16536100
2023-10-17,315.70251300439446,321.87408274940765,314.8293601998335,321.4772033691406,16387800
2023-10-18,318.8875506594912,323.4021105297396,313.1029282837248,314.501953125,16851000
2023-10-19,317.3893171227114,319.3836763111059,309.3226150513973,310.3743591308594,18709200
2023-10-20,311.6940081053693,312.8449492839968,304.08371614626304,306.2467346191406,22312300
2023-10-23,307.0901695712514,314.88895546604584,304.8676203599035,311.5650634765625,17796800
2023-10-24,314.31343815660597,315.8712208509296,308.2113302782834,310.1163635253906,19525500
2023-10-25,307.58626363589036,308.45941658390853,296.513154511403,297.1977844238281,42192500
2023-10-26,292.7030429628435,292.7030429628435,277.2245031094945,286.1048278808594,66684100
2023-10-27,292.1871053257045,296.9794842399318,290.68885292835586,294.4195861816406,29596300
2023-10-30,296.7611955420491,306.9909164922188,296.7214985151733,300.30340576171875,28435100
2023-10-31,300.9483186528854,301.31543285724274,294.5485285219265,298.9241943359375,19434200
2023-11-01,299.4996780690973,310.3048683139882,299.4996780690973,309.42181396484375,20434600
2023-11-02,314.8293273096192,316.3375111890121,305.92917112013004,308.44940185546875,21631800
2023-11-03,310.1163649869128,313.093005944509,308.59827930973705,312.1504211425781,16764300
2023-11-06,313.5196859262533,315.85136382365476,312.00160022439076,313.341064453125,12887700
2023-11-07,314.5912189143697,318.5005426389386,312.6663222467412,316.3375244140625,14055600
2023-11-08,315.66285499199586,318.8279885761275,312.4282289074521,317.2900695800781,13609700
2023-11-09,316.93287073587214,321.6557867220615,316.3176728894775,318.0540466308594,16103100
2023-11-10,317.4488494738817,326.53753048133314,316.9725760032875,326.2100830078125,19096200
2023-11-13,323.66012177465035,329.74236633406514,323.16401492354265,326.6268310546875,16908900
2023-11-14,331.93516844363756,335.46744667370785,330.73456810569553,333.6913757324219,17179400
2023-11-15,335.29877206542585,335.76511372075856,327.45035797842024,330.1194152832031,14531200
2023-11-16,326.80541344208376,331.9748382128518,323.83870424203946,331.587890625,18932600
2023-11-17,327.68846422988145,332.8876536615673,326.7855462450736,332.4312438964844,14494400
2023-11-20,332.2824138935604,339.2080451684162,331.5878522890542,337.3228454589844,16960500
2023-11-21,335.6956655135957,337.25344837199526,333.2845933625456,334.356201171875,12027900
2023-11-22,336.5687782957013,340.2499126792458,335.9436788615161,338.8310241699219,10702700
2023-11-24,337.4816354360319,339.1981456805994,334.1477818085071,335.596435546875,5467500
2023-11-27,333.56238998285437,337.25342610918796,331.59782626203656,332.09393310546875,15684500
2023-11-28,330.8040537479839,336.73750279402384,330.8040537479839,336.35052490234375,12637200
2023-11-29,337.04504303961954,337.25339941898335,328.20441615570996,329.6133728027344,16024500
2023-11-30,329.305804972317,330.9032544248157,319.88967678227107,324.6026916503906,23146400
2023-12-01,322.9456971366447,324.31492648520225,318.2624476796763,322.29083251953125,15276400
2023-12-04,314.81947438356156,318.3616540663768,311.2177340247724,317.5281982421875,19037100
2023-12-05,316.49630583352786,319.37371922485295,312.93426263406553,315.8116760253906,16952100
2023-12-06,319.42333881953283,319.74085446043057,314.5714297293888,314.9782409667969,11294300
2023-12-07,315.29569659562253,325.6841739294483,315.29569659562253,324.0470275878906,15905100
2023-12-08,320.5743303870982,330.5758617421196,320.4850347849948,330.15911865234375,14087400
2023-12-11,326.83523060112793,327.32143596977244,317.5084266250109,322.747314453125,25802500
2023-12-12,322.0725252153085,331.86566813423246,322.032828194819,331.61761474609375,18485500
2023-12-13,331.329854390829,335.7352848543165,330.04992074802453,332.133544921875,16353300
2023-12-14,331.2505036188075,332.0938912022161,326.0810794409053,330.5758056640625,19607300
2023-12-15,329.40501619139945,336.02309488590646,328.6410225440708,332.3122253417969,31776900
2023-12-18,334.85225615932194,344.8537559101192,334.39581610239355,341.9366455078125,18993900
2023-12-19,342.8892080987716,350.84678160666897,342.4327982605504,347.6319885253906,17729400
2023-12-20,345.93526435895194,352.1961297303839,345.0819752003526,346.56036376953125,16369900
2023-12-21,350.23160410040464,353.63488983756224,346.4909390575598,351.33294677734375,15289600
2023-12-22,352.8113172583685,354.4187288106996,348.4852802675343,350.6383972167969,11772800
2023-12-26,352.2258964816082,354.2004221377004,350.6979093378439,352.067138671875,9898600
2023-12-27,353.2974565773298,356.20463476940137,352.54336465257876,355.0437316894531,13207900
2023-12-28,356.8992584473952,359.08211028758853,355.0239601332717,355.5299987792969,11798800
2023-12-29,356.19475166917226,357.19689709783825,349.0805970920824,351.20391845703125,14987100
2024-01-02,348.5844607184317,350.41012995956766,337.36252824234924,343.5936279296875,19042200
2024-01-03,342.29391101748917,345.2407870717122,340.50790809616456,341.7878723144531,15451100
2024-01-04,341.81761082843025,345.43918468397345,340.72616973060616,344.4172058105469,12099900
2024-01-05,344.28819338310336,350.7475137214206,343.56389682163444,349.2095947265625,13920700
2024-01-08,351.93818263654276,356.18485571303864,349.3087923232341,355.8673400878906,13890200
2024-01-09,353.62493279017207,357.8319391849978,352.5930221333329,354.64691162109375,13463900
2024-01-10,357.36562947931844,370.03618780504775,356.2840898762662,367.5854187011719,22117200
2024-01-11,369.2324630283158,369.8773958319146,360.10408551905675,366.7916259765625,17205400
2024-01-12,367.27776437721,374.1240316871446,366.6625968326006,371.57403564453125,19310000
2024-01-16,370.74065180769946,372.6853822277794,364.3706566582682,364.5988464355469,15306900
2024-01-17,363.44784996748376,365.670429146602,355.8177245328264,365.5017395019531,12724800
2024-01-18,368.59743859937487,373.91571950102383,368.06166503074314,373.2013244628906,16354300
2024-01-19,376.04893206387004,381.36718210960373,375.0269533277706,380.46429443359375,21670800
2024-01-22,384.9292833279464,387.3105899434806,378.19214441636774,378.80731201171875,17680500
2024-01-23,381.62521323149974,385.35594628431977,379.10498205560805,382.2007141113281,15506100
2024-01-24,386.96330579643376,393.0654134087709,384.7903555799496,387.6578674316406,15698500
2024-01-25,387.13201825545184,392.4105719303832,382.65712494527804,390.1185607910156,15091100
2024-01-26,391.27940127928605,393.7004046509528,388.5408823192147,391.071044921875,13163700
2024-01-29,391.9144445908541,399.79262308602887,390.03917661129907,397.8974914550781,18742400
2024-01-30,400.4474896600289,403.1959104756482,396.4588018243719,396.9449768066406,18614700
2024-01-31,385.97109583241945,394.90101835810526,384.0858960218771,387.10223388671875,20180800
2024-02-01,390.87262941167637,397.38154822868097,389.98954477012256,391.7060852050781,29727100
2024-02-02,456.0213826629202,482.176118971358,449.48269858581074,471.2915344238281,84707600
2024-02-05,466.221332864614,468.2255934429309,455.64433221754496,455.8328552246094,40832400
2024-02-06,460.3871547251005,463.4828566103552,449.47280407428997,451.1794128417969,21655200
2024-02-07,454.4338712041085,467.8485894270778,452.628035016413,465.9336242675781,23066000
2024-02-08,464.6734814817839,466.9257954581502,461.40909025193133,466.34039306640625,18815100
2024-02-09,469.26745913339795,469.9024601255168,463.8301174160843,464.4651184082031,18413100
2024-02-12,464.5445296788117,475.4191832366272,462.9470498932434,465.2489929199219,19382000
2024-02-13,453.3126590561984,464.2468731870275,451.54651991731083,456.537353515625,20916600
2024-02-14,464.2864998480657,470.4183725927847,462.4608304684062,469.5948486328125,16858400
2024-02-15,471.5793000388415,484.8154264310746,468.5431287071876,480.26116943359375,24212300
2024-02-16,474.38723338064216,475.2306210030674,465.5565383292655,469.6345520019531,23324600
2024-02-20,466.0625897590752,472.4722813616275,462.9271910394476,468.0767822265625,18015500
2024-02-21,463.3587521836112,465.84191805812145,458.68047616341727,464.8784484863281,12921800
2024-02-22,477.00627442642167,486.69062239875075,472.85442790395473,482.85662841796875,21625800
2024-02-23,484.7636721147276,491.031180902857,479.1020716150301,480.770751953125,18374300
2024-02-26,480.2145472288163,482.8665820728748,477.3638772756252,478.4961853027344,12101400
2024-02-27,476.7479552149011,483.98884449892734,476.68836166366407,483.77032470703125,10809600
2024-02-28,481.73418465032995,487.7434340041243,479.4993353400965,480.7607727050781,12715500
2024-02-29,485.1510282882917,488.3890863550295,479.36026837522473,486.82965087890625,17732000
2024-03-01,488.79633708123947,500.85460630743614,488.538108417028,498.917724609375,16273600
2024-03-04,499.6129971227631,501.02344874221626,493.07731757525386,494.83538818359375,12324100
2024-03-05,491.66681804477713,492.24289916092766,484.6047092081151,486.91900634765625,15325300
2024-03-06,494.2791504217165,499.583189220119,490.96164437082433,492.74951171875,11757900
2024-03-07,499.89114211794896,516.349544301287,498.0039419088518,508.74114990234375,18586400
2024-03-08,510.72768838193537,520.0445327158662,495.98761761186836,502.5431823730469,18597100
2024-03-11,493.6633271933071,493.9712373423791,472.7947911045604,480.33367919921875,20428300
2024-03-12,489.9385984033987,498.9276472763487,481.46603715056744,496.3848876953125,15448200
2024-03-13,492.05425155124124,497.6066070345607,487.72359432803495,492.2330322265625,12090700
2024-03-14,496.8914470652399,497.9741037778643,484.8729178506202,488.5181884765625,12620000
2024-03-15,485.71724349168346,488.5182318843105,478.059137225896,480.8403015136719,29153600
2024-03-18,488.5976770138942,494.070584561547,483.5320123264852,493.633544921875,11755300
2024-03-19,484.8828919098991,493.28591751458134,478.03927158062527,492.8985290527344,10903100
2024-03-20,496.13654476437773,504.7779741854075,491.835714780714,502.1159973144531,11711100
2024-03-21,511.2441248527766,511.571859086068,502.60269582066724,504.3409118652344,9712500
2024-03-22,503.5860069252949,506.5360090067488,500.94391496748756,506.14862060546875,8120600
2024-03-25,502.38421028695126,503.80457393392254,496.871563696633,499.6328430175781,8380600
2024-03-26,501.72867541124447,506.5658780636044,491.87545911237584,492.5509033203125,11205400
2024-03-27,495.93785600976236,496.52390980676483,484.78349475828026,490.53448486328125,9989700
2024-03-28,489.521395786928,489.5710772928442,481.8831749511718,482.3102722167969,15212800
2024-04-01,483.9193631882776,494.08045824129323,478.53584639701245,488.0414123535156,9247000
2024-04-02,481.8335069600827,494.1798002750776,481.3865249828398,494.0208740234375,11081000
2024-04-03,495.5704114495978,503.8244530380208,495.3916307675297,503.32781982421875,12099200
2024-04-04,512.9425792580104,526.4311529440604,507.1419075498126,507.4796447753906,26476300
2024-04-05,513.3795907460255,527.1264226237954,510.94607625503056,523.7890625,19263300
2024-04-08,525.7160926076674,527.9111726495528,515.3960397041614,515.7536010742188,13260600
2024-04-09,518.7134999304255,522.3290042268167,503.3278128790067,513.41943359375,10863800
2024-04-10,505.86061532238585,519.0412485473654,502.3940952347152,516.3296508789062,11418500
2024-04-11,517.6010230992423,520.3325056145172,513.8067382940332,519.63720703125,10369500
2024-04-12,514.2637093320776,516.6872819178756,505.90039240697365,508.4530944824219,11984500
2024-04-15,513.2405552726893,515.0384255513786,493.93148546628265,496.86163330078125,13512900
2024-04-16,494.75592258091154,501.3710805844467,493.7626561595775,496.39483642578125,9847900
2024-04-17,499.71232990333476,499.77192346212956,483.85980671013607,490.84246826171875,12193700
2024-04-18,496.45437262055293,508.76095670865146,495.6796261139181,498.4210205078125,14808700
2024-04-19,499.41438048421065,499.41438048421065,472.52667955972896,477.8307189941406,25215400
2024-04-22,486.4224254546389,488.69701401127566,470.2123104372898,478.4862365722656,17271100
2024-04-23,487.94214263107534,495.4015833562038,485.67749634188175,492.7594909667969,15079200
2024-04-24,504.63889646618475,506.56583559911667,481.31699178938914,490.17694091796875,37772700
2024-04-25,418.5624840192661,442.7683830214694,411.7089514448453,438.407958984375,82890700
2024-04-26,438.4874200784971,443.43389815493634,429.0513883397759,440.30511474609375,32691400
2024-04-29,436.6001184715401,436.79878385003366,425.67418952017607,429.70684814453125,21502600
2024-04-30,428.147455924362,436.65975597546355,426.8264249918601,427.2734069824219,18429500
2024-05-01,425.71397863682915,446.93013406880516,424.23399111108887,436.232666015625,20344900
2024-05-02,435.88499880227045,440.9705176340693,429.3691740100177,438.70587158203125,15221300
2024-05-03,442.92726154360383,451.11179697891964,440.86128084790545,448.9166564941406,16489100
2024-05-06,452.512314351539,463.02109033010055,450.28740721128406,462.5443115234375,15094600
2024-05-07,463.1501848954651,468.3548909827228,458.2037074526032,465.0870361328125,13406800
2024-05-08,460.378993962156,472.377639194553,459.8823607432109,469.417724609375,11683900
2024-05-09,466.83517215291295,472.87421806387255,464.481135815607,472.21868896484375,9437700
2024-05-10,473.87746056720033,474.2847034264408,466.437904971436,472.99346923828125,10750000
2024-05-13,469.5666850409423,470.1626509363038,459.73335385977305,464.8586120605469,14668800
2024-05-14,460.2498499695703,469.3581162552764,456.9819950045203,468.6727600097656,10478600
2024-05-15,471.7816605384409,479.25101255755794,468.02711495824536,478.2974853515625,13100500
2024-05-16,471.8015582324169,474.4734473766368,469.56670874605277,470.0434875488281,16608200
2024-05-17,467.6596161293241,469.61635219313234,465.265870726958,468.73236083984375,10807300
2024-05-20,466.78555537893186,470.01367116907085,463.89514652631107,465.6830139160156,11745100
2024-05-21,463.9745355703075,467.53044579456866,459.15718809446827,461.5013122558594,11742200
2024-05-22,464.71951728620587,470.53013143312546,462.51446480062907,464.630126953125,10078600
2024-05-23,469.6958441033179,471.16585905076363,458.43220618871834,462.6436462402344,11747900
2024-05-24,464.47124760813773,476.6189070760728,463.1601286330432,474.9998779296875,12024300
2024-05-28,473.3708488306615,477.6220274622316,471.64257513598284,476.6883850097656,10175800
2024-05-29,471.4638306252424,476.6188856395713,470.51030337355337,471.16583251953125,9226200
2024-05-30,468.4940068622727,468.55360042520306,461.5808504414888,463.90509033203125,10719600
2024-05-31,462.66349074515693,465.9611425660609,451.3998530718608,463.6865539550781,16919800
2024-06-03,467.68941896049296,476.3705882132415,465.0870657511374,474.2747802734375,11279400
2024-06-04,473.78804905282203,475.6653370045295,470.04344582485936,473.7781066894531,7088700
2024-06-05,481.18789892832643,493.30573030037567,480.65152660799043,491.7264404296875,15690500
2024-06-06,489.6604950970564,499.4342331212912,487.5845718978277,490.43524169921875,10667300
2024-06-07,492.57074247783544,495.5505416682554,486.8694030600324,489.6405944824219,9380700
2024-06-10,490.53449931508374,499.27526127994463,490.0875476500694,499.2156677246094,11220900
2024-06-11,496.792112209235,504.18201644117164,494.914824216535,504.0528869628906,9673700
2024-06-12,510.5289816127229,510.5488663402382,501.0730965012288,505.4136657714844,11983200
2024-06-13,502.30471065857984,505.930126725215,497.9839960314029,500.70556640625,9954600
2024-06-14,499.76102858798566,504.2351649770315,497.87195484771325,501.2623596191406,10243300
2024-06-17,498.786716272725,507.8145165497157,493.15924290347647,503.71820068359375,11266600
2024-06-18,501.6600694232584,503.0917955375381,492.1748915017007,496.61920166015625,13060400
2024-06-20,499.1147919555252,500.7752071040244,493.9148400723255,498.8165283203125,11801200
2024-06-21,500.55649337523585,500.55649337523585,489.5600618320149,491.9363098144531,22359200
2024-06-24,496.33088323813683,504.88143086237153,491.4490995948573,496.04254150390625,13525300
2024-06-25,494.1932043482864,507.77469745154934,492.65212507473245,507.66534423828125,12063200
2024-06-26,503.7380827860577,510.85693517121933,501.77940391512504,510.1708984375,8882300
2024-06-27,511.294373925033,519.8747782877508,510.9464098062174,516.5738525390625,10121200
2024-06-28,514.1776987031992,518.8804935548256,500.94417016641717,501.3219909667969,15855100
2024-07-01,502.0478560452752,503.6684622749848,490.3355617817053,501.7793884277344,10328200
2024-07-02,497.88192801510917,507.5659383637164,496.57945957224564,506.5716857910156,7739500
2024-07-03,503.45965920114367,508.3414428657344,503.1116647399918,507.0290222167969,6005600
2024-07-05,508.659626943001,537.7613890905714,508.659626943001,536.806884765625,21354100
2024-07-08,539.2329753391592,539.6903534680489,523.6232551138687,526.2778930664062,14917500
2024-07-09,530.6822430592663,534.3907852639005,525.1542018868099,526.9537963867188,8753200
2024-07-10,527.7392732226358,535.782802810221,525.3232468812585,531.6168823242188,10983300
2024-07-11,527.8387522591509,532.3824937070442,505.44816535369097,509.7532958984375,16458300
2024-07-12,494.89917130590845,505.16978705228513,491.3894609308073,496.0027770996094,19750500
2024-07-15,495.76415462534726,503.76787552831104,490.5343764947893,493.308349609375,12539200
2024-07-16,498.61766470466665,501.05359564218975,482.9979652991605,486.9749755859375,14075800
2024-07-17,476.4159983287152,476.4159983287152,456.4812168894572,459.334716796875,28076600
2024-07-18,472.2699610515285,476.4855821522594,461.87008787870946,473.1150817871094,19267200
2024-07-19,473.3238673312673,483.91265093835443,472.975872869739,474.0496826171875,15149400
2024-07-22,483.78339946267863,489.23191443908513,481.11880987205853,484.59869384765625,12023100
2024-07-23,487.02470158757365,492.3737855582179,484.91689087992546,485.8813171386719,9455500
2024-07-24,469.5954226900346,473.5624806822974,457.93282927520823,458.6188659667969,17649700
2024-07-25,460.5974713733936,460.88578278239254,440.10590941212183,450.8040771484375,18240500
2024-07-26,461.5320586336811,467.0700224305545,456.7795325266989,463.0234375,14222400
2024-07-29,467.1793714880281,471.23590835425637,462.34728854009927,463.0333251953125,11339600
2024-07-30,464.315962513696,470.0130408141906,454.07517290776104,460.5278625488281,11390400
2024-07-31,468.3128218694942,473.7613367281888,464.06737443417023,472.1009216308594,24285800
2024-08-01,518.0055973214868,524.1401187856688,489.27170365366396,494.8792724609375,43083100
2024-08-02,486.1894847459628,498.2696468567978,473.4133337307261,485.3344421386719,24044700
2024-08-05,448.7558769798466,480.70121501811934,448.20901989340217,472.9957580566406,21396200
2024-08-06,476.24697663872547,499.6715645445627,475.8989821739981,491.250244140625,20955000
2024-08-07,500.23833743916646,507.2179800741915,484.06182750847574,486.1100158691406,20105300
2024-08-08,494.6406395475425,507.02901772261134,491.87661869501426,506.700927734375,16156800
2024-08-09,504.7919205071636,515.3608596163658,502.79349364561364,514.7941284179688,13696600
2024-08-12,513.8893011239608,515.042667936588,506.17392282899993,512.9845581054688,9767400
2024-08-13,517.0212549519154,528.4452065274616,515.1719598564413,525.502197265625,13743800
2024-08-14,525.0250602739767,530.9309235361922,520.1234019137161,523.7325439453125,11444200
2024-08-15,528.7335620768248,536.667738996692,523.6728503857054,534.2417602539062,13482100
2024-08-16,528.8429030867464,530.5927364260666,521.6444643649328,524.3886108398438,14776700
2024-08-19,523.8417936399916,528.6042411215221,519.7554305554554,526.2379760742188,9879700
2024-08-20,525.3133210272216,528.0376240435813,522.8575463080886,523.70263671875,7944400
2024-08-21,524.1202555369616,536.2998492635563,523.9014884202904,532.0841674804688,13423300
2024-08-22,533.9136093150988,541.1020356974973,525.551972227874,528.8727416992188,15708300
2024-08-23,533.8339854766065,536.767042214686,522.0421664915824,524.9652709960938,11323900
2024-08-26,524.5675531650829,524.9652784073141,511.99029644718553,518.1248168945312,9584000
2024-08-27,515.9972716734421,520.9983921237546,512.3483810803631,516.1165771484375,6282700
2024-08-28,514.6946530207725,518.095040120393,509.5046843177006,513.809814453125,9106100
2024-08-29,516.0667627034325,524.169945083232,512.7161365376401,515.2415161132812,8317400
2024-08-30,518.3535299929398,520.5309454515676,512.2389133705824,518.3137817382812,9157500
2024-09-03,516.6533790353354,522.4697318344816,505.69669716450665,508.81866455078125,12459100
2024-09-04,503.16141255787795,513.6209691624427,501.1729073895188,509.7930603027344,8335200
2024-09-05,508.7789010834829,518.6319472042396,508.2121698645864,513.8893432617188,8640900
2024-09-06,518.8804959933531,521.5649898617991,495.38630472485954,497.3946838378906,14744500
2024-09-09,503.2508845942156,508.39115339074016,499.19431711601146,501.8887634277344,11047800
2024-09-10,505.23938973469745,511.22477928436297,497.15611148388973,501.8887634277344,9899000
2024-09-11,504.0960310908237,510.1709000409841,492.7516050439692,508.8883056640625,10782500
2024-09-12,514.07825463183,523.6827679826088,512.2587555239991,522.5791015625,11970500
2024-09-13,517.3493672277767,524.5477455442109,514.1378904204591,521.604736328125,10321400
2024-09-16,522.022837390722,531.5369588305283,514.9171466899668,530.720947265625,9527600
2024-09-17,535.02004153394,539.4984461028365,528.0238099822781,533.7462158203125,11690800
2024-09-18,534.4925654988167,541.5883529191947,531.337795589623,535.3683471679688,10323500
2024-09-19,547.360625106574,559.3727101138928,543.8973445888765,556.4169311523438,15647000
2024-09-20,557.3125698177632,561.790974396656,553.630313904446,558.6560668945312,22066800
2024-09-23,566.7669546644623,571.2254355902388,559.7109530325689,561.7013549804688,12830700
2024-09-24,563.9605473092387,565.0254197663409,551.5304953936857,560.6266479492188,12993000
2024-09-25,561.343197050028,574.1116448246654,561.0147636623793,565.582763671875,16543400
2024-09-26,572.967142227921,574.6291718932196,559.6513458984354,565.1150512695312,14400800
2024-09-27,567.3641092966835,568.1006091166316,561.8009692958777,564.6372680664062,9398400
2024-09-30,564.9756280044119,571.9221116471715,562.0895207658488,569.69287109375,12792300
2024-10-01,575.2063156344602,580.2420307996076,567.3641260621707,573.7035522460938,15259300
2024-10-02,572.1012461423841,573.2357898880107,566.6077777940206,570.0610961914062,6524700
2024-10-03,567.4138954120452,580.5604622327534,566.0006662054095,579.9733276367188,11581000
2024-10-04,580.9286522167133,593.9856842958213,578.6397020969828,593.080078125,14169500
2024-10-07,595.3491375246505,600.0564797527886,581.2371940539072,581.9736938476562,12014200
2024-10-08,586.8600834032629,590.7115064354323,583.1579040765794,590.0447387695312,7857400
2024-10-09,591.1394274753203,591.53753216899,578.8188343358976,587.6761474609375,9529700
2024-10-10,584.7502401443048,587.3974479929923,579.7244874036023,581.0281982421875,7740400
2024-10-11,582.023532257207,588.3729207448063,579.9137105818194,587.1189575195312,8587100
2024-10-14,591.3683608695632,597.2201481215791,587.1288552616571,587.5866088867188,8252000
2024-10-15,587.3278903554623,587.7757430262925,577.3560160285689,583.4566040039062,9564200
2024-10-16,578.6098955081545,579.2866249105597,571.275268873164,574.02197265625,11268400
2024-10-17,580.5305650166398,582.1626483482484,572.4395767425352,574.1612548828125,8701200
2024-10-18,578.3113382248611,581.1675605388372,572.4894360534232,573.7035522460938,7694300
2024-10-21,573.2656610260642,574.4698153606886,566.37882637357,572.3997802734375,8171900
2024-10-22,571.5339359680816,580.7296438381057,569.3743668983145,579.2169189453125,8544500
2024-10-23,577.1867042398765,582.192594507908,559.8005716422192,560.98486328125,14248400
2024-10-24,564.4083928532417,566.1499947416787,558.8253293775932,565.0552978515625,7184700
2024-10-25,571.1757528879629,578.5004183141831,568.9763366172681,570.4990234375,11337900
2024-10-28,579.2070359341649,580.948637846338,571.3648464645419,575.3854370117188,10925100
2024-10-29,577.365987086118,590.8210656933186,572.6387814957556,590.4329833984375,13019100
2024-10-30,598.0958371766848,598.3148129678752,586.5515306527154,588.9598999023438,26864900
2024-10-31,582.1925856019707,587.0690948039123,560.3081253081026,564.856201171875,26838400
2024-11-01,564.886023984338,570.9169396034644,559.8602710921074,564.4381713867188,15303200
2024-11-04,561.392889439504,565.9608889972419,555.2127297782872,557.9893188476562,12064600
2024-11-05,564.5774756955396,570.727810156648,563.9504942499769,569.682861328125,9775400
2024-11-06,560.049270832322,570.2500794081217,552.5056314825866,569.3046264648438,18305400
2024-11-07,574.1216080144851,591.9456339468819,572.4496773656942,588.8605346679688,14653700
2024-11-08,588.70123463837,590.2537459189086,581.7149642470737,586.5118408203125,9415700
2024-11-11,583.5461541812385,584.1830975198795,573.7434467735926,580.3714599609375,10209100
2024-11-12,585.7156075410013,596.78223842264,577.5947936518803,582.0134887695312,16287700
2024-11-13,579.8140739533536,582.8295623160514,572.409775650482,577.2166137695312,10757600
2024-11-14,574.2309923162492,577.972957894817,570.2601499390961,574.3901977539062,11053700
2024-11-15,568.4787834407424,569.822341466235,548.8534455153184,551.4210815429688,17712900
2024-11-18,554.3667866349945,557.2131078822542,547.4501877365338,551.739501953125,14327300
2024-11-19,549.2117727046272,558.7358563976715,547.9578093527397,558.3975219726562,9522400
2024-11-20,560.2285547368579,563.6321255323566,551.5404684658788,562.80615234375,9797300
2024-11-21,566.7869532039366,567.2646302971915,546.4151549825543,560.3878173828125,11154700
2024-11-22,560.8455359497274,561.1242213982047,551.9285734744715,556.4567260742188,9164000
2024-11-25,559.402445590544,569.8421548761189,553.7198868796414,562.3980102539062,13599800
2024-11-26,563.2838637168787,574.7286772022924,562.4877149272148,570.7876586914062,10356600
2024-11-27,572.131141178584,572.2206752566353,561.3928830685265,566.4684448242188,7200200
2024-11-29,566.2694266604135,575.6840509462676,564.179528644509,571.5639038085938,7130500
2024-12-02,574.7285975175146,591.6470151067747,572.8078668096863,589.9850463867188,12522400
2024-12-03,592.1446155685445,611.252487580719,588.4126116889108,610.7051391601562,14907200
2024-12-04,610.0185224895173,614.8153993508271,602.1961952387212,610.8345947265625,14697000
2024-12-05,614.1186640967649,616.9251382698544,604.136768682784,606.0077514648438,8081200
2024-12-06,607.1721088209316,626.7676190380172,605.6096966963446,620.7765502929688,16935500
2024-12-09,620.9258564568023,623.3939965020669,603.2610368421125,610.6255493164062,11426000
2024-12-10,614.5963368840676,622.5878301971734,609.7994606988705,616.347900390625,10938900
2024-12-11,620.3784192599069,635.3363188855899,618.5472835041938,629.6437377929688,10837200
2024-12-12,628.4694319605399,633.6046423977135,624.2000415346207,627.7628173828125,7474700
2024-12-13,624.2100126233092,628.051535081657,613.9296288656519,617.3729858398438,8453300
2024-12-16,627.4624746323816,628.6278428855253,616.1080674222911,621.7454223632812,10885600
2024-12-17,623.6676857660912,629.842921517428,614.0761642573996,616.964599609375,12897800
2024-12-18,618.5184399880585,624.8530103874069,593.9370703121472,594.8035888671875,17075500
2024-12-19,607.9507863504745,609.0762755305054,592.6222729689903,593.1900024414062,14958100
2024-12-20,588.2199724400746,600.699869104885,577.6822346553289,582.9112548828125,48989400
2024-12-23,587.2437814772281,598.6879155279142,583.9071932608068,597.4528198242188,10205800
2024-12-24,600.3113609374378,605.5603202398497,596.8851663404314,605.3212890625,4726100
2024-12-26,603.0603968908488,603.8771273499036,596.5465535400348,600.9389038085938,6081400
2024-12-27,597.0146600682612,599.4449119716119,587.4430773536361,597.4130859375,8084200
2024-12-30,586.3971578659622,594.554430315314,583.2398432689357,588.877197265625,7025900
2024-12-31,589.9032228392957,591.5963807603267,581.5168266078615,583.1702270507812,6019500
2025-01-02,587.3633608157467,602.4926617179121,585.470989976871,596.8453369140625,12682300
2025-01-03,602.3432915147383,607.0643399858958,594.0266229827574,602.2138061523438,11436800
2025-01-06,609.385054699766,628.4684617844035,603.1998488847688,627.681640625,14560800
2025-01-07,629.175648227163,629.5740132949604,605.7994061067093,615.4208374023438,12071500
2025-01-08,610.9487626580363,613.976592361968,600.3811160103171,608.2794189453125,10085800
2025-01-10,607.592206559942,627.3927055003096,594.9529163376031,613.3988647460938,19256600
2025-01-13,604.6738608485571,606.5363830240626,596.058464764125,605.8989868164062,10785000
2025-01-14,602.6520744429687,603.0703790506547,586.198070906463,591.8753051757812,13598000
2025-01-15,607.7714496616591,619.9724951874059,604.0762539890142,614.65380859375,15524300
2025-01-16,609.0564517296573,613.787470774164,607.273626437739,608.8572387695312,8355300
2025-01-17,621.5561185444549,622.4724249589239,601.2575575659065,610.3212280273438,17280600
2025-01-21,615.3611025019545,619.0164197693068,606.5763408669152,613.99658203125,11674000
2025-01-22,620.8091489005574,631.1676126122295,616.954619104307,621.0083618164062,12274000
2025-01-23,624.8529752907019,634.0560413523201,618.6678301446317,633.9066772460938,9910200
2025-01-24,633.8568781379164,649.3945139716581,631.6656574969397,644.9025268554688,19065300
2025-01-27,624.1059736130031,661.2170877274049,622.601998034938,657.2430419921875,28399200
2025-01-28,663.3385252994983,679.8522851881131,656.8345913596311,671.63525390625,20950100
2025-01-29,672.3025851139503,678.3283961259809,663.0098523603809,673.78662109375,21377800
2025-01-30,694.0354036840853,707.9495481611209,673.3981724899843,684.254638671875,29322900
2025-01-31,688.2386987585822,702.4815424501834,682.8403746118678,686.4259643554688,19303900
2025-02-03,673.2089795915546,701.1867563183758,672.5516437556581,694.6729125976562,21415700
2025-02-04,699.6926666804768,704.8818683424153,688.846170752285,701.3759155273438,13826300
2025-02-05,700.7384902909668,715.270213081664,696.2166547369433,702.05322265625,17778200
2025-02-06,703.0591459116995,716.0271344480996,700.6886520762018,709.1447143554688,13080700
2025-02-07,713.9354687323457,722.1126813232647,708.9056620031818,711.6646118164062,16427100
2025-02-10,715.688479736199,718.317944327383,708.4873917995161,714.5331420898438,12904300
2025-02-11,710.4694982653,720.7681443890708,707.2025763439763,716.923583984375,12998000
2025-02-12,712.4415867780556,724.194420792667,709.7523640548277,722.4813232421875,12016500
2025-02-13,718.6366539343255,726.086742622161,715.170519503926,725.6484985351562,12569100
2025-02-14,723.2381862179419,737.9491204423847,722.7202448085826,733.72607421875,16901200
2025-02-18,733.058823348987,734.0548271850589,703.6169523863489,713.5072631835938,21938700
2025-02-19,701.2862790989086,704.1747145500551,692.6111245629734,700.9576416015625,17535500
2025-02-20,694.493606362119,702.810214344655,690.8681376921594,692.0633544921875,12587400
2025-02-21,693.7963175740036,701.057163114329,679.6331124665386,680.818359375,15660400
2025-02-24,683.5375152106747,684.5235492434307,659.8027276987779,665.4600219726562,15677000
2025-02-25,663.3086205526677,665.3305374435599,639.2949835590877,654.8724975585938,20579700
2025-02-26,657.0139106659047,680.2805441243983,655.3704801302349,671.0077514648438,14488700
2025-02-27,679.7227696836991,685.8980050768483,654.9421915809927,655.6094970703125,12500000
2025-02-28,655.4103519906419,666.9540633677159,640.0320501051021,665.52978515625,17534200
2025-03-03,670.9878058928375,678.5275616526835,648.2391140524159,652.4322509765625,10843800
2025-03-04,642.9304346142569,647.1534810781478,621.1578057314852,637.4424438476562,21495200
2025-03-05,638.4384086658453,656.8644781827222,635.111729367083,653.8465576171875,13770000
2025-03-06,645.4105206986194,647.9602882252848,621.6159731774069,625.4207153320312,13446500
2025-03-07,622.8709097782997,632.2532488274342,598.2098452417057,623.1597290039062,21375700
2025-03-10,605.6400777825496,607.6719037832956,584.5247836759429,595.600341796875,21999900
2025-03-11,592.6720550865267,612.4726156961103,590.9589577128245,603.2894897460938,17401500
2025-03-12,627.3827503406967,630.7990357116678,606.9148258229645,617.0840454101562,15747000
2025-03-13,617.7713192124952,618.0203201472846,584.1661627799172,588.2796630859375,16480300
2025-03-14,600.9252674163599,606.9664182577417,592.9302511563588,605.7103271484375,12364500
2025-03-17,605.5707735579393,611.1931864721827,596.1401729971761,603.0187377929688,15473900
2025-03-18,598.1837512328132,598.3831413748485,572.8727029614505,580.5487670898438,20297700
2025-03-19,582.4628776976826,590.4778508331983,572.9824447250121,582.2435302734375,20537500
2025-03-20,580.9475766447827,608.3022383482739,577.7076844207866,584.177490234375,24336500
2025-03-21,581.6055745697809,595.6816571751293,579.1432853578209,594.3956909179688,25015900
2025-03-24,613.0573552722462,620.6038191496141,610.2960116120224,616.92529296875,15741300
2025-03-25,624.8107342138192,631.9085855563646,619.2480714393791,624.3621215820312,15312500
2025-03-26,622.9465455616044,624.8007461767364,604.7233689444203,609.0797729492188,12609800
2025-03-27,600.1277194388429,612.3396207064936,598.2336042918504,600.7059326171875,10436500
2025-03-28,598.4430555668358,599.8785796536636,572.1351128923961,574.9463500976562,17602800
2025-03-31,561.7475141060938,576.9002542510486,551.5792239532071,574.5675048828125,21124700
2025-04-01,569.0646658937729,588.0753030303752,568.2272515931634,584.177490234375,12836600
2025-04-02,573.1219856405797,590.8167826006645,571.5768183567942,582.1139526367188,13470800
2025-04-03,544.5211822460076,550.8414911032017,528.6507117752637,529.9666137695312,34777500
2025-04-04,505.0443845169023,516.3889970810194,492.6630283031205,503.1602783203125,38589800
2025-04-07,483.591294981514,537.6924987241373,480.40123514295635,514.6444091796875,36606100
2025-04-08,541.5604660254379,545.7274587202911,501.29606629091035,508.86248779296875,28034200
2025-04-09,507.68613102008703,586.06164400195,500.54839536763654,583.9482421875,39216600
2025-04-10,573.7002029040485,579.4921312343394,533.6351923102783,544.5910034179688,28173500
2025-04-11,533.844525327306,545.6975609575977,526.9460641882466,541.8794555664062,17642300
2025-04-14,554.4403043855114,556.0353649218339,526.6370880203747,529.8270874023438,14130900
2025-04-15,530.4551018896253,536.2669873917704,515.8905541802854,519.8980712890625,15558700
2025-04-16,506.92853277097964,511.7734034642656,494.08858497853294,500.747802734375,18735100
2025-04-17,503.67867451915555,505.72228685828065,496.4612006254759,499.92041015625,14593500
2025-04-21,489.8019182716785,491.9651828161341,478.3077785405203,483.1526794433594,16166000
2025-04-22,490.3402426542842,505.30357016721007,484.84736943102456,498.7240905761719,17399400
2025-04-23,526.8862986388891,533.6751170758674,514.9136400551463,518.6519775390625,18173900
2025-04-24,517.1166859465856,532.2395497601927,515.8905308220942,531.4918823242188,13910000
2025-04-25,545.0993622560148,548.1498427880772,534.5821864218168,545.5679321289062,17098900
2025-04-28,553.9119485027396,556.7530605327843,538.9087668679174,548.0302734375,15179000
2025-04-29,544.3018840382675,554.8390175563454,542.4277261633298,552.7156372070312,11835000
2025-04-30,536.7255930212515,547.392267199569,527.8532478040685,547.2926025390625,29244000
2025-05-01,590.238618351305,591.1059077397648,568.7257162038675,570.430419921875,31159000
2025-05-02,581.6453838419038,602.4604491374204,576.5313339553563,595.1632080078125,24739300
2025-05-05,589.3812373579714,601.3339987723356,586.2211133050413,597.40625,13887700
2025-05-06,590.6872568767368,594.1763718529379,584.7557492481277,585.4834594726562,10600700
2025-05-07,588.5239657880628,601.2044382274429,584.8454392543059,594.9539184570312,13139100
2025-05-08,604.4044252029665,609.3988539126512,594.7645157959997,596.1502075195312,14622800
2025-05-09,601.8423939545719,605.0822864134453,589.8697963166327,590.6473388671875,10427300
2025-05-12,628.9577416253547,638.3983203620691,619.0985470240091,637.4412841796875,21965100
2025-05-13,643.5323193603671,658.8644917290795,640.8307865245315,653.98974609375,18570800
2025-05-14,659.1536090398383,660.6090293889421,652.2750442210183,657.309326171875,12348200
2025-05-15,652.2451822041022,655.2657270968772,636.5939979037247,641.8775024414062,14341800
2025-05-16,635.9759687007765,638.4482364395845,624.2027001902264,638.3485717773438,18519000
2025-05-19,626.2961199602966,641.0002469311114,625.8475073073743,638.438232421875,9592400
2025-05-20,634.0319543569834,637.3615325460415,630.2936172359767,635.1185302734375,6743500
2025-05-21,629.8250759728282,644.5989922480402,628.2101191307713,633.5235595703125,11464600
2025-05-22,632.078027946325,641.2494271811771,628.7484497588706,634.5902099609375,8228400
2025-05-23,622.0592607315479,630.4829920563529,620.7134837844421,625.1097412109375,8454100
2025-05-27,633.4338437693247,641.080033825353,630.7821431595195,640.3223876953125,9508400
2025-05-28,640.6014366817531,648.8557144048555,640.5516043549418,641.5784301757812,9042900
2025-05-29,649.6233948044612,651.288184072806,637.5111569296643,643.0438842773438,8858800
2025-05-30,640.5018468251236,647.3903301879006,630.812104900707,645.476318359375,16241000
2025-06-02,642.3859148545713,671.166122188044,642.256314296396,668.8134765625,15766300
2025-06-03,669.36185390509,673.4790147878633,662.9618366518977,664.776123046875,11585000
2025-06-04,667.238360939457,686.857147039673,666.4906935079915,685.8104248046875,14031900
2025-06-05,689.5088052796527,692.2203773049333,680.1280985848566,682.49072265625,13083100
2025-06-06,694.0049115535481,700.6242759213419,689.71829661582,695.5401611328125,11728000
2025-06-09,696.2877682898165,702.9968181048444,691.7818062976731,691.9014282226562,12773200
2025-06-10,699.1687320280228,701.0428899746662,689.4092014623567,700.2155151367188,10850100
2025-06-11,701.5214452489874,706.6653705943312,689.8378634515371,691.981201171875,9582500
2025-06-12,691.1438023170118,693.2173504861605,684.8634076906623,691.20361328125,7322700
2025-06-13,685.8104336581752,692.409840070813,678.8920151692206,680.7462158203125,9274400
2025-06-16,697.6914734952734,705.4931583928874,691.8851025594383,700.4749145507812,13720300
2025-06-17,700.3551564610796,704.3158251974513,694.4290719322615,695.5963134765625,10066100
2025-06-18,696.5441581244662,699.9462025997926,693.2718748228809,694.1398315429688,10068300
2025-06-20,699.1081336202601,700.1756339033776,677.079850298128,680.751220703125,22538600
2025-06-23,682.0881149489193,697.4121118139869,677.1596869463602,696.8933715820312,11080100
2025-06-24,703.2384409706419,711.5189816994163,700.4649253469852,710.5313110351562,13823200
2025-06-25,711.6486741856498,714.9010456370576,703.7272754411318,707.01953125,9320400
2025-06-26,712.6862359929024,726.5137473228667,709.3839937767193,724.3887939453125,13964800
2025-06-27,724.8177454897765,733.7068421056694,724.1592578043636,731.9110717773438,18775700
2025-06-30,742.8055433362375,746.1477309842478,732.5296879143714,736.3607177734375,15402100
2025-07-01,735.1535081071979,736.0214648412638,713.6938959127618,717.5348510742188,13431200
2025-07-02,713.6539572494278,718.6122830220947,711.1298559583659,711.8980712890625,9336700
2025-07-03,724.9075473573512,727.3219211703462,712.7461059372963,717.3253784179688,8601700
2025-07-07,715.9186273791692,725.29662738586,711.8382444141125,716.6668701171875,9457100
2025-07-08,719.8792998482032,721.2161260005597,713.1351294314046,718.9813842773438,7770700
2025-07-09,721.0266226856489,735.8019810021477,721.0266226856489,731.0631103515625,11418000
2025-07-10,729.8359096434607,734.0759515650559,717.9138972384281,725.5360107421875,9913600
2025-07-11,720.807217385224,723.4609583411119,708.037219345619,715.8289184570312,10873900
2025-07-14,715.9186065632238,726.2942632522581,714.8710789388857,719.2308349609375,8939400
2025-07-15,722.2039420372861,722.7725529543028,708.1569141283312,708.7255859375,11529500
2025-07-16,711.6985138171127,712.2970836136572,697.6315755690009,701.2630004882812,13067600
2025-07-17,702.7395996705828,704.2460714207873,695.4766277838654,699.7665405273438,11803300
2025-07-18,700.5447529444856,703.0588680042227,690.0294703606638,702.6298828125,12779800
2025-07-21,705.1439122135475,715.3200251684316,704.1063709182977,711.2994384765625,9404400
2025-07-22,714.5119099243975,714.9209224678821,699.7665114607927,703.1585693359375,8921100
2025-07-23,704.7149523459423,712.9556086996904,703.2783238666914,711.9080810546875,8771600
2025-07-24,715.3699724936158,721.9245865914077,712.3271306824367,713.125244140625,10920800
2025-07-25,715.2401874661052,718.9614892126135,710.2319910963464,711.0101318359375,8271700
2025-07-28,713.5243091595448,723.0419351595109,711.0101939967738,715.9486083984375,8715700
2025-07-29,718.3130022321428,722.7724995594365,698.270047363426,698.35986328125,13267000
2025-07-30,706.4309422136296,706.8399547738821,689.5805015781577,693.5811157226562,27077300
2025-07-31,773.3836936232736,782.9113054874113,763.7163951695271,771.6278076171875,38831100
2025-08-01,758.9476005405788,764.2052724882252,743.5637464392476,748.2527465820312,19028700
2025-08-04,758.2193240496142,775.029820232538,756.6330226185955,774.5509643554688,15801700
2025-08-05,774.6307577641016,781.2950989411861,761.212259491104,761.6712036132812,11640300
2025-08-06,768.1958857027562,771.827371776558,758.6782598971715,770.1812133789062,9733900
2025-08-07,771.6776357205837,773.1841074016191,757.7702959207965,760.0449829101562,9019700
2025-08-08,760.9629170758883,768.0961893607639,756.8027042152274,767.49755859375,7320800
2025-08-11,768.2757194135389,771.6478049440495,762.8783609453131,764.0755615234375,7612000
2025-08-12,771.1888187456735,791.8103707559926,770.6201469797736,788.1489868164062,14563100
2025-08-13,789.2963900548351,793.5962894533881,776.4066172801486,778.2523193359375,8811800
2025-08-14,776.0573823379099,785.9641084064921,770.6999694623344,780.2974243164062,8116200
2025-08-15,782.3127720209482,794.3843975355859,778.9905571139482,783.3901977539062,13375400
2025-08-18,773.2739649293972,773.9922487170201,754.7873521125813,765.572021484375,16513700
2025-08-19,765.3226078635242,765.3724785334582,747.604210382002,749.71923828125,12286700
2025-08-20,745.8184665954027,748.4423094323544,729.2872824481717,745.9680786132812,11898200
2025-08-21,742.965126847803,743.7532539146816,731.392269728463,737.3682250976562,8876300
2025-08-22,737.4979443181139,755.1265868650723,732.6693186706706,753.021484375,10612700
2025-08-25,753.0514312038815,757.1019160115399,748.3724176422635,751.5349731445312,6861200
2025-08-26,749.0408739151204,753.1013452690629,746.187589469264,752.3331298828125,7601800
2025-08-27,750.5373617239242,752.3830637406979,741.0995653139147,745.62890625,8315400
2025-08-28,742.2567713506037,751.2855545763716,739.0642569298059,749.35009765625,7468000
2025-08-29,743.5338383928589,745.3894657992533,733.6270507950396,736.96923828125,9070500
2025-09-02,724.3388175548104,734.2755025264773,720.0389186102121,733.3875732421875,9350900
2025-09-03,734.2755314397929,738.5155735710689,732.2702311831985,735.3230590820312,7699300
2025-09-04,746.8161054490425,759.3765729399474,744.0725487076684,746.8959350585938,11439100
2025-09-05,750.8565963566639,756.1741251448537,743.2844139282448,750.68701171875,9663400
2025-09-08,754.2286352813065,764.71401930554,750.2579802053917,750.5372924804688,13087800
2025-09-09,755.715159278882,764.5045146420852,751.6646744655906,763.9059448242188,10999000
2025-09-10,763.3372922969834,763.9059640843684,749.2403942554,750.2180786132812,12478300
2025-09-11,752.8818385469593,755.326049350588,746.6165236987539,749.140625,7923300
2025-09-12,746.9756681630587,755.7949823874058,742.0173423532742,753.8196411132812,8248600
2025-09-15,755.6951631721865,772.2563046936084,750.2280226983954,762.9082641601562,10533800
2025-09-16,765.2028605665566,779.5291993784334,763.3072880544486,777.1747436523438,11782500
2025-09-17,778.16248073438,781.4547366857648,764.5145401578408,773.9024658203125,9400900
2025-09-18,778.9207035004806,786.9319184464317,771.5480036492609,778.421875,10955000
2025-09-19,784.5773532506886,788.9470955167301,767.3877436699294,776.5562133789062,23696800
2025-09-22,780.5445827585347,784.4181095052566,763.1935958899483,763.8824462890625,11706900
2025-09-23,767.9655831903335,769.3133047218867,749.815945650324,754.1387329101562,10872600
2025-09-24,756.2352564498105,759.8392144671293,751.2735837511626,759.3899536132812,8828200
2025-09-25,752.1920046258563,755.5064686568031,743.3068402529434,747.6595458984375,10591100
2025-09-26,748.7477432379202,750.6745134518627,736.1188402620083,742.5081787109375,9696300
2025-09-29,747.4698158948381,749.5264347617783,737.9158487633198,742.1587524414062,9246800
2025-09-30,741.0107248479524,741.7294934738761,725.087343094007,733.1538696289062,16226800
2025-10-01,720.28530706911,720.6446913474787,709.0141800953496,716.1422729492188,20419600
2025-10-02,721.3735522103992,726.5548890984803,716.9409630753169,725.8360595703125,11415300
2025-10-03,728.4117628788885,729.7794705550638,708.9942257916973,709.3735961914062,16154300
2025-10-06,704.0125981338592,715.6830826309072,689.3571155710283,714.465087890625,21654700
2025-10-07,716.5216106896504,717.3003375901077,704.5716259627259,711.889404296875,12062900
2025-10-08,712.2587946669486,718.4484549738279,706.6281969142439,716.6414794921875,10790600
2025-10-09,717.0807271377935,732.2852783203125,711.2504512938121,732.2852783203125,12717200
2025-10-10,729.6995938834806,734.0423674154782,703.333716456913,704.1223754882812,16980100
2025-10-13,711.8194939498104,718.7379155876384,706.4584651360833,714.5050048828125,9251800
2025-10-14,706.598254382022,714.3552394376962,698.1623510959027,707.466796875,8829800
2025-10-15,715.8627565899488,722.6913629779451,708.3253746524584,716.3519287109375,10246800
2025-10-16,716.3519343648386,724.2786798244232,702.7047754671785,710.881103515625,9017000
2025-10-17,705.8994251244851,717.3402516818879,704.9410060739878,715.7229614257812,12232400
2025-10-20,719.9858621042338,732.5448748734839,718.9775387090459,730.947509765625,8900200
2025-10-21,734.7911237948646,737.2669635645257,727.5332426508437,732.0457153320312,7647300
2025-10-22,732.6047674176828,739.3634223567747,722.8211423130082,732.1854248046875,8734500
2025-10-23,733.4733185275871,741.170406509876,731.8759534115667,732.7744750976562,9856000
2025-10-24,735.5598112729552,739.9724753796752,729.9292742962166,737.127197265625,9151300
2025-10-27,748.4781384032651,754.4881061640369,746.7610395763271,749.5663452148438,11321100
2025-10-28,751.3733793283152,757.1337649704751,744.2752651341964,750.1853637695312,12193800
2025-10-29,753.4897913670577,757.8924011644837,741.2702382858599,750.4149169921875,26818600
2025-10-30,668.0328178882455,679.8230975870755,649.08446528138,665.3572387695312,88440100
2025-10-31,673.383812052831,673.7631824593219,644.4921293755289,647.2674560546875,56953200
2025-11-03,654.90470367213,658.2291607688485,635.1177890022415,636.645263671875,33003600
2025-11-04,626.9913515895119,640.6684891460408,624.9647727272926,626.2725830078125,27356600
2025-11-05,631.2542465797685,641.1576663615418,625.4938610947797,634.88818359375,20219900
2025-11-06,634.7882936522686,634.938067569805,616.9681222612256,617.9065551757812,23628800
2025-11-07,615.4606203242017,621.0912176885568,600.1961723842201,620.6719360351562,29946800
2025-11-10,630.0363359130761,633.9397808237388,617.077966360211,630.7052001953125,19245000
2025-11-11,626.9514668906089,628.5088598168925,618.3558571038752,626.0330200195312,13302200
2025-11-12,627.0812350986922,627.939784558569,606.7552442025384,607.9931640625,24493300
2025-11-13,612.0463872625083,616.6187572691151,601.993193452889,608.8717041015625,20973800
2025-11-14,600.7852061056304,612.6553687237855,594.2062431482154,608.4424438476562,20724100
2025-11-17,608.0230519623859,610.6686515784111,594.4058732487083,601.0048217773438,16501300
2025-11-18,590.612218909938,602.6520806612418,582.8053290854997,596.6920776367188,25500600
2025-11-19,592.7286370493186,594.3359951431619,580.2794874440681,589.3343505859375,24744700
2025-11-20,602.4923362369276,605.706930555967,582.375956312388,588.1663208007812,20603000
2025-11-21,587.517412968027,597.1213460929463,580.88848479756,593.2578125,21052600
2025-11-24,597.7203367937327,615.6703584886146,596.6321908004635,612.0264282226562,23554900
2025-11-25,622.9580871825591,635.9862849922763,617.2675924687619,635.1576538085938,25213000
2025-11-26,636.6252677780955,637.2941320349476,630.5753884422047,632.5520629882812,15209500
2025-11-28,635.0179876534709,646.9679727244463,634.4389389877349,646.8681640625,11033200
2025-12-01,638.4821234657416,644.242508725797,636.6951341862962,639.7999267578125,13029900
2025-12-02,641.2675300698932,646.7882651016448,637.0046400682228,646.01953125,11640900
2025-12-03,643.3340098224904,647.7665988470103,636.4854785031988,638.5320434570312,11134300
2025-12-04,674.87134871331,674.9711573797597,658.9479666864565,660.425537109375,29874600
2025-12-05,662.8913386215002,673.5634922785046,661.2840414153883,672.2955932617188,21207900
2025-12-08,668.2224435191038,675.5801331063639,663.9595535520253,665.6866455078125,13161000
2025-12-09,662.6617867420982,663.3705623262879,652.2492080192432,655.8631591796875,12997100
2025-12-10,648.8648024836247,653.4171862971667,642.3257510862366,649.0444946289062,16910900
2025-12-11,642.2158631242634,654.1858943512054,639.730030479328,651.6201782226562,13056700
2025-12-12,648.7150654102267,709.8128965395189,637.543746077992,643.1543579101562,14016900
2025-12-15,645.1476664750544,652.4414097008485,638.1536544261938,646.9561157226562,15549100
2025-12-16,642.9495426008936,661.973233609148,642.6498114209788,656.587890625,14309100
2025-12-17,655.0491556477624,660.664343241777,648.644665798819,648.9443969726562,15598500
2025-12-18,656.4679564970005,669.9863502083882,655.8984367998282,663.881591796875,20260300
2025-12-19,665.8499012351181,670.4260003995075,657.6169598101359,658.2064819335938,49977100
2025-12-22,661.0840391473547,673.0038267300547,656.0883162216827,660.9341430664062,15659400
2025-12-23,659.4853234816244,665.4302455294139,657.6868755551602,664.3711547851562,8486800
2025-12-24,661.9632786179176,667.6084088263418,661.633543835896,666.9789428710938,5627500
2025-12-26,667.4885344385556,668.3777877623371,660.7543096382171,662.7225952148438,7133800
2025-12-29,657.4471149030659,659.6851889371151,653.8302165118,658.1265258789062,8506500
2025-12-30,658.1265110341435,671.6449047754843,657.2772625792347,665.3803100585938,9187500
2025-12-31,664.1813161961976,664.4311023248911,658.8758612620638,659.5253295898438,7940400
2026-01-02,662.1630447721155,663.8216588672108,642.9495146869224,649.8535766601562,13726500
2026-01-05,650.4531272549772,663.9715218041853,647.1959061445123,658.2264404296875,12213700
2026-01-06,659.0057810200069,664.9507033148827,651.3423593634897,660.0548706054688,11074400
2026-01-07,655.0791375151089,658.5861445899717,644.2583851266311,648.1350708007812,12846300
2026-01-08,645.3274855180696,646.5464125947736,635.1761427603,645.50732421875,11921700
2026-01-09,644.8878661181845,654.3897406244424,642.3000548798136,652.5013427734375,11634900
2026-01-12,651.9718010113269,653.4105105723186,640.6814191818085,641.4207763671875,14797200
2026-01-13,641.720599826752,641.720599826752,623.5660991574318,630.5501708984375,18030400
2026-01-14,625.9640568168747,627.9124008742662,614.2940558608916,614.9934692382812,15527900
2026-01-15,617.9508982377323,623.6360331340583,613.7045339245012,620.2689208984375,13076100
2026-01-16,623.6460522405506,628.5418850412981,619.5495838845379,619.7194213867188,17012500
2026-01-20,607.3600037753715,610.8770121629093,599.4867397151437,603.6032104492188,15169600
2026-01-21,606.2209580964126,617.7411240978843,599.5666821865381,612.4356689453125,14494700
2026-01-22,628.811597152667,660.0049216653568,626.0140046136898,647.0759887695312,21394700
2026-01-23,644.2184496993522,665.9198400091174,643.8987161260534,658.1964721679688,22797700
2026-01-26,664.5609947255355,674.7023359243682,660.7242529636108,671.7847900390625,16327400
2026-01-27,674.0129574053085,676.2410302656567,664.0913982323968,672.394287109375,13297400
2026-01-28,673.9229813666298,677.1002536346601,665.5301429727417,668.1578979492188,25709600
2026-01-29,736.7991536844581,743.363540655783,711.9404325537852,737.6784057617188,59852900
2026-01-30,726.8776752394725,731.5436633097714,712.9796010924755,715.8870849609375,23744600
2026-02-02,713.9886602426056,720.6829408229889,702.9181827036907,705.8056640625,14365200
2026-02-03,706.7648539132639,716.3866205151361,685.8227628297016,691.1082763671875,13760700
2026-02-04,687.1416843315144,688.2407799622291,666.8890651090074,668.417724609375,16882800
2026-02-05,663.0123852284637,680.9170392363125,652.9409906690098,669.63671875,17131800
2026-02-06,664.920685797671,671.4151252649915,645.9469408650316,660.8941650390625,18159300
2026-02-09,662.6126578425271,682.7254419812133,658.2164585284562,676.640625,14837500
2026-02-10,677.0202983345941,680.0677378888336,669.216982119095,670.1461791992188,10455800
2026-02-11,673.4234361526849,678.6889475196376,656.5378686274887,668.1179809570312,14323800
2026-02-12,669.3968787035581,675.421749916193,644.7280570616384,649.254150390625,14960100
2026-02-13,644.5481137374378,650.872715705495,634.0271535178357,639.2227172851562,12336400
2026-02-17,638.952945338547,642.0502690775812,628.2620863630333,638.7431030273438,12674700
2026-02-18,633.2578140286595,644.4482453696517,627.6126838179015,642.6697387695312,14649200
2026-02-19,638.0237449576674,646.6363661317032,636.1752909436037,644.2284545898438,10035700
2026-02-20,639.1428111159805,662.7825455010891,638.2336163631846,655.09912109375,14183500
2026-02-23,651.9817939677475,657.1374142434245,635.455964272141,636.7048950195312,8605900
2026-02-24,632.5384628258726,640.5615620292823,628.4419334902003,638.7531127929688,10135600
2026-02-25,641.9803720795121,653.3206382422114,641.5906910720822,653.1307983398438,11330700
2026-02-26,649.9935020296807,660.4345752110744,646.9461232211356,656.447998046875,10637700
2026-02-27,642.8995542116262,648.8844201349368,637.5740968396581,647.62548828125,15703000
2026-03-02,636.6149203669017,659.3754626922687,633.9572226725116,653.0009155273438,9816100
2026-03-03,647.7354225434952,658.4762268569145,638.293554979916,654.5196533203125,12263800
2026-03-04,657.397151925757,672.1944798634893,657.1073609851721,667.1587524414062,10810100
2026-03-05,661.363765843265,670.1262833419206,649.7537106790966,660.0049438476562,13341400
2026-03-06,647.3457881163396,648.9143914185428,635.5658346648192,644.308349609375,13159400
2026-03-09,634.2369839533108,647.195859029807,626.2438278402449,646.836181640625,13489700
2026-03-10,653.0009245574777,659.7351492208539,648.444827744844,653.510498046875,9859300
2026-03-11,654.1999146227295,658.5561703533895,647.8053649208291,654.2998046875,8977200
2026-03-12,648.1950599902964,652.9409968457168,636.355220859953,637.6340942382812,11617500
2026-03-13,623.3562813254467,628.6317326131165,609.0285222575777,613.1849975585938,18957600
2026-03-16,632.0,634.75,623.0999755859375,627.4500122070312,15134900
2026-03-17,627.989990234375,636.5499877929688,621.7000122070312,622.6599731445312,10348800
2026-03-18,616.3400268554688,622.6500244140625,614.6099853515625,615.6799926757812,11726300
2026-03-19,612.1500244140625,613.0,602.260009765625,606.7000122070312,13247700
2026-03-20,603.530029296875,603.9600219726562,587.25,593.6599731445312,21214900
2026-03-23,605.7899780273438,608.6400146484375,599.010009765625,604.0599975585938,13638000
2026-03-24,599.0999755859375,601.0,591.0,592.9199829101562,10739700
2026-03-25,598.739990234375,603.6699829101562,593.4000244140625,594.8900146484375,12585000
2026-03-26,582.489990234375,583.0,543.3499755859375,547.5399780273438,35780100
2026-03-27,540.0999755859375,543.5999755859375,520.260009765625,525.719970703125,30133000
2026-03-30,536.3800048828125,539.5499877929688,528.5399780273438,536.3800048828125,22795200
2026-03-31,549.97998046875,573.6900024414062,546.77001953125,572.1300048828125,32898300
2026-04-01,580.1300048828125,592.5499877929688,573.8200073242188,579.22998046875,23608100
2026-04-02,566.0399780273438,578.5,559.7000122070312,574.4600219726562,13518500
2026-04-06,577.6900024414062,582.7899780273438,572.0,573.02001953125,9515700
2026-04-07,572.47998046875,575.22998046875,564.760009765625,575.0499877929688,9580800
2026-04-08,606.0,629.9500122070312,591.8300170898438,612.4199829101562,32036600
2026-04-09,626.969970703125,637.5,623.0,628.3900146484375,19012900
2026-04-10,634.469970703125,638.5800170898438,624.3300170898438,629.8599853515625,13294800
2026-04-13,629.5,635.0,624.4000244140625,634.530029296875,9538900
2026-04-14,643.219970703125,666.260009765625,639.3699951171875,662.489990234375,17818000
2026-04-15,667.0,678.5,664.219970703125,671.5800170898438,14952600
2026-04-16,675.989990234375,677.5800170898438,667.75,676.8699951171875,9544800
2026-04-17,678.5999755859375,691.52001953125,675.1300048828125,688.5499877929688,16283500
2026-04-20,681.3599853515625,683.3800048828125,668.0,670.9099731445312,12534000
2026-04-21,671.0,676.2000122070312,667.3300170898438,668.8400268554688,8660100
2026-04-22,674.3599853515625,678.3800048828125,669.75,674.719970703125,9215600
2026-04-23,663.7000122070312,669.5599975585938,653.0499877929688,659.1500244140625,11667000
2026-04-24,660.3200073242188,680.6699829101562,653.8400268554688,675.030029296875,13348300
2026-04-27,671.0,682.5,670.8400268554688,678.6199951171875,12805200
2026-04-28,674.239990234375,678.1799926757812,665.6300048828125,671.3400268554688,10606800
2026-04-29,668.9099731445312,674.25,663.8099975585938,669.1199951171875,18947500
2026-04-30,619.3200073242188,620.8499755859375,600.0,611.9099731445312,52765000
2026-05-01,614.6900024414062,618.8800048828125,606.1099853515625,608.75,21404000
2026-05-04,607.9400024414062,614.0,602.75,610.4099731445312,16203900
2026-05-05,613.3099975585938,614.3499755859375,600.3599853515625,604.9600219726562,17171300
2026-05-06,601.0499877929688,619.9500122070312,598.0999755859375,612.8800048828125,19915500
2026-05-07,614.719970703125,624.97998046875,613.5399780273438,616.8099975585938,12307400
2026-05-08,615.2000122070312,616.77001953125,606.0599975585938,609.6300048828125,13557000
2026-05-11,604.5700073242188,604.9099731445312,598.0800170898438,598.8599853515625,15940600
2026-05-12,594.8200073242188,603.75,592.5999755859375,603.0,11351600
2026-05-13,598.8300170898438,619.9000244140625,596.6599731445312,616.6300048828125,14634400
2026-05-14,616.0,623.72998046875,615.0,618.4299926757812,10632700
