Date,Open,High,Low,Close,Volume
2020-01-02,92.88192078987173,93.66082262954639,92.57035585925355,93.65165710449219,5644100
2020-01-03,92.17630932152798,93.46837551533223,91.91973058577156,93.39506530761719,4541800
2020-01-06,92.50621598408355,93.32177297520197,92.43291275357387,93.31261444091797,4612400
2020-01-07,93.29428951390936,94.14650167184757,92.37793265553485,93.26679992675781,6719900
2020-01-08,92.83611484361323,93.59669274475904,92.41459151064343,93.05604553222656,4942200
2020-01-09,93.41342090126297,93.84410974570245,92.90942182984483,92.99189758300781,5007500
2020-01-10,93.36759472590079,93.40424983721685,92.33211404840037,92.46040344238281,5135300
2020-01-13,92.55204343198473,93.77995827617437,92.38709891651543,93.61502075195312,6722400
2020-01-14,93.88075070259255,95.20030672250226,93.78911642148715,94.31143951416016,5088500
2020-01-15,94.61384509085688,95.0262028782888,93.90825339005723,94.19232177734375,4209200
2020-01-16,94.27478081373995,94.9070692144121,94.24729122957982,94.72380065917969,6571700
2020-01-17,94.77880526303944,95.80512762501527,94.69632949717798,95.78679656982422,6271200
2020-01-21,95.53018119264549,95.93338035765983,95.12698202763114,95.83258056640625,4854700
2020-01-22,96.21745833897074,96.78560203839268,95.68596974834188,95.75011444091797,5031400
2020-01-23,95.3285985142089,95.64016346730794,94.03653903822581,94.403076171875,7102900
2020-01-24,94.92540219703638,95.20031204697555,93.1568401981703,93.49588775634766,3839300
2020-01-27,89.99539537011493,92.28628723980907,89.81212681703826,91.85559844970703,9841400
2020-01-28,91.94726186993645,92.59788151944811,91.19584937815826,92.01141357421875,5673200
2020-01-29,92.61619683383455,92.82696200888674,90.8751172272577,91.48907470703125,4503700
2020-01-30,90.73763678287197,91.40658024578165,89.22565383045043,89.97706604003906,7065100
2020-01-31,89.90377431361307,90.21533229790636,87.89695050346548,88.24517059326172,8780300
2020-02-03,90.71933019032292,92.47873370399329,90.325296456311,90.96674346923828,9727000
2020-02-04,93.38593595975199,94.1831619962493,92.7903025706028,92.90026092529297,6559600
2020-02-05,93.24846477570972,93.44089885413244,91.20498614841613,92.13050842285156,6108300
2020-02-06,92.46039637826439,93.03769860707857,91.78229434884419,91.88308715820312,5641800
2020-02-07,91.46157563878462,92.00222981973835,90.69183923488195,91.12252807617188,4121800
2020-02-10,90.92092568957587,92.10302683790434,90.71932606860155,91.65400695800781,4213900
2020-02-11,91.69982759595571,91.95640638946928,91.12252531055017,91.65400695800781,4871800
2020-02-12,92.31378204140302,94.45806058808411,92.03887919624997,94.38475036621094,8075600
2020-02-13,93.93573328743526,95.06284818548438,93.17515549985094,94.72380065917969,5386800
2020-02-14,94.87043499774809,95.20032406281334,93.88076780255237,94.87960052490234,4305300
2020-02-18,94.38477130964691,94.73298445393961,93.1110356347681,93.46841430664062,4916200
2020-02-19,94.07320630685452,94.74214295433343,93.86244113564628,93.88993072509766,6200500
2020-02-20,93.88992634211354,94.04570533589832,92.1396883133441,93.95407104492188,6427600
2020-02-21,93.46839337812695,93.54170359985234,91.29662525043311,91.8647689819336,5750900
2020-02-24,87.54873992146244,88.9507648735791,87.2829955789128,87.8877944946289,8364200
2020-02-25,88.29097524553802,88.66668488492739,84.87296833675153,85.12954711914062,9602100
2020-02-26,85.29449184195128,86.73317172514584,84.29565930363606,84.30482482910156,9308400
2020-02-27,82.47212449379334,85.27617448938277,81.09758908556346,81.1434097290039,12825700
2020-02-28,79.0529140078952,82.21393017720939,78.24428506230959,82.1312255859375,16552400
2020-03-02,82.33336313039005,85.58626699002804,80.7804283210661,85.16357421875,14102000
2020-03-03,85.2187324838317,87.27707228630474,83.22472237266693,83.55552673339844,14767600
2020-03-04,84.6122538148849,86.211136720608,83.47281357343103,86.1835708618164,6904400
2020-03-05,83.85876916807399,84.24470527015761,82.64582212534927,83.23391723632812,8851100
2020-03-06,81.19393920898438,82.14040432548373,78.91506595853136,81.19393920898438,12336400
2020-03-09,75.24866987361654,79.70533047670375,74.35733635086991,77.28862762451172,13272700
2020-03-10,79.65936582231944,81.23068245387576,76.15835545771563,81.1387939453125,12755900
2020-03-11,77.18753814697266,77.76644215924274,75.4140622876938,77.18753814697266,16172000
2020-03-12,71.88549744787736,72.12440622527242,67.0796508821822,68.18232727050781,21534800
2020-03-13,71.857920550915,71.857920550915,65.94021398302176,69.45040893554688,21859600
2020-03-16,59.985736061822415,67.05207284783444,58.230638805887416,61.37327575683594,17976700
2020-03-17,62.034888710599176,67.3828819255243,57.33931310486045,64.17591857910156,17122100
2020-03-18,59.535470618660135,62.78837411485224,55.13394330364216,62.52189254760742,19498800
2020-03-19,61.60301237192455,66.81316992831306,58.94739384978738,64.6353759765625,16177200
2020-03-20,65.71049539649808,68.05368456523954,61.75003437560968,61.979759216308594,15761900
2020-03-23,59.72845793959087,61.45598619924197,55.666924482253656,57.706878662109375,17690000
2020-03-24,60.371682301429985,66.76722771487086,58.809556267337015,66.4639892578125,18849500
2020-03-25,73.61302168995755,76.71889872443735,70.02012214940407,72.60223388671875,27053200
2020-03-26,73.66815259773448,79.81559094111762,73.52113236046029,77.46321105957031,17200800
2020-03-27,75.07405885954424,78.78641232165091,73.06167445856046,76.47998046875,14183400
2020-03-30,77.18754880627851,78.98859077048083,74.89030032990118,78.45562744140625,10960100
2020-03-31,78.22585358065761,78.77719847805487,75.7172637421948,76.0296859741211,9610100
2020-04-01,73.04329870862377,74.59624066941609,72.16115627848662,72.80438995361328,9771300
2020-04-02,72.59304224727273,74.98217894442105,70.90227095750917,73.64058685302734,12731300
2020-04-03,72.92385858484434,73.31898561615623,71.59145722913823,72.46440887451172,8476900
2020-04-06,75.26704126317931,78.14319340447908,74.6238075789673,77.76644134521484,11266500
2020-04-07,81.50636063266809,81.66257883318525,77.21510281972743,77.33456420898438,10468100
2020-04-08,77.83076542476189,78.81398736399431,76.82916858479913,78.38211059570312,6642700
2020-04-09,79.65940081874352,80.30262767191624,78.25348568920391,79.75128936767578,7773600
2020-04-13,78.84155037718249,79.01613644955815,77.31617441334303,77.61022186279297,5077600
2020-04-14,78.97938318605625,80.65177944434335,78.547506452363,80.37611389160156,6397200
2020-04-15,77.98698490992538,78.91506814092179,76.92105837328431,78.14319610595703,8053900
2020-04-16,78.50155013484842,79.51233773939022,77.69292145334373,79.30099487304688,9373800
2020-04-17,81.78203861893964,82.93066275684609,81.19394362118317,82.61824035644531,8111400
2020-04-20,81.25826335895675,82.18635359186067,80.42206165163898,80.77124786376953,7244400
2020-04-21,79.01615349901219,79.85235527638417,78.18914267816234,78.29022216796875,6597000
2020-04-22,79.92587026720804,82.18636187556275,79.41128185289814,81.57069396972656,6463000
2020-04-23,81.72688413557263,82.26903121251887,80.18313344387143,80.26583099365234,5343500
2020-04-24,81.68094950032949,81.8922994014612,80.54151645289413,81.203125,4450100
2020-04-27,81.21230172995888,82.58146646689777,80.22907995164333,82.12201690673828,6875100
2020-04-28,83.20634049396433,83.3533607471624,81.44204838106694,81.5982666015625,5145400
2020-04-29,82.70093561655548,83.97820506133733,80.7069258514667,80.92745971679688,9461400
2020-04-30,79.94424748642606,80.86314688282177,79.49398874517306,80.10964965820312,9371400
2020-05-01,78.72210025753577,79.12641818733934,77.93184630963526,78.60264587402344,6151200
2020-05-04,77.81238663047363,78.84155628600216,77.47239139349182,78.79560852050781,6348900
2020-05-05,79.5215361659877,81.3501435778186,79.0528956195129,80.12800598144531,6321500
2020-05-06,80.90906310252488,81.49715792601063,80.33934317511662,81.2674331665039,7342300
2020-05-07,82.14957968337151,82.92145155043531,81.21229868977272,81.37770080566406,4565900
2020-05-08,82.80201336821496,83.28902885718651,82.32418182423322,83.12362670898438,5488000
2020-05-11,82.1955524714304,84.00578549803163,81.91069588716299,83.55552673339844,4937600
2020-05-12,84.106840369547,84.23548569320081,81.00096368174972,81.10204315185547,5622600
2020-05-13,80.29340456682232,80.62420881905213,78.29020415527242,79.043701171875,6739800
2020-05-14,78.10643458969021,79.55829705638273,77.28861483542622,79.53073120117188,7431800
2020-05-15,78.33616808892302,80.15559185180139,77.99617281209471,79.93505096435547,9165000
2020-05-18,83.15118073562465,84.17115933598829,82.59065170260881,83.65657806396484,8517200
2020-05-19,83.48198602800419,86.21111761385139,83.45442017532196,84.08846282958984,6514100
2020-05-20,85.64140694045322,86.24788380804677,85.18195731735928,85.41168212890625,6347000
2020-05-21,85.34736250626484,86.72571142470957,84.87872892165814,86.61544799804688,7504300
2020-05-22,86.76246562538793,86.97381553787118,85.7792437069205,86.14680480957031,4049500
2020-05-26,88.19595501586736,89.52835615305771,87.55272132050523,88.78404998779297,7185200
2020-05-27,90.16238849906937,91.88072544900484,89.70293891705124,91.77046203613281,7915900
2020-05-28,91.9726263127084,92.52397149367626,90.2818549889662,90.47482299804688,7260700
2020-05-29,90.4517939284585,91.42825465104383,89.29109069246718,90.8110580444336,10332500
2020-06-01,90.64523874808637,91.91648040020034,90.17542914764152,91.69539642333984,4295400
2020-06-02,91.58485456307716,92.9297932703424,91.03214108487865,92.80082702636719,10798700
2020-06-03,93.2798412588703,96.31056174739106,93.15087502771048,95.90523529052734,5867700
2020-06-04,95.49070357234399,95.71178753971404,92.55210076734792,93.29826354980469,8775000
2020-06-05,95.80390784558925,96.43953217549037,94.08127735708402,94.61557006835938,8363600
2020-06-08,94.92878471467199,96.08027406333063,94.61557595720755,96.07106018066406,6165400
2020-06-09,94.71690637434888,95.59203545691688,94.35764226439923,94.54187774658203,5385900
2020-06-10,94.8827208488142,95.02090097412356,93.69438301616667,94.07207489013672,5194200
2020-06-11,90.62681600667965,91.18874337628398,87.40264580055212,87.66979217529297,10976900
2020-06-12,90.0925249048894,90.0925249048894,87.27367434246122,88.83049011230469,7416400
2020-06-15,86.49987464413621,90.35045501191722,86.07612743969834,90.12936401367188,8645300
2020-06-16,93.27062671192434,93.3535305621647,90.0188222829135,91.23479461669922,6054400
2020-06-17,91.19795383651041,92.34022927022177,91.09662221444141,91.39140319824219,3405500
2020-06-18,90.91239810447074,91.58486401342637,90.13859353263983,90.6913070678711,4392400
2020-06-19,92.09150660766065,92.10072048966036,88.2317123413086,88.2317123413086,10304000
2020-06-22,89.21739756201679,91.69540500692,88.45280691147387,91.66777038574219,6918200
2020-06-23,93.1785334478119,94.16420819669284,92.77320688740447,93.88784790039062,6499000
2020-06-24,92.98508116307356,93.82336185371634,90.35967951416349,92.19285583496094,8611600
2020-06-25,91.40983720346138,93.66675360587473,91.01372457054963,93.40882110595703,11531400
2020-06-26,90.7373504114921,90.99528287191697,86.19587665291851,86.28799438476562,24918500
2020-06-29,86.31563777336828,88.4343809618321,86.31563777336828,88.31462860107422,9624200
2020-06-30,88.43436238728066,90.5531051307286,88.10273296607782,90.32280731201172,9065500
2020-07-01,90.73736937697377,90.94003264627656,89.45691366070679,89.72406005859375,5733800
2020-07-02,90.99529005165402,91.8059430233888,90.29518258373753,90.6728744506836,5354900
2020-07-06,91.76910173943423,92.14678660795092,91.23480897115843,92.07308959960938,4995000
2020-07-07,91.400606750824,91.70460158267437,89.28186383736849,89.4200439453125,6352900
2020-07-08,89.81616682192016,91.17953326708273,89.31872259306896,91.0505599975586,5634600
2020-07-09,90.78343823824854,91.11506778836046,88.7752401972972,89.34637451171875,6282300
2020-07-10,89.355570045964,90.32282387317866,88.17644612243606,90.26754760742188,3967000
2020-07-13,90.50702618521173,91.14265029749892,88.67385785172874,88.85809326171875,4845600
2020-07-14,88.73835555660732,89.58584982708888,87.98297900628566,89.13446807861328,4850600
2020-07-15,90.65446332750639,91.2348114707958,89.64114700538146,90.77421569824219,5343700
2020-07-16,89.81617677917029,90.48864970794706,89.39242950646,89.5950927734375,3594700
2020-07-17,89.30951074986096,89.56745026666574,88.47123016167832,88.69231414794922,7405700
2020-07-20,87.97378886255181,88.75680023737716,87.61452473730097,88.11196899414062,5822300
2020-07-21,89.28187288246576,91.19795276880468,88.52649618106159,90.60839080810547,5855600
2020-07-22,90.42414252699,91.18872597429547,90.1938446990726,91.11503601074219,4097000
2020-07-23,90.59916356376523,92.2849453409489,90.01881557095712,90.55310821533203,4530500
2020-07-24,90.40572808755581,91.52958277790958,90.00040160168842,90.6728744506836,5638400
2020-07-27,89.31871339055041,90.64523119748236,89.25423027649857,89.54901123046875,4273400
2020-07-28,89.30950830676498,89.78853179673679,88.58177324569188,88.68309783935547,3822600
2020-07-29,88.8304748747776,89.86221163227087,88.7107225392286,89.32791900634766,6872400
2020-07-30,88.86732748662818,89.56743485551289,88.25013099091251,89.18974304199219,4018400
2020-07-31,89.2542292026584,89.95433659546401,88.71072968049363,89.91748809814453,5509900
2020-08-03,90.30441971267568,91.46512320309596,90.11097030229477,90.58078002929688,5472700
2020-08-04,90.08332369115863,90.23071068644869,88.94104812215862,89.65957641601562,7539300
2020-08-05,89.46610345762727,93.27062107608474,89.42925496148062,92.98505401611328,7217500
2020-08-06,92.7087276992908,93.20617203691609,92.14680022686973,92.53369903564453,4060900
2020-08-07,93.0403249376039,93.87861242688179,92.01780199237571,93.83255004882812,5545600
2020-08-10,94.39447097894835,98.41086549616513,94.32998787088839,97.10277557373047,12678000
2020-08-11,98.4293203628453,98.87149542011777,96.59615105960204,96.83566284179688,5400700
2020-08-12,97.38836061472257,97.54496147349977,95.23276898045744,96.92776489257812,4714800
2020-08-13,97.00145756751675,98.55826625978337,96.90933280469129,98.12530517578125,4281700
2020-08-14,97.75684468768324,98.36482742415815,97.14885492307492,98.04241180419922,2985700
2020-08-17,98.1068968684391,98.1068968684391,96.83565510111697,97.33309936523438,3017000
2020-08-18,98.07004632378425,98.56749057755165,97.15806870594407,98.53985595703125,5023000
2020-08-19,99.20310734783692,101.04549020787657,98.8898986070011,99.84793853759766,9508100
2020-08-20,99.08336149948583,100.17036781652804,98.88991211613093,99.4979019165039,4304000
2020-08-21,99.48867637964479,101.1191821501549,99.25837851765488,101.10076141357422,5564000
2020-08-24,101.33104858565915,103.17343128721659,101.23893085620773,103.01683044433594,8173100
2020-08-25,103.17345066540484,103.43138316756698,102.33516300524431,102.7220687866211,4380900
2020-08-26,103.09974260915891,103.25634346467209,102.51939454148093,102.740478515625,4477900
2020-08-27,103.16422998664923,103.90118596839646,101.79165667448146,102.1048583984375,4390800
2020-08-28,102.48800274679446,104.02056445012427,102.08177834759033,103.66973876953125,3731100
2020-08-31,103.53125359605464,103.8820792802311,102.60802143839858,103.30044555664062,3519800
2020-09-01,103.40200320110378,106.07937790701571,103.24505542244785,106.02397918701172,4912400
2020-09-02,106.2270824381713,108.39668349314468,105.71007471972754,107.83351135253906,6775400
2020-09-03,107.83351583764959,107.92583764211135,103.40199878646315,104.1867446899414,7264400
2020-09-04,104.28830138303441,105.01765561673777,101.7494130054869,103.77129364013672,5157600
2020-09-08,102.74651199125356,105.10074986605022,102.05408784389523,104.06673431396484,5300100
2020-09-09,104.34368775345925,107.28880037569792,104.16827844600779,106.0793685913086,5997900
2020-09-10,107.00257110364728,109.15370297005532,105.24842920810555,105.977783203125,5032800
2020-09-11,107.79658512591277,110.09543115001614,107.48268253999265,108.94139099121094,8565200
2020-09-14,109.40301842081766,110.72324078139927,109.09835009675201,110.12313842773438,4990300
2020-09-15,110.51088935090401,111.23101636946329,110.03081171556705,110.11389923095703,5934200
2020-09-16,109.227587752158,110.50165256110331,109.08910857179609,109.48609161376953,7023700
2020-09-17,108.332047724951,109.44916472823355,106.91027653544933,107.42728424072266,7376400
2020-09-18,106.56868901204282,108.85830787884645,105.70084852357415,105.85780334472656,12876600
2020-09-21,104.2790615106894,105.30384969175323,103.16195152957607,104.66682434082031,8486400
2020-09-22,104.41756569771348,108.20281650061268,104.18675763602813,107.89815521240234,13007200
2020-09-23,120.22330361582809,120.3710241554464,115.64407254320558,117.35205078125,37822700
2020-09-24,116.73347472382676,117.74902867507384,113.8345263506312,115.17321014404297,13485800
2020-09-25,114.15766935536618,115.17322342370836,112.88360433978323,114.69314575195312,9182800
2020-09-28,115.55171018491475,116.50263793302699,114.37920170511966,114.77619171142578,7525000
2020-09-29,114.79468436604598,117.34280712147219,114.4438586780064,116.65038299560547,7796400
2020-09-30,116.41958807951684,117.50900244212258,115.55175453363661,115.90258026123047,8699700
2020-10-01,117.9244480649914,117.9244480649914,115.69022086243011,116.91812133789062,5637200
2020-10-02,114.80391882528866,117.0658418659321,114.10226040449659,116.91812133789062,7491100
2020-10-05,117.31511089649855,118.63533317387814,116.74270441860378,118.09062957763672,8270300
2020-10-06,118.94922741170112,120.42640449394865,117.49975321080015,117.8505859375,5978000
2020-10-07,118.54301549270029,120.39872133470413,118.40453628989681,120.0755844116211,4390500
2020-10-08,120.38946738923914,120.87877930444635,119.56779133470205,119.75244903564453,3595600
2020-10-09,120.01094364021694,121.1188193232555,119.40160708395446,120.92493438720703,4293400
2020-10-12,121.11881686147501,121.25729603626384,119.3369716505732,119.5216293334961,5136500
2020-10-13,118.21988196420759,119.90015718500491,118.13678740633819,119.2815933227539,4245000
2020-10-14,119.58624160368791,119.65087460659804,117.25970002846798,117.85980224609375,3586600
2020-10-15,116.77041977062747,119.18929083639749,116.42882129744638,119.09696197509766,4235800
2020-10-16,119.56778142183612,120.19558656070149,117.7582544368197,118.1737060546875,6010900
2020-10-19,119.18928700922329,119.81707816620336,117.29665811260008,117.6474838256836,5160800
2020-10-20,118.17370982841018,119.92784519871405,117.91520596515285,118.6260986328125,3799200
2020-10-21,118.63532031433839,121.29423316865216,118.58915589362256,119.4939193725586,4916300
2020-10-22,119.650909901849,120.26023250418646,118.96771293873525,120.03866577148438,2869900
2020-10-23,120.0201906908361,120.57413566744849,118.77382153716118,120.0109634399414,4046300
2020-10-26,119.15234466244877,119.66935243692512,116.95505457722162,118.51531219482422,5422500
2020-10-27,118.89384404440068,119.54934511839645,118.08140222735511,118.16448974609375,2985700
2020-10-28,115.66253119950413,116.69655381989293,111.74802856554405,112.70819091796875,8618300
2020-10-29,112.8928302229012,114.65620707360608,111.8495803917272,113.42830657958984,4947000
2020-10-30,114.16688998065231,114.16688998065231,109.67998121018199,110.8617172241211,7791600
2020-11-02,112.97590796515108,114.57309545969837,111.80339932266922,112.99436950683594,4740400
2020-11-03,114.49002051511349,115.86563444182762,113.73297043636516,115.0254898071289,3490900
2020-11-04,115.70868530894258,119.03231254648983,115.64405934116309,117.56437683105469,5061800
2020-11-05,119.27236650281765,120.39871087916042,118.598410962024,119.74320983886719,3940000
2020-11-06,119.93710462819709,119.93710462819709,118.49686457638833,119.00463104248047,2954000
2020-11-09,124.69171418883737,125.88269138187908,118.88459098980194,119.05076599121094,7491700
2020-11-10,120.06634997375284,120.13096890205783,116.55806480952948,117.9059829711914,8014700
2020-11-11,118.81073009318169,119.83551819185153,117.41664778030358,117.85980224609375,6058700
2020-11-12,116.89965979373667,118.02599712339183,115.9856548748106,116.91812133789062,4780400
2020-11-13,118.09065188962981,118.72768445767154,117.09355927279157,118.43224334716797,3986100
2020-11-16,119.52164695278273,120.3156272092244,117.59208798975965,120.12174224853516,6116200
2020-11-17,120.46332981627376,122.42059159966976,119.19850624904237,122.06053161621094,7002900
2020-11-18,122.8545192220429,123.69464984227474,121.43273370336291,121.52506256103516,5572800
2020-11-19,121.79278895698789,121.96820532727823,119.95555182526974,121.78356170654297,4642800
2020-11-20,123.06682618947555,123.2791656011587,121.7835342962044,122.7713851928711,4318100
2020-11-23,124.06396084574266,124.53480424675915,122.87298329110253,123.8331527709961,6118400
2020-11-24,124.63633218577118,125.55033702659884,123.90698503291948,124.35935974121094,7204700
2020-11-25,123.94391678465755,125.37492944211031,123.3622760191511,125.13488006591797,4484500
2020-11-27,125.55958031453679,125.67960500957192,123.10377925976043,123.94392395019531,3506800
2020-11-30,123.63001258835925,124.90406329349038,122.50366831124369,124.35935974121094,9652500
2020-12-01,125.96578116873579,126.02117283687743,124.40551677486617,125.04254913330078,3833100
2020-12-02,124.7840581604567,125.85501081299483,124.33166934496964,125.17181396484375,4132700
2020-12-03,124.72866477228084,127.35986785604383,124.6363359255225,126.44587707519531,4930900
2020-12-04,126.81126449741349,127.10728578355476,125.4791334204155,126.91302490234375,4344000
2020-12-07,126.73726399739583,128.45793106593192,126.55224891689916,128.35617065429688,4590800
2020-12-08,127.88440175404234,129.91959621589865,127.33858811782211,128.69847106933594,6953600
2020-12-09,130.0398456133176,130.0398456133176,127.91213681217269,128.39317321777344,4341300
2020-12-10,127.92138648445888,128.7169640909444,126.9592995284923,127.2738265991211,4511000
2020-12-11,127.09804088917153,127.79185798714337,126.0249337231963,127.11654663085938,4172400
2020-12-14,128.5134332557245,128.5874421105409,125.99718865494921,126.07119750976562,7599000
2020-12-15,127.13507535687893,128.99451475613483,126.96856598033314,128.94825744628906,7637000
2020-12-16,128.65226214630408,129.96588814081863,127.16286680820096,127.97693634033203,6573400
2020-12-17,129.43854395780062,130.1971242570474,128.35619074594084,129.97509765625,8727000
2020-12-18,130.52089671850294,130.56715402464434,126.89454694583499,126.99630737304688,17970800
2020-12-21,133.97147399146493,136.8669946536731,131.83450529631008,133.2313995361328,16111300
2020-12-22,132.33406634855845,132.72260227564524,130.52088457307346,131.7790069580078,6339400
2020-12-23,131.88076047860355,132.8428614898088,131.08518292215325,131.14068603515625,3388300
2020-12-24,130.5301766568004,131.53852115280097,130.5301766568004,130.9927215576172,1821900
2020-12-28,131.86225846217164,132.21379700878657,130.47462413489754,131.760498046875,4081500
2020-12-29,132.13057385156475,132.34334054675173,129.9103499289299,130.9649658203125,3232400
2020-12-30,131.5107510910667,131.9270386201011,130.12311658378667,130.9741973876953,3052100
2020-12-31,131.08515734398077,131.16841199724013,129.8547868214234,130.8723907470703,2949900
2021-01-04,132.14902200990488,132.26002821714857,127.95836829753229,129.6050262451172,6178500
2021-01-05,128.21742972968858,131.04820176911392,128.21742972968858,130.65040588378906,4163100
2021-01-06,130.66890398808025,132.8151186025934,129.07774877131962,131.68650817871094,6072900
2021-01-07,132.47281395147652,134.73003459637908,132.2877988741024,134.0917205810547,5256900
2021-01-08,134.64682717056712,135.8216952035078,134.04551031344369,135.38690185546875,3950500
2021-01-11,135.06307695835736,136.0806811296847,133.95297229965715,136.034423828125,4252000
2021-01-12,135.52562698052608,135.84941398821186,133.56444153716438,134.1842498779297,3678800
2021-01-13,133.98073217751462,134.25826188836064,131.76050860649394,132.32481384277344,3330100
2021-01-14,132.89839173356395,134.04549394512563,130.37288665038636,130.71517944335938,4104000
2021-01-15,130.03058640846834,131.71425618469482,129.4015322826781,130.17860412597656,6412400
2021-01-19,130.4284052096826,130.64117189369708,128.04167202894777,128.83724975585938,6537800
2021-01-20,129.86408331094512,132.4820885878719,129.52179055827105,132.10279846191406,4654400
2021-01-21,131.74202770895968,133.03714764407763,130.55791402092365,131.001953125,4011200
2021-01-22,130.52087102237346,131.25169961458192,128.87421288130864,128.91122436523438,4150500
2021-01-25,128.57824062323297,128.75399583379797,124.64660884359672,127.24610900878906,5998700
2021-01-26,127.44031081929978,127.5235795933678,124.61879943841976,124.97958374023438,5312300
2021-01-27,122.31532759477933,122.90738427518005,120.51140599947597,121.2052230834961,7815900
2021-01-28,122.44484758824855,126.15445142592668,121.64927004839727,124.62805938720703,6244600
2021-01-29,123.91575072050138,124.91484919548208,122.25058659553355,123.58271789550781,7166100
2021-02-01,125.22939643637864,125.85846481408278,123.31446797119366,125.54393768310547,4366800
2021-02-02,126.79277942568613,129.38303315147513,126.50600390569917,129.1332550048828,7132800
2021-02-03,129.23500139687505,129.56803418426227,127.67159787041129,128.2451629638672,4678600
2021-02-04,129.09626887401072,130.48390340698307,128.51345785312284,130.09536743164062,4533700
2021-02-05,130.752169376076,134.66530880778242,130.70591206984878,134.23976135253906,6151500
2021-02-08,134.27677670917353,134.9521024158789,132.10282418285797,132.66712951660156,6304300
2021-02-09,132.84288117755617,133.41643225125063,131.08520234940687,131.16845703125,3436300
2021-02-10,131.77900911300193,131.9177810207823,130.34511742708642,131.78826904296875,4125700
2021-02-11,132.28781134803657,133.536687940628,131.74201187780645,132.787353515625,3828700
2021-02-12,132.38956811558768,132.70409517968,130.8076587496586,131.47372436523438,3637000
2021-02-16,132.63007445696277,132.63007445696277,130.46536845784647,131.0944366455078,4873400
2021-02-17,130.71519567636977,133.73098343759762,129.70685115042016,133.2036895751953,6437100
2021-02-18,132.26931273693498,134.49878215647635,130.63191423794194,134.22125244140625,4486800
2021-02-19,134.53580156365484,134.60056462460125,130.90020545966377,131.38125610351562,7486000
2021-02-22,130.9371496242169,131.7882443081061,126.05267864093182,126.43196868896484,8985900
2021-02-23,125.83994998388181,126.58002456245687,121.72330366747788,125.93246459960938,10364100
2021-02-24,124.94260382353387,125.77519296434218,123.91575376422693,125.4884033203125,6360900
2021-02-25,127.29234669972776,128.75397598473265,124.45231458235148,125.38665008544922,5674300
2021-02-26,125.97529048930296,126.85592381619115,123.62079154572548,124.93708801269531,6650200
2021-03-01,125.73425264920988,128.98791335479618,125.60447737120928,127.59745788574219,5717800
2021-03-02,127.51406188326764,128.16293841540215,125.70647220644736,127.01350402832031,5292700
2021-03-03,127.0783756799928,127.37501301352361,124.35308029207648,124.45504760742188,4888400
2021-03-04,124.21403156896162,125.26151263005679,120.6729979095275,122.39716339111328,7181500
2021-03-05,123.78763136929194,123.9174066703929,119.75531827793938,123.61151885986328,5957100
2021-03-08,123.88033551540758,125.72501187949446,122.70307903458595,124.73314666748047,4983000
2021-03-09,125.61374486464786,127.92190608824014,125.55812890772066,126.02161407470703,5977800
2021-03-10,126.5314832166624,128.10733036189964,126.16070064523544,127.54187774658203,4519600
2021-03-11,129.01577760902495,131.81523313494787,128.4410602906811,130.87899780273438,5696500
2021-03-12,129.77585930233707,130.61940578246936,128.47810636709218,130.1929931640625,4143200
2021-03-15,130.4247574563172,134.410733769403,130.3969494705415,134.35511779785156,5413900
2021-03-16,135.22641089295016,135.47668265108933,133.33538385369047,134.0862274169922,5623000
2021-03-17,132.7421491470409,135.4767088064829,132.7421491470409,134.2438507080078,5134400
2021-03-18,133.8267171617529,135.94948737858704,132.13963832532855,132.71435546875,10188400
2021-03-19,129.77586372411434,132.42699979168484,125.61376128839018,127.44917297363281,24980400
2021-03-22,127.57895015905,128.6727685230014,126.0957917510531,128.17221069335938,7537300
2021-03-23,128.37613736552015,130.3691180922321,126.57781250431053,127.1061782836914,5582600
2021-03-24,126.4851131687291,127.84776084126318,123.17583606717943,123.43538665771484,8157600
2021-03-25,117.77159617729554,119.9407035928234,116.27917321646902,119.24547576904297,18475800
2021-03-26,121.98932074252366,123.46320041005048,120.29296306794774,123.2778091430664,10010500
2021-03-29,123.2314278744884,124.13059015274945,121.11793682615868,123.74126434326172,7153900
2021-03-30,122.6845412591911,123.61151168307786,121.6370601539763,123.24071502685547,6026600
2021-03-31,123.37051091574337,124.38090545178687,122.2859570360753,123.18511962890625,6878900
2021-04-01,124.85363874585956,124.85363874585956,122.55475623754467,122.85137939453125,5720600
2021-04-05,123.37978042688704,125.77135189340436,123.37978042688704,125.25225067138672,5508900
2021-04-06,125.54885946705932,127.65308600468151,125.07609556247372,127.14324951171875,4670100
2021-04-07,126.98567520085355,128.14438815534706,126.40167934556635,126.56852722167969,6646000
2021-04-08,127.25447998055549,127.28228795763461,123.66710949290909,123.9173812866211,8748400
2021-04-09,124.15844597248581,125.60451786337295,123.75057664029733,125.55816650390625,6056800
2021-04-12,124.90925102059344,126.90223155720726,124.4179578809734,126.66122436523438,5638200
2021-04-13,125.69719144285699,126.05870933177076,123.65784525468112,123.7876205444336,8778200
2021-04-14,123.78762576249403,124.38088627557698,122.19324962594625,122.60110473632812,7354100
2021-04-15,123.28704320233895,124.27890815878838,122.99040593312074,123.90811157226562,6284800
2021-04-16,124.87219283783425,124.92780880051794,123.96375163251312,124.50139617919922,6852500
2021-04-19,124.49211289473976,124.56627221534384,122.4991182826706,122.88845825195312,5613600
2021-04-20,119.73678176171164,120.41346628872544,116.52019288839777,117.82722473144531,13268700
2021-04-21,118.27216023065672,120.81206443962127,118.06823266558287,120.41345977783203,7110900
2021-04-22,120.40418794016479,120.84912978372981,118.6336781059312,119.74603271484375,6442900
2021-04-23,119.51428215450822,121.1086723109875,119.07861909663382,120.6822738647461,7489000
2021-04-26,120.96038106576316,122.08200740748505,119.87582731908343,121.98931884765625,8217800
2021-04-27,122.36012220429268,123.09242277271527,121.8132129315322,122.46208953857422,5833100
2021-04-28,122.60111487807667,122.6660096032795,120.83061194917201,121.16432189941406,8195400
2021-04-29,122.14689171982901,124.32526364019326,121.64631979051521,123.52806854248047,6612500
2021-04-30,122.76797418334887,124.10281395450288,122.40645625736526,122.93482208251953,5643600
2021-05-03,123.6300469359161,124.63117673986373,122.90701110158396,123.31488037109375,5053000
2021-05-04,122.57327274176909,122.90698259902983,120.95107479706007,121.94293975830078,6129500
2021-05-05,123.0089702411557,124.41796922094093,122.4342531147527,122.55476379394531,6234200
2021-05-06,122.91626138268076,124.06569544561303,122.30445762015279,123.74126434326172,5201000
2021-05-07,125.14098906540164,129.1825800928472,124.88143851593263,127.74577331542969,10566700
2021-05-10,127.9218862951681,128.75615380888127,126.34603980013063,126.43872833251953,5669300
2021-05-11,128.2741700544893,128.2741700544893,125.15027014987886,127.1061782836914,8045400
2021-05-12,125.5303080232556,126.82807484405853,123.60220822949037,123.6485595703125,5865100
2021-05-13,123.93594011596232,125.16881244992,122.81431384864504,123.8525161743164,6284300
2021-05-14,124.52920270373008,126.69831008969611,124.2603875057549,126.00308227539062,4367900
2021-05-17,126.37389211404037,127.05985538772097,125.60450488860671,126.44805145263672,3934200
2021-05-18,126.47584898634382,127.43062740715493,125.55814315954393,125.66011047363281,5664700
2021-05-19,123.73201446073163,124.18623508334666,122.32302952935889,123.25,5582300
2021-05-20,124.01008802707915,124.40869261898366,122.53620861592862,123.53733825683594,4934800
2021-05-21,124.05643155832023,124.3715980519653,122.74013548682285,122.97187805175781,5329700
2021-05-24,123.37976963028125,124.53848266533481,123.11094028525893,124.2696533203125,4313200
2021-05-25,125.08539832136391,125.29859757044446,124.07500389697461,124.51068115234375,4885800
2021-05-26,125.32640018216063,127.84776090092089,125.14100892375544,126.89298248291016,6781500
2021-05-27,127.50479542790735,128.20928791769657,126.49440097500707,126.58708953857422,12882300
2021-05-28,126.54528004280706,127.57629393315568,126.40594541422753,126.74962615966797,4153500
2021-06-01,128.04070876577228,128.22647408945818,124.65972885194059,124.93836975097656,5577900
2021-06-02,125.01270061129307,125.84866597377926,124.02813146762131,124.62258911132812,5226100
2021-06-03,123.72161225200853,125.10559037589871,123.0807097259989,124.62258911132812,5027400
2021-06-04,124.92908128950111,125.33777348853472,122.86705368382073,124.2231674194336,5217100
2021-06-07,124.46467302618531,125.57927920376281,123.95380772767456,124.41822814941406,3765000
2021-06-08,125.10559012980686,125.1334542245361,122.98783389245537,123.86094665527344,4915200
2021-06-09,124.11171733177171,125.30063255768368,122.09613426638991,122.45838165283203,6448100
2021-06-10,122.14256998999872,123.13643648800785,120.9257907619587,121.6595687866211,6584100
2021-06-11,122.14256206327876,122.59769914586536,121.24158537657772,122.55125427246094,5414500
2021-06-14,122.32832228563743,122.65342221293375,120.87004969781607,122.01251983642578,5743600
2021-06-15,122.17971249809415,122.37477530205179,120.59140266823749,121.01866149902344,5168100
2021-06-16,121.02795877460764,121.8360457332492,120.37777305081642,121.12083435058594,7915500
2021-06-17,120.04338299722211,120.63784050715792,118.76157823364788,119.74614715576172,8568100
2021-06-18,117.66555556861405,119.8483300821657,117.66555556861405,119.27245330810547,9784800
2021-06-21,120.04341587795105,121.45524399264252,119.54183380134604,120.82363891601562,6288500
2021-06-22,121.52026687117781,123.24791165744291,120.87008102107558,123.05284881591797,6043800
2021-06-23,123.3593437476462,124.186011488487,122.80204777429591,123.62871551513672,4566000
2021-06-24,124.37178055700792,125.22632658657787,123.44293973381,124.0931396484375,11420500
2021-06-25,141.56465393818956,143.58952042542452,139.77198351767615,143.36660766601562,46285400
2021-06-28,142.96720872401067,143.08796259249627,140.72869845448588,141.51821899414062,13133300
2021-06-29,142.35415310519687,145.27071300266118,142.02906728971095,144.8527374267578,10279900
2021-06-30,143.77528401223637,144.28614936790507,142.5956662135873,143.49664306640625,10281800
2021-07-01,143.10654329452547,146.95194456491862,142.93934454034007,146.7568817138672,9011500
2021-07-02,146.9519365788951,148.58669158914876,146.4224904212346,148.37306213378906,6396700
2021-07-06,148.54022329752382,149.02322449581933,146.6268134622973,148.71670532226562,6671000
2021-07-07,148.76315307617188,150.00779640644856,147.01692775292688,148.76315307617188,5408300
2021-07-08,146.91473732864492,149.37617377975783,146.1530952960295,149.19969177246094,6081600
2021-07-09,150.1842832081425,150.4350742125979,149.08824360669846,149.5433807373047,5002300
2021-07-12,150.1378244814821,150.87160246826025,149.27400935123748,150.30502319335938,4992200
2021-07-13,149.86847216133106,150.76015141276034,149.55265551067146,150.0913848876953,5747700
2021-07-14,150.3514562996462,151.1502599574293,149.85917180772026,150.04493713378906,4928000
2021-07-15,149.41335596410858,150.65799943709243,148.97679958324304,150.18429565429688,6432500
2021-07-16,150.11924244510365,150.19355140831976,148.28014166770797,148.47520446777344,6603700
2021-07-19,146.8961368591323,147.51847254029803,145.4564452514617,146.6360626220703,7377100
2021-07-20,146.0695263161276,149.01395049986814,145.43792125750295,148.37306213378906,4629200
2021-07-21,149.07894642363374,149.94276155314878,148.62380933539268,149.61767578125,5393100
2021-07-22,149.64551030819482,152.0976489363408,149.4783116294893,152.03262329101562,4851500
2021-07-23,152.65499247551497,154.60554966867062,152.07910153688107,154.52195739746094,4217700
2021-07-26,153.9182218912678,154.67986401040557,152.16271326991713,153.3423309326172,3858800
2021-07-27,153.0915852573327,153.8253634343887,151.0109762493556,152.859375,4359000
2021-07-28,152.7850582696457,154.0947132831217,152.40423006541323,153.68603515625,4093600
2021-07-29,154.09469986286746,155.14429461673595,153.62099610546025,155.10714721679688,3605600
2021-07-30,154.73557139192164,155.92448637390976,154.5126586909142,155.59010314941406,5364400
2021-08-02,157.02983598644533,157.8843678902876,156.07313101948134,156.7418975830078,5532500
2021-08-03,157.1784452042669,159.2962011468999,156.5003953719028,159.04541015625,5718100
2021-08-04,159.1661519632881,160.07641193257658,158.79462133137017,159.67701721191406,4646200
2021-08-05,159.21261468886001,161.6183091068066,158.9989710872144,161.47898864746094,3824000
2021-08-06,161.95268200323414,161.97126278761837,160.41080287801785,160.50369262695312,4088700
2021-08-09,160.22500095273045,160.74514941278383,159.4076167023708,159.5469512939453,3612800
2021-08-10,159.3519303495397,161.58115684284724,159.23117650641865,160.01141357421875,3747100
2021-08-11,159.76064576027602,160.89383286985657,158.77607660640825,159.0825958251953,4078300
2021-08-12,158.72963150525962,159.12904048906478,157.41996234669537,158.49742126464844,3997100
2021-08-13,158.32093416737436,159.50056612051324,156.76977151029604,159.4727020263672,2966200
2021-08-16,158.55312208766367,160.13214861667424,157.58713388957034,160.09500122070312,3530200
2021-08-17,159.333346226885,159.4819641579229,157.32706084981712,158.51597595214844,3602900
2021-08-18,157.6707660407559,159.57489300132463,156.65833271187913,156.7976531982422,5487400
2021-08-19,155.07928437807146,155.6179996329767,152.67357565267386,153.8067626953125,7336300
2021-08-20,154.4383311780337,156.05450475810176,153.64881099552994,155.85015869140625,4039100
2021-08-23,157.39210751651075,158.738924156738,157.14131647345118,157.6428985595703,3796500
2021-08-24,157.5314342242092,158.71105205187962,156.87195089921423,157.88438415527344,3133100
2021-08-25,157.9029667133067,158.5438692576448,157.46641031855438,157.7543487548828,3003800
2021-08-26,157.32705352007267,157.457090660426,154.43835817016546,155.04209899902344,4069600
2021-08-27,155.62360426246,156.3679060210271,154.702529239141,155.91201782226562,3012400
2021-08-30,156.20042148300692,156.68421972487153,154.97233572611904,156.33067321777344,3537100
2021-08-31,155.88409229649295,156.00503120535467,152.76733520235595,153.26974487304688,7545600
2021-09-01,153.43718414767295,155.01881613708582,152.65567387474496,153.1022491455078,4706500
2021-09-02,153.73493958982493,153.91169864980756,151.4555129006394,152.2742462158203,4632100
2021-09-03,151.83698510610338,152.7394487314398,150.9252228544559,151.92071533203125,4254500
2021-09-07,152.30214214455322,152.45100531464806,150.63677979278364,151.31594848632812,5648800
2021-09-08,150.72053098418948,150.80426120538397,148.62719027607574,149.52035522460938,6591700
2021-09-09,153.75352433492031,154.58155620810737,151.83695713606315,151.9672088623047,8414800
2021-09-10,152.8138944667091,154.12572491309726,152.06029397089637,152.19984436035156,4252100
2021-09-13,150.31117945346375,151.57648831016408,147.3060762424417,148.41322326660156,8814500
2021-09-14,148.08757232669785,148.2922556656287,146.1337961774152,147.70611572265625,5323900
2021-09-15,146.5338418790989,147.29675504472922,144.83125648893872,146.91529846191406,6827100
2021-09-16,146.61756400989628,147.93869274438066,146.25471889406165,146.6268768310547,5085900
2021-09-17,146.96183618514107,149.79016599225395,145.20343045656531,145.529052734375,7944800
2021-09-20,143.02633357534677,144.45911690961069,141.71451755169917,143.5101318359375,7041200
2021-09-21,144.29165075796692,145.25924733603523,142.88679161055853,144.22653198242188,5857900
2021-09-22,145.8732759632661,146.9990343078515,144.76614326273796,146.47802734375,6844800
2021-09-23,147.6595889723614,149.12956665475923,147.25022234835254,148.46900939941406,11981500
2021-09-24,140.52363001930732,141.27724460167272,137.69530036629664,139.17459106445312,26913300
2021-09-27,139.10014846360258,139.47230641243317,137.03471798580892,137.7324981689453,11479300
2021-09-28,137.08122902202868,137.25800225965943,134.90415842424284,135.1832733154297,10692300
2021-09-29,135.56475111208192,137.63948038155814,135.54613966405233,135.85316467285156,7794900
2021-09-30,135.7229001384888,137.21148932393447,134.3645484878503,135.11814880371094,10133600
2021-10-01,135.10885572419994,137.69529320408012,134.31803248332938,136.82073974609375,8112300
2021-10-04,136.82077102791783,137.34177809314656,135.6112822285638,136.89520263671875,7951000
2021-10-05,137.69531325692233,140.48643447158966,137.52785279830306,139.0536651611328,10881900
2021-10-06,137.695319110187,139.05367107213942,137.23943084838317,138.4396209716797,7610700
2021-10-07,139.83515501818167,142.96121088424775,139.79793212418562,141.27723693847656,7958000
2021-10-08,141.62149599272354,142.2262332629118,140.17941381414732,141.86338806152344,6333700
2021-10-11,141.40748868272175,142.89607792603422,139.61186025123524,139.81654357910156,5551200
2021-10-12,141.80756607043077,142.9054144837324,140.76555200740026,142.67282104492188,7408600
2021-10-13,143.57523819382598,145.76160729226743,142.49600158037018,145.41737365722656,8456300
2021-10-14,147.16646519619508,147.4269828223078,145.3708512557428,146.19888305664062,6024500
2021-10-15,146.81297602616053,147.30607296262437,145.65930750132222,147.0083465576172,5532100
2021-10-18,146.3570650749423,148.36667540768488,145.09175644281265,148.32945251464844,5765300
2021-10-19,148.56207025277237,148.7946636850542,145.88260356642203,146.8315887451172,6198200
2021-10-20,147.4642003474709,147.74331523787635,146.3663664272819,147.4176788330078,4487000
2021-10-21,147.41768073192569,151.0368331403533,147.25951893781232,150.88796997070312,6121700
2021-10-22,150.98104280331265,153.15811385278403,150.98104280331265,152.0974884033203,5323000
2021-10-25,151.8648292561723,153.2603892013217,151.3345238591279,152.78590393066406,3878200
2021-10-26,153.34416199165028,153.93028762365122,151.76251573707887,152.3858642578125,4711200
2021-10-27,152.25566290733022,152.63711956298022,150.40422817702688,151.0461883544922,4163900
2021-10-28,151.66020888810652,153.13951383266834,151.47413699086394,153.00926208496094,3762000
2021-10-29,151.70670534439367,155.95851918554038,151.65088520408187,155.64218139648438,6740600
2021-11-01,156.11667359592903,157.04704708077202,154.33965683274943,154.7490234375,3610800
2021-11-02,155.14908578715566,156.45161725566933,154.54434866717062,156.14459228515625,5038000
2021-11-03,157.23313342108244,160.83367459622846,156.9074969928442,160.48944091796875,7176700
2021-11-04,160.21962897232802,163.4015046842598,160.02424428813018,163.2247314453125,5460100
2021-11-05,163.49452535398055,166.62989359078708,163.2805434315901,165.1505889892578,5892200
2021-11-08,164.07140133693872,164.24816040815625,158.49845797847635,159.8847198486328,8301100
2021-11-09,159.3264625770796,161.81985675380784,159.04734768657508,161.717529296875,4343000
2021-11-10,159.30787330303048,160.1824267900163,155.88410514571368,156.54466247558594,8185200
2021-11-11,157.79140055137123,157.79140055137123,155.02818925780565,155.34451293945312,4994900
2021-11-12,155.83760367070036,157.86581163854171,155.74456061682383,157.31689453125,5126300
2021-11-15,157.88439116586937,158.49844112599496,156.7865571732575,157.0935821533203,3856700
2021-11-16,157.46573843329543,161.8850132194588,157.46573843329543,159.86610412597656,4401000
2021-11-17,159.65208166543212,160.7127067772104,158.39607189258112,159.78233337402344,3940200
2021-11-18,160.3312873172746,161.38261404861038,158.4984501538329,159.41952514648438,4044200
2021-11-19,160.16382029081217,164.86221012483185,158.65661950068477,162.70375061035156,6145600
2021-11-22,162.79677428733638,165.37391322509788,162.0989940627579,162.10830688476562,5906400
2021-11-23,161.0011478246329,161.35468012483705,158.54496218756822,160.16380310058594,5302100
2021-11-24,156.75863854655717,160.42429826821353,155.99572545051626,160.05215454101562,4637600
2021-11-26,156.35857405144827,157.86577463560533,155.8747758381685,156.3213653564453,4751100
2021-11-29,158.00534806560074,159.23343381896208,157.44711823456194,158.0425567626953,5448700
2021-11-30,157.03778710862767,159.60562787663582,155.86552123391365,157.4564666748047,11033700
2021-12-01,158.99152900815486,161.2988513445315,155.07465027351262,155.09326171875,6618200
2021-12-02,155.6329108515946,158.67523681485395,155.37240735222312,158.1635284423828,4398900
2021-12-03,159.02566128887486,160.37713917364275,155.42796367310004,158.67149353027344,4878500
2021-12-06,159.22134955334948,159.5755314279016,156.6395792916717,157.43182373046875,5636900
2021-12-07,159.48235455230696,161.5701422268182,158.82059578852005,159.65011596679688,5898700
2021-12-08,159.58491766926247,160.11617649524786,158.2986896349399,158.6808319091797,5614400
2021-12-09,157.7860329965773,159.53828371568392,156.57438478976437,156.67691040039062,5171600
2021-12-10,157.04972712706945,158.6714920404286,155.95923517946096,157.57167053222656,4791100
2021-12-13,157.33866450103508,157.8792528241563,154.02989874535584,155.50253295898438,5972300
2021-12-14,154.98990540836732,155.72622962866214,153.05126246470317,154.16038513183594,4872200
2021-12-15,153.7875853593822,154.41205445391134,150.82368599532816,152.7623291015625,7144600
2021-12-16,151.64384594695,154.6636794017038,151.48539987057418,151.66249084472656,7138100
2021-12-17,150.6465843552946,151.79299683767812,149.6399730700706,150.39492797851562,7705100
2021-12-20,148.5121589461766,148.75449993103626,144.9051466255167,146.31253051757812,8411900
2021-12-21,155.36271368431082,159.55691970350597,153.51726701799416,155.30679321289062,13862900
2021-12-22,155.87533224492282,157.515727601843,152.93937967660707,154.19764709472656,5811300
2021-12-23,154.9525907521256,155.8007557147588,154.19763604411358,154.41200256347656,3876900
2021-12-27,155.20424883187772,156.29474055831747,154.23491337156133,156.1922149658203,3769300
2021-12-28,156.39728116489522,156.81669891196086,154.99921252674994,155.11105346679688,2658600
2021-12-29,155.71687879461544,158.26135952232647,155.27881618667215,157.3106689453125,3830900
2021-12-30,156.87262280461104,158.55962338927742,155.8380514209358,156.1083526611328,2666800
2021-12-31,156.1735906205136,156.32272136047627,154.91533733454037,155.3440704345703,2752000
2022-01-03,156.14563203065154,156.4998139863242,152.21239760948444,153.47998046875,5670500
2022-01-04,154.60774591732584,155.8193939549114,153.78754114687146,155.0830841064453,6064200
2022-01-05,155.17630545648592,155.6609590174042,151.08462509270672,151.22442626953125,5021000
2022-01-06,151.0753001029669,152.1005561703265,148.25120247056483,150.09664916992188,4144600
2022-01-07,149.8450149822222,150.18986739501653,146.2007123028717,146.30323791503906,5108000
2022-01-10,140.29154535511213,141.0465002182763,138.6697804558732,140.21697998046875,10439000
2022-01-11,140.25424823417677,140.58978529160817,137.56996599661613,140.08648681640625,8175400
2022-01-12,141.79211859643797,143.03174109896568,140.49657562674025,141.86668395996094,6351200
2022-01-13,142.78944556859093,143.16227250489402,138.89350008200438,139.4247589111328,4990900
2022-01-14,138.30628581671678,138.72570361303883,136.87094143728575,138.1105499267578,6030500
2022-01-18,137.9987287352478,138.71640813868197,136.3583328921487,136.9641571044922,6931000
2022-01-19,137.71907634119057,138.96802846789544,135.16528006147732,135.24916076660156,4823800
2022-01-20,135.57540998694375,137.36493650223522,132.81654772051988,133.03091430664062,5366500
2022-01-21,134.51288990511466,136.41425754909142,133.14278110296772,133.23597717285156,7553400
2022-01-24,131.24138421541053,136.36763679477298,130.07632681100998,136.07870483398438,9733200
2022-01-25,135.11865598965906,137.90547754057403,132.82581748442075,135.593994140625,8195400
2022-01-26,137.7376924040164,138.84682890143395,133.03085945823207,134.2052459716797,7444600
2022-01-27,135.13734848283028,137.33697751116222,133.82316026964668,134.81112670898438,6396400
2022-01-28,134.32641184963688,136.1066224189073,131.05493680322274,135.99478149414062,6130200
2022-01-31,136.33034086674363,138.11053750631677,135.35168994874257,138.00802612304688,6932200
2022-02-01,139.3408446133963,139.5086060278952,136.82432384268287,138.1478271484375,6695000
2022-02-02,138.26898568323315,139.30355698209772,137.50470138051844,138.60452270507812,5491700
2022-02-03,137.38353428736121,138.37151470304715,135.11867000028613,135.43556213378906,5240200
2022-02-04,135.49150219538626,136.52607366945895,133.87906683878526,135.51014709472656,4313400
2022-02-07,135.4262761474374,136.190546412814,134.41966483883303,135.2771453857422,3877500
2022-02-08,134.90433211829566,135.61268190043737,132.6301377889299,133.77655029296875,5829400
2022-02-09,136.18121322221597,137.34627047919136,135.77111079225816,136.32101440429688,4551000
2022-02-10,134.17733703385622,137.5140489154992,134.07481141367887,134.97889709472656,5142600
2022-02-11,134.92293056330848,135.20254711799953,130.0762957622553,130.65415954589844,6710500
2022-02-14,130.5609542240843,133.47826161189337,130.2906530257462,131.9683380126953,6841200
2022-02-15,134.41967275410872,136.3769750064102,134.3078317871977,135.687255859375,7820200
2022-02-16,135.16526165503674,136.96410289989123,134.78311953232367,136.53536987304688,4817500
2022-02-17,135.6499265171465,136.92683881206176,132.946999644085,133.09613037109375,5202300
2022-02-18,133.62743479890872,134.1587078626323,132.17344526729818,133.23597717285156,5177400
2022-02-22,131.9683891745452,132.01499431872887,126.90738624223094,128.7994384765625,9604500
2022-02-23,130.16949782020384,131.39047533614607,127.23354551375097,127.53180694580078,7636600
2022-02-24,123.9620653839732,128.08170524875396,122.03272415637839,127.84869384765625,8417200
2022-02-25,128.74349669080505,129.75942324520767,126.93532548204246,129.3679656982422,5424500
2022-02-28,127.74622764153409,128.97653523770964,125.86349066339902,127.27088928222656,6613300
2022-03-01,127.42930599385909,127.4572662307837,122.23780393586739,123.23509979248047,6534000
2022-03-02,123.94344024883827,127.32677088315178,123.7477186049711,126.4599609375,7743900
2022-03-03,127.44795133951199,127.50387181355737,124.38151260837749,124.86618041992188,4576500
2022-03-04,123.7872129955019,124.82414520948397,122.0963627759328,122.54476165771484,7084500
2022-03-07,122.3765896410923,122.40461367394532,115.99619016531452,116.24842071533203,11383400
2022-03-08,116.99577052544154,117.21063335222915,112.84804916628502,113.2310562133789,9089400
2022-03-09,118.99489515946293,121.11546368182387,118.29426575693559,118.59320068359375,8845100
2022-03-10,115.85607583829773,118.26624271374031,115.83739552336206,117.7337646484375,7167400
2022-03-11,118.64925153330552,119.45264045559647,114.44547527222655,114.55757141113281,5882000
2022-03-14,113.53000377589755,114.38944092428311,109.0646595406205,109.83068084716797,13884900
2022-03-15,111.95123799580925,112.49305979996996,109.99882073459823,111.54020690917969,10431300
2022-03-16,114.76309864511285,117.8085032148354,113.90366159238684,116.94906616210938,11100400
2022-03-17,116.71552650589302,119.02293395996094,115.55714735448619,119.02293395996094,6845300
2022-03-18,118.49981274905446,122.80635685431875,118.35968541013021,122.60083770751953,10350900
2022-03-21,121.18087181604723,123.60037544904492,120.15327624579895,121.61993408203125,14388500
2022-03-22,128.24322639917065,129.8500045745413,124.23563181047213,124.32904052734375,19731200
2022-03-23,123.90864665213013,126.48695776252693,122.5634358973694,124.24494934082031,8068800
2022-03-24,124.94558749456301,125.35662572664187,122.56344447090089,123.3855209350586,5853800
2022-03-25,124.29165830169707,125.05767236609992,123.03987052917189,124.89886474609375,6287000
2022-03-28,124.95492219082641,125.98251775541209,123.46959117375114,125.93580627441406,5804100
2022-03-29,128.77568243627212,130.5506044515878,127.93491864927456,129.9807586669922,7275900
2022-03-30,129.83131107437714,130.65338756883455,128.5047876201758,129.42027282714844,5545800
2022-03-31,128.75700345933976,129.5790798595085,125.64620717707409,125.70225524902344,7206500
2022-04-01,125.59947876801726,126.37484358559402,124.01138850804772,124.73070526123047,5807500
2022-04-04,124.29166588002785,126.30948209432809,124.1141708073335,125.49674224853516,5307300
2022-04-05,125.21650827474251,125.8143782604465,123.32948959588153,123.59105682373047,5707800
2022-04-06,121.4891698893171,121.72271307854902,118.01404609319843,119.91041564941406,6961000
2022-04-07,119.04161747312496,121.42375338225325,118.72399507560495,120.8632583618164,5320500
2022-04-08,120.91929341554614,121.37702882812049,119.46197943610984,119.71420288085938,4877400
2022-04-11,116.86498768811964,118.51847713681741,116.13633422008515,116.75289154052734,6365400
2022-04-12,116.95839333619182,119.66750211996634,116.15500442160226,116.80892944335938,5146800
2022-04-13,116.80895132188408,119.44331796190819,116.80895132188408,119.09767150878906,5119300
2022-04-14,120.58300203007991,125.53411970658885,120.4055069537489,124.6746826171875,12811300
2022-04-18,123.31077293884057,124.60927217461379,121.73201909551987,122.96513366699219,5298200
2022-04-19,124.3290212601183,128.43003818449938,124.03943005030912,128.02835083007812,7346100
2022-04-20,128.87844144580646,129.52300848252543,126.72984189372085,126.92601013183594,5309700
2022-04-21,129.42961976922192,129.98077819575684,126.18803962702182,126.54302978515625,6562400
2022-04-22,125.4874044459429,126.04789944162344,120.23735910505395,120.57366180419922,7321700
2022-04-25,119.38725230451446,120.45220841960807,116.6314390619502,119.51803588867188,6512500
2022-04-26,118.5932093205609,119.1910792174192,112.54911855473301,112.58647918701172,7977900
2022-04-27,113.1189592902598,115.83740503923909,113.1189592902598,113.25908660888672,6007800
2022-04-28,115.06202864696223,119.54605963549328,114.52955059070162,118.6866226196289,6551600
2022-04-29,117.91127178269355,119.9944727790581,116.07095054120981,116.49132537841797,5867900
2022-05-02,116.23909326397445,117.8738952627935,114.71639453942745,117.78047943115234,5428400
2022-05-03,116.79025477930854,117.48154763169491,112.30623059621868,114.77244567871094,8201200
2022-05-04,114.47350322917274,117.89257099920287,112.17543964963788,117.76178741455078,6924000
2022-05-05,115.94015330662975,116.53802315585284,108.84978009546748,110.82088470458984,8411600
2022-05-06,106.25279307301352,108.27060937737065,103.37554678567803,106.95342254638672,11237500
2022-05-09,105.53347367977497,106.89736474190461,103.31013845853042,103.88932800292969,7506000
2022-05-10,105.58954219414736,105.97255643326616,101.2176135466307,102.2825698852539,7526900
2022-05-11,103.412909157298,103.83329112469112,100.50763165536819,100.81591033935547,6611800
2022-05-12,98.25628275199607,102.64689149643507,98.0881313845357,100.79723358154297,10245400
2022-05-13,103.00187193107507,105.66426239132993,101.51653380450894,105.57084655761719,9618800
2022-05-16,105.54282585070953,105.97254440108523,104.21629531231243,105.18783569335938,5722500
2022-05-17,107.8969289218889,109.39160356809992,105.62688935299089,108.27059936523438,6026100
2022-05-18,105.09441349336203,105.89780246890719,101.61929041350082,102.17045593261719,8188300
2022-05-19,101.77810245742378,101.92757349525655,99.28386331275316,99.43333435058594,7702000
2022-05-20,101.51652651018553,102.46938647623432,98.1535068479732,100.89063262939453,7621900
2022-05-23,100.39552009615896,101.59125976034724,98.85413403987819,101.47915649414062,7136400
2022-05-24,100.05922749257098,100.88129681262359,97.83589927620994,100.22737884521484,6023400
2022-05-25,96.6495001964254,101.72205790187428,96.6495001964254,101.07747650146484,7158800
2022-05-26,102.75896301844618,106.02856638721492,102.75896301844618,105.50543212890625,6520300
2022-05-27,106.70118545340678,108.37335510502847,106.5050100811612,108.35466766357422,5043000
2022-05-31,109.76528891204705,111.9045451852531,106.91605941282303,111.02642059326172,13774600
2022-06-01,111.94191476126657,112.80135192253606,109.86805025638051,110.86761474609375,5543100
2022-06-02,111.64296519646923,115.44504724949222,111.4094220553077,115.28623962402344,5838100
2022-06-03,112.57510614464496,114.75712266112357,112.37844472375787,113.26810455322266,5201500
2022-06-06,113.78319238657139,114.38254361027226,111.84466420948226,112.59385681152344,3963400
2022-06-07,111.12355436812723,114.22332414993294,110.93625267529924,113.94237518310547,5373600
2022-06-08,113.22127661866743,115.95581686878805,112.79985319334706,114.62600708007812,4365800
2022-06-09,113.64269924743213,114.27951071130482,111.05799305349841,111.0673599243164,3892600
2022-06-10,109.65326384712343,109.65326384712343,107.00301095972068,107.44316101074219,6292600
2022-06-13,103.3788090791692,104.90528046056562,102.30184749893627,103.4256362915039,6423100
2022-06-14,103.36007429685287,104.78353141426403,103.0229384002607,103.6878433227539,4548400
2022-06-15,105.03638989439128,107.4337944317806,104.14672291899855,106.23509216308594,4828700
2022-06-16,102.55470133496733,102.9199307217448,99.00541447194966,100.31649780273438,7384800
2022-06-17,99.4081147259762,101.65568536749828,99.12716571647466,100.52252960205078,10256800
2022-06-21,101.57138412131991,102.84500707508428,101.17806127687686,101.77741241455078,6211400
2022-06-22,98.70573487688064,100.11046542879595,97.9659092621591,98.25621795654297,9884000
2022-06-23,98.34049297681486,101.2342341155923,97.778602256597,101.14058685302734,8898400
2022-06-24,102.9480123437633,105.76684010884263,102.64833680076948,105.7387466430664,10463700
2022-06-27,105.11131237082424,106.0197060205921,102.86374185337554,103.48182678222656,12644700
2022-06-28,101.32789424099813,106.80634910684972,95.97119440711037,96.25213623046875,31296500
2022-06-29,96.44879500760209,98.90239354208016,95.08152483253272,96.6922836303711,10326600
2022-06-30,95.46548002904154,96.81401635114968,94.37915175960316,95.7089614868164,9027400
2022-07-01,95.18453681889385,95.98991619956921,93.2085487040774,94.75375366210938,7934300
2022-07-05,94.07012086960974,97.75051524449437,93.7517187036338,97.69432830810547,9948800
2022-07-06,98.22812411187947,99.00541006238328,96.87958050086841,97.61004638671875,6432900
2022-07-07,98.93988278986733,101.40284176982634,98.5840130499522,101.26236724853516,7633900
2022-07-08,99.81080176489137,101.71186952865955,99.74524795044522,101.07505798339844,5938600
2022-07-11,99.82952208482646,100.28839875708621,98.20940342477843,98.43415832519531,4935200
2022-07-12,98.34051552879357,99.13652816038379,96.59864889528424,97.16990661621094,6017400
2022-07-13,95.46549597298701,99.15525023874633,95.10962630709503,98.43415832519531,5299400
2022-07-14,96.5611780550126,97.20735639085419,95.38120239885852,96.66419219970703,6951300
2022-07-15,98.10638023577614,98.91175962830835,97.32909431010432,98.05018615722656,7862000
2022-07-18,99.44555861775899,99.90443525551927,97.09497420462709,97.33846282958984,6834800
2022-07-19,98.89302801983963,102.6202495083205,98.73382694097836,102.25502014160156,8973900
2022-07-20,102.28311022820145,104.54004015961199,101.95534121054789,104.05307006835938,5884600
2022-07-21,103.36006154307755,104.57749022403634,103.07911261564121,104.53067016601562,4291400
2022-07-22,104.82099468002016,104.82099468002016,101.84296560682735,102.18946838378906,6039300
2022-07-25,102.64834449936176,102.64834449936176,100.84092423564134,102.33930206298828,5079500
2022-07-26,100.65362904549094,101.07504535071337,97.92844836091031,98.5184326171875,8459500
2022-07-27,99.54857349589638,101.49646107548737,99.03350277483327,101.00949096679688,7437000
2022-07-28,102.47977739164162,105.26114505226259,101.16869410259915,105.10194396972656,6773500
2022-07-29,105.59828536816651,107.89267586116286,104.41830964427982,107.62109375,7560000
2022-08-01,106.75952496173622,108.21108276432311,106.05715966593533,107.04047393798828,4802900
2022-08-02,106.35682968737325,106.55349110255136,104.57750293526742,104.67115020751953,6334400
2022-08-03,106.21634158743662,107.78963985196089,105.42969602758846,107.02172088623047,5986500
2022-08-04,107.35887198947167,108.02377691993544,106.60031978546054,107.20903778076172,4332000
2022-08-05,105.62637909939475,107.0404765972911,105.42035079766859,106.63778686523438,4162200
2022-08-08,106.75953674316406,108.23918817769695,106.11335831337297,106.75953674316406,6071600
2022-08-09,104.24973319744429,104.6524228957221,101.9085156829986,103.11658477783203,7377600
2022-08-10,106.04778698148006,106.60031803253285,104.75543748018853,105.95413970947266,6951800
2022-08-11,107.5836157040399,109.33484883133522,106.50666145282725,106.85315704345703,5582100
2022-08-12,107.12475292508805,108.75423838921122,106.54412838277787,108.69805145263672,4407900
2022-08-15,108.11741322250003,109.1756480262069,107.55552249340369,108.93215942382812,4279000
2022-08-16,108.57630526624229,110.94561623743175,108.45455738332771,110.56165313720703,6189800
2022-08-17,109.35358219581765,110.48673773616444,109.01645345414838,109.60643768310547,5108400
2022-08-18,108.63249409118168,109.2693055492335,107.97695603649406,108.64186096191406,4750200
2022-08-19,108.1642537594791,108.30472824527541,105.85112961383099,105.9728775024414,5967600
2022-08-22,103.96879700153352,104.58688193074437,102.86374191325964,103.33198547363281,5802900
2022-08-23,103.80020956211148,105.66382372707847,103.5473612306669,103.65037536621094,4806700
2022-08-24,103.65037627297143,105.28922844118213,103.03229145430001,104.33401489257812,4769000
2022-08-25,104.7929128778555,106.1414495071853,104.3153024337023,106.0290756225586,5433700
2022-08-26,106.11334549736766,106.50667548898723,101.35599670679305,101.40281677246094,6203600
2022-08-29,100.02618026524023,101.64630601746843,99.67968462686375,101.0282211303711,4132400
2022-08-30,102.04899213488498,103.0884933029731,100.32585229564302,101.00949096679688,5129500
2022-08-31,101.10313854861283,101.14996575788103,99.08969001217312,99.68904113769531,8884800
2022-09-01,99.08034543487634,99.78271081231215,97.20737109504752,99.72651672363281,5590800
2022-09-02,100.92397190464726,101.57200640682403,98.66055878378145,99.30858612060547,7763800
2022-09-06,99.0268330366659,99.93783594546525,97.37387937910579,98.75447082519531,9158900
2022-09-07,98.68871676103382,101.95704857203702,98.61358088448507,101.88191986083984,7238300
2022-09-08,100.49195019260834,102.1730780696915,99.62790897605747,102.11672973632812,5628300
2022-09-09,102.72717906702545,104.89668283874742,102.65205035167882,104.22047424316406,5171500
2022-09-12,104.60553125576627,106.46510486097107,104.60553125576627,105.54470825195312,4836900
2022-09-13,102.22001476090826,102.28576402547822,99.02681889560633,99.28978729248047,5955600
2022-09-14,99.67483405232001,100.83002470207953,98.75444477461942,100.4919204711914,4888700
2022-09-15,99.69364215555309,101.56260241998218,98.45392877515184,99.08317565917969,6598900
2022-09-16,97.74014766003323,98.88594471784637,96.97002282589924,97.787109375,8000800
2022-09-19,97.38326338978196,100.8394349642394,97.04515910361262,100.68916320800781,5162300
2022-09-20,97.50536293946523,98.08765530130927,95.52369875222213,96.19051361083984,10006600
2022-09-21,96.4252935900233,97.32690258210789,93.70167906259097,93.72046661376953,6279300
2022-09-22,93.72047037687018,94.11492298324202,91.87968438178328,92.55589294433594,9638800
2022-09-23,91.02504886575059,91.60734128600171,89.5411472293821,91.11896514892578,9026500
2022-09-26,90.24552035678133,91.78577732902501,89.88863565310973,90.21734619140625,8521600
2022-09-27,91.16590648581455,91.79515332425862,89.22181048089747,90.433349609375,9890300
2022-09-28,91.20347417405355,93.3823644111128,90.87476367467313,92.69676208496094,9423300
2022-09-29,92.14265684696248,92.14265684696248,88.73344688675158,89.53174591064453,19339200
2022-09-30,78.23345187646292,80.95705961512864,77.48210736316403,78.06439971923828,48176100
2022-10-03,78.07379057133161,81.21064584457675,77.21914312725269,80.20572662353516,19108200
2022-10-04,82.36582091481297,83.65249599810143,81.8117099182553,83.24864959716797,15114800
2022-10-05,82.16859154285154,86.1225257480673,81.84927481069548,85.55902099609375,12732700
2022-10-06,84.98611370700571,87.00534542832436,84.3474731431782,84.68557739257812,9951900
2022-10-07,83.15473481316744,83.3613549055209,81.41725874664839,81.85867309570312,8554700
2022-10-10,82.4221706306101,82.44095101673976,79.89578235775919,81.41725158691406,7991200
2022-10-11,80.80679127952831,82.88237162409688,80.53442908517063,82.63818359375,11903200
2022-10-12,82.64758171645082,83.47405495408847,81.99954724871588,83.1265640258789,8772900
2022-10-13,81.13549691680663,84.34748039698242,80.81618019010742,84.11268615722656,9335000
2022-10-14,85.00492376296094,85.35241471409198,82.16860482709389,82.22496032714844,7811700
2022-10-17,84.08451677961021,85.17396555343953,83.3049981395791,84.49775695800781,8451900
2022-10-18,86.96779825142576,87.25894802561712,83.72764011420276,84.22540283203125,7364700
2022-10-19,82.89175692295947,84.28173475124945,82.42216846320045,83.18289947509766,5102000
2022-10-20,84.02817887839558,85.07066606481764,81.34213171621747,81.54875183105469,13500000
2022-10-21,81.72717949719166,83.38013302571387,81.43603691971259,83.1171646118164,7976300
2022-10-24,82.45036230380818,83.43649400546397,80.99463486495772,82.656982421875,8847100
2022-10-25,82.67574638114417,86.33853794664252,82.54426218038769,86.14131164550781,8639900
2022-10-26,85.25849319305969,88.61135504339286,85.18335730784128,86.77056884765625,8648200
2022-10-27,87.23075948271526,87.79427142986927,84.73255232276418,85.03308868408203,8617900
2022-10-28,85.65293073885776,88.16992512702218,84.95794183651903,88.12297058105469,6022400
2022-10-31,87.34345932124236,88.1793262619487,87.04292297363281,87.04292297363281,6426400
2022-11-01,89.86984507140187,90.59300817363139,87.31528260863784,88.06661987304688,7250700
2022-11-02,87.46555131280779,88.69587805359193,84.70437580896161,84.80768585205078,7176600
2022-11-03,84.49775729514477,86.03800702850602,83.32378602487846,84.90160369873047,6550300
2022-11-04,88.70526706699624,92.2553622372658,88.23567855490977,89.9637680053711,12543300
2022-11-07,90.4521240700744,90.97806800141947,87.03352076041106,87.7566909790039,9094500
2022-11-08,88.6958860429128,90.1891741660436,87.2871204179128,88.0478515625,7017800
2022-11-09,87.03353006130041,88.18872091331723,86.36671525734099,86.49819946289062,6550900
2022-11-10,90.47091024033547,93.61715134379784,90.37699398574796,93.43870544433594,9361000
2022-11-11,94.20884868887653,100.68917184235718,94.04919030820315,99.63729095458984,12597500
2022-11-14,98.80140326950371,99.96598774042131,97.97493020835162,98.0406723022461,7134900
2022-11-15,101.42171163323034,102.66142485716522,99.11133731432221,100.21956634521484,7242900
2022-11-16,98.84837786012565,100.11626535922792,98.39756975370949,98.82959747314453,5998700
2022-11-17,97.77770432969108,98.9892433496123,96.66008156352751,98.95167541503906,5252900
2022-11-18,101.0836217708493,101.16815143004374,97.83407008723434,99.00804138183594,5498900
2022-11-21,98.24731220478112,99.06439882139284,97.2987413738207,97.51475524902344,4774800
2022-11-22,98.25670199996057,99.70303546453869,97.52413790853633,99.52458953857422,5313200
2022-11-23,99.55274164953302,100.47313807414137,98.82957866011606,100.1632080078125,3873100
2022-11-25,99.97537716533768,100.66097944841603,99.13951030570512,99.51518249511719,3426100
2022-11-28,98.84838148310459,99.8345202215234,98.28487670344471,98.57601928710938,6967400
2022-11-29,98.96108630180962,100.32289013014832,98.72629204414072,99.78755950927734,8494400
2022-11-30,100.56707330091727,103.01832580566406,99.03621022912455,103.01832580566406,16251000
2022-12-01,103.39398709650166,105.05633431237301,102.8868378484696,104.3519515991211,7822900
2022-12-02,102.35478163066263,106.17954148059144,102.06273825399175,105.69908905029297,5892000
2022-12-05,104.58746301353716,104.69109015382251,102.86349925323856,103.26858520507812,6220100
2022-12-06,103.29684991365072,104.12585988123642,100.56487528346915,101.67650604248047,7086100
2022-12-07,101.10186227072316,102.79757286654117,100.85692469858361,102.0533447265625,5751500
2022-12-08,102.30768147788048,105.0302334224634,102.17579369551864,104.90776824951172,6192800
2022-12-09,103.8338279907463,104.92661357591138,102.92945148281278,103.0801773071289,5677700
2022-12-12,103.72077089117238,105.67083417062034,103.35336818543182,105.57662963867188,6426000
2022-12-13,108.91151857572788,109.70284524534755,104.8041378564342,106.31143188476562,8655300
2022-12-14,107.11219588034422,107.50786645686267,103.84325442711817,104.99256134033203,7528500
2022-12-15,102.86350127619414,103.26858723600029,101.48809497221968,102.222900390625,7500700
2022-12-16,100.67791861268717,101.37504074974574,99.02931420505008,99.81121826171875,14083600
2022-12-19,98.90685283877929,99.39672794210642,96.51402017020067,97.07926177978516,10620300
2022-12-20,97.03215640872473,97.40898175457725,95.78863779855334,97.22998809814453,17147900
2022-12-21,109.99489989138227,112.27468279186468,108.65716956613498,109.0716781616211,32777300
2022-12-22,107.6680017224961,110.0514115636473,107.45132483359826,109.94778442382812,17147600
2022-12-23,109.38256227824917,110.38114335100938,109.07168082404601,109.51445007324219,6603700
2022-12-27,109.72171621726416,111.35147579728192,109.10937585308636,110.7485580444336,6661100
2022-12-28,110.76736957662726,111.38912517567782,108.29917083531902,108.3180160522461,5437800
2022-12-29,109.35428474618219,111.22898141749744,109.09050919693316,110.55069732666016,4588600
2022-12-30,109.80648413669971,110.45650767585148,109.06225605832124,110.23041534423828,4355500
2023-01-03,111.68116645879357,112.56669757957178,110.6354797464962,111.86957550048828,8124800
2023-01-04,113.00948284824813,115.14796243187568,112.60439688223137,114.18705749511719,8550700
2023-01-05,113.31094442496652,115.25158519023364,113.1225353518253,113.6312484741211,6046700
2023-01-06,114.93127981945787,118.09660088783382,114.71460293277632,117.31468963623047,10080700
2023-01-09,117.75746029216334,119.27417695571401,117.33353631004955,117.61614990234375,9397900
2023-01-10,117.9553025417661,119.01041206805533,117.16397578755841,118.54879760742188,5899900
2023-01-11,119.0009831685157,120.8285741321711,118.70894695618497,120.5271224975586,6989200
2023-01-12,120.91336476070455,121.0169918997061,119.13286536665291,120.48001098632812,8366400
2023-01-13,119.32128634869048,121.74237232916352,119.32128634869048,121.3843994140625,4856500
2023-01-17,120.58364261138922,121.57280817962385,120.42349418600881,120.71553039550781,6172200
2023-01-18,120.39523870034931,121.13945957659698,118.69952827857433,119.1046142578125,6828800
2023-01-19,117.55962716305638,118.17196738644869,116.44799646419405,117.31468963623047,5273500
2023-01-20,117.45600176541028,119.30243788477614,116.85308414224367,119.28359985351562,5673200
2023-01-23,119.54738671792865,121.29019586177432,119.20824462441487,120.85684204101562,5581600
2023-01-24,119.46258483533744,120.59305356801988,113.47108473996163,119.48143005371094,5486200
2023-01-25,118.56763132552642,119.6510013897483,117.59731100980119,119.47200775146484,5933700
2023-01-26,121.01700748282374,121.51629802375389,118.70895667472108,120.14088439941406,5838800
2023-01-27,119.70753775658137,121.13005005822176,119.35897304529719,120.14088439941406,5730000
2023-01-30,119.17055324851788,120.16913424061033,118.89735507028887,119.04808807373047,6494600
2023-01-31,119.09519105550767,120.44233677628793,118.70895029806894,119.95246887207031,7686900
2023-02-01,120.48944049374772,122.67501877240377,118.90677986524885,121.99673461914062,6387900
2023-02-02,122.89169980957283,123.70187182425909,120.45176834226714,121.58223724365234,5214500
2023-02-03,119.44375125602808,121.9213657009604,119.11403179565232,120.21623992919922,4930200
2023-02-06,118.24734391578525,118.79374032928689,117.1168750213334,118.44518280029297,4666400
2023-02-07,116.77770464569431,118.63356316781449,116.10884320653958,118.06832885742188,5288900
2023-02-08,116.23130565597673,116.90958968757977,114.74285701700785,115.78854370117188,5877800
2023-02-09,117.48427840170716,117.77631464374905,114.46026726484583,115.10086822509766,5929000
2023-02-10,114.46966515001067,115.53418992118273,113.55586617892267,115.14794921875,5195500
2023-02-13,115.7037648744417,118.43573927209313,115.36462282853492,117.89876556396484,5689800
2023-02-14,116.76829748877006,119.03866482636444,116.57046581332183,118.88793182373047,4845900
2023-02-15,117.66325715402373,120.1126109196215,117.66325715402373,120.0937728881836,5687900
2023-02-16,118.1625435092293,119.83940855501821,116.91902504480815,117.17337799072266,4722200
2023-02-17,116.54221786439471,117.65384872417627,116.28786487893058,117.60674285888672,5161500
2023-02-21,116.13712561496797,116.81540978952762,113.97039248773085,114.08343505859375,5110300
2023-02-22,114.08342589522154,114.36604667436933,112.7080196238819,112.95295715332031,5022000
2023-02-23,113.76313398959877,113.76313398959877,111.68118286740412,113.00948333740234,4101900
2023-02-24,111.13479310257999,111.86017596882894,110.54129084284877,111.20073699951172,4693000
2023-02-27,112.35002966700041,112.87758074191645,111.46449134495337,111.66232299804688,4239800
2023-02-28,111.86017410523283,113.42399675976849,111.0217414922068,111.90727996826172,8414100
2023-03-01,111.11593992146081,112.84933352530993,111.0028973561598,111.70944213867188,4120500
2023-03-02,110.73912440995342,113.00948462744141,110.73912440995342,112.65150451660156,4443200
2023-03-03,113.49232687805691,114.35204914095247,112.44365831079547,114.25757598876953,3871800
2023-03-06,114.43706842044924,115.24955047212907,113.33171744589849,113.53011322021484,5183800
2023-03-07,113.55845040205284,114.33314172516901,112.64205296506823,112.9821548461914,5345700
2023-03-08,112.67982464204158,113.40728292020499,112.16966826992885,113.23722839355469,4175200
2023-03-09,113.44508817401984,115.12673470456444,111.05488222614427,111.3572006225586,5635900
2023-03-10,112.26416278186392,112.4153183855362,110.19516684829271,110.99819946289062,5979600
2023-03-13,109.42047845847578,111.75400216832287,109.39213723250027,110.40301513671875,6038200
2023-03-14,112.42477416992188,112.88769769242636,110.75257691884406,112.42477416992188,6050800
2023-03-15,109.89283895826871,112.0751996044735,109.41101654791633,111.64061737060547,6599200
2023-03-16,110.40300150676191,114.13474476151814,110.16681504233838,113.98358917236328,5658700
2023-03-17,114.47485380148993,115.00391638291913,112.11298915819185,113.73795318603516,12868900
2023-03-20,114.3047933321046,115.90141605469694,113.18999298995725,114.50318908691406,7594100
2023-03-21,116.67610335281549,119.09465023321582,116.17538924471745,118.66951751708984,15078800
2023-03-22,116.82727920153144,118.33887117082267,112.73652780351276,112.89713287353516,17625500
2023-03-23,113.81353861467211,116.4588227841329,112.86879272389916,114.2859115600586,7628100
2023-03-24,113.58679398363792,114.31424509918371,112.72707182106332,114.04026794433594,6158800
2023-03-27,114.33315558834674,114.38039577059018,111.11157553729187,111.30052185058594,6564200
2023-03-28,111.43277481578282,111.89570549141656,110.39355577859855,111.3572006225586,4461400
2023-03-29,112.0846345342284,113.90799410915648,111.94292123100682,113.83241271972656,5644000
2023-03-30,114.34259560744833,114.72994488784975,112.7459727231856,113.46398162841797,4578900
2023-03-31,114.23866816256435,115.92976412432505,113.93634977435143,115.86363220214844,5659400
2023-04-03,115.73136827458548,116.06202788523079,114.14419493564903,114.94722747802734,4838400
2023-04-04,114.67326091948813,117.10125772486195,114.65436917192052,116.85562896728516,5895300
2023-04-05,116.20373714117314,116.51550499509172,113.89855500844962,114.21977233886719,4331400
2023-04-06,112.90657053145155,113.83241736229489,111.33828907209075,113.57733917236328,4256900
2023-04-10,112.70817084095583,115.17395782470703,112.54755858552338,115.17395782470703,3731200
2023-04-11,115.29678555724466,117.22406797554734,115.29678555724466,116.48716735839844,4471000
2023-04-12,117.86650485339791,117.96097800531768,116.41159524874723,116.82728576660156,4524900
2023-04-13,117.75313303348368,119.67096613270469,117.58307847647771,119.44422912597656,5355300
2023-04-14,119.98273164193176,120.44565512377254,118.55616328689173,118.9907455444336,4828700
2023-04-17,119.06632834141968,119.49146833439758,118.2160555633033,119.21749114990234,3917900
2023-04-18,120.20001871314429,120.2472516813521,118.11212402357353,119.23637390136719,3857700
2023-04-19,119.0379717648653,119.11355315935916,118.01764456271378,118.72620391845703,3547400
2023-04-20,117.90429048648805,118.42389640362626,116.87451371367088,117.57362365722656,3891600
2023-04-21,117.52639568258746,118.73566932538223,116.78949500699937,118.59395599365234,3651400
2023-04-24,118.57507109756513,120.10555498672734,118.23496196489799,120.06776428222656,3790900
2023-04-25,119.53869626261738,119.7654332579355,117.19573049270554,117.77202606201172,4383300
2023-04-26,117.3468729880935,118.07433127830178,116.47770859652883,116.997314453125,4003200
2023-04-27,117.56418012421028,119.04743087393747,116.33600759174153,118.75455474853516,4252100
2023-04-28,118.23494238540668,120.04885265402456,118.05543837071349,119.71819305419922,4421400
2023-05-01,119.90713711949486,121.56988456438388,119.85045467709867,120.85188293457031,4112600
2023-05-02,120.12444041339691,120.5306814312259,118.25384039441157,120.22836303710938,3831600
2023-05-03,118.55615871197317,121.28648094211877,116.8367214950759,119.73709106445312,4560100
2023-05-04,118.03654694522228,118.27273340399992,116.03368317996595,116.83671569824219,6177100
2023-05-05,118.9718465409723,120.01106554630299,118.30107784473304,119.59537506103516,4887800
2023-05-08,120.22836994647587,120.63461098765099,119.0190963005144,119.8693618774414,3892600
2023-05-09,118.34831870020766,118.71677624169328,117.30909962561985,118.18771362304688,4082100
2023-05-10,119.31194664651434,119.47255170088262,115.41959139811676,116.68555450439453,5052600
2023-05-11,116.62889146017551,117.01624078207527,115.16453947680229,115.46685791015625,5923100
2023-05-12,114.30480992493958,114.50320570854878,112.45310873674747,113.56790924072266,6574200
2023-05-15,113.19945097467179,113.36005604427888,111.48946323956784,113.20890045166016,5518200
2023-05-16,111.0076440007239,111.32885414913336,109.70389724472902,110.04400634765625,8306400
2023-05-17,109.949519404515,110.65807879186251,108.88195918906673,110.51637268066406,7765400
2023-05-18,110.94151213492674,112.56647624803945,110.39355777904655,112.30194854736328,5970500
2023-05-19,108.23008336861218,109.10869730634842,106.85075527854521,108.41903686523438,11674300
2023-05-22,106.61457965183966,106.61457965183966,103.94094686751116,104.09210968017578,12710300
2023-05-23,103.70474365370454,104.92346660486587,102.21205076249221,102.76944732666016,11790400
2023-05-24,102.97729485443173,103.07176799529927,101.27674948746163,102.30652618408203,8503200
2023-05-25,102.3632145852143,102.94895962522882,101.48460062911202,101.54129028320312,6729800
2023-05-26,101.08780346464346,102.45768203032793,101.08780346464346,101.56962585449219,7911200
2023-05-30,102.41045766605312,102.86393166460552,100.39814427297924,100.63433074951172,9335200
2023-05-31,99.85963775832782,100.30366948018651,99.03771344648135,99.44395446777344,21465200
2023-06-01,98.42362004334394,98.82041155877955,97.2143465442038,97.90400695800781,12025200
2023-06-02,102.01771703443471,102.7665239833697,100.59593333605417,102.15989685058594,11838200
2023-06-05,102.25467006296644,102.25467006296644,99.69546257184116,99.71441650390625,7434000
2023-06-06,99.98929816880278,101.18359840431494,99.7144191414154,100.65280151367188,7896300
2023-06-07,100.51062282340355,102.59590254396447,99.92294966541459,101.50586700439453,11123900
2023-06-08,101.57222510061483,101.91344651575872,100.15991483390358,100.66227722167969,9137600
2023-06-09,100.38739201143432,100.73809396202547,99.85658794769006,100.33999633789062,5795200
2023-06-12,100.74757937599156,101.27837623363412,99.14570099002269,101.2594223022461,7964600
2023-06-13,101.55326478236556,101.87553949875034,100.74758883875187,101.2120361328125,8460500
2023-06-14,101.87552997447513,107.4868337712043,101.87552997447513,106.97499084472656,17415500
2023-06-15,105.99870387658413,106.93707898775234,104.41578660495699,106.5484619140625,10374200
2023-06-16,108.05553251012797,108.77590475170007,107.16454598059313,107.66690826416016,14445500
2023-06-20,105.60061018631396,106.93708300312268,103.2783593124843,103.82811737060547,10602400
2023-06-21,103.43949505256435,104.60536080310331,103.04139737445465,104.24517822265625,8377800
2023-06-22,105.04136289001927,105.44894110896145,104.05559214579718,104.70013427734375,6002900
2023-06-23,102.13144182116272,104.5389959346651,101.7049096899414,103.80914306640625,14329200
2023-06-26,103.95133015504155,106.35888443763892,103.95133015504155,105.91339111328125,6887100
2023-06-27,106.66220427250508,108.22616767526324,106.56742014570025,107.6858901977539,7138600
2023-06-28,107.42994894621235,107.81857320870887,106.27357120257577,107.13611602783203,6766000
2023-06-29,107.67641494970418,108.31147658547816,106.73803975418996,107.45841217041016,12465500
2023-06-30,105.77121554182199,106.39680378354916,104.07456017934054,104.61483764648438,19629600
2023-07-03,105.26885564714532,105.49634623034184,103.42053985595703,103.42053985595703,5734200
2023-07-05,102.95608740746854,103.23096642470571,100.98454584135953,101.51534271240234,10405300
2023-07-06,99.79972379663036,100.55800398939509,98.26419501656719,99.61962890625,9923500
2023-07-07,99.33527517020615,99.97033672113804,98.6054222688721,99.01300048828125,7463100
2023-07-10,99.03196733628373,100.7665377821256,98.81395734203375,100.26417541503906,5374600
2023-07-11,100.14095528900866,102.00823215898014,100.11252077530392,101.79022216796875,5454900
2023-07-12,102.87077586802246,103.40157273510698,101.62908724042191,102.14093017578125,8305000
2023-07-13,103.38260902813582,103.43947804949913,102.0650903350814,102.21674346923828,6692300
2023-07-14,102.31154868322281,102.97504479428751,101.60065689355409,102.3210220336914,6933600
2023-07-17,101.66699410285814,103.41104494294683,101.19306630089086,103.0413818359375,6682900
2023-07-18,102.91816344925482,104.58638410931863,102.66223838592346,103.99871826171875,5717200
2023-07-19,103.3921027652037,104.5010922122891,102.91817490936566,104.15038299560547,5027100
2023-07-20,103.85655445833093,104.28308665410864,101.87553940778417,101.92292785644531,6458000
2023-07-21,102.36840616306226,103.59114077113101,101.90395893771604,103.37313079833984,6631600
2023-07-24,104.65273344914486,104.78543264597451,102.85180648016033,103.0982437133789,6787600
2023-07-25,102.63381746117959,103.17409493893203,101.79022643857603,102.65277862548828,7692800
2023-07-26,102.65277600644504,103.87550350524228,102.32102072359515,103.60063171386719,5148900
2023-07-27,104.10299778759249,104.48214153037108,101.7997080473019,102.05562591552734,6544600
2023-07-28,102.472676789825,103.27835266087033,102.0177028875459,102.95608520507812,5988300
2023-07-31,103.70488697411777,105.06979415101706,103.36365837200182,104.63378143310547,6406000
2023-08-01,104.26413130871244,104.76649369342213,103.4489747945009,103.69541931152344,4566700
2023-08-02,102.6338068375416,102.86129016474177,101.84708492616714,101.90396118164062,6213200
2023-08-03,101.42055394292365,103.40156876841476,101.08880591372235,102.97503662109375,5084300
2023-08-04,103.04140056107764,104.55796835665747,102.59590718922107,103.13618469238281,5621400
2023-08-07,104.14090080916422,105.15510604534269,103.48687810949879,104.7190933227539,4887300
2023-08-08,103.91341487982261,104.15985937976457,101.75230510134746,103.97029113769531,5851900
2023-08-09,104.06507525872993,104.2830780139531,102.65277233008871,103.97029113769531,4328600
2023-08-10,104.55796550710964,106.11244835915991,102.86130284619362,103.34471130371094,7276500
2023-08-11,103.22149582093145,103.81864235857799,102.23572494258707,102.45372772216797,5104300
2023-08-14,102.29258961196506,102.65277942096812,101.48691368017019,102.02719116210938,5305200
2023-08-15,100.53905227314699,101.24994403728206,100.09355894390528,100.99402618408203,6197600
2023-08-16,100.53905438197802,102.72859874733948,100.53905438197802,100.97506713867188,5953100
2023-08-17,101.82813666681021,102.20728038763701,99.31631765184319,99.5722427368164,5692800
2023-08-18,98.41584739512608,99.5722323690371,98.34949779325729,99.34474182128906,5836100
2023-08-21,99.97034100778248,99.97982158954217,97.27842708167151,97.4964370727539,6697600
2023-08-22,95.69549817590611,97.03197801048408,95.47749544289533,96.16942596435547,9814700
2023-08-23,91.92305980860726,94.01782028485985,91.51548152027793,93.60076141357422,20909100
2023-08-24,93.55334398757857,94.01779843413564,92.47278919180349,92.53913879394531,10310000
2023-08-25,93.36378296023607,93.92301433118179,92.70976023758138,93.68605041503906,7290600
2023-08-28,94.39694513392847,94.84243846734586,93.71449510847667,94.43486022949219,6006600
2023-08-29,94.81400518980838,96.83294247340156,94.52017223481471,96.46327209472656,8641600
2023-08-30,96.34006446337176,97.4490540314069,96.21684581077874,96.77607727050781,4822100
2023-08-31,97.26895474790892,97.52487260557425,96.31161846399849,96.40640258789062,7046200
2023-09-01,96.97702028510112,97.91854271098781,96.5490502691019,97.3479232788086,6359400
2023-09-05,96.53004313665157,96.96751832351823,95.32223199636977,95.40782165527344,6698700
2023-09-06,94.8752405583508,95.39830538278264,94.18098191145442,95.27467346191406,6096000
2023-09-07,93.44868515669128,93.92420257540216,92.8590409453946,93.13484191894531,9927100
2023-09-08,93.29651852313333,93.3250484080658,92.51667022642502,92.8875732421875,6435000
2023-09-11,93.51525364265618,93.56280102917313,91.850942742349,92.0506591796875,7584700
2023-09-12,92.2408802194835,92.41206680526435,91.47054421138023,91.58467102050781,6307700
2023-09-13,91.58464742197698,92.44057287451463,90.97598577510529,91.42296600341797,7140700
2023-09-14,91.98410371054166,92.89709641353653,91.20425532324472,92.43109130859375,7075300
2023-09-15,93.34407864437128,93.34407864437128,91.42298404692653,91.54662322998047,10467300
2023-09-18,91.29934856586797,91.65123408389422,90.6146022906927,90.83334350585938,6946300
2023-09-19,90.386356127131,90.81431892203976,89.78720676309466,89.98692321777344,9386600
2023-09-20,89.36873822030904,90.7287182274186,89.23559393338806,89.43531036376953,10274200
2023-09-21,88.84567352377026,88.91224567272138,87.00067085748786,87.10527801513672,7958600
2023-09-22,87.09577075876517,87.80904687541756,86.11620605282705,86.4015121459961,9289400
2023-09-25,85.59313027747166,86.40150839003942,85.39341384418924,86.16374969482422,8291700
2023-09-26,85.59313234330297,86.25885380364521,85.38390352553262,85.75480651855469,8060500
2023-09-27,86.12569811748943,86.25884239194342,84.84180275335808,85.04151916503906,7631000
2023-09-28,84.73720178619173,85.38390575994195,84.31875139552037,85.24124908447266,16315600
2023-09-29,94.50433856076884,94.59944059752738,89.98692288444602,90.93795776367188,34935400
2023-10-02,91.48956748271056,91.66075407927717,89.14051704068744,89.92987060546875,12776300
2023-10-03,89.70162043103981,91.34691416482042,89.56847611221609,90.43391418457031,10964300
2023-10-04,90.89990657486362,91.5466105194881,90.46243144406172,91.1947250366211,8045400
2023-10-05,91.09963989257812,91.51809759777548,90.6146100302649,91.09963989257812,7430000
2023-10-06,91.09963752972293,92.92562286824375,90.40537883281804,92.3550033569336,8532900
2023-10-09,92.0411513234062,92.38352444876085,91.22326077459455,92.1362533569336,5964200
2023-10-10,92.48812613963199,94.01929261300042,92.4691086378706,92.84001159667969,8499000
2023-10-11,93.49622448823966,94.10488615127392,93.21091841509076,93.819580078125,7642900
2023-10-12,94.66601400202028,95.15104382847593,93.69595434910897,94.39021301269531,10705200
2023-10-13,94.71355282673314,95.91185871366946,94.58040853438685,95.01789093017578,8774700
2023-10-16,94.83720131372851,97.55716170603732,94.72307451372365,97.0436019897461,10845400
2023-10-17,96.97701792626789,98.51768963009506,96.97701792626789,97.96609497070312,9253800
2023-10-18,97.92804984083699,98.81251245283643,97.89000757995517,98.68887329101562,8757300
2023-10-19,98.68888943102515,99.2404914202941,97.81393905510784,98.004150390625,8391100
2023-10-20,98.26092775090987,98.68889056304653,97.54765156013502,97.64275360107422,7823500
2023-10-23,97.12918257433786,98.67937395901902,96.7868094621273,97.77588653564453,5966100
2023-10-24,98.58427640650196,100.47683373352734,98.58427640650196,100.02984619140625,9252200
2023-10-25,99.3451118669786,99.89671388970679,98.42260678726927,98.47016143798828,7054700
2023-10-26,97.17675179889187,97.60471462546249,95.05594066089803,95.12251281738281,11222600
2023-10-27,94.89426204694168,95.42683927405093,93.02072211552021,93.18240356445312,9602700
2023-10-30,94.15245283527928,97.05311211283569,94.15245283527928,96.81535339355469,8206700
2023-10-31,96.43493329996375,97.89001543024226,96.43493329996375,97.73784637451172,6558500
2023-11-01,97.52864074075333,97.64276029537605,95.07496873486932,95.9404067993164,7272400
2023-11-02,97.05310388667077,100.38172567447283,96.90093483643494,99.93473815917969,8135100
2023-11-03,101.21864542061807,102.37890916784148,100.85725476813067,101.81779479980469,7568000
2023-11-06,101.72268839804065,102.33135013182329,101.16158130988674,101.99848937988281,5231900
2023-11-07,102.06506823409187,104.00518035888672,101.97947857332272,104.00518035888672,7745800
2023-11-08,104.01468915968516,105.27956005660198,103.56770159775391,104.03370666503906,8639700
2023-11-09,104.44266052314333,104.51874506243757,101.68465764820576,101.7607421875,9154200
2023-11-10,102.08408313898275,102.5500954662541,100.43879681789647,100.91431427001953,8897700
2023-11-13,100.21054805158433,100.543408808865,99.07881422100975,99.09783172607422,7055600
2023-11-14,100.39122338239412,101.85581773153648,100.22003684143412,100.5719223022461,9674800
2023-11-15,101.58955342556607,103.71986968941825,101.49445138139622,102.54058837890625,11140800
2023-11-16,101.85583625861943,102.71176911910945,101.76073421985843,102.34086608886719,5386800
2023-11-17,102.76882396317322,102.9114806423842,100.35319456421281,100.77165222167969,6352600
2023-11-20,100.80969045051962,101.33276250141157,99.95375766534181,101.11402130126953,6197400
2023-11-21,100.97136579405897,101.47541309120248,100.19151752651581,101.332763671875,5803500
2023-11-22,102.2362482494173,102.74029556822737,101.5895442493277,102.63568115234375,6280300
2023-11-24,102.23625571371767,102.71177318215356,102.14115367119464,102.36940002441406,2443600
2023-11-27,102.38841521258502,102.92099240557197,101.66562669651697,102.67372131347656,5785000
2023-11-28,103.25385463341011,104.51873274073166,102.85442173293599,103.42504119873047,7287400
2023-11-29,105.37467407349668,106.65856978912925,104.75649991239337,104.96572875976562,9601800
2023-11-30,105.1178841987466,105.18445635016019,103.62475972633855,104.87061309814453,8690900
2023-12-01,105.28094174000273,108.35358522131702,104.72748268107996,108.28678894042969,8051800
2023-12-04,107.90508618640233,110.04257432430073,107.82874550427249,109.88035583496094,10086600
2023-12-05,109.4127786227333,110.72962258894447,109.35551947272555,110.12845611572266,6960000
2023-12-06,110.6914430009784,111.7792721170165,110.28112098140281,110.7964096069336,6317000
2023-12-07,108.89748986070835,110.69145215403974,108.89748986070835,109.555908203125,7294500
2023-12-08,109.2600983665948,110.96818287407787,109.23147243142576,110.60557556152344,6122200
2023-12-11,112.39954824682437,113.95495153660897,112.05602243259914,113.18202209472656,7972800
2023-12-12,114.2030491870585,114.49886023603639,113.1533902672272,114.16487884521484,7378400
2023-12-13,113.88815211585066,115.8825106645901,113.74501515049401,115.62486267089844,8182900
2023-12-14,115.88251256572113,116.97987899754537,114.33664641895558,115.48172760009766,9590500
2023-12-15,115.39584316573222,116.47412800410203,115.08094331090139,115.98747253417969,13633300
2023-12-18,115.85387753090964,116.26419230972961,115.32904445061988,115.59622955322266,6874800
2023-12-19,116.16878098102626,117.69555833909835,116.07335876119338,117.02759552001953,7697300
2023-12-20,115.58670425020844,117.74328151800772,115.46265608357037,115.87297821044922,9176600
2023-12-21,116.70315231473634,117.65738902285275,115.74891560661993,116.92262268066406,16533300
2023-12-22,103.30566688080889,105.72942896540803,102.53273020548215,103.09573364257812,46666200
2023-12-26,103.3438372882649,103.71598901800297,102.56136348724532,103.07664489746094,12846700
2023-12-27,103.38198899031734,103.62054813856552,101.9601785052274,102.22736358642578,10157900
2023-12-28,102.3037203751314,104.39350117262914,101.9220242217633,103.84004211425781,9352900
2023-12-29,103.97363796529393,104.92787473877891,103.14344935147241,103.60148620605469,7667500
2024-01-02,102.68540050875372,102.91441525294701,101.57848256469913,101.67391204833984,9326600
2024-01-03,100.8819036295873,102.56136223576353,99.24061536448875,99.2787857055664,10573700
2024-01-04,97.77108227513394,98.8780002382509,97.618408203125,97.618408203125,10420600
2024-01-05,97.77110040045208,98.9352704463614,97.23673012898509,97.40849304199219,8044500
2024-01-08,97.40848064173511,98.94480225687542,97.0744992645846,98.87800598144531,9414200
2024-01-09,98.4486064065389,98.66808406827015,97.80926951404825,98.03828430175781,7759500
2024-01-10,97.9905558295142,99.07838493829912,97.68520041792978,99.02112579345703,6784700
2024-01-11,99.45054725873743,101.15863177761837,98.98297332727779,101.05366516113281,9537700
2024-01-12,101.14909054361725,101.45444599744465,99.92766872830764,100.25210571289062,6680900
2024-01-16,99.18336326843993,99.45054837513048,96.72143087636604,97.06495666503906,10547900
2024-01-17,96.42562389010422,96.67372019661114,95.65268719295256,96.20614624023438,8226200
2024-01-18,96.37791532959528,96.7882374385451,95.4904748279247,96.32066345214844,8852400
2024-01-19,96.39698572994587,97.5039037677492,95.10876767441466,97.12220764160156,8517200
2024-01-22,97.0935745906863,97.15082645732592,95.50953833134646,95.9580307006836,9897400
2024-01-23,96.97906924867998,97.46573198432033,96.59738040843057,97.2367172241211,8208000
2024-01-24,97.12222123473188,97.14131004784736,96.08210660766044,96.1489028930664,7879300
2024-01-25,96.88365395956284,97.08404279908308,95.50955073971156,96.15843200683594,10063700
2024-01-26,96.92182144633475,98.54402092621955,96.5878400569759,98.04782104492188,9735800
2024-01-29,98.171869557518,99.25016169317551,96.70234415866709,99.12610626220703,8860800
2024-01-30,98.6108138166342,99.53642454980967,98.41042498990262,99.4123764038086,7542800
2024-01-31,99.3265110180872,99.52690716481287,96.49243366628144,96.8836669921875,11547600
2024-02-01,97.2367190785636,97.5707004602753,96.00575288861347,97.1031265258789,7666700
2024-02-02,96.26339188623449,96.76914343273691,94.87975163779315,96.1011734008789,8966900
2024-02-05,95.90079047048214,95.98666828086182,94.51715013698748,95.11831665039062,10097900
2024-02-06,94.94655356733118,97.93331187775578,94.59348336031198,97.91423034667969,11368600
2024-02-07,97.70428941013601,99.56504795409201,97.66611907074105,99.04022216796875,9447800
2024-02-08,99.65092542498898,100.15666964290249,98.33408157757756,99.02112579345703,6330400
2024-02-09,99.04977251168532,100.13760176879848,98.60128009721356,99.71773529052734,5449000
2024-02-12,99.94674567052334,102.51364461407695,99.86086786569341,102.27508544921875,7501900
2024-02-13,100.18531033074085,100.95824701784711,99.47917720249721,100.19485473632812,6180500
2024-02-14,100.02309733475902,101.5498747014678,99.67957151721843,101.46399688720703,5743300
2024-02-15,102.12239597322016,102.42775138876125,100.9868593893082,101.19679260253906,7201300
2024-02-16,99.84178890552226,99.90858518706247,96.99816745681201,98.7730484008789,14590100
2024-02-20,98.41042895097706,99.0879361391724,97.49436258608274,98.5726547241211,8759500
2024-02-21,98.62035159787177,100.6910432819332,98.21957397132714,100.45248413085938,8888100
2024-02-22,100.95824604873009,101.15863488264938,99.31695775539316,100.27119445800781,6705500
2024-02-23,100.44295758639304,101.74072008734963,100.37616130826652,100.7960205078125,6947300
2024-02-26,100.4906718901411,101.2445198118543,99.01160926521543,99.75591278076172,5831500
2024-02-27,100.0326343563289,100.43341202045737,99.23107174782373,100.3379898071289,5317400
2024-02-28,99.33604103986127,100.61472202966844,98.95434489602711,99.57460021972656,4219800
2024-02-29,100.17577194243599,100.7387681007658,98.93526132066947,99.17382049560547,10811600
2024-03-01,99.47067716894522,99.53771208626175,97.51707875624612,97.56495666503906,7349300
2024-03-04,97.3447150167328,97.4596278579593,94.81653022212413,95.32408142089844,11050900
2024-03-05,94.80694193433831,94.96973998011752,93.84929605621369,94.14616394042969,8670600
2024-03-06,95.76459577922472,95.86035891375218,92.94911432531268,93.4949722290039,10045300
2024-03-07,93.8397316705915,94.23237004670202,93.54286374170943,94.03126525878906,8133900
2024-03-08,94.31855380824561,95.11340175282122,93.86845901297366,94.9601821899414,9043500
2024-03-11,95.66883607956095,97.45005820950767,95.22831979991142,96.79885864257812,8537400
2024-03-12,96.52114587385833,97.07658233416011,95.42942996568419,95.93698120117188,7040900
2024-03-13,96.34875925356577,97.6798865345854,96.08061955757027,97.0669937133789,7326400
2024-03-14,97.87141618365798,98.14913439446765,95.85078258238622,96.01358795166016,8350900
2024-03-15,96.05188775968657,96.87546382733757,95.1325412559648,95.41983795166016,15208500
2024-03-18,94.78780080229203,95.43900035054891,94.34727722901508,94.5579605102539,7207000
2024-03-19,94.32812563802491,95.80290127094408,94.2706692192939,95.72628784179688,6168900
2024-03-20,95.23789340066367,96.18596821732856,94.83568382731089,96.02316284179688,7771700
2024-03-21,96.18597048751313,97.60328253361511,95.53477088879454,96.54987335205078,17176000
2024-03-22,89.87507267864494,91.13916506476075,87.83528939608004,89.88465118408203,41837400
2024-03-25,90.08576621572487,91.47435010555822,88.84082339250483,89.7793197631836,14548800
2024-03-26,89.76972469864546,89.88464483699885,88.49606120328953,88.65885925292969,10816900
2024-03-27,89.31963525665356,90.16236837540434,88.4098745193754,90.1432113647461,11095700
2024-03-28,90.37303878090111,90.79439797399249,89.47284937093073,89.99955749511719,11331700
2024-04-01,89.8367746787585,89.94211633000955,87.80656970466836,88.63971710205078,10360000
2024-04-02,87.87359861543572,88.00766847033948,86.80103246994655,87.097900390625,11107300
2024-04-03,87.1553575402255,87.56714557956543,86.45627280134289,86.50415802001953,8876600
2024-04-04,87.09789523368762,87.19366567259914,85.12514693725662,85.29752349853516,12110300
2024-04-05,85.37414574784508,86.42755492837954,85.03897109580132,85.0772705078125,9716700
2024-04-08,85.33584405899488,86.43713852883924,85.0389761077253,86.18814849853516,8452500
2024-04-09,86.18813650948661,87.29900933150202,86.06364516478165,87.14578247070312,7191900
2024-04-10,86.0923821820977,86.2839084714311,85.01023745921106,85.23049926757812,7932900
2024-04-11,87.36603993337106,88.49606240393959,86.98298010658777,88.10342407226562,15330200
2024-04-12,88.1130025771563,88.9365786475499,87.2606982983492,88.10342407226562,10905900
2024-04-15,89.62608193828238,89.94210685875687,88.62055806348923,89.1568374633789,11597300
2024-04-16,89.09938043108461,90.20067473936436,87.76825313961237,89.43455505371094,10388200
2024-04-17,90.60288851718572,91.04340479981562,89.69312774096778,90.8231430053711,10181200
2024-04-18,91.12959135314095,91.81909029416462,90.52626973363951,91.68502044677734,10062900
2024-04-19,91.37857999425465,92.14469972034463,90.4879689178352,90.52627563476562,11241900
2024-04-22,90.6220352215543,91.03382327959011,89.87507253634026,90.20067596435547,8642000
2024-04-23,90.37303893869037,90.70821351545887,89.93252273690065,90.03785705566406,6582700
2024-04-24,90.11448498069169,91.15832289494868,90.11448498069169,90.6316146850586,6493200
2024-04-25,90.01872961894286,90.77527088291704,88.52480410369539,89.96127319335938,5317900
2024-04-26,90.58373158651527,91.37857951960962,89.9325393208582,90.1336441040039,6115700
2024-04-29,90.44008965669325,90.87102742979964,89.73142636340579,90.07617950439453,5030700
2024-04-30,88.97489600126323,89.54948215702304,88.34284611554588,88.35242462158203,6493300
2024-05-01,87.92146589317699,87.97892961422498,86.27431381079336,86.51372528076172,9783100
2024-05-02,87.46178880184343,88.53434737443332,87.05957933712222,88.49604797363281,7333300
2024-05-03,89.14726789617889,89.68355465609704,87.97894584445977,88.24708557128906,5736700
2024-05-06,88.87911458083332,89.41540125875989,88.56309698324803,89.40582275390625,6696300
2024-05-07,90.09534116800603,90.32517417178018,89.26218648321799,89.80804443359375,7113500
2024-05-08,89.17599590262532,89.67396859532018,88.80251455653942,89.62608337402344,5372900
2024-05-09,89.67396654219529,89.99956996578857,89.07065222146791,89.43455505371094,6429800
2024-05-10,89.12811656282167,89.19515149330532,87.03086939928295,87.08833312988281,10548400
2024-05-13,87.4043396394692,88.8408085151275,87.28942680542198,88.79293060302734,8792100
2024-05-14,89.05149636353644,90.34431695683398,88.67801502116735,88.85997009277344,7811000
2024-05-15,88.38114238966322,88.69716729517808,87.00212993378648,87.78739929199219,15614400
2024-05-16,87.80656495353608,88.90785201950986,87.65333808500384,87.88317108154297,12711700
2024-05-17,88.11301217212262,88.38115188819214,87.47138378723136,88.27581024169922,12019600
2024-05-20,88.34284438088048,88.77378216267375,86.98298880082334,87.88317108154297,9701500
2024-05-21,87.69164487958486,88.91743060388849,87.57672472808417,88.88870239257812,7809700
2024-05-22,88.05554429478818,88.83124250117375,87.76825488664375,88.5822525024414,7611900
2024-05-23,88.53437066707045,88.65886932432724,87.2894352383171,87.52884674072266,7729000
2024-05-24,87.88317100669015,88.29495908269578,87.61503129324633,87.86402130126953,6936800
2024-05-28,87.85443408891771,88.60139673270295,87.4809527670251,88.10342407226562,10835000
2024-05-29,87.79697779689647,88.79293042544539,87.50968109983597,87.78739929199219,7237300
2024-05-30,88.32368256039402,89.90379241440411,88.06511408177761,89.49200439453125,9300100
2024-05-31,89.53989964517096,91.04340355017106,89.03234844185218,91.02425384521484,12565600
2024-06-03,90.87043547013496,91.57225228451466,90.41858904792588,90.75507354736328,9668100
2024-06-04,90.64931023554341,91.43764840509932,89.80329111096013,91.0819320678711,7838400
2024-06-05,91.63952697534339,91.63952697534339,90.08207538206987,90.67813873291016,7463300
2024-06-06,91.19729906380726,93.06239480168496,90.36088856248035,92.02409362792969,9760100
2024-06-07,91.70683794868116,94.158381277463,91.62031651427797,92.82205200195312,9397400
2024-06-10,92.0337099281187,93.24505396746645,91.90872474840035,92.29328155517578,7035100
2024-06-11,91.8318126504976,92.29328228926076,90.8704242933178,92.16830444335938,7301500
2024-06-12,92.62975580215777,92.7739655056571,89.88980077491128,90.06285095214844,9861300
2024-06-13,90.40896242950338,90.88004067306773,90.10131844710058,90.5435562133789,8348200
2024-06-14,90.17823036226373,91.12038683984176,89.69753618620649,89.7840576171875,7426800
2024-06-17,88.4573447870299,91.44726316427787,88.4573447870299,91.33189392089844,6365400
2024-06-18,91.01463091383596,91.5818538393538,90.5723931647735,91.1203842163086,6712000
2024-06-20,90.25513418044936,92.37980151900202,89.90903379332839,91.8798828125,9393800
2024-06-21,92.2548241685741,93.45655959282315,91.7356735851212,93.42771911621094,15124400
2024-06-24,93.54309126138244,94.25451660087602,92.94702783191904,93.41810607910156,9466900
2024-06-25,93.55270474079731,93.86996467954093,90.85120562953496,91.091552734375,9006500
2024-06-26,90.45702498577874,90.83197318472976,89.55332493788742,90.42818450927734,10160400
2024-06-27,90.14938057698322,91.08192843168946,89.78405565170907,90.55316925048828,25772700
2024-06-28,74.151884802975,75.99775610920315,71.67150830036375,72.45984649658203,129967000
2024-07-01,72.58481616466385,74.08457955549632,71.42153720961934,73.86346435546875,44369000
2024-07-02,73.85386286011396,73.9692321184336,72.47907703808944,73.1039810180664,26183400
2024-07-03,72.58481713940894,72.98859846777691,72.12334752498076,72.33485412597656,15952000
2024-07-05,72.45021258240195,73.15202183420793,71.89260568726183,72.51750946044922,19603700
2024-07-08,72.49829279224545,72.57519827921008,70.1813435462427,70.22941589355469,29905000
2024-07-09,70.46977869647733,71.27734150101372,69.58529571817915,69.6622085571289,23445500
2024-07-10,69.46992528546352,69.8352502235096,68.90270233620103,69.7391128540039,21378200
2024-07-11,69.89293692889798,70.90239772879191,69.49877148105018,70.5562973022461,15876700
2024-07-12,70.72933085434414,71.1908004259709,70.34477410045683,70.58512115478516,14527500
2024-07-15,70.18135117426989,70.19096711173952,68.48930558536227,68.55660247802734,20775800
2024-07-16,68.74888721275633,70.14289747251883,68.74888721275633,69.99868774414062,20980700
2024-07-17,69.72949141165489,70.50821357842744,69.70065093656117,70.24864196777344,11161600
2024-07-18,70.15251196545314,71.07544393932824,69.55644852334552,69.58528900146484,14440100
2024-07-19,69.5083796106859,70.00829831797374,69.07575045869918,69.89292907714844,11913300
2024-07-22,70.29672952635133,72.43100582799916,70.24865716758661,71.96954345703125,19385500
2024-07-23,71.74839845460878,72.14257113582946,70.41206944843837,70.5658950805664,11041800
2024-07-24,70.42170294555387,70.55629673982529,68.33549179953526,68.34510040283203,18563300
2024-07-25,68.76810237764032,69.63335329512792,68.1720463393348,68.65274047851562,13855400
2024-07-26,69.21995620878802,69.96983789414688,69.0949783728317,69.75833129882812,8892000
2024-07-29,69.70066038086185,71.01776515548752,69.41224092122332,70.71012115478516,10471800
2024-07-30,70.84470642733594,71.61381266919831,70.62358389022897,71.45037841796875,8515700
2024-07-31,71.62344301139925,72.51753460681323,71.0658359229019,71.96954345703125,14632900
2024-08-01,71.8156984326622,71.90222718816901,70.43130435784471,70.99851989746094,9563500
2024-08-02,70.01792037994262,71.26772092489482,69.14305339714568,71.15235900878906,11526600
2024-08-05,68.31625312627288,69.81602392506906,68.01822508786837,68.662353515625,13191500
2024-08-06,68.89309040951575,70.41207837796095,68.74888069480978,69.70065307617188,13469700
2024-08-07,70.06598812750148,71.3446365360655,69.7295036344088,69.81603240966797,9571200
2024-08-08,70.4024769362948,71.34463347655125,70.22942672800933,71.32540893554688,8828000
2024-08-09,71.25810522212865,71.70034297103304,70.53706397906069,71.4696044921875,7186600
2024-08-12,71.82531537785412,72.1041188509216,71.19080294606736,71.75801849365234,7067300
2024-08-13,72.3444743308292,75.99775304491513,72.1714241320607,75.46898651123047,22114800
2024-08-14,74.98828627487217,76.03619598544017,74.43067930888398,75.48820495605469,13613000
2024-08-15,78.92998784263759,79.85291984598294,77.5552021081644,79.31454467773438,23583600
2024-08-16,79.67986562385549,80.69894228575792,79.25685972788412,80.016357421875,13794200
2024-08-19,80.01634996479766,80.74699977829718,79.71831460960736,80.06441497802734,9627300
2024-08-20,80.2663136415869,80.66048639735544,79.57411283571815,80.33361053466797,7863100
2024-08-21,80.43936239500597,80.98735346731874,80.00674056653155,80.75662231445312,6915900
2024-08-22,81.18923707285911,81.41035960392422,79.99711766291853,80.18939971923828,8485500
2024-08-23,80.12210293462051,80.98735393133794,80.0067410249323,80.80469512939453,9219700
2024-08-26,80.24708801306318,81.24693279300178,80.16055924609743,81.02581024169922,7853300
2024-08-27,80.82391598596774,82.09294827838184,80.38167823775791,81.99681091308594,14954000
2024-08-28,81.76606978065257,82.1313946580723,78.7184635959192,79.59333038330078,11088600
2024-08-29,80.2278553330778,80.65086855664012,79.66063972403838,80.04519653320312,7477200
2024-08-30,80.37206996768528,80.64125755011665,78.88192232642263,80.1028823852539,13755300
2024-09-03,79.87110602921462,80.09321487593284,78.22945885226666,78.52881622314453,10133700
2024-09-04,77.35069217333299,78.3067099195435,76.93545095143911,78.2391128540039,12837400
2024-09-05,78.3453397331618,78.45156474833009,77.45691903132489,78.0556411743164,7596300
2024-09-06,78.10392220624146,79.06959882417607,77.59211477754059,77.86250305175781,8512200
2024-09-09,77.97838946826795,78.77990285577702,76.3077656224676,76.76163482666016,8003300
2024-09-10,76.82922902848478,76.82922902848478,74.88822433956477,75.40968322753906,9748400
2024-09-11,75.32278089478977,75.89252659847777,74.10602621742754,75.70905303955078,8265500
2024-09-12,75.54488977247408,76.35605464569666,74.86891167726023,75.70905303955078,7176900
2024-09-13,75.61248145343046,76.76163160855161,75.42900054005885,76.29811096191406,5814200
2024-09-16,76.60712782033171,77.24447055664947,75.9890953746481,77.06099700927734,9547700
2024-09-17,77.26379581815772,78.20050340794333,77.11894283779925,77.8721694946289,7580600
2024-09-18,77.89146968439397,78.95371235622429,77.4762284965162,78.12322998046875,7637000
2024-09-19,79.764891988665,80.26704798615556,77.7080033204616,78.20050048828125,15067100
2024-09-20,84.85400808900343,84.97954339853209,81.89903259272634,83.55033874511719,52039300
2024-09-23,82.468796027357,83.56000810392074,82.13081063793717,83.2413330078125,17712400
2024-09-24,84.43875855867267,85.24992331147382,83.68553204034951,84.45806884765625,21123300
2024-09-25,84.834685005196,85.0761041471388,84.24562170945336,84.97953796386719,12392800
2024-09-26,86.83365351835151,87.50963167886663,85.99351944243016,86.32184600830078,13592800
2024-09-27,86.37976864884938,87.16197170228581,86.14800832849268,86.3701171875,9181000
2024-09-30,86.62119712910992,86.66948391116934,84.71882021694249,85.3658218383789,12027100
2024-10-01,84.97954307004346,86.56325214694658,84.69949596445927,86.07075500488281,20623400
2024-10-02,80.04493523233177,82.3046223765463,78.96337475494819,80.24772644042969,33208800
2024-10-03,79.5717646842301,80.90439593035177,79.16618222247945,79.28205871582031,18143800
2024-10-04,79.7938649025137,80.6726342561233,79.28205741855591,79.42691040039062,10322600
2024-10-07,79.32067515992173,79.63935020542662,77.34103518727008,78.0556411743164,12767400
2024-10-08,77.9783780050129,78.62537949703375,77.18652356331633,77.99768829345703,10569600
2024-10-09,78.35500677534645,80.08356895083391,78.28740970111079,79.62004089355469,11750600
2024-10-10,80.53744142222433,80.58572083860676,79.21446163886186,79.28205871582031,8370200
2024-10-11,79.22409726615429,79.44619872502818,78.39361492530696,79.330322265625,10171100
2024-10-14,79.18548171072345,79.22410965907594,78.02667273026059,78.79920959472656,8177700
2024-10-15,78.26810252825886,79.88078091181855,78.26810252825886,79.30137634277344,11804400
2024-10-16,79.32068550528581,81.20375216972602,79.23377813655567,81.05890655517578,11220600
2024-10-17,81.22305931058216,81.85075057327767,80.51811215177969,80.53742980957031,9204500
2024-10-18,80.9043884521378,81.06855171421583,79.79385883258796,80.07390594482422,7214800
2024-10-21,80.006306606639,80.23806693285894,78.64470640162796,78.68333435058594,7550200
2024-10-22,78.55779203002078,79.59106572485591,78.4419155501505,78.6253890991211,7308800
2024-10-23,78.21980375349041,78.25843170117571,77.05133596423913,77.30241394042969,7253100
2024-10-24,77.73696673269349,78.02667266131714,76.31742094398768,76.32707977294922,7424500
2024-10-25,76.5009034676906,76.84854764234908,75.82492540917559,76.14360046386719,9385400
2024-10-28,76.59746929890964,76.90648552299264,76.11463098830947,76.20154571533203,6617200
2024-10-29,76.1725737192413,76.74232679045767,75.51591328340609,75.70905303955078,7241100
2024-10-30,75.32276741153645,75.42899241651898,73.79699676499371,73.82596588134766,15691300
2024-10-31,73.58456347872536,74.68543435553487,72.61888675397815,74.4826431274414,13990100
2024-11-01,74.40538633729291,75.4483114850386,74.3184716105895,75.3807144165039,9623700
2024-11-04,75.31312533443565,75.85390930758778,74.46333247309471,74.54058837890625,6593800
2024-11-05,74.59852717372428,75.32278471910024,74.3571079919323,75.30347442626953,5629200
2024-11-06,74.23156583543695,74.30881436717651,72.5416317184801,72.7347640991211,16193700
2024-11-07,73.10172839900777,73.74873743296436,72.6285488455414,73.31417846679688,11831100
2024-11-08,72.90858872987167,73.93220364449657,72.66716956189195,73.27554321289062,8140800
2024-11-11,73.53628126213361,74.74337712209139,73.48799448072393,73.97083282470703,9877200
2024-11-12,73.8356383190001,74.77234588058009,73.52662207505367,74.02877807617188,9013900
2024-11-13,74.27020593373103,74.63716046398429,73.84530578578466,73.89358520507812,6835300
2024-11-14,74.04809714688034,74.33780313321982,73.0727615182353,73.0824203491211,6991600
2024-11-15,73.39142792879763,74.98479592970483,73.01481461172317,74.02877807617188,13584900
2024-11-18,73.54594019359172,73.58456077773872,71.7014941806128,72.31952667236328,12595100
2024-11-19,71.9429146659851,72.16502355029066,71.07380415624601,71.3731689453125,12028400
2024-11-20,71.13174696328882,71.30556169085314,70.21434970737228,70.842041015625,12290300
2024-11-21,70.84204064687364,72.96652636025543,70.68752884424967,72.5223159790039,12818600
2024-11-22,73.51697166097745,74.83995152081727,73.2272730433499,74.7433853149414,12248600
2024-11-25,75.80561918464434,77.1189400554621,75.71871182008192,76.53953552246094,18328900
2024-11-26,76.19189078132366,76.19189078132366,74.90753904126139,74.9461669921875,9495600
2024-11-27,74.9461603772127,76.33673701770324,74.92684271969053,75.6511001586914,8713500
2024-11-29,75.5159098281911,76.46227617117835,75.35174656862564,76.06634521484375,7123500
2024-12-02,75.62957588092127,76.77489062318173,74.93073876291392,76.76518249511719,11221000
2024-12-03,76.67783058177858,77.06607424296585,75.32868959812998,76.54194641113281,9414500
2024-12-04,75.53251687723314,76.20223701672468,74.83367975865622,76.06635284423828,15042600
2024-12-05,75.9595862937756,76.58077320329471,75.80428586382978,76.27017974853516,8316500
2024-12-06,76.89136174310435,78.7937474575463,76.52252694812525,76.57106018066406,13931100
2024-12-09,77.10491165511893,77.11461237947616,75.24134326503103,75.35781860351562,12043400
2024-12-10,75.22192277847564,75.78487571972687,74.36779264374174,74.48426055908203,12193100
2024-12-11,74.53278944059538,76.65841763298567,74.06689559105023,76.53223419189453,12033200
2024-12-12,76.39636545072202,77.03696869752436,75.57135217646419,75.66841125488281,6983200
2024-12-13,75.07632999893197,75.54222387270882,74.51337706128174,74.9792709350586,8037300
2024-12-16,74.50367897923908,76.69724204002846,74.40661991192549,74.93074035644531,13034000
2024-12-17,75.0860351148339,76.45458489235338,74.97926792731653,75.70722198486328,12452400
2024-12-18,75.68781249601591,76.67782674766458,74.58131552516403,74.63955688476562,14376900
2024-12-19,74.67837856331818,75.64898392065736,74.18336775763846,74.83367156982422,27067600
2024-12-20,73.72718631018476,75.70722224205429,72.65952183651545,74.67838287353516,49883400
2024-12-23,74.08630913646614,76.10517006877701,73.51364812161673,74.50366973876953,14203800
2024-12-24,74.49397365767516,74.84339223727486,74.11543809729757,74.53279876708984,4919100
2024-12-26,74.34837318232442,75.18309443022427,74.29013922716496,74.67838287353516,6363500
2024-12-27,74.27071933387552,74.66867108832251,73.57188969079927,74.17366027832031,6334400
2024-12-30,73.37777601966977,73.54277718126228,72.35864466412846,72.45570373535156,9042900
2024-12-31,72.69835387658784,74.14455400701443,72.58187855002636,73.44571685791016,9425600
2025-01-02,74.00866516764474,74.43573393300842,71.08714070529489,71.50450134277344,10883400
2025-01-03,71.74714492278211,72.00921251133576,70.86389791445389,71.15507507324219,10083500
2025-01-06,71.58215800921121,72.13540286643304,69.85448134648807,69.88359832763672,14947300
2025-01-07,70.27183234531007,71.28126284855092,69.86417985509689,69.97093963623047,10463500
2025-01-08,69.45651820056023,69.70887767126156,68.92268968788706,69.1944580078125,11855000
2025-01-10,69.73799643074831,70.26212423477618,69.00033425413892,69.10710144042969,15677400
2025-01-13,69.07799569410234,70.46596193640865,68.69946011939452,69.96125030517578,14584300
2025-01-14,69.95152632563341,70.08741048037233,68.45679321837426,69.0779800415039,16732900
2025-01-15,69.87388944595463,70.12624895507781,68.75769161477811,68.9809341430664,13468100
2025-01-16,68.81593385826257,69.13623546179181,68.25298087117466,69.01976013183594,13694600
2025-01-17,69.33035152838919,69.41770246938832,68.7576904296875,68.7576904296875,9711300
2025-01-21,69.20416819240779,71.11625461590934,69.0488677734726,71.01919555664062,14199900
2025-01-22,71.22302145546621,72.50422028491009,70.86390219740933,71.8636245727539,13029300
2025-01-23,71.18419787469522,72.31010371519365,70.24271683857981,72.10627746582031,10677400
2025-01-24,71.89274289372787,72.06745216487829,71.0968467485163,71.40744018554688,8106700
2025-01-27,71.28126525951299,73.62042049877624,71.26184900400906,73.35836029052734,11665400
2025-01-28,73.11570238723434,73.37776257202324,71.98009591126385,72.20333099365234,8694400
2025-01-29,72.26156996640937,74.84338391697341,72.13539392868792,74.32896423339844,11764800
2025-01-30,74.59102752781467,76.45458821898866,74.59102752781467,76.02752685546875,10902100
2025-01-31,75.81398853241154,76.54194258381342,74.50367272091447,74.63955688476562,13098000
2025-02-03,72.69835062700037,74.4357352936041,71.06773315368912,74.33866882324219,18539200
2025-02-04,75.2704556808897,75.86252559836137,73.80483937656373,74.46485137939453,11943700
2025-02-05,74.05719472279758,74.53278929369581,72.21304298822717,72.37804412841797,9807400
2025-02-06,73.02835230524967,73.18365273239496,69.52446602295264,69.63123321533203,16059400
2025-02-07,68.48592189739757,68.72857327306028,66.60295225774502,66.66118621826172,27428700
2025-02-10,67.32118577052145,68.86444467905163,67.0882425665252,68.85474395751953,16201300
2025-02-11,68.49562565533022,69.87388360391945,68.43739169852927,69.24298858642578,9636600
2025-02-12,68.52474711902825,70.32036582086441,68.26268689113896,70.13595581054688,10810900
2025-02-13,70.32036690674666,71.43656473489695,69.52447067717672,71.05802917480469,9739600
2025-02-14,71.01920431136759,71.33950591105719,70.21359995037828,70.89302825927734,9254400
2025-02-18,72.310105501778,75.39663110664976,72.310105501778,75.30927276611328,28252400
2025-02-19,74.56190402176583,75.39662523007655,73.85335884536019,74.52307891845703,14184100
2025-02-20,74.64926830926022,74.99867945664457,74.09601609683298,74.9598617553711,10689600
2025-02-21,75.1248585869546,75.69751221198113,73.63012539933197,74.25131225585938,12823400
2025-02-24,76.56135505468555,78.70639220565361,76.43517901232221,77.92020416259766,24553500
2025-02-25,77.94932148134596,79.55082195819018,77.69696939551814,79.31787872314453,15522500
2025-02-26,79.68670572034397,80.0167154230036,78.46374078364606,78.78404235839844,16058100
2025-02-27,79.09463014005736,79.09463014005736,77.124302408528,77.66783905029297,11651900
2025-02-28,76.92048267662558,77.66784562229181,75.88193513101396,77.0951919555664,14113800
2025-03-03,78.03168452301311,78.97793819550041,75.98309816462232,76.49037170410156,8628800
2025-03-04,75.7977572055867,76.7245039127696,74.90028229467066,75.42706298828125,10034100
2025-03-05,75.43681530150222,76.39281885696751,74.58811188818675,75.90505981445312,9853600
2025-03-06,74.86125663167746,76.41233427506785,74.86125663167746,75.80751037597656,9623700
2025-03-07,75.58313647763488,77.06592053469254,75.08562022316322,76.66595458984375,9294300
2025-03-10,75.61241251419246,78.22680140631186,74.1979067568705,74.52958679199219,15822600
2025-03-11,74.05157070485227,74.21740696911309,71.81763371987758,72.35416412353516,12837000
2025-03-12,72.53952072537616,72.67609265307367,71.43718803964298,71.77861785888672,12304900
2025-03-13,71.38840627518388,72.1298020260034,69.91537203730357,70.86162567138672,10195900
2025-03-14,71.48595880756382,71.73959557489549,69.57394439504365,69.90562438964844,12183000
2025-03-17,70.37387738561915,72.13956282136125,70.26656979578384,71.89568328857422,15996900
2025-03-18,72.08102285600397,72.3444168781347,70.9396686070683,71.51522064208984,8972300
2025-03-19,70.86162652589259,71.63228663466992,70.52019671633596,71.20305633544922,10830500
2025-03-20,71.13477769496996,71.84690917900731,69.76905087356656,70.1007308959961,25202300
2025-03-21,64.95974747616658,67.04736308210339,63.5745135439818,66.27670288085938,77287000
2025-03-24,66.88152012807817,67.20344289487996,65.0573060014266,65.74016571044922,26552500
2025-03-25,65.90598999516153,66.38399914698302,64.61830660521986,64.91096496582031,17394100
2025-03-26,64.75489285632607,64.95975077704936,63.35990158820873,64.13056182861328,18688300
2025-03-27,63.896428539128706,65.45725583934845,63.69157065371971,64.1890869140625,16435800
2025-03-28,64.24761672367632,64.24761672367632,61.59420654608516,61.740535736083984,19600300
2025-03-31,61.301557077770944,62.42340437259922,61.11620997987761,61.92588806152344,17400000
2025-04-01,62.267317045851854,63.56475779957519,61.750289964406576,63.1745491027832,13489500
2025-04-02,62.72580619809128,63.798874438078386,62.58923428259898,63.36964416503906,11161400
2025-04-03,54.98995194007324,57.24339999587807,54.04370195339661,54.219295501708984,71499500
2025-04-04,51.9170712381215,57.770179473443214,51.214697059064974,55.84840774536133,67775700
2025-04-07,54.043700151999545,55.780121048203114,52.092664099166434,54.248558044433594,45374400
2025-04-08,57.331196295060465,57.331196295060465,51.08787928109269,51.96584701538086,30404300
2025-04-09,51.97559939828659,58.0920978871422,51.195185719287956,57.86772918701172,44732500
2025-04-10,55.828898070858415,55.84840887859544,51.0000829344741,53.06818389892578,53919800
2025-04-11,53.06818316770742,53.68275685707823,51.565884484411164,53.05842590332031,22617100
2025-04-14,54.27782405918399,55.30211727407667,53.33157035371912,54.0534553527832,28346600
2025-04-15,53.34132644589144,54.033943357555124,52.84381016416245,53.48765563964844,15977100
2025-04-16,53.380348836188,53.79982189499462,52.03413288649916,52.238990783691406,19094900
2025-04-17,52.50238229824497,54.64852279930829,52.33654601235538,54.3948860168457,18935100
2025-04-21,53.87786040957094,54.9801968266484,52.19021466237243,54.746070861816406,17280900
2025-04-22,55.263100784902704,56.66784548206899,54.86313852048901,55.663063049316406,16852200
2025-04-23,57.55556230592504,57.75066665122324,55.311871638260314,55.98497772216797,21660300
2025-04-24,56.394698772140124,57.262909225250425,55.731346212645654,57.04829406738281,14508500
2025-04-25,56.78490640053884,56.823928016753946,55.224078964995954,56.2093505859375,17156000
2025-04-28,56.316660095250064,56.65809366684609,55.40942795441581,55.906944274902344,13321200
2025-04-29,55.60453264788117,56.326417691561765,55.35089957493227,56.13131332397461,12968000
2025-04-30,54.492437814895126,55.20456553107069,53.40961220492066,55.01921844482422,17205900
2025-05-01,55.29235997097658,55.80938331485939,54.882640480097024,55.370399475097656,10527000
2025-05-02,56.45322732935523,57.2629090801267,55.90693961443083,57.155601501464844,14723900
2025-05-05,56.69711037473504,56.91172554545106,55.88743229474438,55.945960998535156,15971000
2025-05-06,55.75085845449792,56.306903449367475,55.39967135851588,55.643550872802734,11440300
2025-05-07,56.453225545134245,57.37021484558585,56.1508173471605,57.18486404418945,11883500
2025-05-08,58.228668664926815,58.91153201604371,57.3604582316192,57.46776580810547,19009000
2025-05-09,57.69213502198804,57.926260983816064,56.79466023114343,56.87269973754883,13954400
2025-05-12,60.85281207388934,61.91612681114806,60.29676712811518,61.047916412353516,29776600
2025-05-13,61.07718305411128,61.24301932918424,60.45285212462692,60.86256790161133,17003100
2025-05-14,60.53089258146459,61.33081706260129,60.01386922010465,60.218727111816406,13736300
2025-05-15,59.1554120991941,61.14546975182253,58.94079694411479,60.8723258972168,14371100
2025-05-16,60.96987861030175,62.18927618250779,60.96987861030175,61.564945220947266,12950600
2025-05-19,60.62844373653907,60.90158757917971,60.24798859975363,60.560157775878906,15105300
2025-05-20,60.96987944130052,61.642985570662276,60.75526427484919,61.028411865234375,10771800
2025-05-21,59.67243896305897,60.247994777140555,58.41402347236037,58.511573791503906,17354700
2025-05-22,59.096886262237945,60.11142222333305,58.68716673917719,59.81876754760742,16764500
2025-05-23,58.394511589293955,58.90178142637558,58.033570949540014,58.550594329833984,14282400
2025-05-27,59.63342000754952,61.301554995855135,59.35051887723633,61.29180145263672,16642100
2025-05-28,61.204005828478564,61.56494647523947,60.05289419915943,60.26750564575195,10015600
2025-05-29,60.960126117952804,61.36008837967884,59.633420941113414,59.935829162597656,12218000
2025-05-30,59.506602120906194,59.62366324704718,58.628634371583495,59.10663986206055,18155100
2025-06-02,58.969157692760554,60.49125845204703,58.52725650560347,60.46179962158203,14065300
2025-06-03,60.137739996961166,61.32596025078529,59.371776706482216,61.247398376464844,10286100
2025-06-04,61.25722178822677,61.905342281026584,61.14920108175407,61.640201568603516,10242300
2025-06-05,61.807140531873635,62.51418243848458,61.10992073287477,61.54199981689453,12336300
2025-06-06,61.54199748901582,61.95443983428337,61.00189771791173,61.66965866088867,13299600
2025-06-09,62.1606617733175,62.3472443584472,60.766222168856004,60.79568099975586,11640000
2025-06-10,61.257218670653614,63.00518286218299,61.12955750167964,62.72039794921875,15287000
2025-06-11,63.24086122756677,63.682758648099856,61.453619839251886,61.97407913208008,10238700
2025-06-12,61.61074100159068,61.797319832761524,60.64837677797849,61.66965866088867,9830500
2025-06-13,60.638559805858186,61.65001960469793,59.0280788168579,59.44051742553711,16509700
2025-06-16,60.27522101147782,61.0608210437966,60.13774147407659,60.78586196899414,13681600
2025-06-17,60.19665584030081,60.19665584030081,58.60581539367704,58.9200553894043,13649700
2025-06-18,58.92005923774385,59.36196043123422,58.301397566857325,58.43887710571289,14194300
2025-06-20,58.674555733562,58.9593369031167,58.12463386263254,58.713836669921875,19084000
2025-06-23,58.50761794866488,60.19665702235676,58.37013467005279,59.68601608276367,15921300
2025-06-24,60.226122408618025,60.864420803370805,59.39141932096772,60.31449890136719,12564000
2025-06-25,60.34395839873172,60.42251652584512,59.2735772263031,59.7351188659668,12186200
2025-06-26,60.45198423599033,61.60092363312145,59.725301831777614,61.414344787597656,39659800
2025-06-27,68.5338524893232,72.85465850123846,68.43565388515829,70.74335479736328,117530300
2025-06-30,70.16396905664739,70.41929141662386,68.79898825427311,69.7613525390625,31090400
2025-07-01,70.69424469986959,72.6091510044674,70.53712844728744,72.08869171142578,27512900
2025-07-02,71.85300850293353,75.45695023093671,71.68607013769665,75.01505279541016,36882300
2025-07-03,74.89720998296912,75.64353281095016,74.21963441463325,75.01505279541016,12022600
2025-07-07,74.67134851751712,76.1050689167715,74.48476595109676,75.15252685546875,17296900
2025-07-08,74.75972924605202,74.926675100678,72.32437109800135,72.58950805664062,19572400
2025-07-09,72.7957327117917,73.57151441447006,72.0985128885911,72.23599243164062,12076700
2025-07-10,71.80390754422427,74.14106695780102,71.63696169948349,73.27690887451172,13033000
2025-07-11,72.36364944777189,72.51094359059854,71.09686737495609,71.32272338867188,12771400
2025-07-14,71.03793855388182,71.27362415436687,69.75151982587346,70.9495620727539,11385400
2025-07-15,70.95939648767957,71.56823233102747,70.29163548795331,70.69425201416016,9708300
2025-07-16,70.60587178325554,71.40129017759641,69.86937105010351,70.8022689819336,9008600
2025-07-17,70.82191379452767,71.8922912728771,70.74335191756451,71.66643524169922,9180400
2025-07-18,71.9610296527833,71.9610296527833,70.82191242710334,71.16561126708984,8801000
2025-07-21,71.61732856949756,73.4634876322205,71.59769184728748,72.68770599365234,12743900
2025-07-22,72.73680959126705,74.18035217706085,72.70735076169127,74.03305053710938,11297500
2025-07-23,74.77937695369313,75.82029560655931,74.45531482860622,75.36857604980469,16428100
2025-07-24,75.13289252866608,76.14435227809568,74.05269301448125,74.06250762939453,10037800
2025-07-25,74.54369571815197,75.19181244933901,74.17053056218812,74.89720916748047,7208400
2025-07-28,77.57807309641835,78.55025191465646,76.16398936656475,77.81375122070312,22631100
2025-07-29,77.34239620231268,77.94141737562167,76.36039526142223,76.92013549804688,12885500
2025-07-30,76.38003478120625,76.89067948473271,74.59279330300942,75.29983520507812,14601700
2025-07-31,74.97576731960042,75.02487036149681,72.97248458179929,73.34564971923828,16700000
2025-08-01,72.11814752833604,73.3554632514855,71.22452312510035,73.27690887451172,11911600
2025-08-04,73.67953168286783,73.90539520279408,72.82519563270593,73.47331237792969,8839000
2025-08-05,73.56169605403865,74.3472923326072,72.90374971199556,73.04122924804688,6533800
2025-08-06,73.12961398777153,74.61243756146776,72.91357257400578,74.1214370727539,7579800
2025-08-07,74.94631530605665,74.97577413704421,72.66807330745189,73.01177215576172,8717600
2025-08-08,72.8644670199291,73.6107898348622,72.06904865305845,72.85465240478516,6739000
2025-08-11,72.98230927131155,73.44385091001043,71.73517137897575,72.68770599365234,6985700
2025-08-12,73.37511939475584,74.3571204412765,73.00195420215101,73.5518798828125,6397700
2025-08-13,74.12143523509576,76.29165644235692,73.83665405965343,75.81047058105469,13472600
2025-08-14,74.54369652979153,75.2212720981274,73.99377089713944,75.01505279541016,7990500
2025-08-15,75.35875408988937,76.10507694219977,74.78919920803936,75.5846176147461,9767700
2025-08-18,75.72209118352241,76.85139373461203,75.46676884774601,76.03633117675781,9069100
2025-08-19,76.79247204612842,77.37185650818714,75.29983388400494,75.49623107910156,7684800
2025-08-20,75.30965082004633,76.16398680133143,74.78919154591351,74.88739013671875,6282600
2025-08-21,74.33746652390023,74.85793330397803,73.77772630011133,74.80883026123047,6354900
2025-08-22,75.16235997644685,77.71556116422549,74.8775787777842,76.96923828125,10985900
2025-08-25,77.05761273466163,78.7270112876107,76.97905086363353,77.74501037597656,12488900
2025-08-26,77.57808149202046,78.0494452836741,76.96923815531645,77.23438262939453,6874800
2025-08-27,77.53879349628802,78.07889701132167,76.25237465948213,76.65499114990234,12636700
2025-08-28,77.16563366021995,77.24419553147806,76.32111227437638,76.51750946044922,7478600
2025-08-29,76.35057465993876,77.70573328794646,75.73191675212338,75.9774169921875,14208800
2025-09-02,74.66456711566084,75.06928348523053,73.04571669939806,73.33197784423828,15078700
2025-09-03,73.44055699636974,74.21049709896671,72.95687802722685,73.77616882324219,8300100
2025-09-04,73.78604248565375,74.79288550425605,73.54913957498398,74.37830352783203,11096200
2025-09-05,73.83540856254767,74.43754281991589,72.68049074681983,72.9568862915039,13758400
2025-09-08,73.30236105774563,73.61823410506041,72.75945072751358,73.19377899169922,13793300
2025-09-09,73.03584900160703,73.58863256061368,72.1079760304686,72.65087890625,8740200
2025-09-10,74.27960004710188,74.48689105048908,72.38436156098327,73.29249572753906,11359300
2025-09-11,73.4504377451793,74.55598978900719,73.05559450195142,73.37146759033203,9803400
2025-09-12,73.28261614902334,73.32210122206415,71.00240778072246,72.05860900878906,11806000
2025-09-15,72.23629347057633,72.26590539481808,71.64403239271672,72.08822631835938,10323800
2025-09-16,71.86119446899147,72.43370922681031,71.16034380414706,71.81183624267578,8813600
2025-09-17,72.12771145323981,72.37448753013348,70.6865400679018,71.37751007080078,11108700
2025-09-18,72.49294311619295,72.65087589006053,70.70627918957426,71.17021942138672,14918400
2025-09-19,71.08138196363659,71.31828488432788,69.82775529917039,69.97582244873047,33415600
2025-09-22,69.8771150637833,71.5551893797047,69.52175690942211,70.36079406738281,12336300
2025-09-23,70.64705068124995,71.48608778529174,69.81788672836376,70.01530456542969,10432400
2025-09-24,69.7586642890375,70.60757465298661,69.54150012184,70.30157470703125,10024500
2025-09-25,70.24234527491635,70.24234527491635,68.15955460916042,68.34709930419922,13075300
2025-09-26,68.48528809525693,68.5445194695618,67.15269890401441,68.41619110107422,15627600
2025-09-29,68.87026330817916,69.05781553404194,67.8535470898858,68.65310668945312,18479300
2025-09-30,69.16639184655615,69.30458583378145,67.93251158132502,68.83078002929688,40567700
2025-10-01,73.39120069106414,73.72682005772046,70.68653711016319,73.24313354492188,57921900
2025-10-02,74.03281540006132,75.97741188953079,72.9272559789244,73.60836029052734,26254400
2025-10-03,73.81565656965476,73.81565656965476,70.9925377372276,71.00241088867188,18794900
2025-10-06,71.09124968874883,71.45648099767473,70.09427974961386,70.25221252441406,14039600
2025-10-07,70.31144402580016,70.6569290315914,68.01148915280538,68.0213623046875,17368000
2025-10-08,68.02135648251583,68.53464737132738,67.78444604367266,68.19902801513672,13051800
2025-10-09,68.65311054472129,68.76169262568587,67.01451370908022,67.18231964111328,13410900
2025-10-10,67.30077225510928,67.60677218173254,64.04332501495932,64.37894439697266,18806100
2025-10-13,64.85274253369155,66.64927186553942,64.70468292939675,66.51107788085938,13191200
2025-10-14,65.61282804793278,67.12309651454875,65.20811164524034,66.76773834228516,9483700
2025-10-15,67.69561128808469,68.63335731339828,67.25140985687739,67.57715606689453,13001500
2025-10-16,67.71535597272845,68.14968429067926,65.7214085267885,65.9780502319336,15349700
2025-10-17,65.77075808450911,66.89605640604265,65.46475815544545,66.501220703125,10054000
2025-10-20,66.68876209193455,67.30076945068697,66.59992632249083,66.74799346923828,9670000
2025-10-21,66.8763127670037,68.39645421184913,66.54070093774304,67.47844696044922,9659200
2025-10-22,67.34025295288552,68.46555119227875,67.08360373991634,68.18916320800781,8096100
2025-10-23,68.19903760848177,68.98872412035976,67.85355258366343,68.78143310546875,9124900
2025-10-24,68.81103391086968,69.17626518151307,68.02135505762406,68.2187728881836,7102900
2025-10-27,69.13678828219462,69.53163152099751,67.37974377708052,67.70548248291016,9838100
2025-10-28,67.23167125657986,67.7252233829497,66.18534315859829,66.56044006347656,11262400
2025-10-29,66.14585990306918,66.3235389746869,64.11241996544237,64.50726318359375,15143100
2025-10-30,64.33946021065391,65.14888545598798,63.7373259698679,64.06307220458984,13895200
2025-10-31,64.16178120799344,64.40855728956265,63.42145296328583,63.75706481933594,17822500
2025-11-03,63.885388480446686,64.01370932221671,61.536079303181374,61.84208297729492,22633300
2025-11-04,61.615048107277175,61.78285779500128,60.33181328060972,60.44039535522461,13725400
2025-11-05,60.48974933558211,62.03950276065793,60.07516734362736,61.30904769897461,20979800
2025-11-06,61.082015226844604,61.674276301501116,60.87472046176115,61.09188461303711,15164600
2025-11-07,60.94381960240902,61.378144127878095,59.51251765039177,60.30220031738281,15504800
2025-11-10,60.95368759824963,61.289303194754886,59.70993789679127,60.01593780517578,13063100
2025-11-11,60.933946117853885,62.77983004788611,60.45026713437411,62.335636138916016,17646400
2025-11-12,63.273380467891315,64.34932800884779,62.91802610344695,63.37208938598633,14812200
2025-11-13,64.86262423198586,65.40553462263662,64.04332583555228,65.17849731445312,21923600
2025-11-14,64.10255421716293,64.22100191066659,62.92789771653178,63.34247970581055,17760100
2025-11-17,62.25666547512819,62.720605683021,61.45710966768601,62.08885955810547,17064700
2025-11-18,61.59530734705905,61.950661717733006,60.88459107470328,61.684146881103516,14614600
2025-11-19,61.62492335080582,62.404736671780654,61.21033757597579,61.83221435546875,11732100
2025-11-20,62.1382124599179,63.00686524264657,60.618071031518696,60.637813568115234,13886600
2025-11-21,61.21033336957714,62.681120370526166,60.74639692895212,61.99014663696289,12476900
2025-11-24,61.70388523879085,62.25666497641581,61.13136672973633,61.13136672973633,16681700
2025-11-25,61.53607913426213,63.29312726090812,61.07213893150955,62.85879898071289,11527200
2025-11-26,62.681125029086104,64.03346067394752,62.15796093852909,63.500423431396484,13791000
2025-11-28,63.63861416728307,63.94461408430824,63.14506202704481,63.796546936035156,4941400
2025-12-01,63.3495147800158,65.55487400024211,63.16076896341736,64.95883178710938,12047300
2025-12-02,65.01843712555862,65.0383094951826,64.15417852412385,64.50186920166016,9051200
2025-12-03,64.65087608946742,66.22045967469568,64.55153698716805,65.21711730957031,12028300
2025-12-04,65.16744832227985,65.66415144604585,64.58134227419832,65.2568588256836,10619500
2025-12-05,65.26678683751125,65.6442860587559,64.45219402510857,65.42573547363281,10917900
2025-12-08,65.16744712175193,65.36613291505101,62.852812578206034,63.12103271484375,12867300
2025-12-09,63.091228000499704,63.52832916701204,62.554791516348075,62.912418365478516,9300200
2025-12-10,63.55812699104737,65.71382037388541,63.339576418623494,65.35619354248047,20302100
2025-12-11,65.39593302918625,67.37280927721189,65.1277091065322,67.2933349609375,16153500
2025-12-12,67.72050496752733,68.68411028144178,66.67743291052345,67.0251235961914,14829200
2025-12-15,66.9655210038965,67.8993177537505,66.2502672693098,67.33307647705078,15287500
2025-12-16,66.84630644013075,67.75030217255052,66.29992997942949,66.67742919921875,16376700
2025-12-17,66.12111741041997,66.38934134154299,65.18732069151989,65.2568588256836,13205500
2025-12-18,65.57474959708009,66.5582196761198,64.96877116982118,65.19725036621094,35650000
2025-12-19,58.80965051918323,59.981870192588374,57.8361128528804,58.322879791259766,108652700
2025-12-22,58.60103422632648,58.690440937160716,56.7632304568548,56.84270477294922,38695900
2025-12-23,56.80296921537672,57.220198017996296,56.614223393650356,56.9619140625,23276700
2025-12-24,58.49176001289525,60.18055136554079,58.49176001289525,59.604373931884766,36073300
2025-12-26,59.604375889109946,60.52824401855469,59.46529961836242,60.52824401855469,22303600
2025-12-29,60.14081610675613,61.342836776199974,60.11101134195864,60.806396484375,18062100
2025-12-30,60.895801017724025,60.895801017724025,60.240153058834046,60.78652572631836,13507800
2025-12-31,61.83953719117328,63.77667628841821,61.511711319612445,63.28990936279297,35457400
2026-01-02,63.57800091533446,63.707141001221935,62.13756107418758,62.86274719238281,22284100
2026-01-05,63.31971181188133,64.9389649522681,62.97201737388503,64.10449981689453,23482500
2026-01-06,63.63760290908046,64.99857222056994,62.99189111057229,64.91909790039062,19973200
2026-01-07,65.08797231003113,65.17738281110857,62.77333778406694,62.80314254760742,18284100
2026-01-08,61.770003460839604,65.30652743053493,61.29316889603386,64.82969665527344,21573900
2026-01-09,64.68067968958674,66.1012508895259,63.975362181797095,65.48533630371094,18470400
2026-01-12,64.81975601744672,65.90256516199814,63.816413610587574,65.20718383789062,13901100
2026-01-13,65.81316539997243,66.6376944232099,65.41580137607946,65.86283874511719,13685200
2026-01-14,65.85290327104246,66.68736090904477,64.61114541990445,65.13764953613281,15939100
2026-01-15,65.3263993893118,65.3263993893118,63.786616616738016,64.16410827636719,13295300
2026-01-16,63.96542629671103,64.16410451030967,63.260108785621426,63.95549011230469,15903000
2026-01-20,63.071365318832626,64.15417829731724,62.60446316246809,63.21044158935547,20406000
2026-01-21,63.458792222592486,64.98863496540592,63.19057208072117,64.97870635986328,17166400
2026-01-22,64.97870795206691,66.1111904969106,64.8197593104314,65.02837371826172,11853700
2026-01-23,64.81975942773911,65.01843765105468,64.01510277049616,64.61114501953125,11243900
2026-01-26,64.38265660366785,65.2071856097197,64.35285562883749,64.56147003173828,14765900
2026-01-27,64.32305399196368,64.40252831008549,62.46538538562332,62.67399978637695,13536700
2026-01-28,62.63426171936559,63.0614266992179,61.56138496708222,61.82960510253906,10363600
2026-01-29,61.521648794158224,62.5249874299383,61.05474664834139,62.18722915649414,12739400
2026-01-30,61.82960409029058,62.10775661604284,60.61764730315182,61.40243911743164,14309200
2026-02-02,61.25342875695225,62.15742828598622,60.74679324070986,61.77000045776367,11006300
2026-02-03,61.37263782783275,62.11769252644662,60.031540886145436,60.52824401855469,17322100
2026-02-04,61.313035119384,63.98530036402313,61.104416926297205,63.79655075073242,20957700
2026-02-05,63.76674845572635,64.1541762798692,61.680593094854295,62.28657150268555,12506200
2026-02-06,62.59452420426974,63.81641339913806,62.58459180947711,63.4985237121582,11961500
2026-02-09,63.15083280875112,63.48859107356319,61.958744592382395,61.99848175048828,12920800
2026-02-10,62.58459145524768,63.766747274710504,61.879273953099734,62.62432861328125,13003400
2026-02-11,63.47865979834848,63.587935090294906,61.27329674864872,61.93887710571289,15511900
2026-02-12,61.91901369498941,62.306441528123976,60.44876910274645,60.697120666503906,13602400
2026-02-13,61.183890956614604,62.96208904975527,61.183890956614604,62.71373748779297,20180900
2026-02-17,62.52498855641817,64.39259338378906,62.52498855641817,64.39259338378906,12347500
2026-02-18,63.88595338822031,65.71382482579916,63.88595338822031,65.11778259277344,11211500
2026-02-19,64.77008323017544,65.4058626116944,63.82635034235178,65.17738342285156,10778300
2026-02-20,64.86943377499156,68.03839468662187,62.912422170845645,64.9687728881836,33436800
2026-02-23,64.17404154025733,64.54160457725457,61.64085638805793,62.67399978637695,17748800
2026-02-24,62.86274375532604,64.27337875452655,62.18722722937134,63.66740036010742,14296100
2026-02-25,63.468723412366174,63.79654928716463,62.84287642655168,62.981956481933594,9500800
2026-02-26,63.78661188931671,64.63100565272333,63.359446915486835,63.52832794189453,10319100
2026-02-27,62.30644073816908,62.30644073816908,61.11435248933842,61.77000045776367,18017400
2026-03-02,59.900001525878906,61.529998779296875,59.13999938964844,61.0099983215332,15335000
2026-03-03,59.439998626708984,60.11000061035156,58.619998931884766,59.38999938964844,17438600
2026-03-04,59.189998626708984,59.4900016784668,58.61000061035156,58.63999938964844,15971300
2026-03-05,58.599998474121094,58.790000915527344,57.43000030517578,58.02000045776367,22040200
2026-03-06,57.470001220703125,57.54999923706055,56.7599983215332,57.0099983215332,16323700
2026-03-09,55.7400016784668,56.709999084472656,55.38999938964844,56.529998779296875,18053100
2026-03-10,56.70000076293945,57.2400016784668,55.79999923706055,56.08000183105469,15706400
2026-03-11,57.599998474121094,57.599998474121094,55.40999984741211,55.70000076293945,20245300
2026-03-12,55.279998779296875,55.459999084472656,54.029998779296875,54.130001068115234,18611800
2026-03-13,54.34000015258789,54.869998931884766,53.7400016784668,53.97999954223633,14377100
2026-03-16,54.27000045776367,55.06999969482422,53.97999954223633,54.790000915527344,13115200
2026-03-17,55.45000076293945,55.68000030517578,55.0,55.119998931884766,9861400
2026-03-18,54.5,54.959999084472656,53.2599983215332,53.470001220703125,16861300
2026-03-19,52.900001525878906,53.630001068115234,52.59000015258789,53.439998626708984,12307700
2026-03-20,52.939998626708984,53.61000061035156,52.18000030517578,52.369998931884766,19566100
2026-03-23,53.279998779296875,53.560001373291016,52.529998779296875,52.709999084472656,15242700
2026-03-24,52.36000061035156,54.08000183105469,52.27000045776367,53.4900016784668,12073800
2026-03-25,53.7599983215332,54.220001220703125,52.560001373291016,52.97999954223633,13427100
2026-03-26,52.7599983215332,53.619998931884766,51.869998931884766,52.06999969482422,14486700
2026-03-27,51.709999084472656,52.11000061035156,51.20000076293945,51.369998931884766,13077800
2026-03-30,51.43000030517578,52.189998626708984,50.95000076293945,51.2400016784668,16869200
2026-03-31,51.93000030517578,53.11000061035156,51.689998626708984,52.81999969482422,36422800
2026-04-01,46.560001373291016,46.83000183105469,44.560001373291016,44.630001068115234,114225700
2026-04-02,43.7599983215332,44.34000015258789,43.16999816894531,44.189998626708984,63242600
2026-04-06,44.15999984741211,44.380001068115234,43.560001373291016,44.029998779296875,26999600
2026-04-07,43.70000076293945,43.869998931884766,42.36000061035156,42.689998626708984,38253000
2026-04-08,43.90999984741211,44.29999923706055,42.7599983215332,43.130001068115234,29462900
2026-04-09,43.220001220703125,44.220001220703125,42.720001220703125,44.0,24147400
2026-04-10,43.83000183105469,43.959999084472656,42.400001525878906,42.619998931884766,26094800
2026-04-13,42.22999954223633,42.97999954223633,42.09000015258789,42.90999984741211,21236700
2026-04-14,42.9900016784668,44.209999084472656,42.95000076293945,44.20000076293945,22554100
2026-04-15,45.09000015258789,45.900001525878906,44.709999084472656,45.439998626708984,31523500
2026-04-16,45.79999923706055,46.4900016784668,45.54999923706055,45.70000076293945,21766300
2026-04-17,46.380001068115234,46.779998779296875,45.779998779296875,46.029998779296875,31290400
2026-04-20,45.97999954223633,46.560001373291016,45.56999969482422,46.47999954223633,19003100
2026-04-21,46.77000045776367,46.970001220703125,45.93000030517578,46.38999938964844,22194000
2026-04-22,46.310001373291016,46.95000076293945,45.5,45.68000030517578,17985200
2026-04-23,45.58000183105469,45.75,44.2400016784668,44.779998779296875,17457500
2026-04-24,44.97999954223633,45.41999816894531,44.59000015258789,44.689998626708984,15885000
2026-04-27,44.599998474121094,45.40999984741211,44.4900016784668,45.13999938964844,14583100
2026-04-28,45.380001068115234,45.709999084472656,44.75,45.029998779296875,12426000
2026-04-29,44.91999816894531,45.15999984741211,44.150001525878906,44.38999938964844,13329700
2026-04-30,44.09000015258789,44.810001373291016,43.5099983215332,44.36000061035156,21679500
2026-05-01,44.81999969482422,44.959999084472656,44.220001220703125,44.400001525878906,11562800
2026-05-04,44.189998626708984,44.34000015258789,43.09000015258789,43.09000015258789,33272400
2026-05-05,43.040000915527344,43.29999923706055,42.650001525878906,43.060001373291016,18589700
2026-05-06,43.630001068115234,44.06999969482422,43.20000076293945,43.880001068115234,19406700
2026-05-07,44.04999923706055,44.63999938964844,44.0099983215332,44.40999984741211,17177700
2026-05-08,44.2599983215332,44.65999984741211,43.79999923706055,44.13999938964844,17333600
