Date,Open,High,Low,Close,Volume
2020-01-02,5.941885817283135,5.970755100250244,5.891364453417941,5.970755100250244,237536000
2020-01-03,5.851045086775378,5.918988068029837,5.826157518294826,5.875185966491699,205384000
2020-01-06,5.781858699107725,5.905051443474641,5.7557269623863725,5.899825096130371,262636000
2020-01-07,5.928195601897144,6.017043961993896,5.883149339496765,5.971251010894775,314856000
2020-01-08,5.967021135605146,6.023764739731018,5.926952474390596,5.982451438903809,277108000
2020-01-09,6.068811482955992,6.1205774820472,5.994397977935121,6.048154830932617,255112000
2020-01-10,6.155420169305074,6.185782829312582,6.066323043308651,6.080508708953857,316296000
2020-01-13,6.163632128120506,6.296282128119939,6.140984150343223,6.271145820617676,319840000
2020-01-14,6.22833908695966,6.253724606953968,6.140984093935381,6.1541748046875,359088000
2020-01-15,6.166867313650455,6.189266079309119,6.085734091320788,6.111617088317871,263104000
2020-01-16,6.165125624680976,6.201212580149905,6.141731430548025,6.195239543914795,284192000
2020-01-17,6.214401667413449,6.221868079998157,6.1564139062757155,6.203948974609375,253792000
2020-01-21,6.167365397745973,6.204199040327583,6.13650479111519,6.170600891113281,217916000
2020-01-22,6.215894983052631,6.311213856784252,6.196980451112162,6.224605560302734,239240000
2020-01-23,6.264675623846474,6.301508791795194,6.175827247965222,6.293046951293945,244516000
2020-01-24,6.408524704344975,6.458299843381298,6.179559919221518,6.233814716339111,373512000
2020-01-27,5.929192314169117,6.02899133900115,5.779618620640297,5.977972030639648,470536000
2020-01-28,6.043923950276957,6.203701607240368,5.99066457305883,6.1713480949401855,310976000
2020-01-29,6.156912053677501,6.192999003620118,6.071049967628455,6.110870361328125,258848000
2020-01-30,6.013063476063364,6.131030355221164,5.958062456449191,6.11759090423584,290504000
2020-01-31,6.071797721586541,6.083743794323115,5.842335433644446,5.884146213531494,370420000
2020-02-03,5.86597757728614,6.0006189034883555,5.859755803690975,5.981206893920898,255564000
2020-02-04,6.123065271647515,6.169604915500799,6.073041396690385,6.1504411697387695,271544000
2020-02-05,6.2713950863848416,6.281599042941354,6.15741039787647,6.24078369140625,208220000
2020-02-06,6.27512832406216,6.327640533447266,6.193995099773727,6.327640533447266,218284000
2020-02-07,6.287572971010172,6.309723003033855,6.236055704809275,6.261441230773926,189752000
2020-02-10,6.284087527331507,6.545405828690706,6.279109918334532,6.544659614562988,529608000
2020-02-11,6.652920962882322,6.78183801655105,6.590951003561365,6.667106628417969,638556000
2020-02-12,6.719866299002094,6.789302654731991,6.681041807805307,6.78283166885376,374644000
2020-02-13,6.724843746017664,6.8062256954241676,6.697467375080718,6.739029407501221,528016000
2020-02-14,7.149176609223402,7.341059034322316,7.117818524879411,7.212141990661621,1041924000
2020-02-18,7.108858700139689,7.399295984825902,7.0894466884047596,7.380878925323486,620164000
2020-02-19,7.503325584326226,7.849759318235343,7.503325584326226,7.832088947296143,694332000
2020-02-20,7.784055978174739,7.872406404086642,7.375403572712378,7.682764053344727,810052000
2020-02-21,7.5705212914852815,7.595657599846096,7.233793590100202,7.318659782409668,768180000
2020-02-24,6.724347667696697,7.01503371226464,6.669844123344768,6.801249980926514,856916000
2020-02-25,6.876410184653906,6.938380143586625,6.419973914531026,6.521763801574707,1055496000
2020-02-26,6.522012284469121,6.8552557873010365,6.520519381374337,6.661133289337158,747732000
2020-02-27,6.347611926679557,6.648930749588357,6.1979487749822635,6.290336608886719,906416000
2020-02-28,6.037827190608867,6.784898103552778,6.021142747479022,6.725381374359131,1133252000
2020-03-02,6.89546430619151,6.912646997105689,6.499516704618739,6.88375997543335,890744000
2020-03-03,6.939540911663828,6.999306519580371,6.535873577697565,6.621288776397705,652792000
2020-03-04,6.728618670281707,7.094434352559706,6.653911295478629,7.0849714279174805,597408000
2020-03-05,6.885503158817926,7.052349007113652,6.7609913459099165,6.805566787719727,540328000
2020-03-06,6.626019864056424,6.683544539537678,6.424808655737229,6.62502384185791,515412000
2020-03-09,5.974075990018419,6.459672190499384,5.931244186243658,6.112035274505615,614160000
2020-03-10,6.388452806999344,6.501509666442871,6.125733244655652,6.501509666442871,580648000
2020-03-11,6.361557091677806,6.38994586331887,6.04056576513006,6.1376848220825195,499964000
2020-03-12,5.614486423807878,5.879945599168345,5.373929705464922,5.386630058288574,816540000
2020-03-13,5.739994622297284,6.001967498882198,5.468808182759905,5.997485160827637,634836000
2020-03-16,5.289511138473872,5.630424859985046,4.831058699125566,4.890824317932129,726972000
2020-03-17,5.003132824039129,5.4999350927091735,4.7563506413155645,5.4105353355407715,833632000
2020-03-18,4.982961645343882,5.228000649705168,4.499358017592098,5.050695896148682,874268000
2020-03-19,5.029281317213403,5.397089536939655,4.815868441215396,5.303456783294678,765512000
2020-03-20,5.453617551932971,5.735512301243073,5.108221984216086,5.123661518096924,804636000
2020-03-23,5.12266549047354,5.390864363327464,4.943617513362338,5.296483993530273,643876000
2020-03-24,5.702641909786317,6.291832190242781,5.67898483228585,6.205171585083008,1101644000
2020-03-25,6.320219057670394,6.519936005707331,6.067709130537337,6.116518020629883,793432000
2020-03-26,6.323705068326,6.529896863520589,6.225589994205439,6.405883312225342,696108000
2020-03-27,6.225590232425137,6.5523092762191855,6.19271912359753,6.29357385635376,638828000
2020-03-30,6.35906683290393,6.623032205750341,6.314989641822439,6.613818168640137,602252000
2020-03-31,6.653911048444438,6.858110818678455,6.4185838002500555,6.564262866973877,949960000
2020-04-01,6.366288693106729,6.512714411716045,6.008441698800573,6.053016662597656,656912000
2020-04-02,6.082153516472062,6.375005474274907,6.034092229865185,6.361807346343994,675764000
2020-04-03,6.324204046373109,6.365790946733612,5.936474454401283,6.073935508728027,663212000
2020-04-06,6.356078940367916,6.720649696082763,6.2985542597634785,6.683794021606445,727884000
2020-04-07,6.9054245775815115,6.9290821244683904,6.40737735857138,6.450458526611328,784520000
2020-04-08,6.559531613136199,6.672588463674239,6.489555935983957,6.647686004638672,542444000
2020-04-09,6.77344171497517,6.796351649251592,6.485072167404843,6.548075199127197,525564000
2020-04-13,6.488312315197798,6.728620213906975,6.399909019292866,6.71990442276001,398408000
2020-04-14,6.848148207669993,7.105140430541459,6.820506576068933,7.071024417877197,530948000
2020-04-15,6.902935179098929,7.0765047828116625,6.857613073884868,6.993579864501953,366148000
2020-04-16,7.148969793895517,7.445805794447285,7.135771668046719,7.338725566864014,745620000
2020-04-17,7.42090366109645,7.4423198025387185,7.145483789087821,7.279458522796631,539120000
2020-04-20,7.152955099952114,7.308843758155547,7.1038973186254335,7.148223400115967,449388000
2020-04-21,7.030186706457266,7.091446120002381,6.65167065420219,6.7114362716674805,735160000
2020-04-22,6.903681973130234,7.168643384661599,6.858110983321336,7.1258111000061035,483356000
2020-04-23,7.167895675399219,7.29987788446425,7.047367959603796,7.072519302368164,424160000
2020-04-24,7.062311391721849,7.213468370944685,6.98760400617556,7.2114763259887695,352328000
2020-04-27,7.345949140962652,7.557868235493159,7.321295566640802,7.3979949951171875,479388000
2020-04-28,7.545415186633848,7.575298228797527,7.250073455209136,7.255551815032959,442904000
2020-04-29,7.390275492933663,7.485153640742768,7.315070332920072,7.432360649108887,379160000
2020-04-30,7.378319681469513,7.432358038462716,7.264516196423109,7.278461456298828,375916000
2020-05-01,7.080987230957178,7.1942929707272105,6.993579973133149,7.041890621185303,342096000
2020-05-04,6.994576674262659,7.267506783566804,6.994576674262659,7.253810405731201,317556000
2020-05-05,7.357901941109124,7.477433178045729,7.25380976375586,7.314820766448975,368896000
2020-05-06,7.394258543064645,7.520513510750665,7.356406846446579,7.415674209594727,323464000
2020-05-07,7.554877331984038,7.655233805990565,7.503578629444722,7.591981887817383,373732000
2020-05-08,7.663702768316783,7.7882145938783065,7.6298356315598355,7.781989097595215,339216000
2020-05-11,7.77700949132875,8.080818687995855,7.748371824835125,8.034002304077148,469060000
2020-05-12,8.091774438081288,8.140582861200253,7.7623161571035055,7.772027969360352,493060000
2020-05-13,7.886578962698075,8.046949968056559,7.56508934146451,7.7496161460876465,625852000
2020-05-14,7.811122899270559,8.004614330322685,7.65747520363775,7.999135971069336,602312000
2020-05-15,7.858936085271432,8.467300485063323,7.843247666290746,8.457589149475098,987660000
2020-05-18,8.726285957195563,8.88167683840197,8.646598471953777,8.716075897216797,774460000
2020-05-19,8.755919887687877,9.052008785604071,8.728527135745038,8.771110534667969,717320000
2020-05-20,8.955885888143905,9.007682848110791,8.854035125997962,8.934967994689941,587536000
2020-05-21,9.016149218326575,9.017144765603891,8.703375432354866,8.740978240966797,761068000
2020-05-22,8.79078398433552,9.057489064070714,8.67922186989456,8.990999221801758,1038764000
2020-05-26,9.12098908749337,9.145892022825116,8.638132428316577,8.683703422546387,770780000
2020-05-27,8.591315758387081,8.599035050610656,7.965519216479686,8.491955757141113,1175892000
2020-05-28,8.379396544831723,8.726286884278077,8.346525429928509,8.453855514526367,734896000
2020-05-29,8.521087331812828,8.84083366394043,8.451858816364998,8.84083366394043,745256000
2020-06-01,8.798752240118027,8.806222645268207,8.655563458390905,8.771857261657715,389876000
2020-06-02,8.761894954765905,8.802734236486176,8.624184566222704,8.790781021118164,391320000
2020-06-03,8.787792164687426,8.831619981427835,8.666019097514953,8.735247611999512,365440000
2020-06-04,8.697879144021291,8.912386326144187,8.647553504406243,8.736247062683105,424280000
2020-06-05,8.764149807557894,8.965950355172382,8.677948158898555,8.889216423034668,481748000
2020-06-08,8.846614414617736,8.859071087161745,8.655775568185915,8.774614334106445,387736000
2020-06-09,8.769628771547634,9.078309336769104,8.721047098334322,9.014779090881348,468488000
2020-06-10,9.13611045066852,9.467213426040516,9.12190887782614,9.334423065185547,632180000
2020-06-11,9.118422400608619,9.229288393906904,8.755679218308117,8.765893936157227,583652000
2020-06-12,9.130883002675036,9.155547353636894,8.67321730504706,8.901676177978516,570908000
2020-06-15,8.784829388857338,9.150562516844673,8.713575356427903,9.142091751098633,400004000
2020-06-16,9.193163544019576,9.234769412991046,8.808246055560947,9.037202835083008,535716000
2020-06-17,9.082297700621664,9.266907709322622,9.038946927708247,9.20412540435791,408304000
2020-06-18,9.195157463559028,9.250465961094562,9.083045515800086,9.186188697814941,254408000
2020-06-19,9.210609279973566,9.41240995034416,9.195411694449227,9.229293823242188,524160000
2020-06-22,9.267908531227382,9.498360363074465,9.241250275253519,9.493875503540039,398468000
2020-06-23,9.518039245168492,9.609223760973583,9.375035085564633,9.417387962341309,375108000
2020-06-24,9.443549028011027,9.523522838602178,9.112943915397793,9.203630447387695,449372000
2020-06-25,9.323463251881568,9.47219821833434,9.150561942125533,9.457249641418457,376072000
2020-06-26,9.467217092844338,9.467217092844338,9.093511154968905,9.123407363891602,592084000
2020-06-29,9.138107732981206,9.172737804344859,8.86928797872755,9.168252944946289,342248000
2020-06-30,9.281860226431489,9.493377570166425,9.234524477242928,9.46497631072998,367892000
2020-07-01,9.487895459840797,9.542705967758568,9.380517348684924,9.497113227844238,326648000
2020-07-02,9.605735016599972,9.703895336504779,9.545194661870283,9.57907772064209,364056000
2020-07-06,9.708133497305749,9.87455704089892,9.678984287054332,9.805296897888184,315892000
2020-07-07,9.911925710056408,10.035248385894452,9.81675528569357,9.837682723999023,357800000
2020-07-08,9.959264903187567,10.189717705698035,9.931112641941606,10.180747985839844,365480000
2020-07-09,10.344427963094862,10.533522858711208,10.19818394553141,10.472733497619629,494548000
2020-07-10,10.552207713445835,10.618477930540756,10.342932393289248,10.443085670471191,497676000
2020-07-13,10.558438359648575,10.755007091244167,9.990404705995894,10.017560958862305,457076000
2020-07-14,10.04023152466325,10.366850682254316,9.751730337959055,10.34118938446045,542676000
2020-07-15,10.378311468876817,10.396996003532037,10.02104815021368,10.191956520080566,403984000
2020-07-16,9.980439491512932,10.171527353998105,9.861351715438127,10.099776268005371,344964000
2020-07-17,10.19021430782822,10.213134704535644,10.05293997765378,10.16629695892334,266284000
2020-07-20,10.238795062200655,10.494908161522394,10.12170023378326,10.474478721618652,284852000
2020-07-21,10.476723132609838,10.523561835266866,10.251254140272492,10.29286003112793,277036000
2020-07-22,10.331720200607279,10.565908831285782,10.255982277363842,10.402724266052246,367292000
2020-07-23,10.413936738581402,10.510602112104115,9.996632039770423,10.094792366027832,411660000
2020-07-24,9.840922467199292,10.32898230288005,9.743261080131965,10.159319877624512,473292000
2020-07-27,10.196940228932192,10.405716636707364,10.182489650442864,10.385537147521973,292132000
2020-07-28,10.338450978671904,10.346173794016433,10.174020398209997,10.180248260498047,271636000
2020-07-29,10.354893188232401,10.479959834976327,10.311294352254272,10.4293851852417,284508000
2020-07-30,10.339198859238788,10.586343227031168,10.259723992725158,10.577374458312988,308880000
2020-07-31,10.52679668089732,10.72934616378924,10.396996185763363,10.578119277954102,386080000
2020-08-03,10.69546229744022,11.06044840939836,10.678271766238865,10.972253799438477,412720000
2020-08-04,11.011867707424818,11.189003944396973,10.86836458429402,11.189003944396973,310336000
2020-08-05,11.205199894465501,11.332508502653472,11.127717987110488,11.247801780700684,249924000
2020-08-06,11.310580667455152,11.318802431737298,11.140171273584539,11.296380043029785,244316000
2020-08-07,11.273460477418752,11.465047272124,10.999409884640297,11.160850524902344,342516000
2020-08-10,11.295136986086273,11.368881025799643,10.819034882228621,11.126470565795898,427796000
2020-08-11,11.035535200137302,11.098318470452666,10.75849467047517,10.8125581741333,354512000
2020-08-12,10.952824073130845,11.427430353305775,10.920435956126532,11.400773048400879,464412000
2020-08-13,11.506153367122069,11.681297569830996,11.31656048998082,11.403509140014648,374460000
2020-08-14,11.490211514904173,11.664358807033938,11.401020889958053,11.524094581604004,366436000
2020-08-17,11.810350216026855,12.366923082983908,11.776468107391905,12.294424057006836,621300000
2020-08-18,12.40703504191184,12.45287677557738,12.044540832043971,12.218438148498535,503448000
2020-08-19,12.25406576741519,12.27250130164275,12.056250147210688,12.096611022949219,622624000
2020-08-20,11.933675460535376,12.332294707284191,11.837757080597434,12.099102020263672,921388000
2020-08-21,12.159642451084375,12.764548088001417,12.153164638813207,12.639730453491211,999868000
2020-08-24,12.839287128629763,12.867938328289826,12.464335330829451,12.676351547241211,490564000
2020-08-25,12.587160613133165,12.717210094124312,12.530357162147993,12.705999374389648,289076000
2020-08-26,12.755081191057094,12.82409232523214,12.634000455714471,12.728921890258789,321244000
2020-08-27,12.73739094301535,12.805655066718726,12.523132755342244,12.584670066833496,317604000
2020-08-28,12.631258689838903,13.10262593825955,12.59887058142453,13.102376937866211,537160000
2020-08-31,13.13725649731869,13.5281529158447,12.992757381915121,13.32834529876709,500840000
2020-09-01,13.43749844258289,13.949628715914594,13.394135646999624,13.777423858642578,511316000
2020-09-02,14.65739345260157,14.680321655884619,13.85617738039282,14.301270484924316,874012000
2020-09-03,13.78515199377627,13.840726125228484,12.838147232687476,12.974466323852539,945128000
2020-09-04,12.74344435701428,13.133461413536873,11.667846759486407,12.582703590393066,1463684000
2020-09-08,11.69750413983094,12.510433341431117,11.667349913206706,11.875441551208496,795728000
2020-09-09,12.36090597859169,12.768865989379982,12.19318633889439,12.67491340637207,736200000
2020-09-10,12.948295699401134,13.024056287990675,12.128637849212998,12.272932052612305,698684000
2020-09-11,12.446138237529997,12.61261156665799,11.858247209010582,12.126150131225586,636928000
2020-09-14,13.039760506816634,13.273022041293633,12.591428464582796,12.83166790008545,1201744000
2020-09-15,13.238131137079726,13.25682221304241,12.787307442411516,12.950042724609375,727556000
2020-09-16,12.916396361282892,13.051469093855214,12.474295118524273,12.475042343139648,556384000
2020-09-17,12.093997151838884,12.550055122100513,11.996804719007365,12.424202919006348,792512000
2020-09-18,12.554044480221386,12.592672005177674,11.950952377889003,12.150819778442383,698460000
2020-09-21,11.887403420828344,12.483019489295126,11.866967870062911,12.47778606414795,721044000
2020-09-22,12.535350288346894,12.608120070542224,12.117173590900462,12.597902297973633,646452000
2020-09-23,12.535852009546938,12.686875066180855,12.04116736498731,12.085526466369629,647012000
2020-09-24,12.034188858042343,12.52987072793665,11.976122083308846,12.30906867980957,731240000
2020-09-25,12.408255730099048,12.842880979305574,12.207142005563057,12.833161354064941,588016000
2020-09-28,12.999138493220277,13.01060259520719,12.709803724531739,12.993905067443848,573808000
2020-09-29,12.896711278367409,13.400368327891107,12.89247510346008,13.184052467346191,621460000
2020-09-30,13.11601652435821,13.579550597046405,13.108789549903188,13.48784065246582,689184000
2020-10-01,13.714624981038467,13.71935930583392,13.418311387565605,13.571577072143555,525004000
2020-10-02,13.183302815178235,13.476873675005285,13.009850688146534,13.021065711975098,552496000
2020-10-05,13.194270921546652,13.601233687205514,13.181062344978049,13.599489212036133,479820000
2020-10-06,13.786397839796917,14.097414465703828,13.621918076224542,13.693192481994629,784420000
2020-10-07,13.955610090837824,14.074733477000146,13.819789181395864,13.91997241973877,418084000
2020-10-08,14.030623394171375,14.040093944013766,13.714623411586466,13.79511833190918,378900000
2020-10-09,13.723596523541781,13.780666052397772,13.617681691548734,13.719359397888184,346892000
2020-10-12,13.945394372067542,14.301767332906016,13.868637469979598,14.181148529052734,434744000
2020-10-13,14.251427164697901,14.303263268238275,13.974552820948032,14.203329086303711,344604000
2020-10-14,14.245444791209522,14.297529966845348,13.915987137027978,14.050810813903809,276100000
2020-10-15,13.76720853862812,13.961593453432227,13.72434388516162,13.925956726074219,267224000
2020-10-16,13.992497811274266,14.076980804729995,13.749017533230512,13.76795768737793,242392000
2020-10-19,13.859167377230175,13.939413232064247,13.364481770808682,13.455195426940918,298068000
2020-10-20,13.54067417932236,13.75624280985995,13.464415427510037,13.602478981018066,229212000
2020-10-21,13.582043246069873,13.74801839791896,13.435008244461862,13.482109069824219,219596000
2020-10-22,13.47986514532416,13.56883336243066,13.190031344799218,13.31887435913086,290480000
2020-10-23,13.407594359777686,13.550393182013844,13.249345288495318,13.547402381896973,233484000
2020-10-26,13.384669660400956,13.649581780090575,12.997394244849335,13.099820137023926,336896000
2020-10-27,13.264048592896252,13.39962044326866,13.149909542923867,13.354513168334961,250520000
2020-10-28,13.156388537797922,13.218193334409735,12.56924582198825,12.587188720703125,376520000
2020-10-29,12.798024396978246,13.151157516010835,12.709803385953837,12.982939720153809,320080000
2020-10-30,12.809484733434756,12.89571121829874,12.261218676045065,12.494481086730957,416820000
2020-11-02,12.6178430986326,12.796278653138547,12.355921817146161,12.541086196899414,299652000
2020-11-03,12.668429590315872,13.063679047720674,12.563012939884743,12.978448867797852,272900000
2020-11-04,13.347039049027577,13.783907968482604,13.294953862875582,13.750761985778809,410228000
2020-11-05,14.117849095729678,14.293791998345476,13.946889592613063,14.1153564453125,319028000
2020-11-06,14.065265730682986,14.542755669985283,13.851193438556013,14.516090393066406,383348000
2020-11-09,14.506616188534656,14.64517786498248,13.567835923114476,13.587772369384766,582976000
2020-11-10,13.563602104010792,13.563602104010792,12.588436707125263,12.729740142822266,644068000
2020-11-11,13.01259532860774,13.392643737566482,12.907427719129638,13.375697135925293,404744000
2020-11-12,13.436505742936536,13.722600640484298,13.274019515738951,13.414325714111328,365812000
2020-11-13,13.584286919539194,13.625656173241703,13.018077819853307,13.255078315734863,346312000
2020-11-16,13.130971023574494,13.606467432541349,13.114523521877004,13.472640991210938,413776000
2020-11-17,13.50977173125303,13.553383607027966,13.261806251274743,13.379932403564453,312028000
2020-11-18,13.422796566288316,13.562853664158515,13.143430545915464,13.386411666870117,510924000
2020-11-19,13.171094026592812,13.444977567044422,13.058699445144363,13.397876739501953,565936000
2020-11-20,13.411582165007127,13.451954163176714,13.023807729860316,13.046486854553223,341088000
2020-11-23,13.129726118332753,13.340309476449224,12.974466868389637,13.0985746383667,361356000
2020-11-24,13.101064907711441,13.120503208532503,12.844377045037543,12.916897773742676,346500000
2020-11-25,12.991413678956471,13.22766602005471,12.97895327690436,13.193025588989258,259916000
2020-11-27,13.332832293979013,13.365230096581229,13.128976828642482,13.219440460205078,167276000
2020-11-30,13.223181936877268,13.370216975673596,12.931354484678339,13.359251022338867,286952000
2020-12-01,13.449714647947333,13.486099554890952,13.186546046984063,13.347786903381348,296948000
2020-12-02,13.308408129801464,13.630389717182007,13.192524609305062,13.50179672241211,283360000
2020-12-03,13.54866029309872,13.620953282969518,13.290900057082574,13.357707977294922,199520000
2020-12-04,13.410060816255628,13.521242861894294,13.350481990906417,13.519497871398926,202244000
2020-12-07,13.562374575854195,13.692003123709071,13.461414273109401,13.567858695983887,223244000
2020-12-08,13.54616991993234,13.559880694269241,13.243537241523532,13.31184196472168,271920000
2020-12-09,13.26248538232941,13.375660627223208,12.831470785416641,12.893792152404785,401300000
2020-12-10,12.832219536084418,13.031398577222062,12.812774538718983,12.935173988342285,207764000
2020-12-11,12.930184245172232,12.98278405020142,12.786346653479503,12.976053237915039,209264000
2020-12-14,13.050590163896993,13.3504802934115,13.040120222256023,13.270709037780762,270156000
2020-12-15,13.401335220553591,13.425515937821444,13.149059056353826,13.322312355041504,193016000
2020-12-16,13.38413382690294,13.39884214592736,13.174734036543057,13.204648971557617,223116000
2020-12-17,13.328541345882734,13.341255524246247,13.14082986316865,13.303114891052246,231384000
2020-12-18,13.340759578929227,13.36668528801916,13.033142001811628,13.234066009521484,342064000
2020-12-21,13.037379962322126,13.331786023918719,12.930436289077491,13.294143676757812,302332000
2020-12-22,13.281180494833558,13.29912869656647,13.01668843755986,13.240297317504883,185580000
2020-12-23,13.218110529291765,13.237056275687273,12.96782849920963,12.972065925598145,179144000
2020-12-24,12.999984380257285,13.094962250561007,12.901766628858566,12.956608772277832,97884000
2020-12-28,13.025163617065004,13.025163617065004,12.726769309604906,12.863127708435059,212564000
2020-12-29,12.88805741816548,13.035135865574905,12.80554361813499,12.906254768371582,170372000
2020-12-30,12.953118393359109,13.175979793542856,12.859886467129405,13.108174324035645,225396000
2020-12-31,13.09895299632336,13.113411217008528,12.878085702431163,13.017685890197754,192424000
2021-01-04,13.066794130908479,13.613477268003745,12.925448959611947,13.076017379760742,560640000
2021-01-05,13.062304664728773,13.405072074607714,13.049591437015838,13.366433143615723,322760000
2021-01-06,13.184706458898969,13.207142186008463,12.55002633699992,12.578444480895996,580424000
2021-01-07,12.930434635384632,13.339512676724356,12.849666782088335,13.305858612060547,461480000
2021-01-08,13.324307443387072,13.382639576611059,13.004723124897778,13.238801956176758,292528000
2021-01-11,13.380396507064923,13.921097286354001,13.324307660487984,13.58256721496582,518344000
2021-01-12,13.713190565215053,13.715185654983586,13.306856014425799,13.446206092834473,291476000
2021-01-13,13.451441887632267,13.58605625119282,13.346742461050818,13.493072509765625,210028000
2021-01-14,13.536196484078562,13.560875494240818,13.142824359357956,13.162517547607422,283120000
2021-01-15,13.190191844917592,13.287163872887445,12.81177708254526,12.822745323181152,277780000
2021-01-19,12.979044892252457,13.056572862335285,12.807287445364308,12.988019943237305,226188000
2021-01-20,13.074271482544104,13.392110759074399,13.019429339264908,13.327546119689941,258572000
2021-01-21,13.380148529992963,13.959239152398489,13.215121857477593,13.827865600585938,337780000
2021-01-22,13.70072801662627,13.802187566902738,13.588300226138271,13.673306465148926,246820000
2021-01-25,13.742356162385255,13.788972601299603,13.198664758310809,13.61422348022461,251112000
2021-01-26,13.541681919123254,13.605748262959864,13.34923373913582,13.39684772491455,163980000
2021-01-27,13.192184594045496,13.19492712938978,12.757181781831777,12.880827903747559,371272000
2021-01-28,12.95910366922323,13.30162199857024,12.923455463539968,13.013696670532227,228316000
2021-01-29,13.037629611862155,13.296637574814783,12.87459708533729,12.95262336730957,271552000
2021-02-01,13.01593946153721,13.232817502593113,12.865869347591303,13.199164390563965,217204000
2021-02-02,13.360454111923822,13.533208177107893,13.247527071774433,13.5180025100708,220440000
2021-02-03,13.597022814369032,13.891928064775945,13.477865181936796,13.491825103759766,245408000
2021-02-04,13.492324230974786,13.634416844530163,13.299626897697083,13.62519359588623,201340000
2021-02-05,13.685770399260598,13.697985331998837,13.507032031988212,13.552152633666992,169152000
2021-02-08,13.688014429574338,14.432380774378426,13.688014429574338,14.397480964660645,434624000
2021-02-09,14.299757683167412,14.54156481771982,14.181845799253257,14.222479820251465,287560000
2021-02-10,14.421909473206185,14.862396381578142,14.300507596143618,14.72204875946045,485352000
2021-02-11,14.937432968957507,15.22859817563987,14.882340720231461,15.207159042358398,450828000
2021-02-12,15.006982807103192,15.247543280777698,14.732768268450995,14.918486595153809,374756000
2021-02-16,15.021191826127696,15.328561180758324,14.907268204475995,15.286431312561035,321960000
2021-02-17,15.12763862786288,15.179989298031265,14.737756367516171,14.863396644592285,274756000
2021-02-18,14.68690271155763,14.830740342788504,14.53334258191872,14.786617279052734,233868000
2021-02-19,14.981556212316738,15.133620482317376,14.804314630283326,14.88383674621582,271724000
2021-02-22,14.732520326745572,15.089996135515662,14.284055862734963,14.314718246459961,325884000
2021-02-23,14.03501707791871,14.19805051425763,13.351227213256394,14.101576805114746,391780000
2021-02-24,14.082381925555026,14.465284128044166,13.716679525715865,14.457555770874023,448320000
2021-02-25,14.005353050124018,14.333662277875408,13.17847394109998,13.269462585449219,824436000
2021-02-26,13.713189226576278,13.814897904061295,13.322808775404134,13.675298690795898,500932000
2021-03-01,13.83534082862855,13.885198102885361,13.514510804567648,13.802186012268066,353184000
2021-03-02,13.860270705346387,13.880712294925438,13.357711524851588,13.367932319641113,264116000
2021-03-03,13.38787589697503,13.41305321076399,12.76216886866683,12.768152236938477,377592000
2021-03-04,12.764163793210002,12.937916368071201,12.049213052409737,12.334894180297852,573344000
2021-03-05,12.514130369429822,12.514130369429822,11.645868680171928,12.425883293151855,542840000
2021-03-08,12.414413615899687,12.435602648184473,11.533438850520735,11.560112953186035,543112000
2021-03-09,12.099753496667573,12.58503018119177,12.028931897775243,12.488773345947266,521824000
2021-03-10,12.808217687288016,12.94736663668477,12.426181162680194,12.436903953552246,384376000
2021-03-11,12.917441062642364,13.013449604669338,12.70248299212782,12.960831642150879,299916000
2021-03-12,12.61645095024476,12.85634676368248,12.558347920345986,12.823678970336914,243964000
2021-03-15,12.832406735192682,13.17354692311485,12.735152011430825,13.158085823059082,221988000
2021-03-16,13.322918874295542,13.478526797408927,13.083771743024755,13.257833480834961,272128000
2021-03-17,13.006964567493227,13.419424746911847,12.956840856594475,13.307706832885742,243864000
2021-03-18,13.10347523322454,13.150855475897037,12.685029504987675,12.690515518188477,293896000
2021-03-19,12.717945495627424,12.889014536593395,12.580791371714232,12.813454627990723,299208000
2021-03-22,12.880286224197679,13.360824589518188,12.87430079133781,13.153098106384277,297804000
2021-03-23,13.220925552884216,13.310948660290906,12.988511562612349,13.037887573242188,222048000
2021-03-24,13.118186120651787,13.126166380625975,12.604979968071678,12.611213684082031,245840000
2021-03-25,12.46807693347633,12.682785817128236,12.241148899201454,12.50373649597168,295144000
2021-03-26,12.522936498340556,12.823928054668183,12.342391791953444,12.806970596313477,363968000
2021-03-29,12.788017694881296,13.0296590866071,12.668070270981813,12.915696144104004,273520000
2021-03-30,12.809715674519502,12.942630924656342,12.673060003954117,12.839390754699707,200204000
2021-03-31,12.982779650756408,13.436635723855625,12.949862618973997,13.314693450927734,314776000
2021-04-01,13.538130133989712,13.835131119935525,13.477282664265397,13.77702808380127,308276000
2021-04-05,13.832635263043771,13.97876657407877,13.698472914587166,13.952333450317383,255672000
2021-04-06,13.964555321920244,14.018917938185899,13.738874409836257,13.826652526855469,191744000
2021-04-07,13.845852528976325,14.207690603431818,13.67702849951117,14.107942581176758,251284000
2021-04-08,14.216919297413037,14.435119364750422,14.213177925757599,14.281007766723633,244416000
2021-04-09,14.178263990565366,14.371776494039445,14.139362482793082,14.36379623413086,195172000
2021-04-12,14.253826338640454,15.313904498075306,14.10370439177291,15.170764923095703,869324000
2021-04-13,15.193206795688422,15.660529096417902,15.087722573627937,15.640080451965332,676212000
2021-04-14,15.585717781764965,15.680977681236898,15.189217083345795,15.238593101501465,385500000
2021-04-15,15.623122755169474,16.17348576432492,15.592200556342737,16.0966796875,598480000
2021-04-16,16.0126405831472,16.125108122447834,15.82536274319291,15.8724946975708,335208000
2021-04-19,15.497440653339318,15.76775925819942,15.194703488299082,15.323129653930664,404420000
2021-04-20,15.284725469092292,15.458038566239265,14.925381656950178,15.133108139038086,334132000
2021-04-21,15.08074025890028,15.323878028896175,15.064282220242037,15.321883201599121,216776000
2021-04-22,15.336345317338932,15.399686073698188,14.746332141113498,14.812914848327637,277788000
2021-04-23,14.896702404932322,15.296445004947893,14.862788442781444,15.2268705368042,227500000
2021-04-26,15.146823331502622,15.440083849597968,15.08697376083181,15.439085960388184,197796000
2021-04-27,15.53933364907408,15.631102358075223,15.315896833735502,15.34307861328125,164572000
2021-04-28,15.325872106378812,15.493200723239772,15.177246540337377,15.23834228515625,209416000
2021-04-29,15.361281030191163,15.3976892392755,15.033607148432132,15.28622055053711,173196000
2021-04-30,15.136352583925474,15.32637298459857,14.959298086448696,14.971766471862793,201912000
2021-05-03,15.086972302998047,15.208416073987706,14.750321235425245,14.799447059631348,203912000
2021-05-04,14.600449582589548,14.600698817066128,13.975026104461781,14.315168380737305,405324000
2021-05-05,14.672019599835691,14.776257644037008,14.351328061036348,14.422149658203125,292024000
2021-05-06,14.4588080917108,14.534617237657999,14.182255771749805,14.486488342285156,193380000
2021-05-07,14.771021408101264,14.933112300510395,14.63486422135409,14.77501106262207,229328000
2021-05-10,14.750072669633822,14.768775720170076,14.21417381349999,14.229884147644043,268904000
2021-05-11,13.790241908871472,14.3186599170756,13.715430659167707,14.270281791687012,285584000
2021-05-12,13.974280695549288,14.224400868766248,13.674786400032257,13.723912239074707,303408000
2021-05-13,13.998467009467184,14.045349728476552,13.425162054864115,13.63089370727539,285404000
2021-05-14,13.85507926247416,14.291977805422704,13.713934538144024,14.207191467285156,258616000
2021-05-17,14.12141075716698,14.13362990901022,13.81867449240279,14.129889488220215,216980000
2021-05-18,14.231130241326667,14.368035115402556,13.968790986386999,13.980511665344238,186256000
2021-05-19,13.532393535433826,14.044104340700125,13.50920235882469,14.030388832092285,344000000
2021-05-20,14.266540771008533,14.646832621960627,14.234621635588551,14.575761795043945,321592000
2021-05-21,15.125627113969413,15.183731096129877,14.832117340430838,14.954059600830078,672992000
2021-05-24,15.1742545652697,15.705416097601091,15.137846351089925,15.57275104522705,554816000
2021-05-25,15.726364404401615,15.778732192206977,15.443577398975853,15.60841178894043,435408000
2021-05-26,15.69469424475512,15.754044403313245,15.547066551912085,15.660530090332031,370440000
2021-05-27,15.660280028278496,15.710403750659239,15.421132862507694,15.44906234741211,581476000
2021-05-28,15.46202947906416,16.236577036281336,15.46202947906416,16.203659057617188,644536000
2021-06-01,16.229094980518518,16.347047573880385,15.863266335432474,16.223608016967773,472804000
2021-06-02,16.211388338449286,16.87621267756659,16.194680117402555,16.736064910888672,594168000
2021-06-03,16.658764943328784,17.215611938318762,16.541310797438655,16.927087783813477,580008000
2021-06-04,17.069478766631683,17.616599909816845,17.052523208969372,17.534059524536133,617120000
2021-06-07,17.527078500823215,17.767721108576737,17.14953002820666,17.57470703125,575756000
2021-06-08,17.48318750071493,17.577200286108283,17.20763114477439,17.413114547729492,323848000
2021-06-09,17.475719983872768,17.53483445076462,17.216313965511866,17.318578720092773,381656000
2021-06-10,17.3103444553602,17.452020091808027,17.13674237056941,17.38517189025879,287772000
2021-06-11,17.439554700939592,17.89825518148123,17.403886962094116,17.784515380859375,416308000
2021-06-14,17.865074363855577,17.9982683850617,17.62238044017172,17.97756576538086,321376000
2021-06-15,17.8740566646082,17.97507495598846,17.68748377402905,17.747844696044922,243032000
2021-06-16,17.75009224553801,17.913717005111053,17.5443124591101,17.769546508789062,307124000
2021-06-17,17.73387852672111,18.79195408152908,17.715670721948143,18.61461067199707,809656000
2021-06-18,18.74107162605108,19.330720564613056,18.541527942897947,18.596153259277344,968856000
2021-06-21,18.39311488047978,18.494135068349298,17.78201553321056,18.385133743286133,672384000
2021-06-22,18.429286096445225,18.920411562226604,18.34398078046078,18.843585968017578,580144000
2021-06-23,18.96431028230056,19.10897936391846,18.864538436254087,19.013696670532227,332356000
2021-06-24,19.183804200008918,19.375614096798248,19.044621470468723,19.161603927612305,320924000
2021-06-25,19.236435003149623,19.30128697907614,18.851317522351227,18.987504959106445,278364000
2021-06-28,19.317000214420624,20.03286106908621,19.274847095565143,19.9393253326416,495436000
2021-06-29,19.837058731492426,20.052813964606784,19.612073999620787,19.980979919433594,367632000
2021-06-30,19.95354441508654,20.116421295455844,19.81835413049353,19.956787109375,326568000
2021-07-01,20.079000961506793,20.409243781711908,19.973242343945905,20.165802001953125,480136000
2021-07-02,20.393531838306902,20.458383806119546,20.241380242470996,20.440174102783203,342764000
2021-07-06,20.690102132517197,20.794363107269312,20.303738226115755,20.65119171142578,446708000
2021-07-07,20.805837070095645,20.827287563769445,20.285529389265694,20.32518768310547,418428000
2021-07-08,19.811123681241913,20.08699060864963,19.6557293339287,19.857267379760742,503300000
2021-07-09,19.916872317591555,20.03435334968637,19.709098258675084,20.00442123413086,296624000
2021-07-12,20.193739960128703,20.4858202675907,20.141609472181255,20.465618133544922,321984000
2021-07-13,20.35387740282785,20.41448952793503,20.068033125156855,20.20372200012207,290708000
2021-07-14,20.31121893436614,20.371081261605372,19.707602218648773,19.7961483001709,380100000
2021-07-15,19.766471657258307,19.801640805909646,18.815399378990502,18.922903060913086,550564000
2021-07-16,18.987003411331106,19.113213454930996,18.03169146133854,18.119489669799805,688224000
2021-07-19,17.8743037047261,18.998477447310524,17.824666134451522,18.736827850341797,749060000
2021-07-20,18.687194083624995,18.794947062988875,18.12248763276061,18.5694637298584,434687000
2021-07-21,18.83884558672833,19.482371910572084,18.69916616251025,19.365638732910156,371017000
2021-07-22,19.597104029652993,19.84154296188045,19.231939477647337,19.549213409423828,323826000
2021-07-23,19.611079366488564,19.654979435423797,19.206007080146577,19.513303756713867,195672000
2021-07-26,19.266867886400917,19.39756711649879,18.870773917905094,19.249906539916992,203943000
2021-07-27,19.220969582862597,19.577154015985894,18.698167007898192,19.164100646972656,248863000
2021-07-28,19.274847933928527,19.601100261911586,18.951589008448458,19.45842742919922,202191000
2021-07-29,19.4743887933179,19.80762698019667,19.283825335460097,19.617063522338867,190781000
2021-07-30,19.37362109560357,19.585136481217972,19.218976552723575,19.454437255859375,183497000
2021-08-02,19.654977627712686,19.915380808627756,19.316751690978577,19.704862594604492,217444000
2021-08-03,19.694886903097746,20.175785713093944,19.176074829948746,19.769716262817383,301811000
2021-08-04,19.944315500211438,20.271566923364023,19.782685073295433,20.2276668548584,231309000
2021-08-05,20.45314818824978,20.685615479502886,20.295508346135612,20.589834213256836,211435000
2021-08-06,20.477095961490413,20.52299036416041,20.16381247563589,20.319456100463867,178497000
2021-08-09,20.399273064432922,20.46113164731858,20.096966025159155,20.248619079589844,146443000
2021-08-10,20.275551687660446,20.383304640424182,19.78966337944273,19.89043426513672,179238000
2021-08-11,19.99719201633086,20.003178821250415,19.385594031751758,19.65397834777832,185925000
2021-08-12,19.82459056189546,19.98322568110956,19.57516190406229,19.85951042175293,151652000
2021-08-13,19.859510585376018,20.16780442422177,19.8056331423008,20.141862869262695,183063000
2021-08-16,20.08898224870646,20.240635283225057,19.408539829296206,19.90440559387207,210876000
2021-08-17,19.640010842343834,19.7248175706279,19.22296688145729,19.413530349731445,204585000
2021-08-18,19.45543055388039,19.58912505820869,18.95657336019115,18.996482849121094,285913000
2021-08-19,19.449444360898706,20.448157848964946,18.719117056246247,19.752750396728516,766555000
2021-08-20,19.94530793349124,20.8173108732515,19.88744183759088,20.768423080444336,675741000
2021-08-23,20.92307217475191,21.946726358583017,20.902120260869,21.90781593322754,575807000
2021-08-24,21.703283176040937,21.908811733166473,21.485781010020887,21.74319076538086,297299000
2021-08-25,21.68731951267329,22.41864404034006,21.672354404189694,22.1622314453125,347701000
2021-08-26,22.149259221965,22.288938621319648,21.74019649272145,22.017560958862305,237940000
2021-08-27,22.133298143105087,22.670068642424027,22.116336798954833,22.584264755249023,304722000
2021-08-30,22.777822203844707,22.990334740001824,22.499460525203325,22.636146545410156,262580000
2021-08-31,22.647125533698055,22.647125533698055,22.073339614358837,22.337779998779297,259850000
2021-09-01,22.437569306889998,22.64912199389681,22.30983905945331,22.393661499023438,201767000
2021-09-02,22.470495343605453,22.545337883825013,22.247966214051775,22.348752975463867,187834000
2021-09-03,22.27790249793311,22.93750730917341,22.153166206014838,22.794809341430664,280532000
2021-09-07,22.784833671238882,22.850694428150952,22.47448890756114,22.614194869995117,198107000
2021-09-08,22.46550856729171,22.5623040643883,21.930638074162353,22.2918758392334,254434000
2021-09-09,22.26493395688202,22.490457050966747,22.084316013138185,22.130218505859375,196856000
2021-09-10,22.30085332657019,22.578266724683587,22.223018761676062,22.430580139160156,248376000
2021-09-13,22.636147711099213,22.915557731283194,21.81188995971526,22.105270385742188,297500000
2021-09-14,22.228011138976065,22.36272658870624,22.039410651348902,22.19508171081543,199755000
2021-09-15,22.26194074612336,22.31981896258002,21.919663869421825,22.293872833251953,166538000
2021-09-16,22.13620615441447,22.230007727042683,21.880745661445022,22.19508171081543,156033000
2021-09-17,22.252955607329,22.273911214791905,21.78394779506993,21.85379981994629,294503000
2021-09-20,21.10139179807724,21.38778701785786,20.61841355645307,21.068462371826172,349440000
2021-09-21,21.371824057072708,21.379806603732295,20.90581006345656,21.20118522644043,204688000
2021-09-22,21.320930299925596,21.91367719365611,21.151288817679976,21.894718170166016,268726000
2021-09-23,22.093290867008587,22.48745799648261,21.843818289365494,22.4345703125,248555000
2021-09-24,22.02344353743368,22.102277360773,21.814884783571202,22.034420013427734,217655000
2021-09-27,21.664204989181176,21.753017957009202,21.280018765785552,21.61431121826172,245215000
2021-09-28,21.169247409834707,21.37381486341932,20.607433491656852,20.655332565307617,343069000
2021-09-29,20.895826640226495,20.972663870201263,20.423822978492204,20.473718643188477,218394000
2021-09-30,20.72418878114169,21.02156047404019,20.64435762025099,20.672298431396484,221009000
2021-10-01,20.706226639761606,20.814995951669495,20.16037968568149,20.698244094848633,240978000
2021-10-04,20.460747131129327,20.498667077843145,19.51374961230619,19.69037628173828,345635000
2021-10-05,19.907915325430285,20.60444281688041,19.812117171843163,20.40785789489746,279282000
2021-10-06,20.077557514740203,20.67629028663116,20.03764098150744,20.656333923339844,297202000
2021-10-07,21.04750289734636,21.27701913068914,20.92775711791302,21.030540466308594,256919000
2021-10-08,21.05648878776723,21.161266841006725,20.731176248192515,20.787057876586914,151258000
2021-10-11,20.53159470850479,21.01856416379945,20.467728645028984,20.65134048461914,163388000
2021-10-12,20.78406211740241,21.01257912959574,20.484695733535407,20.62739372253418,162134000
2021-10-13,20.873875092241658,20.94572371878802,20.669307592901905,20.89483070373535,180652000
2021-10-14,21.243090758622078,21.709104627354822,21.07744058821198,21.700124740600586,243589000
2021-10-15,21.763987571571747,21.88473259084707,21.616300990357516,21.81587791442871,226994000
2021-10-18,21.70312142601179,22.243977904095235,21.598341475085665,22.17512321472168,189494000
2021-10-19,22.229004834810024,22.3317881818893,21.99051062121753,22.242977142333984,161473000
2021-10-20,22.257947135216437,22.38567737363948,21.935628560572944,22.056373596191406,146276000
2021-10-21,22.050384685989254,22.663089722334,22.03641428104515,22.644128799438477,187590000
2021-10-22,22.77485412154464,23.081205703653463,22.51340768666048,22.678058624267578,249384000
2021-10-25,22.92453474153749,23.305728827400447,22.72196388223994,23.117128372192383,230235000
2021-10-26,23.93839301304731,25.205714271899417,23.873529604420657,24.66485595703125,485898000
2021-10-27,24.422370071571084,25.037069768657314,24.23077377880667,24.399417877197266,245990000
2021-10-28,24.825517045714975,24.897365655301588,24.471266418851215,24.888383865356445,234204000
2021-10-29,24.948261206819474,25.654767902179138,24.94726386442255,25.5130672454834,292503000
2021-11-01,25.594896041853243,25.839378171796714,25.17378532756758,25.772520065307617,265740000
2021-11-02,25.767525492097906,26.621718639071563,25.745570640273353,26.34530258178711,294112000
2021-11-03,26.613741629026617,26.727501473983224,26.17965976317595,26.541893005371094,239910000
2021-11-04,27.171561344732318,31.298836258876868,27.060795434946982,29.738136291503906,1153631000
2021-11-05,30.123319409166225,31.33375987513204,29.347958100058552,29.689237594604492,851260000
2021-11-08,30.085398573379145,31.034392580176473,29.84390851205834,30.739017486572266,503101000
2021-11-09,32.2139010026745,32.241841813464795,29.900790147535126,30.592327117919922,646746000
2021-11-10,29.29407294809422,30.784920762665642,28.717291247821386,29.396854400634766,636206000
2021-11-11,30.40372606119835,30.52546843492164,29.714183788640867,30.325889587402344,332172000
2021-11-12,29.946692061105622,30.615278725972825,29.567492631483955,30.325889587402344,413054000
2021-11-15,30.487551019532958,30.57935600274197,29.185303594652737,29.96166229248047,384909000
2021-11-16,29.69622243740179,30.325889920627386,29.6433328431333,30.139284133911133,264484000
2021-11-17,30.353834961540993,30.444644511844263,28.7392479710532,29.199275970458984,428508000
2021-11-18,32.29871867145236,32.6908873392395,31.254923897392086,31.608177185058594,781711000
2021-11-19,32.174988891444876,33.01820772541341,31.837702499852707,32.91542434692383,533867000
2021-11-22,33.446289928208735,34.57390711561954,31.832702519697552,31.88858413696289,754335000
2021-11-23,31.468474145181016,32.29173450046671,30.814855236904044,31.67902946472168,532163000
2021-11-24,31.394635245658122,32.78569378331727,30.862758634892,32.60507583618164,435162000
2021-11-26,32.531232453731455,32.641001030200556,31.283871091090816,31.436548233032227,283069000
2021-11-29,32.297720190128416,33.34151112072589,31.96841454748494,33.30558776855469,454964000
2021-11-30,33.099034876068785,33.28264868079584,31.79678912997958,32.60707473754883,622066000
2021-12-01,33.1529809663594,33.22284154092527,31.317633266156314,31.37252426147461,484368000
2021-12-02,31.15196289598715,32.41345063590255,30.96333745214234,32.06214904785156,472890000
2021-12-03,31.936405556758363,32.06515080587632,30.070121019469727,30.632003784179688,544325000
2021-12-06,29.820616888870113,30.18089951334633,27.982278547489575,29.977306365966797,658938000
2021-12-07,30.895480355032714,32.38451590477449,30.59008680428253,32.36255645751953,593053000
2021-12-08,31.93540523035622,32.225827257844415,31.358552936375865,31.76274871826172,475551000
2021-12-09,31.6709304355526,32.14099693386837,30.367526251043838,30.42940330505371,488507000
2021-12-10,31.088094881745874,31.242787533822337,29.801656967245915,30.13798713684082,488825000
2021-12-13,30.188883512765113,30.233794155650276,28.060121324277922,28.105031967163086,598344000
2021-12-14,27.6439528427401,28.621007355370885,27.195845739872162,28.280685424804688,667035000
2021-12-15,28.3435563263877,30.439383083328448,27.782672993494028,30.39846420288086,698297000
2021-12-16,31.090089780244078,31.09807330257781,28.037169139263874,28.330583572387695,707366000
2021-12-17,27.929388611016584,28.864526871827557,27.704835351962142,27.74575424194336,713758000
2021-12-20,27.250735034271646,28.088066423723266,27.091053166532397,27.663911819458008,461847000
2021-12-21,28.31761057753916,29.062128280070525,27.34654282285214,29.0172176361084,524385000
2021-12-22,28.833580742440954,29.49626062055205,28.392457864198384,29.341567993164062,395184000
2021-12-23,29.695864054966595,29.999260737951445,29.37250856669955,29.581092834472656,343022000
2021-12-27,29.601054953911746,31.025219046682178,29.58109424412039,30.883501052856445,403686000
2021-12-28,31.24977004502104,31.26773392112932,29.952352554451778,30.261737823486328,420591000
2021-12-29,30.212838350656018,30.487291454884854,29.307639364299206,29.941377639770508,343139000
2021-12-30,29.76772287739856,30.39647191079737,29.481294496536442,29.527202606201172,308864000
2021-12-31,29.61502255799349,29.970315904627515,29.27270386110287,29.3525447845459,266530000
2022-01-03,29.75574653768631,30.64996574600368,29.725805474067663,30.061138153076172,391547000
2022-01-04,30.21682456762122,30.407444937866018,28.292656990618887,29.231786727905273,527154000
2022-01-05,28.89146324143612,29.357536037891197,27.478279080838995,27.549137115478516,498064000
2022-01-06,27.585063219487985,28.38147748125957,27.011207208892472,28.121994018554688,454186000
2022-01-07,28.085078357021388,28.365520084946507,27.003230966626315,27.192853927612305,409939000
2022-01-10,26.528170402992973,27.4144060158557,25.593032389418763,27.345542907714844,594681000
2022-01-11,27.268697246348502,28.009223147677293,26.785659911463362,27.761714935302734,404089000
2022-01-12,28.01121548200883,28.538165945281214,27.553128122944685,27.94335174560547,383413000
2022-01-13,28.322597967784002,28.42339706817921,26.445335836793394,26.522184371948242,540171000
2022-01-14,26.247733885046436,27.142952562616813,26.157912587583745,26.888458251953125,395832000
2022-01-18,26.20780945704016,26.585058455010692,25.718783542206612,25.851518630981445,424270000
2022-01-19,26.027175156596083,26.490251872701148,25.00221562896833,25.01718521118164,488315000
2022-01-20,25.253714829631832,25.528167948115197,24.030149493539206,24.102006912231445,435181000
2022-01-21,23.460282170555125,24.77366673764392,23.216767613789905,23.327547073364258,718958000
2022-01-24,22.285621139528853,23.33353360141309,20.846487542973147,23.325550079345703,913982000
2022-01-25,22.501193412508638,22.897405710454315,21.9562789612793,22.279634475708008,664616000
2022-01-26,23.193810141981658,24.009185786472784,22.25567786422713,22.72673988342285,755959000
2022-01-27,23.52116377527102,23.94731523787376,21.63192420739024,21.900390625,573353000
2022-01-28,21.96825173742082,22.8125710384111,21.253675136018625,22.794607162475586,543774000
2022-01-31,23.13593032920082,24.460294791256842,23.006189511786687,24.437339782714844,564680000
2022-02-01,25.054104625035727,25.095023500950617,23.842516810764977,24.589031219482422,518925000
2022-02-02,25.742734523169712,25.765687622380483,24.50419990907991,25.191831588745117,543419000
2022-02-03,24.409394490116693,25.0271638258228,23.73274239062806,23.900407791137695,410178000
2022-02-04,23.924359424926656,24.58604192006064,23.58503497082933,24.27066993713379,354829000
2022-02-07,24.32356063658267,25.131950236744533,24.153898433728177,24.67885398864746,376868000
2022-02-08,24.31058777349292,25.179857022998263,23.93234129371506,25.0580997467041,410359000
2022-02-09,25.571081886954367,26.671890566783304,25.302617361297145,26.65192985534668,524282000
2022-02-10,25.943341891805627,26.871492136649884,25.54912640450638,25.772680282592773,513200000
2022-02-11,25.86449932037972,26.10003039508258,23.72575830389794,23.90140724182129,605472000
2022-02-14,23.88643449693495,24.825564374214455,23.70778938191042,24.218772888183594,440424000
2022-02-15,24.899421143139737,26.492250266931183,24.734750018411827,26.442350387573242,699869000
2022-02-16,26.20681300824524,26.52917102458829,25.50121738608982,26.458311080932617,732676000
2022-02-17,25.579063213609647,25.733755858622583,24.11697644225443,24.458295822143555,810595000
2022-02-18,24.61897459185381,24.936343397057144,23.054091914566957,23.595014572143555,761255000
2022-02-22,22.989223238774173,24.016177674838435,22.95429294527255,23.343517303466797,633422000
2022-02-23,23.754695100866613,24.106994175655707,22.256678790095112,22.342506408691406,566511000
2022-02-24,20.973235364784678,23.752700460531262,20.848483782736597,23.700803756713867,735801000
2022-02-25,23.673861053583,24.168873762127337,23.334536567147147,24.108993530273438,528866000
2022-02-28,23.944315946592557,24.61597867919308,23.659882542697837,24.33653450012207,477319000
2022-03-01,24.24272507991095,24.328554607429982,23.086028049660978,23.430341720581055,412056000
2022-03-02,23.712822263835932,24.364635267097988,23.37244245209041,24.17597770690918,389642000
2022-03-03,24.217904733759312,24.28178949987807,23.426346683944526,23.670902252197266,365095000
2022-03-04,23.34150728876282,23.636968924346505,22.441145979903247,22.89432144165039,431415000
2022-03-07,22.775536020572545,22.99114500980663,21.291238708054614,21.31319808959961,450821000
2022-03-08,21.270273834836342,22.33233933851528,20.61247108080546,21.47490119934082,557467000
2022-03-09,22.34631240982393,23.177798676510015,22.206567458744647,22.9721736907959,492742000
2022-03-10,22.490055090570973,22.74658802016599,21.842234335180756,22.616825103759766,428066000
2022-03-11,22.980162727551132,23.102940302954398,22.00593652699091,22.059839248657227,367209000
2022-03-14,21.82926082118848,22.22154634156977,21.12055189231949,21.291240692138672,385354000
2022-03-15,21.47889215070773,22.996130111197097,21.28324922029345,22.93124771118164,491996000
2022-03-16,23.457290722488487,24.552297138914387,23.12988771835892,24.451480865478516,671422000
2022-03-17,24.076167120982394,24.79685323515595,23.862555326463934,24.720993041992188,471941000
2022-03-18,24.753932770637824,26.52071662131349,24.579251558233064,26.404926300048828,730719000
2022-03-21,26.45883040449885,27.10265874201125,25.919810799916604,26.68541717529297,591727000
2022-03-22,26.678429776405682,27.18850274822909,26.024621290380676,26.475799560546875,547007000
2022-03-23,26.078518306597157,26.563635115721986,25.52852099865223,25.587413787841797,502120000
2022-03-24,26.118448890609304,28.268533755984528,25.859918794556325,28.09884262084961,877379000
2022-03-25,27.835319803468362,28.306462114881743,27.22143772985282,27.641672134399414,579016000
2022-03-28,27.705560928979263,28.198662689661013,27.15655927410769,28.1677188873291,425494000
2022-03-29,28.64285248149159,28.89339579270697,27.929151693458024,28.603923797607422,488984000
2022-03-30,28.252563440733994,28.444213951833504,27.453018519672682,27.639678955078125,463487000
2022-03-31,27.73151289162019,28.19666565950048,27.220444189167058,27.236413955688477,523440000
2022-04-01,27.325251194574196,27.446031589701068,26.219264969798488,26.663455963134766,517235000
2022-04-04,26.679426533913535,27.507918058034864,26.56463575752181,27.310277938842773,397120000
2022-04-05,27.20446853162703,27.269350934287917,25.773074655335627,25.883872985839844,436615000
2022-04-06,24.88868689300515,25.254020976141952,23.959379064062016,24.36264419555664,703833000
2022-04-07,24.396579708521703,24.67706914237199,23.435330567050546,24.164003372192383,557992000
2022-04-08,23.873536476701478,23.8795260910143,23.020090688541902,23.07698631286621,524781000
2022-04-11,22.173627848560624,22.27943419352608,21.620633863364553,21.877166748046875,575207000
2022-04-12,22.496039697929614,22.6836977341084,21.24331959200071,21.464916229248047,662258000
2022-04-13,21.68851577144071,22.45911222680707,21.416011160562284,22.16265106201172,516943000
2022-04-14,22.464099572114247,22.735606515539892,21.124539407798157,21.2193660736084,569097000
2022-04-18,21.161469536392858,22.047854170473418,21.040689165787903,21.743410110473633,525701000
2022-04-19,21.680523827744366,22.33233689682969,21.275261584203733,22.157655715942383,512781000
2022-04-20,22.47607766412993,22.62879947914328,21.161471751554885,21.44295883178711,468974000
2022-04-21,21.669550192138768,22.35130961288542,19.963656140480197,20.146324157714844,656209000
2022-04-22,20.266104182229988,20.448772191837854,19.46456392428075,19.479536056518555,624713000
2022-04-25,19.167106444428228,19.90875632059273,19.061300069268512,19.865835189819336,641566000
2022-04-26,19.682166873800284,19.75203935812216,18.636071069969407,18.753856658935547,653143000
2022-04-27,18.56420258895358,19.13216882446557,18.25676363846258,18.38153648376465,499460000
2022-04-28,18.932524956113923,20.000581741406755,18.456392659134917,19.746044158935547,570327000
2022-04-29,19.36674191148043,20.091422411814133,18.48334995977803,18.513296127319336,500435000
2022-05-02,18.507307291350344,19.538429143635206,18.357580255112094,19.49750518798828,572049000
2022-05-03,19.364745058425033,19.788973871458698,19.09823006494358,19.566377639770508,475751000
2022-05-04,19.886796140998648,20.362928617902014,18.716925022967168,20.297048568725586,648855000
2022-05-05,19.83089295751336,19.888786204081587,18.46637685642343,18.809751510620117,626331000
2022-05-06,18.70195175204548,19.47654062399215,17.95730714361305,18.641061782836914,633297000
2022-05-09,18.00122470604806,18.221821818374295,16.79641762349791,16.9191951751709,644455000
2022-05-10,17.656851643260232,18.16492737651773,16.99405882150625,17.56302261352539,761474000
2022-05-11,17.315477156303142,17.7207395102495,16.537893425141622,16.59977912902832,670167000
2022-05-12,16.189521927319188,16.75748801691552,15.538707458895326,16.145601272583008,708728000
2022-05-13,16.757491408122753,17.895419085973305,16.56284608468857,17.6738224029541,670437000
2022-05-16,17.477185427776067,17.755677790770932,17.07491783505779,17.232629776000977,521446000
2022-05-17,18.041149425668817,18.33761050359506,17.601950508278644,18.143962860107422,585830000
2022-05-18,17.672825290748634,18.085074867941106,16.833354004544034,16.90721893310547,545161000
2022-05-19,16.906221705811088,17.65485877694169,16.70358958474404,17.09288215637207,621310000
2022-05-20,17.300504976295468,17.378362351094147,15.72637008787695,16.663663864135742,739105000
2022-05-23,16.244423998494888,16.884259799237338,16.149597335733432,16.867290496826172,639889000
2022-05-24,16.479997280187,16.566839072025044,15.751323384344335,16.124643325805664,588550000
2022-05-25,15.990888366746299,17.079905368342203,15.97092425449637,16.94415283203125,781132000
2022-05-26,16.00685575522456,18.059118973315748,15.992881259502376,17.818557739257812,996575000
2022-05-27,18.152951232834447,18.846687898146087,18.06710707974636,18.77681541442871,738379000
2022-05-31,18.945506160051778,19.165107560608973,18.316651930915967,18.6380672454834,664100000
2022-06-01,18.68997397259425,19.018374652138892,18.089066793747712,18.286706924438477,544514000
2022-06-02,18.258756043613012,19.583344026505568,18.164927015741718,19.556392669677734,648656000
2022-06-03,19.047325348696557,19.29687105430401,18.488341597340362,18.68598175048828,598779000
2022-06-06,19.104216857601944,19.301856968127392,18.53026109692932,18.75185775756836,422406000
2022-06-07,18.438431844745782,18.965472213893936,18.154947548277914,18.8916072845459,388914000
2022-06-08,18.768802321218942,19.14919082607967,18.50522645422863,18.618045806884766,363252000
2022-06-09,18.451319502869243,18.902593233459793,18.012025631333735,18.019014358520508,395574000
2022-06-10,17.571729282063977,17.66857359163236,16.841902597628902,16.946735382080078,465248000
2022-06-13,15.974299858189175,16.285798979640894,15.580932670861289,15.621867179870605,604153000
2022-06-14,15.705731253766638,16.040193181616115,15.387243419466994,15.810563087463379,469680000
2022-06-15,16.069143021465198,16.84090192856141,15.900414844094753,16.500450134277344,563936000
2022-06-16,15.834522958828355,15.916391969438846,15.376260638736387,15.575939178466797,545749000
2022-06-17,15.622863557257194,15.969306274754233,15.303377894797796,15.854491233825684,630334000
2022-06-21,16.44853333661979,16.98067611376005,16.380641786258877,16.539386749267578,483089000
2022-06-22,16.19993563125689,16.635236096967933,16.15400999438934,16.333721160888672,437135000
2022-06-23,16.492459015881458,16.558352962410634,15.827529624606177,16.198932647705078,463680000
2022-06-24,16.473495860765993,17.112467212054863,16.2838005267453,17.09848976135254,472153000
2022-06-27,17.28419095345656,17.302161688571072,16.599292094417013,16.841901779174805,427968000
2022-06-28,16.872852064808622,17.17436698853459,15.91938621875453,15.956327438354492,461149000
2022-06-29,15.788599867062201,15.794589795755158,15.145634199034012,15.517036437988281,482352000
2022-06-30,15.336325419135894,15.541994845285537,14.838127375234018,15.134650230407715,686070000
2022-07-01,14.875068383035895,15.03880451331611,14.368882791299097,14.499671936035156,577610000
2022-07-05,14.152230235873315,14.946951112194402,14.032423111650445,14.939962387084961,651397000
2022-07-06,14.985889549347426,15.294393215490263,14.765243873049544,15.105696678161621,529066000
2022-07-07,15.431172487703748,15.91938634734984,15.36427972508815,15.832526206970215,492903000
2022-07-08,15.405215450126937,16.01124079035871,15.364280941862427,15.812560081481934,467972000
2022-07-11,15.501061520744424,15.502060318211557,15.013845450277405,15.127662658691406,437321000
2022-07-12,15.243475654572288,15.40621394491729,14.853103898095975,15.057774543762207,458483000
2022-07-13,14.56656528451449,15.350304243121299,14.4417660630257,15.139642715454102,521918000
2022-07-14,15.083733212382363,15.44814671796971,14.704343457142825,15.347309112548828,456235000
2022-07-15,15.633846749612045,15.75664836262336,15.420189805163654,15.73668098449707,385935000
2022-07-18,16.275811592879943,16.869855065757967,15.976294291524628,16.07513427734375,670517000
2022-07-19,16.459520538555523,17.08251882919719,16.146025702467618,16.96470832824707,702366000
2022-07-20,16.919777466324557,17.904193653189743,16.774012086751018,17.77839469909668,760538000
2022-07-21,17.856269769328147,18.114852584461335,17.51681579289386,18.02100372314453,557049000
2022-07-22,17.86426095207546,17.938141503435737,17.109474677408237,17.291183471679688,536671000
2022-07-25,16.991661475600253,17.096494261320483,16.622256873127547,16.996654510498047,480748000
2022-07-26,16.861870154684528,16.891822649479725,16.451531068699488,16.50644302368164,397865000
2022-07-27,17.004639434525583,17.907188485590435,16.885831113737122,17.761423110961914,569776000
2022-07-28,17.946124228071746,18.11085817162906,17.411983837534958,17.955108642578125,474646000
2022-07-29,17.784387118127725,18.214694569102246,17.663581188162542,18.133825302124023,435460000
2022-08-01,18.152795986600218,18.81573095811725,17.961104933200836,18.411380767822266,476469000
2022-08-02,18.092888368674423,18.907577522415323,18.06293587544904,18.496238708496094,489527000
2022-08-03,18.154791057227346,18.937532114170036,18.10786566973609,18.862651824951172,418146000
2022-08-04,18.818722242281332,19.243038768382238,18.729864509468054,19.184133529663086,409652000
2022-08-05,18.7797827890261,19.19811032548753,18.636015011697438,18.95849609375,386068000
2022-08-08,17.473886632127186,18.2097022715193,17.214304052200333,17.76441764831543,981859000
2022-08-09,17.22428354912686,17.41896995523627,16.6971319617718,17.058549880981445,668263000
2022-08-10,17.669572848171974,18.088898306614105,17.289184304860864,18.06793212890625,597422000
2022-08-11,18.101874963139256,18.67694989267418,17.84728352756443,17.913177490234375,509327000
2022-08-12,18.130831369711036,18.68793567728393,17.92416312056551,18.6789493560791,478094000
2022-08-15,18.670959037819138,19.133214622291845,18.583101055571028,19.001426696777344,457666000
2022-08-16,18.88960928236418,19.11125281035759,18.471281688551823,18.848674774169922,451240000
2022-08-17,18.49324736132435,18.657981332845214,18.115854280880267,18.3055477142334,446799000
2022-08-18,18.271605449183827,18.83469872730568,18.153794950823045,18.742847442626953,415447000
2022-08-19,18.37643021818228,18.490247392890844,17.741452295596194,17.82032585144043,441588000
2022-08-22,17.46190444615827,17.529796005514974,16.93874601388548,17.006637573242188,409593000
2022-08-23,16.961709411115542,17.436944603324772,16.942738927006292,17.153400421142578,369986000
2022-08-24,16.984668508013538,17.378036532890732,16.867857799711306,17.194332122802734,522661000
2022-08-25,16.81694815322541,17.918177358978294,16.80596613930579,17.884231567382812,770691000
2022-08-26,17.82831787419481,17.895209693014834,16.210919131366463,16.233882904052734,769127000
2022-08-29,15.994268556184212,16.311756661031318,15.741674674911415,15.775619506835938,496132000
2022-08-30,15.934363667656111,16.013236290955273,15.157613482274343,15.443154335021973,530181000
2022-08-31,15.359290683849366,15.51504026024617,14.934973110744467,15.069756507873535,573710000
2022-09-01,14.186174234575896,14.356900019307059,13.248683470937443,13.91461181640625,1178865000
2022-09-02,14.07735157024542,14.148236669923433,13.56916839929729,13.625079154968262,743157000
2022-09-06,13.708944300191542,13.756867534549574,13.329554567237018,13.443371772766113,535751000
2022-09-07,13.545236934215922,13.819877351748058,13.328521120783083,13.696039199829102,512657000
2022-09-08,13.441373984164738,13.989655763301307,13.35149264648823,13.971678733825684,624873000
2022-09-09,14.138459061636421,14.455044295388618,14.107500475650557,14.368158340454102,486612000
2022-09-12,14.350181361214242,14.527947731810595,14.179404839818012,14.486002922058105,484159000
2022-09-13,13.783924633033108,13.903767364016517,13.081845229225642,13.113802909851074,714956000
2022-09-14,13.236640893849893,13.27259399594672,12.896087899117584,13.110806465148926,588507000
2022-09-15,12.997957145239825,13.215671132338676,12.773251402722765,12.912069320678711,523625000
2022-09-16,12.725312420987274,13.194697165247513,12.600476123758247,13.180715560913086,670751000
2022-09-19,12.994959906915472,13.44536950238442,12.992962670832137,13.36447525024414,569685000
2022-09-20,13.197695205969652,13.465343911425606,13.039902113440293,13.158745765686035,524818000
2022-09-21,13.195697697748727,14.012626355851008,13.092831937590079,13.243634223937988,807679000
2022-09-22,13.052883178633808,13.131780192367279,12.41172469834498,12.544549942016602,759162000
2022-09-23,12.40373404951629,12.594483888456596,12.240947418073999,12.499608039855957,663309000
2022-09-26,12.474640670046318,12.642420860837374,12.198003031202267,12.211984634399414,547343000
2022-09-27,12.49061861104703,12.719318763958155,12.241945148901097,12.39674186706543,553854000
2022-09-28,12.393747960630728,12.806207210789621,12.337821540927935,12.719321250915527,542414000
2022-09-29,12.4316996945361,12.48363164790782,11.930357192324799,12.203998565673828,532763000
2022-09-30,12.071169294217576,12.616454666511402,12.059184927057526,12.123101234436035,565638000
2022-10-03,12.330831119191432,12.661397986074181,12.089147450998603,12.495615005493164,547478000
2022-10-04,12.862130688690549,13.202684600258644,12.862130688690549,13.14975357055664,584182000
2022-10-05,12.894091817678392,13.303554723315088,12.6044716440018,13.19170093536377,507131000
2022-10-06,13.20268765696208,13.638116551801618,13.085840298412162,13.112805366516113,644157000
2022-10-07,12.488623513159082,12.653407390361005,12.00625625011576,12.060185432434082,672478000
2022-10-10,12.02123547777354,12.108121431783047,11.3930595354897,11.654716491699219,698699000
2022-10-11,11.545861555762222,11.830488215960266,11.268225699079906,11.570829391479492,667482000
2022-10-12,11.563837549253588,11.719632448977713,11.330143771029212,11.484940528869629,492590000
2022-10-13,10.956631792924158,12.062182385586972,10.798838721715281,11.944336891174316,850103000
2022-10-14,12.041210401485747,12.095139584430672,11.189327796407529,11.212297439575195,713432000
2022-10-17,11.502915474188297,11.932352643403792,11.501917332402892,11.872430801391602,580774000
2022-10-18,12.327834421594872,12.475640367724393,11.602785343462813,11.95132827758789,659362000
2022-10-19,11.86344167010799,12.33382546739314,11.81850053084603,12.035216331481934,523131000
2022-10-20,12.097135770429727,12.752276757936729,12.089145874513667,12.178030014038086,652398000
2022-10-21,12.082156494590066,12.481633241323104,11.87143332263106,12.449674606323242,609494000
2022-10-24,12.49161907984014,12.693354192196825,12.048200327410264,12.582499504089355,517457000
2022-10-25,12.67737728182248,13.282583663418823,12.647415881475542,13.243634223937988,505482000
2022-10-26,12.852148126630082,13.370467582837385,12.691358709095725,12.879112243652344,532953000
2022-10-27,13.61215172838995,13.819879536767937,13.104816577345671,13.158745765686035,583113000
2022-10-28,13.086838241715473,13.83186152118797,13.043894336346346,13.815881729125977,521040000
2022-10-31,13.759956486013305,13.819878330285551,13.2795864472885,13.479324340820312,486341000
2022-11-01,13.792912452696658,13.90676347391886,13.50129505001384,13.525263786315918,432817000
2022-11-02,13.83186295115386,14.191391166061656,13.193699822047904,13.201688766479492,672628000
2022-11-03,13.02591996046557,13.762953440077196,12.939033996652151,13.403424263000488,500065000
2022-11-04,13.967683273201919,14.210365058332465,13.67906125202417,14.137460708618164,612576000
2022-11-07,14.209366081203711,14.393125122055553,13.935725708295829,14.282270431518555,410061000
2022-11-08,14.781617883688014,14.871500181996097,14.19738389711096,14.582879066467285,595292000
2022-11-09,14.143453551229962,14.192390121308478,13.740981430455777,13.757959365844727,454414000
2022-11-10,14.78061823441489,15.75234357507586,14.527949302036653,15.729373931884766,700819000
2022-11-11,15.786297912123384,16.367535452388744,15.461723751407225,16.30561637878418,655487000
2022-11-14,16.196759933471668,16.518338717650273,15.901147120330615,16.273658752441406,527852000
2022-11-15,16.70009908063956,16.975736669946382,16.360544231088024,16.64417266845703,545876000
2022-11-16,16.140833788396282,16.34057071172928,15.852211772174623,15.88916301727295,649547000
2022-11-17,15.694418730732606,16.244697698362444,15.514654166070915,15.656468391418457,710894000
2022-11-18,15.94508842788451,15.981042481409775,15.100196742798564,15.388818740844727,492072000
2022-11-21,15.127163364237928,15.456731110524126,15.060250720781186,15.296940803527832,404739000
2022-11-22,15.307926177427646,16.03697064838447,15.10219563199428,16.016996383666992,472866000
2022-11-23,16.076917762150764,16.505356800578657,16.026984003688426,16.497365951538086,427241000
2022-11-25,16.29663094123332,16.46540834086165,16.15082223246227,16.248693466186523,167934000
2022-11-28,16.00501033484104,16.335578114870664,15.704405855375358,15.80627155303955,303741000
2022-11-29,15.806272346937764,15.9111353323506,15.499675191959904,15.618518829345703,298384000
2022-11-30,15.68045251052316,16.912153494374177,15.580558497425681,16.905160903930664,565298000
2022-12-01,16.981079427481237,17.24679783970152,16.61746285278934,17.11693572998047,470977000
2022-12-02,16.64143742283547,16.915148722341915,16.42766233403227,16.85820770263672,371389000
2022-12-05,16.661416742045997,16.977083578578082,16.454634243569135,16.59248924255371,352255000
2022-12-06,16.51257295670971,16.555526889769286,15.802322128432385,15.970145225524902,352694000
2022-12-07,15.75537271529558,16.168936767313863,15.650482915932596,16.10300636291504,372388000
2022-12-08,16.255848218840367,17.160893389958503,15.94217810718751,17.150903701782227,515456000
2022-12-09,17.14190886566031,17.564463251970096,16.95710443596456,16.983076095581055,465338000
2022-12-12,17.01904149488724,17.5195128285567,16.779294713991607,17.516515731811523,457328000
2022-12-13,18.511465684750743,18.770193437295646,17.692330392550996,18.052949905395508,656589000
2022-12-14,17.968040523898743,18.23276249935812,17.401638727640112,17.655370712280273,496888000
2022-12-15,17.127925453761733,17.30174181827522,16.682396458224076,16.93412971496582,478542000
2022-12-16,16.846225910038616,17.023039400348072,16.39270394689365,16.55353355407715,478232000
2022-12-19,16.55453352352838,16.591493275422224,16.127983538157395,16.236867904663086,354039000
2022-12-20,16.04706879387778,16.292809815920624,15.835293287085545,16.06804656982422,403260000
2022-12-21,16.097011404935554,16.60947103919092,16.08502301997595,16.48360252380371,325025000
2022-12-22,16.077034434147475,16.120988676666293,14.866312166020125,15.322830200195312,565045000
2022-12-23,15.17998128298212,15.322830189395079,14.867311505326436,15.189970970153809,349326000
2022-12-27,15.058110852321793,15.08408346858157,14.041183324202558,14.106115341186523,464902000
2022-12-28,13.912318692934731,14.24696558584254,13.869363801000764,14.021203994750977,351066000
2022-12-29,14.386819046661842,14.667522024551847,14.212003326446284,14.587606430053711,354923000
2022-12-30,14.318890082879692,14.613579197907772,14.217996715226494,14.59859561920166,310490000
2023-01-03,14.835344825073602,14.980192432307444,14.081140585137454,14.299909591674805,401277000
2023-01-04,14.551643550441703,14.837341342052907,14.225987013110903,14.733450889587402,431324000
2023-01-05,14.475725368544696,14.548648374304229,14.133086509590795,14.249963760375977,389168000
2023-01-06,14.45874173703761,14.994176946626181,14.019205996590792,14.84333610534668,405044000
2023-01-09,15.267888310654865,16.03907384357529,15.125038456294371,15.611525535583496,504231000
2023-01-10,15.490652443025239,15.945172704430046,15.455689492558554,15.892229080200195,384101000
2023-01-11,15.823302234215715,16.011103777484436,15.546593810156406,15.984131813049316,353285000
2023-01-12,16.083029067309738,16.619461755576417,15.47566921706697,16.493595123291016,551409000
2023-01-13,16.260841726815173,16.904163911762296,16.147961873227626,16.881187438964844,447287000
2023-01-17,16.881187014032182,17.709313641691512,16.881187014032182,17.683340072631836,511102000
2023-01-18,17.648373995471697,17.85415619050999,17.263779661511762,17.358680725097656,439624000
2023-01-19,17.018042058487556,17.17887355641003,16.713365152180454,16.74732780456543,452932000
2023-01-20,16.99306976542005,17.837180338916934,16.80726689515637,17.82019805908203,564967000
2023-01-23,18.044954413779777,19.224710954262285,17.799215385779757,19.172765731811523,655163000
2023-01-24,18.807155689842816,19.474452780290186,18.80016309844602,19.244693756103516,496204000
2023-01-25,18.893061849004603,19.349580807071824,18.560412717739826,19.302629470825195,449537000
2023-01-26,19.680230760238217,20.14474069411191,19.257676365647274,19.781124114990234,489535000
2023-01-27,19.44148820256033,20.606259679709748,19.384549069498867,20.343536376953125,542142000
2023-01-30,19.92897527511301,20.118773660535773,19.129817259209076,19.14180564880371,488611000
2023-01-31,19.149795154127606,19.66625044123853,18.93002771708951,19.516408920288086,498017000
2023-02-01,19.670244043953495,21.169661317208572,19.59032844677635,20.92092514038086,660477000
2023-02-02,20.977861172359162,21.925860113730366,20.6781782034606,21.686113357543945,564276000
2023-02-03,20.9778619200745,21.72207738368297,20.76708391302964,21.077756881713867,429366000
2023-02-06,20.78406792196353,21.54726252016348,20.764088546903054,21.066770553588867,452197000
2023-02-07,21.35946479466182,22.23554130412732,21.127708956312546,22.14963150024414,664150000
2023-02-08,22.36340029679166,22.85388384635013,21.984800102114296,22.18159294128418,559651000
2023-02-09,22.58217304827231,22.99573622959342,22.09668525553156,22.31345558166504,523876000
2023-02-10,21.667133493771495,22.05472302081003,20.789060483609514,21.24258041381836,550737000
2023-02-13,21.51529912841679,22.024761818802954,20.939906017047434,21.76503562927246,474919000
2023-02-14,21.555257273987714,23.02470760406591,21.343480815226023,22.94679069519043,675474000
2023-02-15,22.52523007264076,22.830907263123883,22.082698167631655,22.74000358581543,420575000
2023-02-16,22.109667968901128,22.526228206382104,21.903885748285937,21.97880744934082,412026000
2023-02-17,21.60819758522636,21.717081932888007,20.9528889890741,21.365453720092773,465888000
2023-02-21,20.977862013234812,21.47134072519899,20.596264744241374,20.63322639465332,410015000
2023-02-22,20.685172986353002,21.081753858938534,20.399473261638228,20.73212242126465,513184000
2023-02-23,23.415294236092592,23.86282198809331,23.00073074104482,23.639057159423828,1117995000
2023-02-24,23.200519010604086,23.449257089535415,22.922812171124363,23.26145362854004,589716000
2023-02-27,23.645051208026654,23.854828947358715,23.429279274617038,23.476228713989258,452994000
2023-02-28,23.347364022615437,23.799887550278743,23.18153863236945,23.1915283203125,455963000
2023-03-01,23.167550984389926,23.23148459935281,22.484272025585433,22.674072265625,460026000
2023-03-02,22.464293559566894,23.35535148775119,22.408350934456944,23.28942108154297,389415000
2023-03-03,23.295419675920705,23.874808261321643,23.10561940844885,23.864818572998047,412393000
2023-03-06,23.865819498087028,24.222441663316612,23.462244081707404,23.5291748046875,437429000
2023-03-07,23.579126969767078,24.10366224367853,23.220443334628193,23.26740264892578,515154000
2023-03-08,23.466224373577802,24.17859494826269,23.403280373872484,24.159610748291016,513573000
2023-03-09,24.153618497967933,24.432372980969312,23.36231913782545,23.415273666381836,501257000
2023-03-10,23.388298290096692,23.60610591009381,22.70590174749073,22.944690704345703,474866000
2023-03-13,22.73187871576052,23.277395355394315,22.2772811984554,22.945688247680664,421890000
2023-03-14,23.475219568886814,24.197579694405405,23.439250204223796,24.041717529296875,474910000
2023-03-15,23.73998179778675,24.26451702592668,23.339337433810194,24.20656967163086,524486000
2023-03-16,24.00574890060099,25.565367136764166,23.872865210794142,25.518409729003906,583253000
2023-03-17,25.959018356234978,26.375649322099584,25.64529501788219,25.702245712280273,848547000
2023-03-20,25.592342695819287,26.000981321988803,25.107771080019624,25.877090454101562,432747000
2023-03-21,26.15684282491247,26.368655193911295,25.358549792606095,26.175825119018555,547408000
2023-03-22,26.401626474238157,27.564598386349715,26.21379303359335,26.444589614868164,797295000
2023-03-23,27.091015330476242,27.47467644266125,26.66639202441552,27.166948318481445,564889000
2023-03-24,27.007089867354004,27.142969248408896,26.3316872285577,26.755311965942383,454920000
2023-03-27,26.81326120327941,26.976117128214934,26.34167858929791,26.507532119750977,361026000
2023-03-28,26.42361038825946,26.4895520016458,25.8271382618564,26.386642456054688,356104000
2023-03-29,26.80127663568218,27.054051235079495,26.573477639400732,26.960134506225586,393694000
2023-03-30,27.204916786801245,27.474678436555607,27.078028306822056,27.358779907226562,364516000
2023-03-31,27.115994254760153,27.809380660660256,27.08102536446216,27.752431869506836,433933000
2023-04-03,27.484671479925822,27.97523645598325,27.311824147854885,27.94026756286621,398716000
2023-04-04,27.941267279686127,27.975237607444253,27.282849683904686,27.428720474243164,368592000
2023-04-05,26.80526755682353,26.97411677893006,26.371651457693215,26.857221603393555,515015000
2023-04-06,26.560489728662024,27.056051374284717,26.403628985272785,27.013090133666992,397654000
2023-04-10,26.79927368503425,27.59656814998943,26.645410576438564,27.55460548400879,395279000
2023-04-11,27.699479353630412,27.765420962103274,27.102006799330113,27.144969940185547,314378000
2023-04-12,27.345793254176353,27.443706150535657,26.42460783917617,26.471567153930664,446259000
2023-04-13,26.710354492654048,26.863219050562652,26.305713912619126,26.439594268798828,353615000
2023-04-14,26.48055798084649,26.859222480822282,26.196808771126577,26.734333038330078,395660000
2023-04-17,26.541503250119483,26.98211316139373,26.409620037298097,26.978116989135742,321471000
2023-04-18,27.508646286112445,28.085135558158072,27.332801374544683,27.642526626586914,604812000
2023-04-19,27.33680022607394,27.975234992237034,27.20791461166313,27.906295776367188,358660000
2023-04-20,27.64652455149464,28.00520817494305,26.976118523026464,27.080026626586914,427713000
2023-04-21,26.928160559616323,27.15895713906588,26.698364452495547,27.095012664794922,345103000
2023-04-24,26.989109891102213,27.341796428628392,26.64741139924113,27.018083572387695,339282000
2023-04-25,27.054050219721624,27.2229013742331,26.201805913337573,26.217790603637695,378527000
2023-04-26,26.978118263771744,27.305827272348722,26.68138006807285,26.932157516479492,406337000
2023-04-27,27.338797504535222,27.470680716229086,26.601449417885966,27.20191764831543,377161000
2023-04-28,27.200920093090993,27.733447698531908,27.047055069952613,27.724456787109375,292216000
2023-05-01,27.81537661530885,29.03229974718171,27.755430216862095,28.884429931640625,570329000
2023-05-02,28.654634590232256,28.810496754933304,28.058162478439368,28.185049057006836,402730000
2023-05-03,27.815377004737694,28.341911325325526,27.44770245263645,27.77741050720215,383387000
2023-05-04,27.62654444288627,27.834360670007325,27.215908633799796,27.53762435913086,321850000
2023-05-05,27.801389698676097,28.72956699907564,27.70647440681242,28.654634475708008,361494000
2023-05-08,28.49677215933893,29.194154745050692,28.32492531170623,29.125215530395508,344979000
2023-05-09,28.873439595641816,28.94737354959499,28.42483732148799,28.54572868347168,314869000
2023-05-10,28.979347916687313,29.08725411185413,28.435830296315775,28.859455108642578,369350000
2023-05-11,28.87044053584294,28.92439362497088,28.221015861335896,28.55272102355957,322149000
2023-05-12,28.503765785473174,28.75454513594309,28.02119319112188,28.31493377685547,274222000
2023-05-15,28.482788702423957,28.9433814645489,28.12710453307319,28.92739486694336,293926000
2023-05-16,28.81549166758805,29.84358282076136,28.80650075563799,29.187162399291992,449405000
2023-05-17,29.557833570142268,30.17228939441913,29.403970448812785,30.151308059692383,432535000
2023-05-18,30.38310060111177,31.7998455736638,30.293180058398384,31.649978637695312,748725000
2023-05-19,31.508105976511025,31.552067683944458,30.888655428377344,31.236347198486328,473908000
2023-05-22,30.873663982244203,31.49211780089983,30.65286071416473,31.148422241210938,372000000
2023-05-23,30.972582484687077,31.260327873842513,30.603909359902882,30.660858154296875,356253000
2023-05-24,30.183275454027516,30.579925534957418,29.779633501418378,30.510986328125,721419000
2023-05-25,38.488926318360186,39.44508061098546,36.60259571255149,37.946407318115234,1543911000
2023-05-26,37.85648296620509,39.13534949472907,37.51678356815055,38.91154861450195,714397000
2023-05-30,40.55909259441889,41.900903139211444,39.913664110250345,40.07551956176758,923401000
2023-05-31,39.45306558470878,40.259350872876006,37.788539059197795,37.80052947998047,1002580000
2023-06-01,38.45495240408073,40.01457242184314,38.30608594218301,39.73482131958008,635873000
2023-06-02,40.061536692451796,40.46418014077918,39.0234541630698,39.29221725463867,482731000
2023-06-05,38.87457946654427,39.529997366291504,38.672758501671474,39.136348724365234,396094000
2023-06-06,38.79566268178252,39.12536886577813,38.114262787053896,38.619815826416016,388729000
2023-06-07,38.88460601702987,39.46814951284709,37.32682176637619,37.44572830200195,511998000
2023-06-08,37.694537790431326,38.83364687712899,37.47571086548645,38.479923248291016,417772000
2023-06-09,39.0065091445359,39.679982507586125,38.53687882707075,38.73971939086914,427717000
2023-06-12,39.16937922135142,39.49911945587758,38.58783312564601,39.45115661621094,388701000
2023-06-13,40.15460665235431,41.068892749407915,39.708955931009875,40.989952087402344,613208000
2023-06-14,40.7921176516414,42.96641687824926,40.52032691306219,42.96342086791992,740465000
2023-06-15,42.56872727104233,43.2551909701653,42.11408081517457,42.619686126708984,568622000
2023-06-16,43.41605669949975,43.68684489706271,42.627671619358104,42.65864944458008,655709000
2023-06-20,42.96441594228362,43.95564168389906,42.64066770306491,43.773780822753906,451153000
2023-06-21,43.46702823348986,43.58094143356131,42.04714031293403,43.011383056640625,551603000
2023-06-22,42.21999014630877,43.39207412960286,42.20100779460612,42.991390228271484,417737000
2023-06-23,42.43083108618956,42.77555900672088,41.98218049927132,42.176029205322266,358140000
2023-06-26,42.42783558135576,42.730600334546075,40.06867951218722,40.60026550292969,594322000
2023-06-27,40.767133761708735,41.90724142585059,40.41640998353972,41.843292236328125,462175000
2023-06-28,40.628240868259915,41.812316652912195,40.486353490200045,41.08488464355469,582639000
2023-06-29,41.52553669526217,41.56750370507978,40.56828482936424,40.79011154174805,380514000
2023-06-30,41.64744701058792,42.516766447959405,41.46858596097829,42.268959045410156,501148000
2023-07-03,42.483786406248804,42.86448930889797,42.169033838728204,42.37986755371094,198209000
2023-07-05,42.102086134617814,43.143272032107916,42.0521259526018,42.2839469909668,323618000
2023-07-06,41.811325150457925,42.14606262903311,41.31371294848301,42.07012176513672,303582000
2023-07-07,42.288940665727566,43.18024602401447,42.14705329030634,42.46979904174805,355881000
2023-07-10,42.6236813610569,42.7775603980854,41.61646549525351,42.14705276489258,353908000
2023-07-11,42.44782043348418,42.72460451753315,42.03414612426581,42.37187957763672,298244000
2023-07-12,42.99938189898188,43.90067764855856,42.74358137770357,43.86770248413086,481277000
2023-07-13,44.48322958682048,46.118948189485444,44.457248919012514,45.94108963012695,478204000
2023-07-14,46.54660741572682,48.050432708268104,45.02479844214416,45.43347930908203,772075000
2023-07-17,46.25283899007161,46.4596741950658,45.22664088899082,46.42470169067383,510488000
2023-07-18,46.66452170058574,47.85858797189123,45.69827797708258,47.45690155029297,569164000
2023-07-19,47.4269247186503,47.780648286916495,46.705488579051746,47.040225982666016,427502000
2023-07-20,46.47067610405814,47.05022493000669,45.02680501298147,45.48444747924805,537865000
2023-07-21,45.75223611318822,45.83017811976025,44.06555477681696,44.274391174316406,963769000
2023-07-24,44.69606260557121,45.0737695401444,44.00560422049565,44.57715606689453,382516000
2023-07-25,44.90589571026622,46.14692227530892,44.887908215993086,45.64331817626953,348081000
2023-07-26,45.985052064508444,46.017028562917005,44.59513975878737,45.41649627685547,364237000
2023-07-27,46.48266314205839,47.35797831429428,45.71426283263286,45.8641471862793,455976000
2023-07-28,46.63154903236518,46.99026979268205,46.344774445154044,46.71348571777344,331194000
2023-07-31,46.717483065836525,47.09318883138378,46.469675675562414,46.692501068115234,251055000
2023-08-01,46.42370843555568,46.86336718401233,45.991048000510794,46.470672607421875,237858000
2023-08-02,45.79520091213266,45.80419275361582,43.35310977121058,44.23442077636719,530142000
2023-08-03,43.765783009489404,45.08275419071188,43.765783009489404,44.480224609375,324176000
2023-08-04,44.94986170170467,45.60634618505477,44.35832507301121,44.64509963989258,362666000
2023-08-07,45.0757624027515,45.504428150828545,44.528190127809225,45.38152313232422,322154000
2023-08-08,44.817971444919216,45.20666758358326,44.02159299987499,44.629119873046875,353843000
2023-08-09,44.23940943500953,44.27738176029839,42.10108190849391,42.520755767822266,586449000
2023-08-10,42.12707017302428,43.53996721168232,41.80232325660613,42.35489273071289,492705000
2023-08-11,41.71838188742653,41.98517540033476,40.60725111453781,40.823081970214844,533085000
2023-08-14,40.45437607089752,43.765786651430616,40.27951352736408,43.71882247924805,690286000
2023-08-15,44.52519626774696,45.23264344321466,43.67585790214367,43.905677795410156,676512000
2023-08-16,44.4852267558164,44.640104468597144,43.37209465339346,43.45203399658203,527451000
2023-08-17,43.93564521303594,44.027572383431426,42.96740057358989,43.31013488769531,452395000
2023-08-18,42.601695871064955,43.543960081000186,41.62745897404412,43.26517868041992,583768000
2023-08-21,44.4592488124891,47.02823995825299,44.1874618900852,46.93031692504883,692573000
2023-08-22,48.09740413737571,48.14936547616456,45.29759440317979,45.63233184814453,755293000
2023-08-23,45.830177068585726,47.1631347697341,45.172690060210584,47.079200744628906,779046000
2023-08-24,50.17677640386691,50.22673658703904,47.12216498787686,47.12615966796875,1156044000
2023-08-25,46.975278705672146,47.767658540303835,44.98882881073535,45.9820556640625,925341000
2023-08-28,46.44569122659898,46.94330333520207,44.852938347469795,46.79841613769531,685192000
2023-08-29,46.62954971759292,49.04266428440614,46.35476299443785,48.74589538574219,701397000
2023-08-30,49.005691704274305,49.88800143615993,48.387175707748206,49.225521087646484,735206000
2023-08-31,49.34144165867481,49.705155835966046,48.91977030190638,49.31645965576172,528570000
2023-09-01,49.72313090360501,49.76109942188399,48.10439357486219,48.471107482910156,463830000
2023-09-05,48.185331532444785,48.81284315295678,47.82261611647607,48.51007843017578,382653000
2023-09-06,48.40715103407181,48.515073458793,46.547451450862816,47.028114318847656,468670000
2023-09-07,45.4931913383561,46.311619313403384,45.120450870903866,46.20869064331055,433330000
2023-09-08,45.909901542782364,46.57343525598355,45.23936893896436,45.540157318115234,473069000
2023-09-11,46.11575443664463,46.130743345970416,44.28103874415618,45.14643478393555,473966000
2023-09-12,44.70673820080512,45.64108624011381,44.49988211053749,44.838645935058594,349256000
2023-09-13,44.568836579722586,45.897909142211645,44.471904231366715,45.45322036743164,398355000
2023-09-14,45.917886332538636,45.954859222912646,45.09945848722069,45.54914474487305,370097000
2023-09-15,45.30931088292171,45.567129987886304,43.777381347712456,43.869319915771484,506831000
2023-09-18,42.71812866784668,44.211084137750255,41.97065027461465,43.93527603149414,500271000
2023-09-19,43.80237069955783,43.93527718281478,42.971950102234956,43.48958969116211,373064000
2023-09-20,43.5695331686225,43.872322851544475,42.19349643912847,42.2094841003418,367108000
2023-09-21,41.55394101252563,42.07057801307491,40.951361762571175,40.98833465576172,450736000
2023-09-22,41.54295333933315,42.085577039704084,41.202191983473384,41.580928802490234,479236000
2023-09-25,41.561937649909076,42.50627702068914,41.14822547100166,42.19249725341797,419091000
2023-09-26,41.97165113191076,42.79007909728291,41.625892229485075,41.8817138671875,402282000
2023-09-27,42.300416121649924,42.84203711859675,41.59990585812647,42.438316345214844,444935000
2023-09-28,42.430325448929366,43.41563643301945,42.085569148140415,43.05888748168945,424663000
2023-09-29,43.79637496273023,44.113154796580034,43.276737862234015,43.468605041503906,397830000
2023-10-02,43.9992285379224,45.14342881532186,43.83034792394179,44.75070571899414,433298000
2023-10-03,44.77668963515232,45.09846705093091,43.215780788420936,43.48659133911133,470850000
2023-10-04,43.71143255099348,44.112153297816725,43.26174626009731,44.010223388671875,361821000
2023-10-05,44.01921794767318,44.868626271295504,43.85733240049327,44.65677261352539,393483000
2023-10-06,44.16211860779347,45.75700398969615,43.99523549081201,45.73002243041992,434436000
2023-10-09,44.810668716384285,45.573136109277975,44.33700086795517,45.24136734008789,409675000
2023-10-10,45.27833709467453,46.22667139823051,45.05649211437215,45.765995025634766,368582000
2023-10-11,46.16371818891468,46.8262569088581,46.017820302651025,46.773292541503906,378137000
2023-10-12,46.744315234099965,47.57573461020595,46.297628975923374,46.91219711303711,481325000
2023-10-13,46.92718276252737,47.08307579073531,45.24835646569822,45.429229736328125,474115000
2023-10-16,45.03151331618372,46.19270015345539,44.88061784699003,46.06279373168945,375099000
2023-10-17,43.96925217503642,44.72272688542817,42.45031391518229,43.90729522705078,812333000
2023-10-18,42.5612359572998,43.18879926057118,41.79577241593963,42.16651153564453,627294000
2023-10-19,42.781089631153165,43.26675013363428,41.85273785103801,42.07158660888672,501233000
2023-10-20,41.860724837875836,42.44032133844881,41.0492920242925,41.35807800292969,477266000
2023-10-23,41.20019083203981,43.217781037891605,40.91638888400306,42.944969177246094,478530000
2023-10-24,43.04689918780669,43.66646488934986,42.66117113532344,43.63248825073242,401463000
2023-10-25,43.36767758718175,43.61950423451798,41.52596674486631,41.74980926513672,398379000
2023-10-26,41.823750469367184,42.22646869925816,39.852129784028584,40.29781723022461,541001000
2023-10-27,41.1012595868594,41.177206691835266,39.987037067133414,40.47169876098633,416784000
2023-10-30,41.05829069172662,41.73681325645553,40.45271135167305,41.13223648071289,388028000
2023-10-31,40.42173556666503,40.85043664876845,39.20258684468398,40.751502990722656,517969000
2023-11-01,40.85543044867906,42.35138604007193,40.84044154012121,42.29542541503906,437593000
2023-11-02,43.29771657075522,43.85332773061327,42.864021790189256,43.47559356689453,409172000
2023-11-03,43.989240387189966,45.27733731815709,43.69244703893823,44.97355270385742,424610000
2023-11-06,45.25335451197863,45.90290181424292,44.867622664486824,45.71902847290039,400733000
2023-11-07,45.68705076383751,46.18569877151303,45.126441998746536,45.92288589477539,343165000
2023-11-08,46.06778272127609,46.834248828049994,45.93587499644732,46.54145431518555,346719000
2023-11-09,47.43383140399592,48.19629874432979,46.71733335440422,46.91719436645508,540496000
2023-11-10,47.466808147596865,48.43812905946533,47.24996072733801,48.30122375488281,421245000
2023-11-13,48.28623183718149,49.081676995363466,48.06538560948801,48.586021423339844,384136000
2023-11-14,49.64528123020025,49.799172935741794,49.00572910678886,49.62129592895508,416954000
2023-11-15,49.9001052683663,49.92508551038347,48.166317129461184,48.85383605957031,475497000
2023-11-16,48.644984172997816,49.49039366266599,48.29622902861317,49.4454231262207,339756000
2023-11-17,49.48939362933796,49.68225956451404,48.972756588136555,49.263553619384766,325205000
2023-11-20,49.27754192431734,50.51267829045294,49.14663294635536,50.373775482177734,414120000
2023-11-21,50.090971605091276,50.48169721701578,49.187603987551,49.90909957885742,565747000
2023-11-22,49.817161099137216,50.29982144046333,47.65666949538865,48.68195343017578,899420000
2023-11-24,48.43613388773008,48.8868189750065,47.711638178100976,47.742618560791016,294645000
2023-11-27,47.766597618423056,48.49608705256933,47.6187022270162,48.208290100097656,395662000
2023-11-28,48.202293315261734,48.289234319970646,47.439826002688484,47.78758239746094,401491000
2023-11-29,48.345196613263326,48.727928411184934,47.826558260033494,48.106361389160156,382005000
2023-11-30,47.990445435742124,48.076387698516726,46.389567324354005,46.73732376098633,526247000
2023-12-01,46.49249632095064,47.16702396235708,46.1547312180282,46.73232650756836,369317000
2023-12-04,46.044804165615915,46.044804165615915,44.97854837139348,45.47819900512695,437543000
2023-12-05,45.43822164958941,46.57152769132749,45.24334109197845,46.53755187988281,371718000
2023-12-06,47.18615659482553,47.358052404807324,45.3842566412969,45.47520065307617,380590000
2023-12-07,45.67208285394523,46.60051618631754,45.57614082890342,46.567535400390625,350823000
2023-12-08,46.566535548739374,47.71183534651791,46.52156105756746,47.47697830200195,359224000
2023-12-11,47.46199285274284,47.50196552269277,45.80200812005124,46.59851837158203,509728000
2023-12-12,46.017871828359986,47.63688109924922,46.017871828359986,47.62788772583008,372387000
2023-12-13,47.59990503689136,48.56431567041087,47.5789179572985,48.058624267578125,447792000
2023-12-14,48.360433934153576,48.64026163902283,47.393026859915174,48.320457458496094,391232000
2023-12-15,48.164556381448534,49.373816223552424,48.09060027989247,48.860130310058594,479948000
2023-12-18,49.369828783003264,50.40219497597293,49.119981479065736,50.04641342163086,412587000
2023-12-19,49.39379819493803,49.669630515204666,48.865122122671124,49.57368850708008,464444000
2023-12-20,49.62466720561467,49.96845884341608,48.06861908632006,48.08161163330078,397894000
2023-12-21,48.781180068606574,49.06500695718709,48.389417453965386,48.9600715637207,300425000
2023-12-22,49.16494193668389,49.352826795671184,48.437386098484225,48.800167083740234,252507000
2023-12-26,48.93808291084912,49.56969677808233,48.930088377699356,49.24889373779297,244200000
2023-12-27,49.48076228970736,49.64965779045569,49.05501997219191,49.386817932128906,233648000
2023-12-28,49.61267326878179,49.85352335128604,49.38181158719183,49.49174499511719,246587000
2023-12-29,49.782567581126976,49.96645709185245,48.721216111915,49.49174499511719,389293000
2024-01-02,49.213911661432995,49.26487918925224,47.565920930034586,48.13856887817383,411254000
2024-01-03,47.4559877548122,48.15455817196312,47.291087653176916,47.53993606567383,320896000
2024-01-04,47.73781584044559,48.47036973426666,47.478975200634494,47.96867752075195,306535000
2024-01-05,48.43239477719924,49.516731000212985,48.27648803927744,49.0670051574707,415039000
2024-01-08,49.48175412771333,52.24306669740862,49.44877334196531,52.22107696533203,642510000
2024-01-09,52.36898559320254,54.29180987549374,51.65841764369207,53.1075325012207,773100000
2024-01-10,53.58325017590931,54.56664645309511,53.45632503855136,54.31679916381836,533796000
2024-01-11,54.965399369459846,55.312187494704844,53.527279337957886,54.78850555419922,596759000
2024-01-12,54.58663334731275,54.93642183109273,54.29681339629927,54.676578521728516,352994000
2024-01-16,54.984391900558016,56.800279452629056,54.86646395445467,56.347557067871094,449580000
2024-01-17,56.31258364108571,56.436508451453484,54.70656674452563,56.01876449584961,474394000
2024-01-18,57.225023275703855,57.56481575240513,56.07272766296372,57.07211685180664,491650000
2024-01-19,57.95357707318065,59.46365569707979,57.190043807244585,59.45466232299805,543501000
2024-01-22,60.012312843126566,60.294142049642225,59.03391087179113,59.6175537109375,452955000
2024-01-23,59.53360568004521,59.87339811111822,58.549206851243994,59.836421966552734,294654000
2024-01-24,60.26716017281773,62.810603561548206,59.901382639629475,61.32451248168945,560271000
2024-01-25,62.311911094050835,62.68068897905718,60.8128273903059,61.57936096191406,482777000
2024-01-26,60.92275760795634,61.74525668401416,60.535996808090815,60.99371337890625,390309000
2024-01-29,61.19458949954275,62.45082152019551,60.86979110422985,62.42683792114258,348733000
2024-01-30,62.861579220191196,63.45421549320403,62.22196696017239,62.735652923583984,410735000
2024-01-31,61.40246556305648,62.230961514394274,60.66291975637589,61.48941421508789,453795000
2024-02-01,62.06205926012063,63.15239614325578,61.612337231861346,62.988494873046875,369146000
2024-02-02,63.934921410632114,66.55931680667902,63.65109449153059,66.11959075927734,476578000
2024-02-05,68.18331639891433,69.45454244217241,67.16394292298222,69.28964233398438,680078000
2024-02-06,69.58745829595591,69.71138308978904,66.25949848302591,68.18132019042969,683111000
2024-02-07,68.27725642617484,70.17709586585252,67.55869397580136,70.05616760253906,495575000
2024-02-08,70.03119148834118,70.7507528828607,69.41257394689296,69.59845733642578,414422000
2024-02-09,70.48992214211897,72.14091368127717,70.1691190330097,72.08895111083984,436637000
2024-02-12,72.55565505937633,74.5654283449227,71.20648115197012,72.20387268066406,613710000
2024-02-13,70.35700477469595,73.40513741451034,69.57748237910234,72.08394622802734,602580000
2024-02-14,73.15728673605686,74.19065168292555,71.89405893388704,73.8548583984375,504917000
2024-02-15,73.82388341395547,73.9298138493264,72.35577892403286,72.61361694335938,420122000
2024-02-16,74.05472502125532,74.35654245789623,72.45670295069786,72.56863403320312,495327000
2024-02-20,71.90304738257117,71.91204456852859,67.69262359545532,69.40957641601562,704833000
2024-02-21,67.96444884340175,68.84591377259603,66.20752727493073,67.43077850341797,673755000
2024-02-22,74.97916646287784,78.52699308470093,74.17465795695503,78.49002075195312,865100000
2024-02-23,80.74065432651751,82.34367088132632,77.52261988480991,78.76885986328125,829388000
2024-02-26,79.65130857177527,80.596737435313,78.4570388969918,79.04368591308594,503973000
2024-02-27,79.3325008302499,79.4314469973946,77.1148623296948,78.65291595458984,391705000
2024-02-28,77.57258181183745,78.88477556464643,77.07788148076835,77.61555480957031,393110000
2024-02-29,79.04568817875618,79.9411369643908,78.30213934805526,79.06367492675781,507289000
2024-03-01,79.95112232187887,82.24972013852617,79.38646508056598,82.22872924804688,479135000
2024-03-04,84.07859536447201,87.6414196546175,83.6678509917937,85.18492126464844,615616000
2024-03-05,85.22191083370436,86.04844794548417,83.36995895717057,85.91551971435547,520639000
2024-03-06,87.97235961581464,89.67339555623481,86.98091470216241,88.64997100830078,582520000
2024-03-07,90.10715187632745,92.7146816709082,89.55146568055456,92.61673736572266,608119000
2024-03-08,95.0843299936833,97.34505496163638,86.45719580850812,87.47862243652344,1142269000
2024-03-11,86.3802534333582,88.74691405918401,84.11852931570184,85.72562408447266,678364000
2024-03-12,87.9993412781643,91.90813084085208,86.10141029804566,91.86116027832031,668075000
2024-03-13,91.00363657004534,91.45238079004136,88.38511175577527,90.83673095703125,635713000
2024-03-14,89.52647603225017,90.5948732884495,86.55115025815236,87.89439392089844,602318000
2024-03-15,86.88097416830968,89.49549613199862,86.20835719890029,87.78746032714844,642086000
2024-03-18,90.33702166642148,92.3528823706334,87.03588315502401,88.40511322021484,668976000
2024-03-19,86.65109602123033,90.49292967987033,84.9620544077868,89.34757995605469,672171000
2024-03-20,89.74635698272712,90.35901787579786,88.17324712477493,90.32103729248047,479063000
2024-03-21,92.2479404308415,92.59574371140432,90.3540050520513,91.3834228515625,480372000
2024-03-22,91.0895899885777,94.72453954495887,90.78276394753543,94.2358169555664,586719000
2024-03-25,93.88801151365493,96.71141493346599,93.45725487677139,94.94841003417969,552136000
2024-03-26,95.79694219210086,96.32064875325118,92.44983185631351,92.50879669189453,513648000
2024-03-27,93.0594819501001,93.18740810778951,89.07273343467564,90.1990966796875,586067000
2024-03-28,89.9492364441801,91.24850624285476,89.14269241707345,90.30503845214844,435212000
2024-04-01,90.24807533872301,92.1729839586744,89.15369169415271,90.3120346069336,452441000
2024-04-02,88.39811114522563,90.04318648075638,87.57058285516493,89.40155029296875,433064000
2024-04-03,88.43410095294554,90.32303448482294,88.35014869042175,88.91382598876953,370067000
2024-04-04,90.35500517909665,90.58288102989088,85.83155707073556,85.8565444946289,434965000
2024-04-05,86.81700456921507,88.4310991932804,85.87753991776991,87.95836639404297,399678000
2024-04-08,88.64996450448324,88.77989605626742,86.68307988880372,87.08385467529297,283220000
2024-04-09,87.39267436773328,87.58556628736338,82.97516956737525,85.30584716796875,501700000
2024-04-10,83.87867062101493,87.35071040768491,83.66179013581636,86.98991394042969,431929000
2024-04-11,87.37069146521046,90.687819723934,86.87697442257391,90.56488800048828,431637000
2024-04-12,89.64840815742117,90.1241452492344,87.48063273280795,88.13626098632812,426805000
2024-04-15,89.0477450616577,90.56188993656951,85.8805337738884,85.9524917602539,443077000
2024-04-16,86.38423626140728,88.06828320485192,86.0154487690154,87.36568450927734,370453000
2024-04-17,88.29016660250515,88.72492641813315,83.90264346955806,83.98760223388672,495400000
2024-04-18,84.92207255324703,86.14138561304675,82.35552028108327,84.62323760986328,447260000
2024-04-19,83.10311370735981,84.27644766930946,75.56336900757456,76.15702819824219,875198000
2024-04-22,78.0599406532052,80.02783178093904,76.35690706369323,79.47314453125,596341000
2024-04-23,80.7234441336971,82.72231614993429,80.21873169463018,82.37651062011719,438559000
2024-04-24,83.90265792111582,84.03458726895308,79.13834771907712,79.63207244873047,512208000
2024-04-25,78.82351130528671,83.27600032547527,78.17887846781115,82.58539581298828,424641000
2024-04-26,83.77074038243197,88.28119623524096,83.33998364388893,87.68553161621094,551011000
2024-04-29,87.54560070216142,87.94237235498613,85.21791179771557,87.70751190185547,388971000
2024-04-30,87.19079630766022,88.76890816331654,86.25133163329888,86.353271484375,363709000
2024-05-01,85.02900264492887,85.9514784070707,81.20915281271795,82.99414825439453,559863000
2024-05-02,84.40136817425811,86.18836175340402,83.15307206256357,85.76860046386719,377898000
2024-05-03,87.73948614559522,89.23064138508623,86.99090805240313,88.73892211914062,398341000
2024-05-06,89.33958648937698,92.16799229625614,89.00477633292259,92.0880355834961,376203000
2024-05-07,91.04662159823116,91.72923505394095,88.96080064953647,90.5029296875,437342000
2024-05-08,89.43253081814441,91.14256430274753,89.36956281384657,90.36100769042969,325721000
2024-05-09,90.47792997859051,91.02062292863653,88.18122980671515,88.69693756103516,378013000
2024-05-10,90.25407745154659,91.34946008980582,89.17668240608715,89.82731628417969,335325000
2024-05-13,90.42696502755186,90.94667600491073,88.47906681215352,90.34801483154297,289680000
2024-05-14,89.54846112262796,91.59930565354625,88.88383529778994,91.30447387695312,296507000
2024-05-15,92.41985698865427,94.8085087048786,91.54734815808854,94.5766372680664,417735000
2024-05-16,94.85647788998737,95.7649618311796,94.04992617640089,94.3057861328125,323952000
2024-05-17,94.31577507944353,94.68656039026546,91.75421718471637,92.42683410644531,359691000
2024-05-20,93.69712178712975,95.14630088740084,93.38729907778286,94.7265396118164,318764000
2024-05-21,93.54620449229954,95.3461911389766,93.12744211033531,95.33219909667969,328946000
2024-05-22,95.4051618418388,95.96584245517248,93.19640917175742,94.89644622802734,548648000
2024-05-23,101.9704583406549,106.26003756449907,101.46274160839002,103.74046325683594,835065000
2024-05-24,104.39008586204577,106.41494412748668,102.94190563238328,106.40895080566406,429494000
2024-05-28,110.18181893492428,114.87417036274923,109.82102250000426,113.83675384521484,652728000
2024-05-29,112.98623077828327,115.42684694644582,110.83844096973402,114.76022338867188,557442000
2024-05-30,114.58532839037406,115.75366768594493,109.60114200461162,110.43766784667969,484553000
2024-05-31,112.45652422078095,112.65341931534381,106.879677688503,109.57115936279297,613263000
2024-06-03,113.55691490102478,114.93513488769531,111.93982368190672,114.93513488769531,438392000
2024-06-04,115.65073625073813,116.53423270815343,113.98067349692546,116.37132263183594,403324000
2024-06-05,118.30424338003813,122.37993877462908,117.40175277551737,122.3709487915039,528402000
2024-06-06,123.97803915924119,125.51617269807858,118.25327265969561,120.92976379394531,664696000
2024-06-07,119.70245088550641,121.62337164710611,117.95544321860926,120.81982421875,412386000
2024-06-10,120.3021010809677,123.0305567964374,116.94399587339676,121.72129821777344,313434100
2024-06-11,121.71130884876212,122.81078479761143,118.68277039590036,120.85173034667969,222551200
2024-06-12,123.00069556163665,126.8188544177255,122.51093382538542,125.13966369628906,299595000
2024-06-13,129.32763594350715,129.7374419918796,127.09871503024357,129.5475311279297,260704500
2024-06-14,129.89737910282292,132.7759808624214,128.2581700274141,131.8164520263672,309320400
2024-06-17,132.92592665460285,133.66556033801308,129.5175660413327,130.91688537597656,288504400
2024-06-18,131.07678620278367,136.26428691629846,130.62700616579136,135.5146484375,294335100
2024-06-20,139.73263779444994,140.69216665961412,129.45759262565218,130.71697998046875,517768400
2024-06-21,127.05874067811743,130.5670512631637,124.24010000634735,126.50900268554688,649445800
2024-06-24,123.1806025577778,124.40001580098117,117.98311173916277,118.0530776977539,476060900
2024-06-25,121.14159285282038,126.43904192857353,119.2625015362155,126.02923583984375,414192600
2024-06-26,126.06922189761302,128.05826088696048,122.54092403749853,126.33909606933594,362975900
2024-06-27,124.0402073168441,126.34909954846492,122.8607755337046,123.93025970458984,252571700
2024-06-28,124.51997619753142,127.6484653431849,122.6908561052602,123.48047637939453,315516700
2024-07-01,123.41049523168472,124.77983008392047,118.77273207553426,124.24009704589844,284885500
2024-07-02,121.07161927076024,123.35052684202405,120.9716689903923,122.61087799072266,218374000
2024-07-03,121.60136576540062,128.21817016601562,121.30150730962696,128.21817016601562,215749000
2024-07-05,127.31861959456383,128.7879201254304,125.6194417846086,125.76937103271484,214176700
2024-07-08,127.42854201917729,130.70696731901708,126.9787619894619,128.13819885253906,237677300
2024-07-09,130.28719371816868,133.7555228326683,128.58800070420872,131.3166961669922,285366600
2024-07-10,133.96540518326054,135.03489683470838,132.35618048673416,134.84498596191406,248978600
2024-07-11,135.68457428967133,136.08437540615716,126.98877036890757,127.3386001586914,374782700
2024-07-12,128.19818043978003,131.85642018701742,127.15868837162228,129.17771911621094,252680500
2024-07-15,130.49707086610906,131.3266726567918,127.11870268784229,128.3780975341797,208326200
2024-07-16,128.3781021800115,128.97780386568002,124.51996185494663,126.29910278320312,214769500
2024-07-17,121.29151734126509,121.7912763806817,116.66375138152577,117.93313598632812,390086200
2024-07-18,121.79127496540796,122.34101295266511,116.50382347473696,121.0316390991211,320979500
2024-07-19,120.29199311286656,121.54139064753637,117.31343366061544,117.87316131591797,217223800
2024-07-22,120.29201095769186,124.01021979256501,119.80224918664801,123.48047637939453,258068900
2024-07-23,122.72082517670732,124.62990831594026,122.04115259647224,122.53091430664062,173911000
2024-07-24,119.11257365575831,119.8921965766103,113.38533904444206,114.1949462890625,327776900
2024-07-25,112.98552700492492,116.57379332567128,106.24877714220031,112.22589111328125,460067000
2024-07-26,116.13399696280182,116.14398665212225,111.52621844802754,113.00550079345703,293399100
2024-07-29,113.63521076393421,116.22395888086476,111.24636320886141,111.53621673583984,248152100
2024-07-30,111.46624662712419,111.93602131829121,102.49057904635741,103.68000793457031,486833300
2024-07-31,112.8455979880566,118.2829714098158,110.82656710246326,116.96360778808594,473174200
2024-08-01,117.47335365334001,120.10209097077005,106.75851907796755,109.15736389160156,523462300
2024-08-02,103.70999693537759,108.66760564065457,101.32114936142939,107.21829986572266,482027500
2024-08-05,92.0156323292122,103.36016867781126,90.6462974352404,100.4015884399414,552842400
2024-08-06,103.78996196090817,107.65809998114993,100.50155392872522,104.19976806640625,409012100
2024-08-07,107.75803985921162,108.74756823143176,98.64244001125142,98.86233520507812,411440400
2024-08-08,101.95084829679239,105.44916171874115,97.47300376138202,104.91941833496094,391910000
2024-08-09,105.58909444979487,106.54863093775165,103.3801603016259,104.69952392578125,290844200
2024-08-12,106.26875735419573,111.01646802839923,106.20878871222484,108.96745300292969,325559900
2024-08-13,112.38580888904526,116.1739831093698,111.52622277964618,116.08402252197266,312646700
2024-08-14,118.47287425328174,118.54284021234767,114.01502462748074,118.0230941772461,339246400
2024-08-15,118.70277375276062,123.180610648127,117.41339446628129,122.80079650878906,318086700
2024-08-16,121.88123149659879,124.93975424016854,121.12159565561768,124.51995849609375,302589900
2024-08-19,124.22011749326396,129.93736267089844,123.36053125322975,129.93736267089844,318333600
2024-08-20,128.33810691303282,129.8174045549702,125.82932218809636,127.18866729736328,300087400
2024-08-21,127.25863301570179,129.28766098618868,126.59895509298427,128.4380645751953,257883600
2024-08-22,129.95734653679833,130.68699047324503,123.04067554756361,123.68036651611328,376189100
2024-08-23,125.79932992863567,129.53753255606168,125.15963905002394,129.30763244628906,323230300
2024-08-26,129.50755712849073,131.196729770517,124.31005885081005,126.3990478515625,331964700
2024-08-27,124.98974063480068,129.1377346219971,123.82029866993177,128.23817443847656,303134600
2024-08-28,128.05824614963967,128.26815164825356,122.58089157173563,125.5494613647461,448101100
2024-08-29,121.30151255769351,124.37003270157089,116.65375204642187,117.5333251953125,453023300
2024-08-30,119.47238840117339,121.69131963851615,117.16350420185492,119.31246948242188,333751600
2024-09-03,115.95409419910477,116.15399476413343,107.238295351223,107.94795227050781,477155100
2024-09-04,105.3592035946603,113.21540862229497,104.06982436712501,106.1588134765625,372470300
2024-09-05,104.93940893047393,109.59716719188593,104.70952402528704,107.15834045410156,306850700
2024-09-06,107.9879453590278,108.09789296916705,100.90135747929331,102.78045654296875,413638100
2024-09-09,104.82945579489092,106.4986568208146,103.64003443897201,106.41869354248047,273912000
2024-09-10,107.75803619556127,109.34727382600163,104.89941402443941,108.04789733886719,268283700
2024-09-11,109.33728760654503,117.13353206911404,107.36823567076411,116.85366821289062,441422400
2024-09-12,116.79368208487448,120.7421209186122,115.33426173002456,119.0927734375,366052700
2024-09-13,119.03279906427295,119.91244749081417,117.55338237388469,119.05278778076172,238358300
2024-09-16,116.74370941440674,118.1331578565614,114.31467227697621,116.73371124267578,248772300
2024-09-17,118.12315326201993,118.75290839853001,114.78448096424103,115.54417419433594,231925900
2024-09-18,115.84405559100924,117.65333558843457,113.17511592459984,113.32505798339844,310318900
2024-09-19,117.30347459042382,119.6125639674696,117.2035157611041,117.82327270507812,293506400
2024-09-20,117.01359501507952,118.57298181753792,115.3442588328446,115.95401763916016,382462400
2024-09-23,116.50379891378353,116.94361929782039,114.81446644323901,116.21391296386719,206228500
2024-09-24,116.47380837806097,121.75172180406905,115.33426088161053,120.82209014892578,354966800
2024-09-25,121.97162190060216,124.89047006468225,121.5617884105282,123.4610366821289,284692900
2024-09-26,126.7497296956914,127.61937987933592,121.75171208350119,123.9908218383789,302582900
2024-09-27,123.92085618310571,123.98082995705606,119.21272426875333,121.35187530517578,271009200
2024-09-30,118.26310431441512,121.451842369324,118.10317169758383,121.3918685913086,226553700
2024-10-01,121.72171877480598,122.39145893750027,115.74409392230913,116.95361328125,302094500
2024-10-02,116.39384623986545,119.33267565347262,115.09435850244638,118.80288696289062,221845900
2024-10-03,120.87206480654892,124.31070361178112,120.29229289145833,122.80130004882812,277118000
2024-10-04,124.89046448053544,124.99042330586191,121.7816969667545,124.87046813964844,243678100
2024-10-07,124.94045138468705,130.58821322989388,124.9004663256647,127.66937255859375,346250200
2024-10-08,130.20834865989482,133.42707320550807,129.36868536610157,132.83731079101562,285722500
2024-10-09,134.0568400839603,134.46668122269037,131.32792651292905,132.597412109375,246191600
2024-10-10,131.8577168886846,134.94648840712318,130.94807393580103,134.75656127929688,242311300
2024-10-11,133.9568713960576,135.72617401836632,133.60701929174726,134.74656677246094,170209500
2024-10-14,136.4159022137037,139.54466630986312,136.24597143489578,138.01527404785156,232347700
2024-10-15,137.8153397242487,138.5150744275185,128.68896947491228,131.54783630371094,377831000
2024-10-16,133.92688301499192,136.56583584893667,131.527840530584,135.66619873046875,264879700
2024-10-17,139.28475003463748,140.83413853249198,136.81572813387166,136.87570190429688,306435900
2024-10-18,138.61502982502418,138.8449343829922,137.22558142668973,137.94529724121094,176090200
2024-10-21,138.07524085271365,143.6530303955078,137.94528751258602,143.6530303955078,264554500
2024-10-22,142.85335791004843,144.3627538949317,141.72380093133486,143.5330810546875,226311600
2024-10-23,141.97369118156848,142.37352650102258,137.40551088320953,139.50466918945312,285930000
2024-10-24,140.76418072009866,141.293969386979,138.40511570705533,140.35433959960938,172354900
2024-10-25,140.8741279131319,144.0728716327459,140.74418981710016,141.48388671875,205122100
2024-10-28,142.9433224828564,143.08326638426843,139.99449475491215,140.4643096923828,173586700
2024-10-29,140.23437413304583,142.20359433012132,138.8449258203989,141.19400024414062,157593600
2024-10-30,139.48467718743143,140.27437255912164,136.75576367804047,139.28475952148438,179418100
2024-10-31,137.54545990469654,137.55545044959692,132.05763071180766,132.70736694335938,270039600
2024-11-01,134.64660922766117,137.25557537634637,134.5166711244238,135.34632873535156,207127800
2024-11-04,137.15562237613318,138.90492874894582,135.51627301400697,135.99607849121094,187528200
2024-11-05,137.39550649112996,140.31434706066804,137.27555894461494,139.8545379638672,160537400
2024-11-06,142.90334822985668,146.4319479858603,141.90374455387283,145.5522918701172,242043900
2024-11-07,146.33198051831096,148.8709671267726,146.1120664908763,148.8209991455078,207323300
2024-11-08,148.71100419118065,149.71060760531262,146.20198985995728,147.5714569091797,175665800
2024-11-11,148.62105018654825,148.7909962143961,143.51309063046196,145.20240783691406,182325600
2024-11-12,146.72180532829077,149.5906625866308,145.95210633724608,148.231201171875,198634700
2024-11-13,149.01091396688446,149.27080540839845,145.84215717514013,146.21202087402344,191903300
2024-11-14,147.5814994570036,148.94096118937878,145.4923312459451,146.70184326171875,194463300
2024-11-15,144.81255966940228,145.18242335032573,140.02446543358045,141.9237060546875,250132900
2024-11-18,139.44468522690033,141.49387540802257,137.09561095173166,140.09442138671875,221205300
2024-11-19,141.26398946372595,147.07168399645053,140.9341184421503,146.95172119140625,227834900
2024-11-20,147.3515703217148,147.5015047606034,142.67341754276418,145.83216857910156,309871700
2024-11-21,149.290807835149,152.8293979645091,140.64422730754492,146.6118621826172,400946600
2024-11-22,145.87214043901812,147.1016638018941,141.04406865837018,141.8937225341797,236406200
2024-11-25,141.93371415065735,141.99368792347047,135.7661620516237,135.96607971191406,344941900
2024-11-26,137.6453968958927,139.24476857370792,135.61620304064866,136.86570739746094,190287700
2024-11-27,134.95646019838466,137.1655905980091,131.74774157257602,135.2863311767578,226370900
2024-11-29,136.7257870913165,139.29477581313424,135.99608069190262,138.19520568847656,141863200
2024-12-02,138.77496038075373,140.39431322408433,137.76536630294407,138.57504272460938,171682800
2024-12-03,138.2051993772479,140.48429454860658,137.8953246767264,140.20440673828125,164414000
2024-12-04,141.94370396224937,145.73219470186731,140.23437518220274,145.08245849609375,231224300
2024-12-05,145.06248362625453,146.49200804389403,143.9028598130552,145.0124969482422,172621200
2024-12-06,144.5526526293818,145.65228325014007,141.26372149336697,142.3933563232422,188505600
2024-12-09,138.92449289189105,139.90416770148084,137.08509909525122,138.76454162597656,189308600
2024-12-10,138.96445323342698,141.77354545828368,133.74616214517607,135.0257568359375,210020900
2024-12-11,137.31501545162718,140.1240927409604,135.16572567436427,139.26437377929688,184905200
2024-12-12,137.03510407678786,138.39465924672223,135.75552453494274,137.29501342773438,159211400
2024-12-13,138.89449032268433,139.55427778956917,132.4965775973186,134.20602416992188,231514900
2024-12-16,134.13603509853905,134.35596424649526,130.37727237183418,131.95675659179688,237951100
2024-12-17,129.04771280436398,131.54689392732612,126.81844751374322,130.3472900390625,259410300
2024-12-18,133.8161583001621,136.6552244722092,128.23798405143236,128.86778259277344,277444500
2024-12-19,131.71683987642237,133.98610066679845,129.5075722477592,130.63719177246094,209719200
2024-12-20,129.76747112979962,135.2356803497186,128.1779956829599,134.65586853027344,306528600
2024-12-23,136.23534836132282,139.7441928628519,135.07572475974197,139.62423706054688,176053500
2024-12-24,139.9541431061549,141.85351466107915,138.60457919611483,140.174072265625,105157000
2024-12-26,139.65423488647767,140.8038673288582,137.68487898660138,139.8841552734375,116205600
2024-12-27,138.50462254046806,138.97446981750295,134.66588395063462,136.96511840820312,170582600
2024-12-30,134.78581438230358,140.22403398735426,133.97608228188028,137.4449462890625,167734700
2024-12-31,137.98479821279548,138.02479365615312,133.7861766339878,134.2460174560547,155659200
2025-01-02,135.95546829733047,138.83453015425235,134.58592176996075,138.26470947265625,198247200
2025-01-03,139.96413776465596,144.85253555834646,139.68423069189672,144.4226837158203,229322500
2025-01-06,148.54133648113356,152.11017470884985,147.77159962141576,149.3810577392578,265377400
2025-01-07,152.97987862898157,153.07985197865167,139.96413864833562,140.09410095214844,351782200
2025-01-08,142.5332942493383,143.90284057175748,137.51493447299714,140.06410217285156,227349900
2025-01-10,137.40498271998055,139.87417502688794,134.17604480086774,135.86549377441406,207602500
2025-01-13,129.94744151880715,133.44629547754278,129.46758770744978,133.18637084960938,204808900
2025-01-14,136.00543044799826,136.33532416409136,130.00739616366573,131.71682739257812,195590500
2025-01-15,133.60622538989423,136.4053114797544,131.24699764678536,136.1953887939453,185217300
2025-01-16,138.59457607585483,138.70454064615834,133.44626949753135,133.5262451171875,209235600
2025-01-17,136.6452315490251,138.45463626831489,135.41563868932835,137.66490173339844,201188800
2025-01-21,139.1144233323199,141.78354697270905,137.0450940162502,140.78387451171875,197749000
2025-01-22,144.61262104889417,147.74158546149795,143.62293982675303,147.02183532714844,237651400
2025-01-23,145.0024960002277,147.18177468068177,143.67292977388993,147.17178344726562,155915500
2025-01-24,148.32140487495408,148.92121448023644,141.8335400716498,142.5732879638672,234657600
2025-01-27,124.75912547322825,128.3579371600633,116.66177248371496,118.38121032714844,818830900
2025-01-28,121.77009783396647,128.95774513931468,116.21192149182427,128.94775390625,579666400
2025-01-29,126.45856310434583,126.8484347440811,120.01067894543576,123.65947723388672,467120600
2025-01-30,123.05968123503551,124.9590604797062,118.06131881584726,124.60917663574219,392925500
2025-01-31,123.73945402173636,127.80812056780856,119.15096116009843,120.03067016601562,388161100
2025-02-03,114.71241754878405,118.53116613291392,112.9729895620065,116.62179565429688,371235700
2025-02-04,116.92168099297385,121.16028976109213,116.66176403787988,118.61112976074219,256550000
2025-02-05,121.72012173666313,124.95905839472358,120.72044926950534,124.78911590576172,262230800
2025-02-06,127.37828117148048,128.72784528628156,125.16900563533248,128.6378631591797,251483600
2025-02-07,129.17767804139822,130.32729528258605,124.95905898960582,129.79747009277344,228186300
2025-02-10,130.04737430419848,134.95576927734325,129.91742726932324,133.5262451171875,216989100
2025-02-11,132.53657109173992,134.43594258561095,130.9770845592916,132.75650024414062,178902400
2025-02-12,129.97741762356085,132.19669170682792,129.03772306980744,131.0970458984375,160278600
2025-02-13,131.51689288233604,136.455276767875,131.12702127315083,135.24566650390625,197430000
2025-02-14,136.43528567888637,139.20438251414282,135.45561099221797,138.8045196533203,195479600
2025-02-18,141.22373753647113,143.3930250185803,137.8848198127303,139.35433959960938,219176600
2025-02-19,139.46429426521587,141.3136943495984,137.17505112782226,139.18438720703125,167536000
2025-02-20,139.98412654948388,140.61392504988532,136.74518244514988,140.06410217285156,143903600
2025-02-21,139.99411868487,141.41366694156105,133.98609294492073,134.38595581054688,228217600
2025-02-24,136.51527743543022,138.544611438826,130.03740375103862,130.23733520507812,251381100
2025-02-25,129.93742515974864,130.1573543264651,124.39924631174091,126.5885238647461,271428700
2025-02-26,129.9474287481865,133.68619399137987,128.44792005609298,131.23699951171875,322553800
2025-02-27,134.9557838016939,134.96577503505506,119.97069557287365,120.11064910888672,443175800
2025-02-28,117.98133302681437,125.04901657384264,116.3618686236696,124.87907409667969,389091100
2025-03-03,123.46954557652553,123.65947815441595,112.2432206852501,114.02263641357422,411381400
2025-03-04,110.61375634258967,119.27091565466138,110.07393231302608,115.9520034790039,398163300
2025-03-05,117.54148848655969,118.2412561507128,114.47249437052442,117.26158142089844,284337900
2025-03-06,113.49281250827367,115.31221606989396,110.18389912538346,110.53378295898438,321181900
2025-03-07,111.21356065439609,113.44283358559466,107.52476685365718,112.65309143066406,341755500
2025-03-10,109.86399541986671,111.81335349826479,105.42544763902806,106.94495391845703,366487400
2025-03-11,106.95494843650206,112.20322856084239,104.73567447790636,108.72437286376953,354865700
2025-03-12,114.09311694895557,116.73249437499013,112.85340359157789,115.71273040771484,323857500
2025-03-13,117.0024278677365,117.73225924433854,113.76319330991835,115.55277252197266,299033100
2025-03-14,118.5820578648422,121.85128414551467,118.12216714928688,121.6413345336914,277593500
2025-03-17,122.711081524258,122.86104771124882,118.00219206936818,119.50183868408203,255501500
2025-03-18,117.97220343827061,118.99195980676369,114.51301940530757,115.4028091430664,299686900
2025-03-19,117.24236846895431,120.4216195833343,115.65274672556286,117.4923095703125,273426200
2025-03-20,116.52253841801043,120.17167220516042,116.44255543913019,118.50206756591797,248829700
2025-03-21,116.91244866461768,117.9621966837067,115.39280254041711,117.6722640991211,266498500
2025-03-24,119.8517551027078,122.19120779583362,119.31188140429414,121.38140106201172,228452500
2025-03-25,120.5216012824151,121.26142480153007,118.89198043130345,120.66156768798828,167447200
2025-03-26,118.70203035263671,118.81199741904777,112.68344440410922,113.73320007324219,293463300
2025-03-27,111.32377219977147,114.42304053099558,110.6339399022949,111.40375518798828,236902100
2025-03-28,111.46373602695421,112.84341584506377,109.04430789656145,109.6441650390625,229872500
2025-03-31,105.10522740758995,110.9338556226425,103.6255803841977,108.35446166992188,299212700
2025-04-01,108.49443304563391,110.17403760023085,106.4449205320371,110.12405395507812,222614000
2025-04-02,107.26472214391917,111.95361956622256,106.76483994973236,110.39398193359375,220601200
2025-04-03,103.48562015563714,105.60511590388697,101.57606639857329,101.7760238647461,338769400
2025-04-04,98.88670323249266,100.10640942744341,92.08830207120735,94.28778076171875,532273800
2025-04-07,87.43938789235719,101.72602116602216,86.59958951154498,97.61698913574219,611041300
2025-04-08,103.78553826456235,105.82505852328022,94.43774279946976,96.27731323242188,476243400
2025-04-09,98.86670469924479,115.07288532975399,97.50702445286697,114.30307006835938,612918300
2025-04-10,109.34423379452805,110.83388059600858,99.12664053501021,107.5446548461914,437812400
2025-04-11,108.47443427245335,111.52371865557488,107.45467796999777,110.90386199951172,313417300
2025-04-14,114.08311462021162,114.2630725146749,109.04430120283689,110.68391418457031,264705000
2025-04-15,110.94385517244878,113.5932323217664,110.47396469045397,112.1735610961914,228966900
2025-04-16,104.52537649088836,106.76484672728219,100.4263361362673,104.46538543701172,397016900
2025-04-17,104.4253812132841,104.44538077133734,100.02642426353728,101.46607971191406,292517500
2025-04-21,98.74673137333838,99.41657935183265,95.01761424618036,96.88717651367188,288501100
2025-04-22,98.75672452641882,99.78648062043173,97.2570779520085,98.86669921875,241004800
2025-04-23,104.49537749742674,104.77531795205407,101.99596635952085,102.68580627441406,247526000
2025-04-24,103.4556132191724,106.51488953927,103.08569768188364,106.40491485595703,220815000
2025-04-25,106.82483233532861,111.8936379045766,105.70510100806126,110.98385620117188,251064700
2025-04-28,109.66415673478784,110.343996814893,105.9950156815573,108.70438385009766,207708500
2025-04-29,107.64462809509338,110.1740307356611,107.41468656100368,108.99430847167969,170444300
2025-04-30,104.44538450923935,108.89433288574219,104.05547701680861,108.89433288574219,235044600
2025-05-01,113.05335693358144,114.91291927434723,111.27377757314032,111.58370208740234,236121500
2025-05-02,114.15310576985596,115.37281962529518,113.34329900218786,114.47303009033203,190194800
2025-05-05,112.88340074602954,114.64298057759626,112.63345964895049,113.79318237304688,133163200
2025-05-06,111.4537475013017,114.7129742117387,110.7938992837595,113.51325988769531,158525600
2025-05-07,113.02337494499027,117.65228163619798,112.25355204144066,117.03242492675781,206758800
2025-05-08,118.22215145930612,118.65205049698933,115.82271514729747,117.34236145019531,198428100
2025-05-09,117.32235248570746,118.20215005190205,115.18285724943865,116.62252044677734,132972200
2025-05-12,121.94126742822685,122.97102355957031,120.25166311897564,122.97102355957031,225023300
2025-05-13,124.95056035306071,131.18908818741485,124.44067836400953,129.89938354492188,330430100
2025-05-14,133.16861033831793,135.40808800730593,131.6489642323906,135.30810546875,281180800
2025-05-15,134.258351724734,136.2678878895653,132.6287461607251,134.79823303222656,226632600
2025-05-16,136.18791721457987,136.31789147723805,133.42857277146337,135.36810302734375,226542500
2025-05-19,132.35879696756518,135.83797251007488,132.35879696756518,135.53805541992188,193154600
2025-05-20,134.2583525069389,134.54829272140586,132.58874781513978,134.3483428955078,161514200
2025-05-21,133.02864907239967,137.36762292180558,130.55922977564506,131.76895141601562,270608700
2025-05-22,132.19884131725317,134.21836966107523,131.51900885300861,132.7987060546875,187344000
2025-05-23,129.96937433382988,132.64873565144939,129.12957588399638,131.25906372070312,198821300
2025-05-27,134.1183754403962,135.6280293045703,133.27857708527512,135.4680633544922,192953600
2025-05-28,135.9979578766118,137.2176717346689,134.75824445795843,134.7782440185547,304021100
2025-05-29,142.21648797143945,143.45620133736625,137.87751407348716,139.15721130371094,369241900
2025-05-30,138.6873257641086,139.58710766728817,132.88868890141003,135.09817504882812,333170900
2025-06-02,135.45808684638126,138.08745689917103,135.36809645457458,137.34764099121094,197663100
2025-06-03,138.74729436292043,141.9665367692297,137.91748812723765,141.1867218017578,225578800
2025-06-04,142.15650682982962,142.3564566649135,139.5071219355859,141.88656616210938,167120800
2025-06-05,142.13651043477643,143.96608121416313,138.79730082341692,139.95703125,231397900
2025-06-06,142.47640682683559,143.23623746842864,141.47664251332282,141.6865997314453,153986200
2025-06-09,143.15627066728982,144.96584183837217,141.9065651342004,142.59640502929688,185114500
2025-06-10,142.65638139553192,144.25599524562207,141.4966510569608,143.92608642578125,155881900
2025-06-11,144.5859620448177,144.96590375929992,141.84641202362192,142.80625915527344,167694000
2025-06-12,141.94641106631286,144.9759063720703,141.82643588786814,144.9759063720703,162365000
2025-06-13,142.45632089769495,143.55614422146527,140.82660211679442,141.9464111328125,180820600
2025-06-16,143.32618096280035,146.1556971839991,143.1761967394354,144.66595458984375,183133700
2025-06-17,144.46598768948277,145.1958620737219,143.75609899624828,144.09603881835938,139108000
2025-06-18,143.9860537050978,145.62578045463974,143.0962022725339,145.455810546875,161494100
2025-06-20,145.42582047781178,146.17569581398777,142.6262828381709,143.8260955810547,242956200
2025-06-23,142.47632119978937,144.7559411184857,142.00639807778802,144.1460418701172,154308900
2025-06-24,145.53578955415,147.93539956519925,145.47580197371775,147.87539672851562,187566100
2025-06-25,149.24520677628502,154.4243389252029,149.23519867353343,154.28436279296875,269146500
2025-06-26,155.95406403411533,156.69394650127538,153.97439748110884,154.99423217773438,198145700
2025-06-27,156.01406285223712,158.68363258213975,155.23419369167684,157.72378540039062,263234500
2025-06-30,158.37368067249696,158.6336472456001,155.93409881773164,157.96376037597656,194580300
2025-07-01,156.26402965591922,157.17388214393176,151.46483925954294,153.2745361328125,213143600
2025-07-02,152.9545671877056,157.57380961936815,152.94457434216997,157.22386169433594,171224100
2025-07-03,158.34368228178877,160.95324924613055,157.74379112425564,159.3135223388672,143716100
2025-07-07,158.17371270193448,159.28352889047815,157.31385497697042,158.21371459960938,140139000
2025-07-08,159.3035323273478,160.19338386133896,158.36368604860908,159.97341918945312,138133000
2025-07-09,161.1932080055649,164.39267314506114,161.13322041798892,162.85293579101562,183656400
2025-07-10,164.29270331195812,164.4726660794993,161.5831469026993,164.07273864746094,167704100
2025-07-11,163.6927958392512,167.862101078866,163.44283738179527,164.89259338378906,193633300
2025-07-14,165.3425116109199,165.4625020418882,161.99307751467913,164.04273986816406,136975800
2025-07-15,171.1615549258278,172.37134531045626,169.17188012202328,170.671630859375,230627400
2025-07-16,171.03157616389174,171.72146396229547,168.87193138356372,171.34152221679688,158831500
2025-07-17,171.99141956059896,174.13106334471073,170.80161486292053,172.97125244140625,160841100
2025-07-18,173.61115431570738,174.22105359276725,171.23154479926822,172.38136291503906,146456400
2025-07-21,172.72129949000853,173.35119970444802,170.97159023323564,171.35153198242188,123126100
2025-07-22,171.31154005146294,171.36153479867312,164.55266825003173,167.00225830078125,193114300
2025-07-23,169.5018251648929,171.23153339032083,167.94208685699226,170.75161743164062,154082200
2025-07-24,172.41134882841166,173.80111724784433,171.27153886755505,173.7111358642578,128984600
2025-07-25,173.58115848322245,174.69097468726906,172.9312725713388,173.47117614746094,122316800
2025-07-28,173.99108478739527,176.97058528484683,173.94109004538618,176.7206268310547,140023500
2025-07-29,177.93044011853775,179.35020236643535,174.99092613442062,175.4808349609375,154077500
2025-07-30,176.48066791766442,179.86011122312902,176.01074478620916,179.24021911621094,174312200
2025-07-31,182.86960179799485,183.26954448460754,175.9007587673991,177.84043884277344,221685400
2025-08-01,174.06106522140865,176.51065501732398,170.86160006411595,173.69113159179688,204529000
2025-08-04,175.1309006070304,180.17005649193501,174.49100755408614,179.9700927734375,148174600
2025-08-05,179.59015184800575,180.23004490386853,175.87076869322405,178.23037719726562,156407600
2025-08-06,176.30069964693718,179.87009845787975,176.22071111043454,179.3901824951172,137192300
2025-08-07,181.53982980547644,183.84944343505214,178.77028591662776,180.73995971679688,151878400
2025-08-08,181.51982919208731,183.26953833968557,180.3700111699138,182.6696319580078,123396700
2025-08-11,182.01974653412333,183.80944232526838,180.2200426409657,182.0297393798828,138323200
2025-08-12,182.9295986692803,184.44933506001817,179.4301803710301,183.1295623779297,145485700
2025-08-13,182.5896420373941,183.93942375779682,179.3201965252013,181.559814453125,179871700
2025-08-14,179.72011917648817,182.98957985829236,179.43017409752198,181.98974609375,129554000
2025-08-15,181.84978375259033,181.86976944489334,178.01041021115256,180.42001342773438,156602200
2025-08-18,180.56999746834546,182.90960499065454,180.5599893659508,181.97975158691406,132008000
2025-08-19,182.39967416584764,182.46966985536903,175.46084035755914,175.61080932617188,185229200
2025-08-20,175.1408920976954,175.9707560164781,168.77195541250927,175.370849609375,215142700
2025-08-21,174.8209444570093,176.87059152353538,173.78110877087863,174.95091247558594,140040900
2025-08-22,172.58132291943235,178.56032512128596,171.17155351749952,177.96043395996094,172789400
2025-08-25,178.3203719824875,181.87977802218637,176.54066896263805,179.78012084960938,163012800
2025-08-26,180.03006938032237,182.35968393651802,178.7802771456414,181.7397918701172,168688200
2025-08-27,181.94975068857377,182.45967569067753,179.07023971825097,181.56982421875,235518900
2025-08-28,180.7899615720414,184.43934897141472,176.3806906932069,180.1400604248047,281787800
2025-08-29,178.08040158317536,178.12038822306508,173.12121914292007,174.1510467529297,243257900
2025-09-02,169.9717482776903,172.351357635579,167.19221149694363,170.75161743164062,231164900
2025-09-03,171.03158891427162,172.38137081666613,168.851958278929,170.59165954589844,164424900
2025-09-04,170.54166973363456,171.83144870716828,169.381858788342,171.63148498535156,141670100
2025-09-05,168.00209055003162,169.0019244592772,164.04275681292185,166.9922637939453,224441400
2025-09-08,167.5221599855096,170.93159698121408,167.32219627229085,168.2820281982422,163769100
2025-09-09,169.0618925540675,170.95157781434446,166.71229229208453,170.7316131591797,157548400
2025-09-10,176.61064931709572,179.26020289704138,175.44084555219968,177.300537109375,226852000
2025-09-11,179.66027757334626,180.26021784214308,176.4606317396978,177.1505584716797,151159300
2025-09-12,177.75047851465564,178.5803891806412,176.43061617633268,177.80047607421875,124911000
2025-09-15,175.65071055071581,178.830369337568,174.49083425075145,177.73048400878906,147061600
2025-09-16,176.98057174387853,177.4805168617991,174.36086420825131,174.86080932617188,140737800
2025-09-17,172.62104942275718,173.18098551277336,168.39151800406466,170.27130126953125,211843800
2025-09-18,173.96089569350613,177.08056354559588,172.94101865721873,176.2206573486328,191763300
2025-09-19,175.7506939671915,178.06043774665943,175.16074718989944,176.6505889892578,237182100
2025-09-22,175.28075846993005,184.52974299714734,174.69082690233378,183.58984375,269637000
2025-09-23,181.95002022927713,182.3999677661597,176.19065819152993,178.410400390625,192559600
2025-09-24,179.75025700209653,179.76025041106172,175.38072666046574,176.9505615234375,143564100
2025-09-25,174.4608472798892,180.2402117285651,173.11100459099512,177.67050170898438,191586700
2025-09-26,178.15043859744398,179.750269051669,174.91078879333958,178.17044067382812,148573700
2025-09-29,180.41019002973698,183.97980553666213,180.30021674934378,181.83004760742188,193063500
2025-09-30,182.06000352373024,187.32942897828707,181.4600633204032,186.55950927734375,236981000
2025-10-01,185.21967144700423,188.11934700723293,183.87980694521147,187.21945190429688,173844900
2025-10-02,189.57919146332628,191.0290292282152,188.03935198339767,188.8692626953125,136805800
2025-10-03,189.1692307003317,190.33910041164867,185.35965145286306,187.59939575195312,137596900
2025-10-06,185.4796339074747,187.20943969833962,183.3098739831843,185.51962280273438,157678100
2025-10-07,186.20955566811082,189.03924688644503,183.97980469837793,185.01968383789062,140088000
2025-10-08,186.5495190429729,189.57918508139647,186.51950830089396,189.0892333984375,130168900
2025-10-09,192.20888438710807,195.27855455286462,191.039014711271,192.54885864257812,182997200
2025-10-10,193.4887469873255,195.59851591827854,182.03001384654092,183.139892578125,268774400
2025-10-13,187.9493639887039,190.08912842775598,185.93959015922437,188.29933166503906,153482800
2025-10-14,184.74970821605342,184.77970370013514,179.6802578066599,180.01022338867188,205641400
2025-10-15,184.77971248532194,184.84969686580231,177.2705272995106,179.8102569580078,214450500
2025-10-16,182.20999112544493,183.2598789113643,179.75026972003684,181.7900390625,179723300
2025-10-17,180.1602152773484,184.07979842608083,179.7302697995737,183.19989013671875,173135200
2025-10-20,183.10990104163824,185.1796658652692,181.7100455780644,182.6199493408203,128544700
2025-10-21,182.76991679751694,182.76991679751694,179.7802549646251,181.14010620117188,124240200
2025-10-22,181.12011433169937,183.4198648953589,176.74059027394597,180.2602081298828,162249600
2025-10-23,180.4001849787377,183.0098989665471,179.7702492811968,182.13999938964844,111363700
2025-10-24,183.81980015643103,187.44940625639555,183.47984116964938,186.23953247070312,131296700
2025-10-27,189.9691435897376,191.97891738858848,188.4093020699799,191.46897888183594,153452700
2025-10-28,193.0288146936141,203.12769700573313,191.8889404255143,201.0079345703125,297986200
2025-10-29,207.95717223581016,212.1667169482571,204.7575264516481,207.01727294921875,308829600
2025-10-30,205.12746791137428,206.13736677538768,201.38788833732997,202.8677215576172,178864400
2025-10-31,206.42733011185774,207.94716749796044,202.04782138155986,202.4677734375,179802200
2025-11-03,208.05714970598171,211.31678618801203,205.53742218982754,206.85728454589844,180267300
2025-11-04,202.9777066091775,203.9476013046771,197.90825607143535,198.66818237304688,188919300
2025-11-05,198.7481902403631,202.89772869539195,194.6286320152979,195.18858337402344,171350300
2025-11-06,196.39843756369172,197.59830279082226,186.35954634625867,188.05935668945312,223029800
2025-11-07,184.87970536775757,188.29934352754728,178.8903723972709,188.1293487548828,264942300
2025-11-10,195.08858253564551,199.91805415635875,193.76872011438098,199.0281524658203,198897100
2025-11-11,195.13857433756354,195.3985402959953,191.2789975702345,193.1387939453125,176483300
2025-11-12,195.69851973704638,195.86849924763862,191.1090271797132,193.7787322998047,154935300
2025-11-13,191.02901978717685,191.4189763426968,183.82981362374773,186.8394775390625,207423100
2025-11-14,182.8399289693184,190.98902828114038,180.56018045425046,190.1491241455078,186591900
2025-11-17,185.9495778546046,188.9792438771453,184.29976516169708,186.5795135498047,173628900
2025-11-18,183.3598703733926,184.7797126313021,179.6302689297591,181.340087890625,213598900
2025-11-19,184.76969080502667,187.8393608341106,182.80991469001526,186.49951171875,247246400
2025-11-20,195.92847930218133,195.97847686300787,179.83025642841662,180.6201629638672,343504800
2025-11-21,181.22010834266524,184.5397359279593,172.91100782704066,178.86036682128906,346926200
2025-11-24,179.47030653663683,183.4798609481747,176.4606271183833,182.52996826171875,256618300
2025-11-25,174.89079203873564,178.14043506786686,169.53138015579162,177.80047607421875,320600300
2025-11-26,181.6100638206842,182.8899220695924,178.22043661727494,180.24020385742188,183852000
2025-11-28,178.99033405428943,179.2703020816569,176.48061521713345,176.98056030273438,121332800
2025-12-01,174.7408159055669,180.2802164760195,173.66093259662904,179.90025329589844,188131000
2025-12-02,181.7400335835938,185.63961443898967,179.98023235974816,181.44007873535156,182632200
2025-12-03,181.06012391136443,182.4299686383783,179.09033894604931,179.57028198242188,165138000
2025-12-04,181.61017209543593,184.51002440204854,179.95027347354184,183.37008666992188,167364900
2025-12-05,183.88004685245298,184.6500094505641,180.9002124089338,182.40013122558594,143971100
2025-12-08,182.6301165694494,187.98982714518382,182.39012406320575,185.5399627685547,204378100
2025-12-09,185.54995586495326,185.70995086836587,183.31008684903045,184.95999145507812,144719700
2025-12-10,184.9599880707457,185.46995496958337,182.03013874897007,183.77005004882812,162785400
2025-12-11,180.27023782951787,181.31019006496976,176.61043233199788,180.92019653320312,182136600
2025-12-12,181.10019518559332,182.81010931847595,174.61054106596097,175.01052856445312,204274900
2025-12-15,177.93037643785232,178.4103461991077,175.02053019793698,176.28045654296875,164775600
2025-12-16,176.25046044282257,178.48035080582065,174.8905333961456,177.71038818359375,148588100
2025-12-17,176.0904801521757,176.12047730871902,170.30078481189744,170.93075561523438,222775500
2025-12-18,174.52054772862792,176.14045512074784,171.8107030234881,174.1305694580078,176096000
2025-12-19,176.6604358481607,181.4401759084778,176.3304518785618,180.98020935058594,324925900
2025-12-22,183.91003698180788,184.15002947616998,182.34012994783166,183.6800537109375,129064400
2025-12-23,182.96010023623109,189.31975669034466,182.89009670029142,189.19976806640625,174873600
2025-12-24,187.92983057380172,188.899779295176,186.57989753660073,188.59979248046875,65528500
2025-12-26,189.9097162518428,192.67957056140054,187.98982202804387,190.51968383789062,139740300
2025-12-29,187.6998414610299,188.749772392931,185.8999358866866,188.20980834960938,120006100
2025-12-30,188.22982052336855,188.9797799436452,186.91987858592935,187.52984619140625,97687300
2025-12-31,189.55975523635485,190.54969193131708,186.47991997410415,186.4899139404297,120100500
2026-01-02,189.82971935613102,192.91954841717475,188.24980305842183,188.83978271484375,148240500
2026-01-05,191.74961996436147,193.61952916959007,186.13992286460274,188.1098175048828,183529700
2026-01-06,190.50969495089785,192.15959956375178,186.80989821500853,187.22987365722656,176862600
2026-01-07,188.55979791265688,191.35963411085106,186.54989697142676,189.09976196289062,153543200
2026-01-08,189.09977067708235,189.53974931649188,183.70006889406122,185.0299835205078,172457000
2026-01-09,185.06998015284367,186.32990643372668,183.66005283935564,184.84999084472656,131327500
2026-01-12,183.2100845491025,187.10986736077922,183.010098425574,184.92999267578125,137968500
2026-01-13,184.9899882929175,188.0998205983224,183.3900687774691,185.79994201660156,160128900
2026-01-14,184.3100252062831,184.45001701406107,180.79021156477043,183.1300811767578,159586100
2026-01-15,186.48991316970114,189.6897370464893,186.31992419508657,187.03988647460938,206188600
2026-01-16,189.06976141755646,190.4296883714215,186.06992389502736,186.21990966796875,187967200
2026-01-20,181.89014292514364,182.37012791600927,177.60038196777572,178.06036376953125,223345300
2026-01-21,179.04031586008543,185.3699752173061,178.3903418724365,183.31008911132812,200381000
2026-01-22,184.7399951080077,186.15991637882954,183.92003219020145,184.82998657226562,139636600
2026-01-23,187.48984685190618,189.58973923983262,186.80989099781206,187.6598358154297,142748100
2026-01-26,187.1498802806874,189.1097657209082,185.97994539629804,186.4599151611328,124799600
2026-01-27,187.22986667366473,189.9897117301412,185.6899415183402,188.50979614257812,143711600
2026-01-28,191.25965707901594,192.33960048487265,189.82972650403363,191.5096435546875,148552700
2026-01-29,191.32963792417547,193.46952146246272,186.04992498376654,192.49957275390625,171764400
2026-01-30,191.19965692455457,194.47947816452233,189.45974561417185,191.11965942382812,179489500
2026-02-02,187.1898706566695,190.2897090701948,184.87000408758857,185.59996032714844,165794100
2026-02-03,186.22992037566058,186.25991753048794,176.22045266395375,180.33023071289062,204019600
2026-02-04,179.45029148582987,179.57028010697434,171.90069716024271,174.18057250976562,207014100
2026-02-05,174.92051964769362,176.81043194569037,171.020736948564,171.87069702148438,206312900
2026-02-06,176.6804343618602,186.98987361565233,174.59055120100808,185.39996337890625,231346200
2026-02-09,184.25002288009932,193.64952333361757,183.9400420976916,190.0297088623047,196387400
2026-02-10,191.36964298604585,192.46957427391544,188.10980972728564,188.52978515625,136764800
2026-02-11,192.43958265041238,193.24953637655122,188.75978911487715,190.0397186279297,144192700
2026-02-12,193.01955263160718,193.5995230748733,186.49990120030046,186.9298858642578,189932500
2026-02-13,187.4698554447334,187.4898586352177,181.58017462912434,182.80010986328125,161888000
2026-02-17,181.74016448672575,187.13986615921206,179.17029624003743,184.95999145507812,162276900
2026-02-18,188.73978069812654,190.3596881055438,186.7498829478333,187.96981811523438,164749100
2026-02-19,187.04988063530703,188.41980165789556,185.64996245587088,187.88983154296875,126554500
2026-02-20,186.5599139825128,190.31970507557438,185.92994318264132,189.8097381591797,178422300
2026-02-23,191.3896412925324,193.93950641757905,189.56974766836524,191.53964233398438,171584800
2026-02-24,191.47964208446245,193.75951747058733,187.38985183856119,192.83956909179688,175123600
2026-02-25,194.43946745531196,197.61930319203404,193.77949953248776,195.54940795898438,250637100
2026-02-26,194.25948668244985,194.27947461393586,184.31002841741252,184.87998962402344,360807900
2026-02-27,181.2401979138715,182.5801217841234,176.3704661683341,177.180419921875,311636500
2026-03-02,175.00052620838028,183.45008125730604,174.63055110847353,182.47012329101562,209095300
2026-03-03,178.4803396065267,180.8901975001603,176.91041730394699,180.04025268554688,178099400
2026-03-04,180.4302401537762,184.69000418349444,180.0502558302461,183.03009033203125,177731200
2026-03-05,181.1601973472636,184.05004039552568,177.87038204113773,183.330078125,198779700
2026-03-06,179.83025866705609,182.7500987288974,176.81043317462274,177.8103790283203,189021900
2026-03-09,176.82042919903367,182.90010189125664,175.55049367782217,182.64010620117188,177213600
2026-03-10,182.39012758732315,186.42991760168223,182.00014929336922,184.760009765625,179118500
2026-03-11,185.91000366210938,187.6199951171875,184.4499969482422,186.02999877929688,145280400
2026-03-12,184.0500030517578,184.94000244140625,181.75,183.13999938964844,155762700
2026-03-13,184.9199981689453,186.08999633789062,179.94000244140625,180.25,160988400
2026-03-16,182.97000122070312,188.8800048828125,181.41000366210938,183.22000122070312,217307400
2026-03-17,185.05999755859375,185.39999389648438,181.67999267578125,181.92999267578125,182497800
2026-03-18,182.47999572753906,183.3800048828125,180.3300018310547,180.39999389648438,156683100
2026-03-19,178.00999450683594,179.97999572753906,175.7899932861328,178.55999755859375,170968500
2026-03-20,178.0,178.25999450683594,171.72000122070312,172.6999969482422,241323500
2026-03-23,177.25999450683594,178.3699951171875,174.75999450683594,175.63999938964844,182836300
2026-03-24,174.8300018310547,176.22000122070312,173.97999572753906,175.1999969482422,147667800
2026-03-25,177.10000610351562,181.22000122070312,176.85000610351562,178.67999267578125,162602100
2026-03-26,176.07000732421875,176.50999450683594,171.13999938964844,171.24000549316406,186152200
2026-03-27,170.0,170.97000122070312,167.00999450683594,167.52000427246094,196212700
2026-03-30,168.77999877929688,169.4499969482422,164.27000427246094,165.1699981689453,185627000
2026-03-31,166.97000122070312,174.6199951171875,166.9600067138672,174.39999389648438,226181300
2026-04-01,176.0,177.3699951171875,174.75,175.75,168132000
2026-04-02,172.17999267578125,177.49000549316406,171.3699951171875,177.38999938964844,143143200
2026-04-06,177.16000366210938,177.7899932861328,175.75999450683594,177.63999938964844,107564300
2026-04-07,175.72999572753906,178.22999572753906,173.66000366210938,178.10000610351562,132534900
2026-04-08,184.5,185.25999450683594,180.3000030517578,182.0800018310547,147732700
2026-04-09,181.83999633789062,184.0800018310547,180.6199951171875,183.91000366210938,116428500
2026-04-10,184.30999755859375,190.0,184.3000030517578,188.6300048828125,160459500
2026-04-13,186.02999877929688,189.66000366210938,185.74000549316406,189.30999755859375,133648200
2026-04-14,190.83999633789062,196.50999450683594,190.77000427246094,196.50999450683594,161307000
2026-04-15,196.5399932861328,200.39999389648438,195.74000549316406,198.8699951171875,185338400
2026-04-16,197.42999267578125,199.85000610351562,195.80999755859375,198.35000610351562,134012900
2026-04-17,199.89999389648438,201.6999969482422,199.27000427246094,201.67999267578125,160324400
2026-04-20,199.97999572753906,202.1699981689453,197.83999633789062,202.05999755859375,119381400
2026-04-21,202.1300048828125,202.75,199.0,199.8800048828125,107945300
2026-04-22,200.99000549316406,202.5,199.0,202.5,107501000
2026-04-23,202.4600067138672,203.8300018310547,197.22000122070312,199.63999938964844,113561800
2026-04-24,199.9600067138672,210.9499969482422,199.80999755859375,208.27000427246094,214134400
2026-04-27,209.64999389648438,216.8300018310547,207.3800048828125,216.61000061035156,187172400
2026-04-28,209.49000549316406,214.72999572753906,208.1999969482422,213.1699981689453,180275400
2026-04-29,212.6999969482422,212.72000122070312,207.5800018310547,209.25,123711800
2026-04-30,209.92999267578125,210.3000030517578,198.6999969482422,199.57000732421875,225239200
2026-05-01,201.27999877929688,203.0,197.1199951171875,198.4499969482422,128647000
2026-05-04,199.5,201.72999572753906,194.74000549316406,198.47999572753906,125368100
2026-05-05,199.3000030517578,200.24000549316406,196.02999877929688,196.5,113406600
2026-05-06,199.88999938964844,208.27000427246094,198.61000061035156,207.8300018310547,188362800
2026-05-07,208.33999633789062,214.1999969482422,206.5,211.5,168307900
2026-05-08,213.02999877929688,217.8000030517578,212.88999938964844,215.1999969482422,136421400
2026-05-11,214.0399932861328,222.3000030517578,213.88999938964844,219.44000244140625,160685800
2026-05-12,218.5500030517578,223.75,214.9199981689453,220.77999877929688,159176600
2026-05-13,224.92999267578125,227.83999633789062,221.57000732421875,225.8300018310547,150405400
2026-05-14,229.85000610351562,236.5399932861328,229.3000030517578,235.74000549316406,179114200
