Date,Open,High,Low,Close,Volume
2020-01-02,48.53008360642177,49.15868677433526,48.49364193647257,49.14957809448242,13899600
2020-01-03,48.274999351774795,49.24067928823704,48.23855768145989,48.97648239135742,11026700
2020-01-06,48.61207292912208,49.37733057925326,48.60296077450587,49.2315673828125,10982400
2020-01-07,49.09491672679655,49.495768154985214,48.83983198178122,49.34089279174805,12015400
2020-01-08,49.359199118531954,49.963149150345345,49.13958282918417,49.53306579589844,11856700
2020-01-09,49.64285711279333,50.14614805357751,49.44153934018494,49.761817932128906,10671000
2020-01-10,49.917391970669975,50.00890165937257,49.61541872479565,49.82588577270508,9734800
2020-01-13,49.83503167311566,50.137008389591315,49.743525481252554,49.94484329223633,10858900
2020-01-14,49.889940087867615,50.493890061619,49.871638150391796,50.21936798095703,12627200
2020-01-15,50.21936973415727,50.493891824403036,50.036353843747506,50.10955810546875,9090800
2020-01-16,50.310882757505134,50.74096963468879,50.26512965138178,50.7226676940918,9866000
2020-01-17,50.90566562767377,50.960567939333096,50.19190415946949,50.44812774658203,11166600
2020-01-21,50.31087492769489,50.65860476344451,50.25596911444883,50.530494689941406,8773000
2020-01-22,50.704353358431085,50.92397310116901,49.963140653770154,50.07295227050781,6380500
2020-01-23,49.78927438029488,50.3291692445477,49.67031354831045,50.31086730957031,6583200
2020-01-24,50.38408378281218,50.512193859122696,49.30429386714101,49.47815704345703,6426000
2020-01-27,48.66373601115781,48.974861952758836,48.16044497082196,48.21534729003906,8259100
2020-01-28,48.3709158418396,49.121277850365736,48.18789995154932,48.919960021972656,8620300
2020-01-29,49.21278340326683,49.359195415426996,48.66373923035066,48.68204116821289,6332500
2020-01-30,48.33431083874064,48.80100152263704,47.840168993698924,48.78269958496094,7176200
2020-01-31,48.81015222058866,48.94741501193709,47.849323153363,47.99573516845703,8884700
2020-02-03,48.25195105922585,48.87420294108522,48.21534718600178,48.58137893676758,8892500
2020-02-04,49.185322228969085,49.92653485317794,49.185322228969085,49.4506950378418,9769800
2020-02-05,50.0271928551154,50.35662070521998,49.944839383326446,50.091251373291016,9612900
2020-02-06,50.32916982117709,50.64944496010788,50.06379699707031,50.06379699707031,8832000
2020-02-07,49.66116743458507,50.30172123593851,49.5879596900933,50.07295227050781,7864800
2020-02-10,50.072963072247816,50.39323829664562,49.82589211739603,50.32003402709961,7198200
2020-02-11,50.48474055605542,50.823321184769966,50.429838230876314,50.4664421081543,8466600
2020-02-12,50.83246319040012,51.14358912160668,50.55794113127371,50.99717712402344,7541100
2020-02-13,50.61284637451172,50.914819588959276,50.33832082771187,50.61284637451172,8480100
2020-02-14,50.67690130453376,51.097835355714516,50.54879124467329,50.75925827026367,7496800
2020-02-18,50.71350070424618,51.02462662534683,50.42067671859112,50.7409553527832,7185700
2020-02-19,50.86906666791017,51.033780600255874,50.68605079966635,50.73180389404297,6819200
2020-02-20,50.695204876486486,51.12528816407907,50.21936500254927,50.795860290527344,6114600
2020-02-21,50.40238200477606,50.640300201705536,49.81673049937749,50.03635025024414,9078600
2020-02-24,48.590526612856266,48.98400951064511,48.05063171756954,48.17874526977539,10992500
2020-02-25,48.56306975936261,48.70033251811817,46.485847388567805,46.632259368896484,12202600
2020-02-26,46.952541738079475,48.62712867910324,46.88848670972398,47.629695892333984,16413100
2020-02-27,46.55906568993855,48.91995984484793,46.44925406171932,46.46755599975586,16161100
2020-02-28,45.0583482618332,45.65314562660715,43.83214616012574,45.25966262817383,24426000
2020-03-02,45.50672150317928,46.577362060546875,44.53673984761193,46.577362060546875,17328500
2020-03-03,46.32114675219638,47.43754060392465,44.152417581061734,44.70146179199219,21830500
2020-03-04,45.616535414174216,46.293693163534094,44.683161002639736,46.24794006347656,14813700
2020-03-05,45.04918800426822,45.46097287447385,43.69487603505452,43.92364501953125,15843000
2020-03-06,42.615088797588236,44.19816984966696,42.51442987964451,43.34714889526367,24581400
2020-03-09,41.132660079496574,43.53015782465151,40.867287245710905,42.102638244628906,25949300
2020-03-10,43.420354675028186,44.75636472884746,42.23990585768999,44.45439147949219,27067700
2020-03-11,42.834716187383734,43.44781553732766,40.51042190965726,40.92220687866211,24139200
2020-03-12,37.62791311445944,39.71428815667838,36.33765647224235,36.420013427734375,24123800
2020-03-13,40.6751248767699,43.91449443428422,39.73259431625213,43.859588623046875,28339400
2020-03-16,38.899880028086834,43.53016594045466,37.756035004444996,39.09204864501953,27493700
2020-03-17,39.91561126928568,43.65827197950141,38.122063276170536,42.88045883178711,25588900
2020-03-18,39.961355746566376,43.74061951658448,38.945624611037424,43.25563049316406,29557000
2020-03-19,42.523581353907886,43.89619530603416,41.05945771053052,41.24247360229492,20159100
2020-03-20,41.196717452927636,42.73404524478517,40.730026788932925,41.773216247558594,26340800
2020-03-23,41.17841906820384,42.541883813275675,40.16268417267008,40.43720626831055,23063700
2020-03-24,41.48038682043375,43.93278670157153,41.45293217330774,43.777225494384766,19323700
2020-03-25,43.100081391107594,44.60080907431154,41.617659138883866,42.03859329223633,25625800
2020-03-26,42.44122149313274,46.43095300138266,42.267354836939354,46.193031311035156,22417900
2020-03-27,44.921074589686896,47.21791348704099,44.436085495711865,45.59823226928711,20025300
2020-03-30,46.11982149044728,47.208760430449395,45.378608839411605,46.08321762084961,20611900
2020-03-31,46.778667293122304,46.83357309001112,43.923632178900064,44.225608825683594,15802000
2020-04-01,42.59677778172818,44.82956496726927,42.130090659763454,44.573341369628906,17918200
2020-04-02,44.08835964305023,45.653138683066516,44.01515189134205,45.57078170776367,16434400
2020-04-03,45.11324037820251,45.79954729112873,44.792965215131936,45.204750061035156,13362500
2020-04-06,46.11982710116015,47.47413902439863,46.07407051322797,47.11725997924805,13845800
2020-04-07,47.72121548761901,47.88592944926421,46.40350379445743,46.449256896972656,14063000
2020-04-08,46.87218558208797,48.43520543233675,46.78024468214649,47.92952346801758,15710700
2020-04-09,48.0306601573712,49.29946140100411,47.837578657409246,48.89491653442383,15521200
2020-04-13,48.45359860112661,48.85814350691334,48.17777236957562,48.70184326171875,12694800
2020-04-14,49.382204552705474,49.74077893295746,49.143156134977524,49.64883804321289,11674600
2020-04-15,48.92249632682066,49.14315938705832,48.55472923618504,48.87652587890625,10398100
2020-04-16,48.86733062756493,49.52931275889462,48.79377510890598,49.37301254272461,14098300
2020-04-17,50.126942616899555,50.31082791922945,49.62126066598265,50.2188835144043,13608800
2020-04-20,49.69481592736101,50.1821125364515,49.46496016127024,49.566097259521484,10358900
2020-04-21,48.940880809109025,49.0420178898237,47.00089791851318,47.17559051513672,14111700
2020-04-22,47.837579724680765,48.34326520333873,47.598531277122916,48.05824279785156,9668300
2020-04-23,48.021461914693944,48.72022534490543,47.30431311128982,47.782413482666016,10330200
2020-04-24,48.18696071527018,48.77539089150704,47.77321965156599,48.73861312866211,9403500
2020-04-27,49.06041027982213,49.31784758928664,48.784584090064385,49.069602966308594,9123200
2020-04-28,49.5569001645211,49.786755910168566,48.84894404704848,48.91330337524414,8350500
2020-04-29,49.602872514257335,49.90628028633988,49.363820565517905,49.53851318359375,9064100
2020-04-30,49.16155481674401,49.28107729577958,48.54553950920333,48.70184326171875,11808800
2020-05-01,48.15937635134758,48.21453948509249,47.17559404993342,47.61691665649414,8702400
2020-05-04,47.5433652109904,47.61692073871663,46.98251658770006,47.580142974853516,7567900
2020-05-05,48.01226838861166,48.600698525456735,47.800801527390476,47.85596466064453,7271800
2020-05-06,48.20534906792973,48.26970839854215,47.53417068631417,47.681278228759766,7050000
2020-05-07,48.177770565001715,48.65586747787779,48.058244583122345,48.36165237426758,7154700
2020-05-08,48.904108721560384,49.44656843866605,48.51795274022437,49.25349044799805,8130800
2020-05-11,48.84894963563909,49.4925464985471,48.78459030008036,49.21671676635742,8138600
2020-05-12,49.46495892893865,49.492544005160354,48.03985391614395,48.05824279785156,8598800
2020-05-13,48.20536160293922,48.26052826094667,47.14802345538533,47.48821258544922,10274300
2020-05-14,47.01929214737843,48.757001074262675,46.76185482704608,48.646671295166016,13794000
2020-05-15,48.45360163308079,49.63965836101972,48.288105182330185,48.6558723449707,39055700
2020-05-18,49.56610011382413,49.60287788027349,48.79378455499191,48.867340087890625,9901900
2020-05-19,48.89492377710191,48.959283117515774,48.104219300793204,48.12260818481445,9805100
2020-05-20,48.812166981301,48.97766340111024,48.40762212583418,48.63747787475586,9115900
2020-05-21,48.50876536139522,48.67426181413464,47.92033508824221,48.01227951049805,7464000
2020-05-22,48.12260188712263,48.39842809670263,47.883553440772104,48.38003921508789,7211700
2020-05-26,49.32704593037694,49.354627498357296,48.40762291961369,48.52714538574219,11200600
2020-05-27,48.7294180772621,48.959273822909566,48.33406591416284,48.91330337524414,9228100
2020-05-28,49.42818385106967,49.78676180286965,48.93169804727115,49.29946517944336,9465400
2020-05-29,49.29947067706244,49.59368581853784,48.720236590150876,49.43738555908203,14734800
2020-06-01,48.98686237483739,49.08799947851417,48.536347013231016,48.78459167480469,7363200
2020-06-02,48.95008792377789,48.99605837781763,48.39843195333855,48.98686218261719,8756300
2020-06-03,49.03283552924146,49.29946556225747,48.72023153544127,49.1799430847168,9188700
2020-06-04,48.940884858143036,49.36381858764954,48.38923247246676,48.59150314331055,9696000
2020-06-05,48.812172828770365,49.8970923742346,48.490376144658434,49.63045883178711,12210100
2020-06-08,49.05121559284327,50.67859472192257,48.98685626350006,50.66020584106445,11519500
2020-06-09,50.56826526748434,50.6234319104115,49.53851248408711,49.81433868408203,8852500
2020-06-10,50.10855150637888,50.25565904023324,49.55689913125511,49.749977111816406,7436700
2020-06-11,48.959269688086245,49.24429205125304,47.102034999227854,47.17559051513672,12805700
2020-06-12,48.22373794915049,48.7294199070997,46.87218499164876,47.681278228759766,11537200
2020-06-15,46.853794799931784,49.124770711029626,46.807824351825914,48.95927429199219,16038100
2020-06-16,50.07177727744989,50.56826655446887,49.44656933764536,50.19130325317383,19380200
2020-06-17,48.757006399467265,49.40979947311114,47.35029016355292,47.36867904663086,28692600
2020-06-18,47.44223592950887,49.64885302231815,47.18479855469889,49.36383056640625,19259500
2020-06-19,49.84192419187057,50.07177996125642,48.711034227370675,50.01661682128906,33051200
2020-06-22,49.73158815339538,50.92683730249582,49.53851017313798,50.678592681884766,16705900
2020-06-23,50.84409516791465,51.460110449813335,50.68779492922615,50.742958068847656,18695000
2020-06-24,50.67859460670545,51.19347274760101,49.9522531047233,50.05338668823242,18287400
2020-06-25,50.01660883090562,50.19129792509602,49.22590454936564,50.136131286621094,16008700
2020-06-26,49.970638911395,50.19130197578318,49.30865673287127,49.81433868408203,17969400
2020-06-29,49.8603097677979,50.53148814901669,49.510928039450974,50.34760284423828,14366900
2020-06-30,50.38438310000763,50.97281329856154,50.108556882850564,50.81651306152344,18885900
2020-07-01,50.28324612669624,51.377361817958615,50.27405343927382,51.0187873840332,17856800
2020-07-02,51.294614277688424,51.88304448545413,51.16589560815476,51.432525634765625,15478900
2020-07-06,51.67158144870005,52.25081901208014,51.634803681144284,52.03934860229492,15309700
2020-07-07,51.80949459841399,52.36115060876592,51.689972110727325,51.77272033691406,13232100
2020-07-08,52.066927555994454,52.11289800637031,51.47849737361418,52.09450912475586,12582200
2020-07-09,52.39792337726767,53.142653834557784,52.24161962835493,52.8944091796875,15692600
2020-07-10,52.83923391951321,52.885204361947935,52.12208168971587,52.76567840576172,12615800
2020-07-13,52.77488347083277,53.17942834251581,52.379531286254114,52.41630554199219,15965600
2020-07-14,52.323978698490606,52.89643346385781,52.14855105744806,52.81333541870117,15510300
2020-07-15,53.01646414657115,53.40425621932183,52.056224321302125,52.27781677246094,10570800
2020-07-16,52.09314624923425,52.157781186806254,51.31756926414596,51.539161682128906,8779300
2020-07-17,51.77922623009848,51.816155953080084,50.56045379585458,50.689720153808594,14344800
2020-07-20,50.67126453646734,51.262182498291054,50.49583334507358,51.15138626098633,11469300
2020-07-21,51.52069638561341,52.01928462212292,51.317570584261745,51.62226104736328,11875100
2020-07-22,51.42836433819275,51.87155268652614,51.42836433819275,51.7145881652832,13842400
2020-07-23,51.705360600757366,52.03775276816309,51.336035187606974,51.4837646484375,12576000
2020-07-24,51.21599846440804,51.742284796702805,51.022100719235574,51.38219451904297,8939700
2020-07-27,51.391440551152805,51.65920132820923,51.077514973053546,51.09598159790039,10319600
2020-07-28,51.01287594755773,51.4652993835346,50.96671115339226,51.10520553588867,13030100
2020-07-29,51.299112388733604,51.613037975642925,51.105214583474435,51.428375244140625,7242700
2020-07-30,50.78205471125124,51.225243129709796,50.68049003828498,51.012882232666016,7633200
2020-07-31,50.782053861873564,51.21601072196252,50.163437805460156,51.19754409790039,9355800
2020-08-03,51.5022421616039,51.78846959342646,51.23448487870742,51.68690490722656,9164900
2020-08-04,51.502234883600195,51.71459577830449,51.27140736472834,51.70536422729492,6364300
2020-08-05,52.000823549872266,52.000823549872266,51.13291334054199,51.243709564208984,6629000
2020-08-06,51.23448237481866,51.33604353390624,50.726658968637054,51.040584564208984,8169600
2020-08-07,50.79128213906364,51.003646541015875,50.56045463638772,50.99441146850586,8772300
2020-08-10,51.00364605633449,51.35450132112106,50.67125389209614,50.72665023803711,10046900
2020-08-11,51.003640136880115,51.20676591866922,49.987997139343676,50.108028411865234,8075100
2020-08-12,50.33886190907289,50.50505799179036,49.831042110613154,50.01570129394531,9068200
2020-08-13,49.77564404192323,50.04340479844294,49.56328315569499,49.8772087097168,8260300
2020-08-14,49.8864428938145,50.37579963518451,49.646383820842175,50.04340744018555,5454400
2020-08-17,50.04340445433559,50.21883209249658,49.54481619158552,49.849510192871094,9523700
2020-08-18,51.35450113358942,52.56403849967361,50.662018634670986,50.948246002197266,21102600
2020-08-19,51.31757861396672,52.4440145752653,51.20677886264007,51.89002990722656,16751500
2020-08-20,51.32680781904477,51.52993716504206,50.86515277606798,51.02211380004883,10974800
2020-08-21,51.132904895709785,51.1975363090204,50.53275203251369,50.95747375488281,9552000
2020-08-24,51.48376068039199,51.80692127252843,51.18830178150306,51.7145881652832,7892100
2020-08-25,51.843863466441405,52.397848116968454,51.72383216737276,51.7884635925293,7427000
2020-08-26,52.01928493792101,53.081092834472656,51.760759268005025,53.081092834472656,11597600
2020-08-27,53.04416643587956,53.967476544346916,52.24088762771455,52.79487228393555,15834700
2020-08-28,52.933368968925876,53.69971450948237,52.82256922255869,53.44118881225586,8613800
2020-08-31,52.74870432249489,53.33038712003076,52.66560627682572,52.83180236816406,18683500
2020-09-01,52.970291633364944,53.56120944661266,52.70253442071382,53.23805236816406,10169500
2020-09-02,53.29345309020572,54.77074764706011,53.29345309020572,54.502986907958984,14342800
2020-09-03,54.216769360906675,54.46606350671046,52.30551776522614,52.721004486083984,15387400
2020-09-04,52.51788183252641,52.87797222415257,50.92978726212522,51.45607376098633,14697200
2020-09-08,51.10521282445746,51.51147152420902,50.66202439739546,51.0775146484375,16472800
2020-09-09,51.85309230185392,52.997998314366235,51.57609999109801,52.5825080871582,13993200
2020-09-10,53.03492218922695,53.718173101059925,52.39783959255069,52.9333610534668,20500900
2020-09-11,56.05414897645109,57.115956880039896,52.50863845316385,52.62866973876953,40220600
2020-09-14,56.19265621647486,56.78357414813113,54.79845591945893,54.900020599365234,50107400
2020-09-15,55.40782767337811,56.94975709700658,54.8353764996339,56.26650619506836,30385600
2020-09-16,56.43270255532488,56.68199666182118,55.07543933837558,55.79561996459961,21223300
2020-09-17,54.86307510420687,55.9618161901866,54.47528661890667,55.56479263305664,22831200
2020-09-18,55.38013891370872,55.66636631029627,54.872319067371464,55.16777801513672,49311700
2020-09-21,57.66994383342005,57.799206674535675,55.426300170775185,56.15571594238281,32560400
2020-09-22,55.74946163821523,56.091085369490436,54.90001456324245,55.97105407714844,13306000
2020-09-23,55.50016235691726,55.85102112853679,54.38295814866462,54.4383544921875,15513500
2020-09-24,54.23523363226314,55.30627314435168,53.819743407283035,54.75228500366211,9560500
2020-09-25,54.724582691931886,55.389367001639094,54.43835533144172,55.21393585205078,9371900
2020-09-28,55.42629752950919,55.89718759644593,54.90924618968607,55.01081085205078,9356300
2020-09-29,55.010816840168424,55.546334860727946,54.8446207422348,54.90925216674805,6340600
2020-09-30,54.95542025564567,55.75869909563186,54.81692232502967,55.12161636352539,11001500
2020-10-01,55.555565564053616,55.64789868491236,54.89078470461275,55.103145599365234,7357700
2020-10-02,54.207529121746944,54.955411487886174,54.022866417770175,54.318328857421875,7329800
2020-10-05,54.88154797559765,55.0939088639429,54.5583908677132,54.992347717285156,6899200
2020-10-06,54.94617462158203,55.88795121118238,54.853845033682155,54.94617462158203,9743600
2020-10-07,55.40970027525037,56.457266278520244,55.289182956117706,56.16987991333008,8690900
2020-10-08,56.35529458606929,56.828087894434965,56.206966926933944,56.447998046875,7202800
2020-10-09,56.689029693603516,56.90225047126503,56.420184720565466,56.689029693603516,7355700
2020-10-12,56.7724730143759,57.319431976218176,56.61487287126336,56.97642135620117,8275000
2020-10-13,57.07838737403599,57.27306674956197,56.43872505313201,56.522159576416016,8896300
2020-10-14,56.87443830176659,57.04130735646327,56.41091393570033,56.51288986206055,6651100
2020-10-15,55.873233519578186,56.30894760219604,55.69709551463575,56.10499572753906,6251600
2020-10-16,56.28113202395435,56.651952959998994,55.863959355006756,55.89177322387695,6070800
2020-10-19,55.984465371109074,56.318203438794164,55.05741675483263,55.27063751220703,8311000
2020-10-20,55.54876328805835,55.928856697099114,55.27992181942523,55.39116668701172,9241200
2020-10-21,55.01106948417771,55.73416633175335,54.89982463141456,55.316993713378906,10114900
2020-10-22,55.103778574949814,55.5024098359021,54.408491985346124,55.335540771484375,11900600
2020-10-23,55.53022384643555,55.771254975428064,55.35408231331555,55.53022384643555,9739300
2020-10-26,53.861528695034984,54.2138081954131,52.406062501664316,53.2960319519043,18876900
2020-10-27,53.435084318537214,53.75028100511304,52.86031513822013,52.91593933105469,10806500
2020-10-28,52.16502698966285,52.470951199539854,51.479009445401566,51.53463363647461,13910600
2020-10-29,51.17309359529594,52.61928743535016,51.117469395135984,51.93327331542969,13573700
2020-10-30,51.68296645228399,52.50803925224369,51.40485254188558,52.01670455932617,12602300
2020-11-02,52.32262908259711,53.277491679885784,52.0259737717143,52.33190155029297,11413200
2020-11-03,52.84178636902536,53.30531081085891,52.44315506613563,52.656375885009766,8911200
2020-11-04,53.76882624625089,53.852260773261825,52.23919442985379,52.36898422241211,12054900
2020-11-05,53.268219085996954,53.4443606076984,52.30408755970672,52.526580810546875,9017100
2020-11-06,52.62856555015122,52.82324496698271,52.05379623247264,52.656375885009766,7510400
2020-11-09,53.9449653217817,54.770041677302814,52.62855779834883,52.693450927734375,11486600
2020-11-10,52.75834760991174,53.064275414539594,52.1001438038713,52.53585433959961,9015900
2020-11-11,52.897397287429236,53.42581473546918,52.65636265783315,53.027183532714844,7724400
2020-11-12,53.0828087587856,53.29603307886724,52.00743237273284,52.33190155029297,7324000
2020-11-13,52.730536225536824,52.92521562292035,52.42460842701087,52.75834655761719,5870300
2020-11-16,52.86031383294628,53.407272671545094,52.73052758928045,52.980831146240234,6309200
2020-11-17,52.841777146743965,53.203325582448684,52.66563916269583,52.95302200317383,5569700
2020-11-18,52.953031171263305,53.11063132020128,52.13723070098605,52.14649963378906,8998800
2020-11-19,51.99816344144724,52.35971188056003,51.50682874587451,52.33190155029297,9643100
2020-11-20,52.24847164271608,52.32263370878882,51.61807816725027,51.636619567871094,8395800
2020-11-23,51.77567489151379,52.4431511698147,51.701512825264004,51.98889923095703,8235900
2020-11-24,52.47095885944203,53.67612508708992,52.24846913548978,53.37019729614258,10427200
2020-11-25,53.50924914724114,53.54632840552633,53.08280408106696,53.22186279296875,6848900
2020-11-27,53.21259494845383,53.64830541757878,52.98083278149438,53.546329498291016,5627000
2020-11-30,53.407278528243346,53.954237426822246,53.02718868593668,53.509254455566406,26676900
2020-12-01,53.954234472365385,54.95544521876358,53.7780929579398,54.45484161376953,11855300
2020-12-02,54.03767305054707,54.94618041066526,53.89861432203077,54.770042419433594,9330400
2020-12-03,54.899822895763634,55.6043783228693,54.751495251298756,54.94617462158203,9783900
2020-12-04,54.983262567659224,56.132801035848836,54.94617976896657,55.58584213256836,10872700
2020-12-07,55.58584674415236,55.80834001835672,55.279922470583315,55.43751907348633,14922900
2020-12-08,54.686603144066716,55.35407578835675,53.97277523668691,54.72368240356445,15237800
2020-12-09,54.59389104044173,55.539481029055985,54.5104565256696,55.37261199951172,12204100
2020-12-10,55.16866039336827,55.44677780130327,54.732949957995615,55.14085006713867,14219900
2020-12-11,56.49435122908439,56.54997542884347,55.08523666288166,56.18842697143555,16209900
2020-12-14,56.39238080104704,57.161829474294436,56.26259099708226,56.327484130859375,16193600
2020-12-15,56.63340866654622,57.65316088396111,56.45727067594848,57.34723663330078,15506700
2020-12-16,57.35650480294377,58.58020886215059,57.33796340369393,58.20011901855469,16119900
2020-12-17,58.39479716117256,59.37747002249197,58.15376252707062,58.969566345214844,15320500
2020-12-18,58.84905418267823,60.56409649077266,58.80270245249413,60.31378936767578,33728700
2020-12-21,59.229141556251065,60.4343077091967,59.21987262516525,59.77610397338867,18210200
2020-12-22,59.85027335398417,61.18522600280279,59.72975954595202,60.39723587036133,17136000
2020-12-23,60.49920641450498,61.370627473329755,60.39723048110724,60.53628921508789,13075200
2020-12-24,60.30452647819643,60.805126599548224,60.05421934469958,60.22108840942383,3796500
2020-12-28,60.638260511183944,60.897833022592515,60.02640495758906,60.13765335083008,6463500
2020-12-29,60.48993394229616,60.508471806175926,59.535074814015495,59.757564544677734,7770200
2020-12-30,60.072763367910476,60.17473929884827,59.655587176031986,59.701942443847656,6192000
2020-12-31,59.646302939201156,60.04493411617185,59.340382279569255,59.97077560424805,6928600
2021-01-04,59.970785690223174,59.98005108525977,58.56166763439153,59.09935760498047,11249900
2021-01-05,59.03446537522112,59.13644130474266,57.922006154893026,58.36698913574219,11005700
2021-01-06,57.94822359401478,58.953265605784495,57.61320840677732,58.22740173339844,8685400
2021-01-07,58.487955737349765,59.316189138871714,58.487955737349765,58.69268798828125,7382800
2021-01-08,58.79507357547545,59.13008880609586,58.54381215251014,58.98119354248047,7751700
2021-01-11,58.58102976862558,59.15799840158928,58.47866362166016,58.65547561645508,6284700
2021-01-12,58.62754644189327,58.64615878739167,57.86445802616875,58.087799072265625,7758200
2021-01-13,57.99474577033473,58.24600713077371,57.66903857158544,57.75279235839844,8298000
2021-01-14,57.76210362315882,57.85516181959412,57.24096849327023,57.32472229003906,10258600
2021-01-15,57.324718065778626,57.69695792397477,56.961786156505696,57.492225646972656,7532600
2021-01-19,57.790016378208946,57.966831909135934,56.859420278399185,57.03623580932617,8903400
2021-01-20,57.110679136283494,57.72487239311221,56.90595041730209,57.28749465942383,7025000
2021-01-21,57.371248903903265,57.5573652771982,56.691910651596146,56.96178436279297,6943600
2021-01-22,56.7105279158303,56.90595580464159,55.59381537947042,56.17078399658203,9896700
2021-01-25,56.18939888193209,56.71983842563012,55.62173463869037,56.673309326171875,8524700
2021-01-26,56.82220597550139,57.73418983715273,56.61747367290562,57.51084518432617,8186500
2021-01-27,57.138598868904914,58.79505870131253,57.11067857345451,58.20878219604492,14789000
2021-01-28,58.20878314435866,58.85089670104592,56.9245595809264,56.971092224121094,11166400
2021-01-29,56.915258508110796,57.23166133063558,56.031191484884836,56.235923767089844,11451800
2021-02-01,56.69190737810222,57.70625717373519,56.524403361797226,57.24095916748047,10553500
2021-02-02,57.585284944897104,58.55310214527569,57.510835556437556,58.04127502441406,10528000
2021-02-03,57.86446770879917,58.39490721946665,57.678347772613165,57.855159759521484,9933500
2021-02-04,58.1436409425963,58.990483208495796,57.92960427648348,58.9532585144043,9928700
2021-02-05,59.09285108321211,59.623290564845554,58.888118809619435,59.185909271240234,9170200
2021-02-08,59.362721198956116,59.43716703487614,58.47865426652497,58.729915618896484,7003400
2021-02-09,58.70200455729651,59.41856044090993,58.5438013719944,59.25105285644531,5437400
2021-02-10,59.4092541814799,59.46509122453384,58.56241188651129,58.878814697265625,9577500
2021-02-11,59.148690456145665,59.53023472199958,57.957525012794406,58.3483772277832,7690800
2021-02-12,57.99475599507592,58.73923225914475,57.98545159487505,58.70201110839844,6663400
2021-02-16,58.72992320035541,58.869510491953086,57.790019107195235,57.82724380493164,7526000
2021-02-17,57.53876250181127,57.83655299018054,57.10138116891899,57.78071594238281,6244500
2021-02-18,57.52014679328545,57.89238310703658,57.380555956914755,57.76210021972656,6262400
2021-02-19,57.93890769671927,58.03196943037665,56.84080763909942,56.88733673095703,10905100
2021-02-22,58.487961170537076,60.46082738109995,57.95752169834164,59.97691345214844,20940300
2021-02-23,59.9489995515066,60.69347927758882,59.60468353559859,60.0234489440918,18175400
2021-02-24,60.01413227735482,60.62832902713674,59.63259162057705,60.209556579589844,10609300
2021-02-25,60.15373601017564,61.754362562531774,60.09790251180031,60.7679328918457,15356100
2021-02-26,60.99126190771873,61.67990095089621,60.023441228177546,60.03274917602539,20512600
2021-03-01,60.4422129895932,62.098679987778006,60.2747054099963,61.57754135131836,11758900
2021-03-02,61.55894418063673,62.74079830999054,61.419353321292945,62.03355026245117,13282000
2021-03-03,61.652004061446554,62.85247412459163,61.605471407106066,62.26620101928711,15827600
2021-03-04,62.05214930336064,62.63842230052445,60.77723006838992,61.05641174316406,19951100
2021-03-05,62.63843342086656,66.74236642924842,62.63843342086656,65.11382293701172,34211500
2021-03-08,65.57910765632231,67.87768113663822,65.23478454675907,67.15181732177734,23300500
2021-03-09,67.37516963111311,68.13825826884602,67.00292971273187,67.5985107421875,17296400
2021-03-10,68.39880579668935,68.51047987231564,66.5376138022216,67.11458587646484,21378600
2021-03-11,62.95483600948383,63.373601470568374,60.888911255043794,62.73149490356445,38095400
2021-03-12,62.312705433607746,63.159551176078416,61.838099499916666,62.49882888793945,11606300
2021-03-15,62.30340687011442,63.07580334719145,62.25688132443664,63.02927780151367,8919600
2021-03-16,63.28053312863502,63.34567456991911,62.052146593074546,62.21034622192383,14512500
2021-03-17,62.16382045433829,62.21034599801112,61.56823953620322,61.62407302856445,11892400
2021-03-18,61.856724808768114,62.35924756211288,61.50309374166352,62.10798263549805,13750300
2021-03-19,62.154515464878486,62.191740161519796,61.38211898431229,61.66130065917969,30963600
2021-03-22,61.62406676119891,61.9032412944967,61.289051641334474,61.717124938964844,10263700
2021-03-23,61.72642950207559,63.22468951157006,61.72642950207559,62.6011848449707,12390100
2021-03-24,62.45228857403022,62.73147017127459,62.107965550746556,62.19172286987305,11391100
2021-03-25,62.312719733739605,63.95987895813327,62.12660333657991,63.86681365966797,14844700
2021-03-26,63.810987590643116,65.48606375966791,63.54111381341767,65.3743896484375,12617000
2021-03-29,65.33715162789964,67.31001792488308,65.29992693174319,66.19329833984375,15183700
2021-03-30,65.91413791163932,66.11887023448668,65.09520862024988,65.65357208251953,12000200
2021-03-31,65.79314155577345,66.16538141646173,65.0579768832672,65.2999267578125,9971700
2021-04-01,65.56980739001249,66.84472673977682,65.44883243998973,66.82611083984375,13228700
2021-04-05,67.17974014630876,69.70165492861364,67.05875809963015,69.01301574707031,25010200
2021-04-06,68.51048224849825,69.46899502291225,68.08240892690968,69.12467193603516,14699800
2021-04-07,68.7882195385325,69.33030233900115,68.64802472729346,69.22749328613281,12356800
2021-04-08,69.4143973692694,70.59202350261587,69.30224725316188,70.35836791992188,13507700
2021-04-09,70.42381995459539,70.7415953847324,70.00324258624933,70.63878631591797,13285700
2021-04-12,70.33033149778178,71.20887878433096,70.28359752826647,71.1434555053711,10634900
2021-04-13,71.18085648594122,71.97528422347274,70.93785262754899,71.65750885009766,13142400
2021-04-14,72.00332471334151,72.30240365494048,71.50797588481241,71.7977066040039,12730700
2021-04-15,71.96593639585613,73.41460420152089,71.8070522735999,73.17160034179688,13604200
2021-04-16,73.190286681415,74.15294672851614,72.76970940297792,73.78844451904297,13334100
2021-04-19,73.65761469353642,74.96608793497869,73.2183408717817,73.6015396118164,19967200
2021-04-20,73.55478179596072,74.22771108103393,73.50805495319926,74.05947875976562,12562300
2021-04-21,73.6389218427765,74.15296003862214,71.52667258854929,71.64817810058594,18672800
2021-04-22,71.13411911352442,71.47993200587273,69.86303194185967,69.97518920898438,16769300
2021-04-23,69.43309815268691,70.09667919337853,69.02186201962614,70.06864166259766,10664700
2021-04-26,70.06866836247828,70.13409166943107,69.34900485539197,69.62939453125,9402200
2021-04-27,69.52659136121841,70.4985999546104,69.36770719235982,70.30233001708984,9300200
2021-04-28,70.2462231641594,70.34902506823506,69.77891196311184,69.8817138671875,6107800
2021-04-29,70.45183517979055,70.9378428294465,69.76021658823741,70.90980529785156,7940400
2021-04-30,70.62007853401933,70.9565432269358,70.2742727495138,70.83504486083984,7825300
2021-05-03,71.29300416564165,72.41455545983835,71.10608251524414,72.27436065673828,15319600
2021-05-04,72.03135653261586,73.55478865630924,71.90050995171478,73.39590454101562,15316500
2021-05-05,73.80713826150787,74.61091416339501,73.29309304613693,74.01275634765625,12271900
2021-05-06,74.00343085490962,74.73243547107704,73.42396217330193,74.52681732177734,14089700
2021-05-07,74.59221528803793,75.27449281249724,73.44263367021365,75.14364624023438,14073400
2021-05-10,73.6202123979231,75.44273058124936,73.4613282816558,74.90999603271484,17356700
2021-05-11,74.53613682885096,74.67633161577818,72.19958081540736,72.6108169555664,12980400
2021-05-12,72.49866708172318,73.07813559907582,71.52665882548833,71.7322769165039,12302600
2021-05-13,72.4612898544063,73.31179985268953,71.85378373143324,73.03141021728516,11399300
2021-05-14,73.0127122815606,73.88191149195788,73.0127122815606,73.73236846923828,9033400
2021-05-17,73.7230290849353,74.33053520899955,73.69499154746543,73.90995788574219,6637900
2021-05-18,73.82583078056533,74.27445272715912,73.26505869527605,73.54544830322266,6643100
2021-05-19,72.72297153980985,73.62020824831605,72.479974833546,73.59217071533203,8165000
2021-05-20,73.78844551579294,74.13425841715076,73.53610057144274,73.573486328125,8802700
2021-05-21,74.0127556031815,74.62960272481831,73.81648574036055,73.86321258544922,8629000
2021-05-24,74.29315482939856,74.65765710411466,73.96603831755144,74.19034576416016,7044700
2021-05-25,74.40528140919957,74.47070468456728,73.50804486247011,73.67627716064453,7160600
2021-05-26,73.45199106616474,74.18100272709454,73.41461243488062,74.07819366455078,12851100
2021-05-27,74.30249074894898,74.81653599001979,73.68563645966402,73.81649017333984,12867800
2021-05-28,73.78844057682367,74.17163920921465,73.52674742816815,73.59217071533203,6929700
2021-06-01,74.37726814443486,74.61092379419954,73.34918471159122,74.367919921875,10485300
2021-06-02,74.48941356986207,75.63900243128255,74.31184013611075,75.02214813232422,12249300
2021-06-03,74.58286429023656,76.13433363980539,74.4426695155484,75.78852081298828,12038700
2021-06-04,76.09696703970772,78.47090919515514,76.05024019012193,77.47086334228516,14502900
2021-06-07,77.5176021146994,78.74195546084304,77.43348237127783,78.45222473144531,10445600
2021-06-08,78.53632454687157,79.47094701132198,78.50828701383462,79.07840728759766,10726800
2021-06-09,79.06905709012813,79.28402338904439,78.53632258393073,78.9942855834961,9720300
2021-06-10,78.6578397932269,78.93822228899877,76.3680101927657,76.91944122314453,16680800
2021-06-11,76.62035833225048,77.79797758886485,76.48950461757816,77.48020935058594,11066500
2021-06-14,77.57365980713756,77.66712062174842,76.76053574575647,77.218505859375,10173200
2021-06-15,76.63902347487337,77.11568281256608,76.03151759437901,76.30255889892578,17298000
2021-06-16,72.89120557284332,73.4145990129972,70.9378480028408,72.04070281982422,36560600
2021-06-17,71.95656916101397,72.65753588874728,71.55468128522278,72.48930358886719,14836100
2021-06-18,71.87247992034693,71.88182814298828,71.00328061042013,71.24628448486328,22521200
2021-06-21,71.60142838540783,72.99401387669015,71.5453533186969,72.89120483398438,8924300
2021-06-22,72.9566261793974,74.012754111689,72.58278290380741,73.53609466552734,9845800
2021-06-23,73.61088054432335,73.71368960436357,72.95664042310334,72.99402618408203,7295900
2021-06-24,73.5080491274047,73.79777977361438,72.53604102940135,72.65753936767578,9624000
2021-06-25,72.92860209936919,73.47068493181331,72.48932832585773,73.33049011230469,12845000
2021-06-28,73.35851829451032,73.80714023360318,73.2089824018819,73.36786651611328,5605400
2021-06-29,73.4052624242429,73.45198927751268,72.73233298783595,72.99402618408203,5392900
2021-06-30,72.51735147080664,73.09681994881711,72.50801038047017,72.75100708007812,7899800
2021-07-01,72.8818729338022,74.41465341575179,72.81644963752159,74.33988189697266,13108000
2021-07-02,74.25575953193385,76.882053774068,74.16229870206455,76.47081756591797,15258100
2021-07-06,76.2651781024917,78.16246022682921,76.0408707475056,77.64842224121094,14200400
2021-07-07,77.73256580556458,81.47105648811404,77.53629590040335,80.46166229248047,20976600
2021-07-08,79.46160443192082,81.20935113155122,79.12514688098526,79.99433898925781,16383300
2021-07-09,80.26537378963225,82.62062636705939,80.17191297034464,82.02246856689453,15685300
2021-07-12,81.80750966317738,83.0412111289115,81.28412332335203,81.38693237304688,16076800
2021-07-13,81.03178104601149,82.18137004500998,80.87289690657579,81.37759399414062,12789300
2021-07-14,81.68715432179803,83.1786824969622,81.29316655744232,82.81283569335938,13330500
2021-07-15,82.64396543277034,83.27247061407975,80.21436757207901,80.89915466308594,18306300
2021-07-16,81.37759212151849,83.0004567618574,81.16183282045657,82.07176208496094,14617500
2021-07-19,81.52768101718524,82.42822751169425,80.85226935707666,81.59334564208984,15619900
2021-07-20,81.70591707161181,83.53515834716691,81.63086973420373,83.1693115234375,12813900
2021-07-21,83.3850392067982,84.66081494078522,82.98166883271546,84.135498046875,13108100
2021-07-22,84.42629209248486,85.49569121977056,84.12611000687669,85.07356262207031,13638900
2021-07-23,85.35500383143454,85.55199771076838,81.72467680857063,82.2593765258789,12680900
2021-07-26,82.0248431887661,82.64396566791882,81.30252528003078,82.41883087158203,10454100
2021-07-27,82.32504804706798,83.11302363039648,81.72468365303442,82.3625717163086,8465200
2021-07-28,82.45636407773289,82.50326328907582,81.72467053723896,81.78095245361328,6396800
2021-07-29,82.24999322453705,82.79407564365688,81.92167009469145,82.20308685302734,6201400
2021-07-30,81.99670638290203,82.69087621492766,81.49014769783258,81.74342346191406,7962800
2021-08-02,82.29690335472826,82.4845145355208,81.69653183099499,82.1749496459961,5579100
2021-08-03,82.43759271379497,84.58577396878607,82.37192809713177,84.18240356445312,9889800
2021-08-04,84.22932057950409,84.51073733354103,83.75090279366175,84.47322082519531,7509900
2021-08-05,84.59517715249848,84.91411760867197,83.26311908805359,83.8916244506836,8231300
2021-08-06,83.71336997125017,84.31373423581236,83.31938226455121,83.97602844238281,6513900
2021-08-09,83.91975113408525,84.86720394858082,83.58204532212459,84.33250427246094,5798700
2021-08-10,83.58203388069798,84.53886926924233,83.42256370157591,84.08859252929688,5473300
2021-08-11,84.33252188191351,84.82031529165327,83.96667503538156,84.07923889160156,8009800
2021-08-12,83.59144629400919,84.40757004407573,83.17869306543642,84.24809265136719,5687200
2021-08-13,85.00791786336084,85.68332234600324,84.37940543622568,84.78277587890625,6640400
2021-08-16,84.29497213789475,85.21427674491747,83.99479001930888,85.19551849365234,7122800
2021-08-17,85.35500566153145,86.09608197981434,84.77340671681125,85.3174819946289,6738500
2021-08-18,84.88595772909397,85.4112818294129,83.35690610771499,83.43195343017578,7666300
2021-08-19,82.82223681843382,83.85411283133293,82.76595488441126,83.21622467041016,8099400
2021-08-20,83.3006241943227,83.86346479896542,82.83158916430264,83.43195343017578,8716400
2021-08-23,83.94788853531757,84.02293585855278,83.21619502604096,83.6008071899414,7147300
2021-08-24,83.68523123673619,84.09798436342263,82.99106137932361,83.06610870361328,6320100
2021-08-25,83.06609503483322,83.39441807844054,82.59706007056405,83.13175964355469,5748500
2021-08-26,83.3100088167845,83.65709735329354,82.98168569138805,83.2255859375,9093200
2021-08-27,83.2912570550971,83.97604431903041,83.12240412645872,83.81657409667969,5426800
2021-08-30,83.91975257823695,84.4075530514221,83.76966507973106,83.91036987304688,5357000
2021-08-31,83.9103658553663,83.95727222216372,83.00981943672832,83.61018371582031,8113300
2021-09-01,83.73213866195874,84.5857787265962,83.366291897556,84.37940216064453,8208000
2021-09-02,84.58577457490881,84.89533940864207,83.87284649085863,84.23869323730469,7717400
2021-09-03,83.80718556004577,84.87659213829708,83.76966905132092,84.42631530761719,8456900
2021-09-07,84.46383826535762,85.05481989107125,83.05673302202362,83.2255859375,11046000
2021-09-08,82.68151818772486,84.05110000860998,82.52204794952581,83.92915344238281,8851200
2021-09-09,84.05108630265,85.20491576768103,83.87285783598251,83.99480438232422,11034700
2021-09-10,84.09800344541252,84.94226814296962,83.96667417656012,84.12614440917969,10547400
2021-09-13,84.53887724722253,84.90472400180701,82.76592538826495,83.38504791259766,18883400
2021-09-14,80.85226767992408,81.56519583355472,79.48268613396142,81.03987884521484,22714200
2021-09-15,81.18998234523232,82.88788719382326,80.83351107268714,82.29690551757812,14951100
2021-09-16,82.24059872225028,82.52202259712615,80.85225907035898,81.84661102294922,12410500
2021-09-17,80.87102593369029,82.14680189700758,80.62712569328654,81.03987884521484,58069000
2021-09-20,79.76411184501714,81.99672361015531,79.6703062518308,80.83351135253906,13897700
2021-09-21,81.36819544185153,82.23122534098208,80.78659658191684,81.53704833984375,11124400
2021-09-22,82.1937190715066,83.48825345876227,81.83724779092438,82.96293640136719,9908000
2021-09-23,83.43196299345252,84.48259700070471,83.16930449163947,83.88223266601562,9720200
2021-09-24,83.74152838443308,84.48260474355827,83.43197064001518,84.37004089355469,7617800
2021-09-27,84.21993845999152,85.65518467059806,83.62895683118514,85.40190887451172,11533000
2021-09-28,85.02668303183684,86.55573489351373,84.47322504474974,84.88597106933594,15041800
2021-09-29,85.50508663813163,86.37749207243068,85.36437469900471,85.59889221191406,12007300
2021-09-30,85.59889840488471,85.90846326197924,81.72467138781317,81.73404693603516,15649900
2021-10-01,82.32502888917602,84.679579541604,82.17493424714218,84.18240356445312,13320900
2021-10-04,83.93853910023162,84.82970308093736,83.4507385043584,83.73216247558594,10853900
2021-10-05,83.81657355579505,86.27432013302506,83.6477206282463,85.82404327392578,9788600
2021-10-06,84.8202963215528,85.83341374239943,84.09798549702191,85.68331909179688,10268300
2021-10-07,86.03040584551731,87.12794611721839,85.97412393114496,86.59324645996094,9124400
2021-10-08,86.96037307756603,89.4454925695985,86.70621623075063,88.85245513916016,13202300
2021-10-11,88.75833539679219,91.12108446128522,88.67361164838016,89.69966888427734,12959300
2021-10-12,90.20798264591555,90.85749781693117,89.6714228880484,89.9632339477539,9964100
2021-10-13,90.46213447275325,91.29992058873042,90.32093303237207,90.74453735351562,9453900
2021-10-14,91.1210696427361,91.6387986675746,88.8336293528696,89.69023895263672,7911200
2021-10-15,89.51137952592383,90.40565046477253,89.17250614716576,89.7373046875,7422800
2021-10-18,89.89734235253019,90.97987723083247,89.5208075450593,90.84809112548828,7344100
2021-10-19,91.30933650519955,91.57290869860022,90.66922952902497,91.36581420898438,5616500
2021-10-20,91.56349643951044,92.22243412702038,90.60333953379536,90.970458984375,6574100
2021-10-21,90.9045703830228,91.1493190893228,90.09502304678794,90.6504135131836,6224400
2021-10-22,90.64098758830063,92.50482356772076,90.57509454219596,92.48600006103516,6819600
2021-10-25,92.66485381062716,93.14492863029515,91.82706773496744,92.1471176147461,5083100
2021-10-26,92.53307182842664,92.77781333024917,91.25285788887973,91.29051208496094,7089700
2021-10-27,91.13048678788748,91.59174533810851,90.36800901004256,90.39624786376953,5941200
2021-10-28,90.9798844092385,91.96828027730542,90.30212313867564,90.58452606201172,5177200
2021-10-29,90.170321999358,91.2810956339764,89.8596802718063,90.3115234375,7578600
2021-11-01,90.36800310414026,90.39624195602173,88.40061981715962,88.8430404663086,7327600
2021-11-02,88.23116815903464,90.2926830806782,88.01465835282593,90.24562072753906,6229600
2021-11-03,90.83865862153705,91.18695450947276,89.19132543409985,90.50919342041016,5746400
2021-11-04,90.58450481084817,90.94220887225897,89.72788807768148,90.01969909667969,5857500
2021-11-05,90.55625950646396,90.88573190297411,88.57946103641824,89.37959289550781,6160200
2021-11-08,89.6620036663435,89.6620036663435,88.77714799865069,89.55845642089844,5056400
2021-11-09,89.53022311348175,90.00088982854292,88.54182013913163,89.04072570800781,6102600
2021-11-10,88.57948190004322,89.28548203290511,87.88289711319149,88.32532501220703,5828800
2021-11-11,88.58888804673626,89.20075620137274,88.29707698696667,88.52299499511719,3620600
2021-11-12,88.75833009049647,88.92777039538622,87.94878276511254,88.05233001708984,6435300
2021-11-15,88.31589422356413,88.72066784956638,87.46869277590784,88.50415802001953,5700900
2021-11-16,88.61712379248567,90.7163003892594,88.50416120146969,90.00088500976562,7392900
2021-11-17,90.14207829140344,90.49978235786106,89.25722269640451,89.7373046875,6257600
2021-11-18,89.56787213174948,89.73731242664296,88.0146706255265,89.10662078857422,5725300
2021-11-19,89.24781651584287,91.27168474315548,88.42886106190518,88.45709991455078,8936600
2021-11-22,88.23119179159146,90.0573738912706,87.92996535996775,89.05956268310547,6488200
2021-11-23,88.63596153304496,88.75833229669429,86.84742653293112,87.48753356933594,8905500
2021-11-24,86.81918242858605,88.20293649046941,86.74387403313823,88.08998107910156,10908500
2021-11-26,87.44045922681875,88.56064827452363,86.6685661236601,86.91331481933594,4519300
2021-11-29,87.7040362420851,88.60771549669113,87.42164051478564,87.48753356933594,9552500
2021-11-30,87.56281111805677,88.03347771813229,85.29420184023,85.41657257080078,23271200
2021-12-01,86.31085384401563,86.96978429098118,84.39994836601228,84.48466491699219,12084900
2021-12-02,84.15521089541987,85.6989971610641,83.7786760834033,84.7105941772461,7089800
2021-12-03,85.0494849369469,85.46367399776155,82.57378028208903,83.06327056884766,10808600
2021-12-06,83.1573850987265,83.93869350668325,82.696133765874,83.7221908569336,8398500
2021-12-07,84.70116628804985,85.40716620298697,83.97633568690499,84.76705932617188,6803700
2021-12-08,84.76707145509177,84.88002686129036,82.75261865077684,83.7221908569336,7695800
2021-12-09,83.89162908871373,84.71058449076442,83.06325116063972,83.5621566772461,8615800
2021-12-10,98.17165611784345,100.10138517988854,94.2274670757527,96.60903930664062,45824600
2021-12-13,96.43018458542848,98.23754277971378,94.62281920934012,94.97111511230469,16317600
2021-12-14,94.13334003422649,95.50768593690972,93.5591260854734,94.02979278564453,9511600
2021-12-15,94.67930564609838,97.67274584660815,94.35924858750388,97.56919860839844,14452200
2021-12-16,97.85160571214324,97.89867525566085,96.27958063119011,97.16443634033203,9053200
2021-12-17,91.95884059457765,94.08624840914291,90.18912962093655,90.95161437988281,28872300
2021-12-20,90.76336653918452,90.76336653918452,86.15083134957952,86.2637939453125,17205400
2021-12-21,86.42382181255965,86.45206066699261,84.44702300240544,86.14142608642578,15823000
2021-12-22,85.91547953123208,86.47086986364187,84.2587382406797,84.58820343017578,10539000
2021-12-23,84.74825487695935,85.05889665933509,83.83516022186963,84.4564437866211,9655400
2021-12-27,84.43760454611042,85.0306491945705,83.79749753593073,84.28699493408203,7666200
2021-12-28,84.43761464598555,84.53175374429311,83.3268407949221,83.44921875,5610500
2021-12-29,83.30799881610754,83.95752110505424,82.57375997563038,83.0350112915039,5628500
2021-12-30,83.449193423598,83.69394207766894,82.62081557345107,82.84674072265625,7382400
2021-12-31,82.88440509115098,82.93146744999525,82.06544248378194,82.09368133544922,5908200
2022-01-03,82.2066500716521,82.78086403784067,80.72875687551205,82.74320983886719,10644400
2022-01-04,82.74321083697072,84.32465130391324,82.58318587575613,83.62805938720703,11959000
2022-01-05,83.2985777842593,83.40212501692838,81.16175445385788,81.3876724243164,11236700
2022-01-06,81.25540605452657,82.59706335469326,80.830235301588,81.57664489746094,7918400
2022-01-07,81.68057340745531,83.14506319947557,81.51995399267402,82.68209838867188,9836800
2022-01-10,82.55927490093208,84.44893563556212,82.15299755464729,84.35445404052734,11025500
2022-01-11,83.74975613376937,84.08989561405544,82.58761891652787,83.59858703613281,7249800
2022-01-12,83.98595336375566,84.58119377671731,82.83325940122616,83.43795013427734,5840300
2022-01-13,83.83479037645834,84.01430322031052,82.71989040479235,82.94664764404297,6044300
2022-01-14,82.65374412765019,83.23953420320973,81.87898369829567,82.85215759277344,6054800
2022-01-18,82.07741410076916,82.17189569292273,80.63181762773422,80.83023834228516,6824700
2022-01-19,81.03810483992748,81.90735433575608,78.63824183106048,78.77996063232422,10501800
2022-01-20,79.2901501900961,80.310568555901,77.96738644277299,78.15635681152344,10836900
2022-01-21,78.76105835110768,78.78940210817778,77.50443225878769,77.68395233154297,11609000
2022-01-24,76.73910858082562,77.8729019165039,75.19903076982528,77.8729019165039,16770400
2022-01-25,76.84305476209221,77.57057096617014,75.77539184390159,76.59739685058594,13469900
2022-01-26,77.39104873030699,77.50442374613492,74.90614057566553,75.19903564453125,13971300
2022-01-27,75.69035866764308,76.6729830804654,74.83055960324229,75.3785629272461,10331900
2022-01-28,75.57697546173473,76.0588409444788,74.23531813411657,76.03994750976562,7854700
2022-01-31,76.04939227390527,77.13594860982636,75.69980966049725,76.68243408203125,10594200
2022-02-01,76.90919315800451,76.90919315800451,75.2557400191404,76.56905364990234,8016900
2022-02-02,76.68243992062511,78.30754217885675,76.38008726776268,77.9485092163086,9287600
2022-02-03,77.12648555769069,78.19414828226232,77.12648555769069,77.41938781738281,8207200
2022-02-04,77.50442893524253,78.33588421888959,76.97532627000035,77.58001708984375,5570200
2022-02-07,77.60836265734937,77.71229457023139,76.21001780700044,76.28559875488281,6292200
2022-02-08,75.86043998534961,76.39899306976636,75.39747506925072,76.33285522460938,6585300
2022-02-09,77.23986851567724,79.03504732960351,77.14538693778266,78.84607696533203,8755900
2022-02-10,78.18469920936728,79.15787316399376,77.11704367624468,77.3343505859375,6336300
2022-02-11,77.32490385067722,77.88235744407042,75.14234828974958,75.35021209716797,7670500
2022-02-14,75.189592761617,75.33131874031703,74.11248685706916,74.59434509277344,5389800
2022-02-15,75.01008478034436,75.5202940606892,74.84001502022942,75.3691177368164,5712800
2022-02-16,75.08566491644163,75.37856000203301,73.9046270442401,74.82111358642578,6227000
2022-02-17,74.41484239402489,74.62270622999583,71.17407391766525,71.363037109375,9247100
2022-02-18,71.33468610059772,71.5520002366102,70.18199200627714,70.45599365234375,7790100
2022-02-22,69.7473707873013,70.7772395380485,69.55840761521998,70.03082275390625,8039000
2022-02-23,69.98358224976974,70.27647734533417,68.3584729289283,68.47185516357422,6807100
2022-02-24,67.02628746556918,70.80561000060464,66.35545858061867,70.68277740478516,11240500
2022-02-25,70.53157835214043,72.591308548916,70.21978264513947,72.13778686523438,8291800
2022-02-28,71.40082164659643,72.46847723318189,70.88116212612229,71.77875518798828,9234400
2022-03-01,71.78822270637524,72.27953138194418,71.44808315848734,71.81656646728516,8752100
2022-03-02,72.23227769159082,74.50932230517125,72.04331450415367,73.96131896972656,8527200
2022-03-03,74.6038044605236,74.67939261946093,73.15821516114441,73.93297576904297,8203000
2022-03-04,73.38498080833489,73.61174531103809,71.59925179833253,72.27008056640625,8841300
2022-03-07,72.08109661012136,72.17557818814583,69.3883319897711,70.21977996826172,11110100
2022-03-08,69.76627452122302,71.07959543247036,69.07655235366278,69.28441619873047,9134100
2022-03-09,70.78668833477771,72.70469279849952,70.56938139028307,71.9015884399414,8959500
2022-03-10,70.95674448075806,72.6101972818805,70.89060665705246,72.42123413085938,13812600
2022-03-11,72.46848269747254,75.49194404810058,69.91744371556808,73.52669525146484,22795800
2022-03-14,73.62117375504737,74.2636586343756,71.27799869525,72.81806945800781,13306200
2022-03-15,73.74399999804297,77.04145537787582,72.81806323025233,76.15331268310547,16847200
2022-03-16,76.53125413564999,76.74856827591589,73.46055566724428,75.54862976074219,14071300
2022-03-17,75.37855220739591,76.80524782786092,74.88724367509717,76.15331268310547,10462400
2022-03-18,75.23683907754307,77.46663930695728,74.49042222707543,77.17374420166016,24176000
2022-03-21,76.79580702202527,77.4571925690981,75.84152638336039,76.49346160888672,8131300
2022-03-22,76.96588616771649,77.69340963750474,76.37064559028585,77.2871322631836,9292300
2022-03-23,76.76747265651173,76.91864898581541,75.7942984641928,75.95491790771484,7451100
2022-03-24,76.20055849698021,78.25083833929364,76.049382202081,77.70283508300781,7025700
2022-03-25,77.51388816412572,78.26974817154733,76.74857783417218,77.22099304199219,5682300
2022-03-28,77.23042336874586,79.09174013272984,77.23042336874586,78.98780822753906,6626700
2022-03-29,79.82871844555397,79.84761909029736,78.52485508913199,79.63975524902344,5762000
2022-03-30,79.32795941966378,79.70589302088739,78.5343053447297,78.76106262207031,5533100
2022-03-31,78.52486552404353,79.28073282757815,78.03354961420058,78.16583251953125,9433300
2022-04-01,78.4587087204288,78.76105412710069,76.97532544261935,77.48553466796875,6147500
2022-04-04,77.71228640621939,79.64919126083126,77.47607884875367,79.43187713623047,7882400
2022-04-05,78.79884069567528,79.85704591395465,78.10911147291898,78.36421966552734,5143400
2022-04-06,77.40049951708008,77.92015908609251,76.88084715655106,77.58946990966797,5492400
2022-04-07,77.06777618496781,77.7886583330922,76.62196758332091,77.34284973144531,7112200
2022-04-08,77.50409724651368,77.61792302848839,76.12873675522877,76.77373504638672,6182500
2022-04-11,76.47968573843612,76.9539489676538,75.59755584262395,75.65447235107422,5738400
2022-04-12,75.83468668620753,76.82115506135258,74.95255679936413,75.2466049194336,6174700
2022-04-13,75.18020546850076,75.8441710624673,74.58262919724866,75.64498138427734,4728600
2022-04-14,75.72088022536767,76.22359816556842,75.23712963302876,75.36043548583984,5590400
2022-04-18,75.07587074182334,75.86314944027497,73.89969995792184,74.19374084472656,4955900
2022-04-19,74.22219252944548,75.67343679739166,74.21270523895342,75.46475982666016,5412400
2022-04-20,75.68293277940612,77.64638240917402,75.68293277940612,76.15719604492188,9472600
2022-04-21,77.29542627618943,77.39976477527713,75.2466126980779,75.3888931274414,5616100
2022-04-22,75.18968165508859,75.59754828088573,72.23977132217107,72.28719329833984,9357100
2022-04-25,72.27771377372967,73.09344711296383,70.85492407553276,73.01757049560547,7305900
2022-04-26,72.42001409610766,72.70457500863395,70.64627374963898,70.67472839355469,7555200
2022-04-27,70.74109967767343,72.10697275397895,70.58933198214947,70.91183471679688,7279200
2022-04-28,71.63271331120404,72.68557823481332,70.76007072629547,72.2208023071289,6177900
2022-04-29,71.46197778448375,71.96470287135094,69.38470982309141,69.62184143066406,7946900
2022-05-02,70.12456717698778,70.76007822003825,68.79662857771649,70.19096374511719,7379900
2022-05-03,70.04867430777217,70.39014439614262,69.06220596766667,69.51750183105469,5211500
2022-05-04,69.60287123893481,71.47146958231724,69.04324408337872,71.33867645263672,6759900
2022-05-05,70.19097882822146,70.8739192395548,68.2844380526967,69.05274963378906,7197200
2022-05-06,68.4172273235337,69.18553886089771,67.94296398006537,68.75869750976562,6222500
2022-05-09,67.95242564847922,68.85352276659334,67.50661711586304,67.85757446289062,7019700
2022-05-10,68.76817622018773,69.83052858217458,67.6014853567252,68.796630859375,8129000
2022-05-11,68.58792210223505,69.6787285983979,67.22204939682041,67.37380981445312,6932100
2022-05-12,67.23155999891883,67.27898922161427,65.41987803155007,67.08928680419922,11698900
2022-05-13,67.30742503149055,68.27492590502828,66.89955843513275,67.5066146850586,6700100
2022-05-16,67.05132406157021,67.26000099796633,65.81823702105562,66.12176513671875,6942100
2022-05-17,67.3928127101423,68.19905881161847,67.06082263599055,68.18008422851562,5952500
2022-05-18,67.15567113242128,67.28846424774214,64.31957202326913,64.78435516357422,7977300
2022-05-19,64.00656828032088,64.4049476540742,63.28568614923208,63.58921432495117,9451600
2022-05-20,64.38595641795227,65.15426756766291,63.40897558121523,65.09735107421875,7531100
2022-05-23,65.7423716415784,66.84266589271462,65.13531523980777,66.43479919433594,7370200
2022-05-24,66.08384783934063,66.89958131099077,64.7938510579722,65.47679138183594,6644100
2022-05-25,65.33450639415791,66.60553573881204,65.23016789434739,66.23561096191406,7103300
2022-05-26,66.52014609771255,68.40771862480364,66.31147639277121,67.97139739990234,6758900
2022-05-27,68.63538066283913,69.10015663879439,67.8670764851012,69.03376007080078,6566700
2022-05-31,68.51208101033198,69.22347597599229,67.83862074122514,68.21803283691406,16890300
2022-06-01,69.2613799547917,69.49851150484282,67.48764059188491,67.91447448730469,5804700
2022-06-02,67.80067117028668,69.42265046775374,67.35486259840677,69.3752212524414,6200400
2022-06-03,68.82506573826903,69.20447770409486,67.56353126416904,68.0947036743164,8169500
2022-06-06,68.89147125327095,70.98771377227418,68.89147125327095,69.21397399902344,5274700
2022-06-07,67.90500230432836,69.36573384598097,67.90500230432836,68.9483871459961,5675700
2022-06-08,68.303394495787,68.43618762530582,67.28847144207445,67.70581817626953,5253500
2022-06-09,67.127209238833,67.49714118759304,65.6380231003779,65.65699768066406,6824900
2022-06-10,64.4808289098588,64.70847322330786,63.51332791350631,63.68406295776367,10256100
2022-06-13,62.394074920710224,62.69760312539227,60.47805086719134,60.75312805175781,16547200
2022-06-14,68.29390861038435,68.70177529849701,65.46729643098071,67.07979583740234,29661300
2022-06-15,66.82369196434054,67.7437638676072,65.13531587807863,66.11229705810547,11765500
2022-06-16,64.9740586147591,65.41037989179942,64.10141606067846,65.17324829101562,10686000
2022-06-17,65.21120365075309,65.79929274706419,63.92120689778169,64.23422241210938,16445600
2022-06-21,65.07840373809915,65.95104638121701,63.921200250333655,64.19627380371094,10047700
2022-06-22,63.484876970904246,64.0919333331936,62.963184517366834,63.105464935302734,8219900
2022-06-23,63.029572849830686,64.37648576215717,62.89677974021398,64.14883422851562,8775800
2022-06-24,64.8128257038952,67.1367130290281,64.471355541642,67.06082916259766,20132600
2022-06-27,65.79929047532536,67.2031057401789,65.39142376256048,66.78575897216797,8840600
2022-06-28,66.93751537037072,67.41177862430183,65.0025204259298,65.0499496459961,7252100
2022-06-29,65.47678690336822,66.48222273546256,65.23965526472836,65.64752197265625,8077900
2022-06-30,64.69900185937661,66.6339970917234,64.69900185937661,66.2735595703125,9888600
2022-07-01,66.25457532259513,67.32641491112338,66.21663339376659,67.22207641601562,7805600
2022-07-05,66.75728059688943,68.29389585892052,66.56757822528729,68.28440856933594,9040400
2022-07-06,68.59742098808896,68.99580029299692,67.63940740913108,67.97139739990234,6043700
2022-07-07,68.1326675415039,68.27494797910522,67.51612380302065,68.1326675415039,7814500
2022-07-08,67.99986583482445,68.5215510581028,67.65839572224677,68.17060089111328,4927300
2022-07-11,67.64658879077028,68.57077574433998,67.55131335895938,68.18966674804688,4543300
2022-07-12,68.21822409713019,68.5421691715502,66.76048943485733,67.08443450927734,7140800
2022-07-13,65.78868751195218,67.19878124308653,65.43616044464412,66.72239685058594,6454800
2022-07-14,65.89348041695197,66.2936414877316,65.00740532076985,66.1697769165039,4915500
2022-07-15,66.94153220245009,67.52272170230505,66.6938103002869,67.39885711669922,5134100
2022-07-18,67.88477845578923,68.3230512409021,66.83673420712373,66.8938980102539,4642300
2022-07-19,67.30356713426566,68.88516635398872,66.94151771641133,68.82799530029297,7160300
2022-07-20,69.12337178418645,69.64739020541926,68.75179257436832,69.1614761352539,5655700
2022-07-21,68.74226947093591,71.10513199323415,68.72321002451876,71.0193862915039,7005100
2022-07-22,71.28615011546513,71.7339525440959,70.75260199746148,71.36237335205078,6659800
2022-07-25,71.55292697602918,71.86734238746955,70.82882073820996,71.32426452636719,5721600
2022-07-26,71.26711387857185,71.74349831019586,70.22859203772573,70.53347778320312,7284400
2022-07-27,70.86693701660373,72.52475987551672,70.80977321769248,72.28656768798828,6677200
2022-07-28,72.06742094360835,73.62996096627828,71.75300554087589,73.40129852294922,5688100
2022-07-29,73.37272067571736,74.46840615025737,73.36319095324703,74.16351318359375,5926600
2022-08-01,73.53468016949552,74.13492176517538,73.07734804727694,73.78240203857422,5227500
2022-08-02,73.35364485529635,73.61089642122778,72.46756985862092,72.7438735961914,6403400
2022-08-03,73.09641242102406,74.08729269513847,72.69625133024168,73.71571350097656,6127800
2022-08-04,73.79191964850826,74.17302851384059,73.46798183785633,73.7442855834961,3656200
2022-08-05,72.66765584096248,73.74428898029659,72.41041152471604,73.69664764404297,4858100
2022-08-08,73.28696596474241,73.77288003246997,72.6676648618031,72.85822296142578,4733500
2022-08-09,72.61048729966784,73.27742961832423,72.2579603339903,73.14403533935547,4243700
2022-08-10,73.92529671729629,74.29688308107217,73.55371762256645,73.8776626586914,5258500
2022-08-11,74.26832117472735,74.31596251985955,73.439417014197,73.51564025878906,5554600
2022-08-12,74.31594348715278,75.66887302145022,73.99200568417177,75.41162872314453,6692300
2022-08-15,75.1162607172416,75.66886815993173,74.7923229350727,75.3735122680664,3733500
2022-08-16,75.17344824304996,75.89755445531397,75.12580690273798,75.76416015625,6185100
2022-08-17,75.26872768462268,76.00235638899026,75.22108634175991,75.50691986083984,5185100
2022-08-18,75.53548152937476,76.10714114538705,75.27823724633548,75.57359313964844,4120500
2022-08-19,75.29730582278489,75.39258123470455,74.7351758041253,74.94478607177734,4679000
2022-08-22,74.24924944597555,74.24924944597555,72.57237485176684,72.84867858886719,5757700
2022-08-23,72.64859420849004,73.37270026478635,72.64859420849004,72.80104064941406,4432300
2022-08-24,72.85822120332513,72.94396689430008,72.4580601073459,72.5723876953125,3876400
2022-08-25,72.73435143755684,73.27743651786264,72.39136142906786,73.25837707519531,3523400
2022-08-26,73.344120696164,73.61089470717967,71.04794517312115,71.1241683959961,4904100
2022-08-29,70.60968222322056,71.32425868026107,70.57157060655935,70.68590545654297,4295500
2022-08-30,70.90504157750605,71.14323374131308,69.9903845407728,70.63826751708984,5099100
2022-08-31,70.943160246633,71.60057301017223,70.54299911623899,70.6478042602539,8612900
2022-09-01,70.61920214446252,71.81016274092107,70.05706496302986,71.74346923828125,8139800
2022-09-02,72.16268807609089,73.1440385213714,70.9622049345686,71.15275573730469,11027700
2022-09-06,71.17181483510936,71.63867670461951,70.07613670919456,70.34291076660156,7090100
2022-09-07,70.20000792322938,71.14324703279435,69.95228599125548,70.97174835205078,5792600
2022-09-08,70.53344932228525,71.26708512162494,70.13328830576175,71.1241683959961,6897100
2022-09-09,71.12418589961476,72.41995193118946,70.92410534211331,72.32467651367188,7762400
2022-09-12,73.01066469087101,73.72524123374974,72.66766736876535,73.43941497802734,15628900
2022-09-13,72.46756901712095,75.65934927358593,72.20079500299119,72.44851684570312,29476500
2022-09-14,72.21035162765627,72.28657487982055,68.38021680046941,68.71369171142578,21601400
2022-09-15,68.12297619822176,68.68510635882541,66.45563062693661,66.9224853515625,12478100
2022-09-16,66.2936552789555,66.50326557936415,65.02647102215705,65.5790786743164,23412000
2022-09-19,64.97882027014346,65.86489542242033,64.70252375310002,65.80773162841797,8364000
2022-09-20,65.04552853602334,65.22655695014528,64.26425834162036,64.8930892944336,8624300
2022-09-21,65.46474269833476,65.62671164808705,63.58778701870823,63.59731674194336,6768200
2022-09-22,63.69258209690123,63.7783350543613,62.73028373567079,62.911312103271484,7190700
2022-09-23,62.2634196935948,62.349172638047946,60.85332275715676,61.5012092590332,9282500
2022-09-26,61.29161206263918,61.85374210509339,60.3960071607784,60.45317459106445,6897800
2022-09-27,61.129643611986,61.35830606589003,59.10977134019675,59.47182083129883,9284800
2022-09-28,59.662367456325015,60.35788808351679,59.30984409942479,60.09111404418945,8549900
2022-09-29,59.34795969679241,59.643315650286056,57.909277009267555,58.499996185302734,8882100
2022-09-30,58.36661359560991,59.20505113582695,58.17606274810443,58.18558883666992,9794400
2022-10-03,58.109353012382,60.25308215945007,57.937854389854685,60.10063934326172,9661400
2022-10-04,60.78663981933613,62.72076267182921,60.78663981933613,62.58737564086914,9892600
2022-10-05,62.25389445030254,64.01652210802541,61.91090445496407,63.492496490478516,9201600
2022-10-06,63.1971557468725,63.65448069657448,62.13958180574427,62.21580505371094,6992000
2022-10-07,61.44404729980991,61.56791187467951,59.7767058213473,60.30072784423828,7137900
2022-10-10,60.60561104831667,60.881914813785365,59.09070883341519,59.61473083496094,6407200
2022-10-11,59.23166509811255,60.42874809244148,59.040134741585824,59.76795959472656,7376900
2022-10-12,59.969063281726605,61.55878920946732,59.538112711783356,61.0799560546875,9008600
2022-10-13,59.83499227273466,62.92825410158597,59.633883218817196,62.439842224121094,10147100
2022-10-14,62.93784145593251,63.790164028073974,61.49176304322769,61.587528228759766,8044500
2022-10-17,63.09104615877239,64.7095043628469,63.08147475746078,64.18278503417969,11368300
2022-10-18,65.12132820442544,65.67677658088543,63.52202675059195,64.19239044189453,6688600
2022-10-19,63.675241608630586,64.34561252215491,62.99529929101566,63.493289947509766,5506000
2022-10-20,64.67120272188787,66.96002454666373,64.34559969375387,66.31838989257812,17600500
2022-10-21,68.02305127629424,69.70854638563793,67.33353021763475,69.62235260009766,15652600
2022-10-24,69.84262467116511,70.5704533250512,68.74130663185164,69.83304595947266,11489400
2022-10-25,70.34057533839604,70.97263850037189,69.53613928469534,70.043701171875,9137700
2022-10-26,69.5361537779022,72.51449669035144,69.47869613535153,71.65259552001953,10693600
2022-10-27,71.5855447494183,72.66770486916776,71.39401444188468,71.96861267089844,7053000
2022-10-28,72.11227745058568,74.39152068185274,72.11227745058568,74.08506774902344,8758100
2022-10-31,73.26147123497391,75.01400230040872,73.16570606719138,74.76500701904297,12349000
2022-11-01,75.27257047477471,75.87590492593975,73.1082425692397,73.84564971923828,7753000
2022-11-02,73.40513169571318,74.15211032554988,71.83455936979628,71.93990325927734,7524300
2022-11-03,71.55683212409272,72.48576966927556,70.9151974116272,71.85370635986328,6761200
2022-11-04,72.72518091005469,73.42427321505966,71.09714382180276,72.78263854980469,7219000
2022-11-07,72.887975411686,73.82648420053903,72.29421973456539,73.49130249023438,5394300
2022-11-08,73.69242203874767,73.874380981643,71.84412570782527,72.43788146972656,9104200
2022-11-09,72.18888616648113,73.29978262930791,71.82497558714873,72.45703887939453,6013700
2022-11-10,74.41066865992133,75.14807580323152,73.46258106779368,73.90310668945312,10437300
2022-11-11,73.86480516321461,74.592633656866,73.3285143291634,74.44898223876953,7712900
2022-11-14,74.19999815122846,76.17278865738055,74.0563467255616,75.2055435180664,7153000
2022-11-15,75.58859400734288,77.26450986951696,74.70754285048197,75.82801055908203,7618500
2022-11-16,75.7705652038552,76.8335754503582,75.52156990389935,76.50796508789062,6011900
2022-11-17,75.8184544018117,76.2111011705268,74.87994533144602,75.84718322753906,5717300
2022-11-18,76.6133183214261,77.05384402500445,75.51200040927253,76.35475158691406,6107000
2022-11-21,76.20151662292932,76.70907865567557,75.55988187611483,76.44093322753906,5235400
2022-11-22,76.5079705902751,78.72975641800232,76.45051294246625,78.64356994628906,8796200
2022-11-23,78.64357312791314,79.40970191988083,78.317962728855,79.06494140625,6347900
2022-11-25,79.3426412504506,79.95554701881032,79.04576707383004,79.21814727783203,2754900
2022-11-28,78.63398659588367,78.66271541809277,77.63801268961903,77.94446563720703,5112200
2022-11-29,77.8870054472611,78.0498069720683,77.11129074089473,77.42732238769531,4928200
2022-11-30,77.06341396733355,79.65868895341222,76.61330960438147,79.5150375366211,9610300
2022-12-01,79.53419995759701,80.95154218282393,78.86382907254966,80.54932403564453,6127200
2022-12-02,79.67784363113071,80.08006908247428,79.08409512378327,79.82149505615234,4798900
2022-12-05,78.9212929871306,78.93086439068854,76.04829373412545,76.06744384765625,9102900
2022-12-06,75.99081857725189,76.44092290214594,74.75542818756843,75.56945037841797,7656100
2022-12-07,75.33962527287892,76.0770326034491,75.25343879098719,75.4449691772461,5105500
2022-12-08,75.78013492938034,76.8144163311501,75.20553658609082,76.68034362792969,5918700
2022-12-09,76.27810851928447,76.95805059306336,76.17276466074283,76.47921752929688,6850800
2022-12-12,76.91018897690263,77.96362789944037,76.55585707242636,77.83912658691406,15807600
2022-12-13,81.34419645576693,81.95710244336738,76.32601863596679,77.14961242675781,22812200
2022-12-14,77.38901712622807,79.38096493205941,77.15917924291355,78.35626220703125,11183100
2022-12-15,77.36986456244286,77.5997024384758,76.09616657543461,76.68034362792969,8196800
2022-12-16,76.57499300571774,77.05382613404745,76.1153172941129,76.2110824584961,19200700
2022-12-19,76.53669954268031,77.66674622544666,76.30686164464403,77.09214782714844,7738800
2022-12-20,77.09214374103117,78.04023141329247,76.94849232246682,77.51351928710938,6390200
2022-12-21,77.906145663587,78.66270285539838,77.51350631207754,78.04979705810547,5932400
2022-12-22,77.51350422075635,77.73376335418374,76.0674262194024,77.08255004882812,8181400
2022-12-23,77.10171933808091,77.47520862742184,76.60372874801678,77.42732238769531,4129100
2022-12-27,77.45605399415392,78.02108095630399,77.19748728701042,77.55182647705078,4290700
2022-12-28,77.65718078861967,78.18390033916293,76.79528669706347,76.92935943603516,3794000
2022-12-29,77.54225130331405,78.33711618654931,77.28367727796524,77.95404815673828,3867800
2022-12-30,77.69547832350482,78.4616144244643,77.34114640460372,78.27965545654297,5375700
2023-01-03,78.97875161875241,80.290749951209,78.77764254530464,80.17583465576172,8997500
2023-01-04,80.63550329198586,81.5644408152653,80.09921247706757,80.90365600585938,7836200
2023-01-05,81.40164451418374,81.78471253788639,79.6969994804425,80.74085235595703,7643800
2023-01-06,81.15265557877052,82.68492048755242,80.27160416952285,82.0337142944336,8641600
2023-01-09,83.47559527425149,84.19653837761238,82.82194723433092,83.07186889648438,7519700
2023-01-10,82.32208360864705,83.25450446525981,82.25479588362407,83.14876556396484,5703300
2023-01-11,83.98506167971763,85.22508460579787,83.71590344731064,85.16740417480469,8359700
2023-01-12,85.26352123837077,85.74414989773884,84.75405603285043,85.34042358398438,6071100
2023-01-13,84.54259167396403,86.00370713739002,84.26383346102008,85.7441635131836,5090800
2023-01-17,85.73454985439734,85.97486420440175,85.00399217691655,85.16740417480469,6550400
2023-01-18,85.16739989245072,85.19623643959139,83.24488518908247,83.35062408447266,6397700
2023-01-19,83.05263587158433,83.61977418351735,81.95680308767007,82.61045837402344,5597000
2023-01-20,82.69695499460387,83.99465073610423,82.1874898566216,83.86968994140625,5567300
2023-01-23,83.8120268289692,85.67686101499477,83.60054904831003,85.52306365966797,7390200
2023-01-24,85.59997341533676,86.60928927339779,84.59065022346387,86.22478485107422,7004600
2023-01-25,85.26352993917374,86.37859206292472,84.34072369907571,86.1671142578125,5896800
2023-01-26,86.40740452742696,86.98415735000168,85.6383958747873,86.3497314453125,7302800
2023-01-27,86.03252536394373,86.24400313601345,85.51344555990285,85.54228210449219,5676800
2023-01-30,85.04244653982572,85.18663662199408,83.61978230760985,83.96583557128906,6255300
2023-01-31,84.29267187164918,85.0520661708493,83.9658405105875,85.0328369140625,6200400
2023-02-01,84.94632076312277,87.1379865051856,84.79251605584224,86.56123352050781,6141300
2023-02-02,87.14759080394548,87.68589254800258,85.50383435840742,85.91717529296875,8269200
2023-02-03,85.04244074076652,86.76309231400319,84.85018486638126,86.14788818359375,5671800
2023-02-06,86.04214835480086,86.13827262404718,84.97515209840003,85.10011291503906,4097200
2023-02-07,84.46568928439248,84.60987202547584,82.95651547928786,84.3407211303711,9226000
2023-02-08,83.56209770969049,84.51374038695123,83.15837140222366,83.3313980102539,7624400
2023-02-09,83.76396755421196,84.49452521689543,82.98535142278818,83.29295349121094,4960300
2023-02-10,83.17760181947709,83.99466914439334,82.99496056628203,83.76396942138672,5318400
2023-02-13,83.89854481856412,85.9844716194321,83.82164246633928,85.95563507080078,5560900
2023-02-14,85.55191045733208,85.94602952011815,84.31188750435375,85.63842010498047,7484800
2023-02-15,85.40771615321881,85.75376939432098,84.61948540044428,84.91747283935547,4329900
2023-02-16,84.07158130779395,84.85019754743806,83.63901835995007,84.3215103149414,5942500
2023-02-17,83.82164958216471,84.0427420301272,83.15838690590238,83.89855194091797,6398400
2023-02-21,83.39869119244847,83.57171781181542,82.81232361202778,82.86038208007812,5260300
2023-02-22,83.32179177630721,83.80242047660113,82.6489145294205,82.97573852539062,5840100
2023-02-23,83.77357228602547,86.01330347825579,83.68705531841356,85.1481704711914,8637100
2023-02-24,83.92737156078992,85.44615983761541,83.76395958176481,85.2250747680664,7659200
2023-02-27,85.41732573968962,85.52306463122042,83.97543976479116,84.55219268798828,6748800
2023-02-28,84.30225827406913,84.60025300991289,83.8024077286774,84.01388549804688,7468000
2023-03-01,83.53326607898866,83.83125351386963,82.65851836086348,82.99495697021484,5119800
2023-03-02,82.72580768485577,83.89854286057387,82.54317376984898,83.60055541992188,5293600
2023-03-03,83.93698657024065,85.83066461173654,83.70628687328103,85.7922134399414,5498500
2023-03-06,85.94602763129346,87.15720667462563,85.69609865389282,86.26323699951172,7424800
2023-03-07,86.1094417732669,86.59007048510632,84.63871908844818,84.93670654296875,5382400
2023-03-08,84.97515874704919,85.63842139041206,84.73484438822486,85.0616683959961,5159200
2023-03-09,84.90784432426535,86.16708882176904,83.1775785512138,83.50440979003906,10572300
2023-03-10,81.13973566740542,81.94718831354987,79.669005775394,80.81290435791016,16029300
2023-03-13,80.09195499029296,82.21633266492668,78.86154686505813,81.63957977294922,10299800
2023-03-14,82.6008455158861,82.6008455158861,80.19770210780587,81.28392028808594,8732200
2023-03-15,79.86126098528715,80.14002649191289,78.93845482566992,79.76513671875,11463000
2023-03-16,79.70747603058413,81.81263245798363,78.90002319114026,81.53386688232422,10148100
2023-03-17,81.7068734078024,82.64890882220469,81.33198363416564,81.95680236816406,13065800
2023-03-20,81.97603714411896,84.11964456246098,81.94720059298012,83.59095001220703,9177300
2023-03-21,84.10042605591114,84.44647938143639,83.30258781510737,84.18694305419922,6683700
2023-03-22,84.14846886381154,85.7057084029291,84.05234459607105,84.49452209472656,7233700
2023-03-23,85.21546985579373,86.16711262697547,84.24459782970459,84.3791732788086,10747100
2023-03-24,84.57143658124423,85.05206532274438,84.11964439082406,84.60027313232422,5852100
2023-03-27,85.18662767328729,86.99378882303004,85.11933995318547,86.64773559570312,8170100
2023-03-28,86.72464830435425,87.3590744077129,86.01331984488777,86.36898040771484,6378900
2023-03-29,86.63812472322881,87.1475972932901,86.3305226560322,87.10914611816406,5233600
2023-03-30,87.33022668087287,87.64744335886013,86.23439391492721,87.00340270996094,5640700
2023-03-31,87.0514474335852,89.39691728773869,86.90726472436283,89.32001495361328,10476300
2023-04-03,88.80095845885037,90.35819813063584,88.52219292498563,90.28129577636719,8410900
2023-04-04,90.21400237212173,90.37741436429899,89.32964735512654,90.35819244384766,6651500
2023-04-05,89.99291339450687,91.42518475509607,89.85833795572998,91.21370697021484,7478800
2023-04-06,90.67542334302995,92.3576239978598,90.34859197365175,92.20381927490234,9146200
2023-04-10,91.39297169875483,91.80804357871592,90.30220483491428,90.50491333007812,8681500
2023-04-11,90.21533005027304,90.86206776198486,89.96435445896572,90.70762634277344,8196000
2023-04-12,91.10337672849323,92.01074480475195,90.35045741607532,90.64004516601562,8040300
2023-04-13,90.91032524369831,92.42581879250363,90.67865945709413,92.2327651977539,6240200
2023-04-14,92.18449093380649,92.6574773592541,91.39295947377248,92.38719940185547,6485100
2023-04-17,92.31963701498314,92.65748448772324,92.00109195588995,92.27136993408203,4772400
2023-04-18,92.6671502491673,93.38145747027141,92.44513196130504,93.12083435058594,7219400
2023-04-19,92.27135553248692,93.12080889082051,92.27135553248692,92.48371887207031,4766200
2023-04-20,92.66715228329117,92.81194618163853,91.31575483958845,91.53777313232422,5815500
2023-04-21,91.71151780103004,92.00109821256237,90.9875557254146,91.8466567993164,7335800
2023-04-24,92.03005274859949,92.74436727750698,91.6729028486686,92.1265869140625,4901700
2023-04-25,91.83700178385082,92.37755777625628,90.75588243451685,90.79449462890625,5768800
2023-04-26,90.49525434314137,91.51845166226724,90.09948489584315,90.4566421508789,6395500
2023-04-27,91.03581125798466,91.78873060367134,90.05122612082272,91.74047088623047,5615700
2023-04-28,90.99719795105855,92.08797212808844,90.96824064804406,91.43157958984375,8498500
2023-05-01,91.50880074643318,92.40651393083033,91.4122665870931,91.57637023925781,5459800
2023-05-02,91.6342807831454,91.93351604317859,90.59177377045154,91.50879669189453,5995100
2023-05-03,91.76942719413277,92.107274670645,91.2578285347682,91.48949432373047,6744800
2023-05-04,91.68255222773777,91.81769121383634,91.13234139447293,91.67289733886719,5038200
2023-05-05,91.70185417022684,93.93165479392941,91.53775788288128,93.60346221923828,8068600
2023-05-08,93.70963559359855,93.90268916576703,93.09185532523338,93.42970275878906,5314800
2023-05-09,92.86021411816374,93.52626169075891,92.7636872989023,92.80229949951172,6333500
2023-05-10,93.42972419770093,94.28882531067174,92.9181254859906,94.1343765258789,5935300
2023-05-11,94.15368623198582,94.24055814997072,92.99534244052325,94.05715942382812,5144500
2023-05-12,94.22124558941326,94.52048087184069,93.56485305428149,94.45291137695312,4994700
2023-05-15,94.47221533797105,94.55908724125327,93.6806838618037,93.88339233398438,4443700
2023-05-16,93.79652029788832,95.41819556488694,93.55519961746903,94.83902740478516,6896500
2023-05-17,95.35062371705611,96.91438433883003,95.01277624570689,96.3062515258789,9436000
2023-05-18,96.30624927080973,98.90286202392002,96.2676444445788,98.78702545166016,10005700
2023-05-19,98.83530190922014,99.49169448526311,98.38161783047414,99.2696762084961,8560300
2023-05-22,98.92217359892048,99.52064415516442,98.19821157931764,98.23681640625,5890500
2023-05-23,97.56112938151048,97.90863176827195,95.05139564952901,95.11896514892578,10047300
2023-05-24,94.54944367865316,95.44715694271596,93.91236088470187,94.90660095214844,6815900
2023-05-25,95.75603434568227,101.02648400802963,95.34096251848705,100.66932678222656,16729600
2023-05-26,100.72724447771823,102.54198059865189,100.41835431993498,100.46662139892578,13994100
2023-05-30,101.25816812833706,102.30067532945344,100.57281821774853,101.4994888305664,10296700
2023-05-31,100.84308013297698,102.79294785543203,100.53418997799828,102.26204681396484,13713500
2023-06-01,101.23884598752709,102.90878828345708,101.14231919132521,102.31031036376953,7835900
2023-06-02,102.82192405606892,103.0632447641436,102.07865951558928,102.21379852294922,8652400
2023-06-05,102.21377941371932,103.86441186461568,101.8662770698967,103.2176742553711,7442000
2023-06-06,103.10183442901707,103.7582269061113,102.46475172848199,103.38176727294922,7023000
2023-06-07,103.42038432230969,104.60768524275467,101.2002312430643,101.59600067138672,9842500
2023-06-08,102.00141435400408,104.04781619305787,101.69252420513955,103.74858093261719,9526700
2023-06-09,103.96093394940894,106.32588075803183,103.6810084738315,106.03629302978516,12597100
2023-06-12,110.37042601311104,113.43037792523873,110.37042601311104,112.38787078857422,39081500
2023-06-13,119.03865717261053,119.68539478643413,111.99209081851022,112.62918090820312,39190900
2023-06-14,112.45541605597295,118.25676619096937,111.7217992625547,118.02509307861328,26264200
2023-06-15,117.7162331951291,123.11216781621744,117.43630766704631,122.15653991699219,27476700
2023-06-16,122.72605312564365,122.97702871268929,120.80514243883124,121.10437774658203,19514700
2023-06-20,120.12943582358024,120.90166497280856,117.7258838275046,117.80310821533203,16273000
2023-06-21,117.71622906301916,119.07728128296311,116.18143301706327,117.86102294921875,17583000
2023-06-22,117.38802351935794,118.33399639112712,115.90148735634135,116.39378356933594,12203400
2023-06-23,115.43815668835997,115.73739933875761,114.03849969333929,114.5211410522461,19734300
2023-06-26,113.89370685268328,115.2837163356738,112.6484912515914,112.72571563720703,8987000
2023-06-27,112.52298057547574,114.3473639088019,112.22374535753453,113.74888610839844,6970400
2023-06-28,112.72571093036959,114.5018349027539,112.34925127186577,112.48439025878906,9240500
2023-06-29,111.63494478037468,113.71030404066404,110.65035231059902,113.69099426269531,9234300
2023-06-30,115.67948270162385,117.50387389777246,114.8976060207909,114.95552062988281,13703100
2023-07-03,113.91301419973928,114.14467998711827,112.77398031205226,113.08287048339844,4284700
2023-07-05,112.47473716972227,112.94773099604528,111.40328014611956,111.9341812133789,8466500
2023-07-06,110.68896755977045,111.78938926966742,110.6600102565399,111.44188690185547,7982800
2023-07-07,110.85305336056818,111.95348233081621,110.51520591398949,110.63104248046875,7001600
2023-07-10,110.31251555274946,111.03647764190158,109.71404493901188,110.40904235839844,6931000
2023-07-11,110.62214951738578,111.3970887430499,109.87627660973779,111.28084564208984,6117100
2023-07-12,112.04609108187212,114.39027141858806,112.0170321555243,112.38512420654297,11011600
2023-07-13,113.42159519894744,114.86491918199872,113.10193963545515,113.77031707763672,9359600
2023-07-14,114.47744767809006,116.21136827059188,113.99311256477785,115.53329467773438,7723800
2023-07-17,115.12648209232114,116.21139566239411,114.54528129742704,115.16522979736328,6735900
2023-07-18,115.05864596545719,117.49001025349438,114.11903468253138,116.98629760742188,8903600
2023-07-19,117.03473088795513,117.55781367215994,114.70992097716723,114.97146606445312,7609000
2023-07-20,113.80907149319177,115.32020218684767,111.61988193595859,112.24951171875,12913000
2023-07-21,112.84038931571342,115.53329128417188,112.5691628426841,113.96405029296875,9159600
2023-07-24,114.2450013985627,114.82620222183006,113.0729109777022,114.37092590332031,6200400
2023-07-25,114.28372024630154,114.79711430038373,113.15037042820151,114.25465393066406,6266300
2023-07-26,113.7412537115493,113.93499218679368,111.39707358884606,111.88140869140625,8160000
2023-07-27,113.86719958497739,113.91562866697468,112.01703571806804,112.75322723388672,7843000
2023-07-28,113.02444870169347,113.62502693654682,112.0267194945546,112.35606384277344,6910400
2023-07-31,112.78228127690724,113.56690184074372,112.20108058553326,113.55722045898438,6703100
2023-08-01,113.25692300388756,114.34183633625432,112.83071312254533,114.21591186523438,5246000
2023-08-02,113.25692903645242,113.31505427956085,110.73838774933299,112.0848388671875,6387800
2023-08-03,111.62956677234374,112.5304304749589,110.68027398744404,110.96118927001953,5193800
2023-08-04,111.72641916933878,112.75321462377862,110.68026095270723,110.85462188720703,5579300
2023-08-07,111.8523563621245,112.73384245776238,111.46488677915909,112.46261596679688,7347000
2023-08-08,111.43583095640385,111.98797272563309,110.64152161487462,111.61988067626953,4694800
2023-08-09,111.72643730359948,112.08484800223566,108.81074480117388,109.5566177368164,6542400
2023-08-10,110.21530842720902,111.48426418840008,108.95604143857376,109.45005798339844,6004100
2023-08-11,108.86884550904729,109.92469989256058,107.64831896170949,109.51785278320312,5288900
2023-08-14,109.63409747985517,112.18169753706944,109.60503855526741,111.94921875,6494200
2023-08-15,111.83297646907582,114.36120639161601,111.24208703029869,113.6153335571289,10412200
2023-08-16,113.48940440374172,114.11903412269278,111.65861092298454,111.7264175415039,5722000
2023-08-17,112.11390272304993,113.12132076026603,110.77714031866587,111.28084564208984,6183900
2023-08-18,110.91273996218058,113.32472673572342,110.379968386128,112.81133270263672,9412800
2023-08-21,113.23755629860247,113.67345496494676,111.5811310199795,112.93726348876953,5811200
2023-08-22,113.82844341949493,113.99311558870123,112.10421155282309,112.88883209228516,4960300
2023-08-23,113.43127270854538,116.67631622214729,108.59761074547208,114.14808654785156,16517300
2023-08-24,115.93045276173818,115.97888922910926,108.8882234815085,109.37255859375,11995900
2023-08-25,109.37256091245719,112.51105043701544,109.2078813541247,112.42386627197266,8758100
2023-08-28,112.72416689115595,114.02218156212628,112.0751521653028,113.17943572998047,4514800
2023-08-29,117.16065276580109,117.41250907642423,114.81647275489124,116.87005615234375,11920500
2023-08-30,116.93788591145638,117.92592641734491,116.38574410720754,117.32535552978516,5601800
2023-08-31,117.20910694574657,118.15840709673847,116.35667973758268,116.61821746826172,9109800
2023-09-01,117.21879178223192,117.8774878633585,116.32760951456582,117.14129638671875,6189900
2023-09-05,118.60397312559279,120.38632261807017,117.38344669204274,120.0957260131836,11089600
2023-09-06,119.20456847750407,120.67695151811314,118.88491288519636,120.43478393554688,8728500
2023-09-07,119.95044781668618,122.01371294321324,118.74929129564285,121.17096710205078,11864400
2023-09-08,120.8900587542485,122.7208450657307,120.45415267652491,122.36243438720703,10595500
2023-09-11,123.0405045596819,123.4279741776121,120.81256718972776,122.74021911621094,22155600
2023-09-12,108.56856585078765,109.7503447649922,103.93832313345584,106.17594909667969,68605700
2023-09-13,104.92635148661032,109.40161028851865,104.81010840682173,108.33606719970703,27171000
2023-09-14,109.94407689564873,111.53269556529037,108.44263500392229,110.09906768798828,19849700
2023-09-15,110.61248173320345,111.59083357267689,108.9754262976802,110.34125518798828,23215000
2023-09-18,109.86657864816067,110.88368537298112,108.08422892471887,108.69448852539062,11744100
2023-09-19,108.9560306136655,110.17654978118564,108.21015039870251,109.2369384765625,9536100
2023-09-20,109.27568366106976,111.1064697606401,108.93665056677288,109.33380889892578,8777100
2023-09-21,108.01643060422856,108.97541216195064,105.90472898849781,106.00159454345703,12645800
2023-09-22,106.54403537791838,107.13492480306725,105.11040759160463,105.6141128540039,11150000
2023-09-25,105.05229231507954,105.24603081158014,104.13205847539764,104.90699768066406,8410000
2023-09-26,103.78332826761816,104.03518459773211,101.04198973202463,101.59413146972656,13209000
2023-09-27,101.71037719413454,101.98160368419342,100.11206978872463,101.34228515625,8916400
2023-09-28,100.77077233751227,103.26025476751829,100.03458082405677,102.82435607910156,7373600
2023-09-29,103.75428259042475,104.00613895269576,102.07847962006863,102.6015625,7299100
2023-10-02,102.49500885395994,103.38619120555502,101.99130351642219,103.36681365966797,5963500
2023-10-03,103.08589751786259,103.16339292003552,100.29612955295197,101.24542236328125,8783300
2023-10-04,101.67162850755669,103.93832073453119,101.22604107960063,103.72521209716797,8842700
2023-10-05,103.61866667846355,105.04261325008882,102.86310500136479,104.95542907714844,7651500
2023-10-06,104.54858462592337,107.0671259001782,104.20955150272196,106.51498413085938,8247000
2023-10-09,107.28022936662678,107.49333800245495,106.04033263857286,106.86370086669922,6012400
2023-10-10,106.75715467721399,107.58052296803113,106.18564273794883,106.27281951904297,6910400
2023-10-11,106.46726553954879,107.00197933313856,105.806159050225,106.5936508178711,5641700
2023-10-12,106.89502610248998,107.83807574946103,105.85475644826039,106.078369140625,6598500
2023-10-13,106.15615587670777,106.46726437313343,104.7950534233162,105.24227142333984,5879400
2023-10-16,105.92281314778226,106.54503010660082,105.30059618896371,105.68948364257812,5488000
2023-10-17,104.59088205934846,106.7394761257284,103.92977562219993,106.01031494140625,5261800
2023-10-18,105.38810515359816,106.68115285519075,104.8631081751152,105.24227142333984,5123900
2023-10-19,105.61170854861817,107.15753419374202,105.18393900959589,105.32976531982422,7989200
2023-10-20,104.01726428068572,104.0658779899425,97.86314994368321,99.02008056640625,21831400
2023-10-23,99.2048171119215,101.78118828364232,99.17565184940655,100.7798080444336,10722600
2023-10-24,101.06172641426384,101.55755804365847,99.65201790837777,100.33256530761719,6174000
2023-10-25,99.84646500247867,100.78951462091348,98.2034269025171,98.61175537109375,7081700
2023-10-26,98.8645325233196,99.54507996548915,97.09510175626797,97.6103744506836,7565600
2023-10-27,98.19370707521159,99.25341777932927,97.79509539702416,98.1839828491211,5207900
2023-10-30,98.32981377402149,99.56453084300416,98.0187053046751,98.82564544677734,5433700
2023-10-31,99.17564518206817,100.64368435764666,98.29092605239677,100.52702331542969,6258400
2023-11-01,100.91591327385449,103.24922318517145,100.91591327385449,102.81172943115234,8602400
2023-11-02,103.49226077221017,104.24087030951236,102.63671443270353,103.90059661865234,5918300
2023-11-03,104.1922672009848,106.03947696163605,103.65755346593502,105.04782104492188,7280000
2023-11-06,105.05754052088268,106.17558914788353,104.45477202543314,106.078369140625,6062800
2023-11-07,106.9339153446401,107.31307856427013,105.56309618538023,105.96170043945312,7412600
2023-11-08,106.19502835515154,109.43249807775356,106.15613887215136,109.20889282226562,10994900
2023-11-09,109.2769683224123,110.16168012215019,108.50891757642648,109.06307983398438,6853900
2023-11-10,108.97556324320037,110.03528132824835,108.05196206650002,109.92833709716797,5233900
2023-11-13,109.92833108823952,111.30887437365406,109.64638789602209,110.97832489013672,5740500
2023-11-14,111.66860113964701,113.22414345621713,111.26998948052639,112.8741455078125,6733700
2023-11-15,112.92276402603052,113.07831455560442,110.76444572478535,110.89083099365234,7386200
2023-11-16,110.59917496985622,112.65054911110595,110.3172317438055,111.48388671875,7476100
2023-11-17,111.42554770417635,112.42692784122019,110.98805397626371,112.15470886230469,4791300
2023-11-20,112.43666926967508,113.894991809055,112.30055975939257,113.67137908935547,5728300
2023-11-21,113.95330596207698,114.40052391979926,112.46581837244592,112.85470581054688,5995300
2023-11-22,113.45747185435958,114.03108248214653,112.30054120807573,113.01025390625,4343700
2023-11-24,113.25331852701842,113.35053853946187,112.13526984039012,113.01998901367188,2168200
2023-11-27,112.7866534926135,113.52553148175565,112.24220810059006,113.23387145996094,5165300
2023-11-28,112.77692441536908,113.55469927485318,112.6505391531025,113.01025390625,4892600
2023-11-29,114.07969454382246,114.31303146391365,112.73804063164826,112.98109436035156,6127200
2023-11-30,113.61303553846237,113.97275772721126,111.97971418487975,112.98109436035156,11075600
2023-12-01,112.84499825179107,114.08943230358587,112.05750645094857,113.90471649169922,5739800
2023-12-04,113.03942491855048,113.4380365941113,111.36722149515157,112.56304168701172,5587500
2023-12-05,111.38666780885018,112.06721531473084,110.64778236145723,111.3477783203125,5913600
2023-12-06,111.74637747882207,111.79498377098278,108.82000869699837,108.91722869873047,7815700
2023-12-07,109.28667640088268,109.88944486930004,108.70334154866998,109.73389434814453,6772800
2023-12-08,108.89781126478579,110.48251914693495,108.48947530116264,110.45335388183594,7766000
2023-12-11,110.60889361784288,112.1449950470748,110.45334308005606,111.93110656738281,19544200
2023-12-12,99.84647310181666,102.03395675473543,97.89232637907882,98.00898742675781,57666500
2023-12-13,98.27149122781253,100.23536220914768,96.50206027406684,100.12841796875,29392200
2023-12-14,99.03953319210606,99.40897217883526,97.0951034184369,97.52287292480469,22865200
2023-12-15,96.9201042753155,101.10062383106313,96.5992715830336,100.4492416381836,30212300
2023-12-18,100.53674716474488,103.21033816089675,100.05063971089909,102.08256530761719,13473100
2023-12-19,102.06312660637695,103.38533208704608,101.88812762229539,103.29783630371094,10108500
2023-12-20,103.00616987973137,103.14227937787727,101.15896742849081,101.25618743896484,9242000
2023-12-21,101.79089025596271,102.98671776665486,101.615891288969,102.91866302490234,8168000
2023-12-22,102.76311434051148,103.53116501937004,102.52978483598838,103.24922180175781,5680000
2023-12-26,103.56032723086818,103.68671991421371,102.41311335941073,103.239501953125,5767400
2023-12-27,103.36589133565691,103.37561556185791,102.62700591001774,102.99645233154297,5627400
2023-12-28,103.06450679740595,103.64783427187406,102.64645408084506,103.29783630371094,5689100
2023-12-29,103.63810764240395,103.94921611606664,101.86867680768283,102.50061798095703,6899700
2024-01-02,101.61589623948275,101.77145418101587,99.59369492142861,101.1686782836914,9597500
2024-01-03,100.42980065248634,100.50757220610438,98.91314038706496,99.6131362915039,9455600
2024-01-04,99.91453910874348,100.48814985496514,99.55482428132484,99.73954010009766,6822300
2024-01-05,99.68120105142724,100.83813925513137,99.44787153230942,99.87564849853516,6133800
2024-01-08,100.07981836710329,101.85896624908675,99.29231914262618,101.75202941894531,7038700
2024-01-09,100.96452936248517,101.57702957841038,100.42009131936236,100.75064086914062,6725200
2024-01-10,100.61399008505047,101.57045580956803,100.25288147728406,101.42405700683594,7270500
2024-01-11,101.8437285347646,102.32195766892922,101.05318543291968,102.2536392211914,6119000
2024-01-12,102.57571499215857,104.13728482900063,102.44884000253002,104.03968811035156,9703800
2024-01-16,103.85426847443554,104.0982640220821,102.88804074452487,104.01042175292969,7547200
2024-01-17,103.90305756964511,104.91807988720853,103.14179269301074,103.873779296875,7771500
2024-01-18,104.42032020120618,106.26492572871041,104.0592115987105,106.08924865722656,10362300
2024-01-19,106.69436508358258,107.5727504810027,106.40156746905832,107.03595733642578,11163800
2024-01-22,107.41659489059211,108.03146842118744,106.6455680853151,107.45563507080078,7485300
2024-01-23,107.6410602489032,109.97365673235984,106.92859008231235,109.14407348632812,9185900
2024-01-24,110.69589066588955,112.64785491298824,110.6080558489234,111.56451416015625,11702700
2024-01-25,112.13058692606815,113.3896047741114,111.60355567948123,112.23794555664062,8877200
2024-01-26,111.8865966796875,112.70642558406081,111.5254805919554,111.8865966796875,5541800
2024-01-29,111.44740174384481,111.83778863869976,110.29574253325617,111.0179672241211,7014400
2024-01-30,110.63733267082597,111.65235495954899,109.92486245366803,111.41812133789062,8231900
2024-01-31,111.07651169076674,111.52546252795364,108.98791075656375,109.0171890258789,7386700
2024-02-01,110.19814253875856,112.99920640158352,109.84678838689544,112.75521087646484,7882200
2024-02-02,113.03824280922761,113.69214900766082,112.39409851639628,113.00896453857422,6499400
2024-02-05,112.75521349423326,113.91663460353102,112.01346499572902,113.59455871582031,8084500
2024-02-06,113.93615571239096,114.14111107324214,112.21843246540394,112.53074645996094,4637500
2024-02-07,113.0187350520346,114.76573653406344,112.53074398090519,114.45342254638672,7672900
2024-02-08,114.27774279111176,114.96093474241157,113.18464758287632,113.87759399414062,4472800
2024-02-09,114.24845743058586,114.52173121568997,112.95040695134132,113.83854675292969,5787100
2024-02-12,113.46768028437498,114.28750166882786,112.60881127648821,113.0577621459961,5439600
2024-02-13,111.05701989689172,111.46693065029653,110.28599303435207,110.94966125488281,8171700
2024-02-14,111.5742807292202,111.96467508418581,110.80325392585519,111.5157241821289,5946100
2024-02-15,111.50595340373285,111.56450994616516,109.86630320025637,110.07125854492188,8455600
2024-02-16,110.30550242144056,110.39334468941254,108.57801724362464,108.6365737915039,8936000
2024-02-20,107.88505939822755,108.10953110549534,105.09375006973809,105.84525299072266,10975600
2024-02-21,104.1958640019155,105.77695043444332,103.9518684466584,105.56224060058594,7865300
2024-02-22,108.81224777956456,109.20264212865516,107.0262061047811,108.34378051757812,8957800
2024-02-23,109.3100020376856,110.64710027894021,109.02696631744253,109.26119995117188,7504500
2024-02-26,109.3099936335773,109.8370248535632,108.26569309938833,108.30473327636719,6342900
2024-02-27,107.96313117495171,108.83175455647853,107.15306433046887,108.70487213134766,6593100
2024-02-28,108.58776997125182,109.32951100219903,108.43160926190349,108.9976806640625,5278300
2024-02-29,108.9976806640625,109.73942914116216,107.98265839175572,108.9976806640625,12193900
2024-03-01,108.99768030743749,111.2034019197749,108.8415195986001,111.0472412109375,7605100
2024-03-04,110.85204364747693,111.84754206775044,110.66660467416874,111.32051086425781,6588100
2024-03-05,110.1103030032458,110.48117352999137,107.71914977635609,108.27545928955078,8242000
2024-03-06,108.8220138381061,110.33478920624508,108.0119468359116,109.57351684570312,6706400
2024-03-07,111.20341363730485,112.04275892036678,109.59304152695796,111.78900146484375,7670100
2024-03-08,111.33028167757668,111.58403911722559,108.86104807104914,109.71990966796875,8312900
2024-03-11,108.92936052737859,111.99394366240493,108.50968793519843,111.38883209228516,20438300
2024-03-12,123.22749738534364,126.26279475145503,121.6073635862682,124.47675323486328,48536100
2024-03-13,124.92570305522857,125.70649167778461,121.83184172757794,122.50526428222656,15870300
2024-03-14,124.17420391899223,124.73051340945338,121.93920405137747,122.51502990722656,10965900
2024-03-15,121.06081482242784,122.98350065940967,120.59234016039157,122.52478790283203,17844900
2024-03-18,124.14492690692718,125.85289567500446,123.83261291575346,124.73052215576172,12231400
2024-03-19,124.68171110325802,126.1066514970522,123.45197159375529,126.08712768554688,10221000
2024-03-20,126.85816549692476,127.55111942962448,125.18924423106054,126.13594818115234,8373300
2024-03-21,127.38519584146317,129.5811557040217,125.85289670017104,125.91145324707031,17842400
2024-03-22,125.91144846738099,126.10665680604292,124.48652290590331,124.72075653076172,6660000
2024-03-25,124.60364218670013,124.60364218670013,123.02255583265229,123.05183410644531,7446100
2024-03-26,123.7057231196411,123.89116208933466,122.81757589232149,123.43244934082031,7063900
2024-03-27,124.27180446499601,124.75003361632696,121.48049502096602,122.26127624511719,8115900
2024-03-28,122.37839188280964,123.13965671051157,122.19295290564808,122.59310913085938,6587400
2024-04-01,122.52478884070038,123.23725157543878,121.56832314454142,122.46623229980469,4133600
2024-04-02,121.51952978893992,121.92944047183114,120.46546736480339,121.35360717773438,4862400
2024-04-03,121.27553692126207,123.37389990975323,121.08033603503473,123.20797729492188,7430000
2024-04-04,124.53532498422112,124.91595743966246,121.0510688909213,121.20722961425781,7588300
2024-04-05,121.43169467444197,122.97374822497466,121.15842086977091,121.9001693725586,4899500
2024-04-08,121.99777032706022,122.11489086718926,120.78755453033861,121.3633804321289,6119200
2024-04-09,121.75501650280286,122.1466706482162,118.7099165407318,120.65839385986328,5564100
2024-04-10,118.81764296439736,120.51154427281132,118.78827020549598,119.20929718017578,4509900
2024-04-11,119.17992062352234,121.23609585310902,118.82743258757233,120.66819763183594,7315200
2024-04-12,119.19948421846505,119.29739588880372,117.90703074752241,118.58263397216797,6196900
2024-04-15,119.63032493948019,119.91427406102733,116.94750586960379,117.3783187866211,5101500
2024-04-16,117.58392865172942,118.90576249464624,117.25102744134136,118.10287475585938,7000000
2024-04-17,118.45534928156665,118.51409478960153,116.1348046018284,116.19355010986328,5366600
2024-04-18,116.28169042930601,116.28169042930601,113.28554215058202,113.57928466796875,6662400
2024-04-19,113.6967794838453,114.33320913391783,112.07141722196936,112.48265075683594,8251500
2024-04-22,113.60865117909601,113.91217961890612,111.95391619781977,112.13995361328125,7125500
2024-04-23,112.76659526772136,113.44219852621632,112.35536174958615,112.68826293945312,5494800
2024-04-24,112.97221059723226,113.31491266152366,111.50351307660696,112.93304443359375,5791800
2024-04-25,111.25874634037528,112.59036621705629,110.42648578499539,112.4924545288086,6796600
2024-04-26,114.5975874717598,116.72230169795625,113.72616076202607,114.7640380859375,8355100
2024-04-29,114.54861737170829,114.8619392220443,112.88409644245735,114.05905151367188,4994100
2024-04-30,112.6882689141515,113.10929586318844,111.31749044768922,111.37623596191406,6234700
2024-05-01,111.53289309963236,114.32341688972156,111.27831677153489,112.23786163330078,5583600
2024-05-02,112.82535914577562,113.39324990511263,111.87560011679538,112.56098937988281,5001000
2024-05-03,113.55970501445717,113.78490113635708,112.66869152557854,113.38346099853516,4485000
2024-05-06,113.90240335405244,115.89003970003573,113.75553209096078,115.87045288085938,6052400
2024-05-07,115.5375483241889,116.64396452989212,114.84236566713476,115.46900939941406,6437700
2024-05-08,115.25359896506745,115.51796872446856,114.66612140110638,114.94027709960938,4636000
2024-05-09,114.94026611068762,115.27317476288658,114.06883952225233,114.20591735839844,3236200
2024-05-10,114.7052846781758,115.175263729431,113.49116341388718,114.23529815673828,4122500
2024-05-13,114.68569355279391,114.74444653463094,113.77510077123144,113.94155883789062,4140000
2024-05-14,114.068847851622,119.99259787404957,113.70656641810658,118.34765625,17811200
2024-05-15,117.66225782084908,119.54218894352744,117.17269195743187,119.09178924560547,6604600
2024-05-16,119.39533047689692,119.89468230128561,118.68056099760146,119.6107406616211,5159300
2024-05-17,120.60944578699959,121.00109996974585,119.53240238708399,120.92276763916016,6179400
2024-05-20,121.21650212400635,122.0781352928962,120.6681833163658,121.92147064208984,5989000
2024-05-21,121.8627318360811,122.74395186988332,121.33399981579976,122.02918243408203,5549500
2024-05-22,122.0291896523651,122.54813576476582,120.72695007724161,121.99981689453125,5705000
2024-05-23,123.90912071118944,124.05598449133352,120.58986481665573,121.50045013427734,6108600
2024-05-24,120.84443695040115,120.93256269105291,118.88617348024647,120.34508514404297,7173400
2024-05-28,120.66819801163895,122.2152280109352,120.443001886407,121.8921127319336,6911400
2024-05-29,120.42339664151453,121.33398935289065,120.20798648847351,121.15774536132812,4735100
2024-05-30,117.66225765870514,118.90575913337332,114.5877846382964,114.64653015136719,10839600
2024-05-31,114.15696839759296,114.96964955184103,112.15954617946839,114.74445343017578,12755600
2024-06-03,115.07735197794145,116.83979209450675,114.89131455725335,116.79083251953125,7256300
2024-06-04,116.53624744805369,117.85808117157063,116.24251243074684,117.56433868408203,7368000
2024-06-05,119.11137792754984,120.22758751599531,117.99516833910438,120.0709228515625,5973700
2024-06-06,120.31570328239432,121.67669577804641,119.69885298694194,120.92276763916016,7347200
2024-06-07,121.61793741599637,123.58599406048478,120.69755130431076,123.29225158691406,11545000
2024-06-10,123.10624427316442,124.30077879200128,121.46130255339985,121.90190887451172,10164700
2024-06-11,121.46128838588061,122.22500990415645,119.73801453042361,121.29483032226562,18373900
2024-06-12,131.8792538652499,138.01841393797906,131.1644918923666,137.4505157470703,40871300
2024-06-13,137.49946285058846,139.4283535704439,135.87411551953988,136.93157958984375,13733200
2024-06-14,136.35387570697822,137.04906579050945,134.5131182630885,135.24746704101562,11330800
2024-06-17,135.9034690472815,138.48837587327154,135.36494367929137,138.361083984375,11232800
2024-06-18,138.27298383171035,142.03284608176912,138.27298383171035,141.62161254882812,11629400
2024-06-20,142.28744568724474,142.28744568724474,138.98776123796313,139.927734375,8940000
2024-06-21,140.72082344877663,140.72082344877663,137.50927234097472,138.54714965820312,14844100
2024-06-24,137.0784387277645,138.5765090414888,136.21679804627345,136.97073364257812,7793300
2024-06-25,136.09932696645907,136.6378524713061,134.68937471390188,136.26577758789062,8205500
2024-06-26,136.57908290561133,137.81278343921835,135.1985036563411,135.34536743164062,8036300
2024-06-27,136.34408391528922,138.4687978287018,135.9132635936086,137.25466918945312,7518200
2024-06-28,136.53015124470406,139.8396217680723,136.36370061854907,138.25341796875,25814800
2024-07-01,138.7331796598634,141.05371711995514,138.12612275747833,140.1039581298828,6552400
2024-07-02,139.65357882640686,141.21039486304477,139.57524648652765,140.29000854492188,5920500
2024-07-03,140.75020756518012,141.63142027987627,140.50542459550152,141.3670654296875,3560800
2024-07-05,141.92513872965398,142.74760578241356,141.01455340846252,141.80764770507812,5365500
2024-07-08,141.73907878269293,142.19927180961417,140.43683201931603,142.00344848632812,8622600
2024-07-09,142.10139567688148,142.65949300546427,135.12018151755757,137.74424743652344,14334200
2024-07-10,138.1750831673573,139.40879887158715,136.82389136132593,139.1052703857422,6350300
2024-07-11,139.78275407547034,140.88247310722315,139.11505681865745,140.17550659179688,5245100
2024-07-12,140.126435311687,142.5026226911398,138.70267361194087,142.14913940429688,7361800
2024-07-15,143.09172127980045,143.93615256536063,139.35069935765412,140.47988891601562,8687800
2024-07-16,140.47989233181306,140.90210049358615,139.47835404259928,140.02821350097656,7181500
2024-07-17,137.93676026871546,139.22304176563983,136.1693442879033,136.7388458251953,9157000
2024-07-18,136.8370516412396,137.52437596770213,134.71615230597243,135.5311279296875,5998700
2024-07-19,135.8453543638659,137.89751396353736,135.58023817699151,136.05154418945312,6111900
2024-07-22,137.21017708965877,138.13314691017464,136.6013912721333,137.63238525390625,5387200
2024-07-23,138.7419202578555,140.62715894927624,138.65355320572922,140.51914978027344,6697400
2024-07-24,139.13470038405367,140.07732740859328,135.89443965179345,136.25775146484375,8018800
2024-07-25,137.61274078040427,138.5160984319131,135.2070981857977,135.32493591308594,7654600
2024-07-26,136.35592806800784,137.42620637214927,135.87480849213344,136.49339294433594,5139400
2024-07-29,136.74868773371367,137.24944940113474,135.3249412426739,135.80606079101562,4054600
2024-07-30,136.55232354601534,137.04327168851333,132.5167292153799,133.2138671875,6505700
2024-07-31,137.16110607873966,138.98743392299582,136.14975401804105,136.92544555664062,7188000
2024-08-01,136.7682968757231,137.84838854477564,133.31203349984509,135.02052307128906,5906800
2024-08-02,130.36636478842001,131.86866480023846,129.41392426033286,130.86712646484375,8251600
2024-08-05,125.57469799545987,127.61704378489802,124.36696992634921,125.54524230957031,10355000
2024-08-06,128.17673646984525,128.6676846200757,125.76127996093861,125.88893127441406,8373900
2024-08-07,126.58606625883777,127.94108791579046,123.4734568580166,123.62074279785156,8617700
2024-08-08,125.6827239303496,127.46978235285741,125.33906173035737,126.62535095214844,6243200
2024-08-09,126.07549083621146,129.97362071403703,126.01657944985438,129.6692352294922,5597300
2024-08-12,129.85578200257044,130.30746088011793,128.8346164717712,130.1798095703125,5600800
2024-08-13,130.56273673613853,132.10430595351633,130.40562975094622,131.82937622070312,4324000
2024-08-14,131.61337081895556,133.5084384308577,131.58391512915045,133.1451416015625,4044600
2024-08-15,134.4510498046875,134.76526380445213,133.2629637016293,134.4510498046875,4698100
2024-08-16,134.31356504762167,135.32493184559374,133.92081258858963,134.98126220703125,4893800
2024-08-19,135.0402025060115,135.4525971711023,133.98958121263587,135.4231414794922,3641600
2024-08-20,135.32496161754415,137.25928363550761,135.32496161754415,136.6505126953125,3738300
2024-08-21,136.2872012313658,137.7600455926935,136.04172717114452,137.66184997558594,3776800
2024-08-22,138.15277844487844,138.52590375775588,135.15799233965413,135.58021545410156,5162200
2024-08-23,136.21845665034584,137.25926423292773,134.77506802693975,136.67013549804688,4544600
2024-08-26,136.8665105075371,136.87632407580506,135.68823806586437,136.3853759765625,2729600
2024-08-27,135.3544226677211,136.97454570998053,135.24641346606717,135.97300720214844,3872200
2024-08-28,136.3166638361028,136.4344865965716,134.43142475586023,135.3838653564453,3022600
2024-08-29,136.62103584044237,138.6044703475311,136.3362925364893,136.89596557617188,4588400
2024-08-30,137.78948951986618,139.1543245788949,137.56365759885253,138.7321014404297,7980700
2024-09-03,137.90733156430846,139.6256500796622,136.31666436165364,136.9745330810547,6831200
2024-09-04,135.93372623990317,138.54557399507314,135.45259165893546,138.201904296875,6243300
2024-09-05,138.84011254212479,140.68608213743127,137.76984931188713,140.02821350097656,8733200
2024-09-06,141.18684122759126,141.3341346400482,136.87631771583247,139.24269104003906,11154800
2024-09-09,139.91040392855064,140.70573750448645,136.9843422769586,137.3574676513672,20233400
2024-09-10,151.43784354627,157.6139789046171,150.34793818788793,153.0677947998047,37374200
2024-09-11,153.94168963994815,156.5535372058485,152.03680855778845,154.33444213867188,12630100
2024-09-12,156.16077121445275,159.40103179875373,155.0414101016085,158.4584197998047,16161300
2024-09-13,170.5553603223899,170.79102079495829,158.0852820629981,159.0966339111328,25727800
2024-09-16,162.00306148824282,170.84012740042377,161.53174051882587,167.2463836669922,27384400
2024-09-17,167.1972975392728,167.55078079975416,163.7508469864906,164.43817138671875,12580100
2024-09-18,164.5854474706055,164.5854474706055,160.76587159149832,161.5513916015625,12274400
2024-09-19,164.22214337689874,165.1156725360762,161.53174233084866,164.5559844970703,10075900
2024-09-20,164.1043426120166,165.77356341907233,163.5839387424501,164.95858764648438,12187700
2024-09-23,164.20248932829182,164.30068493652496,161.286256557814,162.94566345214844,7916100
2024-09-24,162.7394895012469,163.09297274975063,160.95243113865922,162.79840087890625,6155100
2024-09-25,164.6541917240206,165.6949993970998,162.66094344839564,163.26971435546875,7142400
2024-09-26,164.61489740459854,165.31205032207487,163.46608061034667,165.0567626953125,7096800
2024-09-27,165.0469391041549,166.04847748663204,163.49554121209752,165.6851806640625,8974400
2024-09-30,166.43142382953712,167.4329622565453,163.4366371004015,167.31512451171875,10210300
2024-10-01,167.1383582663092,167.42310154797354,162.9652997682611,164.13375854492188,7595100
2024-10-02,164.56580368846934,166.11718644869006,164.24177615524454,164.67381286621094,7073000
2024-10-03,163.86867383021038,164.8211144451761,163.23044722463683,163.83921813964844,4735700
2024-10-04,165.6557138393345,167.8060539234928,165.1254815032047,167.76678466796875,6386900
2024-10-07,167.33476415290158,169.2101896649557,166.48051917395009,166.89291381835938,6791000
2024-10-08,167.51148863245913,171.47834247310095,167.3543816531644,171.21322631835938,7845400
2024-10-09,171.39981733870877,175.3765003875241,170.66339510680032,175.06228637695312,8120900
2024-10-10,174.82610313285892,175.46577986531832,171.4112603964427,172.62171936035156,7115900
2024-10-11,172.71027035323354,174.18642651009878,171.62774983170425,172.97598266601562,5869400
2024-10-14,173.7435919074426,174.40293989063034,172.71027953942922,173.32041931152344,4688700
2024-10-15,174.12738027837875,175.38703231366284,170.98808582523415,171.3226776123047,5848600
2024-10-16,170.7420658795168,172.1296563012242,168.91163160430878,171.99188232421875,6383000
2024-10-17,174.67846669314025,174.92449270256722,172.35598056350034,172.88739013671875,5474000
2024-10-18,173.98962265943968,174.15691856869896,171.80491017060245,171.9131622314453,5001300
2024-10-21,171.6769590434115,172.36582891739346,170.40747134823312,170.9979248046875,4198400
2024-10-22,172.66105888349836,173.0547095276359,171.5096589048398,172.52328491210938,5510100
2024-10-23,171.72617425236785,173.271224976358,170.25985366236168,170.3484344482422,4830400
2024-10-24,170.56493005807033,172.16900953227014,170.16144377260983,171.6080780029297,3488000
2024-10-25,172.0017150395764,173.48770683892457,170.3484273435787,170.76174926757812,3674700
2024-10-28,171.2833242492574,171.4014119378824,169.4036817853784,169.67922973632812,4330000
2024-10-29,169.55127873143184,171.25378953520334,169.55127873143184,170.67315673828125,4122900
2024-10-30,171.2144198705646,173.35977452625275,170.0433336385072,171.7852020263672,5822500
2024-10-31,167.8094343691292,168.1637124437363,164.739019383789,165.17202758789062,9477500
2024-11-01,167.44530613409648,169.53161703122657,166.41200884501353,167.3173828125,5680600
2024-11-04,167.6027669691546,167.77006286430674,166.04788068827145,166.8942108154297,4804400
2024-11-05,167.76021879582512,169.157644746468,167.6126091946515,169.0493927001953,5456800
2024-11-06,175.68228988082632,179.20538479682986,174.59976923034745,178.3590545654297,11085000
2024-11-07,178.201566780468,183.70270492734397,177.67014217362654,183.407470703125,7759400
2024-11-08,183.29922258086216,187.1372375454424,183.29922258086216,186.24169921875,8520400
2024-11-11,188.0130895020956,188.45593333959403,184.85410876429816,186.1236114501953,5973600
2024-11-12,185.54297538099775,187.58007802061184,184.2242795266145,186.5664520263672,6629900
2024-11-13,185.99568645317612,188.72165918404704,185.7890179721946,186.6156768798828,5695400
2024-11-14,185.6610682309242,186.57627776278514,183.74206839296122,184.07666015625,7804300
2024-11-15,181.5868901468869,182.84654217562374,179.43169979602476,180.8192901611328,8986300
2024-11-18,181.3704024223735,183.22050805999123,179.97297629607922,182.7776641845703,6289400
2024-11-19,181.95099551639655,186.31058422590752,181.39006402154152,185.89724731445312,8117000
2024-11-20,187.86545933417605,187.9343538262746,184.8344320390388,187.7178497314453,4860200
2024-11-21,188.88895336100828,192.9237713749683,188.59371911212398,189.37115478515625,11394300
2024-11-22,189.93208842749877,191.1130103263913,188.02292409977474,189.23336791992188,6879400
2024-11-25,191.40823615010675,191.65426216058245,185.00172424316406,185.00172424316406,15138500
2024-11-26,185.3265010895301,189.34163281490473,185.3265010895301,187.34390258789062,6427200
2024-11-27,185.95632362816107,185.95632362816107,179.32345636413584,179.7958221435547,8368800
2024-11-29,181.084986245738,182.97446427625002,181.0751506107891,181.90179443359375,4628000
2024-12-02,182.34463495893715,182.34463495893715,178.1228351419973,178.5263214111328,8859700
2024-12-03,178.299963562811,180.1303976861082,176.26287599927477,179.9827880859375,8917100
2024-12-04,185.0115804307391,186.77312025429146,182.94495570666663,185.1985626220703,8906300
2024-12-05,186.01534903358723,186.01534903358723,182.89574104234933,183.279541015625,6398100
2024-12-06,184.02746327271848,189.5679740577292,183.41732354727736,188.64291381835938,10503400
2024-12-09,193.1796376672107,195.15768150066532,185.9267802454034,187.42262268066406,20158000
2024-12-10,170.70269350004705,174.9737014326153,168.34083479272118,174.91465759277344,26502000
2024-12-11,175.17052034110716,178.49679682469002,172.05091231450882,175.74130249023438,13188700
2024-12-12,175.17051844022666,175.33781432442913,172.03122416221137,172.5331268310547,8154200
2024-12-13,172.21821247672437,173.34009051735185,168.91162219652182,170.63380432128906,8351100
2024-12-16,171.0766606071172,171.49983319703065,168.21291394722587,168.50814819335938,9572000
2024-12-17,168.03579085452722,170.24018965137822,166.57932085430264,167.0123291015625,8940200
2024-12-18,166.71707111672612,168.5081326836056,162.7314467013606,162.78065490722656,8817900
2024-12-19,164.88663890614245,168.2817949232771,164.73901428681884,166.10691833496094,8386400
2024-12-20,165.0637906227545,168.5376771919221,162.99718084553425,166.96311950683594,13810500
2024-12-23,166.89421408996543,166.92373601226345,164.51268392175558,166.4513702392578,6518200
2024-12-24,167.00247796310254,169.03958084326192,166.34312995805377,168.685302734375,2451500
2024-12-26,167.78972280339377,169.80713889606565,167.78972280339377,168.95095825195312,4100100
2024-12-27,167.67165694022043,168.42940626554136,164.54219817632858,166.27423095703125,4344300
2024-12-30,163.86317002478967,165.24092478915858,161.93433437740507,164.25682067871094,5254800
2024-12-31,164.54221532105277,164.64063174520604,163.20383304025341,163.99111938476562,4307500
2025-01-02,165.8412328040556,166.00852870482439,162.27876562926969,163.39080810546875,5360800
2025-01-03,164.0501272726039,164.54217925303536,162.6428658163626,163.67617797851562,5876000
2025-01-06,164.65047264957218,165.37871516938975,162.56417653366037,163.0562286376953,6845400
2025-01-07,162.9479641551263,163.51874635425347,158.75568595410778,159.4543914794922,7712200
2025-01-08,159.60197598583977,161.3733661499484,158.8638980021474,160.54672241210938,7596200
2025-01-10,157.05445591369823,157.05445591369823,151.84561576669083,152.4178009033203,13593900
2025-01-13,151.66804466570593,152.07250763725156,150.36582713835213,151.84561157226562,8828500
2025-01-14,154.31191778465455,155.13073363821624,152.26982310907178,154.20339965820312,7410200
2025-01-15,156.5315862228899,157.00511299845525,155.14058532570036,156.1764373779297,10701200
2025-01-16,157.9916416516234,159.32345363203478,156.27510138272783,157.38986206054688,9210600
2025-01-17,159.5898193781923,160.96108565544463,158.37638533011818,158.8597869873047,11618300
2025-01-21,161.66150149252965,171.0334689663845,160.5566006705131,170.2442626953125,30232000
2025-01-22,188.9290045876248,189.40254644151932,178.13645616770688,181.7372589111328,48028500
2025-01-23,179.19203193861023,184.05559801567262,179.053919324728,183.95693969726562,17314600
2025-01-24,186.09769481882475,186.55150201416427,179.41893001234166,181.12562561035156,12147200
2025-01-27,166.62371944856076,170.1949427468711,150.60259645007028,156.1468505859375,42201600
2025-01-28,160.79336647538994,163.59508778686242,154.63745840584357,161.7897491455078,20319300
2025-01-29,161.81936205540683,161.81936205540683,157.85353548910348,159.83645629882812,9866600
2025-01-30,162.55925143751233,169.17882709370522,161.88842305313997,168.0837860107422,14981700
2025-01-31,168.11337070067862,170.6684613943479,166.85062259519168,167.76808166503906,8704600
2025-02-03,161.00054112899153,167.6102418299768,161.00054112899153,166.32777404785156,8250600
2025-02-04,168.10348625014618,168.10348625014618,164.1080807826896,165.6273193359375,6777000
2025-02-05,166.712512724524,169.57342315504204,166.2488457505018,169.34652709960938,7866700
2025-02-06,170.66847083654636,173.28275064024098,169.25775023953454,170.02723693847656,7036900
2025-02-07,172.6415109191824,174.99930009475284,170.84603198011322,172.10879516601562,9991300
2025-02-10,173.6280370785508,177.56426902008891,172.56259049919132,176.50868225097656,7625900
2025-02-11,175.2262148871625,176.70599942469352,174.07198475426597,174.80201721191406,6528800
2025-02-12,172.53300133556849,172.53300133556849,168.40934255330467,169.89898681640625,7454800
2025-02-13,170.6684659036804,172.02987235621913,169.78060129306962,171.51687622070312,6421700
2025-02-14,171.90161914357682,172.6711058184184,170.4810237275169,171.81283569335938,7260900
2025-02-18,174.36793301883935,179.78394948336603,173.71682425308614,177.3768310546875,11430500
2025-02-19,176.17325921563645,179.2314711377686,173.33206848005773,179.07363891601562,8688500
2025-02-20,177.38668647155018,177.84049364487475,172.0791882661076,173.62803649902344,8737000
2025-02-21,173.74640354351183,174.49617056086515,165.29191035110583,165.54840087890625,9713900
2025-02-24,171.2307817562607,171.8226864463217,162.4408593725837,167.66943359375,10639100
2025-02-25,167.00847747914568,168.30083529582706,162.2238498053969,166.26858520507812,8316100
2025-02-26,168.67570513434083,171.52675611730825,166.8506465425534,170.1456298828125,6915100
2025-02-27,170.66847501289857,172.50340835215732,162.3619533533304,162.53952026367188,7436800
2025-02-28,160.91176639946605,163.91078968242658,158.64276049916796,163.82200622558594,12843300
2025-03-03,164.70000733016204,164.86771442919294,158.9584514549923,159.83645629882812,8081800
2025-03-04,157.0741935737138,157.60690937137895,151.4510154732645,155.3477783203125,13171900
2025-03-05,155.92981434435532,160.30011882019525,154.93343158861498,159.3826446533203,7141000
2025-03-06,155.04195095123157,155.04195095123157,147.71207758067854,148.90577697753906,12321200
2025-03-07,148.59008594702038,154.3711111931324,146.49866205323346,153.06890869140625,12646500
2025-03-10,148.5012841911105,150.46447009211823,144.82155815604267,146.78472900390625,21486100
2025-03-11,141.48712538830378,143.81532024631758,135.8442126824932,142.23687744140625,27200200
2025-03-12,144.25923002730275,150.17836704059073,143.0556709636827,148.85643005371094,15373900
2025-03-13,147.7712665647355,148.14615010402989,143.51935504413277,145.66998291015625,14187700
2025-03-14,146.9129964673871,148.84658808013847,145.887019218862,147.25828552246094,9330000
2025-03-17,148.3730389172199,153.65094248116975,148.3730389172199,151.93438720703125,9885000
2025-03-18,150.31648170507728,150.36581085816263,146.6268958833397,147.4358367919922,9402500
2025-03-19,148.03761206169372,151.99357820660455,147.97842310095632,150.39540100097656,6909500
2025-03-20,149.53715335856361,152.40793880940322,148.78740132170154,150.6617889404297,7051600
2025-03-21,149.6061901618897,151.76667769826028,148.08695153554012,150.17837524414062,17620200
2025-03-24,154.2329809520935,154.48948653075763,151.95411554465187,152.7827911376953,7848300
2025-03-25,152.42765386090417,153.50297530462936,150.98733879996044,151.85546875,8521200
2025-03-26,150.82948824703425,150.96760085335166,144.58479637318882,145.80809020996094,13210000
2025-03-27,143.88435617980093,145.05830566535369,142.96688214957854,143.81529235839844,9148300
2025-03-28,141.8422666827716,143.6870597580222,137.23520637319132,138.9714813232422,13144500
2025-03-31,136.77155112103358,138.69526800264427,134.9168830233029,137.92578125,15509900
2025-04-01,137.87644124605794,141.31941174004373,136.88991830197386,140.02706909179688,9518500
2025-04-02,137.97510349956963,145.89688176240273,137.97510349956963,143.8942413330078,11594400
2025-04-03,137.37330401217324,139.49432207440708,134.7984788249719,135.38052368164062,14433800
2025-04-04,131.11877151940791,132.01651103461612,125.23908799644015,126.54130554199219,14986900
2025-04-07,117.25810813914657,132.30258180513655,117.25810813914657,125.44625091552734,19482700
2025-04-08,130.7537513038323,131.19769869467626,120.0598456368905,122.82211303710938,11950300
2025-04-09,121.73692912869234,138.69525290726696,121.73692912869234,137.80738830566406,17762000
2025-04-10,135.29261404154528,135.29261404154528,127.97602143380362,132.02540588378906,12401600
2025-04-11,130.79773312989215,131.67889202865217,127.56021027630857,131.0353546142578,10190200
2025-04-14,135.44112951537778,135.44112951537778,131.55015947306563,133.30258178710938,8217700
2025-04-15,133.42140507772925,135.12432129141297,132.3917421869356,132.60955810546875,8630000
2025-04-16,130.96601092390077,131.2234228057926,126.58001550725024,128.47103881835938,8295200
2025-04-17,129.5997353869443,129.99577116305585,127.16417956954382,127.3423843383789,8925500
2025-04-21,125.6295698624131,125.93648813912411,120.0356911892917,121.5999984741211,12201200
2025-04-22,123.26330873367218,126.71863953015153,122.16433405151693,125.97608947753906,11233700
2025-04-23,133.56993216489585,134.520387950627,129.68887164084518,130.09478759765625,9528900
2025-04-24,131.19373973151292,136.49060289205306,130.68881112712089,136.14407348632812,7305900
2025-04-25,136.12426746865307,137.6192626531209,135.4015079458678,137.1143341064453,5476400
2025-04-28,138.26281717063657,139.27268949716935,136.7084202111726,138.74795532226562,6985100
2025-04-29,138.42123354048258,139.75782973101965,138.16382161731238,139.39149475097656,4851500
2025-04-30,137.10443445105196,139.89642983857019,134.22335179214335,139.3221893310547,9443500
2025-05-01,145.10417861674446,147.1635192434107,143.8962959885343,144.04481506347656,11525800
2025-05-02,146.85660340215742,151.53961491755047,146.85660340215742,149.23275756835938,11346000
2025-05-05,147.95558695738166,149.32188399368312,147.04472730225424,147.80706787109375,5187400
2025-05-06,145.51999988582276,147.46053727233135,144.272521277708,146.23284912109375,5108600
2025-05-07,146.0348410560631,148.41099513883339,145.77742914771574,147.88626098632812,6049600
2025-05-08,147.56943876910046,150.3020173134843,147.13380702132514,148.80702209472656,6113600
2025-05-09,148.5496108600157,150.2921380360522,148.3020941686214,148.8466339111328,4707100
2025-05-12,154.75733031509202,155.8662002339013,152.88610477349158,155.65829467773438,7875500
2025-05-13,156.64836857273028,161.59870251800118,156.00483120273316,160.65814208984375,11955200
2025-05-14,160.7472393608459,161.78681247772212,159.460149554581,161.3313751220703,7499400
2025-05-15,159.75718807048546,160.13341830909198,157.33152730107585,157.816650390625,10169200
2025-05-16,158.41067485792993,159.24232727520143,156.94538034551545,158.89581298828125,8515500
2025-05-19,156.72757439360814,160.36111766561754,156.26224179813906,158.05426025390625,10268900
2025-05-20,157.05428552673985,158.76709668849756,155.96520611335694,158.71759033203125,7576400
2025-05-21,156.77708961325493,159.3017479607237,154.90586389643238,155.6186981201172,6011000
2025-05-22,155.42066692197218,157.60872098439827,155.26226773086134,155.7473907470703,7603300
2025-05-23,153.45043896449712,155.8166977067914,152.72767941658617,154.4207000732422,6527500
2025-05-27,157.73744276468233,160.78683507779004,157.3414069980828,160.3017120361328,6976800
2025-05-28,160.26209958963017,162.68777520687345,159.6779638343156,162.22244262695312,8090700
2025-05-29,163.36102193237912,163.6778505597138,159.88589290441695,161.28187561035156,6994700
2025-05-30,161.80661110753167,164.1035733525292,159.945295782235,163.88575744628906,17547900
2025-06-02,162.53925134378008,165.34114196966527,160.98485445167555,164.91542053222656,7166000
2025-06-03,165.14314718903495,167.64801501369473,164.93522651143107,167.45989990234375,7155300
2025-06-04,168.02424498491496,168.78658555147348,165.90550261564442,166.43023681640625,6375800
2025-06-05,167.32129059362612,170.54890294990966,167.0836691210476,169.44003295898438,7707800
2025-06-06,172.2716220464156,173.0537681660011,170.9449361690324,172.2914276123047,6833700
2025-06-09,173.12307359961633,176.94473188297388,172.0636949189789,175.39031982421875,9668900
2025-06-10,175.94476724332173,176.08337598281472,172.54883046491392,175.717041015625,11056700
2025-06-11,175.78635173035556,177.76648519933795,174.44975559590466,174.6279754638672,18002900
2025-06-12,188.07308585110243,200.47862097872823,187.00381195179557,197.87474060058594,54610000
2025-06-13,199.57767291414385,214.448480894246,199.20144268535708,213.08218383789062,53707400
2025-06-16,211.08221323990006,213.03264580886614,207.89419732043362,209.00308227539062,22665300
2025-06-17,208.56746750906174,213.7356172103336,205.41904735316032,206.11209106445312,17819200
2025-06-18,208.99317598990834,212.5871229437161,207.488285483735,208.77536010742188,15055400
2025-06-20,211.23074220639663,211.67626921201432,202.60725436876237,203.13198852539062,20879100
2025-06-23,203.46862792026585,205.21115520219848,200.5281282392254,204.98342895507812,13418400
2025-06-24,207.90413187666417,214.2207477605944,206.47843327363904,213.13168334960938,19030600
2025-06-25,212.80494436177884,214.77516747658547,208.14172343824995,208.62686157226562,11804600
2025-06-26,209.89416214036592,212.2901219896678,208.27045318847456,210.70602416992188,10531100
2025-06-27,211.56735364995322,212.51780921341899,207.8744091219683,208.15162658691406,14127500
2025-06-30,224.25013400207814,225.9530501355281,216.2107962840847,216.45831298828125,31844200
2025-07-01,217.1216379850318,220.9531914147849,214.16133300908155,216.78501892089844,16962200
2025-07-02,215.5177320750947,229.59648306878665,214.56727641462405,227.695556640625,22326900
2025-07-03,230.90336679891624,235.62598938870926,228.903427749872,234.962646484375,18441400
2025-07-07,232.7746078225122,232.91321657133702,227.22033242559763,229.95291137695312,16584300
2025-07-08,234.77455012955423,239.0417357114817,230.8736844371353,232.17066955566406,20401800
2025-07-09,233.17062830361073,234.1606951107196,229.69549924925798,233.4676513671875,10871600
2025-07-10,238.0613893306398,238.18044494462615,231.6718089651554,233.16006469726562,11486300
2025-07-11,229.55849275038432,232.167906112384,228.07023694197161,228.7548370361328,10208200
2025-07-14,227.6535457287186,228.83423118879762,223.35744512744554,227.48487854003906,11337000
2025-07-15,230.5903539939531,233.75538037239969,227.40547996611332,233.12039184570312,10728800
2025-07-16,233.6561592547084,239.4405152474564,231.36424775819557,239.41075134277344,12597500
2025-07-17,241.4347827840016,249.63012137843586,240.11519410965505,246.80242919921875,17631300
2025-07-18,246.5543824927447,247.72513647875357,243.08178555622717,243.52825927734375,9678100
2025-07-21,243.3893553420635,244.86769491259287,241.3355701747966,241.63320922851562,7348400
2025-07-22,240.08542267865772,240.39299312331602,233.56687011284907,236.2457275390625,11380900
2025-07-23,238.07132813214807,241.5141612629656,236.7914347426206,240.0060577392578,7255800
2025-07-24,240.51207739855644,242.16900047432472,238.67655574336618,240.9287872314453,8237900
2025-07-25,240.44260331130414,243.5481019238865,239.53972449292155,243.20083618164062,7149600
2025-07-28,244.07395057867404,245.84001291236595,241.5141487924719,245.77056884765625,6756800
2025-07-29,246.7528043226264,251.0885997726585,244.65932392811294,248.0227813720703,8415300
2025-07-30,246.69327856413472,249.08441316120988,243.67708683146904,248.637939453125,8441400
2025-07-31,253.76745256870538,258.82751302603447,251.33663787593076,251.78311157226562,15548700
2025-08-01,245.8896222516845,246.4650829710874,240.1052662924657,242.50631713867188,12718200
2025-08-04,243.97473038529088,250.92985557852933,243.97473038529088,250.55282592773438,8614800
2025-08-05,253.41028451464035,256.4661564945478,249.4019070034579,253.66824340820312,11197300
2025-08-06,254.8290805464299,254.8290805464299,249.74917217266304,254.4222869873047,9930200
2025-08-07,255.69225940363955,255.7418860974401,244.58988386411806,247.43740844726562,11954200
2025-08-08,248.0724069882153,248.92567428599088,245.91939866298046,248.09225463867188,8313300
2025-08-11,246.45515619542252,252.69591737295815,243.63739549394302,250.70164489746094,9012100
2025-08-12,250.60244414740995,255.8510197963839,249.1141882938347,251.87242126464844,9998400
2025-08-13,255.15650402347657,255.652589279729,240.74025254860607,242.2681884765625,14182100
2025-08-14,243.03216760458633,246.9710858086319,240.6708120446389,243.04209899902344,10285600
2025-08-15,244.98675277993945,248.6677122176607,241.02798679665295,246.3361053466797,11554000
2025-08-18,244.27236405152783,247.2091952723533,241.71256244981828,247.11990356445312,6759900
2025-08-19,247.29851058685009,247.29851058685009,230.41176351859968,232.78305053710938,16819300
2025-08-20,230.3621484950748,234.03319160110135,226.46292554339232,233.2196044921875,11256400
2025-08-21,231.2253485495118,234.0728731691948,230.61019251684846,231.33448791503906,7403100
2025-08-22,232.22745170515384,236.63269165767636,229.64781718996323,234.5193634033203,9343600
2025-08-25,235.49169261501788,237.1585319182704,233.4279759971899,233.56687927246094,6308600
2025-08-26,233.16007453684682,235.05512388247692,230.88801068457616,232.3762664794922,11805200
2025-08-27,233.160074152759,234.67809384992702,230.8582312602067,233.96372985839844,5637600
2025-08-28,233.69584168975658,240.05565846716186,233.2791318808173,238.4384307861328,8691500
2025-08-29,235.7496410736107,236.3548657046265,221.36316833767134,224.35952758789062,16618600
2025-09-02,220.26186018655545,223.6848455264553,217.0769860874216,223.53602600097656,10461900
2025-09-03,224.13131524343146,224.13131524343146,220.01381362589055,221.70050048828125,8900800
2025-09-04,220.26185778972814,221.8195727896196,217.84095927281098,221.2540283203125,10303100
2025-09-05,230.72926753982128,232.78305273355244,224.12140795433243,230.97731018066406,15386100
2025-09-08,238.0117875654743,240.5219777923742,233.46764472652313,236.61282348632812,18803000
2025-09-09,238.06141017718844,241.58361874614585,232.7235276393433,239.61911010742188,41178700
2025-09-10,316.6909154354322,343.01319851338906,309.6464985823941,325.75933837890625,131618100
2025-09-11,327.753620670634,328.4084568766953,302.21516002745483,305.4496154785156,69986000
2025-09-12,303.3958524617288,305.5587770758331,289.46576893373555,289.89239501953125,51781900
2025-09-15,304.05069751457376,304.62614314949616,294.96241103469316,299.7744445800781,40004000
2025-09-16,311.6010716730762,317.464803090706,299.9033727423266,304.24908447265625,51923300
2025-09-17,305.28097045856873,306.24337713948984,292.72008718868165,299.0501403808594,27707900
2025-09-18,300.66738650133055,301.4412783566387,289.71381462119393,294.2976379394531,24673100
2025-09-19,296.659006160762,308.67417746181854,294.9921668378368,306.2433776855469,40776200
2025-09-22,307.20576241383026,326.9201857670998,304.5169887873617,325.58074951171875,44437500
2025-09-23,321.46325137128787,322.4554219002116,307.6224603813452,311.37286376953125,35280200
2025-09-24,309.41829571682797,310.02353550216606,297.68093133705037,306.044921875,33765300
2025-09-25,292.9581653252245,296.4109294793868,286.2907785204338,289.04901123046875,39274900
2025-09-26,290.7059773479162,291.6981479190695,280.7842716363832,281.24066162109375,25990700
2025-09-29,282.37173267971315,283.74093282556447,277.42078125448995,280.546142578125,25778500
2025-09-30,281.46888554985946,281.7764560197021,273.73986794369296,279.0380554199219,23880800
2025-10-01,276.61711025451444,287.7195000486679,275.7043303935629,286.7471923828125,23378300
2025-10-02,289.5153257984928,292.6605194541117,283.8103456991707,286.51898193359375,16215500
2025-10-03,287.33259026115996,292.3331381880587,281.77642926223274,283.8996887207031,13688400
2025-10-06,290.0908300479016,294.35715129841975,288.5231836239734,289.3070068359375,14076800
2025-10-07,290.9242281406545,290.9242281406545,268.87819895606344,282.0145263671875,31723400
2025-10-08,283.1853193738434,289.247466636652,281.3795617845911,286.37017822265625,18982100
2025-10-09,289.7692794097808,299.13175794613176,285.5055034066416,295.146240234375,26479800
2025-10-10,298.44598385734787,305.8405451253415,290.2265053116295,291.1706848144531,28895300
2025-10-13,296.8756490770431,308.802356955633,295.9214906083015,306.1287841796875,21703700
2025-10-14,301.7158926964915,302.5607072174655,290.1966845828224,297.1737976074219,17346200
2025-10-15,303.0377448479234,309.1104423455758,297.0942885286036,301.76556396484375,13698900
2025-10-16,303.7334904599572,320.5700283106327,301.218944174788,311.0882873535156,32500900
2025-10-17,301.8948161025456,302.42157786060454,285.7440646238086,289.5307922363281,37653000
2025-10-20,287.1851923346052,287.47339926326885,273.62848679810674,275.487060546875,32810700
2025-10-21,276.41139537535275,278.58802211509135,270.5971492145158,273.469482421875,18370800
2025-10-22,273.14150104249836,275.5069696723458,267.60551341129235,270.99468994140625,16474000
2025-10-23,271.2928456978201,281.37092862392143,270.7263501135002,278.35943603515625,16872200
2025-10-24,284.17369501008807,285.4359272907555,280.5260969843573,281.5994873046875,13194900
2025-10-27,284.819741794986,285.2471082316668,278.1010197139325,279.6813049316406,13855800
2025-10-28,281.2715363666465,283.71650306635905,278.826569666934,279.1147766113281,12448500
2025-10-29,279.74094150743355,279.8999679283885,269.6927040785489,273.6185607910156,18007100
2025-10-30,267.09859824990275,268.1123877746653,254.71470909014405,255.3209991455078,27954200
2025-10-31,257.9250006138069,264.18650997460566,255.14208397364064,261.00604248046875,16898700
2025-11-03,263.61999512049596,263.99767906349524,253.6711382353916,256.275146484375,15709200
2025-11-04,248.45319374117324,253.72082598196428,243.69245628106228,246.6542510986328,19772600
2025-11-05,246.39583830483892,250.85840492755264,245.52120824711656,248.7811737060547,11991500
2025-11-06,246.42565708204958,247.5487602239833,237.8284796646712,242.31094360351562,18678300
2025-11-07,237.54025374641034,238.93169686529873,230.93087618330165,237.7986602783203,20969300
2025-11-10,244.44780881992486,245.7299383831608,235.62205548440846,239.3590850830078,16698700
2025-11-11,234.78718532692136,235.99973520578885,227.49201912596652,234.70767211914062,20686600
2025-11-12,235.2940725247426,235.36363710080596,224.78862345731153,225.60362243652344,24195000
2025-11-13,223.61582877494683,223.78478864210007,213.90549698606432,216.24114990234375,30009000
2025-11-14,209.5423170741818,225.66325152000962,209.48268596220845,221.48890686035156,36053800
2025-11-17,216.87724987551331,221.43921198573736,214.24342612748393,218.5171661376953,16143800
2025-11-18,214.8894528741254,222.33369621864102,213.1898904313921,219.143310546875,21098300
2025-11-19,217.72205734969137,226.75653523722693,215.98274572452783,224.1525421142578,21679500
2025-11-20,229.74816073088968,232.57081138314774,209.01556557105027,209.40318298339844,27459600
2025-11-21,205.81522730349292,207.03771063364235,192.3678651750686,197.54603576660156,44834100
2025-11-24,195.65763761078736,202.57513465014713,193.11327576454698,199.05674743652344,31144700
2025-11-25,192.89461986224512,198.19206765370456,184.49623294040668,195.82659912109375,29595000
2025-11-26,208.22044009872053,208.71738625647404,201.00478734775314,203.7081756591797,26544100
2025-11-28,198.29145302601484,201.10417013591825,196.40306366784893,200.716552734375,13848500
2025-12-01,199.27540773634416,202.25708466007998,195.49861393316016,199.7127227783203,13461200
2025-12-02,203.88706814290677,208.4192146561499,198.77846226921176,199.8717498779297,19664500
2025-12-03,199.10644574185528,206.6500846387668,198.18211801923997,206.46124267578125,19060500
2025-12-04,206.59046556576504,214.09435588090784,205.05987801156445,213.0209503173828,23316900
2025-12-05,217.66240858699956,218.15935472532604,212.31526328561696,216.25108337402344,24208700
2025-12-08,219.99807395159152,223.37730181718248,215.58518956706192,219.19300842285156,24711200
2025-12-09,218.6861329081547,221.2603104590427,216.9468212928638,220.17697143554688,17643600
2025-12-10,220.44531749821974,223.94382267748554,216.2510907347346,221.64791870117188,47928000
2025-12-11,189.4557385350861,200.75630389082409,185.09255210218797,197.63548278808594,100612700
2025-12-12,195.17062760321016,196.64159913778155,184.84408713319328,188.80972290039062,55201600
2025-12-15,187.13996997851825,187.81582461231847,180.29205280337976,183.79055786132812,43897500
2025-12-16,183.5719156903098,188.64077278789267,183.363206787634,187.49778747558594,32433500
2025-12-17,182.19039416605673,185.36091301353378,175.9885159513689,177.37002563476562,50222000
2025-12-18,181.6040079782062,183.63154166108345,177.4892943334785,178.93043518066406,36297300
2025-12-19,187.2393644578158,193.92825519995077,186.97100929809253,190.79750061035156,77008600
2025-12-22,195.61789586863685,197.5857984376681,191.6522600082981,197.16836547851562,27148000
2025-12-23,195.23026589533842,195.9955672467528,191.01617206183226,194.1469268798828,18301600
2025-12-24,193.80900090050727,197.0689664716376,193.23254153949614,196.28379821777344,9282700
2025-12-26,196.85031103645164,199.14619987573178,194.91222404001994,196.78074645996094,11262000
2025-12-29,192.97414140962576,197.29756401246874,191.46342079835316,194.1866912841797,14748100
2025-12-30,194.86252317110745,197.16836060149714,194.5146699632147,196.00550842285156,14197400
2025-12-31,195.22031530553,195.9955500527643,193.54063496465824,193.71954345703125,10341500
2026-01-02,196.26390863962519,197.37706313396703,193.02382528468442,194.51466369628906,14540700
2026-01-05,197.12859218718208,200.45813740850738,191.1553050133387,191.41371154785156,22635500
2026-01-06,191.38390085601517,193.6897382955301,189.53526055212583,192.56663513183594,16474500
2026-01-07,194.1071673765467,194.47490267105863,190.82731978462982,191.6621856689453,11171200
2026-01-08,189.71416714986842,189.7837317247868,185.01304564983556,188.49166870117188,19468500
2026-01-09,190.99294612598993,199.48328198944458,188.1229648731703,197.82907104492188,26152700
2026-01-12,196.91227558643226,205.8809518290306,196.3243174764324,203.96762084960938,25428500
2026-01-13,204.28651223022646,207.0767700725562,199.96162093774046,201.5859375,15857400
2026-01-14,200.9780623608245,200.9780623608245,190.14589935080318,192.9361572265625,22473200
2026-01-15,194.3312687380796,194.3312687380796,188.73083382608039,189.18923950195312,16418600
2026-01-16,189.24904092827342,191.20221082953415,185.88079981369137,190.4249267578125,19224700
2026-01-20,186.53849399405735,186.53849399405735,178.73574421850324,179.29379272460938,29129500
2026-01-21,179.0546273363009,179.97143871298334,170.00624310773912,173.2748260498047,38190000
2026-01-22,178.7457056604346,179.53296461501938,175.88569943626916,177.55984497070312,21141900
2026-01-23,172.0192038769268,179.024735260759,171.40136660730013,176.5434112548828,23011300
2026-01-26,178.4766666339379,184.66504484140142,177.90864316260036,181.80503845214844,21100400
2026-01-27,178.56633706575496,179.0944912003547,173.07550472221547,174.291259765625,27093700
2026-01-28,174.311194419325,181.04766097025964,171.26184708944726,172.19857788085938,35882700
2026-01-29,169.55779989771733,169.6375232885373,160.95784629043263,168.42176818847656,37254500
2026-01-30,167.58468837081855,168.3121433737541,162.6718543621554,164.00718688964844,27362400
2026-02-02,170.32511719311208,170.6041414466142,159.4431256894864,159.50291442871094,47421000
2026-02-03,157.70918503273225,158.8252973147647,151.37131982433368,154.13168334960938,43260100
2026-02-04,153.35438749268448,153.4042165095504,143.92730619412305,146.15951538085938,42323400
2026-02-05,145.09325864061893,146.039949211642,134.7792747837658,136.00498962402344,42789000
2026-02-06,139.26361453151182,142.70160412102805,138.4265417142819,142.32293701171875,29962400
2026-02-09,147.97319865369118,159.19400370697278,146.48837899796555,156.0449981689453,49936500
2026-02-10,159.44312911203085,164.81436891576513,156.41371634940222,159.33351135253906,40092200
2026-02-11,163.09039916229338,163.09039916229338,153.46401630814597,156.61302185058594,24538900
2026-02-12,157.3803293726937,158.48646671051813,151.96923537258098,155.9353790283203,23285400
2026-02-13,158.69573980210455,161.7351274987914,154.7495156571849,159.5826416015625,18597000
2026-02-17,157.4301503718071,158.72562879601853,152.34790991545935,153.43411254882812,19610800
2026-02-18,153.87259581349628,156.752536862897,150.84316769997875,155.62646484375,14801100
2026-02-19,156.64290979185859,159.5228506701595,155.22785386191407,155.9951629638672,14976300
2026-02-20,152.76645438659003,153.45405532849043,146.8770200297793,147.5646209716797,29621900
2026-02-23,145.18293679819485,145.29255455777212,138.10764185605854,140.81817626953125,31749800
2026-02-24,140.34980638633397,146.249200155314,138.24714957833874,145.63136291503906,21336600
2026-02-25,148.64085873585188,152.74651438864691,146.82718586822284,147.37527465820312,27303900
2026-02-26,148.27213601364468,151.9692302062104,144.64480548776962,149.78684997558594,20652200
2026-02-27,143.37923739277232,145.57157735663532,141.60543381427286,144.89393615722656,36425200
2026-03-02,141.12709589882863,149.64734121886437,140.68862485741477,148.7305450439453,22418800
2026-03-03,144.2462108004705,150.40469457426053,142.55213053686913,148.4913787841797,20120800
2026-03-04,149.48788920455578,153.07536559442755,148.58106798867487,151.8396759033203,17585400
2026-03-05,152.0589112977936,157.3902968608138,149.59750684443316,154.25125122070312,24094800
2026-03-06,152.38777352357633,158.63595559593048,151.0922950184539,152.42764282226562,38000600
2026-03-09,150.1754937957557,151.4709722575155,145.92035104119384,151.03250122070312,31173500
2026-03-10,153.085334013108,153.6035284556817,147.93332957555808,148.88002014160156,51544600
2026-03-11,165.80092476166314,171.162189509188,160.02110842929054,162.55226135253906,83247500
2026-03-12,164.08692166549116,167.24588698590296,158.0579750193652,158.60606384277344,37133700
2026-03-13,158.4964340279975,160.21044883324424,153.6134792155877,154.5701446533203,26350400
2026-03-16,155.5168376506391,158.18751793631904,153.9722293158369,155.42715454101562,21607700
2026-03-17,154.89900098919819,158.36688475898694,152.96575063297982,154.151611328125,23929500
2026-03-18,152.86608812862858,154.43063107214766,151.5108209745941,152.36782836914062,18051100
2026-03-19,149.93634260912145,156.37385057695357,148.3717995707142,154.97872924804688,22046100
2026-03-20,152.51732365860767,152.71662453203183,147.4350677550405,149.15904235839844,37551400
2026-03-23,150.89299062422435,155.2378165334504,150.18547024864722,153.80282592773438,19927900
2026-03-24,152.46749843615302,153.36435999173983,146.33890899305118,146.57806396484375,26122100
2026-03-25,148.71061441825918,149.3184919774499,144.0967390483517,145.5117950439453,20683800
2026-03-26,143.38920072701563,145.960223049612,142.04389322141546,142.31295776367188,16961900
2026-03-27,140.43948851881788,141.1968530849201,137.8186525236201,139.17391967773438,17929600
2026-03-30,139.55259963483925,140.7085660329705,136.47335768619322,138.31692504882812,20125700
2026-03-31,139.8116962252777,146.88697592301912,139.36326546789041,146.59799194335938,24492000
2026-04-01,148.57109923446666,149.1291477614807,144.16648455404064,144.7245330810547,20495900
2026-04-02,142.28306777853768,145.93033317689762,139.8117034193226,145.87054443359375,14381900
2026-04-06,146.92684351639843,148.03298081482288,143.3493420145837,145.033447265625,12556700
2026-04-07,143.27958470837012,144.06684369566656,139.4529531515068,142.6717071533203,17250400
2026-04-08,149.7768929333519,150.9328592725024,142.4026390647506,143.16000366210938,23527000
2026-04-09,142.1999969482422,142.8000030517578,136.0,137.86000061035156,30407800
2026-04-10,137.32000732421875,140.1699981689453,134.57000732421875,138.08999633789062,26171800
2026-04-13,139.77000427246094,155.91000366210938,139.72000122070312,155.6199951171875,49997700
2026-04-14,167.92999267578125,169.39999389648438,161.55999755859375,163.0,59779800
2026-04-15,166.88999938964844,172.55999755859375,166.2100067138672,169.80999755859375,43010800
2026-04-16,176.4199981689453,180.27000427246094,173.8000030517578,178.33999633789062,46997300
2026-04-17,182.92999267578125,184.5,173.36000061035156,175.05999755859375,45282600
2026-04-20,176.80999755859375,177.75999450683594,173.50999450683594,177.5800018310547,22330900
2026-04-21,178.35000610351562,185.33999633789062,176.00999450683594,181.1699981689453,39638000
2026-04-22,186.17999267578125,189.17999267578125,182.8000030517578,187.5,32448800
2026-04-23,180.39999389648438,181.88999938964844,174.0800018310547,176.27999877929688,37084200
2026-04-24,180.50999450683594,180.7100067138672,168.8000030517578,173.27999877929688,33215000
2026-04-27,172.5800018310547,173.5500030517578,167.89999389648438,172.9600067138672,21616600
2026-04-28,162.16000366210938,168.6999969482422,162.0500030517578,165.9600067138672,33716500
2026-04-29,164.0399932861328,164.75999450683594,160.64999389648438,163.8300018310547,20587500
2026-04-30,162.02000427246094,165.17999267578125,160.3300018310547,161.38999938964844,21016400
2026-05-01,166.4199981689453,174.3000030517578,166.14999389648438,171.8300018310547,26318000
2026-05-04,176.02000427246094,183.5,174.25999450683594,180.2899932861328,33504500
2026-05-05,182.1300048828125,186.52000427246094,179.0,185.35000610351562,23497200
2026-05-06,186.1999969482422,194.2899932861328,182.6699981689453,194.02999877929688,27685500
2026-05-07,198.61000061035156,200.14999389648438,190.8000030517578,194.58999633789062,31803200
2026-05-08,192.5800018310547,198.0,190.2100067138672,195.9499969482422,21158300
2026-05-11,192.14999389648438,195.67999267578125,190.60000610351562,193.83999633789062,16890600
2026-05-12,192.9199981689453,192.9199981689453,180.8699951171875,186.8300018310547,22123400
2026-05-13,189.02999877929688,191.57000732421875,185.05999755859375,189.75999450683594,15789300
2026-05-14,188.17999267578125,200.7100067138672,185.4499969482422,195.61000061035156,22497800
