Date,Open,High,Low,Close,Volume
2020-01-02,77.46420205519793,78.12531790046255,76.62040230248301,77.15103912353516,8413900
2020-01-03,75.90707526996131,76.23763313623944,75.19376129984254,75.69829559326172,8340300
2020-01-06,74.73273316391638,75.28946580939245,74.41086940706,75.25466918945312,8381400
2020-01-07,75.7157163439134,77.84695798023404,75.60263230138409,77.39461517333984,8377400
2020-01-08,77.33372406856739,77.82956432010971,76.48122341738001,77.16844177246094,7619900
2020-01-09,77.99482929893628,78.91691635295173,77.27281448199653,78.2123031616211,9155500
2020-01-10,78.7342432834066,80.3696444283536,78.17751069632779,78.51676940917969,9668300
2020-01-13,79.20398501493311,80.66540966662242,78.76903728093957,79.13439178466797,10367800
2020-01-14,79.27356533174884,79.69111804350322,78.54285638214768,78.77772521972656,7800100
2020-01-15,78.94301347561938,79.31706879116773,77.63817027767526,78.00352478027344,7259100
2020-01-16,78.48197397059351,80.23046580391303,78.13401443925378,79.84770965576172,9295500
2020-01-17,80.90028713441194,83.65785446864028,80.85678970167211,83.43168640136719,23694400
2020-01-21,82.92714750608484,83.26640625245489,81.26564375718519,82.23992919921875,10868500
2020-01-22,82.8662607305357,82.97934477477688,80.64802418831484,80.87419891357422,8342300
2020-01-23,80.76978234365093,80.85677055175208,79.56062833175288,80.0303726196289,11282000
2020-01-24,80.62190407042402,81.11774417147032,77.27280818533764,77.98612213134766,9471700
2020-01-27,75.94188490033446,76.74218722120771,75.20246836629958,75.72441101074219,9240200
2020-01-28,76.6812976466154,77.89045198673138,76.02017513939408,77.55119323730469,9187000
2020-01-29,77.12494801716846,77.43810433113242,75.98538025433749,76.75089263916016,8158500
2020-01-30,75.95059162270027,76.42903691354184,74.97631268393569,76.35944366455078,8379400
2020-01-31,75.72438454495366,75.82876772793898,73.97589322543475,74.21076202392578,9503600
2020-02-03,74.4195734624676,75.3155648954049,74.08031469925399,75.22857666015625,7792700
2020-02-04,76.768265506532,77.37718960371521,76.00275997910526,77.35979461669922,9236400
2020-02-05,79.15180096143123,79.28228663237337,77.65557942641874,79.08221435546875,14220900
2020-02-06,76.60299195341018,78.96910866246581,74.97629169351616,78.82122802734375,21059000
2020-02-07,77.96004659295059,78.31670034025917,76.0114756571815,76.04627227783203,10725100
2020-02-10,75.48952165748022,77.10752763043673,75.24595200766315,77.0727310180664,7481300
2020-02-11,77.74256422548206,79.56934347165385,77.33371227333231,78.29059600830078,9452800
2020-02-12,79.72591941251353,80.4131376152253,79.41275651920752,79.78681182861328,9824200
2020-02-13,79.18659172657095,79.49105384506824,78.0992222770975,78.31669616699219,8428300
2020-02-14,78.76905470072123,78.98652861581238,77.238036480182,77.9426498413086,6256500
2020-02-18,76.40291261725359,77.42068861635039,76.14194134923004,76.57688903808594,7248100
2020-02-19,77.3510972961265,78.82992345668036,77.1162284585476,78.77772521972656,7820900
2020-02-20,78.99520848486755,79.92599640738506,77.14233345315772,77.82955169677734,9754900
2020-02-21,77.03793195924416,77.4467838456428,75.09806899782194,75.70699310302734,12257600
2020-02-24,72.98423151897181,73.79323457440951,71.94905378223547,72.47969055175781,12158500
2020-02-25,73.01904041492121,73.41919160342495,69.2784865968562,69.78302764892578,14725000
2020-02-26,70.46153228040158,71.35752354257691,68.8000287656682,69.2958755493164,13125000
2020-02-27,67.09503901383775,68.01713277729621,65.52923106117584,66.05986785888672,17898300
2020-02-28,64.16350412246403,69.42636875073143,63.79814291052339,68.11283111572266,20843300
2020-03-02,68.73912626054943,70.20925149638306,67.09502461290901,70.07876586914062,15043400
2020-03-03,70.30496282092211,71.89687337747162,67.70397680952999,68.33899688720703,16356200
2020-03-04,69.37362279085252,71.81993806361443,68.4354307706523,71.7234878540039,9894900
2020-03-05,69.67175776261301,71.34647855301624,69.00537611971586,69.41748046875,9396200
2020-03-06,66.92731101245039,68.46173773146216,66.48890337844703,67.9268798828125,11536500
2020-03-09,63.48144161721058,66.7256561932246,62.981657064914984,63.69187545776367,13898500
2020-03-10,65.5858092360057,69.3035054887965,65.02464778990793,69.17198181152344,13615600
2020-03-11,66.89221987269615,68.20744242617526,64.63880549865131,65.42794036865234,13376500
2020-03-12,60.95621034041018,63.59542685653249,58.74663823383264,58.7641716003418,19386200
2020-03-13,62.4117143825569,67.22542858830855,58.9745999536241,66.47136688232422,15971400
2020-03-16,59.86895832077482,62.40295445579509,56.51952354333679,56.53706359863281,16134700
2020-03-17,57.79089631604167,61.21047043805759,54.537909197769046,60.377498626708984,16864500
2020-03-18,55.73039114299722,57.4840186962254,50.85529604239644,53.65233612060547,18381200
2020-03-19,53.59095539984835,59.228881938312234,51.76718113816012,56.99300003051758,17127400
2020-03-20,57.019300467428295,59.6059097331524,53.30160530037107,53.406822204589844,16591500
2020-03-23,53.96798798992882,56.8702482104758,51.82855958677809,54.827266693115234,14920300
2020-03-24,57.86980903086758,59.290252206233994,54.52914157814494,57.39632797241211,18966800
2020-03-25,57.78213606130988,58.71155824245,54.76588895177807,55.30951690673828,15969800
2020-03-26,56.11619419097619,61.078973325735035,55.45858254030068,60.48273849487305,15820300
2020-03-27,58.308220567079786,60.60547918413332,57.808436086944766,58.38713073730469,9739100
2020-03-30,58.913235864510376,60.938677538434334,57.92243006349502,60.526573181152344,9880800
2020-03-31,60.76331329615962,61.69273553150774,58.44852104578887,59.316566467285156,13213900
2020-04-01,56.99300359067778,60.237218042318766,56.99300359067778,57.78213882446289,14167900
2020-04-02,57.755843116081415,59.851431760993506,57.26482185552255,59.6409912109375,15432900
2020-04-03,59.34286273251924,60.228448102785435,56.598433114829945,57.19466781616211,8600700
2020-04-06,60.06184998254756,62.57831238276229,59.31655829148105,62.210044860839844,12153100
2020-04-07,64.58623259298395,65.67348193404553,62.13114653038414,63.77079391479492,11285600
2020-04-08,64.62130008513199,65.2175348965066,63.498977308325976,64.29688262939453,10695600
2020-04-09,65.42796695128007,65.62086071825719,61.3770774324903,62.762447357177734,15459400
2020-04-13,62.87642894052296,64.45469927132096,62.63969173568844,64.27056884765625,7896500
2020-04-14,65.761165133934,68.10226100720485,65.73486173821189,67.9970474243164,11314100
2020-04-15,66.51522781311837,66.93609552877494,64.91065375944487,66.62921142578125,9951700
2020-04-16,67.39204029180738,68.11979876691176,66.09435040018063,67.38327026367188,8819700
2020-04-17,67.79535672538799,68.61079519787847,66.18201983204793,66.78701782226562,9926000
2020-04-20,65.7786966569976,66.83964931156902,64.97202799280164,65.15615844726562,7217700
2020-04-21,64.27934112975208,64.85804256143207,62.91151111243035,62.990421295166016,9273800
2020-04-22,64.70018776071308,66.05924716728435,63.78829924369081,65.48055267333984,7365300
2020-04-23,65.76117089761624,66.78704355812171,64.67392141185587,64.71775817871094,7673800
2020-04-24,64.81418386684797,66.73441146996205,64.58621671062699,66.67303466796875,6071300
2020-04-27,67.15528886637524,68.23377476128346,66.19079325579602,66.62043762207031,7219500
2020-04-28,67.61123025999161,68.19869492236711,65.90144305171367,66.01542663574219,6250500
2020-04-29,67.66385576685313,69.4788637247564,67.36574168477263,69.24212646484375,11950200
2020-04-30,70.38196822374186,70.90806280799193,67.76029208772995,68.97906494140625,17113500
2020-05-01,67.38326490536345,68.03210645479531,65.48057701511664,66.32231903076172,9742100
2020-05-04,65.90145028171679,66.5853652400598,64.96325135885506,66.35739135742188,7202400
2020-05-05,67.29557413530004,69.10181150888809,67.12897708798353,68.06716918945312,7540800
2020-05-06,69.10182835387221,70.26799459022499,68.84755105266639,69.1544418334961,8179700
2020-05-07,69.88219473298399,70.2942991004565,68.61958492469455,69.11936950683594,7291800
2020-05-08,69.88217640849318,71.10094913464762,69.58406241887603,70.63623809814453,7887200
2020-05-11,70.39951924274223,71.25879471032228,69.74190759957378,70.56611633300781,6604600
2020-05-12,71.2763196052078,71.71472727406288,68.74232381439103,68.75985717773438,7318100
2020-05-13,69.14566334566244,69.7155946965974,67.2955823066907,68.3916015625,9584800
2020-05-14,67.9531950464627,70.14523359634859,67.05007623424103,70.03125,9956800
2020-05-15,65.47179151274288,68.12854058501613,65.20875095790977,66.43628692626953,29597800
2020-05-18,67.75152616796764,70.30306231171842,67.69891938218174,70.0926284790039,13191000
2020-05-19,69.92603697828676,70.27676452048085,68.3916098345626,68.47052001953125,8118400
2020-05-20,70.11015948645506,71.86379030909647,69.87342226880959,70.69762420654297,11379200
2020-05-21,69.68052127766303,70.22414254721923,68.27761796814127,68.3916015625,8141500
2020-05-22,68.61956168317244,69.0579692975993,67.76904984085321,69.00535583496094,5530400
2020-05-26,70.31180487024851,70.64499219934328,68.1986772724456,68.40911102294922,10067300
2020-05-27,68.62834947976553,69.5490084740347,66.77827484187682,69.522705078125,9125900
2020-05-28,70.35566678752437,71.44292271492193,68.15486491984136,68.48805236816406,11161700
2020-05-29,69.00538142429747,71.19742030930783,68.30393299483723,70.91683959960938,10558700
2020-06-01,70.0487800239169,70.56610457559229,69.47884869021607,69.90849304199219,6474800
2020-06-02,70.08386475301612,74.42409889944315,70.06633138603463,74.20489501953125,13255300
2020-06-03,75.06198561201012,75.94558759327614,73.88680010035087,74.31976318359375,13029300
2020-06-04,74.1783619714911,76.60826671046766,74.1783619714911,76.02509307861328,12109000
2020-06-05,77.75695911902596,79.06469276131126,77.59791052390135,78.2429428100586,11882100
2020-06-08,78.64057169438769,80.84957651726374,78.0573911853015,80.73471069335938,9748300
2020-06-09,79.72742331021433,79.868796145786,78.69360369269043,79.30329132080078,7327700
2020-06-10,79.74505625557106,81.41506298854068,79.55066279605565,80.41659545898438,9079700
2020-06-11,78.30479272613015,78.69357292797322,74.14302912176015,74.24021911621094,15241700
2020-06-12,76.21065410871637,76.99705915963192,73.8072561700927,75.3182144165039,10113200
2020-06-15,73.93096765342928,76.49341445271969,73.4273148516756,76.33436584472656,9852600
2020-06-16,79.43580964694083,79.91295546681778,77.54490218002886,79.10003662109375,12639800
2020-06-17,80.12501674656687,80.48729000281682,78.90564860951118,79.47115325927734,7620300
2020-06-18,79.39163171636633,79.95713640979493,78.6670784065767,79.45348358154297,5709500
2020-06-19,79.40930169519847,79.74506797557906,77.35050774062029,78.4726791381836,23213800
2020-06-22,78.39315886824646,79.02935329231438,77.4123602546996,78.75543212890625,8028000
2020-06-23,79.64787541757924,80.0631693927972,78.73776653130031,78.9498291015625,7778700
2020-06-24,78.79078157614819,79.37396207910382,77.24447821639015,78.76427459716797,8208800
2020-06-25,78.37548622664518,79.04702556159137,77.15611802541311,78.605224609375,7062600
2020-06-26,78.70241227465915,79.28559270012327,77.35050259552456,77.77462768554688,9126500
2020-06-29,77.94252222172071,78.77311015889568,76.59061240319376,78.64940643310547,5870400
2020-06-30,78.8172886350015,81.22952484486157,78.64057094738914,80.59333038330078,9378500
2020-07-01,80.41659845609999,80.67284377670723,79.15304766350373,79.32976531982422,6990600
2020-07-02,80.48729092268809,81.73317279245215,80.23105231334598,81.17650604248047,8317300
2020-07-06,82.36053920471728,82.83768507973834,81.37974047406533,82.10429382324219,6933100
2020-07-07,82.14846069440998,82.66095135801632,81.21184494056486,81.41506958007812,6722400
2020-07-08,82.41354926869022,82.70513952430545,81.59179920190495,82.6432876586914,6692700
2020-07-09,83.01438494657489,83.01438494657489,80.79654932153429,82.39586639404297,6287700
2020-07-10,82.17498272850597,82.63445278402062,80.90259374193,81.74201965332031,5687600
2020-07-13,82.44005274830639,83.17343713766908,80.5844835276971,80.69935607910156,7606400
2020-07-14,80.28406438870329,81.83920552760048,78.81728208627075,81.62713623046875,6571000
2020-07-15,82.11311764510268,82.11311764510268,80.4166037636085,81.77735137939453,6154100
2020-07-16,80.63750097698536,81.07046396508012,80.12501032255268,80.58448028564453,6178700
2020-07-17,81.00861469373388,81.69782303103005,80.40776518969547,81.49459838867188,5985700
2020-07-20,81.45927669162727,82.41356180030054,80.67287139152077,82.32520294189453,5407500
2020-07-21,82.66095587828822,82.92603238884631,81.12348380339328,81.5652847290039,7098600
2020-07-22,81.94524456864701,82.43122834725354,80.99979073318814,81.82154083251953,4366400
2020-07-23,82.09544134024412,82.1484552876981,78.84378664992313,79.2325668334961,9438500
2020-07-24,78.8261331058386,79.78042487764608,77.32401241200505,78.54338073730469,9520000
2020-07-27,79.54184339014137,82.03360058243882,78.8703107718965,81.90989685058594,8021700
2020-07-28,81.44159152735101,81.81270273486976,80.02782973107857,80.8053970336914,5818400
2020-07-29,81.36206556148477,82.72281331302993,81.06163740632275,82.20148468017578,11453000
2020-07-30,90.49850991492497,95.1550959570014,88.97871348543546,94.71329498291016,42122500
2020-07-31,93.36138249975805,95.20810728455828,92.34523893917073,93.31719970703125,16765100
2020-08-03,94.89884735270556,99.84701674582189,94.5719122161217,96.83393096923828,18899400
2020-08-04,96.74557129210547,98.09748113654142,96.01218682982193,98.03562927246094,10205400
2020-08-05,98.07980378230027,99.36986165371843,97.2668917112171,98.42440795898438,7967400
2020-08-06,98.28304520965546,98.3979110331672,97.1343600091471,98.13282775878906,6392200
2020-08-07,97.20505902804241,98.12400592759674,93.66181307962255,95.64991760253906,11155900
2020-08-10,95.95917066014485,96.3037748821932,93.4143994647075,93.97990417480469,10087100
2020-08-11,93.83850702047623,98.97223798364897,92.54844922127548,96.16238403320312,17803000
2020-08-12,97.54081194211537,102.71871954855914,96.88694843213622,102.31226348876953,18664700
2020-08-13,102.6745249752697,102.6745249752697,99.6437705755444,100.20928192138672,9958400
2020-08-14,100.11207433208699,101.19006273286365,99.46704213117324,100.5008544921875,6641000
2020-08-17,100.10325804013894,101.16357760220545,97.75287379771676,99.1224594116211,10283000
2020-08-18,99.76749557035853,100.18278280814216,98.53928270509162,98.98992156982422,6387000
2020-08-19,99.25500536769111,100.2623110179563,97.85891271509632,98.11515808105469,7747600
2020-08-20,97.1961927764404,98.06212546009564,96.90460258018796,97.77937316894531,7200300
2020-08-21,97.39943362498889,99.97954937551053,97.15201944747498,99.84700775146484,8546900
2020-08-24,101.05756417028131,102.4978330176963,100.08559656755207,102.4183120727539,10235000
2020-08-25,102.59501570729462,103.4697796884307,101.11940217294396,102.4536361694336,6208000
2020-08-26,102.71873585391327,102.98381915910792,101.7644440448307,102.5331802368164,7487400
2020-08-27,102.877767679381,104.4240709772168,101.92347602622182,102.51548767089844,8206200
2020-08-28,103.12516193274081,104.49474737497077,102.64801616721577,104.44172668457031,6280300
2020-08-31,104.5566213406453,106.96885091158214,104.37106573836923,105.23699188232422,9694600
2020-09-01,106.98650053754558,108.30306524552724,105.59924607228197,107.8082504272461,9091900
2020-09-02,109.49610194916285,110.09128438094235,108.20801298025154,109.42503356933594,9167700
2020-09-03,107.75496283637001,108.1191764073243,102.69145281182115,103.42877197265625,13560800
2020-09-04,102.77140905359492,104.66355888845139,99.83101757666887,103.0201416015625,11064300
2020-09-08,99.44015727548587,101.16352144390324,97.37922168945033,97.51246643066406,10245200
2020-09-09,100.80819295066344,102.84247280804146,99.75995806410064,101.28788757324219,9708400
2020-09-10,102.29170074201784,102.87799788291899,99.11146217401556,99.88431549072266,6166300
2020-09-11,100.71934862433727,102.02520123514016,99.84878473543762,100.7548828125,6740200
2020-09-14,102.37167018305222,102.54045591392847,100.07088698457204,100.79043579101562,5397300
2020-09-15,102.10517413381724,104.65468992448395,101.97192259740797,103.56204223632812,8773700
2020-09-16,104.82345823092878,104.82345823092878,101.74982204863835,101.76758575439453,6340100
2020-09-17,99.42240275776257,102.78030632466402,98.60513658562405,102.05187225341797,7418100
2020-09-18,102.19398800412783,102.54043787052358,97.53911774534778,98.3297348022461,15443200
2020-09-21,96.97058806209321,99.61782082526226,96.20661992246501,99.4223861694336,8197600
2020-09-22,100.03533804437059,101.49220592863345,98.08988352561862,101.11022186279297,6911200
2020-09-23,100.9503076275212,101.20792538352248,97.77895450046822,98.2231216430664,6553300
2020-09-24,97.17490002950166,100.63940556480428,97.04164851324893,99.66223907470703,6849000
2020-09-25,100.87036428564558,102.82469706972614,99.31577923275555,101.71427917480469,11718000
2020-09-28,103.01126818420035,105.48083701885761,102.0873994875202,105.2409896850586,9043600
2020-09-29,104.94783354232278,105.93388534432795,104.11279697333899,104.27269744873047,5655700
2020-09-30,104.37930697246136,105.94277763841701,103.86407131996565,104.5392074584961,5829700
2020-10-01,106.53794931526943,106.78668187327126,104.55696053840524,106.1737289428711,5316800
2020-10-02,103.73969711349245,105.40977023520438,102.54044694845625,102.57598114013672,5834300
2020-10-05,103.84629134706304,107.17754530316566,103.6952761276419,107.06205749511719,5835900
2020-10-06,106.9998709164026,108.83872276990958,105.80062088628124,106.19149017333984,7637000
2020-10-07,107.70166671658463,109.58493818865428,107.17755264476733,109.29178619384766,7410300
2020-10-08,110.15346371029801,110.53544776684316,108.23465818603773,108.67882537841797,4757500
2020-10-09,110.09130154627077,111.83243645878382,109.07860069692599,110.92633819580078,11073400
2020-10-12,113.44030371257229,113.44030371257229,110.99738403626239,112.5430908203125,7893800
2020-10-13,113.23597416889874,113.8666839303913,111.3971224412134,113.22708892822266,7605700
2020-10-14,114.66622176104688,117.63325581224653,114.53296344976111,115.37689208984375,13177100
2020-10-15,113.08494866617359,114.71948037417134,112.50753006896377,114.22201538085938,7376600
2020-10-16,115.21696278497369,115.65225149737702,113.47582826772012,114.62178039550781,6625400
2020-10-19,115.59896044544078,117.22461403297181,113.44030079301497,114.07990264892578,5765800
2020-10-20,114.75501442958367,114.88827270295405,113.27150460353499,113.9732894897461,4409800
2020-10-21,113.74232197979339,115.85656202891137,112.25881204842129,114.19538116455078,4344000
2020-10-22,115.04818889175212,115.11925727381725,112.69410803856644,114.04438018798828,3895100
2020-10-23,114.23090847304991,114.68396765740813,112.90729221635402,114.48853302001953,3943100
2020-10-26,113.28926664424732,114.30196715443604,110.50878286135408,112.10778045654297,6065900
2020-10-27,112.383188501365,112.78293627628703,111.21058734714613,111.85018920898438,5825500
2020-10-28,109.70930071372928,109.99356745662621,107.53288409881088,108.00370025634766,8234800
2020-10-29,108.43009765898019,113.43142480525387,108.27908243344129,112.32100677490234,7053300
2020-10-30,109.86918950321218,111.26387412129921,108.02145248203422,109.58492279052734,7811200
2020-11-02,110.59763960185602,112.0811565145048,108.74102384485019,110.12682342529297,5860300
2020-11-03,111.43264985762858,112.74738074480854,110.76639917390223,111.4415283203125,5832800
2020-11-04,114.8794038877164,115.10148747374595,111.99231049187918,114.5684814453125,12608900
2020-11-05,129.53690400351832,132.18413621515057,125.99244554390295,129.1726837158203,27910900
2020-11-06,129.70568659720922,129.9011212281049,127.88461212144476,128.81735229492188,7278500
2020-11-09,132.72606411510662,132.72606411510662,126.53437141564368,126.68538665771484,10666300
2020-11-10,124.500050724413,127.18282419200973,123.0609534497309,124.46452331542969,12019900
2020-11-11,128.36430112908218,131.55341788319495,127.92013399714764,131.19808959960938,10222700
2020-11-12,131.0915250230249,131.9265480436625,127.09401988427713,127.84021759033203,8580700
2020-11-13,129.28820545416573,129.9189289537596,127.23615479639957,128.15113830566406,5899200
2020-11-16,128.98611827103545,132.58387435651457,128.40870648474407,132.42398071289062,7598500
2020-11-17,132.37960720228818,133.11692644280646,130.74506146726887,132.13087463378906,7438600
2020-11-18,132.57501667640258,136.20830073392102,130.50519611731482,130.6295623779297,12124500
2020-11-19,130.19426865181387,132.62830943529457,129.21710908618542,131.0559539794922,7743700
2020-11-20,131.7222327613844,132.45067352558718,129.64353337631633,129.72348022460938,5551900
2020-11-23,126.45440886668057,130.58515845713725,126.03689060898965,127.76026153564453,11649400
2020-11-24,127.37826495698249,129.98997017735826,125.35286367483533,129.63462829589844,10800800
2020-11-25,129.65239178462886,131.02043423336352,127.95566997381786,127.9912109375,6398900
2020-11-27,129.24377283414563,130.0787957588158,127.65364671540043,127.76913452148438,3878000
2020-11-30,128.4798270600305,130.8427866016359,127.96459140745074,130.73619079589844,8712500
2020-12-01,132.17528894175868,135.37329867625218,131.2869544105004,134.36947631835938,11906100
2020-12-02,134.2802516946723,135.15458646784717,133.48622241813365,133.80740356445312,7800300
2020-12-03,134.7531056080212,136.29656670115085,133.50407532617953,133.74496459960938,6355300
2020-12-04,134.0928861266325,141.04287056731758,133.825232938075,140.62355041503906,12759900
2020-12-07,141.453301651158,141.82801074318724,139.81171507272254,140.98045349121094,7009300
2020-12-08,140.48082829640384,142.11348432639073,139.06227033515376,141.67633056640625,6088300
2020-12-09,141.49787084821537,143.7015272181519,138.7767553293256,139.19607543945312,7947200
2020-12-10,137.7686299581879,140.8287743662617,136.26086332342987,138.95521545410156,7522200
2020-12-11,133.14719103330717,134.06612321759602,126.58974912269564,128.72203063964844,25923100
2020-12-14,129.2751759646352,131.81786096154053,127.87447886959943,130.51528930664062,12258500
2020-12-15,133.2631607943884,133.75385603118147,131.23794876507074,132.36207580566406,6616400
2020-12-16,133.0580009841957,134.2178226822522,130.89003820312485,133.5933074951172,6610900
2020-12-17,134.6014318628277,134.92261300681312,132.3799414292196,133.4059295654297,7039000
2020-12-18,134.53004004833787,134.53004004833787,130.36361609007344,131.5234375,13288300
2020-12-21,129.37328740424414,131.46988782179346,128.83799472832405,130.97027587890625,7024600
2020-12-22,130.80079525907684,131.17550431218848,129.11459771337047,130.55990600585938,5751500
2020-12-23,131.71080346368856,135.19917098453107,131.0327468792552,131.11305236816406,5186700
2020-12-24,131.86247439639303,132.84385133552766,131.32716798347772,132.74571228027344,2120200
2020-12-28,134.37838005466867,134.7798666656504,131.54129149929642,131.80894470214844,4576600
2020-12-29,132.90631008380421,132.92415726120174,131.17550143825093,132.4780731201172,3543800
2020-12-30,133.04012311947253,135.26162693000026,132.86169219478836,133.78062438964844,3965600
2020-12-31,134.11074789284677,136.10919620955536,133.91446977411175,135.9129180908203,4941700
2021-01-04,136.51065813311806,138.41989763101455,131.27363489638003,132.4869842529297,9827000
2021-01-05,132.6208146943173,136.23409909588023,132.48699489231456,135.9932098388672,8507200
2021-01-06,135.19025104578532,137.27792144051955,133.35238666682747,134.8869171142578,7174600
2021-01-07,135.90401093000446,139.5529763362075,135.8415526089814,138.91061401367188,8482300
2021-01-08,140.27559775558427,140.5432509296437,137.87566319674772,139.7492218017578,6252400
2021-01-11,139.26748092265865,141.07858153261807,138.21471522060364,139.27639770507812,5147800
2021-01-12,139.7492302297102,139.95442510972137,137.35822592097014,137.79537963867188,4385700
2021-01-13,138.45562802162223,140.90016093421588,137.081680944546,140.44515991210938,5479900
2021-01-14,142.21163970911465,145.5840352240816,141.40869358208812,143.5052947998047,10102400
2021-01-15,143.43388177446394,143.51417364325846,139.96334810692738,140.15069580078125,8607400
2021-01-19,141.80120827185866,146.4047992038776,141.3640409765069,146.11038208007812,8209000
2021-01-20,146.95794694095324,149.8307296330069,146.70814093411434,146.85089111328125,7943300
2021-01-21,147.93040680556314,148.53708825947515,145.72675026633829,146.98471069335938,6295700
2021-01-22,146.31561831306485,146.55650759399344,144.10304448203658,144.90599060058594,5062300
2021-01-25,146.6010933537927,149.03670886419573,144.29036724042865,146.67245483398438,5370800
2021-01-26,146.49404503549655,146.89551808316298,143.55881705996168,145.02197265625,6554200
2021-01-27,141.3997446146975,143.3981926940857,136.22516626995517,137.0994873046875,9854000
2021-01-28,139.42804287938972,141.82797747547153,136.5998713662105,138.77676391601562,8087400
2021-01-29,142.96996389658,143.3179089740073,138.06303845863187,139.4280548095703,9502100
2021-02-01,140.4005355137874,144.88814143714708,139.61543658582806,144.1565704345703,8265100
2021-02-02,146.77063108546798,147.54682691670473,143.90677790102697,147.0115203857422,6926500
2021-02-03,149.5095515181431,149.5095515181431,144.3528203102076,144.7989044189453,14156700
2021-02-04,133.9858137370986,135.41328830241355,129.54281991300047,132.01412963867188,46141800
2021-02-05,132.79923489951318,132.84383241639839,129.0253538140784,130.11380004882812,24695400
2021-02-08,131.23798688716545,131.68407112048223,129.6320809245429,131.48779296875,12181600
2021-02-09,131.639430290951,132.48698742045426,130.16734448490155,130.35470581054688,11681300
2021-02-10,131.70186277206258,131.81784899210191,128.8023161783277,129.8104705810547,11701300
2021-02-11,130.06026122037622,130.7650816249533,128.0528830464411,129.86398315429688,11600200
2021-02-12,129.87292584773357,135.07425425123338,129.2483972437486,132.02304077148438,9155200
2021-02-16,132.93305958206514,133.5932689398761,130.31008293968344,131.29147338867188,10211900
2021-02-17,130.0959686361356,131.05058149577943,127.95475686746063,129.14134216308594,11937200
2021-02-18,128.06184096289104,129.09675953222174,127.54439529163457,128.39195251464844,8404400
2021-02-19,129.1681476073714,130.12277438704382,128.01725629226837,129.31089782714844,10012500
2021-02-22,126.91092674107578,128.57927692261217,124.08275517419801,124.42178344726562,12763900
2021-02-23,121.67391823916289,123.54746351850062,119.94310954295943,122.33411407470703,14425300
2021-02-24,121.69174695781507,125.95631021249021,120.52300869865702,125.88494873046875,13146200
2021-02-25,124.51101041415552,125.64406800917314,120.46057217097234,120.91557312011719,12701100
2021-02-26,122.01294633199845,123.25305987208937,120.17508159335821,121.5044174194336,11772600
2021-03-01,122.67313526151884,124.57345800404214,121.74528626471272,124.44855499267578,9421400
2021-03-02,124.90354193433664,124.99276419536632,122.02184260003376,122.2627182006836,8693200
2021-03-03,121.55459554348326,122.0745072694354,117.91511771380247,118.02269744873047,14862700
2021-03-04,118.64120659170084,120.29957558210566,113.46885874618117,114.56249237060547,15831100
2021-03-05,117.35931091223213,117.58341592398288,112.41107526199842,116.31050109863281,13292000
2021-03-08,115.63818871233528,116.32843599425887,110.25070219147516,110.43894958496094,15256100
2021-03-09,114.19495746135729,116.4628992492789,113.24475433165549,115.73680114746094,13130200
2021-03-10,117.13522419005119,117.52069198315755,114.41907211779326,114.62525177001953,12492300
2021-03-11,117.43999433685359,119.43902104158207,116.54357422189263,118.09439086914062,11920200
2021-03-12,116.4449473594458,116.83041505504158,114.40111778358032,116.51666259765625,9365700
2021-03-15,116.58840003519592,118.11231152205399,115.7457629236324,118.00474548339844,7807200
2021-03-16,119.12528225995152,121.41115655222012,118.58742465766937,119.80655670166016,10434700
2021-03-17,117.70891190114112,121.55456148805867,116.24774287580631,120.04856872558594,10781500
2021-03-18,118.72187321359625,119.76172375090793,116.2298265771908,116.31050109863281,9579000
2021-03-19,116.34634527760306,118.75771725568364,115.79056925706118,117.4489517211914,17599900
2021-03-22,119.18803561701561,121.50976064845887,118.86532379840787,120.20098114013672,9036900
2021-03-23,120.12029226590593,120.43404476925778,117.79856751161452,118.79359436035156,7425700
2021-03-24,119.21493549567369,119.27767780126625,113.94397998124016,114.00672912597656,10962300
2021-03-25,113.54056793471456,114.41905576245227,111.50569057124147,114.09634399414062,10460800
2021-03-26,113.89914146977193,119.53763184337478,113.88121607608939,119.21492004394531,11071600
2021-03-29,118.81152422056262,119.52866309769573,116.32845017906875,117.67308044433594,9750100
2021-03-30,116.6870380386105,117.64621440105199,115.7009838375945,116.63325500488281,7097300
2021-03-31,117.39517549469777,119.69000862886016,117.04557222313841,118.85633087158203,8361300
2021-04-01,120.56850688882479,124.09143141672786,119.7617342471283,123.5177230834961,14069600
2021-04-05,124.63824994972184,125.94702936944438,123.91215182658031,125.79463958740234,12562800
2021-04-06,125.36438083465913,125.70501123766414,123.38328600997013,123.75978088378906,9100000
2021-04-07,124.00179248412854,125.45398865045352,123.16811468911176,124.98784637451172,6958500
2021-04-08,125.49880932732376,125.83048037492343,124.43206725951595,125.8035888671875,7304900
2021-04-09,125.40916737579319,126.10837396430908,124.4948287159095,126.00978088378906,6033200
2021-04-12,124.47690979641771,125.40022151021157,121.95797121733239,123.20399475097656,10355500
2021-04-13,124.04662662912212,124.39622994583159,121.6890372215535,123.0784912109375,9225200
2021-04-14,122.88126291081669,123.56253722915513,120.03961297485404,120.7926025390625,9967800
2021-04-15,121.91314356966672,123.69702463872947,121.52768946072241,123.56255340576172,11733200
2021-04-16,123.3653202312864,124.6113435266604,122.49579170736165,123.89421844482422,6583900
2021-04-19,122.71990957248667,122.85438079813275,120.20097121117247,121.2408218383789,8728900
2021-04-20,120.6133192324675,120.81949201194415,119.03561120646374,119.58242797851562,7473700
2021-04-21,119.06254885076423,122.24482992072535,118.77568779391011,122.08348083496094,7237900
2021-04-22,121.3484016681918,121.87729999725502,118.74878848300072,119.1969985961914,8345100
2021-04-23,119.88722225180415,122.0117333904288,119.70792729941495,121.40216064453125,7666600
2021-04-26,121.31256394729007,125.22095710251816,121.12430966102193,124.56657409667969,9715400
2021-04-27,124.3424633309295,124.94306327845689,122.79164639474875,123.71495819091797,9284500
2021-04-28,123.85833589815252,123.94798335943393,121.68900138230745,122.424072265625,13118100
2021-04-29,129.9899216190943,130.2498912036148,126.09946023601383,127.90126037597656,20502100
2021-04-30,126.45799614595722,127.37233484350469,123.93904405422029,124.4231185913086,11374600
2021-05-03,125.2298770182395,125.28366003218527,122.69300666028471,123.19499969482422,7920300
2021-05-04,121.91312592665405,121.91312592665405,118.70394052924948,120.22785186767578,11996300
2021-05-05,121.98485267866334,122.31652374902369,120.21890393196502,120.70296478271484,6285500
2021-05-06,120.55958757610814,122.39723850005676,119.31356373565573,121.91317749023438,8352500
2021-05-07,122.75575720134454,124.32449220406423,122.17307599336415,123.57150268554688,6893700
2021-05-10,121.93107571427052,122.52270263272433,115.47685320682146,115.58441925048828,19537200
2021-05-11,112.2766142972137,115.24376255438695,111.84632965236099,115.07344055175781,11948000
2021-05-12,112.97582470686491,113.96188545425689,110.86923882854053,111.71187591552734,13529600
2021-05-13,113.95292058334068,115.17204557393596,112.83239550741588,113.94395446777344,10633000
2021-05-14,115.30654133697115,117.80754782041514,114.57147016510274,116.6690902709961,9391100
2021-05-17,115.89814081753693,116.38221529840969,114.48180235374228,116.3553237915039,5917400
2021-05-18,117.10833640707179,117.64619400769249,115.44995353706383,115.55753326416016,8651100
2021-05-19,114.0156798680454,117.27864863260082,113.35232403983825,117.12625885009766,8112900
2021-05-20,117.90614946951501,119.47488484157168,117.84340716734197,118.90117645263672,9208400
2021-05-21,118.45296585370387,118.94599970424288,116.97387798037371,117.8434066772461,8674000
2021-05-24,117.72684319957919,120.12028301832639,117.72684319957919,119.1431884765625,8229300
2021-05-25,119.70795544384168,120.38924359521506,119.0446132058678,119.89620971679688,7271400
2021-05-26,120.0037874648092,120.58646889727903,118.52469936371071,119.30458068847656,6663300
2021-05-27,118.98181620771166,120.69398159606632,118.96389765706421,119.79756164550781,7379300
2021-05-28,120.2547591720031,121.5904301365778,120.07547787539299,120.60436248779297,7042200
2021-06-01,121.10635598804384,121.97588454345559,119.6989699234941,120.0665054321289,7059600
2021-06-02,119.99441824084113,121.39096220161453,119.35471996562445,120.5710678100586,6026000
2021-06-03,119.51692361675393,120.18366454454835,118.40870415063063,118.73306274414062,6644000
2021-06-04,119.40878367625668,121.67929335561341,119.11145388209589,121.03958129882812,7416700
2021-06-07,120.46292815778493,120.52600435419761,119.50787645499591,120.12055969238281,5563300
2021-06-08,120.78731347566544,121.9856377410422,119.83226156066489,120.9134521484375,9657900
2021-06-09,121.72436587649105,121.94961450783312,119.64305697449853,119.73316192626953,6717200
2021-06-10,119.87731851412184,121.72435995082812,119.45385000796678,120.93148040771484,5522300
2021-06-11,120.5530542241721,121.31889122011546,120.41789681447604,121.29186248779297,6529900
2021-06-14,121.81446184034576,123.71556091308594,121.4450507709687,123.71556091308594,7912600
2021-06-15,123.56236354944856,123.77860714090392,121.84146105616658,122.15681457519531,5723600
2021-06-16,122.95868748485668,123.48126580424838,120.4268958196572,121.58917236328125,7404700
2021-06-17,121.01255832420331,123.09385323425752,120.8143384519997,121.94960021972656,6618300
2021-06-18,121.22879654062032,121.2558252721652,119.14750172316597,119.8322525024414,12753600
2021-06-21,119.87731161808696,121.72435294854075,119.52592434043645,120.69721984863281,6371400
2021-06-22,120.9314660045758,121.91354657291065,120.09353408756932,121.7063217163086,5976400
2021-06-23,121.53513705897089,122.74246628516224,121.46305585542581,122.10276794433594,6613800
2021-06-24,123.09386400904431,124.79674306160909,122.85060539302434,124.2651596069336,7941700
2021-06-25,124.74262570023983,125.66164349711133,123.40915833189185,124.0218276977539,7949200
2021-06-28,124.54444583486598,126.29237708315648,124.31919724612922,125.88693237304688,6645500
2021-06-29,125.80586737691182,128.79716199031807,125.46348506495951,128.4998321533203,6885400
2021-06-30,128.25653395640035,129.40980546930535,127.7970181009854,128.7790985107422,6449700
2021-07-01,128.761106883307,128.86021681251947,126.45456352863427,126.8600082397461,6094100
2021-07-02,127.93217707396978,128.5538515511188,127.26543638712803,128.46376037597656,5399100
2021-07-06,128.84219284757378,129.00436523249797,125.85088498797694,127.21139526367188,7095200
2021-07-07,128.15745918548038,128.26557412318792,125.29228960346862,126.11219787597656,5034900
2021-07-08,124.08493588228495,125.12107382626887,122.17483236895865,124.59849548339844,7501100
2021-07-09,124.23810609405352,127.6979209793921,124.16602489876536,127.42761993408203,7356800
2021-07-12,127.40058407458162,128.8602041383377,127.22038797048673,128.36465454101562,6786500
2021-07-13,128.33763131577277,128.53585116320104,126.5176189657869,127.2023696899414,5657600
2021-07-14,129.29271096934443,131.85153205414505,128.39171646781588,129.51795959472656,11305700
2021-07-15,129.85129287483934,129.86931661012994,126.78791778336735,127.45465850830078,6667400
2021-07-16,127.82404383928959,128.40067958225953,125.71572069293832,125.8779067993164,5914300
2021-07-19,124.6255564954549,125.14812116796153,123.26504610368283,125.04901123046875,9371300
2021-07-20,125.25625394226836,126.5176406896892,123.6164374225368,125.73377990722656,6020400
2021-07-21,125.82386581240735,128.13942808116835,125.82386581240735,128.09437561035156,6161900
2021-07-22,127.94122195431619,128.70707279623463,127.49072469391368,128.33766174316406,3862600
2021-07-23,129.24765775729327,130.63519698065892,127.96824722219199,130.5360870361328,6310400
2021-07-26,129.69815412158056,130.08558890139133,128.15746124218404,129.29270935058594,6253900
2021-07-27,128.38268980879639,128.84219197772887,124.5264350928061,126.97712707519531,7575800
2021-07-28,127.2834998035924,128.76113026778927,126.2653715956954,128.33766174316406,9303400
2021-07-29,131.995653433187,136.51864827401207,131.91456725280156,136.04112243652344,19446900
2021-07-30,134.4283614848011,135.51857075596615,133.67152948972375,134.96896362304688,8404800
2021-08-02,135.14915758384672,137.20342367927452,133.5363836858361,134.1220245361328,10823800
2021-08-03,134.1670847309394,134.77074935313922,132.04974230763227,133.3021240234375,6223400
2021-08-04,133.36518352371024,134.42835022564148,132.74349524122266,133.54537963867188,5556400
2021-08-05,132.662425544217,132.86965041478084,130.2567720527999,132.2930145263672,7169200
2021-08-06,131.66229593509743,133.5543756368747,131.47308109087902,131.7974395751953,5733300
2021-08-09,132.25699654697533,133.09492870731927,131.31996817485168,132.37413024902344,4966600
2021-08-10,132.7345077484845,132.89668014890788,128.30160299706793,131.4280548095703,4197100
2021-08-11,131.59924004347772,132.25696210690984,130.10358603790138,132.15785217285156,6216000
2021-08-12,133.130921194415,133.34716478932916,131.89656332514355,132.58131408691406,5777700
2021-08-13,132.446167445706,134.52746216301676,132.38309124308083,133.92379760742188,5764000
2021-08-16,133.7075377173487,134.32022094038902,132.19387401586246,133.4642791748047,4410800
2021-08-17,132.4011607369814,132.4462132189863,129.35580817629184,130.11264038085938,7256800
2021-08-18,129.59901687537513,130.33783880081313,127.9231669266383,128.10336303710938,6546500
2021-08-19,126.72483834804409,127.44563651236227,125.20216958287479,126.68880462646484,8661000
2021-08-20,126.688855406179,128.17549104564574,126.40954927072295,128.02232360839844,6141000
2021-08-23,128.52682211233733,130.29277686193933,128.25653484032563,129.8693084716797,6936900
2021-08-24,130.27475845644003,131.17575272821523,129.5990127526086,130.1576385498047,7066800
2021-08-25,130.15763465062034,131.03158641982597,129.2656453989752,129.62603759765625,5721600
2021-08-26,129.01337249934744,129.52693208734343,127.59880488783406,128.2835693359375,6825100
2021-08-27,128.12137501837654,130.59910911726527,127.86909773724523,130.50901794433594,6274500
2021-08-30,131.17579630323314,133.22105782903694,131.1487675659478,131.49114990234375,5263600
2021-08-31,132.26596478041563,132.92368676393966,130.24773261755718,132.16685485839844,7820500
2021-09-01,132.9181787959573,134.05872774371548,132.3569650674489,132.56515502929688,6451400
2021-09-02,132.7914545970836,132.9634430162806,130.80908502779107,131.3612518310547,6006700
2021-09-03,131.3612132447448,132.14873820594335,130.5555944220809,130.9176788330078,5505800
2021-09-07,130.9629600948808,131.03537699520103,129.5508650689151,130.1211395263672,6361200
2021-09-08,129.76812350414576,130.00346808512958,128.07542152112265,129.0077667236328,5981300
2021-09-09,128.96249462149248,129.93104129658695,128.03919642275542,128.15687561035156,6190800
2021-09-10,129.55993470940797,132.15782730574773,129.02586175939166,129.152587890625,6263300
2021-09-13,130.36550584759587,131.00818320103926,128.56417224768126,129.81333923339844,4312800
2021-09-14,130.7728611981756,131.08062262634184,127.28787255324559,127.75857543945312,6442100
2021-09-15,127.45989296426032,127.63188139735799,124.4818218089851,125.13356018066406,11289100
2021-09-16,124.30074974389761,125.78526141619551,124.30074974389761,125.2783432006836,6719900
2021-09-17,124.7443321733885,124.91632062186416,120.51709312574002,120.93348693847656,14550500
2021-09-20,119.00539082877853,120.49894956227689,118.22692648103683,120.17308044433594,9647100
2021-09-21,120.92441279869846,121.21408042975789,118.83342465589732,119.25886535644531,6175300
2021-09-22,120.01920519202064,120.83388493004693,119.46703843402126,120.39938354492188,5163000
2021-09-23,121.06922413372673,122.34554599837942,120.58947429446472,121.21405792236328,5918900
2021-09-24,120.48990437584354,121.79338086649369,120.20929753923895,121.18690490722656,4554600
2021-09-27,119.87436870520182,121.33172593132042,119.50325110539345,120.82482147216797,4319500
2021-09-28,119.25885951000842,120.15500316103984,117.40321604932778,117.5842514038086,8851700
2021-09-29,118.20882284537161,118.98728721972478,116.67000177386717,117.02302551269531,7037200
2021-09-30,117.99160062083233,118.65238589360249,116.49802783867894,116.75148010253906,6976800
2021-10-01,117.49374214241372,117.69288517853524,114.47945579978789,116.50708770751953,6863700
2021-10-04,116.69715756146965,117.48466887631697,113.98158606242554,114.6695327758789,8470300
2021-10-05,114.17167388977327,116.56138313427037,113.77339477073657,115.4389419555664,9244300
2021-10-06,114.55186839547268,116.10879726724404,114.11737388700274,115.918701171875,8513700
2021-10-07,117.00491223462303,118.32649636488506,115.49324584522756,115.71954345703125,8010600
2021-10-08,116.39844723257089,116.39844723257089,114.24409625189506,114.55186462402344,6920500
2021-10-11,114.10832196616809,115.16740019022716,113.04019680869622,113.09451293945312,6288200
2021-10-12,113.49278026402855,113.57425099864133,110.5871196425385,111.29316711425781,10531500
2021-10-13,113.32983969582945,114.3436554691757,111.80911948883755,113.18501281738281,12373800
2021-10-14,114.19883859470607,117.04113625701689,114.04495095867863,116.4618148803711,10637900
2021-10-15,116.78767868571231,118.10924904141834,116.47990342770979,117.85579681396484,7609700
2021-10-18,117.0592448630022,117.91917309595215,116.08163744238892,117.78338623046875,5290000
2021-10-19,118.59805094737665,120.20928876625445,117.96442042513979,119.93772888183594,7330700
2021-10-20,119.93775110440332,120.39939332497313,118.81530981982064,119.62998962402344,4804100
2021-10-21,119.48515505073935,120.62569019477246,118.94203518475484,120.43560791015625,4579200
2021-10-22,120.2998248048803,121.01493311122444,118.96919352244934,119.14118194580078,5216200
2021-10-25,119.32223336874709,120.54423241039439,118.85153038206981,119.42179107666016,4876300
2021-10-26,120.29982238876964,121.10544145135752,118.64333578434692,119.43084716796875,5802200
2021-10-27,119.43081690019733,119.8109951894618,118.13638751836264,118.76097106933594,5090400
2021-10-28,119.47610197073064,121.14164921629823,119.36746971585536,121.01492309570312,5016700
2021-10-29,120.26361652095025,121.00586558653826,119.89248508210044,120.42654418945312,5251100
2021-11-01,119.88344267360775,122.08304915408324,119.88344267360775,122.02873992919922,6903000
2021-11-02,121.79337454023963,122.8614926127519,121.40413547489192,122.40889739990234,7321900
2021-11-03,122.87958803582201,125.68568360052576,122.23689682033275,125.35075378417969,13216000
2021-11-04,141.49937646557873,144.45029233293636,138.76569746446216,141.3092803955078,48321500
2021-11-05,142.17826912048372,152.56985151013058,141.12824489458745,147.5731964111328,27226600
2021-11-08,147.7361670682667,151.80952485552984,145.9891419905419,150.12586975097656,14541400
2021-11-09,150.72325377556874,153.44788581411348,148.79520754872297,150.93145751953125,12353900
2021-11-10,149.43791200893696,150.37025721678862,143.95245921334768,144.6494598388672,11327100
2021-11-11,146.45979616832685,149.86330679056746,146.08866482315872,148.83139038085938,7624200
2021-11-12,149.3564485081097,150.2797467844604,148.74997246556057,149.30213928222656,7371000
2021-11-15,150.7141875502729,153.82804444593356,150.0896040225597,152.5336151123047,12350200
2021-11-16,152.17157090019447,166.31064166223115,151.22111814154908,164.5726776123047,33338200
2021-11-17,163.64938276632952,168.66414582050902,161.6941818032632,166.13865661621094,21678900
2021-11-18,167.67748299403706,170.82754187505608,165.4235538137635,168.65509033203125,15542600
2021-11-19,167.17962876221014,168.9085458608344,165.0162241088906,167.46023559570312,11889100
2021-11-22,163.93903893919125,170.87280093137755,163.82135976369648,164.2015380859375,16062800
2021-11-23,163.24208209956612,164.13822583515383,160.23685625771049,163.7852020263672,10696200
2021-11-24,162.4997713741502,163.64030621383733,160.5174023480375,163.5769500732422,7886200
2021-11-26,159.01481606931014,163.16059028433494,158.462649302826,159.07818603515625,7835900
2021-11-29,162.46359680644028,166.61843194757702,162.02910920779948,166.31971740722656,10440500
2021-11-30,165.84901812828815,169.0986489751197,163.24206485442713,163.4412078857422,19309200
2021-12-01,164.3589171965336,166.412376488186,159.2979527001199,159.57962036132812,10637700
2021-12-02,156.36309168992074,161.6330459480588,155.56352227161946,160.8516387939453,13101400
2021-12-03,161.76935686792578,163.79557264342822,157.83507710238774,160.37918090820312,12111800
2021-12-06,160.71538449436875,160.80623742637084,156.52668028722678,159.4160614013672,8577500
2021-12-07,162.70524019108996,167.89340958399927,162.18732443298217,166.93028259277344,9910100
2021-12-08,166.28514364145923,166.93026451980228,164.25894195300543,165.93988037109375,4799400
2021-12-09,165.15850272470942,170.67377354780155,164.92225459479215,165.6037139892578,9398900
2021-12-10,168.59301872787506,168.59301872787506,164.59511620177855,167.0756378173828,6854800
2021-12-13,169.77426529638987,173.81758848493956,166.37604927249194,166.56686401367188,16346800
2021-12-14,164.6405723421271,167.0938231719688,163.01416216508028,165.3492889404297,8542800
2021-12-15,167.1574326110646,172.43646869807307,163.53206396445998,171.98216247558594,11082000
2021-12-16,172.90897476983895,175.0714632577704,160.01576018876642,161.86932373046875,14873000
2021-12-17,159.67046295407286,163.65927107992098,159.02535587456478,160.64268493652344,16232300
2021-12-20,158.36207954480008,160.89711639224683,157.60794330840434,160.5245819091797,6306400
2021-12-21,162.9869051614149,163.68652676321304,158.29846160797538,163.1686248779297,7702400
2021-12-22,162.6416209581624,164.93132810729392,161.39682639635157,164.8041229248047,5227200
2021-12-23,164.94041355599103,166.92119586580932,164.8041272370169,166.0398406982422,4918900
2021-12-27,166.46687642958642,169.37443320616595,166.29423786304628,169.30174255371094,4865900
2021-12-28,169.5379824827639,169.66518766276099,166.72129239302166,167.92974853515625,5399400
2021-12-29,167.802529552584,170.26487523011355,167.69350050235346,169.18362426757812,5417200
2021-12-30,168.89286842860471,169.47437977931955,165.64911567704567,166.03073120117188,4108400
2021-12-31,166.55773539644724,168.2295788706629,165.912628362005,166.15794372558594,4113300
2022-01-03,166.1943248357912,169.80151776817374,165.58555609105497,169.1927490234375,5990200
2022-01-04,169.91052985235493,171.6641452435483,164.46793623116764,170.1195068359375,8484200
2022-01-05,169.45620727539062,175.88918452897425,167.84795949591359,169.45620727539062,17141200
2022-01-06,167.65714250493164,171.2461582534226,166.27604795141215,168.95645141601562,9117700
2022-01-07,169.54708854674098,171.14624146598985,163.6592698942949,163.9227752685547,7386200
2022-01-10,161.97832757216494,163.55022305619426,157.8804769990895,163.25946044921875,11159300
2022-01-11,162.81428057548524,168.68390972305028,161.02431279206223,168.45675659179688,9591000
2022-01-12,169.54708711198822,172.14571924898087,168.2659402421684,169.38352966308594,7317500
2022-01-13,171.4551554388471,174.0719635619691,166.5395590752387,167.08473205566406,10190900
2022-01-14,166.09436375720387,172.7181426217572,165.37655213553558,171.4460906982422,9587300
2022-01-18,168.883771833022,169.00189587424902,161.97832634170092,162.514404296875,10471200
2022-01-19,164.06817159772305,164.64968306377034,156.52668480743714,156.70840454101562,10082700
2022-01-20,158.58015458732172,158.99812247998477,151.0931818373893,151.28399658203125,9468500
2022-01-21,151.04774640902502,156.31768779725365,149.5303652035921,149.85745239257812,11898700
2022-01-24,147.35874516600464,155.20916922758974,144.10592513378998,154.5277099609375,17489100
2022-01-25,150.9841276035427,154.75487755094673,146.46832266423303,150.32992553710938,10708500
2022-01-26,153.17387520143356,158.5982921666725,148.9215620947461,151.73826599121094,10492200
2022-01-27,153.83713815395657,155.78156781848833,145.9322143351339,146.46829223632812,10743000
2022-01-28,147.20427105928613,151.68373682640765,142.99740561440353,151.56561279296875,10320800
2022-01-31,151.79273962627374,159.87030087583227,150.64789333810353,159.69766235351562,11273500
2022-02-01,160.31557536227268,161.21509277233145,157.28989438224525,160.94252014160156,9724600
2022-02-02,164.40431865088095,171.40063088039778,163.78645505161174,171.00083923339844,25646300
2022-02-03,164.27710578067774,174.54442749153074,161.08786775066665,162.7324676513672,36120200
2022-02-04,162.63251927347468,165.73997165101812,160.65173726579508,163.0686492919922,15708400
2022-02-07,163.250405639375,164.14084200424418,158.49836616303395,159.08895874023438,10376300
2022-02-08,158.3802435901331,162.90512998478943,158.08039979964676,162.26910400390625,10163900
2022-02-09,164.82230231483948,167.1847003657381,162.5962044578349,167.13926696777344,9666900
2022-02-10,163.00507812821604,165.35839505705255,157.59883648714612,158.1621856689453,14362200
2022-02-11,158.73458709666693,159.44330367554744,148.60356415329983,149.5939483642578,13572000
2022-02-14,150.23908042680566,152.51061164665862,147.63135315867257,150.0391845703125,8381700
2022-02-15,153.55550679995144,158.0622307329635,152.87404745024753,157.18995666503906,11100000
2022-02-16,155.08194445087403,157.38074638051606,152.88310429554016,156.8264923095703,8340600
2022-02-17,154.35510797176624,155.16377260524538,151.46571278702822,151.55657958984375,8878900
2022-02-18,152.16531600189344,154.8729770054166,149.2305019039463,152.3197784423828,9591700
2022-02-22,149.0669736872803,154.42779608513354,148.64901967563273,150.729736328125,9835500
2022-02-23,151.42026474878057,153.7008909543179,146.57737241491574,146.84994506835938,9749000
2022-02-24,142.55222814613978,152.97401562278665,141.5527487552255,152.6287384033203,12567000
2022-02-25,152.29254152022332,155.45450913490342,150.46623538829178,155.3091278076172,7350200
2022-02-28,152.91945050213175,157.18084434163714,152.82858372780515,156.27223205566406,10638900
2022-03-01,155.33634249949947,156.13591178041375,146.94076106748864,148.73072814941406,10723300
2022-03-02,150.77455285662563,155.55554822847478,149.9533959590999,154.42416381835938,7299400
2022-03-03,155.71977429784232,155.86576207787286,150.09025105067394,150.8657989501953,8553900
2022-03-04,149.49716312794965,151.52269789922104,145.88404291044557,148.0464324951172,9057300
2022-03-07,148.10119002048626,148.8676048285263,136.86038381393266,136.95162963867188,13416100
2022-03-08,137.46260108648735,144.4698474948025,134.92612256577485,137.5538330078125,11878400
2022-03-09,142.3439466307432,144.59758251509183,140.66512892839407,143.34759521484375,9276800
2022-03-10,140.54649962156887,141.69613588335864,137.16149354935618,141.15782165527344,8888800
2022-03-11,144.11400200775336,144.45160046990367,138.70346074219358,138.99542236328125,7394400
2022-03-14,137.59035103021165,138.03741951154245,128.16522802414832,128.91339111328125,16154200
2022-03-15,130.01739137887452,131.77832199701777,126.86960468781818,131.57760620117188,13893000
2022-03-16,134.09582339720373,138.2837483696973,130.99365984472553,137.27098083496094,11727700
2022-03-17,136.12137454109597,139.5428850054422,133.74000270102454,139.44252014160156,8602900
2022-03-18,139.15965203939996,142.36218023602214,135.95710992061856,140.50088500976562,18454200
2022-03-21,140.50090310338868,143.89504241379802,139.42426062944804,141.9607391357422,8986400
2022-03-22,141.8330241968356,145.92971811937005,141.21259692420037,143.80381774902344,7220500
2022-03-23,142.43519382756762,143.43884242120785,139.21441323456,139.47900390625,7245600
2022-03-24,140.78371721032286,144.67054708787475,140.1359052696518,144.57931518554688,9261000
2022-03-25,144.1322479248047,144.57933023587316,141.58663673153023,144.1322479248047,7198700
2022-03-28,142.79103827081562,144.6158438717206,140.55565419413938,144.57022094726562,9470800
2022-03-29,147.08842916639716,147.17054205902022,142.92786161876379,146.960693359375,10212400
2022-03-30,145.42786251023918,146.23078132318892,138.49359657805152,139.35125732421875,14777800
2022-03-31,139.49725633892365,141.5501625330212,137.80018666158324,139.4333953857422,13364200
2022-04-01,138.63044940793944,139.4789771196549,130.07210880336805,134.1140594482422,19762100
2022-04-04,134.79837760818012,140.62863020473716,133.81298103834737,140.33665466308594,12116000
2022-04-05,138.51184227107177,138.69432001427128,132.54473514327498,132.7180938720703,15946100
2022-04-06,130.38235380607708,130.4735996544204,125.41889429705628,127.07946014404297,21054200
2022-04-07,127.5447356322362,129.0958309747587,124.92614498863966,127.02467346191406,10201200
2022-04-08,126.40428364566918,127.69990793322977,124.4152521321061,124.71634674072266,12992500
2022-04-11,122.52652265362786,125.55570556343969,121.97908952008291,123.50279998779297,11210400
2022-04-12,125.83857521316612,127.88236221629633,123.6305624112408,124.16887664794922,10591300
2022-04-13,125.49184808319971,130.09948401984317,124.52470355008288,128.19256591796875,10440800
2022-04-14,128.69439186949964,129.1597121920377,124.70718296746695,124.91704559326172,8002600
2022-04-18,123.74004296521868,128.05571752462606,123.68530103375213,127.1159439086914,8785700
2022-04-19,126.6688469508684,129.01371425121616,125.4918398718015,128.6943817138672,7213800
2022-04-20,130.6652057371161,132.12504180374938,127.79112868208202,128.04660034179688,7731600
2022-04-21,129.87138283406884,131.05750899933525,123.41157075086419,124.18711853027344,8576500
2022-04-22,124.20539234613183,125.30027287521789,121.03022071297259,121.17620849609375,8315100
2022-04-25,119.81674312303124,124.82582561596791,119.44265463138828,124.59772491455078,9673200
2022-04-26,123.19264242743677,124.40613994496258,121.01200007153362,121.8057861328125,9262800
2022-04-27,119.36052731791756,126.01193684291765,119.21453954530689,123.26560974121094,13855900
2022-04-28,130.35495026072869,137.9552653126628,126.94257357115383,135.2089385986328,31111100
2022-04-29,133.0374052715777,134.5793677122325,127.2983997165815,127.45350646972656,13693100
2022-05-02,128.28382000342376,132.90057525126136,126.96995794098653,132.54473876953125,13320900
2022-05-03,132.0338530130117,132.92800411411088,130.254655907273,131.62326049804688,7556800
2022-05-04,131.91515114280506,136.40416963678146,128.0556925823897,135.99359130859375,11038100
2022-05-05,134.1049069713565,134.1049069713565,126.98816514227582,129.23268127441406,14561400
2022-05-06,128.87690272201903,131.4772564166027,125.8021095688052,128.26559448242188,10080600
2022-05-09,125.90247817196969,127.83676781861809,122.31672762119942,123.10139465332031,11668100
2022-05-10,127.28016326714983,127.55388683280128,122.83676704044125,124.82579803466797,8841200
2022-05-11,123.20173186480619,126.17615956785615,120.33678802746363,120.71087646484375,11530900
2022-05-12,119.52477135845369,121.40431897059025,116.62333006535485,120.22732543945312,10749800
2022-05-13,122.52655931718941,124.07765513175946,120.89336451850167,123.1104965209961,9280700
2022-05-16,122.24369339937996,124.06849855384456,120.43714019466437,122.1798324584961,6378800
2022-05-17,125.22724215934856,127.73634901500034,124.72541800378676,127.45350646972656,9094100
2022-05-18,124.84406786257429,125.2546463087667,118.50287164069346,119.02293395996094,11992700
2022-05-19,119.02294848046809,121.70541507534878,118.13791660604386,119.1324462890625,8419500
2022-05-20,121.24007126446693,121.61414577838643,114.83500062181741,120.07219696044922,11370100
2022-05-23,118.5667038174088,120.82945815216017,116.924376509058,120.54661560058594,10023400
2022-05-24,118.92257256382679,118.92257256382679,115.0083708436895,117.27112579345703,9157100
2022-05-25,116.60506926533758,120.50103274001721,116.10324498979045,119.73460388183594,9766000
2022-05-26,118.62145975825707,124.08675647067051,118.48460493395454,123.02836608886719,7932800
2022-05-27,124.17798946415826,127.86408954661601,124.17798946415826,127.51737213134766,9180800
2022-05-31,127.28017723293232,131.35861843438406,125.4006298898698,130.67431640625,16007300
2022-06-01,130.7476839961147,131.9950843905728,126.73031828542102,128.42715454101562,8514300
2022-06-02,128.64728463430765,134.14135259252782,128.1336516089519,134.09548950195312,9589500
2022-06-03,130.4083265885043,131.56401496580665,128.9683206203173,129.52781677246094,7458900
2022-06-06,132.9489550801779,132.96730311175304,128.33541181807715,128.81236267089844,7238700
2022-06-07,127.61085094505736,130.38080246057694,127.02383977671776,130.142333984375,6062800
2022-06-08,129.0967409623029,130.02311395855406,126.06995844615665,127.45494842529297,6773000
2022-06-09,126.36342531721426,128.81236270384147,125.3728415436155,125.39118957519531,7153200
2022-06-10,123.59349352102866,124.79503099613531,121.45640212058011,122.17182159423828,8544700
2022-06-13,119.77790622618713,120.47499161550347,116.11825691635245,118.00770568847656,12320900
2022-06-14,119.42938588690848,121.00696715235529,118.15447025117177,119.47523498535156,6794700
2022-06-15,120.76849925368083,122.24520131347873,117.59497467502781,120.18148803710938,7860000
2022-06-16,115.80640470235825,116.16411439970618,109.17500377897588,110.81680297851562,16422800
2022-06-17,111.3671389912856,112.66040267259339,108.56049116918025,110.97274017333984,17273400
2022-06-21,113.52256975905578,115.6780091955608,113.47671366325869,114.09123992919922,9208500
2022-06-22,111.71566565330774,113.42166894636748,110.39488710442933,112.04586029052734,9081000
2022-06-23,112.5870026408417,112.75209995109978,108.4412358466298,110.14723205566406,7908900
2022-06-24,112.2476459446608,114.99009639000836,111.67898281372959,114.74244689941406,8128000
2022-06-27,115.75136567181042,119.27343247873661,115.05429432318421,116.65023040771484,9947300
2022-06-28,119.03498602402301,125.15274797724103,116.11827084877696,120.70430755615234,27081900
2022-06-29,119.31014047784697,120.67678225367547,116.39342555019127,119.44771575927734,9973300
2022-06-30,117.04463752539979,119.31930408449394,114.95340933478171,117.16387176513672,9277900
2022-07-01,115.33862715612386,116.26500695586601,111.99082465025802,113.30242919921875,7672800
2022-07-05,111.07361623579756,115.72384916324766,110.3948859321534,115.41200256347656,8113100
2022-07-06,115.62295537669662,117.61329018801419,114.70574962058073,116.5401611328125,6038400
2022-07-07,119.83292415870841,123.55679121387489,119.47521448044611,123.27244567871094,9408100
2022-07-08,121.54812135475132,125.09770346296706,120.72262770474624,124.74916076660156,8393200
2022-07-11,122.52952503098855,123.45591188817262,120.44747784710157,121.29130554199219,5887200
2022-07-12,122.66709760716462,124.14379937107837,121.03447255084366,121.94249725341797,5991300
2022-07-13,119.7412307165096,125.45541944370841,119.71371565968057,124.40980529785156,7200200
2022-07-14,123.7677596380646,130.56425834546135,122.76800862047442,130.15150451660156,10718700
2022-07-15,131.85748091513932,133.43507577322825,130.27071903879263,132.41697692871094,11880500
2022-07-18,133.88453255022094,134.3064393833045,129.16092825001417,129.95889282226562,7856600
2022-07-19,132.2060538300996,136.17755693530881,131.32553003498225,135.1686248779297,9686500
2022-07-20,135.22363846400896,139.71795508478075,134.4807040377631,139.1492919921875,8517400
2022-07-21,140.2224641667454,143.01076437617212,138.15875057243318,142.9557342529297,8060400
2022-07-22,142.77226266341899,143.68946849217727,139.7363136095012,140.9745330810547,7200100
2022-07-25,140.14905825764438,141.28638456736618,139.11261115692628,140.56179809570312,4928900
2022-07-26,139.9839809030528,140.0573590654749,137.4066341780855,137.5533905029297,5941800
2022-07-27,138.98420906794794,141.9834762831397,138.08535120363575,140.7177276611328,12863000
2022-07-28,137.37906463819255,137.57168398759796,131.1604112923585,134.32476806640625,17051000
2022-07-29,132.6279589091876,133.27916716337376,129.02333298347475,133.04986572265625,11749400
2022-08-01,132.36200024738338,137.08561970976717,132.14187975677902,135.2236785888672,7611400
2022-08-02,133.6276982316368,137.03052347903505,132.848067802697,134.85675048828125,5946400
2022-08-03,135.4345858505828,137.892690206029,134.45316911471255,136.81039428710938,6890200
2022-08-04,136.3701416292265,138.6448219231992,135.48046494426035,138.50723266601562,6254700
2022-08-05,136.26925129858827,138.75487079380162,135.44375780929104,137.77346801757812,5041300
2022-08-08,137.4065854965473,138.6723338578452,134.41649991332963,135.57217407226562,5553300
2022-08-09,133.53602536414854,134.3706862279546,129.61038459262002,130.71102905273438,6770800
2022-08-10,133.77448472164775,134.99435623996135,131.7933166393477,134.82009887695312,6840000
2022-08-11,136.03081586219488,139.08511343725894,134.8476263128857,135.59056091308594,6243200
2022-08-12,135.74646747771874,138.9291729361905,134.9943519536069,138.76406860351562,4967500
2022-08-15,137.87437521078928,140.05731538130593,136.1133278528402,139.53451538085938,4502900
2022-08-16,138.91081371750434,139.86471557395421,136.52608706727895,137.60838317871094,5270800
2022-08-17,135.9574099276211,137.2415064270624,134.24223958397872,136.23257446289062,5169600
2022-08-18,135.81068461505117,140.24995782143367,135.52633902927693,138.8466339111328,7808200
2022-08-19,136.92967450326466,137.92943965733005,134.73755277237058,135.37960815429688,5400300
2022-08-22,133.27002058790092,133.73779056035943,129.4177585919946,129.88552856445312,6736800
2022-08-23,130.3257660496926,131.71992275539202,128.92244232454595,129.06919860839844,4499300
2022-08-24,128.638115637241,129.97724228600816,127.13389865948271,129.6103515625,5113100
2022-08-25,130.55507913975634,134.82926181891025,130.26158054132236,134.141357421875,5618800
2022-08-26,134.05881117977057,135.15945540712428,126.62027113290277,126.9229507446289,7918600
2022-08-29,126.40015490187525,127.61087352322869,124.84090752216926,125.73059844970703,6852300
2022-08-30,126.39098194991571,126.84958492216109,121.93336049987259,123.28165435791016,6147400
2022-08-31,123.40154617951573,123.75204466556124,121.10489724975143,121.99958038330078,8701100
2022-09-01,119.88737014637977,120.02573146131095,116.29020114187747,119.83203125,8716300
2022-09-02,121.41849812558995,122.3685201966418,117.65529775356632,118.50386047363281,6121400
2022-09-06,118.83589195612893,119.46309897055619,116.41010743008437,116.83438873291016,6674200
2022-09-07,117.5722772453216,119.7029093218426,116.55769087731119,118.61454010009766,5340100
2022-09-08,117.57228745373646,119.72137070803238,116.12419414821782,118.84513854980469,6618800
2022-09-09,120.5330136676928,122.31316124799972,120.19174775847603,121.79664611816406,5097300
2022-09-12,122.67288970947266,123.79816095152331,122.04569672812407,122.67288970947266,7081300
2022-09-13,118.41162805140725,119.81359383177494,114.82367006155717,115.22950744628906,9610900
2022-09-14,116.46544317156032,117.96888219979752,115.75523486666238,117.62760925292969,7509300
2022-09-15,116.86206764337417,118.1349186918971,114.5838627096825,115.27562713623047,7459600
2022-09-16,114.4823928498533,115.97659937029113,113.49547597343177,115.24794006347656,13818500
2022-09-19,114.02122146657632,117.30479419777102,113.82752828111734,116.81594848632812,5922700
2022-09-20,115.97661522560213,116.72372562495045,114.2702643042863,115.0819320678711,5672700
2022-09-21,115.6998940995702,119.71211883070455,114.83288054083847,114.94356536865234,8123700
2022-09-22,115.06347789785752,115.4416458121915,112.96051525939045,114.0765609741211,8753000
2022-09-23,112.84059162057501,113.1541951024309,109.8060583530604,111.77989196777344,10681300
2022-09-26,112.10272698759137,113.61538456906821,110.3041353375609,110.44248962402344,6424600
2022-09-27,112.12115113716392,113.15418831835531,109.52934324567158,110.99588012695312,5544400
2022-09-28,109.37255920266391,111.09735384345568,108.63467440093017,109.69538116455078,11321200
2022-09-29,108.17351632270109,108.34876557586225,104.65012952493686,105.9229736328125,12125800
2022-09-30,104.92683134656455,107.25115674912823,104.15205152104885,104.2073974609375,7568100
2022-10-03,106.06131483630934,109.13275043218961,104.84380978528355,108.1181640625,7481700
2022-10-04,111.05125795686594,112.9420766244249,110.97746805765597,112.86829376220703,6637200
2022-10-05,111.49396854059331,115.81057855590734,111.1711465704612,115.1926040649414,7070300
2022-10-06,114.84210646224875,117.33245528288819,114.74064712895692,115.55231475830078,6238600
2022-10-07,113.09885105447218,114.47315412649401,110.97743777157419,111.5216293334961,8618500
2022-10-10,111.22648883630045,111.64155169931396,104.64089229826995,105.70159912109375,9512600
2022-10-11,103.30348584911286,103.7554366293451,100.21360620656002,101.4864501953125,10758800
2022-10-12,101.75392872048684,102.1966610219927,99.96456259751282,100.20437622070312,6987900
2022-10-13,97.19750997852496,106.2550118119275,96.53342204818084,104.09671020507812,10455000
2022-10-14,105.7292847570062,106.0613322834526,101.26510118121494,101.41267395019531,7989800
2022-10-17,105.07439894931386,105.59092115333551,102.0214143146306,102.9253158569336,7886400
2022-10-18,106.02440999246078,107.07589120940821,101.03448695933176,102.57481384277344,8908900
2022-10-19,102.25199163078717,104.84379972443634,102.15053229985516,104.08747100830078,5620200
2022-10-20,104.38262113922661,107.07588850273085,103.04521295198383,103.28502655029297,7736400
2022-10-21,103.0728828347387,106.98365512137727,102.39956247251783,106.75306701660156,7490100
2022-10-24,107.30648121703592,107.9336811677992,105.36954246929344,107.34337615966797,6525700
2022-10-25,107.5186179779787,110.62694807013861,107.20502154267567,109.91673278808594,6205100
2022-10-26,108.87449962661685,111.36484878328645,107.14047930572774,108.9390640258789,7342300
2022-10-27,110.05510203289425,111.23571212858477,105.4986783476594,105.79383087158203,8937200
2022-10-28,105.30499352939043,110.17501407950272,103.6078681412569,109.95365142822266,9418700
2022-10-31,108.95750951316323,109.1880976619114,106.43949086954876,108.52400970458984,6870800
2022-11-01,110.4424778149662,111.26337091334767,107.68464602419012,108.21961212158203,5749100
2022-11-02,109.49247228788522,109.56626218205835,103.53407555474175,103.76466369628906,13936300
2022-11-03,96.27515637629655,98.23054631034523,94.01539544968145,95.81398010253906,24706100
2022-11-04,98.33199472245728,99.15288783553173,96.22903227381754,98.4057846069336,11977900
2022-11-07,99.13446002391102,101.7170430681597,98.00918873189897,101.54179382324219,7570800
2022-11-08,102.90687632618268,105.96908658819534,101.3849931727716,103.80155944824219,9383600
2022-11-09,102.80540675680912,104.69623215892435,101.70780505184545,101.85538482666016,9581300
2022-11-10,106.90988325335644,111.60465417088844,105.63703228062565,111.30950164794922,11673200
2022-11-11,109.75073903717589,112.6746022640519,109.75073903717589,112.00128173828125,9433800
2022-11-14,111.36483534101872,113.643047069547,110.92211009580136,111.42018127441406,6971000
2022-11-15,115.89359734721869,118.18103472865808,113.83674809936429,116.23486328125,12470200
2022-11-16,113.63381833508798,114.22412333654371,110.64539838559453,111.3556137084961,9561700
2022-11-17,109.71381954165209,113.56003455118902,109.4924569271793,113.32022094726562,7273700
2022-11-18,114.40860188328094,114.8236576823791,112.64690527766179,114.23335266113281,6436600
2022-11-21,111.68765336092325,112.9881736765063,110.77452641748683,110.86676025390625,8204200
2022-11-22,111.45707382437345,114.17801794847384,110.70997054382298,114.04888916015625,7010200
2022-11-23,113.94743070902832,117.17566451610345,113.71684257995152,115.43241882324219,5481500
2022-11-25,115.16493076991148,115.62610700812608,113.81829699876373,113.86441040039062,3153800
2022-11-28,112.67460016579005,113.86442886073345,109.62160818868725,110.2580337524414,7087500
2022-11-29,110.81144533494556,111.94594217564048,109.13276381574116,109.18810272216797,6277600
2022-11-30,110.22770748361646,117.51433767774071,109.59650853854122,117.4122314453125,12776700
2022-12-01,117.62574430990017,118.99952585464665,116.66038066885329,117.70928192138672,7924800
2022-12-02,114.83174074187535,116.7903135722546,114.28408649393498,116.64179992675781,6122200
2022-12-05,115.63932481582005,116.46545201916531,113.64362148341213,114.45118713378906,6091600
2022-12-06,114.00563805972659,114.17272037281485,110.0606456891212,111.18380737304688,5968000
2022-12-07,109.99565183886094,111.68503625049568,109.30876114363146,109.7264633178711,5427100
2022-12-08,110.44121715666064,113.56935929864439,109.69862757629124,113.01242065429688,7347600
2022-12-09,111.76858541050692,112.68753447975077,110.3205365126447,110.50618743896484,6036000
2022-12-12,107.73077331800509,112.54830725128605,107.73077331800509,112.51117706298828,9008400
2022-12-13,117.8670724084548,118.76745279780738,113.07738498373378,114.62753295898438,9712700
2022-12-14,115.31444056899241,117.49578768368792,111.4808320224291,112.97528839111328,9444100
2022-12-15,111.62007312418868,111.87069304138085,107.74934131092125,108.26914978027344,10207800
2022-12-16,107.7493188951409,108.28769588745895,105.2152389705113,106.31055450439453,12733900
2022-12-19,105.8278865701885,106.89535634262859,103.5073031874311,104.52835845947266,7720200
2022-12-20,103.40518645097028,104.68614579869849,103.12671364057566,104.05494689941406,6260200
2022-12-21,104.66760256456283,106.70971325859834,104.60262650834876,106.36626434326172,5843800
2022-12-22,104.49123031710482,104.50979186851181,99.67369685417943,102.73686981201172,12051400
2022-12-23,101.82720567880851,102.95965161030244,100.44413983417927,102.88539123535156,5356700
2022-12-27,101.87362734847312,102.7461691108647,101.07534596625521,101.60443878173828,6158100
2022-12-28,101.05677386206169,102.35629497013598,99.15389253946037,99.29312896728516,5395600
2022-12-29,100.57408753637017,102.71831150737182,100.35131350315166,101.9571533203125,6668600
2022-12-30,100.22135177739737,102.1613559991723,99.52517679376095,102.04997253417969,5642300
2023-01-03,103.35877667200667,103.72078709292518,99.44163100785454,99.50660705566406,8110400
2023-01-04,101.92003144040811,104.17563891417997,101.0010752638596,103.52587127685547,7614200
2023-01-05,102.0406838142501,102.9596327700697,101.2980943643435,101.54872131347656,7546000
2023-01-06,102.99676446671292,107.65649952383862,102.15207585982297,107.06242370605469,10259300
2023-01-09,108.35268394584772,110.32053414968063,105.39161724165797,106.38482666015625,10291800
2023-01-10,105.83716678004075,108.57545949778753,105.5587010153968,108.51976776123047,6384800
2023-01-11,109.01172819777159,109.9956532943789,106.90463450215663,109.89354705810547,7374400
2023-01-12,110.68254460727537,113.59719681071338,109.20665695424937,112.8638916015625,9527600
2023-01-13,111.22092249150299,112.70609447222394,111.12810057055643,111.61077880859375,8040400
2023-01-17,111.14666419110434,112.61327464768178,110.47833501687366,111.64791107177734,6179500
2023-01-18,112.8917522408145,115.09166093625309,112.32552928229306,113.28160858154297,10960400
2023-01-19,112.37194162537754,112.40907181400509,108.99317236072422,109.14169311523438,8716200
2023-01-20,109.92138389895024,114.13556386224748,108.91889025160559,114.07987213134766,8895000
2023-01-23,117.45865315974265,122.58249831897973,116.79032399074244,121.62641906738281,13419500
2023-01-24,121.18087715729119,123.4272003589503,120.80957528694374,121.32010650634766,7952400
2023-01-25,119.23157462210166,122.09981236205023,118.53539958830537,121.7563705444336,6880300
2023-01-26,124.76387842416702,125.17230346404685,121.74711930036044,124.34617614746094,7413600
2023-01-27,122.05341703124341,125.20940498177143,121.98843389350556,123.82633209228516,6581900
2023-01-30,121.64497261424441,122.89807902791908,120.80955417474566,122.183349609375,9854300
2023-01-31,121.89562558248439,124.04911985897911,121.89562558248439,123.64998626708984,7125100
2023-02-01,123.15800629249904,129.8969901465557,123.15800629249904,128.52320861816406,10500600
2023-02-02,128.52319154257881,129.17295203294242,125.12585419675653,126.10050201416016,17673200
2023-02-03,121.74711144297515,128.46751303873347,119.34299003414691,125.33009338378906,13187300
2023-02-06,122.77742954695579,125.20011916443597,122.39685047299632,123.39005279541016,6830500
2023-02-07,123.59426918691723,127.52070659189604,122.83312517856946,126.82453155517578,7664200
2023-02-08,125.59926080886275,126.49964835229797,122.30402936096543,122.68460845947266,7151700
2023-02-09,124.28114913406209,125.52497828835035,120.59606200267206,121.16228485107422,5717500
2023-02-10,120.01128491000064,120.61464509236981,118.46114397994825,119.73282623291016,5319200
2023-02-13,120.16911303656545,121.99771996890497,119.1758964103823,121.45006561279297,5550400
2023-02-14,119.92775485850956,123.34366120432254,119.14804218612498,122.8424072265625,5579900
2023-02-15,121.22728200790928,123.76135510496908,120.94880916825373,123.52001953125,3501100
2023-02-16,121.36650955854786,123.0744555098312,120.6239200516413,120.81885528564453,5788400
2023-02-17,120.20623238256216,120.4939824873216,117.84851855782239,118.5539779663086,6022500
2023-02-21,116.45616442642701,118.4611520198585,114.68324227065766,114.82247161865234,8164400
2023-02-22,115.39798384290664,116.00133701025999,114.09845557826698,115.05453491210938,5517800
2023-02-23,117.5236225829989,118.0991297975828,114.79461432416255,117.1430435180664,6440200
2023-02-24,115.32370487946075,115.75997566987711,114.33977983340388,115.4165267944336,7357200
2023-02-27,117.42152151962804,117.51434344042599,114.20983490338062,114.56256103515625,7787200
2023-02-28,114.74822517659982,116.12200675911765,114.09845749244946,114.66468048095703,6491800
2023-03-01,115.59857691554029,117.17687614915627,114.85145837234954,115.50518798828125,5530600
2023-03-02,114.08566022722985,116.04685624240803,112.87158277134316,115.59857940673828,5258900
2023-03-03,115.79469512941962,116.00015504327015,113.62803925401843,115.43047332763672,7052100
2023-03-06,116.06551716890701,116.89669065180186,113.96423445089057,114.31912231445312,7031300
2023-03-07,114.38451730412883,114.4031922412791,110.46211786649924,111.31197357177734,8879700
2023-03-08,111.64816708674338,113.70275195163316,111.46138211031447,113.18910217285156,7633900
2023-03-09,113.2638138487928,113.86151151091427,109.21067613221163,109.47216796875,8055500
2023-03-10,109.77101916953468,110.4154148699998,106.95996761582614,107.57634735107422,6884500
2023-03-13,106.24087110194604,108.5569479433242,105.79259425758194,106.86658477783203,7673700
2023-03-14,108.71570489164272,109.3227364388341,106.39028015272481,108.84645080566406,8312100
2023-03-15,107.6323791305106,108.50090967661187,105.66184216166923,107.85651397705078,8596900
2023-03-16,109.26669028944787,112.8435417756177,108.24873907347413,112.54469299316406,11207800
2023-03-17,112.79685111204911,114.7487129161897,111.27459114048872,112.75016021728516,12304100
2023-03-20,112.78751076016005,113.95489001302926,111.89096434897058,113.76811218261719,5945000
2023-03-21,114.86078948437547,116.80331047464753,114.07631396433383,115.61725616455078,6900600
2023-03-22,115.80404147107886,117.89598345100704,113.81482945278773,113.90821838378906,7072700
2023-03-23,115.7479881991805,118.60573028668027,114.02960226004471,115.94410705566406,7353800
2023-03-24,115.45849362970816,116.67257109799695,114.16970929231007,116.51380920410156,6987200
2023-03-27,117.42902628489823,117.72787512546672,115.16898148277909,115.43047332763672,4818000
2023-03-28,115.4304710089306,115.5051849988515,112.26453871849422,113.3198471069336,5272100
2023-03-29,115.2623587023604,117.63447425067761,115.10359683055339,116.82197570800781,6410100
2023-03-30,118.68045263239154,119.71708603623654,118.07341396232911,118.97930145263672,8156400
2023-03-31,118.27887701147576,119.51162931844985,117.94267118910845,119.14740753173828,6222400
2023-04-03,118.59639223402787,119.13805792273831,115.43980126812899,116.49510955810547,6367800
2023-04-04,116.67257156369747,116.94340445001582,113.75878990324514,114.2164077758789,6962700
2023-04-05,113.39455974705702,115.07558887467596,113.2357978642036,114.90748596191406,6920900
2023-04-06,114.25376029424483,115.66395669183325,113.04903094892151,114.8701400756836,5260600
2023-04-10,114.02027526676417,116.34570011943254,113.63737853557703,116.07486724853516,5243700
2023-04-11,116.97140093020947,116.97140093020947,115.02888014684926,115.4024429321289,5001400
2023-04-12,116.18693898202513,116.27098687778359,112.20850803840277,112.32057189941406,5288300
2023-04-13,112.11510798711193,113.6186930575018,111.24657752486883,113.12371826171875,6077100
2023-04-14,112.8809203717797,113.86151478701291,110.91038338601598,112.21784973144531,4833100
2023-04-17,111.25591165763078,111.9189822296132,110.3593652310721,111.48938751220703,6370200
2023-04-18,112.38593665142358,112.81553850431669,109.64960640985613,110.53681182861328,4829900
2023-04-19,109.50016648672306,110.84498957478507,108.75304096555148,110.70490264892578,4241900
2023-04-20,109.53753349890674,111.97502200651151,109.37877162679276,110.79830169677734,5125000
2023-04-21,110.07920089554224,110.3780497109512,108.84644864134054,109.97647094726562,4980700
2023-04-24,110.03251796979285,110.04185900049532,108.86513851113983,109.59358215332031,4097900
2023-04-25,109.02389921364211,109.11728814428795,106.16615661019074,106.51170349121094,7045200
2023-04-26,106.73583818571534,107.49229778543821,105.72722063600571,106.61443328857422,4671100
2023-04-27,106.35292468340214,106.75450346082722,104.73727566907932,106.3902816772461,6945700
2023-04-28,107.49229291936119,109.17332209277858,106.21284966664973,109.0799331665039,8652500
2023-05-01,109.46283051191463,109.80837737868717,107.87519738104073,108.18338012695312,6208500
2023-05-02,108.45421418112015,109.3227447474814,106.87592206330555,108.43553924560547,7081200
2023-05-03,108.94918958282514,109.09861044304762,105.15753639366056,105.3723373413086,11491700
2023-05-04,97.153989166398,100.03975495976927,96.65902140453872,99.53544616699219,22117500
2023-05-05,101.05770211788268,102.04763759915394,98.7789751797367,101.59002685546875,10745600
2023-05-08,101.21644259066201,101.63670337357567,99.80625366109406,101.15106964111328,6694400
2023-05-09,99.92767323656354,100.3292520214909,98.3400401566841,98.77896881103516,7804100
2023-05-10,99.92767912970724,100.37595596552819,98.19061796921874,99.42337036132812,7980100
2023-05-11,99.26460721681205,99.47006713375825,96.82711842962041,97.18199920654297,10630500
2023-05-12,97.56490423264793,97.81705505409055,95.82784307345217,96.77108764648438,7635900
2023-05-15,96.90182311458706,99.36732763088858,96.08932455519218,99.25525665283203,7444900
2023-05-16,98.68558377928818,99.4420504796384,96.8644747555382,96.92984771728516,7027000
2023-05-17,97.30340779186605,98.48012106992857,96.73372608775337,97.8824234008789,9504700
2023-05-18,97.8824033994677,100.0397248853224,97.8824033994677,99.89029693603516,9142000
2023-05-19,99.88098092022838,100.03974993738439,98.54549857078703,98.86302947998047,5783200
2023-05-22,96.81776503398558,98.87235681592244,96.42552731088479,98.32135009765625,7912400
2023-05-23,97.19132721715091,98.65755528016567,96.63098659834533,96.71503448486328,7452500
2023-05-24,95.3328746570551,96.32281012509561,94.86592288909357,96.21073913574219,8193700
2023-05-25,95.19279066023205,97.2287007168251,94.76319587536987,97.14464569091797,11677400
2023-05-26,98.0038227006118,103.92476669304303,97.8917517302859,103.05623626708984,15969900
2023-05-30,106.93193909217571,108.97718981423833,105.16686223961557,108.33279418945312,18291800
2023-05-31,106.79056584610298,107.20433927602221,104.94740438266,106.6495132446289,14924000
2023-06-01,107.73094928056061,109.61172706646201,105.61507427142153,108.92524719238281,8616500
2023-06-02,110.25118564471762,110.40165130299538,107.85319840634499,108.7277603149414,7873400
2023-06-05,108.54907954571782,109.00986804914785,105.9253939309598,106.0100326538086,7769300
2023-06-06,105.86898376555051,109.82802016169374,105.54924780972105,109.42365264892578,7594500
2023-06-07,109.67756414172385,110.17597632772836,107.66513229872697,108.31400299072266,7555400
2023-06-08,108.70896152018913,109.68696689215575,107.29837809084083,109.41425323486328,5793400
2023-06-09,110.48628728319885,113.6459944877004,110.38284393263616,112.00971984863281,13807000
2023-06-12,113.82465885931683,115.01894945379885,112.63036109023777,114.85908508300781,9675100
2023-06-13,116.87152111400975,117.92475917267247,115.43272737088662,117.01258087158203,8873200
2023-06-14,116.93738073375096,117.01261358210026,114.2572732890511,116.04401397705078,7324600
2023-06-15,114.33248205342198,117.25709205189239,113.82467119593282,116.24147033691406,8132600
2023-06-16,117.16303644950624,117.52979467994851,114.82147036035708,115.36689758300781,12905700
2023-06-20,114.67102574966935,115.07539326713658,111.63356641968102,112.67739868164062,8667400
2023-06-21,111.53951988191793,111.92507557205519,108.77477442134418,108.85941314697266,7925400
2023-06-22,109.0945220836005,109.7245809465608,108.06009569262422,109.46127319335938,7283000
2023-06-23,107.28897268310911,108.40803783804826,106.29216268434888,106.66831970214844,11958500
2023-06-26,107.73094659660399,110.5991355184861,107.48645065623853,109.67755126953125,9377000
2023-06-27,109.78099621703478,112.79024494806511,108.75597577814295,112.64918518066406,7308900
2023-06-28,110.04429610497453,111.05991774828226,109.63052990461001,110.5333023071289,6384800
2023-06-29,110.55212910600868,111.10696234961993,109.91266429577466,111.02232360839844,5138500
2023-06-30,112.47051657622589,112.7150197112246,111.32324091346075,111.94390106201172,6565100
2023-07-03,112.16017112932784,113.29804791238104,111.39845848286828,112.93128967285156,2662000
2023-07-05,111.92507757452293,111.95329526663554,110.11953270758258,110.14774322509766,6249200
2023-07-06,108.2951872392433,109.27318536418053,106.84698749808166,108.35160827636719,7544600
2023-07-07,108.49267275309467,110.71199118787351,107.91903493544261,109.02869415283203,6108400
2023-07-10,109.5271048026254,111.22920654740804,109.5271048026254,110.13835906982422,6037000
2023-07-11,110.77781359858109,110.8436405335922,108.0412784975531,109.90325164794922,5784000
2023-07-12,110.5521086067766,112.12256340625032,110.11953060574106,111.6053466796875,8371300
2023-07-13,112.84666943659785,116.06279779363736,112.73382018430597,115.78068542480469,9823000
2023-07-14,115.66783224096537,115.83710252635069,113.90930245249548,115.25405883789062,7892200
2023-07-17,115.03779794782665,117.04082410658141,113.56138737831834,116.04401397705078,6125000
2023-07-18,115.02836773175684,115.8841250579792,114.03155781294645,115.53617858886719,7481200
2023-07-19,117.868337495824,119.52342391554389,116.89033938488711,117.00318145751953,8866700
2023-07-20,116.15683494707264,117.17245669125764,113.06296174839848,113.52375030517578,9148600
2023-07-21,114.66162285462507,119.10966566325621,114.14440607178487,117.28530883789062,23704100
2023-07-24,117.28530658838261,118.1128462504567,115.82770090077004,116.70226287841797,5859300
2023-07-25,116.79629998180485,118.47019827155839,116.79629998180485,117.61444091796875,5592100
2023-07-26,115.85591080000978,117.77430503666359,115.04717576373618,116.62702941894531,5291800
2023-07-27,119.01561377819927,120.1534834565145,117.47337659646642,118.34793853759766,7917900
2023-07-28,120.65189132771016,122.17531666037736,119.95599841875114,121.76154327392578,11762200
2023-07-31,122.24115032012388,125.04350504194582,121.40420482756788,124.29119110107422,11029600
2023-08-01,124.0561078114314,124.49809176319269,122.47626127260546,124.20657348632812,7128700
2023-08-02,122.43864177390323,123.73638315219286,121.15031346885728,121.5640869140625,13711100
2023-08-03,109.99729196979311,112.00972366357576,108.04128131474891,111.62416076660156,29239600
2023-08-04,110.74020294767351,114.72745002150046,110.74020294767351,114.25725555419922,12658700
2023-08-07,114.92493984981571,115.42334487630677,110.89067014303134,112.22602081298828,7706500
2023-08-08,110.02551139507035,110.85305112014359,109.04750598838456,110.64617156982422,8934600
2023-08-09,110.24178433149301,111.06932390878222,109.5741019568219,109.62112426757812,5642500
2023-08-10,110.66496562969557,111.33264088527447,108.21055003580527,108.7183609008789,6224500
2023-08-11,107.32659473915443,108.57731383982158,106.94103897724426,107.77798461914062,5712500
2023-08-14,107.09149065269787,107.69333900453572,106.08527476685038,107.22314453125,8537500
2023-08-15,106.58366282729469,106.7435343755072,104.75931343951346,105.02262115478516,6843600
2023-08-16,104.71230323370877,105.24832462307076,103.4898019608365,103.5838394165039,6426700
2023-08-17,103.62145635462186,104.50541705185697,103.1230513799408,103.51801300048828,6250500
2023-08-18,102.3331227790321,103.93178108555958,102.03219860928817,103.53681945800781,6384700
2023-08-21,103.292314457649,104.34555261998017,102.50239121684913,104.08224487304688,6539800
2023-08-22,104.82515188545077,105.17309118688904,102.63404402540776,102.94437408447266,4587000
2023-08-23,102.82212392130859,104.88157800910984,102.36133534661364,104.54303741455078,6873900
2023-08-24,105.47401617408869,105.85957186929134,101.71246079854369,102.04159545898438,8698100
2023-08-25,102.39893424097481,103.93176537791376,101.33629749661068,103.74369049072266,6669900
2023-08-28,104.66527599471601,105.50222145022839,104.0258113256574,105.02262115478516,4316400
2023-08-29,103.93176702633903,107.19491731049945,103.93176702633903,106.9974365234375,6971400
2023-08-30,106.59967653258487,107.45202082557032,105.7568047387992,107.27207946777344,6490300
2023-08-31,106.47657897483366,109.0620225152329,106.47657897483366,108.46537780761719,7962500
2023-09-01,109.57340575063355,109.57340575063355,108.35172069025921,109.27982330322266,5310700
2023-09-05,108.82525271733019,110.86139945537768,108.82525271733019,110.37841033935547,7294800
2023-09-06,109.85753988484191,110.5394154263982,107.61303409811933,108.60743713378906,7411900
2023-09-07,104.74347422163324,104.83817754659536,100.45334929478402,100.76587677001953,17947800
2023-09-08,100.54805596681227,101.40040037064554,99.92300822093507,100.51964569091797,9819300
2023-09-11,105.37798958576688,105.91780646109002,103.05772571692535,104.44041442871094,18771700
2023-09-12,103.7774882646793,106.77015522691477,103.71119521497347,105.34011840820312,9250100
2023-09-13,105.67159248589373,107.58462581253038,105.62423720697552,106.67546081542969,8131500
2023-09-14,107.74561296166277,108.66425038085961,107.0163894164965,108.0013198852539,7138100
2023-09-15,107.93503053402098,109.0904299162947,106.5049864440428,107.14897918701172,12247400
2023-09-18,106.91221103491468,107.80243815806386,106.50498024724008,106.77962493896484,5065100
2023-09-19,106.25875090283122,106.39133700511128,104.09001799036429,104.85712432861328,5658800
2023-09-20,105.82310324381056,105.87993101654232,103.37972577835207,103.4365463256836,7073800
2023-09-21,102.26220824381922,103.7869483102321,102.13908742528267,102.2432632446289,7007200
2023-09-22,103.01038223348925,103.96690249937798,101.6750486418713,101.97810363769531,6965500
2023-09-25,101.18256888617904,104.62982902821138,101.05945529108514,104.58247375488281,6782500
2023-09-26,104.03318592358545,104.78135445582463,103.55018958497021,103.91007232666016,6559800
2023-09-27,104.86659643484478,104.9423547605768,101.7413360919282,103.40814208984375,7225000
2023-09-28,103.94795482304843,105.98410876922055,103.39866543749496,105.21699523925781,4851300
2023-09-29,105.95569412073036,106.28716659619431,104.78135699533408,105.17911529541016,4869300
2023-10-02,104.55406475696938,105.87046044708524,103.79642372686801,105.21699523925781,5751500
2023-10-03,104.94234372906176,106.31556710373609,103.58806535287944,104.35517883300781,7750700
2023-10-04,104.93288751183565,105.18858721034762,103.0387921215527,104.03318786621094,7189400
2023-10-05,103.89112929389081,104.61088756549775,103.18084352234989,103.98583984375,5089700
2023-10-06,104.99917120079016,105.43481223466972,102.32849722759813,105.00863647460938,7930600
2023-10-09,104.47830996528573,106.05041273570941,103.6827933046384,105.87994384765625,4714500
2023-10-10,105.59581635949822,107.00691538011394,104.5824756305352,106.36292266845703,6253000
2023-10-11,106.3345259769993,106.67546376350936,103.7774998035753,105.23595428466797,6378600
2023-10-12,106.05039881592351,106.26821572876759,104.47829625184825,105.55792999267578,5371700
2023-10-13,105.80417565223344,106.04093758943397,102.79256352202677,102.90621185302734,6035600
2023-10-16,103.31342054201133,105.1980504924916,103.18083445434135,104.65823364257812,6254700
2023-10-17,103.0482597341897,106.3250439666753,102.3000911710053,106.25875091552734,7334000
2023-10-18,105.17911373131665,106.17351669211986,104.2036557704642,105.10335540771484,7174500
2023-10-19,106.43869765651175,108.34226568595408,104.97077073161921,105.3874740600586,10511500
2023-10-20,105.61475972138707,105.69999777433661,102.87779235839844,102.87779235839844,7756500
2023-10-23,102.22433631782569,104.71506929603086,101.9781018800249,102.90621185302734,6679200
2023-10-24,103.51231098881227,104.48776891181149,102.69784943214493,103.59754180908203,8578600
2023-10-25,103.04825216786588,103.50283821764572,98.90018607475045,99.23165130615234,8571600
2023-10-26,99.20324940903255,100.83217265563162,98.80549109776554,100.02718353271484,8705200
2023-10-27,101.23938849209358,102.17696358008124,100.2355131366344,100.82268524169922,7292000
2023-10-30,101.0594744084923,103.54074235704498,100.55754020801982,102.12017059326172,6634000
2023-10-31,102.56526911011402,103.42707876251013,101.04052173047415,103.2187271118164,6485500
2023-11-01,103.38919659741326,105.30223701470702,102.94408301837757,105.01811981201172,12809900
2023-11-02,111.72320743120193,112.7744308537317,108.3895958060301,111.1455078125,22106100
2023-11-03,111.70425954582697,113.7404132947422,111.14550493994308,113.19112396240234,10670100
2023-11-06,113.64571504182871,114.17605939989592,112.11149528762003,113.57942199707031,7756400
2023-11-07,113.50366447832312,114.66853631904114,112.85967175853601,114.32759857177734,7898400
2023-11-08,114.97160056264788,115.59664833276713,112.8407430831213,113.70255279541016,7681900
2023-11-09,114.70642548546587,115.9470557193949,113.50367080298734,113.74043273925781,9002700
2023-11-10,115.4451043301164,118.20100909953241,114.56434976970513,117.63278198242188,12191600
2023-11-13,117.43391345685376,117.95479257605645,116.1364555215492,117.29185485839844,7959200
2023-11-14,120.5970446857712,121.43045124481205,119.4037698450721,120.6159896850586,11255400
2023-11-15,121.14632097935528,122.86047473438934,120.80538328299279,122.09336853027344,7789100
2023-11-16,122.2543959733618,123.46661599078269,121.51569985183353,121.88504791259766,11655700
2023-11-17,122.45326144949556,122.91730553968482,121.61985491083728,122.6142578125,6543300
2023-11-20,122.5858595595585,123.22984507472088,122.18810125005207,122.65214538574219,7148600
2023-11-21,120.17086225053222,120.72015156001278,119.09122862867007,120.29397583007812,14641800
2023-11-22,121.11792895508492,122.65214159444304,120.42658818498911,120.74858093261719,6647400
2023-11-24,121.43991512579045,121.43991512579045,120.80539493954606,120.98533630371094,3708200
2023-11-27,120.53074446936967,122.1880849892218,120.07616566911516,121.4114990234375,8586400
2023-11-28,120.46447953203696,120.56865537002538,119.0154975268908,119.88677978515625,8817900
2023-11-29,123.17487348681077,124.47105033609836,121.6308961974483,121.90728759765625,10608300
2023-11-30,123.20345876990858,123.32734807720784,121.50698674287003,122.99378204345703,11731800
2023-12-01,123.00330492837023,124.15652689959806,122.47911312326666,123.58467864990234,8866500
2023-12-04,123.26065559335163,123.94686777332062,122.02166057159057,123.85155487060547,7485000
2023-12-05,123.0318975051256,124.70931130352413,122.89846818413528,124.61399841308594,6231600
2023-12-06,125.78627647394441,125.93877128778334,123.57515984410348,123.861083984375,6912400
2023-12-07,125.16678082244884,127.07292228406955,124.27089200865427,126.70122528076172,7815700
2023-12-08,125.06193889075765,127.68288332567754,125.02380791869865,126.72981262207031,7678600
2023-12-11,128.1975428387785,130.18947178191195,127.7782039197719,129.7129364013672,11010700
2023-12-12,129.5985546868871,130.7898931076001,129.1410848052908,130.2657012939453,7380400
2023-12-13,129.97982485720462,132.46734069577786,129.69390065477032,132.2862548828125,7507700
2023-12-14,133.0486837050157,136.06037624944955,133.0486837050157,134.85951232910156,11468900
2023-12-15,135.38369157488458,136.75611566644474,134.74513597114284,136.4130096435547,25053500
2023-12-18,135.82209803555503,136.40347173490596,134.6593506368532,135.00245666503906,7832100
2023-12-19,135.36463407715377,136.69892727673576,134.8023258389517,136.50831604003906,5658400
2023-12-20,135.3074555065649,136.27005172844653,133.77301101774626,133.84925842285156,7264800
2023-12-21,135.1454369056025,135.99366930173198,134.37345191552697,135.75540161132812,8361600
2023-12-22,136.52736133978735,137.62338669576553,136.05082604715284,136.756103515625,4659200
2023-12-26,137.40418255221243,139.19595988035186,137.2040458761049,138.63365173339844,4381200
2023-12-27,139.00537357672295,139.358005097696,138.23337405961414,138.8814697265625,4470300
2023-12-28,139.31986763924812,139.9965542335507,138.89098873373183,139.014892578125,4928800
2023-12-29,138.58601483680374,138.78615154113038,137.0420304041882,137.84262084960938,4839300
2024-01-02,135.51711850701454,135.5266439781732,132.26714408931343,133.6490936279297,8495800
2024-01-03,132.37197173423664,132.37197173423664,130.5611434567084,131.14251708984375,8133300
2024-01-04,129.08389504489293,130.88519804585704,128.60735970556163,129.77963256835938,6770300
2024-01-05,129.77009655290647,131.59046489149304,129.47464699335956,130.31333923339844,6827300
2024-01-08,130.56117409616184,132.6197959712129,130.22759349915907,132.50543212890625,7729400
2024-01-09,131.08532104671008,134.33529521159272,130.70409863216264,133.32504272460938,5856900
2024-01-10,133.32506058707716,133.4584899043155,131.32360628579727,132.77227783203125,5652500
2024-01-11,132.4768411683296,133.38225551957188,129.6462197295898,132.50543212890625,7374900
2024-01-12,135.45040797904468,135.9650743190029,132.62932675205604,133.62051391601562,6546600
2024-01-16,133.429910341636,134.60218333910836,131.5047032776061,134.49734497070312,7483000
2024-01-17,133.0677394376607,133.0772794529207,130.90427920874353,132.78182983398438,6584700
2024-01-18,136.4320632197786,138.81473994064586,135.65055281754053,138.4716339111328,12893000
2024-01-19,140.34918466012735,145.60061347257994,139.85359837177063,144.82862854003906,16193900
2024-01-22,145.58155901369548,147.3161547824425,144.7428520887887,145.6959228515625,10456100
2024-01-23,145.69591699111052,146.52509841041075,144.3044418773465,146.29635620117188,6232300
2024-01-24,147.52582204662951,148.98403374313284,146.6775896202854,147.1255340576172,8331900
2024-01-25,150.20394099819666,150.56609795794483,146.45836576300968,147.2208251953125,7740900
2024-01-26,145.06691608603637,145.8007701475731,143.32279473820702,143.64683532714844,7744700
2024-01-29,143.34183647674485,144.14242696754437,141.45476044403637,142.6175079345703,10770700
2024-01-30,141.05446409485995,141.81692356607584,138.73850926623322,139.12925720214844,9132800
2024-01-31,138.51930984058563,143.11311818515958,137.5662390181635,141.54054260253906,21184200
2024-02-01,134.25908125501365,137.15642468083738,133.51568718162483,134.48782348632812,22810600
2024-02-02,134.0493867174946,135.46946728082077,132.72461904024038,135.04058837890625,10442700
2024-02-05,135.20262063542071,137.86168169715356,134.5831304491553,137.27078247070312,8032600
2024-02-06,137.71871635998374,138.01416595060144,135.74585302747735,137.33749389648438,7286300
2024-02-07,138.34773480879588,139.10065420045584,136.88953792235424,139.04347229003906,7361900
2024-02-08,139.95841167205703,141.63581055180012,139.4246799650141,141.22598266601562,9448700
2024-02-09,142.0075395596738,146.2010449779109,141.38804939881103,143.91368103027344,11981500
2024-02-12,143.32277713665812,147.4972169315895,143.1988732914592,145.91513061523438,11806300
2024-02-13,142.96061708807497,144.1519555638089,141.44523803719082,142.9987335205078,8976300
2024-02-14,144.2091327761922,147.1445924296991,143.96133961670276,146.71571350097656,8715100
2024-02-15,147.72596787123842,149.7941296763111,147.2399070187781,148.65997314453125,9372400
2024-02-16,150.0800450930187,150.35642919870298,145.4385954129244,145.5243682861328,8429100
2024-02-20,144.76190661119992,145.72450277331677,142.83669974426155,144.82862854003906,8745500
2024-02-21,142.79857941131968,144.91439744998766,141.91221613110267,144.8762664794922,9760300
2024-02-22,147.50676690334205,148.21202996465558,145.1717464292064,147.48770141601562,11407500
2024-02-23,148.39310193335416,149.5463238546791,147.0873997557197,147.6401824951172,5953300
2024-02-26,148.67904381234382,150.089584515016,148.47889254688263,149.66070556640625,6307600
2024-02-27,150.34691716559757,151.7288669029525,150.09912399550075,150.87110900878906,6021400
2024-02-28,149.4342387827589,149.95150471648364,148.4380169554997,149.29055786132812,5211000
2024-02-29,150.26761816881503,151.5416426064613,149.6066566935289,151.14889526367188,8321400
2024-03-01,152.68154447138267,157.09751796970622,151.41710863468322,156.22581481933594,10405700
2024-03-04,158.1703940776611,160.7663415253416,157.78723519862473,159.54978942871094,11865100
2024-03-05,157.79679550270157,158.62060017679565,153.48619270916646,154.65484619140625,9608800
2024-03-06,157.88302522425596,162.12656735684308,157.4136431941662,160.8238067626953,12230500
2024-03-07,162.46184892285436,170.1155549348685,162.29899105246855,168.3242645263672,14495100
2024-03-08,167.4621468532643,168.08478367277274,163.3622709274458,163.39102172851562,11318000
2024-03-11,161.88709360721637,164.741666668123,161.04412654899934,163.91786193847656,7256300
2024-03-12,165.63252113938117,166.58084439974803,163.40058504914134,165.7953643798828,7642200
2024-03-13,164.01364362844578,164.281857737058,161.50391963361437,162.12655639648438,8730500
2024-03-14,162.46182139889044,162.79708170585357,159.6934573199564,161.36021423339844,8151000
2024-03-15,160.0670593917471,161.66677026145877,158.86966970334856,160.162841796875,16414600
2024-03-18,163.71669583357988,164.24355020373244,159.3486207220838,159.89462280273438,6653700
2024-03-19,159.09954850012943,159.45398576339767,156.74309393665962,157.1933135986328,7404400
2024-03-20,157.1933301468179,161.0920235206161,156.9346898715992,160.61306762695312,5995800
2024-03-21,163.55385458855227,165.6420951509734,162.49057198003723,163.6592254638672,8497500
2024-03-22,162.4139567176222,164.66504079000475,162.17447875567245,162.94081115722656,5645500
2024-03-25,160.81425499776884,161.66679600701343,159.9425516578177,160.4694061279297,5682500
2024-03-26,160.97707954148433,162.28941401899704,159.97126923674094,160.038330078125,5289900
2024-03-27,162.31816665990064,162.34690284724323,159.94254926793644,162.0116424560547,6309700
2024-03-28,161.98288955942726,162.7396334423459,160.91001841519937,162.17446899414062,5324000
2024-04-01,161.1878070216312,165.5271458848027,161.13033465786563,164.4925994873047,6679100
2024-04-02,163.29523015956323,164.18608114185304,162.15531274788742,163.8412322998047,7436300
2024-04-03,162.8449854115416,166.6383220912434,162.203186340673,166.59042358398438,6943200
2024-04-04,167.63455998984665,168.54457324933395,162.27983669586294,162.61509704589844,9031200
2024-04-05,163.01742114906682,164.99073171127583,162.56721605572508,164.31060791015625,5863300
2024-04-08,165.6516606690192,167.0502181603935,165.10565860919365,166.3126220703125,4812000
2024-04-09,167.89321129494198,168.5829089849826,166.073170039778,168.1805877685547,5028500
2024-04-10,165.16314802764506,166.39886241416937,162.9120641054026,163.66880798339844,6177400
2024-04-11,164.44472801480717,168.23806542929142,163.32397288739878,167.7591094970703,6262600
2024-04-12,165.0290416674389,166.09232433678264,163.76460570789638,164.08070373535156,8216700
2024-04-15,166.9352833004556,167.04065417669403,161.4847631521266,162.6917266845703,6570600
2024-04-16,162.36603348153736,162.4330943166291,160.40231156921308,161.48475646972656,6390100
2024-04-17,162.0978297876515,163.02700536756583,156.87721359992807,157.40406799316406,8082000
2024-04-18,155.52654066185664,157.1933122439404,153.13176146628516,154.645263671875,9209400
2024-04-19,154.50158193280444,154.59737895580193,149.75992162589856,150.99563598632812,10292200
2024-04-22,151.38839305521566,154.8368818058667,150.54544050683776,153.43832397460938,7848700
2024-04-23,154.18546655256378,155.4307400118762,152.95932618586417,154.55905151367188,6616700
2024-04-24,156.97300777199513,158.9463038140447,155.181717317303,156.7431182861328,6130500
2024-04-25,157.174171997781,157.7010264181344,154.92307339107748,156.427001953125,6230700
2024-04-26,156.04383700276776,159.51148789424767,155.67025195998286,158.68768310546875,7141300
2024-04-29,158.2470271003372,162.14573515864305,158.2470271003372,162.07867431640625,6623900
2024-04-30,162.1074065622535,162.11699503466812,158.8313500261062,158.8696746826172,6914200
2024-05-01,157.58605496724743,162.50014686706538,156.89635734563885,157.20289611816406,13113600
2024-05-02,168.08479148849307,174.04300429391193,167.9123597569262,172.51992797851562,25894800
2024-05-03,174.56984585246906,175.47985910870315,170.31671526413646,172.0792694091797,10043900
2024-05-06,174.25374617541053,174.72311362200682,172.80728994362266,174.19627380371094,6980100
2024-05-07,174.77099473387037,176.5527111620102,171.67694389402138,172.5677947998047,8011100
2024-05-08,169.29174352251337,173.1808629816182,169.1863726428373,172.9509735107422,6242600
2024-05-09,173.38205215084784,174.06217602427975,171.88771194057549,172.94140625,5513500
2024-05-10,174.33996075521284,175.82472708056403,173.61195299424605,174.41659545898438,4702500
2024-05-13,175.47026191926057,176.95502800913036,175.2020478068861,176.45692443847656,6384800
2024-05-14,176.74427852776904,181.32309518140644,176.7251308181322,181.01657104492188,7713400
2024-05-15,182.01278995357535,187.8273207680581,182.0032160989045,186.419189453125,11349100
2024-05-16,186.79278806500133,187.39627713451472,184.66622284693545,185.13560485839844,8173400
2024-05-17,184.78117342178777,187.21427748753436,183.794525474232,185.70077514648438,5799700
2024-05-20,185.83487221342492,191.57276863290872,185.14517461114204,189.43661499023438,8879700
2024-05-21,187.76025717628298,193.47899089372538,187.5207792638828,192.3965606689453,11498800
2024-05-22,194.3890380859375,196.21865316512026,193.21081064319503,194.3890380859375,11170100
2024-05-23,197.2148865952525,199.19775642600248,191.0267699192059,193.26828002929688,14475100
2024-05-24,195.30862692150214,202.40675652600572,194.99251428872066,201.50631713867188,13809900
2024-05-28,208.08717502433026,208.2787544599134,202.4067650989626,204.11184692382812,12485400
2024-05-29,199.86827492828522,201.7936868439155,198.00034999389032,199.49468994140625,12552500
2024-05-30,200.06217539217806,201.3798879086261,196.04170218140803,196.9842987060547,12245300
2024-05-31,200.06219453912587,201.07212682185397,191.12673086567645,196.262939453125,15064900
2024-06-03,201.56264152833688,202.92844886386135,194.68551004581755,198.05194091796875,12419500
2024-06-04,198.05194707715228,198.3597274204113,193.96413803384263,196.57070922851562,6629100
2024-06-05,199.03302108115113,204.39046284610774,197.53255697272866,203.8133544921875,11626300
2024-06-06,203.81333154506254,204.14036740291678,200.82201675619768,201.4472198486328,7597200
2024-06-07,201.72614757249562,201.7934832331269,197.07085822239213,198.73483276367188,5714400
2024-06-10,197.45559970000676,202.5437279274739,196.75346248497573,201.3606719970703,6465100
2024-06-11,199.24460497870797,201.45683386115874,196.96505511224038,200.5623321533203,8197500
2024-06-12,204.39044134164845,207.39136924275783,202.83226949706838,207.17015075683594,9502800
2024-06-13,208.10314143308844,210.02681624216618,204.8809802572936,209.497802734375,10102800
2024-06-14,209.33429940882394,209.72865628073816,205.49656274786443,207.11245727539062,6438200
2024-06-17,208.80528644544896,214.17234112486415,205.25610394160387,213.73951721191406,12109100
2024-06-18,218.16397473711578,221.82857302774798,217.375260993229,218.4236602783203,22037500
2024-06-20,215.64395290025885,217.27907362651806,204.7174789042262,207.2471160888672,18701200
2024-06-21,203.67867737601478,207.24710049718277,201.41836834921133,204.41929626464844,22286500
2024-06-24,199.01379067500642,199.1292064727509,192.59833663265437,193.17543029785156,16087700
2024-06-25,195.38766492536786,195.39727801662818,191.56916895906545,194.45468139648438,11974900
2024-06-26,192.66564880722322,193.47358870741743,188.23157777022834,189.79937744140625,10023800
2024-06-27,189.35693729979835,190.99207273373833,186.44257095093823,187.70257568359375,11936600
2024-06-28,188.52012998852413,196.15712127609098,188.14501399040182,191.57876586914062,15547500
2024-07-01,191.8577204134655,193.0119224367468,188.5970919925464,192.39634704589844,6800600
2024-07-02,190.68427971976155,192.82917318298442,189.56854472464624,192.52139282226562,5632900
2024-07-03,194.94519303926427,197.04200615841492,192.79068670205103,196.03207397460938,4996200
2024-07-05,197.99424564620006,198.8598934836405,196.19559962840077,197.89805603027344,6375200
2024-07-08,199.33120189804544,202.4090788564314,198.28278790513932,199.95639038085938,6920400
2024-07-09,198.60016871155406,200.59117903861,196.84963239458813,199.2157440185547,5272600
2024-07-10,200.77392663075847,201.25484528877135,198.67711365005638,200.83163452148438,5159400
2024-07-11,202.00508992435104,202.11089262282624,192.1462568151085,192.22320556640625,8602200
2024-07-12,193.96413818322625,198.21545783036558,192.60794389487108,194.70474243164062,7217200
2024-07-15,195.25299502671058,201.2548657731313,195.05100271213774,200.2353057861328,7463700
2024-07-16,201.98586473058708,203.03426402993,198.7348494494038,201.6396026611328,5998500
2024-07-17,192.1077836593143,192.36748387195425,183.2877362849621,184.28805541992188,16156200
2024-07-18,186.3848517613977,186.50026755389422,179.8155005031129,184.1533966064453,9960600
2024-07-19,184.37459351783758,185.72115986091362,178.67089072390522,179.10372924804688,9195700
2024-07-22,183.71096854687525,188.0392374393409,181.83538829543534,187.5294647216797,7590000
2024-07-23,186.78880536081448,188.75096172033992,184.81703591158055,185.97125244140625,5796700
2024-07-24,182.1142812064534,182.37398140162054,173.79439395934872,174.15989685058594,13295300
2024-07-25,172.76523885473435,173.3615880564372,166.65757982546637,168.69667053222656,12700100
2024-07-26,172.17852902781087,174.38114516559702,170.79349532840777,173.17884826660156,6567800
2024-07-29,174.5734718725013,175.6699658195176,171.06277155942848,171.82261657714844,6051600
2024-07-30,172.495915438067,172.55362333371218,160.4056269767561,160.5691375732422,15338900
2024-07-31,168.8794170868705,174.16952293201982,166.79223163277942,174.0444793701172,19222200
2024-08-01,165.2051859202613,170.21636521309705,155.17322892063046,157.7413330078125,24795000
2024-08-02,154.39414589135126,157.99140842878683,151.51824673834636,153.23031616210938,16618900
2024-08-05,147.42083362241374,156.60638442649687,145.61257447637922,151.92222595214844,12733900
2024-08-06,152.3742723955761,157.38545148519435,150.52754643057588,152.66282653808594,9301000
2024-08-07,157.33736171301177,158.04912666376546,149.56571385566897,150.16204833984375,9266900
2024-08-08,154.60576273603206,159.27066573582454,151.8452791720505,158.65509033203125,9590900
2024-08-09,157.8086607710273,159.5591971130645,155.7984095590786,158.2030029296875,4824600
2024-08-12,154.43260793138626,157.1546094876013,151.41243913455125,156.67369079589844,8548000
2024-08-13,158.0298961336765,163.0891558423762,157.04881782424926,163.00259399414062,11102100
2024-08-14,164.12795160577923,164.72428616364104,158.43387532557324,160.77113342285156,7208200
2024-08-15,165.19556615707205,167.9752755332966,164.0990721565382,166.72488403320312,10752100
2024-08-16,165.7149793496734,166.76339339734645,164.11834022554228,165.6091766357422,5435700
2024-08-19,165.02244157906236,167.66749429789127,162.30044011087253,167.60977172851562,6708100
2024-08-20,167.22505509128308,168.7351322149037,164.61846921509965,165.54183959960938,6222400
2024-08-21,166.38826364105034,168.1965080440301,165.51298805033792,167.57131958007812,6309500
2024-08-22,167.6482473077809,167.92717367209517,161.95417215165918,162.55050659179688,6743500
2024-08-23,165.20518186749618,167.95603734074479,164.11831561624146,166.8787841796875,6823600
2024-08-26,165.40718810314567,165.80154498155534,162.09846491385687,163.02183532714844,7437600
2024-08-27,162.7140031872929,167.78288952214933,161.84835554689477,167.29234313964844,6498800
2024-08-28,167.72521075715417,169.01406935271137,163.15648310038023,165.29176330566406,6534600
2024-08-29,166.80184947585263,169.62965393824422,162.48319402478472,163.02183532714844,12514200
2024-08-30,165.71496731298933,168.764004935774,164.28183890966957,168.610107421875,11110800
2024-09-03,165.3302493246776,165.58994956229006,155.81767691954934,157.01036071777344,11620300
2024-09-04,156.7795011327572,161.81953455086253,156.42362598003197,159.0205841064453,6737000
2024-09-05,157.66704800329148,160.29676690333105,156.47787831209507,158.26646423339844,5600000
2024-09-06,157.33834097139328,157.77340162574228,151.9145474412997,152.93936157226562,10703000
2024-09-09,155.74308668826657,156.9805996647196,153.30674131405377,155.4337158203125,7494900
2024-09-10,154.68929185549828,156.68091412776653,152.44629004247972,156.3135223388672,7918100
2024-09-11,156.97096409615514,161.3602663900411,153.96419030759066,161.03155517578125,8275400
2024-09-12,160.3741032687706,160.78982359527575,157.49300503151719,159.50396728515625,6039200
2024-09-13,160.30641976235387,162.71377680761688,159.94870555067058,162.16268920898438,4049900
2024-09-16,159.45564977169977,161.7856607882482,158.35348914908292,161.07989501953125,6510000
2024-09-17,163.2745580330261,163.87397433936542,160.56749237961074,163.10052490234375,5828000
2024-09-18,163.89329784492605,166.69703517058747,162.1337001871257,162.7137908935547,5877600
2024-09-19,168.63065131941153,170.93165910375578,166.76471894138544,168.14724731445312,10900000
2024-09-20,166.95808771203298,167.32547949881078,158.84656860729433,163.31321716308594,27546400
2024-09-23,162.8298012050751,164.33801932114122,159.86170832329256,160.4514617919922,9810000
2024-09-24,161.8630161157279,163.7386262571222,160.47081004160754,161.4086151123047,9666800
2024-09-25,160.7608156542294,162.99413953205615,160.25807141801212,162.6847686767578,5095500
2024-09-26,169.1043797472035,169.91649487346766,161.24422650116267,166.92906188964844,8475000
2024-09-27,167.25778168622483,167.69284232974252,164.19300213890006,164.48304748535156,5880700
2024-09-30,165.68187955168645,166.51333500829196,162.1820393692005,164.40570068359375,8099700
2024-10-01,164.16400774476855,164.63773424173615,158.63386458918,160.27743530273438,8277600
2024-10-02,160.63515257489738,164.11566747680632,159.66834451906936,162.73313903808594,4484600
2024-10-03,160.44179601941408,163.9029706749722,160.16142817056604,163.31321716308594,6260200
2024-10-04,166.82272715032607,167.06442915583153,160.95419537554028,163.2938690185547,6586500
2024-10-07,162.07570373636887,163.11985821884355,160.2387743102851,161.39894104003906,4359300
2024-10-08,159.38797587147775,162.15304748731825,158.22780916078892,160.81884765625,7843500
2024-10-09,160.44179383244327,164.64741477408026,159.20428070179958,164.570068359375,5486500
2024-10-10,161.6793077543006,163.1488601362516,159.842378341102,162.92649841308594,5048000
2024-10-11,162.4237672297613,164.7731039246489,161.33126931277064,164.33804321289062,3801400
2024-10-14,165.6528823890206,172.9329455898886,165.2274845004073,172.1304931640625,9933600
2024-10-15,171.3376979330232,173.86106715264367,167.0160654218075,168.31158447265625,12910400
2024-10-16,168.82403071830285,168.87237407520368,164.57008085281402,165.7882537841797,6495700
2024-10-17,169.79081414557714,169.79081414557714,165.34350625180824,165.4208526611328,6093200
2024-10-18,166.3973147191227,166.8517156299493,163.79659900678448,165.24681091308594,6432700
2024-10-21,164.00931656891757,164.52172365384794,160.55781951094653,163.4002227783203,7297700
2024-10-22,163.4002356261411,167.721869117955,162.64612647006953,167.43182373046875,7313000
2024-10-23,163.7192654627257,166.9097348576849,158.84655956578985,161.07022094726562,9788200
2024-10-24,161.07988228047245,163.33254670208373,160.03572786494107,162.5204315185547,4933400
2024-10-25,164.62810149200652,167.4318394115459,164.17370045126205,164.61843872070312,5496600
2024-10-28,163.79662698893262,167.40281708134887,163.74828363333353,166.50369262695312,5024600
2024-10-29,166.48434480912957,170.7093060585321,165.57554287329947,170.15821838378906,6427700
2024-10-30,164.2800275056236,166.03962529578962,161.9693567799831,162.05636596679688,8819700
2024-10-31,162.05636568431325,162.21105851770403,156.70025541096246,157.3673553466797,10261200
2024-11-01,157.66706596253536,160.5674902486328,157.3673578133433,159.7843780517578,6498100
2024-11-04,159.5813449248056,161.94035908316457,158.20847917330445,159.69735717773438,4949800
2024-11-05,159.52330793543464,162.02733692550117,158.79820199027358,160.40310668945312,5373200
2024-11-06,163.63225589620885,172.52688664881802,163.0715054794324,167.2481231689453,17661900
2024-11-07,174.2864998114004,176.05576039953976,165.9332784417568,167.17079162597656,23586300
2024-11-08,166.37800914037035,167.73154938669202,163.14887349588304,165.2371826171875,10736600
2024-11-11,164.3573650430368,165.12113689545137,160.5771421064902,162.70411682128906,7829500
2024-11-12,161.50529538116746,161.77600046785156,156.48755900274554,157.98611450195312,8483300
2024-11-13,157.386682627556,157.53171269258434,154.4475925222231,155.09535217285156,7921700
2024-11-14,157.54136328950509,159.43631349227985,156.49720886172955,158.5275115966797,7012600
2024-11-15,157.58970371139384,158.87556011931727,154.30256241834155,155.1726837158203,9737000
2024-11-18,157.20300276420366,159.6586888441094,156.62291200400122,159.03993225097656,7814200
2024-11-19,158.58552853118877,160.71250336140517,157.25132865711024,159.2429656982422,6176800
2024-11-20,158.55652907908507,158.74988774944904,147.87329657786546,149.1494903564453,14483000
2024-11-21,150.00992719459367,151.73084418986696,148.49203161040745,150.2999725341797,10685800
2024-11-22,149.65221454995373,151.6728546264736,148.62740035690788,151.58583068847656,5709300
2024-11-25,153.66448942988856,154.3509149537864,152.0015782348572,153.54847717285156,9189800
2024-11-26,154.4475818566543,156.1104928383638,150.90906094773854,151.72117614746094,9489900
2024-11-27,151.72116251974884,152.41726541479204,149.3331604867449,151.20875549316406,6337900
2024-11-29,152.86202404722064,156.15884309589725,152.51397255304482,153.26808166503906,6112000
2024-12-02,153.1230470760258,157.94740928091696,153.1230470760258,157.6186981201172,9812700
2024-12-03,156.1395003192445,158.42116791090646,155.96548195108593,157.18365478515625,6961400
2024-12-04,159.02057175739935,159.52331603555464,156.85493133270384,157.9184112548828,6721600
2024-12-05,158.0156035136408,159.82327388451435,155.43043779936644,155.87750244140625,7279800
2024-12-06,155.87749362678022,155.87749362678022,152.8161234952748,155.02224731445312,9918400
2024-12-09,153.04937558852544,158.34603962534044,153.03966227209125,156.21766662597656,9481200
2024-12-10,156.246812671237,156.9465569821447,151.64987841190077,152.05807495117188,8683600
2024-12-11,152.86470548030138,155.94553191353603,152.55371625704572,155.333251953125,7081800
2024-12-12,154.2058894107576,154.97367142196092,152.5051248706239,153.78799438476562,5796100
2024-12-13,153.78798977124396,155.18746352265646,152.21355770298447,154.06982421875,8886700
2024-12-16,153.7102380152189,154.2447669608264,149.6867157793113,153.4478302001953,9951100
2024-12-17,152.08722927381288,155.4790301959615,152.08722927381288,153.47698974609375,7187400
2024-12-18,153.79771621643852,156.62584839598918,148.0345608880634,148.7440185546875,10295200
2024-12-19,149.69644031880674,151.09592899787748,145.83813313507355,146.16856384277344,8414800
2024-12-20,145.37164379151938,150.22125799254934,145.22585506830148,148.58851623535156,17347100
2024-12-23,151.28057974034397,154.22533087204488,150.20180849599384,153.78799438476562,8863200
2024-12-24,154.17672059601784,154.91533293329576,153.10766276490247,154.87646484375,2839600
2024-12-26,152.97161154605814,155.0708444174111,152.92303013853223,154.06982421875,3846900
2024-12-27,152.76753535247823,153.31177764207078,151.14452179976817,152.81613159179688,7232500
2024-12-30,150.86267893963637,151.73736679618355,149.472918378726,150.23097229003906,5356000
2024-12-31,150.36703161652957,151.4555162330483,148.8995200475095,149.2979736328125,4423300
2025-01-02,150.64886430629477,153.0785280319401,148.49132173156252,149.31741333007812,5009100
2025-01-03,151.04731203843892,153.98234956947766,150.1434843743857,153.38951110839844,5885800
2025-01-06,154.8473326943121,161.0089564370586,154.8473326943121,155.3527069091797,9599800
2025-01-07,157.44221731910534,158.85141938476698,154.7695870868366,156.0038604736328,7666000
2025-01-08,155.54706551475064,155.6831260821886,152.52456342499542,154.60435485839844,7731900
2025-01-10,153.26319040966038,153.82687419400477,151.17368546157442,152.56344604492188,6236800
2025-01-13,150.8529468055243,152.94245145922804,150.44476512184917,152.70921325683594,5714700
2025-01-14,155.63452550247763,156.48004366014598,152.15524556993248,155.04168701171875,6476500
2025-01-15,157.5394016629735,160.79514215269091,157.52967351721176,159.78440856933594,9284000
2025-01-16,160.6979549086639,161.17415947886502,156.7424554872984,156.8882293701172,7188900
2025-01-17,160.72712790174413,160.95065282389672,158.5112756548202,159.93019104003906,8097500
2025-01-21,161.32967622304523,163.93426869692428,160.69796956722126,162.56394958496094,7380500
2025-01-22,163.58439854623663,167.24832059050985,163.45805129316176,165.45037841796875,7281700
2025-01-23,165.58644726764584,169.4739092355343,164.6145817756737,169.4544677734375,7172300
2025-01-24,170.1736442304963,170.27082187666238,167.10254588544566,167.26776123046875,5825800
2025-01-27,167.25803605038936,167.35521368966224,162.5736378504706,166.36390686035156,15632600
2025-01-28,165.43094313349454,168.6089474042287,165.03247472775766,166.72352600097656,8720200
2025-01-29,166.72351103965505,168.60893227371452,165.43092828816592,166.87901306152344,5118900
2025-01-30,167.49128760628466,168.65752317699128,166.15983668909783,167.0928192138672,6010600
2025-01-31,167.65651552673918,171.81609876623187,167.44270392596695,168.064697265625,7800500
2025-02-03,164.12864082180562,167.72453999637762,163.3317040400869,165.45037841796875,7447100
2025-02-04,163.7593226187307,168.900484145109,163.7593226187307,168.1715850830078,5457900
2025-02-05,168.13271111787506,172.02017264661205,165.11992250130834,170.91224670410156,15197800
2025-02-06,163.117917914936,164.72150504447185,160.7465634902833,164.55628967285156,16293500
2025-02-07,165.05189580618082,166.4805390712019,161.38795924810387,163.23451232910156,7841700
2025-02-10,164.95473382015962,166.96650260450824,164.24527612878396,166.53887939453125,6237700
2025-02-11,164.876977012056,167.84116976857453,164.35217616426635,167.15115356445312,6588100
2025-02-12,164.7797914539302,166.12095570260172,163.50665007601856,165.49896240234375,5505700
2025-02-13,165.401792541183,167.51073890586864,164.70204819176308,167.306640625,6362200
2025-02-14,167.74399975137996,167.95781135859852,166.22787703760514,167.3843994140625,4691300
2025-02-18,168.3854165773595,168.8324812466352,166.42225888179922,168.75473022460938,7292600
2025-02-19,169.0948927264554,171.53426992329153,168.47289936637216,170.290283203125,6849600
2025-02-20,171.04831220835794,171.42733912518554,168.03552350471045,168.81301879882812,6316400
2025-02-21,170.0570139022402,170.49435039299163,160.56189904288345,160.77569580078125,12531900
2025-02-24,161.24220600559852,161.90306741654706,156.46062960397362,156.56753540039062,9827800
2025-02-25,157.11178152126757,158.7347951394576,154.95423890798722,156.6841583251953,8244900
2025-02-26,157.2769751315377,159.52198177101207,156.4022873979253,157.5393829345703,9161900
2025-02-27,157.7726251200158,158.65702619109254,149.76446373300456,150.0948944091797,10807200
2025-02-28,150.73633885941274,152.88415322266127,149.08415571292613,152.7480926513672,10149500
2025-03-03,154.5169014612432,155.57623129906878,148.2289304785861,149.2979736328125,9601900
2025-03-04,150.90155803550834,152.77725130374228,147.09184711315794,150.11434936523438,8956800
2025-03-05,150.67801242619143,154.67238000782106,148.72456821571177,154.0309600830078,6786900
2025-03-06,150.58176812728894,154.26546098918146,150.5622218375911,152.4675750732422,7808100
2025-03-07,151.66635714371213,158.11526111854968,151.66635714371213,157.52899169921875,8727600
2025-03-10,153.74760515600403,155.61386592178403,149.1161182495412,151.43185424804688,10139900
2025-03-11,151.30482945019503,152.6532252298266,147.40617218927792,149.5948944091797,8692900
2025-03-12,150.67948046348505,152.2916989465015,148.4419000031845,149.3017578125,7117400
2025-03-13,149.1063496992814,152.06697905382916,146.97625132157393,148.46145629882812,5861700
2025-03-14,150.04436038464115,153.35674836465554,150.02481409449996,152.99522399902344,5309400
2025-03-17,152.03767255821887,155.08623796569464,151.88133204771967,154.3338623046875,5781000
2025-03-18,154.33385217100482,156.07309923511582,152.35032866632258,152.71185302734375,6898400
2025-03-19,152.84864397167033,156.83523718574256,151.51001387696766,154.63674926757812,5871000
2025-03-20,154.38272057789996,155.47707433249093,152.9366081294117,154.3338623046875,5089300
2025-03-21,151.4318654326725,153.81600617050043,150.04437686922975,153.22975158691406,10949300
2025-03-24,156.33692984360027,157.31403565512278,155.16440585166356,156.41510009765625,6033400
2025-03-25,156.21968215552596,157.7732768199481,155.77020692138137,156.48348999023438,3978200
2025-03-26,155.79952375384144,157.12838829729128,153.25905750658126,154.7637939453125,5960300
2025-03-27,154.58790429758406,155.60408769790206,152.18421763860752,154.3533935546875,6102000
2025-03-28,153.32742808608003,154.03094539857958,148.0901408205002,149.2235870361328,8918000
2025-03-31,147.35731684065144,150.3277266914857,144.4944041289253,150.0932159423828,8613600
2025-04-01,148.9011575960362,149.8098737754814,146.81991739650684,149.54605102539062,5708900
2025-04-02,147.3377584323104,151.90085506290393,146.9273758372223,150.5524444580078,5377200
2025-04-03,143.63455210659833,144.02538846147525,135.38777679741477,136.22808837890625,16465000
2025-04-04,131.26438565325975,132.7495905993212,123.77975932640072,124.54190063476562,19018600
2025-04-07,121.73760290389404,134.05890711805893,118.03437863840506,126.75016021728516,17938300
2025-04-08,128.1278908584023,132.19263973558859,118.95286035664363,121.80601501464844,14965900
2025-04-09,122.2945603295094,141.54354079280506,121.34676655087364,140.3026123046875,21242600
2025-04-10,133.87326003517643,135.87632990324497,126.33000208081233,131.32301330566406,14898800
2025-04-11,130.93217580579557,137.4299233428251,128.10834067024263,136.06198120117188,10955300
2025-04-14,139.48185115122237,139.8336098310641,133.69738667895382,136.00335693359375,6930300
2025-04-15,136.26716082254487,137.6155564842206,134.86989198691796,135.42684936523438,6346800
2025-04-16,130.61950414181229,134.16640318283254,128.77277466372985,132.63235473632812,10417200
2025-04-17,134.23479787743727,134.9871585991177,132.6030330012074,133.53128051757812,7135900
2025-04-21,131.6454553952227,133.42379504205198,130.3068252697078,133.02317810058594,8128300
2025-04-22,133.61921382155444,135.915418340952,133.36517168918633,135.56365966796875,8228000
2025-04-23,139.31573733910167,140.58597777515752,136.5798383020853,137.24427795410156,9073500
2025-04-24,139.511180525306,144.43580265705543,138.73927341718357,143.8397674560547,8810600
2025-04-25,142.73561063495907,145.78417582285448,142.73561063495907,145.15882873535156,5145600
2025-04-28,144.78753331925796,145.8819019766005,142.110272913246,144.2403564453125,5743500
2025-04-29,143.3023542357845,144.86571472316905,142.18845411111005,143.51731872558594,6692000
2025-04-30,141.87576733459633,145.44221265530328,140.58599535736158,145.06114196777344,10851900
2025-05-01,135.61251246818557,135.7786335806843,131.7822593787903,132.11448669433594,22836600
2025-05-02,134.69402728723134,138.17252120865797,134.1468355689436,136.60914611816406,13185600
2025-05-05,135.13373487411576,137.54718738844667,135.12395427408487,136.2476348876953,7165300
2025-05-06,134.66473080011323,137.5765019589297,134.31297210975978,136.6970977783203,6957900
2025-05-07,137.16611550245753,141.38720476022672,137.03908697879683,140.99636840820312,10196400
2025-05-08,142.3056914974663,144.12310892503464,140.5957563068303,141.77806091308594,8489100
2025-05-09,142.3252226519445,143.61499444851043,141.2894929749953,141.856201171875,6217100
2025-05-12,150.55246302426556,150.8260514547301,146.3997633860951,148.6373291015625,11414600
2025-05-13,148.52985750614965,149.7805518234135,147.50390827314817,147.8751983642578,10160900
2025-05-14,148.4516666153722,149.7609996266331,146.9860080182692,149.47763061523438,6971200
2025-05-15,148.2367301129159,149.8782607295558,146.74174449564885,149.11611938476562,6941200
2025-05-16,149.37016085437574,149.55581334434817,147.83611248096176,149.00863647460938,6668000
2025-05-19,147.10327516325071,150.2984151733871,146.67334624329956,150.18115234375,7241100
2025-05-20,149.53627510465395,150.36682105415815,148.4516869975078,150.29843139648438,5269500
2025-05-21,150.06388974599503,152.55551217240887,147.3768491685672,147.84585571289062,9684500
2025-05-22,147.92404802321764,148.1097005126847,143.84951858344823,143.99607849121094,9539100
2025-05-23,140.13651700505832,143.1362390737286,138.52429834179668,142.05165100097656,8994600
2025-05-27,144.1719730246475,145.93076655941468,143.07760431998557,145.2272491455078,9788800
2025-05-28,145.41289549011788,146.0675546012894,143.98631443078546,144.2208251953125,7032300
2025-05-29,146.42906782495436,147.0544149065844,143.86905553913297,144.94386291503906,5980700
2025-05-30,144.61166223387625,144.63120852504082,140.19513972614112,141.87576293945312,13755600
2025-06-02,141.48492014341213,143.83974865510072,141.17223913679493,143.2730255126953,6419500
2025-06-03,143.35119441086772,146.35090137884262,142.17865555657502,145.53013610839844,6164100
2025-06-04,146.56586652465398,146.6147247953857,144.00585416038098,145.6376190185547,7143800
2025-06-05,146.2667157172111,147.52492279873024,144.4973573216337,145.04782104492188,5605500
2025-06-06,147.2496977575743,148.0262416176794,146.51246630852003,146.69923400878906,5794700
2025-06-09,149.22545878848024,153.46207938924235,148.5963552769821,152.76417541503906,10589400
2025-06-10,153.5309030941153,156.7943730480385,152.42997563963687,156.4208526611328,9068400
2025-06-11,157.2760592291326,159.3796259213617,155.01521287791107,156.76490783691406,8859900
2025-06-12,156.2930645196803,156.89268002125718,155.2609375088989,155.9981689453125,5689400
2025-06-13,153.67835266416117,154.49422395169177,151.81070561975022,152.0859375,8446400
2025-06-16,154.35660520423784,155.75242828555042,152.99027018105764,154.19932556152344,8686300
2025-06-17,153.98305582654444,154.89723054271263,151.7615373211319,151.83035278320312,7146900
2025-06-18,152.3611517778182,153.44243046745868,150.54264170860768,151.0144805908203,6708700
2025-06-20,151.6042667333135,152.47911409503624,148.06556487647384,148.7438201904297,15501900
2025-06-23,148.65535049040113,150.90637232792528,147.1317357748696,150.5328369140625,6860700
2025-06-24,152.09577065440837,153.63904914276688,151.52564315546778,153.05909729003906,7692700
2025-06-25,153.4424485880782,153.86512076275488,151.95814630255646,153.27532958984375,5280100
2025-06-26,153.83562612253718,155.72293679649133,153.2556743266943,155.49685668945312,6278200
2025-06-27,155.94902448881192,158.357325959794,154.8874243697742,155.8408966064453,22100300
2025-06-30,155.69346128559317,157.13843621473808,155.1135094430148,156.54864501953125,7988200
2025-07-01,155.52634518434894,158.8979430907933,155.29042572481168,156.68624877929688,8942300
2025-07-02,156.96148002471716,160.01853363862676,156.0964720078796,159.55654907226562,8916400
2025-07-03,160.26428156868857,161.16863201705146,159.33045806113185,159.44842529296875,4280800
2025-07-07,158.36714913769765,158.74068454655765,154.88742322020286,155.3985595703125,7187400
2025-07-08,156.75507630388321,159.07489867123164,155.90971692428133,156.73541259765625,6879100
2025-07-09,156.6862369792942,158.73082714427028,155.55582152704324,156.63710021972656,4190100
2025-07-10,156.28324223497012,157.56109807578758,155.10365992188912,156.38153076171875,5674400
2025-07-11,156.2930722329104,156.46017623352947,154.47456193374,154.779296875,5907700
2025-07-14,153.75699599145588,153.8356358160357,150.86704618395154,151.6632537841797,7382600
2025-07-15,153.62919154564653,154.04205433989475,151.49613710408505,151.67308044433594,6467300
2025-07-16,151.67307105516676,151.8696630884889,148.96004999868515,151.44699096679688,7106700
2025-07-17,150.39521583322576,150.9161915247532,149.21564851276761,150.01185607910156,7018600
2025-07-18,150.43452006502048,152.78383022517735,150.12980014869646,152.16456604003906,7433900
2025-07-21,152.2825274674874,157.2072281847389,152.27270311440353,156.26358032226562,7662300
2025-07-22,156.25376497951302,156.33238980674273,153.5112554107145,155.30027770996094,6951600
2025-07-23,155.89003463692143,157.31534568871885,154.2582921918791,157.1580810546875,7296200
2025-07-24,155.65412447021328,156.38151649805351,154.1206706028778,156.13577270507812,5014800
2025-07-25,156.194749918523,156.489645471978,154.73012650141413,155.70326232910156,4808200
2025-07-28,157.04012003603177,159.20267757829646,156.450343887333,158.30816650390625,9627300
2025-07-29,159.28130552447817,160.8147595388145,158.3966337845642,159.3206329345703,9460900
2025-07-30,160.22496027496135,160.4903677831155,155.31008419290734,156.35203552246094,14382500
2025-07-31,150.50335892585215,154.13054042714128,143.10155561794252,144.26145935058594,24440100
2025-08-01,143.96657116342527,146.63042586631352,143.30796450356883,145.6671142578125,12706700
2025-08-04,145.98164772692837,148.22283007780257,144.56617597822773,144.99867248535156,8150200
2025-08-05,145.99149365861635,146.11927024645223,143.19000809425341,144.21231079101562,7794500
2025-08-06,144.15332430652268,144.21231542474146,141.65657359972928,143.35711669921875,8475700
2025-08-07,145.7949053714207,145.7949053714207,142.3446524293923,143.4160919189453,6753500
2025-08-08,143.8584294283195,145.4999962456295,143.2096621834392,145.04782104492188,5028700
2025-08-11,146.0406426001637,148.4882414153317,145.19528327068483,145.4508514404297,6215900
2025-08-12,146.2568776802886,151.27988169896034,146.04063692906297,151.11277770996094,9304100
2025-08-13,151.3486972238657,154.43523884326737,151.0144892457358,153.92408752441406,7103300
2025-08-14,152.262866003967,155.9490233313614,152.262866003967,155.3985595703125,6294800
2025-08-15,155.34939612399097,156.54862708424304,154.02238858532644,155.1626434326172,7583700
2025-08-18,155.09383568947536,157.03029815617356,154.56303564738604,156.19476318359375,4774400
2025-08-19,156.36188705206513,156.71574375848175,153.39329746757596,153.5898895263672,6396500
2025-08-20,153.72750946589258,153.9732532955266,150.84739898210822,152.79368591308594,7151700
2025-08-21,152.18423677375682,152.5577571727893,150.44436636587952,151.5059814453125,4997300
2025-08-22,152.19406163739723,157.16791406399608,151.92865411689536,155.31991577148438,7711500
2025-08-25,154.92673148581991,155.3592430005009,152.75434955944948,153.75698852539062,4653000
2025-08-26,154.97588727749837,157.23673343636972,154.73014345586046,156.46017456054688,9173000
2025-08-27,155.66395859622185,157.24654932231252,155.11349486523582,157.04995727539062,4549900
2025-08-28,157.18757633071317,158.47527151249554,156.32255330825876,158.0624237060547,8156300
2025-08-29,156.81403927588596,158.84880522790286,156.68624769464472,157.9936065673828,9949100
2025-09-02,155.13314971438666,156.234077113516,151.96796844287883,156.07679748535156,7520300
2025-09-03,156.6862433554768,156.85336234124657,153.40310973537774,154.6023406982422,6336400
2025-09-04,154.41451173960985,158.0326787658043,152.70429118392013,157.8843994140625,7781200
2025-09-05,158.25017099137924,161.62119583169348,157.33079372385262,158.01290893554688,7954200
2025-09-08,158.45775684860786,158.45775684860786,156.2038201880702,158.40834045410156,7019700
2025-09-09,158.536834621616,159.75278557416033,155.76885298420274,156.8463897705078,6126000
2025-09-10,156.80684225209333,157.39010954635285,154.8198235831787,157.13307189941406,8256900
2025-09-11,157.37034548259723,160.21742982488556,156.15440949656576,159.663818359375,8360200
2025-09-12,159.48587894910568,160.47444819933182,157.75588276120996,159.98016357421875,5430600
2025-09-15,159.55507145557277,160.82043889310032,158.37868671496693,159.37713623046875,5604800
2025-09-16,159.9702754647985,163.11391828580975,159.65392607974712,162.2637481689453,7997500
2025-09-17,162.79758441911395,164.46826894279505,161.36416195683793,163.37095642089844,6057800
2025-09-18,164.97243363625896,166.92979643709836,164.3298546028594,166.20814514160156,10421200
2025-09-19,167.23625227572842,167.64156927408897,164.38916810979754,164.94277954101562,19444400
2025-09-22,164.94277944360869,168.27425286888047,164.02340223041597,167.77996826171875,6196600
2025-09-23,167.87884136387734,168.89706650942477,166.37621184366006,167.59214782714844,5468400
2025-09-24,167.1176310986019,172.44601863696337,166.74196996476516,171.56619262695312,9213700
2025-09-25,169.2529422599217,170.00424943438102,166.02031669708595,167.74041748046875,8093700
2025-09-26,167.74042393573424,168.9761355043946,166.2081536580912,167.2659149169922,4846000
2025-09-29,167.2659057935398,167.8985894788096,162.8766561275689,163.41049194335938,7523100
2025-09-30,163.74660298702673,164.93288301958833,162.99529581942383,164.4583740234375,5593300
2025-10-01,163.9047836121014,164.8636969851801,162.60976031643438,164.58689880371094,6153000
2025-10-02,165.83248967941995,167.6020219783699,165.2689979732459,166.919921875,5499500
2025-10-03,166.91992494606083,169.78676975534347,166.81118172450212,167.2461395263672,5137900
2025-10-06,168.5905864738898,168.92671146948527,165.80282914493975,166.69253540039062,8265800
2025-10-07,167.95789907643422,170.01412479844296,163.25231516999435,163.56866455078125,7147500
2025-10-08,164.3397698045535,166.62336252883304,162.0166258600778,165.85227966308594,7302200
2025-10-09,165.45683293411014,165.69409498790844,161.36415678340123,163.76638793945312,6928400
2025-10-10,162.93599435074972,163.20289719295062,151.59710361509227,151.8343505859375,15818600
2025-10-13,154.16737951978217,160.5337682336089,153.99932454868681,159.9307403564453,10311000
2025-10-14,157.4790933160903,162.3922839690867,157.43954209663966,159.89120483398438,8675200
2025-10-15,162.36263450744391,162.36263450744391,158.47754914120802,161.10714721679688,7334100
2025-10-16,162.6097542508809,163.3017496787415,160.35581766620993,162.20443725585938,5686700
2025-10-17,160.99839751095175,161.9177597235059,159.82199762526767,161.58164978027344,4833100
2025-10-20,161.47289678755672,165.73362781814745,160.2075293612587,165.13059997558594,8194100
2025-10-21,164.89336721062526,167.30547878858954,164.30021957905768,166.90016174316406,6176100
2025-10-22,165.57547664587236,167.83929369424402,164.1222785755083,167.3351287841797,10083800
2025-10-23,166.40586109901432,169.29248145441935,165.96100796024155,168.08642578125,6546400
2025-10-24,169.72746138258532,170.4491127303254,166.5442671076287,167.00889587402344,6256000
2025-10-27,167.0187840386185,203.59584897530524,166.8902802840509,185.53468322753906,81799300
2025-10-28,181.82753820250798,183.78491621367652,177.35921597239158,178.960693359375,20323100
2025-10-29,179.91960777900198,181.3925814269066,176.1630415227862,176.62767028808594,11614600
2025-10-30,176.6375464327639,177.8238416008188,175.16458790356617,175.23377990722656,7862900
2025-10-31,176.47938405715502,180.06788012286088,174.8086996364933,178.83216857910156,9452800
2025-11-03,180.85875648799532,181.35304115458422,177.04287825855437,178.6542510986328,8535100
2025-11-04,175.45126425285122,177.29000364012416,170.3205874907331,170.8643035888672,12323600
2025-11-05,172.76236945256633,181.3332636726266,172.32741162132922,177.66567993164062,18845500
2025-11-06,175.7676243945084,176.4695001496126,168.11609258920316,171.22019958496094,16184700
2025-11-07,170.75556354414215,172.25819303845984,166.32677749624602,168.9365997314453,10614700
2025-11-10,171.77379502448213,172.80191553706703,167.56249526414592,169.6088409423828,10129300
2025-11-11,169.04533986414432,173.96841045059946,169.04533986414432,171.99127197265625,8419100
2025-11-12,172.9996191132594,175.39195489315838,172.8809956300086,174.65052795410156,8785800
2025-11-13,174.61099798441532,176.7858473988741,171.05214251757715,172.50534057617188,9526100
2025-11-14,169.81642266379262,173.68173200842025,169.44076152598515,171.99127197265625,7949900
2025-11-17,170.82476465949003,172.84143923620402,163.2819766650546,164.8439178466797,10211100
2025-11-18,163.00519331803233,164.88346897784146,159.5452007246372,163.17324829101562,11073200
2025-11-19,162.80747611709694,165.59523362536578,162.23410412816332,164.21124267578125,8176500
2025-11-20,165.21959886996123,166.94959521756599,157.03424592918665,157.76577758789062,12075400
2025-11-21,158.9125102118486,163.38084753754097,157.28137694948742,161.43336486816406,10815000
2025-11-24,162.49113305196127,165.03176342532362,161.84856903265043,163.17324829101562,12070100
2025-11-25,162.11548007821798,163.0842737395562,160.0197029676637,161.43336486816406,7758100
2025-11-26,162.24397451440873,164.34963176644462,161.28506117043545,163.2523193359375,7967700
2025-11-28,163.1435899818782,166.26747258265223,162.25388364775526,166.16860961914062,5068800
2025-12-01,164.01352888465104,167.09786013639985,163.60821186943875,166.11917114257812,6818300
2025-12-02,166.82107214672035,169.21340808234442,165.72375960211377,168.748779296875,9159100
2025-12-03,168.946485194475,173.08859292246373,168.40278415386396,173.06883239746094,7624300
2025-12-04,173.2178705363803,173.81403376343962,172.12488187793554,173.2377471923828,7245000
2025-12-05,173.62524815151616,176.11923009845722,173.38677377817086,173.69479370117188,8400100
2025-12-08,173.62524882236175,174.38039493203829,172.61175168353495,174.1916046142578,6690200
2025-12-09,173.3867817358537,175.22498577298987,171.22069626730675,174.87721252441406,7719100
2025-12-10,174.68842679322861,182.26975645543368,174.1320017100294,181.047607421875,11100100
2025-12-11,180.2129546428905,180.48123643710323,176.95388044563842,180.1136016845703,6319200
2025-12-12,180.093711168888,181.94184585961688,176.7352691103243,177.152587890625,8865800
2025-12-15,178.5734814128785,179.15971388206592,175.2647232555021,178.1164093017578,6954700
2025-12-16,178.04686703829697,178.04686703829697,173.69480422021527,174.99644470214844,7136000
2025-12-17,174.99643911907916,176.34776361720296,170.95241153311883,171.2405548095703,8501900
2025-12-18,174.58907334893905,175.95032864950844,172.42297266800423,173.07876586914062,8967500
2025-12-19,173.32715836517013,176.0596146758396,173.08868399266413,174.13198852539062,25223500
2025-12-22,176.42725514536394,177.18241643549993,172.79060044381805,173.1085662841797,6422100
2025-12-23,172.50245087983245,174.1518645033371,172.40308276797978,173.6351776123047,4690400
2025-12-24,173.9233264344238,174.37046779059963,173.30728657330428,173.65505981445312,1645300
2025-12-26,173.8835840182229,174.38039425827498,173.23773677073336,173.69479370117188,2442800
2025-12-29,172.8998948393306,174.07237489356547,171.68767663680006,172.32359313964844,3978400
2025-12-30,172.9495785879288,173.2874059128995,172.23417062831717,172.5421905517578,3429300
2025-12-31,172.50245201183196,172.67136567393374,169.91903270116217,169.9587860107422,4682600
2026-01-02,172.69124090753655,173.56561661231206,171.10144208921628,171.87646484375,6532200
2026-01-05,174.34065811947426,177.7090309793917,172.89989627756148,175.1852264404297,8972200
2026-01-06,176.07949482124175,183.27329751116466,175.49324720572318,181.2860565185547,11033900
2026-01-07,181.22644365031323,182.8957339858872,175.98012858670194,179.0404815673828,9853000
2026-01-08,177.65935540251527,183.134199114193,175.07593593658004,180.7097625732422,8353500
2026-01-09,176.98368611022113,178.2952725033098,173.68487379434467,176.64585876464844,9662200
2026-01-12,174.75798748240712,174.75798748240712,168.16034762566198,168.19015502929688,13657600
2026-01-13,165.91475582973652,167.27602629823775,163.91758397470218,164.23553466796875,9993300
2026-01-14,162.64574233941798,163.68904689842998,161.31429450596625,163.4903106689453,7959900
2026-01-15,165.38812992405752,165.43781398156636,160.00270860961666,160.36041259765625,9241600
2026-01-16,160.36041829525965,160.66843823673435,158.19433279621413,158.40298461914062,11990800
2026-01-20,153.96148812678467,156.7138210619579,152.2723363673962,153.0871124267578,11971400
2026-01-21,155.33269837350423,156.52503997030064,153.63360060602096,155.3724365234375,9181900
2026-01-22,157.45904362528955,158.41291082564712,155.80962993792429,156.79331970214844,7450300
2026-01-23,156.03816134994335,156.97216707391354,153.86214512500058,154.82595825195312,7106700
2026-01-26,153.81245324397364,155.20351585056062,153.3156430042718,153.53424072265625,8004200
2026-01-27,155.3326948681393,155.74008291263047,151.6861094458511,152.0636749267578,8354600
2026-01-28,151.0303140282834,153.01755500233978,149.44051518446017,151.72584533691406,8539000
2026-01-29,152.11336162590607,152.25246789211823,148.77479607536804,151.24891662597656,9142900
2026-01-30,149.0033337333581,152.0934940301588,148.8741582193983,150.6229248046875,9577200
2026-02-02,150.00689447457344,152.65985950297514,149.85785745781627,151.6463623046875,9099100
2026-02-03,149.75848342053223,149.75848342053223,143.37944161083925,146.24105834960938,11966400
2026-02-04,147.76131061752727,152.49093871992937,147.2247470593274,147.94015502929688,19249300
2026-02-05,132.07203872176157,138.4411499430295,131.88324839566826,135.43048095703125,30229600
2026-02-06,135.99683381913616,138.26228736014335,134.41698085317375,136.46383666992188,15036800
2026-02-09,136.22537377801996,139.04725230051432,135.62919542585564,138.04368591308594,11022700
2026-02-10,137.2686629102042,139.51425489281263,135.9173384542661,139.1962890625,9762900
2026-02-11,139.13667702730794,141.48162200744946,138.2225479891437,140.14022827148438,9379300
2026-02-12,139.9613919232626,140.59730847172986,135.86768009009486,137.58663940429688,12416600
2026-02-13,136.24523553933992,140.5774214441114,135.86767006624217,139.80239868164062,13134400
2026-02-17,140.1004865524103,142.58453773241757,139.11679682700716,141.7200927734375,10670700
2026-02-18,142.58453825813112,143.55828207907953,139.82227454869408,142.32620239257812,9944500
2026-02-19,140.9748835347343,141.41207898721174,139.00750399858572,140.3687744140625,8219400
2026-02-20,139.4148938255132,143.15091671325214,139.20624200509135,141.968505859375,10265100
2026-02-23,141.06431262109078,143.14097596017754,138.74917488862957,139.51426696777344,8260100
2026-02-24,141.65054540875474,145.43623733793012,141.15373512594545,143.85638427734375,11085700
2026-02-25,144.67115751605743,145.098407073207,143.10123523450437,144.88975524902344,7358300
2026-02-26,144.98910570022582,146.00260288450687,143.59804302489582,144.6612091064453,8642100
2026-02-27,141.94862298626512,142.9919275270156,140.4482615131695,141.45181274414062,12439900
2026-03-02,136.95071230248513,141.10403862304267,136.01670662733133,140.1302947998047,8963900
2026-03-03,137.3879160833648,138.31197590653952,135.4304824098924,137.24880981445312,10372400
2026-03-04,137.33823130050143,138.99757577143515,136.5433318417177,138.6199951171875,9309800
2026-03-05,137.58999633789062,139.66000366210938,135.8000030517578,137.0,8981000
2026-03-06,134.1699981689453,137.17999267578125,133.4199981689453,135.69000244140625,9197000
2026-03-09,133.49000549316406,138.5800018310547,132.4600067138672,138.11000061035156,12304600
2026-03-10,134.6999969482422,136.75,132.16000366210938,135.1999969482422,10447300
2026-03-11,136.4499969482422,138.1999969482422,133.9600067138672,134.1199951171875,7830500
2026-03-12,133.47000122070312,134.8699951171875,130.61000061035156,131.14999389648438,9162800
2026-03-13,131.14999389648438,133.4199981689453,129.22000122070312,129.82000732421875,7786700
2026-03-16,131.07000732421875,131.8699951171875,128.94000244140625,129.38999938964844,10132900
2026-03-17,133.52000427246094,134.0500030517578,131.17999267578125,131.58999633789062,10544300
2026-03-18,130.72999572753906,132.74000549316406,129.92999267578125,130.47000122070312,9894300
2026-03-19,129.13999938964844,132.67999267578125,128.89999389648438,131.27999877929688,9846700
2026-03-20,131.30999755859375,132.75,129.77999877929688,129.89999389648438,78568000
2026-03-23,133.14999389648438,133.97000122070312,127.41000366210938,128.35000610351562,11431600
2026-03-24,128.33999633789062,129.17999267578125,127.30999755859375,128.6699981689453,8409200
2026-03-25,130.16000366210938,131.92999267578125,129.9499969482422,130.35000610351562,6669400
2026-03-26,128.7899932861328,132.33999633789062,128.30999755859375,130.5399932861328,11912500
2026-03-27,129.88999938964844,130.0399932861328,126.68000030517578,127.11000061035156,8964900
2026-03-30,127.44999694824219,128.60000610351562,126.33999633789062,127.06999969482422,11555900
2026-03-31,128.39999389648438,129.2899932861328,125.77999877929688,128.77999877929688,12219800
2026-04-01,128.0,130.22999572753906,126.9800033569336,127.27999877929688,10210700
2026-04-02,125.2300033569336,127.0,124.01000213623047,126.80000305175781,8575300
2026-04-06,126.55999755859375,127.43000030517578,123.70999908447266,125.7300033569336,8038600
2026-04-07,125.06999969482422,125.41000366210938,121.98999786376953,124.06999969482422,8840400
2026-04-08,128.64999389648438,128.88999938964844,125.62000274658203,127.51000213623047,12535800
2026-04-09,127.26000213623047,128.58999633789062,126.80000305175781,127.75,9352700
2026-04-10,128.8000030517578,130.61000061035156,127.8499984741211,128.05999755859375,8427400
2026-04-13,128.0,131.30999755859375,126.45999908447266,131.24000549316406,8615000
2026-04-14,132.1999969482422,132.94000244140625,131.0500030517578,132.83999633789062,7608300
2026-04-15,133.44000244140625,134.33999633789062,132.27999877929688,133.0500030517578,9691500
2026-04-16,131.7899932861328,135.6999969482422,131.7899932861328,134.47000122070312,8163700
2026-04-17,136.69000244140625,136.97000122070312,134.41000366210938,136.1999969482422,9667600
2026-04-20,136.41000366210938,138.5,136.0800018310547,137.52000427246094,7953800
2026-04-21,138.1199951171875,138.25999450683594,135.0500030517578,135.55999755859375,11874600
2026-04-22,136.63999938964844,137.49000549316406,135.5500030517578,136.07000732421875,9432700
2026-04-23,136.0,136.99000549316406,132.0500030517578,133.9499969482422,10164900
2026-04-24,145.61000061035156,151.5399932861328,143.5800018310547,148.85000610351562,29449600
2026-04-27,156.30999755859375,161.0,147.0500030517578,150.25999450683594,41744000
2026-04-28,145.0800018310547,151.5,144.0,150.0,22921300
2026-04-29,151.4499969482422,157.2899932861328,151.0,156.0,37571200
2026-04-30,172.0500030517578,186.88999938964844,163.55999755859375,179.5800018310547,61132700
2026-05-01,179.1300048828125,179.99000549316406,171.14999389648438,177.00999450683594,21111500
2026-05-04,177.22000122070312,180.49000549316406,166.8300018310547,168.3800048828125,23117400
2026-05-05,167.64999389648438,187.22000122070312,164.7899932861328,186.5500030517578,34274900
2026-05-06,195.17999267578125,197.5,188.22000122070312,192.57000732421875,30145000
2026-05-07,190.6699981689453,223.66000366210938,187.63999938964844,202.5500030517578,51092200
2026-05-08,213.0,228.0500030517578,208.6300048828125,219.08999633789062,37789900
