Date,Open,High,Low,Close,Volume
2020-01-02,206.62136514720623,208.31752014160156,206.2166048976854,208.31752014160156,30969400
2020-01-03,205.5613303232201,207.65259944663924,205.54205181970212,206.40939331054688,27518900
2020-01-06,204.79035534234592,207.76824450960788,204.53979361320714,207.7393341064453,21655300
2020-01-07,207.8164284119449,208.29828805996976,207.05509663834903,207.71041870117188,22139300
2020-01-08,207.68147573820852,210.2256936926872,207.35381475816808,209.2716064453125,26397300
2020-01-09,210.99670245217024,211.449651692195,209.81133184996403,211.04489135742188,23547000
2020-01-10,211.8736822590969,211.89294605629414,210.1293380702935,210.50518798828125,21898500
2020-01-13,211.37258658557033,212.96271777983782,211.03527889942066,212.93380737304688,22756900
2020-01-14,212.82775825920564,213.18434438562113,211.76767589427655,212.0953369140625,24418100
2020-01-15,212.21096301163251,213.17468220306154,211.48817361806076,212.1820526123047,25742100
2020-01-16,213.24216398162028,214.2540721418806,212.78921475469602,214.21551513671875,18805000
2020-01-17,215.1792569478071,215.4490971914688,214.06133896395687,215.275634765625,24325200
2020-01-21,214.67807639313898,215.71889485834492,214.58171329953078,215.17921447753906,21146300
2020-01-22,216.26824990467804,216.98139276962715,215.47799302653627,215.74783325195312,20736400
2020-01-23,215.62255885385602,216.53808923668507,214.62028255913776,216.44171142578125,26496100
2020-01-24,217.45362212723066,217.68492005295363,213.62765533221824,214.6202850341797,37436500
2020-01-27,209.7727878595688,211.32437659173263,209.30056008710497,210.18719482421875,42264400
2020-01-28,211.67127432239474,213.90710981738343,211.11231544864756,213.4156036376953,26731900
2020-01-29,214.6009736810809,214.8419034690497,212.8181020732241,213.76254272460938,28924500
2020-01-30,212.3844224019062,214.62024309287722,211.7194538624423,214.5238800048828,39568100
2020-01-31,215.4201582903583,215.4490686908412,210.37026423164505,211.12197875976562,52015800
2020-02-03,212.153138148339,214.80336587399313,212.00858615446927,214.31187438964844,25408600
2020-02-04,217.24159667116865,219.59307404921108,216.4995287137922,219.21722412109375,30691200
2020-02-05,221.85777820703598,221.89632050035885,218.61968147602198,219.93997192382812,38534800
2020-02-06,220.48930058555015,221.89633703223683,219.7086904172244,221.83851623535156,22467100
2020-02-07,220.84588763527864,222.07944699148595,220.24837175276227,220.88442993164062,25884900
2020-02-10,220.15205736314272,223.5636174956276,220.09423655321442,223.55398559570312,21478900
2020-02-11,224.78754662855468,225.5296146727133,223.0046598836152,223.592529296875,30198000
2020-02-12,224.91279828721204,225.87651751585867,224.35383936997437,225.7705078125,24471300
2020-02-13,224.19962079400128,226.4065311607429,223.92978061043078,225.4813690185547,22773200
2020-02-14,225.83797173010817,226.33910987135076,225.07663997194174,226.12709045410156,23438500
2020-02-18,225.02842046210606,226.63782967038173,224.78749067574404,226.2137908935547,24394500
2020-02-19,227.5630191349323,228.85439933217356,227.2931789356636,228.38217163085938,22230500
2020-02-20,227.88103394871118,228.3532469152331,223.46719852997722,226.26197814941406,42604000
2020-02-21,225.134452896955,225.5199347119965,221.00010381565832,221.91563415527344,66017200
2020-02-24,213.63727545586343,216.11404097728206,212.26879589077487,213.35780334472656,84522600
2020-02-25,215.15034170917147,215.86349931150477,206.94909545569362,207.5562286376953,97743000
2020-02-26,208.84759679251124,212.2880667308365,207.10325266735435,208.6259307861328,79537700
2020-02-27,203.2484034425845,208.56813833041292,198.04432487538048,198.1792449951172,121822600
2020-02-28,191.43318660725154,199.6537104347494,190.98023739427853,198.3334197998047,148173700
2020-03-02,201.30169339435167,208.71269721221475,198.46835628115772,208.56813049316406,112933900
2020-03-03,209.23304879579865,211.64234648139112,200.0873494874227,201.87986755371094,131953500
2020-03-04,205.58060725989966,210.40883563849096,203.70134286874293,210.30282592773438,73086200
2020-03-05,204.97345769445946,208.51030571639828,202.47742826806606,203.91336059570312,78705500
2020-03-06,197.24438969380077,201.56184721573746,195.54824934362233,200.4728546142578,89828400
2020-03-09,186.46040374632923,193.86177552572278,185.14011302727727,186.54714965820312,116424000
2020-03-10,193.8135845974811,196.887851447301,186.65314271484766,196.70474243164062,100599200
2020-03-11,192.11743316677845,193.4666341981648,185.73760190502446,188.13726806640625,89168800
2020-03-12,175.48361803042835,183.85833987007013,170.52047024655613,170.88668823242188,137820700
2020-03-13,180.28293587497566,187.42408310246688,171.66728492205291,185.36172485351562,134882000
2020-03-16,167.83169852373086,177.97966086952732,163.02274896298735,163.1576690673828,92054400
2020-03-17,169.1038092730566,177.70018277612678,163.62024466987097,175.5318145751953,121257100
2020-03-18,165.38389062452978,172.71779601535042,160.74840255678637,170.19285583496094,114156300
2020-03-19,169.31582748089275,176.83284013220916,165.4031299076033,171.21435546875,120896500
2020-03-20,175.146302293195,176.2352948005977,163.92861334100306,164.5068359375,118983900
2020-03-23,165.0699340124014,168.24733571628911,159.2849479248567,164.6256866455078,124639800
2020-03-24,173.75219224326807,177.5380199436723,171.85927102480403,177.37384033203125,94881800
2020-03-25,178.10784345878415,183.02362417647132,173.81980925619098,176.06040954589844,88754900
2020-03-26,177.57667687130197,186.12377381961826,177.32558119634263,185.3318328857422,79887600
2020-03-27,180.53194845759674,183.98941773147106,178.33965425296202,178.95774841308594,58845000
2020-03-30,180.6574955868197,185.90165065620462,179.96213784572416,185.467041015625,49356900
2020-03-31,185.1579754527951,188.5671524982982,182.72422369893337,183.88314819335938,62659300
2020-04-01,178.44586089247176,181.2369439532486,174.66968535832518,176.07005310058594,53715400
2020-04-02,175.03670596126688,183.59345543515303,174.77594312185715,179.6434326171875,56465300
2020-04-03,179.19915776414615,180.66713664284723,175.08495593438872,177.09376525878906,47487600
2020-04-06,183.96045777832654,190.88504920532145,182.71461695109656,189.75509643554688,64763500
2020-04-07,195.44347663852133,195.7235590600364,189.2915073648521,189.6778106689453,69904500
2020-04-08,191.36790980752508,194.2845483290108,189.4556834361989,193.70509338378906,45940400
2020-04-09,195.4241755550848,196.26439336276965,192.21780207051773,193.98516845703125,68252600
2020-04-13,193.15458086091047,196.45752242524904,191.94736473052978,196.08087158203125,42853900
2020-04-14,200.1371094360824,205.22673663075193,199.3548357625338,204.608642578125,63959600
2020-04-15,201.3443441894699,204.57968952602957,200.03089236387422,202.26182556152344,47036000
2020-04-16,204.44449203453112,207.03275664286102,202.51294600329027,205.9510955810547,64657400
2020-04-17,208.77113429098793,209.09949355322345,204.8211265103519,207.92124938964844,62863200
2020-04-20,206.05731638104496,208.49106833158217,205.29436223765396,205.4585418701172,38249100
2020-04-21,203.39179805275919,203.93262857054916,196.66035911817565,197.87722778320312,72932800
2020-04-22,201.94312433773194,205.08188634127163,201.199475059897,203.74911499023438,40089100
2020-04-23,204.541050478425,207.1003576864137,202.90890654063006,203.3145294189453,43278500
2020-04-24,203.7491406157427,206.96516662607795,202.3294530597426,206.52090454101562,34231900
2020-04-27,208.79046379039787,209.21540626124602,207.15830508942489,208.18202209472656,36451700
2020-04-28,209.88177649569798,209.88177649569798,203.98090340867836,204.26097106933594,46862800
2020-04-29,208.79045287533302,212.44107338546277,207.77638834773578,211.5042724609375,48716400
2020-04-30,212.4217711059367,212.5086871402764,209.91077011589803,211.41737365722656,43359500
2020-05-01,207.15829695020037,209.25402247497317,204.43481016851158,205.4585418701172,48795000
2020-05-04,204.22236700355398,208.0757918787727,203.8939929806753,207.85366821289062,32841000
2020-05-05,209.9976575714691,212.60524140247904,209.42785510852917,210.2101287841797,37783100
2020-05-06,211.89057573977195,213.47444276143392,210.64473513948423,211.5042724609375,36455200
2020-05-07,214.2277374267578,215.10657950723328,212.87564661525315,214.2277374267578,38624800
2020-05-08,215.89855130961155,217.29891917476593,214.86516715378124,217.16371154785156,31852300
2020-05-11,215.84060162875423,220.128621142671,215.60881081589696,219.1049041748047,35714100
2020-05-12,219.70369742245822,220.29281952139905,214.4885145621969,214.51748657226562,41054100
2020-05-13,215.0390149642318,216.92226932530505,209.29266868853594,211.8326416015625,65521200
2020-05-14,210.50952738812586,214.27603593227283,208.597301106984,214.23741149902344,51549300
2020-05-15,211.2918172057485,215.68608733309884,210.8572223000823,215.62814331054688,55747200
2020-05-18,218.53511886923397,220.85296823410516,217.75284507700312,219.645751953125,42398100
2020-05-19,219.9065063931708,221.98292715903048,218.95040056654557,219.0952606201172,36237300
2020-05-20,221.64491958949841,223.82756142278973,221.62560000186855,223.47023010253906,37417000
2020-05-21,223.51849683462507,224.1945349611781,220.52459475578544,221.0364532470703,43642900
2020-05-22,220.63081626481636,222.0022120157208,219.71333495626004,221.79940795898438,28762400
2020-05-26,225.37278418266482,225.5756029934186,220.9591945713325,221.2006378173828,33055300
2020-05-27,220.86262425307078,222.52375495081657,216.27520261678444,222.40785217285156,55665600
2020-05-28,221.26824860465416,225.4790193977128,221.21030458354977,222.11813354492188,42784300
2020-05-29,222.49472781110282,225.60451720240084,220.9301659567118,225.3727264404297,50691800
2020-06-01,224.50356984357563,226.42544844061516,224.0593078353485,226.04879760742188,25776000
2020-06-02,226.47376580145584,227.62303801560597,224.06898575496044,227.56509399414062,33383400
2020-06-03,228.1735313441804,229.34212319753055,227.29468908440103,228.5888214111328,37228700
2020-06-04,228.24108803407026,229.65110807234578,225.6817812672035,226.98558044433594,38716100
2020-06-05,228.1348963147749,232.0752518726521,227.56509378884476,231.4861297607422,47365600
2020-06-08,231.3412272813959,233.40798063807378,229.76702752082778,233.28244018554688,32937300
2020-06-09,232.4228944795739,235.82240425537603,232.23939528270765,234.9725341796875,35046300
2020-06-10,236.66265002431913,239.33784506016997,236.14112441042232,237.7926025390625,58084400
2020-06-11,233.8715684089503,235.25261657892358,225.95223359629532,226.0101776123047,72919400
2020-06-12,230.90670320675343,232.17186369902385,223.8082792636741,227.80657958984375,72034800
2020-06-15,224.48428271820094,231.25434627093335,223.5474817115833,230.57830810546875,45307400
2020-06-16,235.43607967424836,236.0252016408544,230.91627028050203,234.5379180908203,48890100
2020-06-17,236.03491798055313,237.09727418720422,234.42207882065676,235.2816162109375,34749300
2020-06-18,234.9629162511616,236.16048012506343,234.19030960893033,235.91903686523438,30578600
2020-06-19,238.28515152322632,238.54591434124347,234.1516445508102,235.88038635253906,49422100
2020-06-22,235.74879647831915,238.83497203202995,235.45857256467735,238.70921325683594,24068700
2020-06-23,240.30552457394563,242.9756881450079,239.75408432827294,240.74087524414062,32767400
2020-06-24,239.98627219644987,241.21494104278202,234.27830817510605,235.77786254882812,46032400
2020-06-25,235.86490879175327,238.322231504084,233.29148174788256,238.02232360839844,36940800
2020-06-26,237.78047708316166,237.9546262115426,231.8790108584563,232.4014434814453,52824600
2020-06-29,232.15954316972443,234.94581068032628,229.62482271958893,234.93612670898438,34377800
2020-06-30,234.86841724587862,240.08298495739132,234.68459893265793,239.5412139892578,38909200
2020-07-01,239.57995820000215,243.33367896373625,239.03818711289722,242.3372039794922,34689200
2020-07-02,244.7847987487362,245.9941141912671,243.51743852690805,243.9818115234375,31956500
2020-07-06,247.13572938968088,250.50245983662856,247.11637620696564,249.9800567626953,34589000
2020-07-07,249.7284963941985,252.38899053317246,247.9580419426525,248.25794982910156,36578200
2020-07-08,249.583379604465,251.55696123366448,248.15153943046374,251.52793884277344,30426300
2020-07-09,253.44357172607292,254.31427320560798,249.24483077089613,253.646728515625,40312900
2020-07-10,253.50160334106744,255.6300108686425,250.82177027052498,255.3784637451172,32885300
2020-07-13,258.22275598427,261.0090239693001,249.30284255756212,250.12518310546875,64108100
2020-07-14,247.6001529559335,252.30198825075925,244.53332978568002,251.89564514160156,72230500
2020-07-15,253.30809478080585,254.14011934814144,249.10935414724085,252.4083709716797,54523900
2020-07-16,249.62201489898547,251.3247402793587,247.30013544121235,250.68621826171875,47594100
2020-07-17,251.1409823682021,251.83754932542152,248.79976393164944,250.97653198242188,35137900
2020-07-20,251.61501134912794,258.72579251120857,250.36701899005405,258.0969543457031,40610100
2020-07-21,259.6641784111394,259.6738623814308,254.5657156742192,255.4073944091797,43243800
2020-07-22,255.9008459459863,257.2359349932183,254.00461796837638,256.3071594238281,29865500
2020-07-23,255.90082102240822,256.60704231607104,248.19987934551648,249.6123809814453,51363500
2020-07-24,245.7716098902376,248.56754683460562,243.14015285037885,247.2421417236328,54054500
2020-07-27,248.88684749249487,252.04072266600718,248.10321330458248,251.65374755859375,36445700
2020-07-28,250.87007751423138,251.3925100729386,248.1612226252013,248.45144653320312,31302400
2020-07-29,249.98968895811328,252.17614078356192,249.51564673993508,251.31509399414062,27556900
2020-07-30,249.35115132339854,253.1919382119114,248.19988070151143,252.63082885742188,41774500
2020-07-31,257.25524971065187,257.2939560702197,252.35994333802887,257.13916015625,53686300
2020-08-03,259.2772157927388,261.3572323280069,259.1514422701452,260.6123046875,32081600
2020-08-04,260.10919612534934,261.6764935608913,259.36426852628824,261.5797424316406,24911300
2020-08-05,262.06348543256706,262.6826395559107,261.17341632015274,262.2279357910156,21612100
2020-08-06,262.03454868680643,266.03013274128296,261.3960264130932,265.7012023925781,28048200
2020-08-07,265.1593444887768,265.9333241341228,260.48656232248806,262.6343078613281,44969400
2020-08-10,262.9245573551924,263.1277436392848,257.9905731860006,261.5120849609375,35088400
2020-08-11,260.3511438334103,261.6378722697648,256.0169752671021,256.5587463378906,43104300
2020-08-12,258.7161051442192,263.9596800378492,258.66771481499626,263.0115661621094,38773400
2020-08-13,263.7855845478306,265.88493979878893,262.67302015211345,263.6114501953125,31895700
2020-08-14,264.23068728034957,264.50157286622374,261.90880661224026,263.30194091796875,30799500
2020-08-17,265.01426610988574,266.8621039966272,263.3405921181047,266.3590393066406,24803000
2020-08-18,267.4232205147262,269.3968022647834,265.96235786037397,268.9227600097656,23529500
2020-08-19,268.8840725870389,269.9385922940173,266.60089880480473,267.1136474609375,31999400
2020-08-20,266.320291520908,271.3026654017733,265.9139485282716,270.8189392089844,27723400
2020-08-21,271.0125037267389,273.15056572301086,270.36429748886445,272.69586181640625,34748900
2020-08-24,275.96576652562925,276.6913557452409,272.11529577147513,274.39849853515625,36418500
2020-08-25,273.6245892196029,276.74947155623244,273.1795693174854,276.55596923828125,34866600
2020-08-26,277.8039237142606,282.70891399065164,276.5268795847325,282.4573669433594,42216700
2020-08-27,283.43448664126686,284.28584934448736,279.313130611722,281.57696533203125,49482700
2020-08-28,282.8152868140269,283.63762708359076,281.4608596476088,283.0087890625,28021000
2020-08-31,283.53129260256844,287.0915104824484,283.09592719649555,285.2823791503906,36321000
2020-09-01,287.93313676616793,290.2743842249935,286.16271212186626,290.1582946777344,36216200
2020-09-02,293.4089483837825,293.6217890823761,287.22694320186844,292.9058837890625,50836800
2020-09-03,288.3976121528264,288.90067685198176,275.1531843311882,278.0555419921875,110083300
2020-09-04,276.26563302045525,279.52594203532215,262.9534820162236,274.3500671386719,123959000
2020-09-08,263.3598633923325,269.1645771285318,260.8831878934982,261.16375732421875,99568600
2020-09-09,266.6686093044054,270.9350486565504,264.1145206473575,268.835693359375,64837900
2020-09-10,271.7961421605584,273.01514191283803,261.7539792138823,263.4760437011719,69667500
2020-09-11,265.2270473204114,266.26222838746224,258.2130180084171,261.6474914550781,71809000
2020-09-14,265.4302439467507,268.19717334742415,264.07581640152523,266.2042236328125,38525200
2020-09-15,269.94827252756414,271.3220680816617,266.17521364561674,269.977294921875,41849900
2020-09-16,270.77055054859954,271.23490875035975,265.3237894541486,265.67205810546875,42321000
2020-09-17,258.841866588255,265.46892114580163,258.0001877606345,261.521728515625,81570800
2020-09-18,262.9438998635904,263.2341237780638,254.0820322085779,258.18402099609375,86251100
2020-09-21,253.92725388489964,258.938650650959,251.6440506769576,258.80322265625,57168600
2020-09-22,261.20247355492427,264.1918980370395,257.8647803677729,263.6114501953125,41128900
2020-09-23,263.2921761637515,263.47599448966076,254.68185533552182,255.56224060058594,48837300
2020-09-24,252.8824479216545,259.9545240275638,252.71796798984514,256.75225830078125,70631700
2020-09-25,257.25530417410357,263.53406160645886,255.69769025797873,262.7214050292969,55242400
2020-09-28,267.5779806195505,268.1778259277344,262.82781516039273,268.1778259277344,58438300
2020-09-29,267.61665185245886,268.6711713218636,266.4073364713568,266.9684753417969,27050000
2020-09-30,267.16199999545273,271.94121767207247,266.89111447842726,268.7969970703125,49380800
2020-10-01,272.6184261977125,273.6729457945265,270.7318821655367,273.0634460449219,50020200
2020-10-02,267.0362632139753,273.0538197289879,264.5402484294594,265.3819274902344,75497400
2020-10-05,267.34573785743106,271.3606585893646,267.2393322869141,271.0414123535156,28184600
2020-10-06,270.3546029716696,272.0379608118565,265.3238383473394,266.2042236328125,49704200
2020-10-07,268.8454290060769,271.602645417856,268.25526754148774,270.8093566894531,27539700
2020-10-08,273.20850067066374,273.27622941180806,271.18652907638824,272.250732421875,25443300
2020-10-09,273.8954151546272,276.48820983920064,273.5084401272333,276.4107971191406,30201100
2020-10-12,281.09322468653994,287.7783229263724,280.04838930202556,284.9436950683594,79370700
2020-10-13,286.7432121833182,287.3817047440142,283.5699401763076,284.9340515136719,64240000
2020-10-14,285.73709562441013,286.7045481035689,280.81276604840866,282.5541687011719,36949100
2020-10-15,277.85238302338996,281.2481213833502,277.2138608001073,280.6579895019531,42514200
2020-10-16,282.3025869495628,283.72474310029554,278.7713917390314,279.11968994140625,40570700
2020-10-19,281.03524741066656,281.99304539448815,273.5858814018512,274.56298828125,36756800
2020-10-20,275.2982796940395,278.25868196764213,273.74069534831114,275.1531677246094,32195400
2020-10-21,275.4046648418176,277.96840758418205,274.45655093975563,274.9402770996094,29306100
2020-10-22,275.77231246291046,276.6720656909763,271.68000744451007,274.9306335449219,32196200
2020-10-23,275.5013734614692,275.6368309515048,272.60870060974133,275.47235107421875,24658500
2020-10-26,273.18920721373644,276.0141516237852,267.7521295734599,271.34136962890625,38421100
2020-10-27,272.3378347462262,274.28242340480193,271.0801585091617,273.4600830078125,30559100
2020-10-28,268.9614649881043,269.5709647553025,262.5472505227228,262.7987976074219,53413500
2020-10-29,264.11454773832725,270.3933053778075,263.6501598827834,267.39422607421875,43246300
2020-10-30,265.41085981745687,266.2815609805573,258.37749224167834,260.6123046875,65838300
2020-11-02,263.0019720549705,264.61760122108484,258.28079905882623,261.1928405761719,39987400
2020-11-03,263.10830548168485,267.81013876643436,262.0247636862379,265.71075439453125,43604100
2020-11-04,274.3598282237641,279.3712246731452,272.69580888052,277.57177734375,75728200
2020-11-05,283.97629469594665,285.7757714676253,282.4960937419013,284.8083190917969,52054200
2020-11-06,284.15044739201414,285.7467380103803,280.3967272074456,285.0211486816406,40959800
2020-11-09,287.96216736147034,289.40369134582903,278.7423482460267,279.1970520019531,86537100
2020-11-10,275.8885073614426,277.3300024780005,271.48657973561905,274.1954650878906,69024900
2020-11-11,276.72037189261647,280.8030216572005,274.1566292793315,280.3289794921875,36102900
2020-11-12,281.29644746857406,282.56380765239703,277.9006803600016,279.01324462890625,34414600
2020-11-13,280.7257241437472,282.08015183165605,278.50056552675267,281.4609680175781,24806900
2020-11-16,281.16093933922605,283.9568902266767,280.55143976033975,283.656982421875,30168400
2020-11-17,283.8505808748772,284.17951120893724,282.11883249104346,282.7573547363281,21843500
2020-11-18,282.205877841639,283.8215068214784,280.5805353656853,280.6676025390625,28069600
2020-11-19,280.1161777252628,283.17333086923173,279.44863320359497,282.8637390136719,22718400
2020-11-20,282.7862636459426,283.53122072863266,280.84170481837384,280.92877197265625,25907300
2020-11-23,281.92535911540415,283.2217420261678,278.69407104989295,280.9385681152344,26875600
2020-11-24,282.00269286629174,285.3791218456151,280.2032455596767,284.8857116699219,24516800
2020-11-25,285.95001866434575,287.2754242184353,285.00190433309564,286.63690185546875,23326800
2020-11-27,288.60072560591834,290.40020243829326,288.204066575533,289.2779541015625,17163100
2020-11-30,289.5971870288813,290.2066867419468,285.1856066120209,289.8680725097656,27836200
2020-12-01,292.1415439901077,295.20838047553343,291.038634302988,293.5830383300781,27521300
2020-12-02,292.41251930762814,294.29906349998095,290.5743654550554,293.96044921875,23620000
2020-12-03,294.2699982203379,295.9243334941278,293.65081453640306,294.37640380859375,22828700
2020-12-04,294.42483987175973,295.7212523508224,293.74764075920547,295.57611083984375,19332100
2020-12-07,295.759901231317,297.6174230579563,295.5760828908154,297.2497863769531,20851000
2020-12-08,296.7757497269518,298.5558588522891,295.024662996755,298.2559509277344,18341500
2020-12-09,298.0431011941414,298.3236411639306,290.43890912941885,291.50311279296875,48839300
2020-12-10,289.471410606944,293.7959238107952,288.3878686942274,292.6736755371094,27519500
2020-12-11,291.01935393302256,292.15128623113674,288.75551886109844,292.0255126953125,26760400
2020-12-14,293.21548096516074,296.0888159756463,293.14778173088405,294.1442565917969,28804800
2020-12-15,296.3983525358521,297.2884216308594,294.21190091878054,297.2884216308594,25709000
2020-12-16,297.6850935957013,299.7070654214321,296.64022854623624,298.9234313964844,25461900
2020-12-17,300.51976337694714,301.10989520785034,299.3201317703202,300.8777160644531,23730500
2020-12-18,301.5162526740724,301.8258445629671,297.59805229574795,299.96832275390625,41173400
2020-12-21,297.02283664353786,299.9401559146954,294.250921921989,299.4071044921875,37095500
2020-12-22,300.3084774298646,301.14198037145707,297.40085950331013,300.22125244140625,26176300
2020-12-23,300.26969695345633,300.62829842722294,298.5542130474029,298.70928955078125,21201300
2020-12-24,298.9709433921492,300.47320069715903,298.893419934846,300.0273742675781,16785000
2020-12-28,302.63448765057,303.526169931864,300.80267463285355,303.0512390136719,22497700
2020-12-29,304.3791850795112,304.99949122408196,302.4213992691314,303.32275390625,25871900
2020-12-30,304.48575494609014,304.8055799060059,302.71209143491757,303.3323974609375,18138100
2020-12-31,303.2354394143684,304.5632467395812,302.15963508324836,304.0786437988281,21611400
2021-01-04,305.4065712604458,305.5810508668915,295.78236016993344,299.7851867675781,45305900
2021-01-05,298.796488258162,302.5279368021239,298.796488258162,302.25653076171875,29323400
2021-01-06,297.54626155709104,302.27599188041745,296.55768202012894,298.06964111328125,52809600
2021-01-07,300.7252675935341,306.1140511445384,300.6961925936404,305.2805480957031,30394800
2021-01-08,307.5678802824092,309.5547706636761,305.37746488866003,309.2058410644531,33955800
2021-01-11,306.24978277755537,307.42251398648114,304.0884423243325,304.7378234863281,32746400
2021-01-12,304.7764626548181,305.86196847203695,301.6168717035165,304.25311279296875,29266800
2021-01-13,304.51476370021123,307.10252654642545,303.9138608543581,306.30780029296875,22898400
2021-01-14,306.7537396531724,307.75202078235884,304.19502127671944,304.6699523925781,23500100
2021-01-15,304.45664703346006,305.41615138729,301.01594842162353,302.25653076171875,35118700
2021-01-19,304.5730151928174,307.1704804273675,303.4778075735945,306.66650390625,24537000
2021-01-20,310.2815515285301,314.7398744387899,306.7633298269035,313.79974365234375,30728100
2021-01-21,315.1373580102177,317.0563967393444,313.7611019095679,316.3100891113281,25130600
2021-01-22,315.2730158264072,316.4069702389645,314.7108598045734,315.3990173339844,21609400
2021-01-25,318.7815776847995,320.1481618170667,311.5125320309247,318.0061950683594,39080600
2021-01-26,318.7234080613514,319.60538909572153,317.1435975040631,318.4714050292969,25498100
2021-01-27,316.21310675600824,316.2227787014921,307.58715111959197,309.5934143066406,55264000
2021-01-28,310.7953758677836,316.3683117096393,310.17506968107233,311.42535400390625,42836300
2021-01-29,309.7388781855848,310.8437873574935,303.12891493977025,304.87347412109375,55259000
2021-02-01,308.31408920519334,313.5768999697579,306.28845232791394,312.49139404296875,35646000
2021-02-02,315.4571810403758,318.74277401566127,315.29240300534514,317.58941650390625,33930800
2021-02-03,319.66353887200273,320.03184189465435,316.27131777805255,316.3294677734375,24824500
2021-02-04,317.72521603098505,320.1579037285064,316.4070800838984,320.0706787109375,22350900
2021-02-05,321.02039344305297,322.16404935647347,319.3824330340786,321.15606689453125,22732000
2021-02-08,322.84253928633325,323.46281577424594,321.2045787051673,323.3077392578125,20462800
2021-02-09,322.3773215906814,324.49988527206455,322.36762006497844,323.23992919921875,17597500
2021-02-10,324.67427714647073,325.1298051056285,319.3533461848029,322.5032653808594,28068700
2021-02-11,324.0346150143386,324.68399602062,321.89267812835,324.27691650390625,22046100
2021-02-12,323.4337715765903,326.2541649835537,322.38704196326086,326.08941650390625,20346800
2021-02-16,326.8841663019075,327.7758490252681,324.04439921828885,325.20745849609375,27080800
2021-02-17,322.2318793215303,325.32364843742187,320.0027176340885,323.64691162109375,31360300
2021-02-18,320.0609215270865,323.5888161354147,318.24848138527534,322.23193359375,32236200
2021-02-19,323.57907939311684,323.70508089716884,319.80888368490145,320.8265380859375,39157700
2021-02-22,316.44577744580255,317.70573348811814,312.30727823258223,312.51080322265625,47256900
2021-02-23,307.2382391088427,313.24732690992033,301.4230042992116,311.5802917480469,97241900
2021-02-24,308.9246481654073,314.45883459624235,306.23025721633604,314.148681640625,58206300
2021-02-25,311.493084622107,314.05177270448047,301.65562150993003,303.1966552734375,110182600
2021-02-26,306.1236421449601,309.2832327779963,301.3066883829016,304.46630859375,104739800
2021-03-01,309.43838918932,313.96459422673973,308.1493582226554,313.6253662109375,49164500
2021-03-02,314.2651074953915,314.3426309764439,308.34327186453856,308.5952453613281,48370000
2021-03-03,307.4999867015868,308.4401177344463,299.58158999462006,299.6397399902344,86301100
2021-03-04,299.2713804181701,302.431000946029,290.8683527058191,294.7355041503906,139131600
2021-03-05,297.35244817164187,300.07591520765766,288.29039392964586,299.174560546875,121523700
2021-03-08,298.63171026100616,300.51197202969576,290.2868618525755,290.70361328125,88409800
2021-03-09,298.00182829212423,304.0690685037758,297.46877671898756,302.1694030761719,80391100
2021-03-10,306.4241691358613,306.724620626328,300.6186347246778,301.3067626953125,76798100
2021-03-11,306.0462512596568,310.0103013290982,305.15459806058067,308.2463684082031,53484800
2021-03-12,304.1950526929854,308.4305087570906,301.8011417031992,305.74578857421875,69315600
2021-03-15,306.06559768993225,309.1767409392232,304.4276370409877,309.011962890625,42955700
2021-03-16,311.20228170978055,314.21652707920555,309.2735716640587,310.7079772949219,54925900
2021-03-17,307.67444741471917,313.8773597153626,305.9589339157452,311.9873962402344,78258700
2021-03-18,307.1123129466871,308.0912205113024,301.97553276942267,302.4310607910156,82718100
2021-03-19,302.26625139318713,305.0381957585479,300.1243145502843,303.4971618652344,78446200
2021-03-22,305.88923408616284,311.2557108380193,305.88923408616284,309.1886901855469,56194800
2021-03-23,310.27557130915926,311.5953417949714,307.02462512975313,307.83978271484375,53455400
2021-03-24,309.20815794592994,309.24698344349076,302.50248217460296,302.6480407714844,64803700
2021-03-25,300.8042221864616,303.6378911365038,298.3005255349611,302.1239929199219,78729000
2021-03-26,301.91046681514456,306.976112662343,300.5130748438378,306.6558837890625,63519600
2021-03-29,306.122274868741,307.6167163293073,303.23038167816503,306.56866455078125,54608000
2021-03-30,304.60829592576704,305.59812389358433,302.32777943527344,305.02557373046875,44635700
2021-03-31,306.81124129008373,311.2557989477642,306.4715847685918,309.69342041015625,55032500
2021-04-01,313.51688889328375,315.10837900652535,313.26456756678306,314.9725341796875,55685600
2021-04-05,317.45673463853825,322.0274511279662,317.21412716605016,321.26080322265625,42172500
2021-04-06,320.9504150733319,322.9882949558998,320.26138825609326,321.0377502441406,33537200
2021-04-07,320.56219315319373,322.6486417637379,319.6305884586231,321.8140563964844,32046400
2021-04-08,324.66707892414195,325.35607597538365,323.87131916627106,325.17169189453125,29940800
2021-04-09,323.81312481383054,327.34550476932856,323.0756180393598,327.1416931152344,36664900
2021-04-12,326.10337642585216,327.13203008038977,324.83211521854287,326.7147521972656,25833000
2021-04-13,328.2383335566623,330.9943520410831,328.02483770712075,330.528564453125,30374000
2021-04-14,330.7711732196857,330.8973338969401,325.7443513802952,326.55950927734375,42564300
2021-04-15,329.431961635125,331.8968627884366,326.2780632892795,331.5086669921875,36342800
2021-04-16,332.0326648874163,332.11031588274375,330.02386739959644,331.8968200683594,40860100
2021-04-19,330.3246727008228,331.47945712265044,326.9378519569808,328.85931396484375,34533100
2021-04-20,328.19944988212427,329.4803950215686,324.4924000385341,326.4623718261719,38081800
2021-04-21,325.18141445261983,329.44161675184677,324.0945374930946,329.2572326660156,36598100
2021-04-22,328.8690668857819,329.8491811367838,324.13336331578,325.2881774902344,45936100
2021-04-23,325.91894982444245,330.6934492560074,325.91894982444245,329.3833923339844,36381900
2021-04-26,329.62613228694096,331.8096008544523,328.8788818678947,331.5281677246094,30812000
2021-04-27,331.8191306135299,332.0326264031691,329.1407638887171,330.0917663574219,33187200
2021-04-28,329.76181497146814,330.77107046078066,328.325567914184,328.97576904296875,33615700
2021-04-29,332.2461477907984,332.66342562514154,326.937893972097,330.15972900390625,37708900
2021-04-30,327.71426309227223,330.19856182815215,327.08345982266536,327.99566650390625,38263400
2021-05-03,329.19910957730696,329.94633031095634,325.80260323587066,326.2489929199219,29729700
2021-05-04,323.6966311429197,324.01688963010014,316.56396466012313,320.3777770996094,65147000
2021-05-05,322.42547653862044,323.28917374599087,318.52435728079297,319.3006896972656,46219300
2021-05-06,319.0386230172309,321.8625782847719,316.79693175802845,321.7073059082031,46814300
2021-05-07,324.4827666209984,326.69534646548914,321.88202058917597,324.31781005859375,53324500
2021-05-10,322.9396968116653,323.11436710542796,315.92347719379603,316.1272888183594,60700500
2021-05-11,310.2464841674861,316.48634198642156,309.5865692571436,315.6905822753906,71963600
2021-05-12,310.76088677179484,313.08019964815134,306.65595619043876,307.5196533203125,91164900
2021-05-13,310.46002182452656,312.866669605649,307.5293038630691,309.89715576171875,69877800
2021-05-14,313.0607397997424,317.6508549788167,312.5560972204388,316.7386779785156,44370000
2021-05-17,315.03081764463406,316.71935702172186,311.94485615713404,314.81732177734375,39395000
2021-05-18,315.7682625127471,316.99098429290916,312.4202668422621,312.6919860839844,36528500
2021-05-19,307.2963823180364,313.3518563360605,306.9470121011332,313.051025390625,66319100
2021-05-20,314.53578901793674,319.96048954623984,314.31260905592654,319.10650634765625,46466100
2021-05-21,320.6592786433045,321.0765565669015,316.9813691094854,317.3404235839844,50330400
2021-05-24,319.6305695291167,323.8034368878957,317.2336059057907,322.677734375,32475800
2021-05-25,324.1916552713236,324.9097642116866,321.9499636624555,323.1241760253906,31280300
2021-05-26,323.7937440335758,324.7156349543194,323.1047468839372,324.2498474121094,25444900
2021-05-27,323.80345233638,324.6477218575371,322.83302215294816,323.03680419921875,27931700
2021-05-28,324.2401091909413,325.64724472071146,323.7354961865268,324.05572509765625,29927400
2021-06-01,325.3851630408676,325.86069387317445,321.62960372676787,322.978515625,31145400
2021-06-02,323.39584866403806,324.45361397756494,321.891693772137,323.6093444824219,22047900
2021-06-03,320.7756680855697,322.0469291884791,318.5728023487736,320.241943359375,37057800
2021-06-04,322.03727823358133,326.12278121578436,321.96934100973573,325.6763916015625,38736500
2021-06-07,325.1425746945179,326.7049824666826,324.4535776548945,326.6467590332031,32611900
2021-06-08,328.39355301587057,329.25725005460623,325.12320818685185,326.80206298828125,27282800
2021-06-09,328.17035779849925,328.9466900273445,326.6952851024466,326.8796691894531,21485300
2021-06-10,327.21932601863756,330.3926217670131,326.77293646730095,330.285888671875,33702100
2021-06-11,330.29555296238215,331.159249910032,329.6453814225144,331.1495361328125,21222800
2021-06-14,331.5765725355183,334.3325906574946,330.3926465465192,334.3229064941406,27827700
2021-06-15,333.9735630962998,334.28410788253154,331.4213268119727,332.13946533203125,35963800
2021-06-16,332.6052781352656,333.67275740945274,327.47172306948255,330.92645263671875,55399500
2021-06-17,329.9171215293265,336.1375820099637,329.86861187050766,335.1283264160156,59722700
2021-06-18,333.46893484005597,334.61403537004617,331.7512544298912,332.4985046386719,55414900
2021-06-21,332.6899065192554,334.8856325179715,330.47476007480685,334.56500244140625,32992600
2021-06-22,334.3609209204521,338.1305621489894,334.0597409959635,337.68365478515625,28941600
2021-06-23,337.62534655465817,338.99524371354596,337.01326169116265,337.8487854003906,27188500
2021-06-24,339.78223061494685,341.46300322274897,339.2381617228856,339.93768310546875,32581600
2021-06-25,340.50114774694623,340.74403668648523,338.9175071172272,339.5198669433594,28682800
2021-06-28,340.802426289796,343.7851104464246,340.74413529939926,343.6490783691406,39130300
2021-06-29,343.47411498284237,344.9217236125262,342.63859124073826,344.892578125,29426000
2021-06-30,344.73706602335034,345.12571198919386,343.76551040779043,344.34844970703125,32724000
2021-07-01,343.9986887663497,344.98966477674617,342.6482122884291,344.4844665527344,29290000
2021-07-02,346.3791495754399,348.75947373922304,346.14598561310726,348.4388732910156,32727200
2021-07-06,349.0411014509965,350.2264005610299,346.34987325429563,349.94464111328125,38842400
2021-07-07,352.1404392834429,352.44161923318353,348.73026866921117,350.68310546875,35265200
2021-07-08,345.62125059036464,349.42003732395847,344.3388194688007,348.5650634765625,50890000
2021-07-09,347.9822092081937,351.2174774903175,347.3992697056887,350.7414245605469,35184500
2021-07-12,352.1403820578418,352.56786894597764,350.56643688814484,352.1112365722656,25717700
2021-07-13,351.73231561024755,355.07446965411276,351.25626279599396,352.1112365722656,39723000
2021-07-14,354.45280802253535,355.0940386229522,351.9170607681748,352.7428894042969,35336400
2021-07-15,352.65536866834645,352.8593871039803,348.263917056866,350.26531982421875,53391600
2021-07-16,351.12030642808213,352.10158740315376,347.07863020990226,347.42840576171875,47262000
2021-07-19,343.9793670063491,345.07722995707803,342.02655973823147,344.5817565917969,64404600
2021-07-20,345.5143833813313,350.0321117839169,343.7364197177112,348.5845031738281,42183700
2021-07-21,348.1570403811089,351.2757263183594,347.9335718645994,351.2757263183594,30259900
2021-07-22,351.47976394470055,353.6074737175383,351.47976394470055,353.5977783203125,30252200
2021-07-23,354.9190268234628,358.00856697658435,353.56857975570756,357.7268371582031,31960800
2021-07-26,357.03701967151557,358.3972214662514,356.1723504558063,358.0085754394531,28438100
2021-07-27,357.74626100686675,357.74626100686675,349.9155239997721,354.0640563964844,57933100
2021-07-28,355.20072501126236,356.9981087592756,352.9078384309501,355.4241638183594,42066200
2021-07-29,354.860853050721,357.22172717484074,354.860853050721,356.0558776855469,25672500
2021-07-30,352.1306548305202,354.78301259962615,352.10150934512467,354.2000732421875,36484600
2021-08-02,355.86145466317794,356.4443940688661,353.520001644176,354.229248046875,27334100
2021-08-03,354.8898941335919,356.4929552406913,351.7031923611625,356.3763732910156,35558500
2021-08-04,356.3375329468905,357.84346232319564,355.22997468160975,356.8913269042969,29602200
2021-08-05,357.70745184817855,359.38825426520106,356.99823500160903,359.15509033203125,21443900
2021-08-06,357.892081796151,358.86363780380657,356.4736183268441,357.5811767578125,33332100
2021-08-09,358.03774270014765,358.76640957041377,356.9399095212192,358.2417907714844,25960200
2021-08-10,358.7567570414076,359.0482119645274,355.2202791767032,356.40557861328125,35130800
2021-08-11,357.6686436990703,358.16411710241056,354.46249107683343,355.79351806640625,34249800
2021-08-12,355.28823812662705,357.43536811406886,353.93776135089763,357.0758972167969,25969200
2021-08-13,357.4257142792874,358.65957959844343,356.93021128244163,358.3292541503906,19336200
2021-08-16,357.2119748219875,358.523551582133,353.3548966695648,358.4847106933594,34856900
2021-08-17,355.73521586261194,356.706771841835,352.89828900702054,355.3271789550781,44793900
2021-08-18,354.7927177767465,356.1917604133601,351.57687065148923,351.9071960449219,38541900
2021-08-19,349.97381286394403,355.27849894817814,349.72119888151866,353.607421875,48499400
2021-08-20,354.67610547136155,357.66851349611557,354.3652005454993,357.2701721191406,39486000
2021-08-23,358.3097247951578,363.3035352482064,358.3000293999851,362.6137390136719,34034700
2021-08-24,363.2064206006118,364.3237038526615,362.7400631377907,363.7213439941406,21732900
2021-08-25,363.9739817438647,364.7123736957995,363.2258647453417,364.1391296386719,20441900
2021-08-26,363.2840851174877,363.96415625174143,361.3895398266238,361.8267517089844,29133300
2021-08-27,362.45831971800555,365.8490398813782,361.97254183101103,365.3438415527344,27104700
2021-08-30,366.13077806650506,369.92956447983937,366.11132797645763,369.44378662109375,27295700
2021-08-31,369.68667747524375,369.7546638421812,367.5978089521397,369.1426086425781,29628200
2021-09-01,370.2016672848812,371.8241490290895,369.55071178811403,369.7547302246094,28138300
2021-09-02,371.1051837623693,371.435509188576,368.365389189704,369.579833984375,25453400
2021-09-03,368.4333906805509,371.11489416925747,368.41397023843336,370.716552734375,24605400
2021-09-07,370.82344901614005,371.8921664366808,369.6672951224914,371.2412109375,23970200
2021-09-08,371.06631894293287,371.06631894293287,367.68532355818826,369.94903564453125,32949200
2021-09-09,370.17247372014936,371.2800318811056,368.43338058855016,368.67626953125,29399000
2021-09-10,370.38626849619504,371.10521037835343,365.54790941338325,365.87823486328125,40249400
2021-09-13,368.20986034392786,368.6373471949684,363.5755506422916,365.6255187988281,48741800
2021-09-14,367.1120810732379,367.84074796435834,363.6339241587504,364.5860595703125,41826600
2021-09-15,365.0426441055978,367.6464063389702,362.7497571713315,367.296630859375,34097900
2021-09-16,365.96561474622183,368.12246970870797,364.04195332665904,367.54925537109375,35193100
2021-09-17,367.07318268866356,367.1217486139849,362.15711320524946,363.1966552734375,60912300
2021-09-20,357.4037084010266,359.1447297554638,351.0524161954908,355.69189453125,76203200
2021-09-21,357.5204970179587,358.71684653434653,355.001380602965,356.129638671875,41927500
2021-09-22,357.04385306817227,360.91494318773044,355.9447730023296,359.45599365234375,46972900
2021-09-23,360.6134280684026,363.8036631873685,359.9714867131809,362.7726745605469,44652000
2021-09-24,360.50644858915405,363.53135293153184,360.13684326605903,363.11309814453125,36056800
2021-09-27,360.0686801059778,361.0899326891091,357.66627586483116,360.2145690917969,43338100
2021-09-28,355.66274340365425,360.1660095292844,349.51569535289286,350.0214538574219,97701600
2021-09-29,351.2858920320007,353.4256669344048,348.8251316006727,349.4476013183594,58076600
2021-09-30,351.09130030893095,352.7544942625844,347.3272157221571,348.1636657714844,61384600
2021-10-01,348.7862203586933,351.36369202460725,344.68170766871515,350.3229675292969,56375500
2021-10-04,348.70837747868603,349.0390691415434,340.73280457366985,342.9698486328125,76766000
2021-10-05,344.0300027634827,349.8463586647929,343.8063161750035,347.5995788574219,47232900
2021-10-06,344.3898600152339,350.09924033410766,343.48531850039706,349.826904296875,56806500
2021-10-07,352.87122991088916,355.68215344387613,352.3362936499442,353.0365905761719,39411200
2021-10-08,354.116163900798,354.34961597471846,350.7411266388622,351.2760925292969,41822300
2021-10-11,349.739345608254,353.26030184571573,348.49437661062404,348.5819396972656,34847200
2021-10-12,350.03115471683304,350.4688217397953,346.7242085862634,347.36614990234375,43905100
2021-10-13,349.6712770247832,350.81897676780096,347.648183891679,350.1478576660156,40120800
2021-10-14,353.736922473193,356.810446526466,353.07553911148256,356.5964660644531,43433900
2021-10-15,357.8122121376906,358.95991188767306,356.7812235917874,358.84320068359375,40419900
2021-10-18,357.5496721285333,362.6657321977218,356.9466443009304,362.4517517089844,34513500
2021-10-19,363.5215283156259,365.2430777774369,362.50027569432086,365.1944580078125,29091000
2021-10-20,365.65161478068956,366.26437825684025,363.23947450315666,364.7178955078125,31390300
2021-10-21,363.9203467319712,367.139759409477,363.61883289322486,366.9452209472656,25469300
2021-10-22,365.6905542419816,366.65345138258493,362.198805446385,363.86199951171875,36275800
2021-10-25,365.28205322129304,368.5014661306031,363.33678718872363,367.5871887207031,32597800
2021-10-26,369.8242976093445,372.23640872219755,367.56778167336654,368.7446594238281,47191300
2021-10-27,369.1919755149265,372.66428202015936,368.9293753230013,369.6004943847656,45760500
2021-10-28,371.49715107440244,373.95791114428573,370.72876276602915,373.70501708984375,38007000
2021-10-29,370.6315197832364,375.70866510968085,370.2813861591244,375.5433044433594,37310100
2021-11-01,375.98099303268674,376.95362598852097,373.8995739420506,376.8271789550781,30765300
2021-11-02,376.2144686065333,378.87950346614826,376.165848824832,378.40289306640625,25135300
2021-11-03,378.8891980696305,382.83808593343343,377.84850325015935,382.41986083984375,33748900
2021-11-04,383.68435232651257,388.275182180775,383.13968011349914,387.3219909667969,40265300
2021-11-05,389.09212224591516,390.01610580693085,386.29093439470984,387.6915283203125,43383800
2021-11-08,387.66231205576224,388.6835647540906,386.5243184732125,387.166259765625,29256300
2021-11-09,388.2361272397515,388.6349102652828,383.139540666188,384.501220703125,50490700
2021-11-10,381.72926606554546,384.540159937135,376.92445677960063,378.85028076171875,54937400
2021-11-11,381.8265197042397,382.0015865093536,379.560268335903,379.90069580078125,32243000
2021-11-12,381.0484474560787,384.4332212280793,379.453344654841,383.8982849121094,34730600
2021-11-15,385.07504833636796,385.39600409421735,381.369319811031,383.81060791015625,33716900
2021-11-16,383.0812526688252,387.0398764491549,382.8867438612393,386.5438537597656,27872900
2021-11-17,386.86469702690965,388.78078483430113,385.7850888641528,386.74798583984375,28703300
2021-11-18,388.79057170851496,391.26103797883917,386.57296981590184,390.7552795410156,45721500
2021-11-19,392.3893183809995,394.2081373154626,391.5625744064973,392.9339904785156,45191700
2021-11-22,394.4707728765568,397.5248250612639,388.26536958827234,388.3723449707031,61715400
2021-11-23,387.21490670410526,389.27691358306146,382.1669687768328,386.6021728515625,70098700
2021-11-24,384.12193650748134,388.12917964465845,381.7973591150483,387.8471374511719,46954400
2021-11-26,385.26965107712977,386.66053885353557,379.1031612958598,380.4940490722656,51533300
2021-11-29,385.0557152401909,389.763255674878,384.3262404473331,388.751708984375,54447100
2021-11-30,387.8665791578093,390.21062820500714,381.02897048546834,383.0423278808594,81332700
2021-12-01,387.3802526370976,389.520057013859,376.05882046092955,376.5256652832031,77766500
2021-12-02,375.2417819698472,381.01922409411867,373.8217461673623,379.23931884765625,84416600
2021-12-03,380.60099735187833,381.60280810324537,368.53061887852476,372.6448669433594,105349100
2021-12-06,373.1312158694991,376.9925702047442,368.91969820689434,375.6308898925781,67588800
2021-12-07,382.27396962972693,387.5553600113219,382.2350559963303,386.9425964355469,56005300
2021-12-08,387.27329443125376,388.87813294378265,385.37664820946287,388.6738586425781,39204000
2021-12-09,387.4483631974559,389.24774019188266,382.7602649929764,382.9548034667969,49973700
2021-12-10,385.7657016429064,387.38027600962283,382.5949085157785,387.11767578125,52545800
2021-12-13,387.1079282528068,387.4288840777842,381.15541913036526,381.5250244140625,50166400
2021-12-14,376.70071746726086,379.41437162098543,373.13117127846147,377.57611083984375,75199200
2021-12-15,377.3232568620715,386.5438285946548,373.3743691680471,386.1839294433594,73858000
2021-12-16,387.14682731739265,387.5747881895297,374.66792996001715,376.2533264160156,82591400
2021-12-17,372.8394133470758,378.5390584450025,371.32210816631004,374.3761901855469,80492500
2021-12-20,369.65383235643225,371.5334044386726,367.60868840628507,370.74456787109375,65336800
2021-12-21,374.0167921394008,379.3536394122616,370.2673960601498,379.0419921875,48899500
2021-12-22,378.7498329492057,383.8626780914225,378.0876049017559,383.6581726074219,37042200
2021-12-23,384.00876815044677,388.0211296414889,383.8432259923988,386.55059814453125,29595500
2021-12-27,387.8457703226318,392.93914794921875,387.8165552575593,392.93914794921875,32820700
2021-12-28,393.8351009210368,394.0103913134731,390.241499274539,391.11798095703125,33113700
2021-12-29,391.25438777123253,392.52041372779274,388.68334280550386,391.0596008300781,32248500
2021-12-30,390.84530882119145,393.0268094113681,389.3065991298355,389.89093017578125,23850100
2021-12-31,389.21891879599315,390.58233796658226,386.9595214731261,387.4562072753906,34752900
2022-01-03,388.6248911831583,391.4394048095801,386.51159861800147,391.1861877441406,40575900
2022-01-04,391.7315848969011,391.7705482299664,383.01541893347996,386.1123352050781,58027200
2022-01-05,384.42749707501173,385.54747736079605,373.99730172965064,374.2505187988281,75739800
2022-01-06,372.42940265304225,377.2306007150052,370.199219910222,373.9875793457031,70814300
2022-01-07,373.99729091228744,375.6821057032982,368.1637879896817,369.93621826171875,72652300
2022-01-10,365.0279090976705,370.69586988679407,359.661847242509,370.1796875,91770500
2022-01-11,369.4493143206494,375.906112223643,367.3652366626688,375.7405700683594,68295700
2022-01-12,378.31160870654446,380.0061720189423,374.9517565939594,377.2306213378906,54576400
2022-01-13,378.61350290208264,379.2952275240133,366.85885020807444,367.79376220703125,77994000
2022-01-14,365.27142052289753,370.41348098310857,365.0668853086839,370.0823669433594,80121200
2022-01-18,364.26829048052855,366.3913312973548,360.1098243286915,360.86944580078125,75450900
2022-01-19,362.4277409189284,364.9013928709606,356.6429183979032,356.9058837890625,81791500
2022-01-20,360.1293528653298,364.1027509832261,351.73455259619834,352.2701721191406,88610700
2022-01-21,350.07894570355364,352.7181393726713,342.21976511466244,342.502197265625,143388900
2022-01-24,336.8732363075076,344.73241775804007,325.4204523266668,344.0701599121094,198685800
2022-01-25,337.6133584822439,341.8594404635493,332.75370059517894,336.0940856933594,124398400
2022-01-26,343.69032292092504,347.55660890710044,331.87721121554597,335.5682067871094,146559500
2022-01-27,340.2720264541344,342.0931685236825,331.1662863860783,332.1888732910156,95255700
2022-01-28,334.0684086431916,342.8235371800627,329.12113570448446,342.6092834472656,108167900
2022-01-31,343.97281107094085,354.1497914025669,342.3366777739083,353.5654602050781,94326400
2022-02-01,354.90930487488953,356.6233346063741,349.7575268593015,355.9708251953125,74433000
2022-02-02,360.1000912153565,360.43120520565765,354.7729928637206,358.8632507324219,78777100
2022-02-03,349.1634773534148,352.4746471186195,343.25204770428917,344.3135681152344,95384800
2022-02-04,344.82969162345745,351.9584646804363,342.774829372832,348.65704345703125,86318300
2022-02-07,349.25114058242553,351.61765032861587,344.5960180338166,345.8523254394531,58198100
2022-02-08,344.71289795589774,350.82883374138515,343.58319902478024,349.73809814453125,64720900
2022-02-09,354.25691149334943,357.2272194618523,352.6597416325567,357.1493225097656,55766400
2022-02-10,350.12762153742625,356.9155332644288,347.2254922938927,349.06610107421875,112468500
2022-02-11,349.066027074143,350.6631964220533,336.76598043614223,337.9930725097656,101569100
2022-02-14,337.4380509471334,341.8107713545148,334.905998885152,338.41192626953125,80254400
2022-02-15,343.6902926132209,347.0598924072058,342.6287722357038,346.826171875,55128800
2022-02-16,344.5766122966764,347.7611742582783,341.547844250229,346.7386169433594,58947100
2022-02-17,343.5246990994241,344.22589037214857,336.00638201088776,336.4251708984375,61801400
2022-02-18,337.36014833883615,337.74969251719716,330.2800855630904,332.5881652832031,80001500
2022-02-22,329.6470035760064,335.0520287130775,325.61517574368247,329.2477111816406,85967100
2022-02-23,332.40307317940693,333.24059154227604,320.5023176630174,320.81396484375,86215400
2022-02-24,310.5104221147557,332.1304674056006,309.9455874721652,331.5948181152344,130614100
2022-02-25,332.39337147017665,336.94138213250466,328.57579699262675,336.7368469238281,78842100
2022-02-28,333.56208600121306,339.43455370743686,332.4031718515985,337.739990234375,77515500
2022-03-01,336.7173519143617,338.9864680636294,330.0463008202966,332.5686340332031,67407000
2022-03-02,334.11712876141945,339.4831912377867,331.35132644345447,338.14898681640625,70609000
2022-03-03,340.78814877836516,340.89529050718346,331.45843724286703,333.31854248046875,71089400
2022-03-04,330.96171876502984,332.3933163869497,326.1702697955539,328.4880676269531,76936300
2022-03-07,328.47840017883215,329.6373141349506,316.168602423875,316.37310791015625,89933800
2022-03-08,315.584313360069,324.5050156435987,311.5816997080005,314.9026184082031,116153900
2022-03-09,323.08308779613867,327.592134590563,320.4925762763095,326.2384338378906,64723400
2022-03-10,322.1774050898638,323.8232565774196,318.1747625099664,322.6156311035156,69362700
2022-03-11,325.58596495257655,325.8976121503663,315.43817226185195,315.92510986328125,66228400
2022-03-14,314.6882922182204,318.0578920252177,309.15668831903486,309.8578796386719,79802600
2022-03-15,312.49708626661936,320.35626644797605,310.89019809296275,319.5771484375,76471000
2022-03-16,323.4921226654571,331.54605948186617,319.82059431746063,331.42919921875,105243000
2022-03-17,329.53018950768575,335.5000500150178,328.2349484002418,335.4416198730469,67810000
2022-03-18,333.7859950907957,342.5995839728813,332.62708116075316,342.3074035644531,85446300
2022-03-21,341.4728084465132,343.69598822744615,336.967916745751,341.35577392578125,73799100
2022-03-22,341.85308009558804,348.93216599600544,341.472814606797,348.0643310546875,63345900
2022-03-23,345.18779855169856,348.746831695108,343.0036008998052,343.0621032714844,70615500
2022-03-24,344.98300611896843,350.7359971556149,342.82808943729736,350.6872253417969,53555300
2022-03-25,350.6287849157161,351.68188729274743,346.09467182471184,350.394775390625,57584200
2022-03-28,350.3850238101714,355.9137370347705,349.1466836996103,355.81622314453125,56833900
2022-03-29,359.706787607232,362.5637631305597,356.93756565976406,361.9397277832031,68073000
2022-03-30,360.0772287057881,361.7348751699815,356.4596933773582,357.9418029785156,68757700
2022-03-31,358.08816559243746,358.43920966604844,352.66672626284645,353.50531005859375,67011400
2022-04-01,353.7685569114576,354.54860853343536,349.6537206278416,352.8324890136719,54527800
2022-04-04,353.67097229295626,360.10650103702426,353.4077116185241,360.09674072265625,45950200
2022-04-05,358.6439089147844,359.3557275043423,350.96027939900637,352.10113525390625,62738700
2022-04-06,346.78690570881565,347.88874994745345,341.82375623495386,344.45648193359375,90077100
2022-04-07,343.4618501091243,347.4694406540072,340.0003312326715,345.2755126953125,63777400
2022-04-08,343.5399278842686,344.29072819287865,339.8151180142693,340.44891357421875,61956100
2022-04-11,336.2171002042934,337.13367715180743,332.0535221925016,332.3948059082031,66107400
2022-04-12,337.14340927653535,339.0253050777088,329.61579631478435,330.99066162109375,72790200
2022-04-13,331.33196219190665,338.7718226397427,330.61041297128776,337.71875,61367800
2022-04-14,337.80645754236645,338.3232483542657,329.7815446072718,329.9960632324219,73519400
2022-04-18,328.9430006089207,332.54104552775783,327.4218793147686,330.2496032714844,58560600
2022-04-19,329.6060081883247,338.2062135453221,328.58218697027695,337.63092041015625,56515700
2022-04-20,338.44025793889364,338.89854638294173,331.4879380302106,332.706787109375,65500000
2022-04-21,336.58760657300314,339.2008118048885,324.896415961227,325.8227233886719,75801000
2022-04-22,325.97876223802604,327.1976113773675,316.8617647243402,317.2908020019531,82562100
2022-04-25,315.6624178317536,321.6786401692086,314.3947969464285,321.3666076660156,101755900
2022-04-26,319.30918839349266,319.4944558229734,308.96358255665734,309.23663330078125,105819600
2022-04-27,309.33407726265744,314.8335375473881,307.14990964962783,308.8660583496094,111204200
2022-04-28,313.8292925866465,321.66893883860865,309.60718236628287,319.8357849121094,99450000
2022-04-29,315.63313145885587,319.07515965390826,304.80974698698793,305.44354248046875,91977900
2022-05-02,305.03402196148,310.7772529007873,301.9332771565138,310.5432434082031,115511800
2022-05-03,310.56278434940856,313.1662594023677,308.1055950099553,310.87481689453125,78185500
2022-05-04,311.35259428659344,322.0589765860115,306.0676807136744,321.38616943359375,116083400
2022-05-05,317.06652589040266,317.144519135594,301.90402602983977,305.1997985839844,154607400
2022-05-06,303.20095132614756,307.2377645683866,297.50646144405863,301.5433044433594,139572800
2022-05-09,295.91701839384905,301.6407279963995,288.35039499388364,289.7447509765625,113387300
2022-05-10,296.92144036193764,298.14028962320856,289.17930747378006,293.264892578125,124124600
2022-05-11,291.0026679881509,296.511860068782,283.69933357058653,284.567138671875,140326100
2022-05-12,280.28654225693896,288.37968812743026,277.83908381769044,283.8943176269531,120910900
2022-05-13,288.3504415696245,295.4490174318297,286.7512972908962,294.4154357910156,83684900
2022-05-16,292.670001529711,294.72743401415767,289.7252732031268,291.00262451171875,59190400
2022-05-17,296.86293184095814,298.9203350680612,293.06009841875874,298.5400695800781,62715300
2022-05-18,294.0253689957684,294.71766684563096,282.6266915931184,283.8845520019531,79477100
2022-05-19,282.0806822827589,287.0535923689451,280.4132753536652,282.3634338378906,79920700
2022-05-20,285.8250159086934,286.47830241216997,273.22697755707856,281.48590087890625,91764200
2022-05-23,282.5292035679818,286.54652518718103,280.130517022383,286.166259765625,63648400
2022-05-24,280.9495914149474,281.6613802288879,275.2161206158338,280.0817565917969,73491100
2022-05-25,278.58984938084336,286.0784797006402,278.3850910959002,284.0015563964844,67144500
2022-05-26,283.20207322054017,293.42091640244973,282.9192918526736,291.8705139160156,59462200
2022-05-27,295.0004856521635,301.54325911042497,294.88348090288605,301.3970031738281,66985600
2022-05-31,301.36770240722115,303.5713609225471,296.7458072717279,300.5973815917969,60968300
2022-06-01,302.7328423020077,304.8585078295692,296.1608179752849,298.3742370605469,65341700
2022-06-02,297.25290637352026,306.7209172742776,295.8390296007222,306.54541015625,59291300
2022-06-03,301.32870525614237,302.73282159743167,297.32114427662555,298.5692443847656,60914700
2022-06-06,303.0058095348309,304.56594193919597,298.00364933391626,299.56378173828125,51785000
2022-06-07,296.2388188699599,302.9278778701051,295.1467348920725,302.1477966308594,44900300
2022-06-08,301.34816288539986,303.9516369934982,299.124983883101,299.97332763671875,38342100
2022-06-09,298.2864337633117,301.3481664861879,291.77291289452484,291.93865966796875,55900500
2022-06-10,286.331942801584,287.52154037354023,281.1932871768895,281.6418151855469,85963500
2022-06-13,272.77841004096007,275.303861633674,267.6884953550074,268.54656982421875,94442000
2022-06-14,270.74047662371805,271.7155557602623,266.5281276121541,269.0340881347656,64697500
2022-06-15,272.45660758375163,279.6819173261686,269.7166080130091,275.7523498535156,86051400
2022-06-16,268.7220849855624,269.1803734200172,262.56933734329976,264.62677001953125,81910300
2022-06-17,265.3970848172145,270.28224178129193,263.7687190005617,267.84454345703125,82703400
2022-06-21,272.32582298826685,276.91751695179937,272.2183724003533,274.60211181640625,51633700
2022-06-22,272.10112488344555,278.6076398901615,271.50519745679884,274.20159912109375,67472900
2022-06-23,276.683029536765,279.1351926915743,273.8498699692125,278.2852478027344,57457800
2022-06-24,281.10858580343864,288.24036412158455,280.8741265079586,287.82025146484375,58422300
2022-06-27,289.17822536194814,289.74484525283174,284.5767828942136,285.7100524902344,54151500
2022-06-28,286.24746790967083,288.83638955760506,276.81986955399697,277.0054931640625,61609800
2022-06-29,276.86859349101604,278.7638855125024,274.367595118916,277.2593688964844,57302700
2022-06-30,274.27966489242687,277.3961485990517,269.4242053400514,273.82049560546875,79313600
2022-07-01,272.52116398291406,276.01864405110973,270.6454003288847,275.62786865234375,56675100
2022-07-05,271.89594571604516,280.46381779289936,270.3719005317924,280.3465881347656,61829300
2022-07-06,280.727630686022,284.24466970613287,279.0081827619103,282.1441955566406,63194700
2022-07-07,282.9550853168003,288.8852010207753,282.9550853168003,288.1817932128906,56620100
2022-07-08,285.3485861471352,289.91097244593914,284.4107190661529,288.5432434082031,59895500
2022-07-11,286.13019108228656,286.3548713416814,281.4994403008102,282.3786926269531,55273900
2022-07-12,283.6291449016066,285.5439653975893,278.0507189970314,279.6431579589844,55797100
2022-07-13,274.13310905842104,281.41139344379155,273.5664594337335,279.06671142578125,73939400
2022-07-14,276.46811178093606,280.93279724456465,273.35162716315244,280.0633239746094,63741800
2022-07-15,283.05276748878146,285.2509130128908,281.44077025302914,285.1434326171875,63818100
2022-07-18,287.92777771278395,289.33459333825147,281.55805071888204,282.7303771972656,59519600
2022-07-19,286.35484062579235,291.7183358870412,284.7526523077867,291.42523193359375,55172600
2022-07-20,291.8453156918877,297.2283089431938,291.06373504108547,296.04620361328125,67769400
2022-07-21,296.50546567254037,300.35466586575325,293.84815025713857,300.2960510253906,55049400
2022-07-22,299.36788883439493,301.43902572615195,293.20331391412896,295.03021240234375,57127700
2022-07-25,295.05949165968326,295.52844008286405,291.3470802058321,293.3498229980469,40582400
2022-07-26,291.649945827495,291.9039632943132,286.77495709106614,287.5858154296875,50074100
2022-07-27,292.14824664391847,301.4293069161606,291.58159679446896,299.7391662597656,69304400
2022-07-28,299.5241610241445,303.246351362619,295.77266327411724,302.6699523925781,55139900
2022-07-29,304.21358001413796,309.0983477604255,302.7872063659575,308.18975830078125,57501000
2022-08-01,306.4214903306957,311.4625744787069,305.32730707021403,308.004150390625,46358800
2022-08-02,305.7082763133401,311.2084990061324,304.6531499271803,307.08575439453125,48676500
2022-08-03,308.7661588173464,316.26918477093403,308.70754398924663,315.44854736328125,53735700
2022-08-04,315.5267304861252,317.2363994221369,313.37742046943487,316.92376708984375,38973700
2022-08-05,311.8338096178113,316.36685863884907,311.0522586944706,314.3348083496094,53894000
2022-08-08,315.2531041067557,318.9459868724976,311.8532954437502,313.3187255859375,43878500
2022-08-09,311.42351504824404,311.67753254659243,308.1507440589596,309.7724609375,39764200
2022-08-10,317.109434054462,318.71165261595354,314.6377421042697,318.4185485839844,51459600
2022-08-11,320.7436390274632,322.74638201295915,315.907706706425,316.6111145019531,45897700
2022-08-12,318.6627601705691,322.9711296931809,317.6076632615217,322.7757568359375,40928400
2022-08-15,321.8280597641891,325.8824111372024,321.80850161156644,325.3841552734375,38266600
2022-08-16,324.4072308668595,326.7128570143591,321.57407120774315,324.6221618652344,41186900
2022-08-17,321.4861444413282,323.7917407421917,318.8385785861934,320.91949462890625,47842200
2022-08-18,320.87067716301306,322.8734203319824,319.2587095130791,321.6913146972656,41937200
2022-08-19,318.6529945948618,319.30753686380024,314.65722781123844,315.41925048828125,51770600
2022-08-22,311.15974534576816,311.3942046870982,306.3042843906594,307.1151428222656,51098900
2022-08-23,306.88061232020414,309.69424302076794,306.10881074828137,306.861083984375,39497100
2022-08-24,306.38236336115364,309.56724121334616,305.7766569801424,307.7501220703125,38057100
2022-08-25,309.52819645519156,313.2113306140932,308.482878760388,313.1917724609375,38098300
2022-08-26,312.8987265746336,314.10039034621394,300.2667225210204,300.3546447753906,69047700
2022-08-29,297.599591598888,300.1396768426791,296.2904773933453,297.3944396972656,48321900
2022-08-30,299.0454597995629,299.66094524908925,291.5619927249913,294.08251953125,51184500
2022-08-31,296.9841164897894,297.8829269235928,292.2654437015311,292.3728942871094,50044000
2022-09-01,289.88164965146814,292.87112503757413,286.198545614143,292.4998779296875,57990700
2022-09-02,295.3720790729488,296.7495869059259,286.75534317181575,288.3673400878906,64666800
2022-09-06,288.8460984730638,289.7644372216003,284.16648248606504,286.2962341308594,57005400
2022-09-07,286.77504274598084,293.07637721780515,286.51124612418363,292.07989501953125,49260400
2022-09-08,290.0086525256781,294.9129483640316,288.64092358811484,293.59405517578125,55649800
2022-09-09,295.85089328232664,300.51098178699556,293.59413248751395,300.0127258300781,56125200
2022-09-12,301.39018572177207,303.91071289251704,301.07755341422387,303.57855224609375,45905700
2022-09-13,294.84460581073347,296.0364904812311,286.0422735138361,286.9313049316406,79562200
2022-09-14,288.0742803851126,290.08680225615325,286.30599689467647,289.2075500488281,54907200
2022-09-15,287.2927274499248,289.6960247499915,282.7889562401916,284.39117431640625,65299400
2022-09-16,281.0890596137106,283.04296659564545,279.0374513198282,282.6521911621094,79920400
2022-09-19,280.00873935928564,285.009929593157,279.95001919015573,284.85333251953125,52613800
2022-09-20,282.34782262362853,284.8729092204194,280.2827604379443,282.5827331542969,51271100
2022-09-21,283.4244746337166,287.6916634963595,277.38585387014007,277.5228576660156,82931000
2022-09-22,275.9960184515459,277.0040878206803,272.88373009260727,274.10711669921875,62757100
2022-09-23,271.64077166927524,271.9344023987878,266.2285100882772,269.64422607421875,74815200
2022-09-26,269.1743940484729,273.53942878181266,267.7356903085554,268.5284423828125,71176700
2022-09-27,271.895258624913,274.2441552338092,266.3166030444239,268.63616943359375,69780100
2022-09-28,268.6165511000599,275.26199573338226,267.1387203397635,273.9798889160156,79652100
2022-09-29,269.98673614914634,270.3684471169324,263.11620753953764,266.0816955566406,81216000
2022-09-30,265.25957801190714,269.3310122476343,261.41325766558816,261.5698547363281,78482400
2022-10-03,263.34129462673053,269.3016301388179,261.8340740784838,267.7063293457031,61267400
2022-10-04,273.0500687714272,276.82790179562363,273.0500687714272,276.12322998046875,66696900
2022-10-05,272.35517420126683,277.7674344696115,269.5560804393912,275.9764099121094,55766300
2022-10-06,274.97814412366046,278.12958912178726,273.48072015712467,273.8037109375,53489400
2022-10-07,269.16460856773443,269.291845549743,262.0396063857817,263.37066650390625,71354700
2022-10-10,263.5663690250921,263.957876589574,258.026901375244,260.7379150390625,60393000
2022-10-11,259.06437898410945,261.9319902344844,255.47250249875546,257.1558837890625,66522500
2022-10-12,257.7920148405686,259.7102766400486,256.37290432474623,257.0677795410156,50580200
2022-10-13,249.72744717566468,264.41788206770633,248.8465999207838,263.09661865234375,112894100
2022-10-14,265.4259013506941,266.0228995234877,254.60138184925248,255.18858337402344,77244300
2022-10-17,261.15878653978905,264.4863921927444,261.0609096360297,263.6153564453125,64576500
2022-10-18,270.6424200672293,271.3079350717996,263.018267988797,265.699951171875,69781000
2022-10-19,264.1830042620747,267.85316427712985,262.3626192311699,264.7310791015625,53115400
2022-10-20,263.8404266714654,268.9884468880424,262.21579559893996,263.38043212890625,60605500
2022-10-21,262.2745224263195,270.0943999806143,261.1392160824891,269.5561218261719,77897700
2022-10-24,269.820389534672,273.4513929468913,266.1795894710103,272.5216369628906,63963600
2022-10-25,273.461143297227,278.5406464744242,271.98328283594896,278.158935546875,59014500
2022-10-26,272.53137952198904,277.93387389821464,271.5233101517326,272.0126647949219,63492400
2022-10-27,270.89694777541763,272.3552150330736,266.5416795676331,267.0603942871094,57760300
2022-10-28,266.43404829027975,275.70242672293,266.2676545644342,275.2326354980469,62651300
2022-10-31,272.9815756549536,273.80368777607316,270.11393507872066,272.0322265625,47742000
2022-11-01,275.50665194717493,276.0645233840519,268.8905679057626,269.252685546875,45895900
2022-11-02,269.2233290522429,272.2866938029867,259.9549512013638,260.0234680175781,79803100
2022-11-03,257.4103516237001,258.8686189743919,254.5623038761739,254.94398498535156,70038900
2022-11-04,259.87667816224507,260.93367106003626,253.56399125615113,259.0447692871094,78313200
2022-11-07,260.09197040072013,262.43109972978385,257.95839150889293,261.8927917480469,47333800
2022-11-08,263.4098223217411,267.04082528231476,259.86686974183834,263.8013000488281,63213800
2022-11-09,262.05924791630594,262.8422035172977,257.4299415355734,257.7137756347656,64862100
2022-11-10,270.1335209010714,277.02361178294706,268.01950556191656,276.7300109863281,99256700
2022-11-11,276.54404774774673,282.4946159489381,275.20322102643024,281.8290710449219,66961800
2022-11-14,279.77380359803294,283.0524854621789,278.3840532301036,279.3627624511719,55290700
2022-11-15,285.9886054426059,287.01626801782163,279.8814696249084,283.2286682128906,73985400
2022-11-16,281.27125737938917,283.3167560672818,278.5406502896147,279.3627624511719,48859800
2022-11-17,274.8999252259217,280.2241072195647,274.7433281240095,278.7462463378906,55462100
2022-11-18,281.76065691896605,281.8585039624073,276.30923852006174,278.7560119628906,53588600
2022-11-21,277.36613600456286,278.5210055036592,275.0563970063702,275.8883056640625,40083500
2022-11-22,276.62238289326433,280.01847514744213,274.4887741356376,279.8619079589844,41873400
2022-11-23,279.8815098230456,283.2971958456879,279.7053493109649,282.67083740234375,46390000
2022-11-25,281.0754895033235,281.78016130189496,280.3218941932843,280.8112487792969,15498800
2022-11-28,278.83426312712214,280.85040181999574,275.76113157178366,276.6908874511719,38714200
2022-11-29,276.91603302251815,277.31730745051124,273.2263094302499,274.59649658203125,35618900
2022-11-30,274.86067727745944,287.2217787636265,274.0092050859752,287.1141052246094,74718100
2022-12-01,287.43713161545224,289.4532703483162,284.68696092058923,287.46649169921875,51547300
2022-12-02,282.3967467133728,287.2022122275757,282.22055636668915,286.32135009765625,53583200
2022-12-05,284.19761464913205,285.4699248069331,280.05766350911045,281.5159606933594,41482100
2022-12-06,281.3593315737775,281.4963353305062,274.2930499549296,275.68280029296875,53937600
2022-12-07,274.4985613335323,276.55385655832555,272.84454045145185,274.5572814941406,45614300
2022-12-08,275.9079421946226,278.77555327375643,273.83308325862356,277.806640625,42594900
2022-12-09,276.7887515955548,279.5585154089067,275.5947251546985,276.03515625,47860500
2022-12-12,276.2113073349363,279.55850588887154,275.1738779884526,279.499755859375,35732500
2022-12-13,290.33413057877345,290.5592444878014,279.8228014323792,282.50445556640625,80667700
2022-12-14,281.91716375767555,285.205642091824,277.1606515400771,280.40997314453125,64984400
2022-12-15,276.31896272447955,276.9845076979305,269.8007855608975,270.99481201171875,60554100
2022-12-16,270.31947498464297,271.85602562675894,266.8058829069436,268.4109802246094,68300400
2022-12-19,268.68075463751654,268.76904574063184,263.4026891406042,264.6388244628906,44167900
2022-12-20,263.4714192377774,266.17913333023336,261.89193931007276,264.432861328125,51064200
2022-12-21,265.47276321661104,269.57355472006856,264.62904265474396,268.2687683105469,46394700
2022-12-22,265.25694062467517,265.3844822211629,257.48699279714367,261.7055358886719,60278400
2022-12-23,260.4399551404093,262.9612667355134,258.53671128427175,262.29412841796875,39373600
2022-12-27,261.6859141666788,261.79384550184756,258.04621805429747,258.5857849121094,38009000
2022-12-28,258.18354487539375,260.43995317140144,254.8087225955516,255.1717071533203,47139000
2022-12-29,257.97752846222875,262.3334034752378,257.2809896473435,261.3916015625,45893600
2022-12-30,258.62501629110807,261.36216073670295,257.32022983602053,261.234619140625,37858300
2023-01-03,263.55965975189497,265.03123800839836,257.16321037512114,259.46868896484375,42335300
2023-01-04,261.5878050240108,262.38245500821034,257.55566441960866,260.704833984375,47754900
2023-01-05,259.0370983373102,259.20386048845717,256.3097737127626,256.6236877441406,45396700
2023-01-06,258.36013103501256,264.825262145389,255.40715401036852,263.70684814453125,54659700
2023-01-09,265.6983935359543,270.0739085528397,264.80566224824554,265.4139099121094,45568700
2023-01-10,264.3837506353292,267.7683927373951,263.87361426401475,267.66046142578125,35247800
2023-01-11,268.7298816623899,272.3990079906392,267.94502179315026,272.29107666015625,44077000
2023-01-12,272.8502628173263,274.79275716324054,268.55324892261154,273.76263427734375,60600000
2023-01-13,271.2609957287121,275.8915643759767,270.92744149666754,275.64630126953125,44802900
2023-01-17,275.45010628428685,277.4907122994927,274.2826513860073,276.2055358886719,36269700
2023-01-18,277.7456291098376,279.2957081014987,272.40873354803944,272.61474609375,47754500
2023-01-19,270.9863178139879,272.1243422859905,268.7004787039163,269.93658447265625,44150400
2023-01-20,271.5455000347287,277.65743727728545,270.48594668506337,277.3238830566406,60613600
2023-01-23,278.167576598982,284.7111786521675,277.3729266337747,283.48486328125,52799900
2023-01-24,281.86612337300437,284.06367086220337,281.34616687102994,282.9060363769531,44875100
2023-01-25,278.3932395490146,282.89626664664723,275.85231732735315,282.2782287597656,50872000
2023-01-26,285.70209498809857,287.9585036418443,283.0532414038365,287.78192138671875,51596300
2023-01-27,286.46731345608214,292.608711331998,286.3495919531761,290.6466064453125,56441900
2023-01-30,287.37962205125564,288.8021597580297,284.39724483353893,284.77001953125,49405800
2023-01-31,284.80932516364925,289.13576992110575,284.70142376852044,289.03765869140625,46705100
2023-02-01,288.8316018722076,297.6806825531704,286.76156601785834,295.21826171875,67562200
2023-02-02,301.7422981380262,307.7365140162562,300.91821770304585,305.81365966796875,83070600
2023-02-03,299.1621057418746,306.4709577187037,298.769690790087,300.37860107421875,76170800
2023-02-06,297.75926700695584,300.1137871230805,296.49370084304167,297.8377380371094,40802300
2023-02-07,297.71017487608094,305.1367492772075,296.59179062606245,304.008544921875,67584000
2023-02-08,302.69393776816526,303.63573975725507,297.9162170249619,298.6029357910156,56720900
2023-02-09,302.98823688191555,303.1353887624289,294.51195923155336,295.9638977050781,49137800
2023-02-10,293.80562110424586,295.8560172897448,291.61786319429524,294.0214538574219,50050100
2023-02-13,295.42426644931186,299.31904504796233,294.24699178307463,298.73040771484375,39636700
2023-02-14,297.15095751576536,301.88942714277795,295.208463105172,300.93780517578125,64079100
2023-02-15,299.12282420101644,303.41001773123855,298.43610559153916,303.2432556152344,43100600
2023-02-16,298.61274553656614,302.5859959303086,297.4060402610044,297.5531921386719,59498600
2023-02-17,295.3654747394392,296.2091654939277,292.45174770191,295.4537658691406,58230700
2023-02-21,291.6276109184507,293.06975897051757,288.32146951851234,288.45880126953125,46526700
2023-02-22,289.0376672323923,290.74468891009906,287.01670158610773,288.6746826171875,51389200
2023-02-23,292.3241881717645,292.4811601502825,287.0068709295869,291.19598388671875,69294400
2023-02-24,286.231899293611,287.41896448665875,284.55427789011435,286.3201904296875,74332000
2023-02-27,289.4790771644874,290.87215450958576,287.7818460960094,288.3704833984375,48995000
2023-02-28,287.7425975121591,290.5091718941764,287.4090433577746,287.9976806640625,48243100
2023-03-01,287.7034608376696,288.36074923545726,284.7014426338721,285.6824951171875,58287000
2023-03-02,283.190561983044,288.8512230053116,282.90604843154955,288.0467529296875,53565900
2023-03-03,289.7931069468495,294.2372734914779,289.28294049517257,294.0018005371094,60511500
2023-03-06,295.2379391313372,298.23995735961194,294.13916513136036,294.3353576660156,56736300
2023-03-07,294.38437249879576,295.30656406111916,290.11678898197414,290.72503662109375,65955800
2023-03-08,291.146939898782,292.77549064291287,289.2927662406376,292.17706298828125,50876300
2023-03-09,292.6773887376386,295.2772018992663,286.3005472787803,287.1148376464844,71456700
2023-03-10,287.2815444320978,288.7727631546609,281.9348271262649,283.0826416015625,98593600
2023-03-13,281.2971396240923,288.89047492289336,279.786310683679,285.1820983886719,97123600
2023-03-14,288.73354705365387,292.2849521678969,287.8898563090967,291.7355651855469,73602500
2023-03-15,289.1259187355792,293.59951488700585,287.68377063812324,293.2659606933594,83631500
2023-03-16,292.3536046471147,301.35965816858703,291.5589546269461,300.9966735839844,98198100
2023-03-17,300.9084352507794,303.2923857294899,297.62190326500223,299.5741882324219,89923700
2023-03-20,298.95714064586366,300.96156442309575,296.74635531468806,300.6373291015625,56359500
2023-03-21,302.5730176671836,305.38315727699563,301.0598494234478,304.9311828613281,49757000
2023-03-22,304.8623630714079,309.75557856492014,300.6176781701295,300.7846984863281,75791900
2023-03-23,304.51846019922783,308.6747169209865,301.6591745901483,304.3514099121094,74576000
2023-03-24,303.9288833597356,305.5697602157278,301.6001947767827,305.4715270996094,57195200
2023-03-27,306.1692220286919,307.25005645212997,302.52389091416995,303.37872314453125,50287400
2023-03-28,302.79896011565387,302.8284360503004,299.45819426535354,301.7672424316406,48585900
2023-03-29,305.4617259902813,307.8886779467395,304.646175138239,307.2696533203125,53274300
2023-03-30,309.74567539023667,310.80686887231343,307.35803503409534,310.1780090332031,58354800
2023-03-31,310.4040214976561,315.57235477434864,310.0994268734704,315.3365173339844,62138100
2023-04-03,313.21420687465223,314.8354733237728,311.88775975910704,314.5701599121094,47126800
2023-04-04,315.0122741072591,316.0243210555341,312.2905331988112,313.5089416503906,45875400
2023-04-05,312.5559079537238,313.4991679194973,308.5961471761474,310.4139099121094,62795700
2023-04-06,308.76315067670646,312.99802996310086,307.36791642622194,312.5067443847656,46916500
2023-04-10,309.5786472225864,312.3789805250025,307.79036083458044,312.329833984375,45134700
2023-04-11,312.2905510824566,312.34953293369824,309.8144827721986,310.3254089355469,40113600
2023-04-12,312.2807337613539,312.87028237990893,307.12223582395177,307.58404541015625,62813300
2023-04-13,309.3428838075366,314.0788842815735,308.1638163356823,313.6072692871094,54613800
2023-04-14,312.05473924440327,314.7764502848593,310.10923775139554,313.0176696777344,56278300
2023-04-17,312.6050129930765,313.63673071713305,310.53180220918756,313.2829895019531,43007000
2023-04-18,315.39552430525794,315.81805271629645,312.1039347277602,313.3026428222656,46746900
2023-04-19,310.8953109711348,314.2164059332527,310.76757193633193,313.15521240234375,38960100
2023-04-20,310.18786478954866,313.70545604121475,309.4804124167507,310.767578125,62462100
2023-04-21,310.4040151510289,311.8680363783544,308.62556400010556,311.091796875,59002300
2023-04-24,310.8658883218899,312.20217079199995,308.2718859001082,310.4433898925781,44043100
2023-04-25,308.8123240884824,309.4804653365715,304.489016620201,304.5872497558594,57121600
2023-04-26,307.9770920863072,309.4509487559447,305.91368675167655,306.4344482421875,55400500
2023-04-27,310.1977129113469,315.2677534758937,309.5590176982264,314.76666259765625,65430400
2023-04-28,314.53082960959074,317.02656867243917,313.4008788087435,316.9381408691406,59712600
2023-05-01,316.4763828700563,317.98955105108405,315.4938115810739,316.57464599609375,41013400
2023-05-02,316.50580338013646,316.8300686407024,312.07439804746815,313.8135681152344,56519400
2023-05-03,314.17712640782753,316.8497211454234,311.65191134615395,311.760009765625,59882100
2023-05-04,311.5339880602636,312.6836094317165,309.6277977427473,310.6595153808594,50224500
2023-05-05,312.91944287304113,318.1172527776651,310.6988224251613,317.2624206542969,51806100
2023-05-08,316.8006073328287,318.3923678179955,315.71977305719315,318.0484619140625,36465800
2023-05-09,316.3879214383984,317.2525888785496,315.7197802294426,316.0342102050781,31768800
2023-05-10,318.47093335731375,320.32800708992704,315.9948650328523,319.4731750488281,60446600
2023-05-11,320.0234543863166,321.0551421602665,318.470975085948,320.5147399902344,44278500
2023-05-12,321.0453006415859,321.4678290419078,317.3115421183243,319.3651123046875,48432800
2023-05-15,319.8367619635715,321.33025939765366,318.3137586071263,321.0944519042969,33375600
2023-05-16,320.37717346031883,323.1676721605084,320.33786221505017,321.4580078125,40019200
2023-05-17,322.51915867337476,325.9286819112278,321.3400912336349,325.3489685058594,47486100
2023-05-18,325.7420001513761,331.6079515358574,325.72235952182035,331.39178466796875,64213500
2023-05-19,331.6079200448358,332.31537245568006,329.5838259221381,330.64501953125,61554900
2023-05-22,330.38955227178974,332.76738767069196,330.37971696477655,331.7553405761719,43015900
2023-05-23,330.0358299758091,331.1854214014878,327.1961850279305,327.5498962402344,48216700
2023-05-24,325.59457124075004,327.107739087204,323.81611999977775,325.86968994140625,62891200
2023-05-25,333.2292246578266,335.0666280785355,330.8022724961006,333.7991027832031,66862800
2023-05-26,334.82096116751046,343.1629807974881,334.722698053465,342.3277893066406,63007000
2023-05-30,346.56261821624497,347.7613560675024,342.4554785237535,343.8802185058594,72652200
2023-05-31,342.29833914546276,344.48948381232617,340.4707710265134,341.9249572753906,65105400
2023-06-01,341.6694746335876,347.20132498528426,340.6181163131397,345.8748779296875,50488600
2023-06-02,347.6336501039752,349.62826827724246,345.8748693896707,348.4688415527344,53372100
2023-06-05,348.25269839960436,351.26919913842227,347.68282030519657,348.7145080566406,47266200
2023-06-06,348.10528017352283,349.6184480290235,346.7788032216218,348.655517578125,41390400
2023-06-07,348.94053119311474,350.8958383761309,342.1116490429839,342.7405090332031,69225900
2023-06-08,343.0352647572386,347.4568353146323,342.8092925640385,346.9950256347656,47153900
2023-06-09,348.44924174376325,351.4264313853431,346.8771217711748,348.3215026855469,53196900
2023-06-12,349.9820178466813,354.3053248790228,349.00928201046963,354.2070617675781,44606500
2023-06-13,356.9582784250545,357.76396397203456,353.75508690804236,356.9288024902344,57097800
2023-06-14,356.93869016965914,359.8078117588199,354.13838575854595,359.5228576660156,69525600
2023-06-15,358.2553024890387,365.29051650085,357.63630776633585,363.8068542480469,71138800
2023-06-16,366.22391921096187,366.35165825781803,361.07525599467357,361.51739501953125,80932000
2023-06-20,360.0651728884419,362.397056132463,358.03830213467023,360.9998779296875,49204700
2023-06-21,359.8585372284782,360.2914640047926,355.1554054556322,356.0802917480469,53378300
2023-06-22,354.83069680412274,360.43901681980367,354.4272864301973,360.2816162109375,47603000
2023-06-23,356.3852508904645,359.0123275249367,355.017619254407,356.7099609375,48922900
2023-06-26,356.1786991600499,358.9730256828377,351.8396125090522,351.92816162109375,52685500
2023-06-27,353.47285182722567,358.7073073891835,352.74476147658174,357.97918701171875,49428100
2023-06-28,356.15899579339106,360.62596625050804,356.0802654616045,358.6778259277344,46498000
2023-06-29,358.38264216689817,359.0222135298197,356.3164363159426,357.9595642089844,46151000
2023-06-30,361.6393556388395,364.5320794146478,361.3245244321573,363.47930908203125,58712500
2023-07-03,364.1188942951923,364.96505018225037,363.0365774410757,364.3353576660156,19432900
2023-07-05,362.7709217894503,366.0276910481875,362.73155662470873,364.32550048828125,34460900
2023-07-06,360.61622863205145,361.99370948006685,358.65820904364307,361.5509338378906,49374700
2023-07-07,361.3245946385069,364.52233147221807,360.12421222600994,360.3504943847656,47133700
2023-07-10,360.0749747976582,361.14744286263704,357.565993456182,360.4685363769531,48498800
2023-07-11,360.89163773710936,362.7020449901475,358.75652041765636,362.24945068359375,38214100
2023-07-12,366.3524150781026,368.1726713240019,364.34521181075905,366.82470703125,61975400
2023-07-13,370.0027017557936,373.8793447436065,369.4221931900927,373.0528564453125,46960000
2023-07-14,373.4858091986902,376.70321351551775,372.09847980698714,372.97418212890625,55148500
2023-07-17,373.69243480663897,377.33294722080336,373.2103240915252,376.4572448730469,40868900
2023-07-18,375.8176832280745,380.9045575398771,373.8892104448696,379.5368957519531,55262000
2023-07-19,380.5995627236231,381.74091239064427,378.12006757474666,379.4483642578125,54093000
2023-07-20,376.45725746507355,377.92331728400615,369.67807074965657,370.70135498046875,71941700
2023-07-21,373.08237777764356,373.8104982140494,369.15655080179084,369.5894775390625,60499600
2023-07-24,370.5635223180503,371.50807603161047,368.32018848158145,370.1798095703125,40380100
2023-07-25,370.88825382019803,374.351637654843,370.8685562243706,372.6888122558594,38894400
2023-07-26,371.6458314264261,373.14137727763733,369.1466691250998,371.44903564453125,47075700
2023-07-27,376.90979558078055,378.5234068573083,369.2745758075157,370.5635070800781,63940200
2023-07-28,374.6173045040131,378.33651706389406,374.1056774417926,377.3132629394531,56902900
2023-07-31,377.6182869887491,378.6907551113529,376.19159240697024,377.5100402832031,44019900
2023-08-01,376.16195504146407,377.3918534140008,374.568011554947,376.6342468261719,41060600
2023-08-02,373.1610646580883,373.1610646580883,367.1296374326257,368.369384765625,72687100
2023-08-03,365.95888787007584,369.90441323584355,365.7916084042258,367.7791442871094,47666400
2023-08-04,369.7075205928436,372.0197359751691,365.55538170207865,366.05718994140625,61702800
2023-08-07,367.86765415773664,369.25498360237106,365.5357708456073,369.1565856933594,37230400
2023-08-08,366.64757532989904,366.6672428994244,362.8889976997199,366.0178527832031,44726500
2023-08-09,366.3031607187657,366.4605913395506,361.2359845962108,361.99359130859375,51150900
2023-08-10,365.0043904450485,368.3398598555968,361.137596428398,362.66265869140625,72035300
2023-08-11,360.10451462832634,362.0822014786827,358.82543190557215,360.3504943847656,48707200
2023-08-14,359.5535445797935,364.51250518335536,358.83530286380505,364.3944396972656,42130800
2023-08-15,363.42028192294197,364.21728388168873,359.8585001971934,360.527587890625,45539900
2023-08-16,359.98639761240037,361.5213086706915,356.6115630436462,356.7099609375,53190500
2023-08-17,358.1071796356024,358.45155731866623,352.40046098733217,352.8136901855469,62604300
2023-08-18,349.54706796393924,353.6303257433368,349.0058945064905,352.37091064453125,61191400
2023-08-21,353.8368936889085,358.72697159737027,353.37445062617115,358.0480651855469,50696500
2023-08-22,360.6554131567928,360.6652619530752,356.8476523209301,357.5364074707031,44530200
2023-08-23,358.7171646756477,364.2664820763043,358.5007013012925,363.17431640625,51770600
2023-08-24,366.64759261976684,366.74596049885605,355.2046097815919,355.4112243652344,66842500
2023-08-25,356.24751390715073,359.8584793596251,352.813616618734,358.1661376953125,69960500
2023-08-28,361.0884037220295,361.7968265629238,358.392475423515,360.86212158203125,40910000
2023-08-29,360.6653499839977,369.0975431080189,360.34066992242833,368.7433166503906,58492400
2023-08-30,368.8515423053,371.38022122369233,367.8479257549835,370.7996826171875,41731500
2023-08-31,370.87845704471937,373.61375086117255,370.8095755033072,371.91156005859375,35730700
2023-09-01,374.2827848655316,374.70586283279096,370.0322475419477,371.5179748535156,39801200
2023-09-05,370.7111217591785,373.21028423077263,369.78623556953715,371.990234375,32344200
2023-09-06,371.2130303344641,371.5574080558964,366.70669366174684,368.7138671875,42998700
2023-09-07,364.2566177579788,366.85417813956576,363.2136660969296,366.0768737792969,52060700
2023-09-08,366.0276900079968,368.82201616025327,365.6242796443045,366.5885009765625,35800100
2023-09-11,369.61896663053767,371.4195249524105,367.65112888881737,370.90789794921875,39936600
2023-09-12,369.23526587586855,370.88827258740463,366.5098211030943,366.795166015625,41391000
2023-09-13,367.0313349813614,369.7961452073487,365.8998340392701,368.1923522949219,46300700
2023-09-14,369.9437402453063,372.1870746373789,367.8775341151876,371.2031555175781,48039400
2023-09-15,369.86497753312017,370.26838790740453,363.9122498464243,364.84698486328125,69811200
2023-09-18,363.9069995262197,366.3407987118216,363.6212415458056,365.22735595703125,36903500
2023-09-19,363.9069563270103,365.24700863969736,361.4238722283556,364.4488830566406,37621700
2023-09-20,365.51307505644786,365.86778417760956,359.1181771883691,359.197021484375,45514200
2023-09-21,355.5118408271102,356.30013348758865,352.44743768219166,352.61492919921875,69734800
2023-09-22,354.3590373875739,356.4972156395276,352.34892851338105,352.66424560546875,51589700
2023-09-25,351.698551280886,354.4279712684221,350.7132080525282,354.3392639160156,39168000
2023-09-26,351.75768571572956,352.29964255853133,348.03308934331926,349.0184326171875,53657700
2023-09-27,350.171286287333,351.74784148919474,346.21018720799054,349.8362731933594,56066000
2023-09-28,348.91986332461573,354.89107073347196,348.0626195587254,352.7627258300781,56453300
2023-09-29,356.24101262154477,357.6303502343073,351.78724181658674,353.0189208984375,64829600
2023-10-02,353.2850138058325,357.3643196460992,352.67410573890834,355.96514892578125,51625100
2023-10-03,353.5214895496969,355.71881606812383,348.1021010689043,349.71807861328125,60478500
2023-10-04,350.5555569297421,355.3246146472607,350.0924443998235,354.47723388671875,54786700
2023-10-05,354.46733754416096,354.87133184681437,349.934783079885,353.4327392578125,45897400
2023-10-06,350.4373013348461,360.54693213939856,349.6490388068552,359.35467529296875,75049100
2023-10-09,356.98986686898144,361.72936575371153,355.49215587280247,361.18743896484375,45304800
2023-10-10,361.522389768607,365.83819750579465,361.01988521817543,363.1876220703125,46968800
2023-10-11,364.517936467037,365.9663924545984,362.7935855328113,365.7791748046875,38215100
2023-10-12,366.2816313728331,368.26215071816847,362.1136188933288,364.50799560546875,49587900
2023-10-13,365.1386211851273,365.71997003976674,358.5269469460031,359.9261474609375,52469900
2023-10-16,361.24648974501685,365.04992982373216,361.09869429111416,363.99560546875,44201100
2023-10-17,360.448360262545,364.4981360766888,358.3298785924585,362.8033447265625,50999100
2023-10-18,360.31046637039856,362.5176255477324,356.7139395823082,358.0441589355469,54280500
2023-10-19,359.4630578223605,360.6553146993433,353.89587464125333,354.6940002441406,72274200
2023-10-20,354.19140167916026,354.7629174832363,349.1760092006775,349.40264892578125,72559700
2023-10-23,348.08238082629725,353.99444057612124,345.9737317484537,350.4570617675781,60665200
2023-10-24,352.27008172327623,354.6348995548222,350.5752900977818,353.8663330078125,47082100
2023-10-25,351.47196873068145,351.6493233086152,344.62382073653515,345.2051696777344,71190500
2023-10-26,344.0030433163217,344.93913146646247,337.33228009309397,338.6230773925781,78621400
2023-10-27,341.35238923096387,343.7270696151947,339.03682702474015,340.2488098144531,63476700
2023-10-30,342.7318419423733,345.40214311895056,341.3720938634601,344.081787109375,55298500
2023-10-31,344.111469531987,346.10185227707217,341.5397077475539,345.7274169921875,47671900
2023-11-01,346.56495994688544,352.289802333435,346.46641959905463,351.7281494140625,58992700
2023-11-02,356.24098262937144,358.3496014034231,355.0191366352463,358.1131286621094,58162400
2023-11-03,359.40391877963543,363.61132326122464,359.1772790267946,362.3205261230469,53280500
2023-11-06,363.08913561997264,364.3602368708374,361.53230646852074,363.798583984375,38848700
2023-11-07,364.8430199017285,368.1045035244266,363.6408999815297,367.2374267578125,50777400
2023-11-08,367.61187041571196,368.3114858193752,365.1879342825612,367.47393798828125,35663400
2023-11-09,368.16361720829923,369.3065887638403,364.1532634993729,364.64593505859375,53859400
2023-11-10,366.3703126733044,372.9918201228677,365.8382189302241,372.8440246582031,58309800
2023-11-13,371.26750810516944,372.735659990496,369.74020795754484,371.68133544921875,40733500
2023-11-14,378.08609110217253,380.59873470474736,377.56386032576404,379.6823425292969,67792600
2023-11-15,381.5741623572847,382.066833967817,378.6082696393877,379.9680480957031,54141400
2023-11-16,379.1994967525258,380.5297161682242,377.9382585819302,380.2932434082031,45343500
2023-11-17,379.5640452781013,381.3967992648441,378.6575463743563,380.38189697265625,46571900
2023-11-20,380.391708225642,385.6731631072631,380.391708225642,385.0129699707031,44429600
2023-11-21,383.30836938457026,383.5251460922471,381.03222898910747,382.7762756347656,43337000
2023-11-22,384.8455828572931,387.3089413822721,383.3380086428177,384.3430480957031,44121000
2023-11-24,383.9389883255665,384.5302002849697,382.805849611046,383.8010559082031,15718800
2023-11-27,383.30843642206605,385.41705561071353,382.5891249320893,383.4660949707031,34139700
2023-11-28,382.71715962576826,385.05241822113135,382.362420433784,384.4710693359375,35491100
2023-11-29,386.9344117928961,388.3631714173632,383.751742528822,384.09661865234375,38811700
2023-11-30,384.3626910552762,384.82580359682476,380.16514915622366,383.1310119628906,52834400
2023-12-01,382.0668577687091,384.81597394641676,380.4114882710684,384.2247619628906,40490100
2023-12-04,380.43119712616084,380.93373183962944,377.0514767703932,380.6578369140625,51186900
2023-12-05,378.7560970843749,382.8058433095871,378.5787124502714,381.61358642578125,42933000
2023-12-06,384.54986457293904,384.64840490308484,379.0615260202326,379.4063720703125,41994100
2023-12-07,382.3821847930193,385.5352653367791,381.28843808447164,384.70758056640625,49593500
2023-12-08,382.97332664123644,386.86541395314606,382.7861090413666,386.4220275878906,46687500
2023-12-11,385.99839527383705,389.9890538935134,385.79148158950045,389.7229919433594,41198000
2023-12-12,389.76231899398323,392.94498807118384,388.6291804291912,392.8267517089844,39221200
2023-12-13,393.7628698170913,398.4333872596561,392.99430327502,397.8224792480469,55408100
2023-12-14,399.0443534222716,400.3449837671013,394.47234592801004,397.4776611328125,55447800
2023-12-15,398.2559851596845,400.58141061861124,397.654940274926,399.39898681640625,62896600
2023-12-18,399.7919899279148,402.8131603407083,399.4661904298243,401.9147033691406,46610000
2023-12-19,402.3689135561145,404.0868258236816,402.18132197168427,403.9683532714844,35711900
2023-12-20,403.1686352259005,405.26173067173573,397.78777579004617,397.9654846191406,54042400
2023-12-21,401.89499509252914,402.9613083279881,399.33786206115974,402.5959777832031,45568900
2023-12-22,403.8103398826286,404.76803309196526,401.3223261415251,403.1982116699219,34314000
2023-12-26,404.0571815388857,406.33786841215897,403.95844437499267,405.66650390625,22722500
2023-12-27,405.94901477517436,406.77878889770113,405.08957679300846,406.4923095703125,31980500
2023-12-28,407.64806147854006,407.8950191252155,405.9391037109151,406.2947082519531,27029200
2023-12-29,406.2750604042343,406.6306951771766,402.62007429411545,404.5364685058594,42662100
2024-01-02,400.90118445234873,401.1481421130462,395.369326823485,397.69073486328125,58026900
2024-01-03,395.06314019202443,396.1201263177863,393.0479871898376,393.48260498046875,47002800
2024-01-04,391.61560657896115,394.72726726631595,391.2402260881703,391.4575500488281,39432800
2024-01-05,391.6254768256185,394.6976157049845,390.52896911808637,391.92181396484375,44922800
2024-01-08,393.14674065665804,400.30851341401365,392.99857207712546,400.0220642089844,42473800
2024-01-09,397.01902029717724,401.74084959997214,396.82144210862884,400.8122863769531,39132900
2024-01-10,401.12841775635377,404.5364155681049,400.2393761596448,403.5288391113281,33962800
2024-01-11,404.8031476719886,406.1959925651025,399.32066924425925,404.3684997558594,54536200
2024-01-12,405.40570188156073,406.24536398225337,403.18308286889186,404.575927734375,39595000
2024-01-16,403.3412016488288,406.1170038547271,401.8792011755404,404.5364685058594,43903000
2024-01-17,401.22722485499827,402.6299276236626,398.0167749505994,402.2545471191406,54386000
2024-01-18,405.5242597758291,408.5470193930794,404.1808244553629,407.9642028808594,59562500
2024-01-19,410.1670120974889,416.21253038631954,409.58419567643597,416.0544738769531,70325100
2024-01-22,418.2574182853022,419.5613621004465,415.99527744411733,416.5978698730469,44880600
2024-01-23,417.28932824877285,418.543892570073,415.4519775602251,418.3265686035156,33003800
2024-01-24,422.23837238038595,424.6190480726647,420.1540338505478,420.64794921875,46948000
2024-01-25,423.1471402830395,423.81888806396256,418.820467179713,421.16162109375,44367200
2024-01-26,419.274865020307,421.02331450792843,418.0005549754572,418.65252685546875,37137000
2024-01-29,419.10693966612337,423.13730599084306,418.45496775635394,422.9397277832031,38694700
2024-01-30,421.9025030173065,422.47543156579263,419.21560227550077,420.1243896484375,36739000
2024-01-31,415.72853974147705,417.7239468242111,411.7179496692199,411.895751953125,64010600
2024-02-01,413.69357879209707,417.2398869717804,412.7254939669641,416.7459716796875,51008600
2024-02-02,418.64265625377294,425.00428864171005,417.64496770412137,423.7892761230469,59602400
2024-02-05,423.8485036455597,424.38191049056013,419.8280256705213,423.2360534667969,39889200
2024-02-06,424.3819121925699,424.9845045666784,420.0453513036871,422.3865051269531,35846100
2024-02-07,425.1722423676001,427.56277593245227,423.8682985252067,426.7330017089844,37712700
2024-02-08,426.8515066116603,428.28387317609645,426.1699311674683,427.52325439453125,29889900
2024-02-09,428.6592150490808,432.52163633130664,427.8689626237374,431.7313537597656,36943900
2024-02-12,431.6227715619253,433.79601127667587,429.3606306969624,430.042236328125,33203300
2024-02-13,422.08030471765994,426.0217396052204,420.15402277397357,423.3348388671875,64491700
2024-02-14,426.0118887813397,428.3727885417839,423.6608468287441,427.9480285644531,45092700
2024-02-15,428.63947359393467,429.68657163381835,426.0809657732135,429.2222900390625,38796100
2024-02-16,429.59769698417165,429.6964559347723,424.6190219381849,425.33026123046875,53716500
2024-02-20,423.33485505593694,424.84623489473955,418.3463218363223,422.1198425292969,53999500
2024-02-21,419.3835049137998,420.51953431757676,416.49905619784107,420.43060302734375,49779000
2024-02-22,429.2025325203063,433.7761932856845,428.43202581368143,432.7389831542969,53887800
2024-02-23,434.299791160708,435.2283544944071,430.4867788660651,431.4647216796875,39853900
2024-02-26,432.27469754338847,433.26252819127274,431.0497670405967,431.2374572753906,33043200
2024-02-27,432.34390514465196,432.6599880790419,429.73601744906733,432.2747497558594,33713200
2024-02-28,430.1311095062372,431.3560400595294,429.0148560047162,429.9730529785156,32938800
2024-02-29,432.8970959915319,434.73444678242356,429.726137464743,433.65771484375,42495200
2024-03-01,434.5467204654234,441.1454223300951,434.487453034906,440.1872253417969,43853000
2024-03-04,440.1872243459957,440.6120144586767,438.369619473107,438.6165771484375,34325700
2024-03-05,435.5740673406185,435.5839552943135,428.37277316164136,430.7435607910156,57917100
2024-03-06,434.9616055413098,436.61126586958386,431.5733535962779,433.4502258300781,46234500
2024-03-07,437.03607945304515,441.2837394812956,435.4950357987029,440.0292053222656,44526700
2024-03-08,440.38480818808466,443.1803859905229,433.00571154880004,433.67742919921875,72096000
2024-03-11,432.18582612227107,433.32182541621614,430.14100930544924,432.0672912597656,45860000
2024-03-12,434.3788187851117,438.6165909215912,431.14859299678636,438.260986328125,55300900
2024-03-13,437.2632743369456,437.2830502454642,433.7762330042358,434.8924865722656,37928700
2024-03-14,436.12722530080464,436.6507743314446,431.0794252267283,433.79595947265625,52195200
2024-03-15,430.76329508345543,433.52920869281746,427.4738023180454,428.63946533203125,73069800
2024-03-18,433.96402116042105,436.24892486952547,432.4901867270838,432.72760009765625,47323800
2024-03-19,430.71968377300954,434.2113358922314,428.6226881468784,433.8057861328125,43004100
2024-03-20,435.00260289372903,439.28555217441175,433.3012863034724,438.9492492675781,43653500
2024-03-21,444.00377042804644,444.4587649437248,440.82864947457784,441.0264587402344,39345700
2024-03-22,440.5120741059451,442.62881113326995,439.66140077241624,441.5308837890625,28253900
2024-03-25,438.7316200402831,441.4122025295857,437.73261238861454,439.9284973144531,27789200
2024-03-26,441.4517588496184,442.37167905062427,438.27663805083887,438.504150390625,34142000
2024-03-27,441.5902677606485,441.68918748510794,437.12925080626644,439.99774169921875,41359200
2024-03-28,439.9483005564888,440.79897397057766,438.83057105161373,439.1866760253906,36839600
2024-04-01,440.13622694821476,442.6684148785135,438.2073980092949,440.116455078125,38729000
2024-04-02,435.2993664400859,436.63470733147204,433.27164781002574,436.31817626953125,44259700
2024-04-03,434.1914896972789,439.17674771806725,434.1816188556079,437.2973937988281,39949800
2024-04-04,441.48147563512805,442.0947658921196,430.38335799892496,430.6108703613281,57267700
2024-04-05,432.0352324148125,438.35583196490023,431.2241328775379,435.6851501464844,54744600
2024-04-08,436.6148885971717,437.6930441117525,434.42890467076694,435.8136901855469,28144900
2024-04-09,438.14810658184047,438.4250637277695,432.68808133949716,437.4260559082031,39443600
2024-04-10,432.25279752010994,434.46845437417477,431.5406177904376,433.60791015625,61502200
2024-04-11,435.4774460294611,441.4814844126454,433.20241291838846,440.53192138671875,45474600
2024-04-12,436.30821548666603,437.4358156565505,432.1340572992267,433.5089416503906,53665000
2024-04-15,437.2578244611151,437.34684315344833,425.53654699359805,426.3773193359375,63453600
2024-04-16,426.21909169442733,429.04803897510334,425.0321455051185,426.41693115234375,47619000
2024-04-17,428.39516274759995,428.41493461701685,420.2842287497744,421.2140197753906,56880500
2024-04-18,421.8569836696365,423.5879732317038,418.236739020357,418.8104553222656,46549400
2024-04-19,417.63337275699286,418.1576140935352,408.58277638390166,410.1455993652344,75231000
2024-04-22,412.77671832487005,416.6046733073807,409.44333179355846,414.27032470703125,47807700
2024-04-23,416.19908616824654,421.6492396704174,414.31973225972354,420.452392578125,44384700
2024-04-24,423.5484443591903,425.06182265057004,419.59189664985104,421.8768005371094,48440300
2024-04-25,414.68574734246255,420.6997166428322,413.59772089332074,419.83917236328125,57392200
2024-04-26,422.9747359747383,427.8511738733555,422.2823582242487,426.3180236816406,41874900
2024-04-29,428.42485755345405,429.04801861164475,425.30908244856215,428.0489807128906,30022200
2024-04-30,426.46630425322616,427.8609906947796,419.8984519218457,419.9775695800781,43665900
2024-05-01,418.5532463597159,425.4673333739,416.0903052961823,416.9409484863281,52251700
2024-05-02,420.67988722114075,423.1626303564194,416.0606350688799,422.26251220703125,36559000
2024-05-03,429.72064827636785,431.738496056238,427.9204118275236,430.7493591308594,48515300
2024-05-06,432.5495633066614,435.55654799740194,431.7780377160311,435.467529296875,30227200
2024-05-07,435.9126199952162,437.1688129223332,434.80476137168813,435.5367431640625,30996100
2024-05-08,432.9155804465462,436.6841897959982,432.79685865672997,435.27960205078125,24896700
2024-05-09,435.54661913008255,436.8028422580396,433.69693803654405,436.2291259765625,24580100
2024-05-10,437.73267013361465,439.48343165144723,435.7148223227463,437.25787353515625,27116600
2024-05-13,439.16684175047317,439.265761468491,436.85226524194286,438.2667236328125,22994200
2024-05-14,437.84144756940225,441.61995781366716,437.6535091414476,441.0858154296875,34478300
2024-05-15,443.55859889105693,448.2273256988395,442.04522082550767,447.98004150390625,41464700
2024-05-16,447.7921494818684,449.75065137557704,446.90193232511433,447.0700988769531,34780400
2024-05-17,447.1985906974377,447.8019797970406,444.65653225305033,446.8524169921875,35803700
2024-05-20,447.07009790490423,450.6309665241783,446.88215948281277,449.96826171875,24474200
2024-05-21,448.11857455171366,451.03651019690585,447.92073510394465,450.84857177734375,23167700
2024-05-22,451.1057559416888,451.85750961813636,448.15811721893635,450.7595520019531,25120000
2024-05-23,455.5469794693014,455.57665236835396,446.9415066973637,448.7318420410156,40899200
2024-05-24,450.34417283824854,454.2413748570816,448.6428560676612,452.97528076171875,29669500
2024-05-28,454.19183296241476,454.7457471608754,451.7288919661858,454.6864013671875,26216800
2024-05-29,450.5320959428548,453.26209332010234,450.3936022845126,451.4816589355469,29739200
2024-05-30,450.55181682829397,450.6903104709637,445.3192746527687,446.64471435546875,30536800
2024-05-31,446.8722264038195,447.56463424460736,438.24695222110114,445.8138427734375,55941300
2024-06-03,449.6320012581915,450.631009074835,443.03444436352345,448.2076416015625,32997500
2024-06-04,447.9504376680651,450.63099030230364,446.22934906552973,449.43414306640625,23767400
2024-06-05,453.0048708471075,458.5736855311869,449.4736453175304,458.49456787109375,33817400
2024-06-06,459.1771371560527,459.4936682116241,457.1691904379951,458.33636474609375,21966800
2024-06-07,457.9703600587807,460.6805853594163,456.82295769418954,457.9307861328125,25829700
2024-06-10,456.8032055496993,460.1365920375163,456.5163473996493,459.7804870605469,20660800
2024-06-11,458.5045379527608,463.0545738378896,457.0109315387959,462.93585205078125,22053300
2024-06-12,466.86269781638856,471.32371472336234,466.17032012465427,468.9992370605469,34532600
2024-06-13,472.53048823334285,473.1932232482495,469.26634848832265,471.5413513183594,25859000
2024-06-14,471.3434883571342,474.05374389556346,470.87859282283176,473.9844970703125,23372600
2024-06-17,474.2515381397125,481.57114467660335,472.94590045979214,479.79071044921875,37054500
2024-06-18,479.74124714889473,480.62156320069647,478.17839410682143,479.9390563964844,24438600
2024-06-20,481.13598584006996,481.55140643530837,474.4098367852232,476.23974609375,33918700
2024-06-21,475.96284420026217,477.298185212039,473.4702297813939,474.96380615234375,37456800
2024-06-24,473.73725096126896,475.47099181592733,469.41777397286,469.55645751953125,37751000
2024-06-25,471.64684204643737,475.2232870328967,470.70565640050626,474.92608642578125,29014700
2024-06-26,474.10379318229053,476.45179897488026,473.6877123216575,475.9068908691406,22737100
2024-06-27,475.65925957490293,478.6115836474214,474.8468708373985,477.1354064941406,26222100
2024-06-28,477.9279271409459,482.67343166507135,474.014614539721,474.6585693359375,34881600
2024-07-01,475.579936686659,478.00715549345256,471.8350580346009,477.4424743652344,24898300
2024-07-02,475.9465095327891,482.5149149741949,475.81771252663776,482.4554748535156,26723600
2024-07-03,481.70258851623953,486.6066107434774,481.70258851623953,486.4778137207031,18064900
2024-07-05,487.31991495009567,491.98614635742524,487.02268407891466,491.55023193359375,28495900
2024-07-08,491.91679683249146,493.27406348582525,490.89636765097424,492.7192687988281,22109400
2024-07-09,494.2349885715734,495.35449456674047,491.6294190927061,493.14520263671875,25614500
2024-07-10,495.06724371399383,498.84184302588216,493.7595306592135,498.28704833984375,28046900
2024-07-11,498.3960104304496,498.6040508659988,486.1706643474196,487.3594970703125,49966600
2024-07-12,487.9341511529331,494.97807837966167,487.4685166640549,490.2226867675781,37109400
2024-07-15,491.99600089511654,496.3551448499589,489.49942500337625,491.540283203125,31151400
2024-07-16,492.99662197224063,493.80901063185854,488.56815140505716,491.728515625,25950600
2024-07-17,483.74340981561966,484.2585676332021,477.224557622275,477.29388427734375,56268800
2024-07-18,481.0189557238677,481.19727609369016,471.8449804007106,475.0350646972656,49347400
2024-07-19,474.69826118608114,477.2146707760449,469.53667521921534,470.8245849609375,42042900
2024-07-22,476.6895800024484,478.85923528562404,473.2716216155166,477.83880615234375,40300000
2024-07-23,476.9372707040741,479.9292012970825,475.6790810333211,476.15460205078125,23282500
2024-07-24,469.4177730491382,469.7843305630981,458.2128560235188,459.07476806640625,58818600
2024-07-25,459.4115832282099,463.59237645887646,451.3967509671105,454.01220703125,59256800
2024-07-26,458.35151444667815,461.60103876896824,455.4982676790012,458.6685485839844,39992100
2024-07-29,461.383116315446,463.56268838097253,457.3311198139349,459.5899353027344,28218500
2024-07-30,461.5218514548279,462.2252464673246,449.93054261059604,453.2791442871094,41317200
2024-07-31,463.52307805010014,468.3973802961761,462.0766511788596,466.693359375,44552100
2024-08-01,467.37689795882113,471.1316633842162,451.74351079884156,455.3893127441406,56653900
2024-08-02,446.7008203668183,449.35591337831903,440.340454930092,444.5806884765625,66323200
2024-08-05,420.76401989618296,438.1807014186111,419.51574708871345,431.3249816894531,87483500
2024-08-06,433.1677617207585,442.91633588521086,430.52255505334097,435.4463806152344,63164400
2024-08-07,442.34167151120243,444.8283608872693,430.33428273182557,430.7305603027344,54929200
2024-08-08,436.96210275811563,444.81841775754043,433.08842699644043,443.906982421875,47890100
2024-08-09,442.5893651317929,447.8599446984154,441.46985903291545,446.22528076171875,33574000
2024-08-12,447.19622658104345,450.1485205566825,444.3825859334017,447.1863098144531,27795000
2024-08-13,451.5850231776538,458.5497068481307,451.4463093931689,458.2821960449219,40084500
2024-08-14,459.2035379429091,460.7886481545662,454.1409992347584,458.4307861328125,34733700
2024-08-15,464.40482025936376,470.40851515300034,464.02834595348503,470.0122375488281,38280600
2024-08-16,468.2289340511398,471.9837300381218,467.2679450064729,470.6165466308594,38383600
2024-08-19,470.755191935789,476.8381292557489,468.97189765937463,476.7984924316406,23737700
2024-08-20,475.8871033026028,478.4530361414534,474.1038088531109,475.7979431152344,29209300
2024-08-21,476.58054970811685,479.86971082600905,474.86664249742586,478.01708984375,25658800
2024-08-22,480.33534455218785,481.0288529409239,469.40782556843743,470.43817138671875,37739600
2024-08-23,474.7873956850109,478.25487736174836,470.8641963105765,475.54034423828125,36061500
2024-08-26,474.9954750129997,475.91682719058724,468.8431499287544,470.92364501953125,27452600
2024-08-27,469.2889300525828,473.4003661930295,467.3273154259764,472.3304138183594,27510000
2024-08-28,471.86477727035714,472.5879754586852,463.5428280840913,466.9706726074219,37372400
2024-08-29,468.8827928484705,473.4895840302983,465.00911671200544,466.2871398925781,41081500
2024-08-30,470.62644840577417,472.4691527766626,466.1385374963052,471.8450012207031,33466500
2024-09-03,468.8035388395337,468.9323056206166,455.1416524496019,457.51934814453125,44985200
2024-09-04,454.40852713775496,460.1348241601613,453.477258224592,456.3304748535156,32505100
2024-09-05,454.70569491267526,461.03630947784416,453.68526588800313,456.7564697265625,34452400
2024-09-06,456.05310901273066,456.93485462854244,444.0259161994411,444.5212707519531,50624400
2024-09-09,448.8506232910241,451.2283188768992,445.64073576179464,450.23760986328125,32981200
2024-09-10,452.0010306667166,454.90383079740104,448.02830843309954,454.3985595703125,29680300
2024-09-11,455.6369852193334,465.00908400490187,447.0871616105351,464.26605224609375,57843000
2024-09-12,464.29578616525714,469.635722410282,462.51252198450715,468.8233337402344,40067800
2024-09-13,468.0902315957997,472.1025912298367,467.86235762577684,470.92364501953125,29111800
2024-09-16,468.79358577535754,469.4573438624681,465.524258227229,468.8431091308594,22585600
2024-09-17,471.8648545022235,473.1626810286975,466.5942747357859,469.0908508300781,30084400
2024-09-18,470.2895966560615,474.38119962315574,466.4555272479723,467.05987548828125,39909200
2024-09-19,478.1261087929225,481.71250116567927,476.0258103183634,478.869140625,52782500
2024-09-20,478.0071954775703,479.19605842028795,473.8561221774012,477.9576721191406,34577700
2024-09-23,479.1352933813507,480.3158962480575,477.7959506872309,479.2245788574219,24843000
2024-09-24,480.6333475885268,482.4885720219182,476.3772551624619,481.5361633300781,25952600
2024-09-25,480.91114919551086,483.93707616737726,480.732578237264,481.9826354980469,26549900
2024-09-26,489.47300978582507,489.80042016717226,481.96279573601043,485.60382080078125,32020200
2024-09-27,486.625622295268,486.76453099134613,481.72464010935676,482.9052429199219,22851100
2024-09-30,481.94289313235436,484.55212398862665,479.1054983896482,484.2148132324219,30281100
2024-10-01,483.8477392145785,484.1453574466614,473.62907928288405,477.468505859375,42735400
2024-10-02,476.5657513321326,480.05796717810114,473.9466197241842,478.1432189941406,23744000
2024-10-03,475.95064787695753,480.72265250634194,475.2065719333754,477.7860412597656,25337200
2024-10-04,483.5997421604296,484.0263384101603,478.57971250941176,483.47076416015625,30686600
2024-10-07,481.55604432247213,482.72671654095666,477.0717272577596,478.2920227050781,24975100
2024-10-08,480.83181589462646,486.11970246020155,480.0282162700938,485.4351501464844,28272000
2024-10-09,485.1375160516646,489.83016591016013,484.0958218394654,489.2547302246094,24995000
2024-10-10,486.97288079520195,490.56428230026705,485.6632999428998,488.6991271972656,25750400
2024-10-11,486.86374286155046,490.48493653463544,486.298268176488,489.4630432128906,20644500
2024-10-14,491.8539970558773,494.88982428126036,491.34804603599724,493.5703430175781,26060100
2024-10-15,493.8977476785361,494.5624688319381,484.82002737514097,486.972900390625,34784500
2024-10-16,487.30026609568785,487.8062474023501,483.718795252719,487.03240966796875,22996800
2024-10-17,492.5187281720624,492.5683211220585,487.31019680837863,487.3697204589844,27210700
2024-10-18,490.1575049039297,491.65558736912976,489.4034983212025,490.56427001953125,25335000
2024-10-21,489.35393242594535,492.3104049952959,487.4292536147581,491.5068054199219,30336500
2024-10-22,488.8380434331737,493.5207623873369,488.0840368199485,492.0425109863281,26685800
2024-10-23,489.69123319300365,490.3460236255654,481.2186803721017,484.5025329589844,39346600
2024-10-24,488.2228808565429,489.1058654099944,485.5739877492369,488.4312438964844,22024900
2024-10-25,491.22905232334307,496.3284372626755,490.5246386010865,491.4076232910156,38762100
2024-10-28,494.52279649460877,494.58232014940006,491.1893507201843,491.4869689941406,20477800
2024-10-29,491.804448986959,497.3899840518489,489.949224432872,496.2093811035156,28014100
2024-10-30,495.44549370075856,496.39790249240116,491.97313907393766,492.4592590332031,29756000
2024-10-31,488.490851791071,488.54044474635816,479.9290125726618,480.0282287597656,41245200
2024-11-01,481.6651469129995,486.8736783677744,481.36752865476586,483.57989501953125,33655800
2024-11-04,482.9747116073583,485.5144882475446,480.42500426672166,482.1711120605469,23291600
2024-11-05,483.7584717889176,488.986864708101,483.66918631037436,488.3221435546875,24353600
2024-11-06,496.6062103649232,502.4100088623021,495.6538016210877,501.5865478515625,43082200
2024-11-07,504.3842278003702,510.26741073728783,504.3247041524069,509.4836120605469,32853100
2024-11-08,508.98766217712193,510.8528175863819,508.3626334733241,510.0790100097656,22924500
2024-11-11,511.2992250032805,511.5075880683992,506.8843925321375,509.7813415527344,24167500
2024-11-12,509.7118345645932,510.5947585805115,505.80292327856444,508.85858154296875,25835300
2024-11-13,508.35269682828596,510.9122744153452,505.9220366929146,508.203857421875,24567400
2024-11-14,507.8665950790709,508.73961881650786,503.7592810433263,504.6720275878906,28679500
2024-11-15,498.9673849410941,499.35428866917067,490.58411760662926,492.647705078125,51461100
2024-11-18,494.1953790330812,498.1737145612043,492.8064433987384,496.0704345703125,27080800
2024-11-19,493.4909765905591,499.96939601024445,493.1536355499042,499.4832458496094,24523000
2024-11-20,499.1856564574556,499.5031361161102,492.6377823112046,499.1955871582031,29565500
2024-11-21,502.24136007682114,502.95567423476723,493.6299279279644,500.9913330078125,34526700
2024-11-22,500.43568707688615,502.52900601947925,498.80862662020473,501.79486083984375,23826600
2024-11-25,505.87241468402135,507.41018976726633,500.2769794512125,502.58856201171875,26375200
2024-11-26,504.0667529918503,506.11050927210346,503.22349121211295,505.28704833984375,26557100
2024-11-27,504.15607164871835,504.2254957213914,497.9653396767726,501.3087158203125,24957400
2024-11-29,501.93375043277575,506.308920336892,501.31865253598164,505.7136535644531,15334000
2024-12-02,506.97362609834516,512.18215721545,506.58669211119974,511.21978759765625,25147200
2024-12-03,509.890434903682,513.0651709231122,509.31499924035353,512.787353515625,18597900
2024-12-04,516.2101120920232,519.3848480945504,515.4957677287545,519.1268920898438,26086200
2024-12-05,519.1765675882936,519.9007822143092,517.3014814587618,517.6884155273438,18169600
2024-12-06,518.3530064032137,522.5595057281002,518.2240284052577,522.3214111328125,23762600
2024-12-09,521.398850563676,522.1925195302961,517.1030347782992,518.25390625,20674400
2024-12-10,519.4840803564292,521.2301883413037,515.0592867380795,516.4879150390625,24350000
2024-12-11,520.8531319621538,526.4188051823884,520.4463971119644,525.7342529296875,32168600
2024-12-12,523.511980803434,524.7818994700399,521.8651193703002,522.34130859375,23577500
2024-12-13,526.2700842159519,528.9586400198303,523.1350101576185,526.3395385742188,28780400
2024-12-16,528.8693668170654,534.8914288475645,528.7899817598816,533.9191284179688,31979900
2024-12-17,532.1233232086973,533.234471579217,529.9109571669914,531.5677490234375,28579100
2024-12-18,530.9230075449514,532.6393233284896,510.942073860317,512.3905029296875,54703200
2024-12-19,517.0732121815271,517.6387171158508,509.77136208940215,510.108642578125,46441800
2024-12-20,506.40812875240454,520.6745485653607,505.2672184506846,514.5631713867188,60530000
2024-12-23,516.2773821985058,519.9540883119314,512.8789414988543,519.5764770507812,29672800
2024-12-24,521.5240140845306,526.711103210249,520.888031008759,526.6217041015625,17558200
2024-12-26,524.9921323134935,527.8937223215758,522.994783551006,526.2640380859375,19090500
2024-12-27,522.6966520264838,523.1338828752066,514.5979649367405,519.2683715820312,33839600
2024-12-30,512.2628977960247,516.0886230248965,508.6060544578247,512.3622436523438,34584000
2024-12-31,513.6441252668183,514.3992871597815,507.04593537560737,508.00982666015625,29117000
2025-01-02,511.0603921100838,513.3856790451194,502.5245044941701,507.01605224609375,36389800
2025-01-03,510.11637914045036,516.3767439002675,509.3015977009679,515.3134765625,29059500
2025-01-06,520.719278575862,524.5946765405293,518.7418230577623,521.2359619140625,36109700
2025-01-07,522.2793368947259,522.67678090554,510.0468799728483,511.93487548828125,36690300
2025-01-08,511.83554740418106,513.6639233488847,507.35394602071244,512.0243530273438,30777800
2025-01-10,508.25819448854884,508.3575403275065,500.7458174123479,503.9952087402344,40532500
2025-01-13,498.0429361096416,502.83255171676984,496.55238466117936,502.3754577636719,31694200
2025-01-14,505.5354479124467,506.94651670595886,498.4304916746537,501.89849853515625,33737200
2025-01-15,509.79844685715614,514.5880322454942,508.2382987029594,513.4453125,34957600
2025-01-16,515.7109751217133,515.7904881915479,509.7189890543602,509.8481750488281,28229000
2025-01-17,519.5566069696355,520.7689538758897,509.8779677530645,518.45361328125,51837900
2025-01-21,521.1762711033113,522.6568758608805,516.7841297495139,521.4942626953125,23628000
2025-01-22,526.2342050879784,530.457434010863,525.9261602278661,528.1619873046875,33593000
2025-01-23,525.7075521398207,529.404151376624,525.1213025176294,529.284912109375,23096600
2025-01-24,529.6624839179889,530.4275923841087,524.8231652884439,526.2938232421875,19878300
2025-01-27,507.78117595907423,514.7271357656366,506.9365241022923,510.9709777832031,60771700
2025-01-28,511.97467611093344,519.7057001509473,508.5563720628021,518.523193359375,33194200
2025-01-29,519.169115138246,519.2983011374322,513.6441392716389,517.5493774414062,26649000
2025-01-30,520.4111867008249,522.7860860608997,514.9458310521527,519.7553100585938,27431300
2025-01-31,523.6009014071057,528.1719622881295,517.9070142215932,519.0000610351562,38755200
2025-02-03,510.2356481268789,517.5691667149378,507.8309085723365,514.846435546875,40580800
2025-02-04,515.3631410761267,521.8023039804046,514.9656364261884,521.1663208007812,26046800
2025-02-05,518.533087344952,523.6903982021383,517.3406339590531,523.5313720703125,21134100
2025-02-06,524.0381574961376,526.4727371352427,522.4283666892038,526.2640380859375,19434500
2025-02-07,526.8007131129621,528.7483284429109,518.9007772767695,519.6261596679688,29605500
2025-02-10,523.8989568010895,527.0191921678618,523.4319464927245,525.9161987304688,20852800
2025-02-11,522.6470638665404,526.5820814924964,522.5178778686476,524.6642456054688,19325500
2025-02-12,519.0100229717194,525.8566374548477,518.6622518801204,524.9722290039062,25009400
2025-02-13,526.6416602099531,532.8423450241579,525.856658218969,532.5244140625,28714800
2025-02-14,532.6335974800666,535.445787842244,532.2957125078301,534.7601318359375,17862600
2025-02-18,536.3301909280925,536.5985095911096,532.6634320198589,535.9724731445312,20565000
2025-02-19,535.1774930250076,537.4033733037652,533.0807987133823,536.1215209960938,19666900
2025-02-20,535.3364987054381,535.7041632085364,529.106034929491,533.845947265625,26550800
2025-02-21,534.9886829724813,535.0085763982402,522.398509843998,522.7661743164062,47093800
2025-02-24,524.5548916727963,525.7373982954535,516.2575125365582,516.5953369140625,39268400
2025-02-25,515.9693018739836,516.048814936847,506.2310441222468,510.08660888671875,48940000
2025-02-26,512.2827081341442,516.3866374854662,508.1488779896471,511.31878662109375,34457600
2025-02-27,514.8662895456173,515.8003708854543,496.90015898717843,497.1187744140625,52448000
2025-02-28,496.97966053616966,505.575167681001,493.79980536884244,504.9690246582031,47654000
2025-03-03,508.29792199196845,509.80833658708485,490.4709237175102,493.9190673828125,44587200
2025-03-04,491.0671622880661,500.5669416036149,484.6677252997208,492.42852783203125,67875400
2025-03-05,493.07443907980854,500.4576300932126,488.1655538058739,498.84783935546875,46323700
2025-03-06,490.58022541687785,495.4394073029576,483.1374149905395,485.12481689453125,57574300
2025-03-07,484.0913896771833,490.172835031535,477.5031471015196,488.6922302246094,54714700
2025-03-10,480.4047960555825,480.9215096966139,465.7079486891979,469.7523193359375,76668000
2025-03-11,469.374639710155,475.79393921809975,464.0682803902365,468.6293640136719,68760800
2025-03-12,476.1417740872487,478.0297999193566,468.8182025802525,473.9158935546875,46971100
2025-03-13,473.25013268441506,473.27994250338116,463.4919809381716,465.38995361328125,46563300
2025-03-14,470.7460015069771,477.5329662224829,470.13982810737366,476.6386413574219,43563000
2025-03-17,476.58893553595675,482.77970385821135,474.7903391011045,479.7290344238281,41744400
2025-03-18,476.3902225670012,476.5889445811857,469.4343152382102,471.5509033203125,39072300
2025-03-19,473.80658371122826,482.27290553437547,471.8788012950444,477.86090087890625,40430300
2025-03-20,473.87616704158864,481.4978372007988,473.18056416842603,476.2411804199219,36780500
2025-03-21,471.0937592442753,478.5763266010879,469.93114605028205,477.8111877441406,42234900
2025-03-24,485.39050030859886,489.1423592971704,482.0665930507614,488.29644775390625,34567200
2025-03-25,489.022941249908,491.2421796862816,488.05761261924056,491.08294677734375,26035200
2025-03-26,489.92852335581483,490.7843964317407,480.49420901971564,482.04669189453125,34627100
2025-03-27,480.08619079487124,484.2360865180512,477.9365920668743,479.29998779296875,33469800
2025-03-28,477.4986938052008,478.20526514414263,465.79533345257164,466.6810607910156,46363800
2025-03-31,459.6948832614754,467.5966072840796,455.12696717610356,466.6611633300781,53000300
2025-04-01,465.04896162318204,471.3484864500327,462.18286035410387,470.4229736328125,41156200
2025-04-02,463.87464014945493,477.24990051464846,463.6158828815237,473.8563232421875,49894500
2025-04-03,454.24126086225453,457.8537794541511,447.9716210778618,448.4891052246094,70456300
2025-04-04,436.0294213013578,438.2486595831719,420.6339416503906,420.6339416503906,117088400
2025-04-07,406.6914499899583,441.0053675205171,400.4516641030583,421.6490478515625,161557000
2025-04-08,436.04930169029,441.0053229949478,407.8159703583268,414.0557556152344,101248100
2025-04-09,413.5681263281856,465.5763591617514,413.4287861573546,463.75518798828125,142876900
2025-04-10,451.3751553721857,453.3953754518723,430.5459844866977,444.03070068359375,108384100
2025-04-11,442.50805710466096,453.5944088551687,439.2040426870755,452.2110900878906,52483800
2025-04-14,462.2226327115798,462.80978696729005,450.4496325846052,455.2762756347656,43941200
2025-04-15,456.3312128563289,460.15271186095026,453.9527109525871,455.7838439941406,35404200
2025-04-16,446.8669566467618,450.43965945558847,435.6512567922465,442.0403137207031,48980600
2025-04-17,445.0159426129849,445.59313532137156,439.2339021288606,441.9607238769531,44837000
2025-04-21,436.1189822025886,436.9648633110088,425.86858083880827,431.02362060546875,44149300
2025-04-22,436.70615895638065,445.42394033849905,435.51192735142513,442.3388977050781,52304400
2025-04-23,455.9629260663685,461.1478200555359,450.698400444071,452.37030029296875,55801100
2025-04-24,454.28109133466916,465.4072286279397,453.6341981671536,465.0987243652344,45956100
2025-04-25,464.72056158591084,470.81107609503925,463.1481859616907,470.28363037109375,38697100
2025-04-28,470.75137745023704,472.5228018406058,463.7850969803822,470.1343688964844,33550800
2025-04-29,467.9051531308386,474.1250461983433,467.32793004665405,473.23931884765625,30613100
2025-04-30,464.87977453427817,474.90127322951986,460.2024029412006,473.1795959472656,46810600
2025-05-01,481.08135748377987,484.83318599096134,478.4242058431775,479.35968017578125,43316500
2025-05-02,484.1962728644179,488.54521706431206,482.49448832227375,486.4752197265625,39218100
2025-05-05,482.26562303187217,486.6742758401759,481.768031598775,483.5892028808594,28309500
2025-05-06,477.24987857899583,482.7134226320738,475.88648295246287,479.0909729003906,32786300
2025-05-07,479.7577689327616,483.4598506116992,474.4833116025476,480.9718933105469,38006300
2025-05-08,486.1767003880921,490.32662643958486,481.8377175267332,485.9378662109375,39577600
2025-05-09,487.8486153265174,489.17222563016486,483.8579524315384,485.6194152832031,27767400
2025-05-12,504.5477524292731,505.44344130675324,499.0643154796623,505.40362548828125,45090600
2025-05-13,506.707335072133,514.8977013705513,505.97090943590337,513.1063842773438,53269600
2025-05-14,514.2806849131285,516.7287959644325,513.2655789214306,516.1814575195312,47014500
2025-05-15,514.0318883953613,519.4158011315517,512.6883550423395,516.7487182617188,50153300
2025-05-16,518.1518608917828,519.1868899000237,514.6090124784221,518.997802734375,48394600
2025-05-19,511.76283198638407,520.0129368955124,511.76283198638407,519.4954223632812,52536200
2025-05-20,516.967599082951,518.4205878915068,514.171137741155,517.7637939453125,42517600
2025-05-21,513.7831162356644,520.4806779894516,508.77731688816084,510.5686340332031,71292800
2025-05-22,511.1855674226468,515.2161063326972,509.83213340019597,511.5239562988281,55607200
2025-05-23,503.74166904926017,509.37440786318274,503.14455323986806,506.78692626953125,58368100
2025-05-27,513.6636439652767,519.1968580915909,512.1111611741854,518.7091674804688,47226300
2025-05-28,519.6645455027536,521.1573196978349,515.8928245699911,516.4102783203125,46637200
2025-05-29,523.7946096140164,523.943850597734,514.8280023627366,517.4254150390625,58513300
2025-05-30,516.937802360934,518.1718194248762,509.46396914496165,516.609375,67662800
2025-06-02,514.7484234216115,520.9285314569356,513.4845216279213,520.689697265625,44762800
2025-06-03,521.0379136751978,526.192953382638,520.172109482974,524.7598876953125,44070300
2025-06-04,525.4664906934179,527.2876922621837,523.4362788655679,526.2228393554688,41359300
2025-06-05,527.6260127928042,530.4821825867151,520.1422186545674,522.261962890625,61031200
2025-06-06,527.446880166096,529.2381970448477,525.6655248338539,527.3672485351562,42467000
2025-06-09,527.5862547168781,529.7855699578893,526.4616932284755,528.1435546875,33688700
2025-06-10,528.6113236327552,532.3233974321485,526.3423380359699,531.63671875,40664800
2025-06-11,533.0398961060292,534.1943423631835,527.5564282374158,529.8453369140625,53701000
2025-06-12,528.5317277617894,532.0646150066514,528.2829320298816,531.0892944335938,34104900
2025-06-13,525.1380723113464,529.3078908293887,523.1974536303323,524.4215698242188,55814400
2025-06-16,527.9444656479175,532.7910009351023,527.894718657064,531.7161865234375,37622100
2025-06-17,529.1487692272117,530.7609608109505,525.3670252740969,526.5314331054688,42180900
2025-06-18,527.5464108599048,529.9846210200801,524.8594657253662,526.4417724609375,43983500
2025-06-20,529.6960723110417,530.989797962704,522.3516174800588,524.292236328125,61643500
2025-06-23,524.8611059770333,530.2012624901581,521.7128229011945,529.6832275390625,50666100
2025-06-24,534.90387960364,538.6997827118523,534.2861780549605,537.783203125,45442000
2025-06-25,540.0546537700266,541.3000294115662,537.3845756916884,539.157958984375,44804200
2025-06-26,541.339901952907,544.6476272131085,539.5167156535897,544.1992797851562,43811400
2025-06-27,545.2354314727291,547.9553124291843,542.5254624415982,546.0623779296875,57577100
2025-06-30,549.2206440950201,550.7549250315776,546.9789678853869,549.5992431640625,45548700
2025-07-01,547.6962844543337,548.6727003482655,542.6450333450836,544.9664306640625,56166700
2025-07-02,544.1394799694398,548.9616013728256,544.099649838931,548.7623291015625,36538300
2025-07-03,551.1335605372531,555.1387084222483,551.1335605372531,554.1622924804688,26443500
2025-07-07,551.4723321808171,552.2893059767699,547.5469053516296,549.9878540039062,45349300
2025-07-08,551.3328226115977,551.9604968449189,549.0612280892235,550.2966918945312,36153300
2025-07-09,552.4287282148103,555.5670993773455,551.0538285444961,554.1921997070312,43045500
2025-07-10,554.8298779906593,555.2383344969288,550.7051787469096,553.3952026367188,34710900
2025-07-11,551.2530854493318,553.733864104168,550.0077097543851,552.1497802734375,39618600
2025-07-14,551.9405857278426,554.8896575344722,549.5893307950605,554.1524047851562,36453300
2025-07-15,558.177370440617,558.7253235687808,554.6006247913591,554.660400390625,43277700
2025-07-16,555.2184205935204,558.1375740177878,549.519549612121,555.2283325195312,52314700
2025-07-17,555.9556343165032,560.229741645841,555.1486333295833,559.7216186523438,40423800
2025-07-18,561.0367592084838,562.6407884950407,557.9083608963978,559.1836547851562,50484700
2025-07-21,560.0106243017523,563.9659084478778,559.9807060956166,562.0828857421875,39595200
2025-07-22,562.212410691865,562.2622135594852,556.5434579032301,559.1737060546875,43270600
2025-07-23,560.2597104593184,561.7640732969975,557.5099110527195,561.7242431640625,40215300
2025-07-24,563.0392899612859,564.1451688896942,561.2060703387892,562.9197387695312,42275500
2025-07-25,562.8400440606903,565.5998159531918,562.1825124752501,564.2747192382812,30630800
2025-07-28,565.639724456999,566.9349031473512,564.7729477514129,566.0382690429688,31498700
2025-07-29,568.6485511909246,569.9935327032099,564.434219030358,565.1614990234375,45463300
2025-07-30,566.0780214636062,568.508997161805,562.9595959750744,565.9186401367188,43433800
2025-07-31,572.4144506359528,572.5041444344463,561.7839416385068,562.9197387695312,64613600
2025-08-01,556.7626938955674,556.951993446216,549.6391201209816,551.8309936523438,69400800
2025-08-04,556.9818168836358,562.2323403030458,556.8822111512052,562.0131225585938,47669800
2025-08-05,563.2983805936119,564.4640352064246,557.6592854470431,558.1973266601562,48666600
2025-08-06,559.0342039471559,565.6596271290572,558.5559991276681,565.2212524414062,41823700
2025-08-07,569.5550971875249,571.1990173575662,563.0193682552224,567.1340942382812,44463000
2025-08-08,568.3396913615944,572.6437172653317,568.0408133424522,572.4244995117188,35255500
2025-08-11,572.5639325532171,574.6661119984625,569.4554798808987,570.730712890625,33112900
2025-08-12,573.0321895540377,578.2029917684722,570.372084149425,577.9041137695312,42143300
2025-08-13,580.6041456525571,581.1620715545174,576.7982700747931,578.193115234375,41209300
2025-08-14,576.1407216563158,579.7273793774012,575.7720345015408,577.7447509765625,45425000
2025-08-15,577.6550842269212,577.6949751695009,573.4407520858407,575.2042236328125,49480200
2025-08-18,574.3075322318431,575.6326290840033,573.1119593251236,574.9750366210938,29831000
2025-08-19,574.2576936083949,574.4270476767487,566.1477924665415,567.1740112304688,53752600
2025-08-20,566.2275216498264,566.3470728538312,556.7726389420532,563.8065185546875,76781100
2025-08-21,562.2622161511607,564.3943140175195,558.9046880126308,561.1962280273438,46436900
2025-08-22,562.5810219572568,571.8665505027725,561.186237654488,569.85400390625,51502100
2025-08-25,568.289926158301,571.1691888777926,567.0544622483576,568.210205078125,34044700
2025-08-26,567.7218935616645,570.8004278507278,566.6956749257416,570.4915771484375,34103000
2025-08-27,569.4754735923461,572.2849877073902,568.2599552674767,571.368408203125,36927100
2025-08-28,571.9860851866184,575.8617088595212,570.3422257905413,574.9451293945312,46787900
2025-08-29,572.5340452045847,572.9027323513419,566.4366907257225,568.2898559570312,56030400
2025-09-02,559.2335343759405,563.8762688061983,557.4700627066655,563.527587890625,65876800
2025-09-03,567.1241403555323,569.585034325084,564.6333889904666,567.9610595703125,54230200
2025-09-04,568.6285491052419,573.4705550386212,566.9249141338813,573.1019287109375,47526300
2025-09-05,578.3424981949754,578.9701724080204,569.4156841594208,573.9288940429688,68342500
2025-09-08,576.2303653317651,578.6912594012136,575.6326093036281,576.728515625,46371400
2025-09-09,577.5255075617649,578.7908286858918,574.9052323196163,578.3624267578125,44007600
2025-09-10,581.5804896782814,581.6104078841153,576.4096872460331,578.5517578125,49308000
2025-09-11,581.0823312583443,582.7162787776647,579.4683292093007,581.9192504882812,44745800
2025-09-12,582.8756829463206,585.6852579441866,581.939157947032,584.4896850585938,50745900
2025-09-15,586.263084887294,589.6006673309763,586.1136154844122,589.4910888671875,44360300
2025-09-16,590.417622334017,590.6666974580144,588.3054701472681,588.992919921875,36942100
2025-09-17,588.9132280535239,589.560847731768,582.2081448420756,587.8173217773438,69384800
2025-09-18,592.7091584852494,595.9272507480725,590.7664209781601,593.11767578125,61069300
2025-09-19,595.1202047360832,597.83011295333,593.6456386208329,597.1326904296875,58196100
2025-09-22,596.2190510860968,601.3360027595129,596.1990824942005,600.667724609375,57154800
2025-09-23,600.8372900448078,601.0367933292055,595.4609900615409,596.6779174804688,64635500
2025-09-24,598.0544387994095,598.3736318933126,591.8502333814113,594.583251953125,49850300
2025-09-25,590.6932034651784,593.6057566967052,587.0026056631178,592.0198364257812,70920200
2025-09-26,592.8376791327265,594.7827296224774,589.5560723046866,594.4535522460938,54337400
2025-09-29,597.5855809487724,600.5181027058711,595.8898943349653,597.20654296875,48332900
2025-09-30,596.9073409482912,599.1815689140329,594.5832523790604,598.8424072265625,46533800
2025-10-01,595.6504804045827,602.2536309055715,594.8226361779185,601.7150268554688,46899600
2025-10-02,605.5153536087707,605.6150748101588,601.3958573858611,604.188720703125,43765400
2025-10-03,604.9668078782124,605.7847287787447,599.859840058186,601.645263671875,46482100
2025-10-06,606.9018036091138,607.8094613156995,604.4280726015548,606.1636962890625,41962100
2025-10-07,607.4703970532165,608.1586438162234,601.4956480641417,602.9718627929688,58209500
2025-10-08,603.869530194898,610.193425090037,603.7199483921797,609.8842163085938,50629800
2025-10-09,609.9241018375851,610.0537759298148,605.9342796270852,609.1461181640625,45551000
2025-10-10,609.8443624637231,611.6198017284072,587.5511938507611,588.0000610351562,97614800
2025-10-13,598.1541220292103,601.415821078074,595.7103438165695,600.4782104492188,65872600
2025-10-14,593.7952965646048,601.1565238344467,588.628483812035,596.4784545898438,69203200
2025-10-15,602.4731675952409,605.1563255984365,594.4137092888615,600.6876831054688,62805500
2025-10-16,603.5703467351942,606.7622168482491,593.9848129790577,598.46337890625,70982000
2025-10-17,596.4285459627954,603.9693073296388,594.8525491800316,602.393310546875,72024900
2025-10-20,605.5951798429426,611.2407514930889,605.5253506485595,609.9839477539062,45761700
2025-10-21,610.0837500489531,611.1609582497778,607.7696457807522,609.8244018554688,44538200
2025-10-22,609.2657958565487,609.8542605281881,598.2139715066553,603.9493408203125,61478800
2025-10-23,603.3708114071275,609.8143961922938,602.9818500103868,609.0264282226562,42844300
2025-10-24,614.4226241256162,616.8464337655934,613.5648269782704,615.52978515625,47632500
2025-10-27,622.930958710038,626.9506729134798,622.4422152319877,626.4918823242188,54098600
2025-10-28,628.7560864561588,633.0651018787079,627.648925370604,631.3095703125,61195700
2025-10-29,633.9728090539653,635.3891789092543,628.6463695521778,634.15234375,67422800
2025-10-30,630.5614543099158,631.8880872300178,624.3473257513068,624.45703125,61628600
2025-10-31,632.5564207552092,632.5863736464859,625.0954721134605,627.4694213867188,66305100
2025-11-03,633.4939381480045,634.2021534587442,628.2473125587718,630.4716796875,37154300
2025-11-04,621.6940912807667,625.3547359077402,616.8863484805083,617.67431640625,63830800
2025-11-05,616.9163015661201,625.0056518350635,615.6395900613109,621.6941528320312,48688500
2025-11-06,620.2078932237561,620.4572571227977,608.7471381645778,610.1136474609375,72115100
2025-11-07,606.7621834660789,608.3980251800011,597.1466973484642,608.1885375976562,81835400
2025-11-10,617.3451949289606,622.7214951546598,615.3203917446493,621.6442260742188,55919900
2025-11-11,618.9910087880348,621.1355017301039,615.9487814833327,619.9884643554688,44868800
2025-11-12,623.2501373408774,623.2700450530867,616.2379957742788,619.4996948242188,47444400
2025-11-13,615.9686873362173,616.5472286099415,604.5378855310528,606.8519897460938,71333600
2025-11-14,598.0244819828539,611.7893568378086,595.6505328274214,607.310791015625,80087300
2025-11-17,604.7573208445992,610.9215891749508,598.3436886131177,602.1240234375,63850400
2025-11-18,598.0942387152705,600.7773963408275,589.8353391548725,594.7926635742188,83327300
2025-11-19,595.5507646962523,604.6176011290698,593.0770945294743,598.3436279296875,73111500
2025-11-20,610.0637310644662,612.4676329241026,583.262106516965,584.1797485351562,117743200
2025-11-21,585.9751825584982,595.4609945768989,579.2623261905873,588.568603515625,103344200
2025-11-24,593.7653733267485,605.1363301511908,593.6456226504143,603.6201782226562,60168100
2025-11-25,601.9744432402352,608.7072685888149,595.8001905964915,607.3407592773438,57560900
2025-11-26,610.9514997668095,614.6221288317284,608.8368989020178,612.70703125,42393600
2025-11-28,614.5422915350683,617.7441455966097,613.8540448070679,617.67431640625,23034400
2025-12-01,612.0686387329198,617.8638528985133,610.961477711232,615.599609375,40957600
2025-12-02,617.8837824065502,622.1628444217793,616.0185455630003,620.4172973632812,54541800
2025-12-03,618.0433708850139,622.6316418245013,616.4574507356939,621.9334716796875,47841600
2025-12-04,623.339907329069,623.3498916256304,617.9636071501104,621.35498046875,47067800
2025-12-05,622.7913119974152,627.3197383563271,622.1230338136666,623.8884887695312,53614200
2025-12-08,625.6140655337878,627.2399228158015,620.1080918729878,622.6915283203125,43462400
2025-12-09,621.4247464351753,624.2774544880871,619.4198511857304,623.4595336914062,37156000
2025-12-10,622.2626189242517,627.6090269272694,619.4099106697121,626.0130615234375,55031400
2025-12-11,622.2327496814814,624.1877845427603,616.148234091509,623.98828125,58272800
2025-12-12,620.497150448988,621.9533965533452,609.8043955563878,612.0586547851562,75158700
2025-12-15,616.7966055109866,616.8464661142882,607.7696446385382,608.9865112304688,49538200
2025-12-16,606.7123103516171,611.9489518835392,605.3657088583533,610.1934204101562,55152800
2025-12-17,611.5001003103562,612.0886258751325,598.7526499708691,598.8822631835938,70654300
2025-12-18,608.248366375679,611.3704070362718,605.375689596093,607.5601196289062,78875800
2025-12-19,610.392981139488,616.0485374798797,610.313167643226,615.47998046875,60369800
2025-12-22,620.5674955378034,620.8671665076671,616.9920478025754,618.4302368164062,43703100
2025-12-23,617.42148892244,621.6261480926279,617.0020349130734,621.3265380859375,41120400
2025-12-24,621.2067276835874,623.4938829346665,620.9370481838333,623.144287109375,18468700
2025-12-26,623.873297918951,624.7322611929134,622.3552536061636,623.1043090820312,28959800
2025-12-29,619.3190849184411,621.995763643064,617.9508150333834,620.088134765625,32458300
2025-12-30,619.0594201394988,621.3964390816567,618.4401448660525,618.64990234375,31226800
2025-12-31,618.8696789386981,619.1792861072609,613.2766946262738,613.536376953125,40746500
2026-01-02,619.2791633693975,622.0656280105537,609.381669736326,612.347900390625,61859200
2026-01-05,618.5400731036631,620.0281869343077,615.9433108116908,617.2117309570312,46828400
2026-01-06,618.4501618747352,623.2341686687002,617.7610283782293,622.6348876953125,43137500
2026-01-07,622.2553845556755,627.1492383750701,621.7760085257346,623.2341918945312,44880300
2026-01-08,622.2454332860368,622.6348958217857,617.0219780933957,619.6885986328125,50435900
2026-01-09,620.6273877403378,627.0992684709724,618.280371644388,625.86083984375,49688700
2026-01-12,621.5263228144307,628.0580650499223,621.4763979710708,626.3801879882812,37388700
2026-01-13,626.4800871429724,628.6772678768714,622.9145755930199,625.4513549804688,44481400
2026-01-14,621.4563902550666,622.6648884214621,613.7860691564842,618.769775390625,72598700
2026-01-15,625.8108857116995,629.206628407055,619.9682771169513,620.9970092773438,53934900
2026-01-16,624.7123119754499,625.2915986535979,618.1006533744517,620.4776611328125,61058100
2026-01-20,609.7611716460692,614.2854351912486,606.2855126563834,607.2942504882812,81988900
2026-01-21,608.7024240227943,619.6386461402016,607.0944662344775,615.50390625,79837900
2026-01-22,621.5662350217955,621.6761428244047,617.0020437780021,619.978271484375,42254800
2026-01-23,618.949566020391,624.612469784726,617.8709699342951,621.935791015625,43645800
2026-01-26,622.425196766994,626.81961915323,621.3365426117721,624.67236328125,35983000
2026-01-27,628.1179690883873,631.2440322678261,626.5499998769385,630.335205078125,38997200
2026-01-28,634.6597767228699,635.7982947738302,631.014348844542,632.4225463867188,50691700
2026-01-29,631.8533057393616,632.8719797654484,617.4914101080947,628.6373291015625,79944000
2026-01-30,624.9220440060533,627.4688205124429,618.5200822009824,621.0868530273438,65650700
2026-02-02,617.9208683974972,627.6985176699922,617.8808797571519,625.3515014648438,49020300
2026-02-03,627.5087242048245,629.1866011443993,610.1905958568021,615.7435913085938,81234000
2026-02-04,614.2455284678144,614.3253838343164,599.7138024298947,604.9871826171875,81850700
2026-02-05,599.4541864003901,604.0483693053457,594.0110373128413,596.2781982421875,89354500
2026-02-06,599.434154665902,610.6399955270392,598.0159600076653,608.8822631835938,78019300
2026-02-09,606.7748955946631,615.6837064208919,604.3080353554789,613.54638671875,56797600
2026-02-10,614.5351423104305,616.2430108652889,610.2405694597212,610.699951171875,53938900
2026-02-11,615.6037921922693,616.7423712103644,606.9247331463698,612.337890625,58575100
2026-02-12,613.9358943887876,615.0344847338599,598.8149461335121,599.8836059570312,81378900
2026-02-13,599.673873409497,605.7162424752422,595.6689134343201,601.1619873046875,69237500
2026-02-17,597.626419057608,603.1894116444834,592.5927882610704,600.542724609375,69013800
2026-02-18,601.3517411914925,609.0021290003773,599.9634770047899,605.027099609375,64250700
2026-02-19,602.0508799312083,605.0570991965415,599.993476524114,602.7100219726562,60960800
2026-02-20,599.3642756707148,609.581373723881,598.4753818004266,608.0433349609375,74127300
2026-02-23,605.8460514657053,607.2443127599432,598.2955745850619,600.652587890625,63859100
2026-02-24,601.6414099286677,608.2230768722754,598.9747284234804,607.1044921875,55023700
2026-02-25,610.3004608891118,616.053216829597,610.2305417280922,615.9033813476562,55710700
2026-02-26,614.8148183820397,614.8148183820397,603.2193924504018,608.4727783203125,96178900
2026-02-27,602.2206376135266,607.5539396831472,601.4316544188312,606.5252075195312,68125200
2026-03-02,598.1058012495889,609.1518702196468,597.2369017749593,607.32421875,75264600
2026-03-03,595.5790600436336,603.1994564784976,591.1246545665933,600.8224487304688,97015500
2026-03-04,603.3991678160902,612.108218610738,602.6701065956436,609.9808959960938,70943900
2026-03-05,606.6350803018902,611.9883154244911,601.5015388569162,608.1431274414062,89602400
2026-03-06,599.5539822531658,605.2368188486739,597.5764953219963,598.9946899414062,86302300
2026-03-09,593.4816386137257,608.5027370453225,590.5853272955466,606.99462890625,93068200
2026-03-10,607.0146358319374,612.5176457382476,604.65756151405,607.004638671875,64078900
2026-03-11,608.1831666985171,611.6587648578186,604.2681201890963,606.9247436523438,60114800
2026-03-12,602.0009473234562,603.3792143506387,596.2981160455262,596.5078735351562,71836600
2026-03-13,598.9747313072235,602.8398528802119,591.8237748266745,592.9722900390625,63145500
2026-03-16,599.2843027330098,603.099499235842,598.3554812666724,599.6239013671875,49077200
2026-03-17,602.3804630878033,605.1369970937805,601.1120429286618,602.5502319335938,47106600
2026-03-18,600.7325461165636,602.400426051188,593.8112802396884,594.15087890625,56128000
2026-03-19,588.7676039624899,595.0496606380132,586.3406715242521,592.273193359375,75597600
2026-03-20,590.3156309505814,590.4254777892629,577.8113788279011,581.3269653320312,91964700
2026-03-23,590.52001953125,595.0800170898438,585.9600219726562,588.0,89936100
2026-03-24,584.8099975585938,587.9299926757812,581.9299926757812,583.97998046875,57750900
2026-03-25,589.1400146484375,591.3699951171875,585.6900024414062,587.8200073242188,60475500
2026-03-26,582.5999755859375,584.6300048828125,573.4299926757812,573.7899780273438,81492100
2026-03-27,570.8099975585938,571.02001953125,561.5700073242188,562.5800170898438,82702200
2026-03-30,567.3800048828125,568.0499877929688,555.5999755859375,558.280029296875,70602600
2026-03-31,564.2899780273438,578.6400146484375,564.2100219726562,577.1799926757812,95878000
2026-04-01,581.47998046875,587.739990234375,580.4199829101562,584.3099975585938,79435100
2026-04-02,573.969970703125,586.0499877929688,571.9199829101562,584.97998046875,50941700
2026-04-06,586.22998046875,590.6099853515625,584.6900024414062,588.5,35108500
2026-04-07,585.6400146484375,588.97998046875,578.4000244140625,588.5900268554688,49948200
2026-04-08,608.7100219726562,609.9000244140625,602.1199951171875,606.0900268554688,63086000
2026-04-09,605.9299926757812,610.5,603.030029296875,610.1900024414062,37837500
2026-04-10,611.8400268554688,613.6699829101562,609.5800170898438,611.0700073242188,34038500
2026-04-13,609.47998046875,626.739990234375,608.1099853515625,617.3900146484375,32972100
2026-04-14,620.219970703125,628.5999755859375,620.0999755859375,628.5999755859375,49921100
2026-04-15,629.0800170898438,637.8300170898438,628.2000122070312,637.4000244140625,50102400
2026-04-16,639.2100219726562,642.1799926757812,635.260009765625,640.469970703125,42320600
2026-04-17,645.5900268554688,650.0,644.0700073242188,648.8499755859375,53488900
2026-04-20,648.0399780273438,648.760009765625,642.52001953125,646.7899780273438,37138500
2026-04-21,648.4099731445312,650.2000122070312,642.2100219726562,644.3300170898438,39580500
2026-04-22,650.1500244140625,655.3300170898438,648.52001953125,655.1099853515625,37368400
2026-04-23,653.5499877929688,656.9199829101562,645.52001953125,651.4199829101562,40099800
2026-04-24,658.510009765625,664.510009765625,656.530029296875,663.8800048828125,45563100
2026-04-27,663.4000244140625,664.4299926757812,660.6900024414062,664.22998046875,32717000
2026-04-28,657.4099731445312,659.6400146484375,653.8099975585938,657.5499877929688,34147900
2026-04-29,658.6300048828125,661.719970703125,656.5900268554688,661.5700073242188,31724900
2026-04-30,665.3499755859375,668.9000244140625,657.5599975585938,667.739990234375,40622200
2026-05-01,669.1599731445312,675.969970703125,668.7999877929688,674.1500244140625,39172600
2026-05-04,674.6599731445312,676.72998046875,668.9000244140625,672.8800048828125,34542000
2026-05-05,677.9600219726562,682.77001953125,677.510009765625,681.6099853515625,37101100
2026-05-06,687.780029296875,695.9299926757812,686.47998046875,695.77001953125,38778500
2026-05-07,696.5800170898438,701.239990234375,691.77001953125,694.9400024414062,43779100
2026-05-08,699.9199829101562,711.22998046875,699.5,711.22998046875,44146300
