Date,Open,High,Low,Close,Volume
2020-01-02,76.65060864291166,77.72051239013672,76.58971986572308,77.72051239013672,6473800
2020-01-03,77.1203319253556,77.50305857261695,76.6332150271636,77.26820373535156,4874100
2020-01-06,76.64190018095192,76.90285584759054,76.0852009527426,76.65929412841797,5409800
2020-01-07,76.5114443999033,76.57233318815135,75.78947259897623,76.4244613647461,6514700
2020-01-08,76.4940202249121,77.72049579972686,76.35484211454522,77.3116683959961,7296300
2020-01-09,78.5033550416705,79.29491560206709,78.34678298776664,78.74691009521484,9443500
2020-01-10,78.98177855683541,79.06006127259866,77.96405679726657,78.42507934570312,7097900
2020-01-13,78.82520702154913,79.78203338237435,78.46856806143187,79.22533416748047,7382500
2020-01-14,79.32102925784059,79.5384901283697,79.03397931601118,79.14705657958984,5855200
2020-01-15,79.15577191527723,80.07780405790137,79.15577191527723,79.62548828125,6145300
2020-01-16,80.01688694021833,80.55619219978958,79.7037428070967,80.53009796142578,5180300
2020-01-17,80.83455168730386,81.54782304743695,80.73016808470676,81.43474578857422,6962800
2020-01-21,80.74757374670214,81.41735032210148,80.19087443727486,80.48661804199219,7094600
2020-01-22,81.01722310822433,81.54782817445646,80.4344295556019,80.48661804199219,6157400
2020-01-23,79.95601346586272,81.63481169762649,78.92959786349348,81.5478286743164,6100600
2020-01-24,81.76525837475906,81.87833559830936,79.45147234592737,80.05166625976562,7815500
2020-01-27,77.0942084819267,77.80747971499623,76.1547827714193,77.18119812011719,11066500
2020-01-28,77.45956403841359,77.58134159390124,76.30267062490175,77.06813049316406,11922400
2020-01-29,76.67669179415725,76.92894715927355,74.45858862127878,75.43281555175781,17678700
2020-01-30,74.32810479513002,75.31972559239578,73.66702868787117,74.66734313964844,12224900
2020-01-31,74.62388267143204,74.79784873555371,73.51917759148152,73.78883361816406,11693900
2020-02-03,73.9975688725493,75.49370040242388,73.9975688725493,74.81522369384766,9090600
2020-02-04,75.79817340565097,77.41608308875331,75.3458576379487,76.87677764892578,9997100
2020-02-05,77.67199208178951,77.95163895994696,75.70572309456465,76.51844787597656,9982700
2020-02-06,76.59710861514515,76.64079948485825,75.28626251220703,75.28626251220703,8901400
2020-02-07,74.94544794100989,75.69700028903753,74.56093092556081,75.522216796875,8073900
2020-02-10,75.5309475336554,76.57088750414496,75.30373235789557,76.49223327636719,7289300
2020-02-11,76.78063237382634,77.10397683848906,76.33494279654714,76.47476959228516,5098500
2020-02-12,76.64954023115496,77.86425708499426,76.36989332956551,77.40109252929688,7747800
2020-02-13,77.3399334707976,79.0964694198623,77.13019992484203,78.58960723876953,8576600
2020-02-14,78.8080696811944,79.00906902161125,77.7681296168146,78.02156066894531,5686900
2020-02-18,78.1002198691755,78.18760828335722,77.15640899447226,77.97787475585938,5288800
2020-02-19,78.20506723021249,79.03527366262507,78.03903127757579,78.77310180664062,5210800
2020-02-20,78.41482316966375,78.86924692191384,76.66702822402577,77.42731475830078,5969200
2020-02-21,76.90297516691484,77.24379463711081,76.02907772183626,76.34368133544922,5800500
2020-02-24,73.87056487870626,75.19889299708117,73.63461545451729,73.86182403564453,8313600
2020-02-25,74.2987626806975,74.58715045648938,71.3712073826849,71.82563781738281,9404000
2020-02-26,72.1839370079397,72.74323091206703,70.4710985931361,70.497314453125,10541500
2020-02-27,68.88933245090496,70.67208391615421,67.60470222834977,68.41742706298828,17120800
2020-02-28,66.56476949028708,68.8718583054486,66.17151829098107,68.53977966308594,19108600
2020-03-02,68.09409413550684,72.01789885708227,67.86688557750848,71.9916763305664,14258700
2020-03-03,71.92176384570953,72.20141076707566,68.2601313435303,68.68833923339844,12395900
2020-03-04,69.29133443206157,70.08657769989644,68.0591357415137,69.6234130859375,10999600
2020-03-05,68.07662422448864,68.07662422448864,65.7870101172676,66.58226013183594,12545300
2020-03-06,64.19652924701958,66.16279922532026,62.9643368609528,65.8394546508789,18080100
2020-03-09,61.67969606461567,64.6946402084369,61.2427472514642,61.898170471191406,15930300
2020-03-10,63.410003095046896,65.4986176732432,61.19904339516362,65.4287109375,18414000
2020-03-11,63.64594896202558,64.90435667871742,58.90068583421884,59.68719482421875,17138000
2020-03-12,55.01185797468985,58.36762509870424,53.7097490036901,54.26904296875,25170600
2020-03-13,57.37136268667087,61.33011663787633,55.501219546784455,61.102901458740234,19247200
2020-03-16,52.98440810023609,55.88574762892256,50.78218592780157,51.201656341552734,23354300
2020-03-17,52.04060183812424,52.101774403931266,46.84965125186147,51.54248046875,25045200
2020-03-18,48.545000363298364,50.38018692088164,43.71234876227178,49.22664260864258,28770600
2020-03-19,49.13925675832694,55.3701469597414,46.797211156681364,53.666046142578125,25167400
2020-03-20,54.44381550048629,57.39759008792551,50.60740587377336,50.71227264404297,28420600
2020-03-23,50.01315392224288,50.1966715986236,47.19046537485927,49.41890335083008,24905800
2020-03-24,54.7147228683323,56.943164154551724,53.30774736354901,56.69846725463867,28286200
2020-03-25,58.40257537898732,60.858225382490424,55.48375740303598,57.51119613647461,22977200
2020-03-26,58.29769892114993,62.553581963599186,57.895706888491766,61.08543395996094,20997500
2020-03-27,58.271486225339515,59.6435050491552,56.64603632358222,57.97435760498047,18950500
2020-03-30,58.166615368917185,59.61728841679267,56.43630205551181,59.30268478393555,14199700
2020-03-31,58.708430472875165,59.70467302426347,57.07423985463936,57.450016021728516,20109800
2020-04-01,55.05554313839694,56.59360462307801,53.81461027416181,54.72346115112305,12880400
2020-04-02,57.45876793494592,60.03676322099682,54.976898585854535,56.8033447265625,18175000
2020-04-03,56.34017559234787,56.584865837307305,53.220361634496804,55.099239349365234,14676500
2020-04-06,57.91318063632191,59.722148077337,56.28773752563895,59.24150848388672,18010800
2020-04-07,62.54483739187078,63.34008723559481,59.71341164919149,60.04549026489258,13799400
2020-04-08,60.805795082239996,62.85071221461445,59.89694080097044,62.54484939575195,10417600
2020-04-09,62.22149229584837,64.89562287717517,61.295163184154674,64.56353759765625,19748100
2020-04-13,64.24893101907108,64.31884440807443,61.47867798606367,62.71087646484375,11191800
2020-04-14,64.39750182337112,64.95679562845157,63.49738856417315,64.38002014160156,10912000
2020-04-15,62.9293587562367,63.951817197196185,61.79328937696488,63.40126419067383,10642500
2020-04-16,63.890658717319106,64.45869353210456,62.35259696258111,64.24021911621094,11946800
2020-04-17,66.95802017068424,67.63091822484282,65.51608814913537,67.37748718261719,14268400
2020-04-20,66.43367834143736,67.27262572437559,65.61221930774373,65.82195281982422,9684700
2020-04-21,64.14407044452804,64.63345085461614,62.69339756132686,63.54981994628906,10345800
2020-04-22,65.14905987763248,68.2164352355819,65.04418977967788,67.68335723876953,11347000
2020-04-23,67.57848991509945,67.8756118412247,64.89562506958588,65.67339324951172,15513400
2020-04-24,66.19774006195173,66.44243031158287,64.85193702167125,66.04917907714844,8456000
2020-04-27,67.010453715166,68.19895472703165,66.88810861105995,67.93678283691406,8258500
2020-04-28,68.74950135193411,69.57096697568431,67.25513771768954,68.76698303222656,12801400
2020-04-29,68.32131495648295,68.8194363241367,67.04542525455071,67.16777038574219,24575500
2020-04-30,67.14154185283978,67.84939664504203,65.70835058595887,67.05415344238281,15186000
2020-05-01,65.45492824832974,66.31134411913017,63.97803924581713,64.48490142822266,11216700
2020-05-04,63.427500247579324,63.462456957630394,62.273955485136995,62.82450866699219,12921800
2020-05-05,65.50737679916263,65.61224693301128,63.69840866096678,63.707149505615234,12976000
2020-05-06,64.467422173931,65.41123316972241,63.672178835348795,63.75956726074219,12740900
2020-05-07,64.86688889319836,66.81790606281413,64.48020557754468,66.79154205322266,13360500
2020-05-08,67.89007869631513,68.4876874242362,66.58061497814484,68.4349594116211,11917200
2020-05-11,67.33641118642183,67.82855716028168,66.61576599399018,66.67728424072266,9004500
2020-05-12,66.79155765149274,67.43311108965607,65.33268620018396,65.34147644042969,8549900
2020-05-13,65.43813981191497,66.57183926538944,64.08473131796066,64.69992065429688,11532700
2020-05-14,63.557418106845475,65.28872606845468,62.089763622481314,65.20084381103516,11932300
2020-05-15,63.988072700858794,65.59634483565728,63.86503614786769,65.17450714111328,9489100
2020-05-18,67.54734722365761,68.10980182490945,66.96731214456105,66.99368286132812,8903200
2020-05-19,67.14307507578611,67.86372036337887,66.58062054424967,66.66850280761719,6484900
2020-05-20,67.87252051394147,68.4086044102741,67.24854093143041,68.33830261230469,7790500
2020-05-21,69.07653375079441,69.76202501096815,68.45256076512372,68.59317779541016,10312600
2020-05-22,68.46135172608957,68.59317851712288,67.24855329457014,68.21527862548828,7653300
2020-05-26,69.95535795039495,70.23658525723621,68.18011183314474,68.33830261230469,8422200
2020-05-27,69.41048486877199,69.41048486877199,68.0131318474791,69.07652282714844,8245300
2020-05-28,69.11167836070953,70.35962415784368,68.48770546214244,69.02379608154297,8331400
2020-05-29,69.0940838347661,69.11165760332597,67.89886642311257,68.54041290283203,10043600
2020-06-01,68.25042355108152,69.12046952495139,67.4682531525659,68.83045196533203,7922000
2020-06-02,68.52285411818005,68.7777174004387,67.48582721674276,68.35587310791016,9521000
2020-06-03,68.94470819099381,70.2629627009936,68.81288810398516,69.93779754638672,9956700
2020-06-04,69.70049076523901,70.45629036737144,68.96227164035851,69.19955444335938,7667600
2020-06-05,70.59690047114084,72.35457254538319,70.28051896137826,72.18759155273438,12030800
2020-06-08,73.01370927591705,73.48828160362618,72.22275539640182,73.435546875,10229600
2020-06-09,72.60944138702367,73.13674170886735,71.85364180055234,72.38973236083984,7999800
2020-06-10,70.20141929356491,70.33324603836928,68.72497450272692,69.43683624267578,19683800
2020-06-11,66.57182497546493,67.4858151922677,63.40801681267773,63.77712631225586,26422200
2020-06-12,65.91270456052618,67.42430365791218,64.86688750256998,67.12549591064453,18529800
2020-06-15,65.29753028625719,68.47012940477447,65.1041852555461,67.6352310180664,14644700
2020-06-16,69.24351362931351,69.3753404167348,67.1343051455398,68.40861511230469,10890100
2020-06-17,68.61074245782575,68.80408749629217,67.38916066568406,67.75827026367188,6906700
2020-06-18,67.42431378940252,67.48583205470355,66.61578610116382,67.0639877319336,8486000
2020-06-19,67.69672114307802,68.00431233454312,65.8072228169566,66.26422119140625,12538600
2020-06-22,65.82480328788895,66.4839301431649,64.9635412468016,66.26422119140625,8238600
2020-06-23,67.08156385334473,67.11671810337448,65.97422844486441,66.34333801269531,8076600
2020-06-24,65.82483429517508,65.84240806940058,63.276207913227964,64.71749877929688,12306400
2020-06-25,64.34838942541398,65.1305531287558,63.4256087077693,64.90205383300781,8624800
2020-06-26,64.70870826222915,64.83174479624492,62.6170804789729,62.89830780029297,17627800
2020-06-29,62.75769089832411,64.59445518099513,62.45009289061506,64.5768814086914,8653000
2020-06-30,64.66476993228954,64.92841677226113,63.98806229588729,64.67355346679688,11324000
2020-07-01,65.03389293907408,65.64029219450805,64.48901196281533,65.06025695800781,6750000
2020-07-02,65.9478735870796,65.9918113769746,64.71750148521471,64.84053802490234,6544400
2020-07-06,65.85119960008143,66.33456221311289,65.17449864682578,66.29940795898438,7235300
2020-07-07,66.02695923352063,66.11484821477077,65.0338767722801,65.25358581542969,7515100
2020-07-08,65.09538787081891,65.4732876516386,64.44505105207823,65.15690612792969,7346200
2020-07-09,64.7965923443095,65.2272201807759,63.21468459098108,64.65597534179688,9618200
2020-07-10,64.15503506656182,65.52601723197733,63.9265358039968,65.28873443603516,7524200
2020-07-13,65.52602780006542,65.77210087405892,63.70683705448384,63.84745407104492,9464500
2020-07-14,63.27620179742359,64.12867392221467,63.11801102473053,63.917755126953125,8780900
2020-07-15,65.43812874758511,66.62455602457659,64.99871074092258,66.44879150390625,10300700
2020-07-16,65.82484108678993,66.0357599241993,64.75265971372646,65.37663269042969,6649300
2020-07-17,65.41179000617062,65.51725278230126,64.33960858297164,65.17450714111328,6087500
2020-07-20,65.17447586651485,66.1060398078531,64.70868719085969,65.8775405883789,8832700
2020-07-21,66.59820906159409,67.49462577939998,66.15000070269113,66.29940795898438,10637500
2020-07-22,66.36970263952237,67.96040061943025,66.01817354593986,67.88130187988281,9213100
2020-07-23,67.56491572713499,67.73189672869833,65.8248240355303,66.22908782958984,7795100
2020-07-24,66.15878747034394,66.79155060147176,66.00938692687988,66.59820556640625,5673400
2020-07-27,66.6948948118753,67.41554040196515,66.38730340848142,67.19583129882812,6771100
2020-07-28,67.05520774037392,67.13429978351624,65.5260278564051,65.5963363647461,12273400
2020-07-29,68.16252626458679,68.97984411171188,67.58249792097496,68.03948974609375,15261100
2020-07-30,67.34522129550344,67.65281935554364,66.26425643275256,67.35401153564453,7889800
2020-07-31,67.0024685510976,67.26612208734973,66.33455788123806,67.25733184814453,7423800
2020-08-03,67.21338169476162,67.3188377258681,66.29939143024755,66.35211944580078,7138300
2020-08-04,66.23788014525438,66.3433361874547,65.70178958077804,66.0269546508789,12792400
2020-08-05,66.22030573559314,66.78276036215387,66.20273196194539,66.59820556640625,7780800
2020-08-06,66.44798435744472,67.08418956744694,66.21824883052513,66.85445404052734,6764800
2020-08-07,66.69539553880229,67.09302038140254,66.45681524007348,66.96931457519531,6569300
2020-08-10,66.99581981293245,68.63050940572175,66.98698175807439,68.45378875732422,6604300
2020-08-11,69.16069662222196,70.671687559133,68.92212300881951,69.69087219238281,10238500
2020-08-12,70.32704689611971,70.41541395549213,69.51412118499037,70.06196594238281,5378000
2020-08-13,69.73504968543293,70.37125498274959,69.66435870985052,69.82341003417969,4383400
2020-08-14,69.3992671994444,69.7438772266195,68.93978266890329,69.24905395507812,3771300
2020-08-17,69.45227114837253,69.77037369912448,69.02813890834356,69.76153564453125,5360400
2020-08-18,69.93827982979656,70.12383857206704,69.23138360465579,69.7968978881836,5272700
2020-08-19,69.96477000846933,70.15032870498979,68.41844079600509,68.59516143798828,6840600
2020-08-20,68.06500553706479,68.61285041630478,67.56134419733797,68.23289489746094,5099500
2020-08-21,67.9854968973218,68.27708539564796,67.7645926383536,68.1003646850586,5594100
2020-08-24,68.66585517214324,69.92942736372933,68.25939228595297,69.52296447753906,5867400
2020-08-25,70.7423645819667,73.40205325305207,70.50379099288145,73.09278869628906,17659500
2020-08-26,72.82769422908892,73.11928938780059,72.35054035341373,72.81886291503906,7934300
2020-08-27,73.11928620939207,73.90570457915507,72.89838202144828,73.70247650146484,9099200
2020-08-28,74.03826148474234,75.36368684592684,73.72015885874109,75.10743713378906,9303900
2020-08-31,74.78050485419098,75.42554823536094,74.2503359984345,74.63912963867188,6401600
2020-09-01,74.84232187566917,76.07054838659363,74.42702774452871,76.03520965576172,8166100
2020-09-02,76.44169135164394,78.42099109852143,76.24729457676592,78.06754302978516,11378900
2020-09-03,78.28843951071346,78.62421817656221,75.71711837857873,76.41517639160156,11036600
2020-09-04,76.95418742698209,77.56388520438284,75.38135052904074,76.22962188720703,10349400
2020-09-08,75.34599113730144,77.38715024687481,74.90418279847451,75.4697036743164,11083100
2020-09-09,75.92918535951485,76.72444175937069,74.6302676966604,75.8673324584961,6928700
2020-09-10,75.81432880880847,76.93651924772298,74.69213162843235,75.00139617919922,7552000
2020-09-11,75.0632587699427,75.85851538980523,74.35636924009125,75.34601593017578,7103300
2020-09-14,75.77014904841288,76.92768502821119,75.67295065025831,76.5477294921875,5535800
2020-09-15,77.03371358934974,77.97918330422984,77.0248755336608,77.50202941894531,8361900
2020-09-16,77.75827560139753,79.02184784957868,77.5373714093481,78.09404754638672,7146400
2020-09-17,76.9188352611442,77.15740880027134,75.42552090359997,76.65374755859375,7386600
2020-09-18,76.70677553842339,77.08673104836693,74.75398313570106,75.06324768066406,10113400
2020-09-21,73.21650822100513,74.17964755537854,72.23569277067344,74.12663269042969,7188800
2020-09-22,74.268001175068,74.56842767721137,73.49925206549715,74.17963409423828,4465000
2020-09-23,74.5595944920815,75.01907907315342,73.18115423179012,73.33136749267578,6414700
2020-09-24,73.01325555419318,74.34751884264334,72.38588841972675,73.37554168701172,4881500
2020-09-25,72.92489371355798,74.833509245002,72.65097466174306,74.48889923095703,5981500
2020-09-28,75.56690267560008,76.20310782418386,75.09858686940949,76.05289459228516,5976200
2020-09-29,76.2119437852196,76.2119437852196,74.78048224024091,74.93070220947266,4064000
2020-09-30,76.54770081625998,77.01602325986491,75.52270910351002,75.92033386230469,10134400
2020-10-01,76.9100157449625,77.2722951682138,76.16777404378843,76.64492797851562,7241200
2020-10-02,75.2399709770094,76.98952844506613,75.1869493854439,76.49470520019531,5602300
2020-10-05,77.11320961333334,78.35911212432474,77.05135672749071,78.17355346679688,7004800
2020-10-06,78.33263792177274,78.88931413039407,76.69794803869524,76.88350677490234,7951100
2020-10-07,77.59922292080353,78.62422158941862,77.26345098184038,78.15589904785156,5179300
2020-10-08,78.16474448871674,79.18090519821574,78.12056769180201,79.11021423339844,4958800
2020-10-09,79.34878120944302,79.81709697503894,79.15438445961973,79.53433990478516,6197700
2020-10-12,79.93197981481629,80.49749406213684,79.46366396076597,80.21473693847656,5909100
2020-10-13,80.03801810407658,80.27659169393029,79.322283851592,79.66690063476562,5732000
2020-10-14,79.6757205741827,80.05567604560022,78.25309707013994,78.91580963134766,4760700
2020-10-15,77.89966230684168,78.52702944183599,77.46668520996816,78.49168395996094,5002200
2020-10-16,78.9865072413816,79.19857339121921,78.14707395640598,78.21775817871094,4721300
2020-10-19,78.3768157970679,79.14556492173351,77.19277239507227,77.40483856201172,5426600
2020-10-20,78.35915186307788,79.27811430553507,77.79363755102153,78.20893859863281,4939700
2020-10-21,78.09405508265162,78.78328189118507,77.92617246468642,77.99685668945312,4119200
2020-10-22,77.77594904746125,78.97766845452001,77.49319193647457,78.95999908447266,4257800
2020-10-23,79.34879737832551,80.37378943881018,79.03069476678779,80.23241424560547,7811500
2020-10-26,79.55201628602407,80.52399337937493,78.33262757707054,79.22508239746094,7756400
2020-10-27,79.06603321914226,79.83477551077638,78.79210743045164,79.56969451904297,8027500
2020-10-28,78.33262760527806,78.59770859003599,76.53004859478835,77.02487182617188,12738800
2020-10-29,77.02486997061717,78.73908861155815,76.53004675115412,78.02336120605469,8440000
2020-10-30,77.53737541367927,78.10288963521427,75.66410534143127,76.83931732177734,11400700
2020-11-02,77.35182447119125,77.55505258359318,75.50506163899142,75.96454620361328,8904900
2020-11-03,76.68025890772505,78.69490397761518,76.15009021693197,78.1028823852539,6910400
2020-11-04,78.55354728333936,80.66539122979023,78.41216533709319,79.3399658203125,10509400
2020-11-05,80.13520953459383,80.55051050811507,79.4371514554885,80.07335662841797,6169700
2020-11-06,79.65807552418542,80.5858693482449,79.33113480058569,80.09988403320312,6626100
2020-11-09,85.99358649358038,86.28518165480962,84.50911000359476,84.72117614746094,16225800
2020-11-10,83.22084441066575,84.5791524249823,82.68817553079192,83.38064575195312,10474700
2020-11-11,83.54932275878686,85.07631177379093,83.46941870540775,84.37496185302734,8296500
2020-11-12,84.03759304439592,84.12637004363675,82.2620259665756,83.03439331054688,7058400
2020-11-13,83.78901630618044,84.86323368242296,83.18532316868655,84.83660125732422,5516100
2020-11-16,85.92856843335217,86.83410465110687,85.24497132420575,86.8074722290039,9371300
2020-11-17,86.30143524433257,87.69525510106104,85.94632048136178,87.53545379638672,8722300
2020-11-18,87.56206511266568,88.18351749138473,86.92286682128906,86.92286682128906,6039500
2020-11-19,86.32807499429916,86.93176811061949,85.990719666128,86.78972625732422,4252300
2020-11-20,86.48787385037211,86.59441031724913,86.07061448833437,86.12388610839844,4609700
2020-11-23,86.66543333734035,86.87849949466896,85.60008900419527,86.00846862792969,4803200
2020-11-24,86.56779220117261,87.64200968669678,86.47013545037474,87.2691421508789,6319900
2020-11-25,87.4466890602093,87.48220121881074,86.94953238629229,87.18035125732422,4027100
2020-11-27,87.42892854561453,87.87282032854195,87.25136776849291,87.58872985839844,2169700
2020-11-30,87.18036256607132,87.2602666266024,86.07951259963437,87.02056121826172,5197300
2020-12-01,87.89057524260696,88.12140087207769,87.22473755137509,87.73077392578125,4970000
2020-12-02,87.4555541918386,87.92607836156003,87.18921643342054,87.8106689453125,3377900
2020-12-03,87.90831199281676,89.66612615913678,87.86392688540087,88.8759994506836,6264100
2020-12-04,89.97687403453975,91.38845359875026,89.72829568945915,90.8025131225586,6952700
2020-12-07,90.56279722726973,90.74923095050023,89.39092327178467,90.0301284790039,4514800
2020-12-08,89.10683467166919,90.17217219032503,88.78723206142227,89.85256958007812,3911300
2020-12-09,90.50065609013066,90.74035466531646,88.8671308570558,89.13346862792969,6629900
2020-12-10,91.8944764571595,94.18495285104493,91.21975906778775,93.56350708007812,12939200
2020-12-11,92.69348182767241,93.02195739963328,90.8468904555244,91.44170379638672,6262600
2020-12-14,92.1785557504559,92.9598027354692,91.66363973219141,91.72578430175781,5156200
2020-12-15,92.54256080817075,93.09298907997277,92.13418116389882,92.48929595947266,5195200
2020-12-16,92.41825839421598,93.03971089067541,91.19311963706802,91.681396484375,6409300
2020-12-17,91.92998559804883,92.36499762346511,91.09546692732107,91.62813568115234,4535700
2020-12-18,91.73468424926477,92.4271543979695,91.39732213448441,91.69029235839844,10215000
2020-12-21,89.86145416687302,91.57487673033897,88.79610981740778,91.38844299316406,7175900
2020-12-22,90.66044969773316,91.59261827011603,90.45625652097293,90.91790771484375,4302700
2020-12-23,90.81139385011163,91.16650867836579,90.5273033421587,90.6072006225586,3817300
2020-12-24,90.82027852974504,90.8735433862459,90.2698501773109,90.56282043457031,1949200
2020-12-28,91.37067385591119,92.66683691994758,90.82912539291135,92.6313247680664,5055200
2020-12-29,93.11961525603571,93.90974206721337,92.74674779366555,93.77657318115234,4780900
2020-12-30,94.09618286773937,94.65549087656572,93.90974912254774,94.07843017578125,3654100
2020-12-31,94.10505914135582,95.11713187705371,93.76770382054025,94.97509002685547,3566300
2021-01-04,95.57879281625061,95.65869009509956,90.6782231826268,91.5304946899414,8041500
2021-01-05,91.37066998534328,92.56030331659228,91.26414030746287,91.83232116699219,5721900
2021-01-06,91.43281709477253,93.40369746930381,91.36179956529642,92.49816131591797,5017200
2021-01-07,92.76449111268337,92.89765998529091,91.39730378219636,91.7524185180664,5057000
2021-01-08,92.2052019219235,93.89199205591245,91.81457498453102,93.81208801269531,5869700
2021-01-11,93.30604384652267,93.78544774597908,92.56918192106649,92.86215209960938,4257400
2021-01-12,92.33835530517314,92.61356599761861,90.82911942894812,91.28189086914062,4332600
2021-01-13,90.83801878854185,91.77906724857442,90.1011567659779,91.34405517578125,4804500
2021-01-14,92.15194141998084,92.49817648599323,90.29647015313749,90.39412689208984,4528300
2021-01-15,90.0035024232528,91.16650359020737,89.85258083097487,90.8469009399414,5522900
2021-01-19,91.26413551522735,91.97435816572052,89.96796580090906,91.03330993652344,6519600
2021-01-20,90.91789802946641,93.97186821164006,90.73145756160083,93.6256332397461,5844300
2021-01-21,93.62565322065578,93.65228564367754,92.72898993050069,92.84440612792969,5731500
2021-01-22,92.47153389076657,92.7467446121347,91.49496660865252,92.24958801269531,5231600
2021-01-25,92.10752424259543,92.28507820653435,90.70482489842951,91.8411865234375,5009000
2021-01-26,91.79682078119143,93.40370684549231,91.65477216147924,92.94206237792969,7195300
2021-01-27,90.09227390254043,90.35860489255822,85.87530221471059,86.88737487792969,18139500
2021-01-28,87.83731331077927,89.24888601189173,87.09157154975172,87.1359634399414,8868200
2021-01-29,86.46124331742678,86.81635810819691,85.15620035596604,85.94632720947266,8203000
2021-02-01,86.10611338349989,88.44098815024329,86.0439688140381,87.51769256591797,7206300
2021-02-02,87.93494395470667,90.98004113095463,87.69523865602054,90.24317932128906,6917700
2021-02-03,89.88807684647857,91.13097506616637,89.49744995002658,89.68388366699219,3934800
2021-02-04,89.98572733739208,92.54254112999223,89.76378148400926,92.00987243652344,6926800
2021-02-05,93.29717874235095,95.47225270718785,93.02196798355692,94.53120422363281,8072100
2021-02-08,94.47792594342228,94.57558267803363,93.51911806173861,94.33588409423828,4836600
2021-02-09,94.10506341260759,94.841925440381,93.41259327498977,94.30037689208984,4095200
2021-02-10,94.79751872535698,94.90405518111886,93.15512064521785,93.98963928222656,4293200
2021-02-11,94.21159191381305,94.30924864529148,93.243904330959,93.98076629638672,2976000
2021-02-12,93.87423988442927,94.05180067578888,92.96870355487602,93.4836196899414,3169800
2021-02-16,93.11073137281309,94.62884035042275,92.95093007131467,94.23822021484375,4928100
2021-02-17,93.7122062317329,94.02425198377524,92.8563063966651,93.11486053466797,5733800
2021-02-18,92.52643982132635,93.91727641724502,92.19656574783134,93.58740234375,4098700
2021-02-19,93.39123568436818,93.86376304388838,92.02714521568933,92.16088104248047,4128900
2021-02-22,91.82207177628977,91.82207177628977,90.71653555713091,90.77002716064453,5211800
2021-02-23,92.13413558846958,92.13413558846958,89.09390868728963,90.37776184082031,8740300
2021-02-24,90.19053546535282,93.17727078812216,89.6912554540873,93.06136322021484,7542700
2021-02-25,92.72257318600032,94.30063706365128,91.92908247886405,92.25004577636719,7534000
2021-02-26,92.8562970516844,97.608329947118,92.43726131164728,96.31555938720703,15122900
2021-03-01,96.82376501320721,98.49099069509575,94.98714694374571,95.28136444091797,7930300
2021-03-02,95.67362637130347,96.51169779440745,94.34519936398304,95.57555389404297,5016800
2021-03-03,95.34376216663507,96.25315355551759,94.61268068080034,94.70183563232422,5313400
2021-03-04,94.73748840275962,95.54880721381474,92.58881825971766,93.51604461669922,7211800
2021-03-05,94.55919488030017,94.55919488030017,91.60812273810565,93.79244995117188,5559900
2021-03-08,93.43582105421996,95.29918477697368,92.92763032964285,93.64087677001953,5119500
2021-03-09,94.75532974525994,96.26207363352707,94.35412905176355,94.99605560302734,5510900
2021-03-10,95.59340866279811,97.24279924430151,95.36160032313283,96.09268188476562,6077000
2021-03-11,96.65437122134583,96.797017798392,95.6290721656069,95.68256378173828,4670700
2021-03-12,95.77171382143568,96.27990455483297,95.02280402572902,96.11942291259766,3356000
2021-03-15,96.19073646023861,97.13579111205067,95.45073749977743,97.09121704101562,7107300
2021-03-16,98.58012391080933,100.15818748028379,97.97386077859777,99.2666244506836,11376200
2021-03-17,99.23989059946416,99.37362643042704,97.11797278222683,98.48206329345703,10128400
2021-03-18,97.43001873944254,98.31266434244878,95.84303744039137,95.95002746582031,7813400
2021-03-19,96.60085870425678,97.04664024585657,94.35412272751192,94.8088150024414,21452000
2021-03-22,94.86231410176154,96.66326854998552,94.50568750547451,95.90544128417969,7605100
2021-03-23,96.0570269456566,96.24425442027805,94.211491207716,94.72859954833984,5657800
2021-03-24,95.0673939108271,95.64691142648931,93.5606565326113,93.58740234375,5731300
2021-03-25,93.62305025959525,96.02135055823062,92.77606116798907,95.70930480957031,8149000
2021-03-26,95.6201667977224,98.07196594638195,95.55775763693097,97.9828109741211,6167600
2021-03-29,97.18928906617874,98.29482533314196,95.03170133599275,97.29627227783203,5167100
2021-03-30,96.66327734119292,98.4731494894998,96.53845904145363,98.31266784667969,4552900
2021-03-31,98.36615831179607,99.51627552536624,97.34977692344785,97.42109680175781,6478400
2021-04-01,98.12543586867821,98.12543586867821,96.46712790342872,97.51917266845703,5793000
2021-04-05,97.99170965658875,99.27555597470413,97.95604631412901,98.98133850097656,6913100
2021-04-06,99.3023005198619,101.47771676766833,99.05266392790122,100.88037109375,6745200
2021-04-07,100.66639430061491,101.42422158584694,100.43458598677317,100.91603088378906,5629600
2021-04-08,101.32616461191105,101.60254704244018,100.46134717202445,100.78231048583984,5011300
2021-04-09,100.66639307704332,100.98734953573272,99.82832158478513,100.90711212158203,4114300
2021-04-12,100.7644601004129,101.54012245795195,100.54156932202561,101.46879577636719,4707800
2021-04-13,101.44205188807568,103.06469651331217,101.3528969354535,102.85072326660156,4607400
2021-04-14,102.72591593326969,103.63530743038616,102.28013432050743,102.67242431640625,3994600
2021-04-15,102.61891488758961,104.21481370630687,102.33361495811477,104.00975799560547,5079100
2021-04-16,105.04397375677075,105.65023699218493,104.25940060591776,105.50758361816406,5777900
2021-04-19,105.35599948258469,106.07817014763435,104.34853572789952,104.84780883789062,4889700
2021-04-20,104.27721376370872,104.5446854001895,102.8417967055735,103.66203308105469,5662400
2021-04-21,103.5015450086963,104.54467888428746,103.29648932864954,104.08106231689453,4397400
2021-04-22,104.19698754589513,104.20589827987166,102.73482452747703,103.3499984741211,5744900
2021-04-23,103.4391336173778,105.18660303845007,103.27865200940528,104.81214141845703,4555800
2021-04-26,104.26830742814242,104.53577909335253,102.58325362274489,103.3499984741211,5924900
2021-04-27,103.12710043710467,103.76902694681065,102.77047384259173,103.5550537109375,7260900
2021-04-28,101.13893464111922,101.77194371599847,99.50737230331191,100.21170806884766,14793500
2021-04-29,100.9338493837825,102.6634838313454,100.5326487428113,102.19986724853516,8936600
2021-04-30,101.63820156328956,102.4851838554821,101.18350244118517,102.07506561279297,6478700
2021-05-03,102.6902469628699,104.0810833418334,102.64566608320067,103.17169189453125,5049800
2021-05-04,102.6634935410736,102.88638431871289,101.22807638890964,101.73626708984375,6265100
2021-05-05,101.82541300947878,102.42275860807206,100.8892759076728,101.17457580566406,4677700
2021-05-06,101.32615020635671,102.36035989110431,100.83578776827372,102.2979507446289,4113300
2021-05-07,102.62782972779634,103.27866698633737,101.85216737643235,101.94132232666016,4867500
2021-05-10,102.14638922218046,103.5015622092856,101.8254259459027,101.90567016601562,5759500
2021-05-11,101.03191415023336,101.3617948935152,100.00661538789545,101.23697662353516,7775400
2021-05-12,100.13601670827707,100.60147117560464,98.06830675546159,98.27418518066406,7965300
2021-05-13,98.60536034906127,99.5183699097081,97.71024999075453,98.90074157714844,7999400
2021-05-14,99.36621904830434,99.88537795092454,98.6859331525057,99.53628540039062,6836300
2021-05-17,99.55418005317593,99.5989314758082,98.30997714010218,99.33935546875,4521200
2021-05-18,99.68845775372489,100.44034728751286,99.36621743091546,99.419921875,5177300
2021-05-19,98.10410584612174,98.4084469561494,97.45962521702872,98.16676330566406,5997400
2021-05-20,98.44425773880374,99.9748959045311,98.34579503552732,99.7242660522461,5345500
2021-05-21,99.92116442137663,100.44928307115615,98.97234964985911,99.28563690185547,5146500
2021-05-24,100.07334546228509,101.17432743007777,99.82270881377215,100.71781921386719,5476100
2021-05-25,101.07586702107203,101.28174542256686,100.41348722221355,100.8162841796875,5391800
2021-05-26,101.41601025626468,101.92622290709711,100.816281102814,101.0132064819336,3841600
2021-05-27,101.56818341011939,102.12314751603665,100.93265581289593,101.60398864746094,7378400
2021-05-28,102.35587602829612,102.35587602829612,101.19223656992847,101.93517303466797,4239800
2021-06-01,102.5438485601769,102.59755982973893,101.23698815334434,101.45181274414062,4306900
2021-06-02,101.78300376705087,101.78300376705087,100.92369859408488,101.14747619628906,5045000
2021-06-03,100.26133904041922,100.46721065167581,98.59643279764427,99.46469116210938,5723900
2021-06-04,99.91223694598801,100.31503394125258,99.40202423171569,100.24342346191406,4477500
2021-06-07,100.23447208929767,100.50300112920083,99.34830781891002,99.65264892578125,4009000
2021-06-08,99.69740084087685,100.24341876925791,99.23194640526803,99.82271575927734,4669800
2021-06-09,100.01964717815271,100.42245100797426,99.65265541763222,99.70635986328125,3669400
2021-06-10,100.07333881686061,100.63725587297913,99.75109854789292,100.4403305053711,3833200
2021-06-11,100.50299414425115,100.9953075935841,100.42243748662413,100.75362396240234,3231200
2021-06-14,100.95055471128684,101.3533585082965,99.80481443642961,100.65516662597656,4222400
2021-06-15,100.66411279131734,100.69991802611354,99.85851208127838,100.15390014648438,3487300
2021-06-16,100.62832702759017,100.76259497676855,98.64118050137476,99.67951202392578,4822000
2021-06-17,99.35726730826,100.2076195670756,99.09768443903756,99.70635986328125,4008500
2021-06-18,99.12452680892733,99.13347982536267,97.79976720082243,98.19361114501953,7024400
2021-06-21,98.46215553596892,99.68845938613859,98.17572044757578,99.33041381835938,5628500
2021-06-22,99.41992554128802,100.48510924925263,98.99922250270868,100.11811065673828,3583500
2021-06-23,99.60788306199409,100.225511416146,99.48256815378215,99.85851287841797,3552100
2021-06-24,100.05545107551386,101.06693031600459,100.05545107551386,100.24342346191406,3840000
2021-06-25,100.92371332766258,101.3444163738878,100.44930583439634,101.18329620361328,12171200
2021-06-28,101.08482199078448,101.19223770179015,99.76005553831739,100.46719360351562,4546600
2021-06-29,100.31501447901323,100.86998534248934,99.83165408098239,100.49403381347656,3789500
2021-06-30,100.55669039850157,100.7804679792308,99.59892262614639,100.08228302001953,6759100
2021-07-01,100.20761330899819,101.58608423749686,100.08229839087566,101.51448059082031,4810600
2021-07-02,102.01574762927615,103.20624626655004,101.78301698060838,102.91085815429688,4722000
2021-07-06,103.0093175586145,103.69854963597523,102.32903166922843,103.59114074707031,5294700
2021-07-07,103.72539230373171,105.41715043966241,103.51952073285999,104.85323333740234,5382300
2021-07-08,103.3404845136221,104.51308368573606,103.15251216446258,103.82384490966797,4486100
2021-07-09,103.88651165357635,105.39029741053834,103.83280721448321,105.14862060546875,3533600
2021-07-12,105.39924723006155,106.32120982866684,105.0770069469752,106.03477478027344,5683400
2021-07-13,106.10639640898704,107.40430386464537,106.02583291516738,107.01045989990234,5529300
2021-07-14,107.35954495279607,108.15619267278925,107.12681433361757,107.2342300415039,5701800
2021-07-15,106.77773759108885,107.03732046829313,105.78416434112302,106.49130249023438,6467500
2021-07-16,107.12682625299831,107.84291739361491,106.07059557662203,106.27647399902344,5024800
2021-07-19,105.21127485892173,105.2202278748816,102.3379713593237,103.22412872314453,7731300
2021-07-20,103.50161055160554,105.68568205929496,103.23308153569059,105.1038589477539,5117800
2021-07-21,105.21128179596337,107.09996536816188,105.15757735496364,106.75981903076172,4377500
2021-07-22,106.82248073919399,110.02697787661093,106.58080391592723,109.76739501953125,7172300
2021-07-23,111.48598698532122,113.07032916017417,110.9220631439325,112.75704193115234,7934200
2021-07-26,112.55119612915423,112.87343646628382,111.2174833516271,112.83763122558594,4827500
2021-07-27,112.85554164612999,112.92715213030858,111.71874740453778,112.81078338623047,6110900
2021-07-28,109.70471854306514,110.39395731321851,108.65744110852796,109.5704574584961,11747000
2021-07-29,110.03591541307574,110.5192758207585,109.32877741827042,109.5436019897461,6618400
2021-07-30,109.37353068007657,110.08066864263739,108.39785689355351,108.69324493408203,5712300
2021-08-02,109.23031010638311,110.08066899891593,107.47589471716083,107.74443054199219,5996800
2021-08-03,107.92347518990516,108.08459535677075,105.19338537055808,106.63451385498047,6030500
2021-08-04,106.63451180102138,106.7061222802826,105.2381416011836,105.84681701660156,6675500
2021-08-05,106.2675084990032,106.59869497858568,105.72149060498025,106.54499053955078,4281900
2021-08-06,106.6434533871863,106.70611084253586,105.69463854070707,106.56289672851562,6832600
2021-08-09,106.50918248267959,106.5360347014858,105.39924752073793,105.56932067871094,4557900
2021-08-10,105.97212860406447,106.07059130266062,103.81491591016464,104.1819076538086,9839700
2021-08-11,104.54133516441944,105.39499469755204,104.14596257922929,104.68511199951172,6472300
2021-08-12,104.6042308987221,104.93670279505515,103.79550343148911,104.01116180419922,4358300
2021-08-13,104.18191537618982,104.98165523426057,103.69667880123833,104.91875457763672,4361700
2021-08-16,104.85584855777157,105.79037744813847,104.6042459441453,105.61964416503906,5976000
2021-08-17,104.7929559665595,105.08050281220567,103.8404514701348,104.7480239868164,4719800
2021-08-18,104.48742212456322,104.90077024135701,103.8763842876383,103.94827270507812,4520500
2021-08-19,102.89692192325964,103.40012709301665,102.08819443210997,102.72618865966797,5317100
2021-08-20,102.42067859097142,103.33723189213448,102.13313178515001,103.00475311279297,3486300
2021-08-23,103.07664357353264,103.75058205576748,103.07664357353264,103.4720230102539,4235100
2021-08-24,103.68767003792495,104.10101810570237,103.28330973517592,103.40911102294922,3447300
2021-08-25,103.86740257650482,104.22683782900046,103.33724089220809,103.84943389892578,3881500
2021-08-26,103.89435135306819,104.02913355521291,102.31284057655954,102.72618865966797,5188200
2021-08-27,102.98679585952968,103.68769084798039,102.60040415363282,103.44507598876953,4204700
2021-08-30,103.88536834716797,104.07407029447215,103.00475240409192,103.88536834716797,3078200
2021-08-31,104.02913284173765,105.67354425318786,103.92130708076138,105.57469940185547,6995500
2021-09-01,106.04197702209844,106.32952383737987,105.38600720766996,105.53876495361328,4402700
2021-09-02,106.29358470418735,106.35648535879449,105.04455252294767,105.46688842773438,3801900
2021-09-03,104.99063512794325,105.65559275513094,104.54134276908216,105.30514526367188,2921300
2021-09-07,105.21527509125477,105.25121930051894,103.75957232216847,104.047119140625,4264900
2021-09-08,104.32569019463233,106.2037359247117,103.79552847222314,106.0689468383789,5548400
2021-09-09,106.01501517669934,107.89305371862397,105.85326967286774,106.74286651611328,4711200
2021-09-10,107.24606357065551,108.51307106386656,106.83271550457661,107.23707580566406,6517900
2021-09-13,107.73132473076319,107.96495868448358,106.53620537232375,107.09333038330078,4381100
2021-09-14,107.57856189758205,107.70436320773368,106.35648615126011,106.80577850341797,4722800
2021-09-15,105.09847215639336,105.15238504790051,101.6479099867838,103.01375579833984,11556200
2021-09-16,103.14853544863358,103.57985225255703,101.71080134279374,103.04070281982422,7997000
2021-09-17,102.92386045258739,103.20241942941922,101.64787221952248,101.90846252441406,9261000
2021-09-20,100.05740044135132,100.88409668254494,99.1857722249302,100.479736328125,7795200
2021-09-21,100.56957900309351,102.07920128848306,100.41682127827369,100.83915710449219,5468400
2021-09-22,101.5939556563326,102.46558366916383,100.92900508335367,101.60294342041016,4578200
2021-09-23,101.89051462618197,103.07664610987541,101.62992425062683,102.564453125,3842000
2021-09-24,102.5554518897849,103.21142162563928,102.22297999498653,102.53748321533203,3955000
2021-09-27,102.08819188464685,103.04068931953478,101.45918543814653,102.15109252929688,3988800
2021-09-28,101.25252579096906,101.54007262506153,99.81479162050672,100.38089752197266,5917700
2021-09-29,100.55162039846206,101.10873847551517,100.255085828359,100.79423522949219,4389100
2021-09-30,100.21015029900228,100.78525074288038,99.12286376953125,99.12286376953125,5974500
2021-10-01,99.64405203910273,101.95341433273664,99.32954878036988,101.46817779541016,5636900
2021-10-04,101.02788595309423,101.61196742465506,99.76087813683192,100.15625762939453,4497700
2021-10-05,99.85970348057207,100.17421357305194,98.87126179813123,99.60810089111328,5884000
2021-10-06,99.00605282383407,100.65944521918972,98.3770463377002,100.31798553466797,5734500
2021-10-07,100.98295032592566,101.52210665291807,100.6864225728688,100.83019256591797,5549500
2021-10-08,101.16265790388937,101.23454631866143,99.85970609485791,99.94058227539062,3787000
2021-10-11,101.44120960869625,102.04325961366469,99.67099694292263,99.68897247314453,5987300
2021-10-12,100.38988676321114,100.52467584334678,99.43738914672537,99.74290466308594,3866800
2021-10-13,100.09335814088409,100.17423433606263,98.31416411485014,99.52725219726562,4806500
2021-10-14,99.81479072196369,101.1896242243312,99.7518900668115,100.52467346191406,5194900
2021-10-15,101.04583188203245,101.46816772569973,99.69795503066346,100.14724731445312,5860900
2021-10-18,100.13825970259218,102.05224223539699,99.70693612253389,101.87252807617188,4958400
2021-10-19,102.20501572939955,102.9238861885533,101.32440661537582,101.9803695678711,5799300
2021-10-20,101.5939728989575,103.43607407515051,101.27946965941776,102.3128433227539,7645200
2021-10-21,102.37573486676965,102.94184064759953,102.08818809395284,102.83401489257812,3684300
2021-10-22,102.80706004155329,103.31925295278268,102.50153773441059,102.932861328125,3396400
2021-10-25,103.10360897158124,103.22941028407308,101.8635645245943,103.07665252685547,4290600
2021-10-26,103.26535034179688,103.58884137680857,102.66330024828063,103.26535034179688,5948000
2021-10-27,103.8494265862561,103.8494265862561,101.61195275190211,101.99834442138672,5853900
2021-10-28,102.20501650351726,102.97779985348085,101.05482924468497,101.71977996826172,7697600
2021-10-29,96.59785790020678,97.03816249570272,93.47078004192478,95.31288146972656,27419600
2021-11-01,96.35521939736788,98.97908450415234,96.32825610349235,98.66458129882812,14184600
2021-11-02,99.06894857562041,100.4797260724937,98.65560049721266,100.14724731445312,11538900
2021-11-03,100.03941105461413,101.46815707640035,98.94313690031868,101.1895980834961,6422600
2021-11-04,100.28204337727959,101.01888249995025,99.67999332029459,100.7852554321289,8212600
2021-11-05,101.7557245624215,105.43093937172375,101.66586746792059,105.05353546142578,10256800
2021-11-08,104.70307152075894,105.55673097924696,102.95083434414371,103.48100280761719,8753300
2021-11-09,103.02272590064804,103.87637852954151,101.87253870799545,102.55545806884766,6754700
2021-11-10,101.89667364041718,103.29548129761412,101.61690660080386,102.20350646972656,6563700
2021-11-11,102.20349425782642,102.20349425782642,99.75783089474814,100.5700454711914,7191900
2021-11-12,100.84080769347992,101.29203737676853,100.25420772816099,100.82276153564453,7350400
2021-11-15,101.18373707368869,102.56449867211059,100.6964082356778,100.95812225341797,6566100
2021-11-16,101.32810832657137,102.07715104444384,100.63321783754407,101.28298950195312,7965000
2021-11-17,101.27398222654479,102.0771704406638,100.76860722940506,101.54471588134766,5768600
2021-11-18,101.18373243082263,102.18546273767714,100.47980844029487,101.88764953613281,5632100
2021-11-19,101.73423355498046,101.88764997393187,99.06294813507851,99.97443389892578,6921800
2021-11-22,100.27223062803405,101.60786623333595,99.87514642283897,100.57906341552734,5967300
2021-11-23,101.07543266485114,102.97962217033671,100.87689053476754,102.5013198852539,7911000
2021-11-24,102.34788896654251,103.11497781798342,102.05007581362023,102.85326385498047,4464300
2021-11-26,99.27954239302093,100.01955869048226,98.59367144640244,99.86614227294922,6703200
2021-11-29,100.49784515081085,100.79565830396322,98.92756825679656,99.9292984008789,7114100
2021-11-30,98.86441490589507,100.25419611037934,98.4131852748964,98.94563293457031,9483300
2021-12-01,100.13687025428322,102.29374715373997,97.96194720063771,98.06121826171875,7618500
2021-12-02,98.52146876238233,101.1476283273138,98.52146876238233,100.552001953125,7709400
2021-12-03,100.94008054704516,101.84253992946884,99.34273046965146,100.38957977294922,7014100
2021-12-06,101.08446155257494,103.03376993359902,100.81372102607996,102.30278015136719,8280200
2021-12-07,103.83695146472954,105.75919393239174,103.59329051464609,104.91990661621094,8786900
2021-12-08,104.48670892361953,105.2718507849366,103.91816219417929,104.9108657836914,5807000
2021-12-09,104.50477408555342,105.05527472714967,103.99939227108753,104.09866333007812,5664700
2021-12-10,104.5228292187722,105.66894942755663,104.48673002283647,105.34407043457031,6110800
2021-12-13,104.82965849006682,105.43430446996719,103.98134468319846,104.28817749023438,6479400
2021-12-14,103.3947591572293,104.05355745936046,102.90743032110855,103.52110290527344,6854600
2021-12-15,103.61133576886168,103.96329429660133,101.76129858962813,103.4940185546875,6902400
2021-12-16,103.78279316582473,104.14377817127085,102.17641712106656,102.51032257080078,7544400
2021-12-17,100.41663330500685,100.89494247006951,97.66413684460107,98.03414154052734,13696900
2021-12-20,96.62628591604323,97.57387063053886,96.21115559770885,97.54679107666016,6313700
2021-12-21,98.3680444162504,100.08271812715499,98.25072720892739,99.60441589355469,4682200
2021-12-22,99.45100179084466,100.87688898940382,99.27051270365223,100.84078979492188,3643300
2021-12-23,101.28298855129881,101.89666101912329,101.06639340838436,101.40933227539062,3359600
2021-12-27,101.61690912031392,103.2142658319889,101.42739350600321,103.07889556884766,3716700
2021-12-28,102.8803500081298,104.9379559066576,102.70888055484669,104.29721069335938,4561600
2021-12-29,104.14378452497041,105.55161855836282,104.06255962331186,105.02819061279297,4215300
2021-12-30,105.0281992059189,105.89455921159876,104.75746557707866,104.90185546875,4068700
2021-12-31,104.38743888366812,106.02089448089467,104.32426702423172,105.56063842773438,3674900
2022-01-03,105.10941933937929,106.30969167317592,103.58426115755925,105.29893493652344,5475700
2022-01-04,105.4974682964648,105.63283853610785,103.03375196765376,103.096923828125,8367600
2022-01-05,103.24134037029508,103.74671535090846,99.63150334255901,99.6676025390625,8662300
2022-01-06,99.27050590286134,100.96712661597763,99.26147938355491,100.29930877685547,6099900
2022-01-07,97.66412972824793,99.0087919258137,96.99631188911832,97.07752990722656,11266400
2022-01-10,96.22019862816158,96.57215715161077,94.23478433450217,95.687744140625,8499400
2022-01-11,95.69677168135254,95.81408889534855,93.59404015250999,93.89185333251953,13073200
2022-01-12,94.2528429462185,95.04700457950685,93.56697201256824,93.73844146728516,11810500
2022-01-13,93.99113074944461,94.4604065223843,92.13206004246406,92.41182708740234,9818500
2022-01-14,91.96960479097442,91.96960479097442,89.4246636684526,90.35420227050781,13703200
2022-01-18,89.49688624557032,89.66835571414839,87.99880740266377,88.19734954833984,11396000
2022-01-19,88.38687301195661,88.79297697487866,87.34001683653834,87.4212417602539,10856800
2022-01-20,87.98074202577241,89.28931194552472,86.26606823605178,86.38339233398438,20311500
2022-01-21,86.54584306777633,88.81101770307981,86.15778531659062,86.91584777832031,13438300
2022-01-24,85.50800555647024,88.75685716099194,85.2011727464488,88.53124237060547,17201400
2022-01-25,87.24072956534499,88.52221998208982,85.85094156548276,87.54756927490234,12368500
2022-01-26,88.17025080553914,89.01856455789796,85.64336947129593,86.25704193115234,11863000
2022-01-27,87.19559173615079,87.69194005887775,85.78775100326574,86.02239227294922,7322200
2022-01-28,85.78776920747939,87.7370843811741,84.6416490548621,87.72805786132812,8345400
2022-01-31,87.56561652043534,88.80198812353116,87.01511584852692,88.72978973388672,8807700
2022-02-01,88.82003710789942,89.3705377973453,87.35805753972046,89.12687683105469,11601900
2022-02-02,86.45560284111522,89.47884008924431,85.49899131060488,88.19734954833984,15578800
2022-02-03,87.39413978544437,87.96269345000584,86.33826424442564,86.5819320678711,8901100
2022-02-04,86.10363891056592,86.5819412034495,84.67775166690791,85.73362731933594,8267600
2022-02-07,86.04949550291157,86.73536651969523,85.6253385173377,85.90510559082031,6849000
2022-02-08,85.99535041920458,86.66316839583295,85.147036445367,85.66143798828125,7161000
2022-02-09,86.86170683220037,88.41393791566782,86.81658111352502,87.65586853027344,9353700
2022-02-10,86.58555766753449,87.81005349671062,86.15018475588982,86.44950103759766,9098800
2022-02-11,86.70346656070878,87.5197993904308,84.680782520532,85.01638793945312,6924800
2022-02-14,85.03452687937892,85.70573080724444,83.82816873055285,84.9438247680664,7948500
2022-02-15,86.30438646137912,86.58556511266566,85.58782794088376,85.72388458251953,7722200
2022-02-16,85.56967577164154,86.66719417535532,84.4993811500701,86.33158874511719,6545800
2022-02-17,85.64224599070148,85.83272251685064,84.15470909304598,84.39961242675781,6578200
2022-02-18,83.95516480669463,85.30665205865009,83.92795486150987,84.66265106201172,6210600
2022-02-22,84.89847812870262,85.29757575965645,83.77375661980236,84.45403289794922,8622500
2022-02-23,85.1524512487952,85.1524512487952,81.12522017896295,81.3156967163086,9674800
2022-02-24,79.36555332222359,82.72157966608393,79.1387945984458,82.54924774169922,9260500
2022-02-25,82.8122859693901,84.1637659810426,81.88710653151924,83.9732894897461,7039400
2022-02-28,82.803234467675,83.72840721764814,82.19552261621575,83.25675201416016,8591500
2022-03-01,82.98461992065609,83.00276449367742,81.31567904929862,81.76012420654297,7100700
2022-03-02,82.33155996952871,84.60821964833558,82.16829340052806,84.1456298828125,10721100
2022-03-03,84.78964235861945,84.80778001537048,82.61275678168585,83.02091979980469,6587400
2022-03-04,82.51296967306368,82.68530852625909,81.13427268775516,81.66035461425781,7179800
2022-03-07,81.66942613899431,81.67849842595344,76.50839515949563,76.60816955566406,14608700
2022-03-08,76.88027400547747,78.83946563667823,75.97323917692813,76.19092559814453,10692000
2022-03-09,78.45852361458772,79.93698810012536,78.30432933305438,79.45626068115234,8811600
2022-03-10,78.08663304421931,79.23857126941122,77.64218787046823,79.05716705322266,9114300
2022-03-11,80.13651695626204,80.55375210135948,74.86664739303316,75.03898620605469,15351700
2022-03-14,74.66712300272025,74.68526065836913,71.58320253280559,71.91880798339844,18199300
2022-03-15,73.01630457180805,75.68298921408852,72.81675579991949,75.39273834228516,12542300
2022-03-16,79.8281398190572,81.71476706508248,77.66032706126411,79.28392028808594,21207900
2022-03-17,79.32927763568479,79.77372283329247,78.0140796974033,79.51068878173828,8554200
2022-03-18,78.11386183330798,81.40639660880218,77.079842418851,81.27033996582031,23784200
2022-03-21,81.27941107528834,81.3791854840195,77.97780405944309,78.78506469726562,11925300
2022-03-22,79.27485413905376,80.81681074953312,79.04809540691694,79.71929931640625,8447400
2022-03-23,79.23857094915296,79.5560317862635,78.09570501542777,78.20455169677734,7670500
2022-03-24,78.75786351782658,79.04811448821984,77.60592500523563,79.02090454101562,6163400
2022-03-25,79.26578580449099,79.51975448992725,78.20455654600616,79.32020568847656,7048100
2022-03-28,79.34741619056727,80.2000242918878,78.68527766792934,80.16374206542969,5981000
2022-03-29,81.36104038916484,83.35652163093935,81.32476507724678,82.74880981445312,8963200
2022-03-30,82.31342176295924,83.0299802043138,81.99596091429012,82.56739044189453,8122100
2022-03-31,82.83043847585556,84.0186521480329,82.51297760009766,82.51297760009766,11306100
2022-04-01,82.99371431773622,83.3474574644966,82.06854153085422,82.9846420288086,6516300
2022-04-04,79.71929160068015,80.2363011831076,78.1682628533978,79.90069580078125,16243100
2022-04-05,78.51294235173357,78.56736915393097,76.02766854871169,76.2997817993164,17525800
2022-04-06,75.8734841129107,76.09117058955968,74.4403670580376,75.61044311523438,10567000
2022-04-07,75.27481938428193,75.73740909001208,73.87798490118867,75.39273834228516,10869100
2022-04-08,75.45623609732068,75.45623609732068,73.77821598394611,73.94148254394531,9286800
2022-04-11,73.36097726371915,74.14102779988703,72.82583001595088,73.17957305908203,8623200
2022-04-12,73.3156315658766,73.71472221040948,72.2453301225745,72.372314453125,8472500
2022-04-13,72.45395297654656,73.75101329740455,72.2090565725257,73.39727020263672,8604400
2022-04-14,73.24306946280618,73.54239264589957,71.88251708888407,72.1092758178711,9567200
2022-04-18,71.69203674876192,72.53557945223783,71.54690784831895,72.1999740600586,7797300
2022-04-19,72.21813312240995,73.95963875637739,72.02765659245678,73.66938781738281,8622100
2022-04-20,73.75100686127482,73.94148336336355,72.56279333485725,72.71698760986328,8368800
2022-04-21,73.51519072740554,73.64217507588425,71.41086976959373,71.6194839477539,8152500
2022-04-22,71.55598001747825,72.09113418682698,70.54917076271576,70.67615509033203,10315500
2022-04-25,70.18637186663182,70.82130057351007,69.5968046018478,70.73059844970703,10259000
2022-04-26,70.28613021340894,70.36776695026172,68.59904479980469,68.59904479980469,8800500
2022-04-27,68.37228797371553,69.32467738262879,67.73736631452475,67.79178619384766,8467300
2022-04-28,68.58997886781933,69.93238659050293,67.90063043393684,69.46073150634766,8818500
2022-04-29,68.95280145885779,69.63307774638457,67.55597357151566,67.70109558105469,9199300
2022-05-02,68.25437353988,68.68068103332945,66.63985258861543,68.36322021484375,12379000
2022-05-03,68.6806845892788,68.74417675626326,66.55821929841942,67.41990661621094,15570100
2022-05-04,71.93694548009691,75.16599486858003,70.67616735137948,74.05033874511719,30199700
2022-05-05,72.9528351944588,73.66939377179638,69.95961652154271,70.27708435058594,19114700
2022-05-06,69.86890079533254,70.0230950753488,68.21809747013002,69.40631103515625,11165800
2022-05-09,68.24530049690863,69.4335208616758,66.5128675237374,66.65798950195312,12863600
2022-05-10,67.89157554046409,68.07298671171155,64.952783767541,65.1795425415039,14085900
2022-05-11,64.89836224126377,65.26117073436137,63.456172876725596,63.546875,12118100
2022-05-12,63.16323711597334,63.96704729605327,62.46903329702756,63.848304748535156,15460600
2022-05-13,65.65687331261643,69.17355907569643,65.65687331261643,69.0548095703125,18156300
2022-05-16,68.45195455864653,68.9086662768785,66.04964646067096,66.1501235961914,11435300
2022-05-17,67.60247145647352,67.91303208428229,66.53376072409728,67.33757781982422,12454500
2022-05-18,66.81694578910164,67.17318047853911,64.65212908732248,65.10884094238281,10576500
2022-05-19,64.94440207465765,66.15012067886116,64.24106912590037,65.70254516601562,11193700
2022-05-20,66.57030772553223,67.07269347999633,65.27324791983982,67.0361557006836,15941800
2022-05-23,67.34671122356079,67.83995373336774,66.28713672073383,67.06354522705078,10741900
2022-05-24,66.6525044019952,66.98133737259641,65.0996804921856,66.42414855957031,9227700
2022-05-25,66.4241528380693,67.13662199730761,65.70254749326268,66.2049331665039,8344400
2022-05-26,66.63423590609243,68.2966662568432,66.56116732860744,68.04090881347656,8940900
2022-05-27,68.71683259184945,70.07783125193295,68.64375706099318,70.06869506835938,8498400
2022-05-31,70.30620617545536,72.76331755987243,69.92256998744864,71.70374298095703,23361800
2022-06-01,71.93211431549688,72.05085688430401,69.46587318365624,69.67595672607422,7579000
2022-06-02,69.91344054051041,72.61717345816004,69.28317605026952,72.54409790039062,10241500
2022-06-03,72.16045701856979,72.9825395682512,71.53932875535142,72.20613098144531,10415700
2022-06-06,72.79984037421005,74.26132335280215,71.7311366954301,72.14218139648438,7239400
2022-06-07,71.76769244625717,72.84553258011584,71.48453335842899,72.58977508544922,5517100
2022-06-08,72.06909520994832,72.86376897066062,71.48450489239612,71.67632293701172,5178300
2022-06-09,71.21963434429372,73.32050429952938,71.0004146465449,72.07825469970703,13248100
2022-06-10,70.3518718027522,71.05521176931684,69.10962230886645,69.1187515258789,8694300
2022-06-13,66.76210916742485,67.60246394401399,65.68427630678165,66.0953140258789,9282800
2022-06-14,66.54288626093529,67.44717338004602,65.33716777916538,66.04963684082031,7635600
2022-06-15,66.90827116218536,68.75338356001458,66.78039243010156,67.76689147949219,7682300
2022-06-16,66.15925023342993,66.32366670701882,64.25932808726219,64.80738067626953,10147000
2022-06-17,64.9261454378314,66.16840198184637,64.64297940795917,65.64775085449219,9824300
2022-06-21,66.73472016969114,66.83519731444358,65.79389505870789,66.64337921142578,7872500
2022-06-22,66.1044647947091,67.42892615410898,65.96744986849254,66.95394897460938,6702200
2022-06-23,67.46544634447027,68.83558131171155,67.14574957922066,68.6894302368164,6586400
2022-06-24,69.10963385810294,71.38405670165812,69.00915670323107,71.34751892089844,18012000
2022-06-27,71.24703003131215,71.64893858460346,70.58022783779411,70.9547348022461,6672200
2022-06-28,71.60326428383233,72.97339947023383,69.59373546465733,69.73074340820312,7206400
2022-06-29,69.61201108787141,70.47063149411585,69.0913599193521,69.8129653930664,8983900
2022-06-30,69.42932217212507,70.22399615688734,68.38801993984687,69.77642059326172,6781100
2022-07-01,70.08698147192004,72.58975966961918,69.91342879359533,72.39794158935547,7539200
2022-07-05,71.26527924193613,72.6628226750149,70.66242351784308,72.63541412353516,8087800
2022-07-06,72.9185762518421,73.50316654652825,71.41142656725256,72.03255462646484,4652800
2022-07-07,71.9868892556871,72.75416846442374,71.58498773574586,72.3796615600586,5395600
2022-07-08,71.87728232389972,72.73589549443909,71.49363923826851,72.41619873046875,3927100
2022-07-11,72.0234348815385,72.20612374586557,70.72637530472059,71.15568542480469,5351500
2022-07-12,71.5758541288675,72.5623530175399,70.68069618124987,71.02780151367188,5393400
2022-07-13,69.41104274118648,71.74027521640026,69.1735576729698,71.1739501953125,3897500
2022-07-14,70.41580980989333,71.58499766968777,70.16005236111161,71.4297103881836,4504500
2022-07-15,71.80420897335792,73.2656849166327,71.80420897335792,72.72676849365234,5584100
2022-07-18,73.10126958374268,74.59928332019767,73.07386799826206,73.2839584350586,6768800
2022-07-19,74.0877672281748,75.51270540013758,73.90508534879848,75.4030990600586,5949200
2022-07-20,75.33916972968542,76.24345699999247,74.80024626674465,76.0607681274414,6850600
2022-07-21,75.76847247514137,76.37133529787576,75.494449621154,76.3073959350586,7695300
2022-07-22,76.87373892824834,77.12036025129298,75.66801300132501,76.35308074951172,6283600
2022-07-25,76.3530672793591,76.45354442220993,74.02384152776631,74.44401550292969,5861100
2022-07-26,74.18826686647502,74.37094880128998,73.07388894504403,73.35704803466797,6587000
2022-07-27,74.1973920669331,76.18865552457957,74.09691492700252,75.7776107788086,6372600
2022-07-28,75.98768367347874,77.54050043700622,75.64971455651187,77.33954620361328,5594600
2022-07-29,77.27563169839705,77.62273711089648,76.66363958638944,77.44004821777344,5802700
2022-08-01,76.90111851976015,78.179905708719,76.75496743024055,77.55878448486328,7313700
2022-08-02,77.36695655646551,77.76886506880959,76.3804646144158,76.4626693725586,7254700
2022-08-03,78.5635687768528,80.35387826471494,76.64538053763404,79.7144775390625,12915700
2022-08-04,79.65967733289168,80.63704037991371,79.07508674227304,79.35824584960938,7086700
2022-08-05,78.33519425108564,78.69142882646946,77.56791495642753,78.30779266357422,4835100
2022-08-08,78.69144031340448,79.33997019835833,78.02463805486397,78.29866790771484,4878400
2022-08-09,78.31691732173405,78.39912904835083,77.14773653018105,77.49483489990234,3498400
2022-08-10,79.01112745764381,79.37649822694404,78.63662050267243,79.00199127197266,5072300
2022-08-11,79.86552110934497,80.42588475386614,79.4613225438345,80.16866302490234,5595700
2022-08-12,80.20538049870353,81.20668831436957,80.09514966258936,81.12400817871094,5154000
2022-08-15,80.94029187673071,81.98752695445468,80.84843050314632,81.90485382080078,5601000
2022-08-16,81.55578387205304,82.61220735917503,81.335315138369,82.12533569335938,4580800
2022-08-17,81.20670842976479,81.75788377258411,80.71064851865496,81.16077423095703,3831300
2022-08-18,80.86681486573724,81.55578580735182,80.54529649469873,81.3445053100586,3428300
2022-08-19,80.62795437664687,80.81168413143305,79.50723441103204,79.84712219238281,4597700
2022-08-22,78.43244004899026,78.58861210351368,77.47706628368215,78.03742980957031,5915200
2022-08-23,77.94556841917957,78.6437275184557,77.697541993799,77.79859161376953,4560400
2022-08-24,77.86290462551617,79.44294577261441,77.60568992874666,79.04793548583984,4386000
2022-08-25,79.32351864938863,80.49936125315173,79.2775914590204,80.27889251708984,4236300
2022-08-26,80.38913455122548,80.83007204617701,77.1280024975346,77.21986389160156,6674900
2022-08-29,76.42983567416687,77.77103852653556,76.2828588600148,77.27497863769531,5035500
2022-08-30,77.33008966160925,78.10173366124121,75.96133618117216,76.62274932861328,6812500
2022-08-31,77.04532690031392,77.86290519614077,76.8432276346354,77.22904968261719,6570100
2022-09-01,76.88914935019015,78.51512459293575,76.18180897926412,78.45082092285156,7556800
2022-09-02,78.51512154511508,78.79070568824629,75.83272997062285,76.19099426269531,10336800
2022-09-06,76.31041791105174,77.73429393220952,75.02433747396964,77.64242553710938,11062800
2022-09-07,78.18440240611643,81.40878752534287,78.00986090417166,81.12400817871094,9946800
2022-09-08,80.19621783569103,82.19882692210881,80.06761049139972,82.18045043945312,7721100
2022-09-09,82.21720040024857,82.63058016866341,81.42717981337024,81.47311401367188,7094600
2022-09-12,82.46521838837756,83.02558193333455,81.33531006620638,81.82218170166016,9078900
2022-09-13,79.66339458309147,82.03345571085056,79.06628518149081,80.69225311279297,16033600
2022-09-14,82.28149665464849,85.87333493018336,82.2263812261173,85.15679931640625,24320600
2022-09-15,84.5964399763378,85.57019031650762,84.26574038011137,84.71586608886719,11052400
2022-09-16,83.73292889096467,84.60562253421395,83.27361497165995,83.8799057006836,11987600
2022-09-19,83.49408728366976,85.01901292550177,83.43897185372505,84.64237213134766,6287000
2022-09-20,84.20144582134762,84.53214545336878,82.76838137590383,83.40223693847656,6560000
2022-09-21,83.8615456720323,84.07282617390499,81.3628765482468,81.39043426513672,8806800
2022-09-22,80.83924423773519,80.85761370947132,77.51380916759635,77.80776977539062,9953000
2022-09-23,77.07286593713009,77.56892573941185,76.45738705615156,77.32089233398438,7153200
2022-09-26,77.44951479254945,79.02955587716066,77.42195707735326,77.90882873535156,7583500
2022-09-27,78.97442676500913,79.4612983386604,76.40226632749598,77.42194366455078,8628800
2022-09-28,77.78942391641908,80.36158527182171,77.39441357273745,80.02169036865234,7850800
2022-09-29,79.74605764513996,80.23292913914196,78.64370735715703,79.52558898925781,6881500
2022-09-30,79.52560766856962,79.64502675843623,77.3025300941139,77.40357971191406,7737500
2022-10-03,77.85370723335548,79.20409124125278,76.98101361352033,78.65291595458984,6739900
2022-10-04,80.00329011121379,81.71193834515853,79.79200964631104,81.30774688720703,5982400
2022-10-05,80.59123062216139,83.26443422877634,80.42587731597878,82.78675079345703,7980800
2022-10-06,82.85105786833178,83.50328287821935,81.99673358608393,82.07940673828125,6893800
2022-10-07,81.33531117671528,81.66601776542073,79.27758674255027,79.94818115234375,6606400
2022-10-10,79.92980371293747,80.44423301806542,79.12140679508082,79.9757308959961,5092400
2022-10-11,79.65422975253364,80.10435549156087,78.67129811343122,79.19491577148438,5531300
2022-10-12,79.92061995964421,80.8943632014663,79.37863291253917,79.80120086669922,5261900
2022-10-13,78.16605226720404,82.64896134172555,77.81697615425989,82.09778594970703,7616600
2022-10-14,82.6856852269086,83.31953360464613,79.22245470609371,79.34188079833984,6315200
2022-10-17,80.74739533704155,81.95998390760448,80.66471518002088,81.66602325439453,6255300
2022-10-18,82.77756149828849,83.10826810644464,80.91274796309256,81.72113800048828,5484400
2022-10-19,81.19752427254956,81.87730699593419,79.92982021944172,80.3983154296875,6473400
2022-10-20,80.22375908102742,81.05052541643121,79.4337386948164,79.72769927978516,4540700
2022-10-21,79.92063604404575,81.73033432641517,79.51643748107884,81.39962768554688,9088800
2022-10-24,79.8287659490052,80.38912952895294,75.7224981127151,76.94427490234375,16499300
2022-10-25,77.25660572475384,79.0020001531072,77.25660572475384,78.27628326416016,10674000
2022-10-26,78.64372528282014,81.0505326040844,78.52430619378339,78.90093994140625,9987000
2022-10-27,79.12142379617735,79.3694572705696,77.23824068036004,78.34059143066406,9524600
2022-10-28,78.23952225685433,80.64632943791831,77.4495018466033,80.0124740600586,8284900
2022-10-31,79.55317170052271,80.44424185086888,78.95606218660859,79.54398345947266,7401100
2022-11-01,80.89435584180019,81.6476303017403,79.53479072316358,80.0124740600586,6219600
2022-11-02,80.16866002046493,81.37206742943292,77.65162133996908,77.69755554199219,7653200
2022-11-03,77.22904227929907,78.51512265786057,76.21855305634867,77.7894058227539,8855100
2022-11-04,84.49540022838944,85.9835729920239,83.15419728077023,84.38516235351562,20194300
2022-11-07,84.21062440151424,84.84447994411283,82.01510411197948,83.08989715576172,10190200
2022-11-08,83.52164519781176,86.1489214962499,83.52164519781176,85.2027359008789,9675500
2022-11-09,84.63914824652643,85.55381449908693,84.38968932837602,84.65762329101562,6271200
2022-11-10,86.74566261283486,89.0831471367081,86.22827674003082,88.9353256225586,10408400
2022-11-11,89.39725958154766,91.16191860765986,89.22171496393172,89.97007751464844,8294400
2022-11-14,89.73911559147405,91.06030334305196,89.3326011632717,90.00704956054688,8521100
2022-11-15,91.38369367308654,91.95651180846363,89.88696099426728,90.38587188720703,6410000
2022-11-16,89.17554103184399,90.50596997160508,88.9353301779404,89.6836929321289,5348900
2022-11-17,87.96522198013382,89.6282581059121,87.8635916030666,89.59130096435547,5245600
2022-11-18,90.31195594314664,90.86629901998326,89.73913076939783,90.49673461914062,5964800
2022-11-21,89.60976365755927,90.99562455504207,89.34182970485023,90.83856201171875,4499200
2022-11-22,91.00487403825487,91.2173758303982,90.09944173312991,90.94020080566406,5398600
2022-11-23,90.99562698566996,92.46464324164491,90.7923662541266,91.94725036621094,5944900
2022-11-25,92.05812142793697,92.27985720293373,91.02334272986339,91.98420715332031,2320000
2022-11-28,91.45759405414853,92.53857109884781,91.06031357932673,91.1527099609375,5257300
2022-11-29,91.429877959207,91.77172624414575,90.72770634231992,91.1527099609375,4423900
2022-11-30,91.51302218760353,94.75593178160523,91.0233453905942,94.42332458496094,15000800
2022-12-01,94.5434309594453,95.67983293409777,94.19234169178604,95.5042953491211,7452300
2022-12-02,94.25702009549455,97.50917775441295,94.07224145415177,97.05646514892578,7916900
2022-12-05,95.52277996166303,96.30809979617837,95.16245666054596,95.67060852050781,9285800
2022-12-06,95.92005087265696,96.26189909438202,93.72115414470777,94.31245422363281,8383000
2022-12-07,93.58257838359846,95.13474304765742,93.37007658693366,94.11844635009766,4194300
2022-12-08,94.92223073256687,96.00320759316325,94.60810564492306,95.84613800048828,5465100
2022-12-09,95.55972480602388,95.62439802998377,94.0075603821338,94.04451751708984,7999600
2022-12-12,93.43474261685569,95.023864299064,93.14833360977859,94.8852767944336,5796000
2022-12-13,96.84396749930198,97.19504975237368,93.30540068067184,94.34017944335938,7066000
2022-12-14,94.5341984337931,95.4396307254903,93.03746601036227,94.41409301757812,5624000
2022-12-15,93.50866841571907,93.82280060151587,91.88258939530161,92.38150024414062,7244400
2022-12-16,91.72551651690458,91.96573439094237,90.56139133379423,91.30976104736328,13862300
2022-12-19,90.94020429956369,91.29128656870888,90.29347194880835,90.82009887695312,5771100
2022-12-20,90.71845998676324,91.07878326963306,89.86845991415821,90.54291534423828,4533500
2022-12-21,89.36031743801954,91.53149823801907,89.01846919080889,91.16193389892578,5566300
2022-12-22,90.95866583007087,91.06029619135296,88.8521584305017,90.32117462158203,4756900
2022-12-23,90.16411636707122,90.8200967992138,89.50814298378243,90.79237365722656,3944500
2022-12-27,91.06955220328273,91.8918292259815,90.73694497512884,91.651611328125,4402500
2022-12-28,91.84564462130322,92.30759835451846,90.90325505818558,91.09727478027344,3491500
2022-12-29,91.46683232070713,92.99128093582306,91.16194118791313,92.17823791503906,3976100
2022-12-30,91.64237732929311,91.69780951770073,90.76466106933265,91.651611328125,3988900
2023-01-03,92.9081109799249,93.47169496739808,91.90105545897138,93.1575698852539,6607700
2023-01-04,94.87605477356362,96.7608267474481,94.74670829927437,96.51136779785156,8166600
2023-01-05,96.5390823959687,97.10266647471563,95.61517499459396,96.48365020751953,5575100
2023-01-06,97.3613547308821,98.85808718662204,97.0195135201013,98.5716781616211,9644100
2023-01-09,98.41460393915233,98.56243249277192,96.48364103725692,96.77005004882812,10124800
2023-01-10,96.41896617923477,98.33145400406222,96.24342153698892,97.93417358398438,4183600
2023-01-11,97.75862983200606,98.34069594628906,96.88092071049026,98.21134948730469,5634400
2023-01-12,98.20211475831044,98.34070227295342,97.16733597101057,97.79559326171875,4882000
2023-01-13,97.07494392058489,99.13526039004147,97.07494392058489,99.07058715820312,5529700
2023-01-17,98.81188435604321,99.4124255195692,98.22058423933088,98.62710571289062,7477200
2023-01-18,98.987422492558,99.29231357768045,96.9271132663491,97.01026153564453,5725800
2023-01-19,97.01027333882304,97.65700567487369,96.30810176764393,96.32658386230469,5115800
2023-01-20,96.45593341286528,97.19505509928538,95.98473866790667,97.04723358154297,6543500
2023-01-23,97.04722683146119,98.75645398293722,96.45592670391113,98.1281967163086,6320500
2023-01-24,98.30372354412935,98.73796103851666,97.38905742652025,98.52545928955078,5517200
2023-01-25,97.98960715546511,98.98742874313548,97.84178565109916,98.83960723876953,5416900
2023-01-26,99.13525001830266,100.52111088315021,98.91350720475299,100.4841537475586,6324100
2023-01-27,100.46567233234333,101.40806167414775,100.09610802278969,100.724365234375,6851100
2023-01-30,100.02221907710639,100.58580316616798,99.24613318034363,100.15156555175781,6880700
2023-01-31,100.02219219432432,100.84446901168691,99.32002077147062,100.8352279663086,5816300
2023-02-01,100.6781849274882,102.35045497319857,99.76351862584673,101.62056732177734,5841200
2023-02-02,101.66677473179095,102.3966624494263,99.78200272337578,100.84449768066406,9852900
2023-02-03,96.62223358288571,98.34070183963738,95.19941539993789,96.36354064941406,15200500
2023-02-06,96.08636515567794,98.09124242922056,95.43963282513315,97.02874755859375,6392200
2023-02-07,96.85321215988537,99.20917174526167,96.6037532203837,98.7010269165039,6207500
2023-02-08,98.22982453193674,98.43308526715599,97.61080832838965,98.21134948730469,5557500
2023-02-09,98.17420485433705,98.9913147369184,98.05349052924419,98.4713363647461,5608400
2023-02-10,97.97920909113489,99.59486837333831,97.93278649734064,99.43701171875,6298600
2023-02-13,99.77127457954677,101.14551213652317,99.61342502651205,100.76480865478516,5192400
2023-02-14,100.21700567686409,100.71841654190528,99.07490197024097,100.26343536376953,5109400
2023-02-15,99.81772764013448,101.21053314208984,99.59488074339065,101.21053314208984,4059100
2023-02-16,100.05913764851906,101.30337368567139,99.73415115255945,99.8548583984375,4596800
2023-02-17,99.11203806170582,99.78058583966137,98.63848928913328,99.4463119506836,6876400
2023-02-21,97.9606313626224,98.37847008452816,97.22708644828961,97.29208374023438,5438000
2023-02-22,97.87707652076493,98.36919993671164,96.92996493022571,97.28280639648438,7523700
2023-02-23,97.96992775562758,97.96992775562758,95.2957370192774,96.11285400390625,6857900
2023-02-24,95.31431442025946,95.37931172004144,93.61509018916364,94.33934783935547,6019700
2023-02-27,95.01719172440396,95.91787373663162,94.8500547831228,95.11933135986328,5235100
2023-02-28,94.70148213288154,95.59287676029592,94.61791720726836,94.7943344116211,5186500
2023-03-01,94.88719336277136,95.01718796927759,93.69866719804313,94.18150329589844,5382200
2023-03-02,94.04221059840914,95.79714467003667,93.72651147127671,95.6485824584961,4777600
2023-03-03,96.01071812162542,97.20853158825614,95.64858929266433,97.07853698730469,4882100
2023-03-06,96.98567267805173,98.3691977069717,96.97639241001065,97.4870834350586,5237100
2023-03-07,97.48708916459083,98.12778190578355,95.75072965953443,95.95500183105469,3976300
2023-03-08,95.54645741048735,95.6578773150919,94.46007083554287,95.17504119873047,4225500
2023-03-09,95.39787299811849,95.40716035009108,92.81654171530161,93.13224792480469,5732300
2023-03-10,93.42938307615363,94.0050714057887,91.9530057585518,92.27799224853516,6641900
2023-03-13,91.8415858559998,93.03939219262433,91.34017509258354,91.99943542480469,6408200
2023-03-14,92.95584542630094,93.20654731487836,91.43304521819041,92.352294921875,6248800
2023-03-15,91.36804004335346,92.26872204539586,90.32807607778929,92.24085998535156,6603300
2023-03-16,92.05514676611922,93.51294940097476,91.95300714142066,93.25296020507812,8188600
2023-03-17,91.99013708129634,92.19441630318867,90.8480337426134,91.64657592773438,10189700
2023-03-20,92.01800619330481,93.05797008087659,91.86015661909977,92.71440887451172,4864000
2023-03-21,93.32723231076817,93.95863759485638,92.98367115713214,93.35508728027344,4743700
2023-03-22,93.49437789160581,94.2279228547615,91.98085828902643,92.03657531738281,5917700
2023-03-23,92.24084889646903,92.97439387093604,90.55091208319509,91.3865966796875,6879200
2023-03-24,91.2008969985128,91.39588890071954,90.24450510875738,91.31231689453125,4685400
2023-03-27,91.85086578032879,92.5936981124257,91.5351666439008,91.60945129394531,6022200
2023-03-28,91.12661563144727,91.84159304949809,91.07090568142893,91.66516876220703,4709800
2023-03-29,92.2315689129138,93.4943796216923,91.68372847634451,93.42938232421875,4946600
2023-03-30,94.19078030479123,94.43219478511897,93.45723534339398,94.07935333251953,4082600
2023-03-31,94.56220232919601,96.82783481981839,94.56220232919601,96.68855285644531,6900100
2023-04-03,96.6235412285088,97.44065818094622,96.26141242792363,97.35708618164062,3855400
2023-04-04,97.35708785691139,97.50565715415611,95.96428257402518,96.56783294677734,3854400
2023-04-05,96.54927402257759,98.1463516067577,96.50284434196335,97.40352630615234,5170900
2023-04-06,97.40352088684119,97.64494246108875,96.5864038922108,97.1992416381836,3155700
2023-04-10,96.14998985699711,97.32922849292665,95.70428906954835,97.25494384765625,3761600
2023-04-11,97.55207400132505,98.79631699786391,97.42207941597863,98.18347930908203,4010600
2023-04-12,98.64776037639363,98.96346661289769,97.82136308450217,98.05349731445312,4606000
2023-04-13,98.77776149153767,99.56702359275211,98.65705423430693,99.34416961669922,4367600
2023-04-14,99.26988517993036,100.43983659454506,99.21416814768122,99.78986358642578,3963300
2023-04-17,100.24485294671858,100.88554573903258,99.87343673256301,100.56983947753906,4780700
2023-04-18,101.08981991146997,101.42409377892977,100.03128835923886,100.19842529296875,5300500
2023-04-19,99.9941298995251,100.15197945475607,99.42772188682706,99.50200653076172,4617800
2023-04-20,98.60134471107037,99.89201055357779,98.60134471107037,99.39988708496094,4297200
2023-04-21,99.6320148739951,101.00624555568943,99.03775180880167,100.45841217041016,4522800
2023-04-24,100.45840820307797,101.47979736328125,100.31912625301064,101.47979736328125,5940700
2023-04-25,101.12695055955288,103.16972877216125,101.05266591221377,101.52621459960938,8747100
2023-04-26,101.2198055952763,104.30254770243194,101.2198055952763,103.5040054321289,8081600
2023-04-27,103.42971711318853,104.81323500881085,103.23472522863831,104.6925277709961,7618500
2023-04-28,104.38612326499381,106.14105755134844,104.26541601058695,106.12248992919922,5979300
2023-05-01,106.08535525168212,107.22745891103496,106.08535525168212,106.37319946289062,6495900
2023-05-02,106.3081970780408,106.37319438340917,104.78539699440324,106.28034210205078,9626400
2023-05-03,101.28482043346278,101.87908356300018,96.38214607269158,96.53070831298828,24388600
2023-05-04,96.81854328807002,98.11849641649168,96.3821368784583,97.23638916015625,8858100
2023-05-05,98.00707898507622,99.7991556016712,97.84922231786567,99.54844665527344,7813800
2023-05-08,99.78986304049907,100.39341344997906,99.28845225804682,99.51129913330078,6090700
2023-05-09,99.3441643172143,99.52058860113445,98.7963309280353,99.08417510986328,3682400
2023-05-10,99.50202395961419,100.38413123728479,98.1277861428047,99.32559967041016,4565000
2023-05-11,99.32559744793491,99.62420849775211,98.09382597750789,98.56973266601562,4791700
2023-05-12,98.6910544551657,99.1203074220533,97.82321492313545,99.02699279785156,5175600
2023-05-15,99.01765601954355,99.62421173654896,98.55107579407004,99.5122299194336,4217000
2023-05-16,99.2976017255056,99.43757009014973,98.16847137475122,98.24312591552734,3676600
2023-05-17,98.87765966974048,99.41889432578395,97.93516581965756,98.6257095336914,4757300
2023-05-18,98.37376048988617,99.97879740002344,98.16846407773629,99.93213653564453,5377500
2023-05-19,99.84816304849514,99.98813853273327,98.28045328781558,98.45775604248047,4985200
2023-05-22,98.46708492481547,98.63505408611283,95.90089375576908,96.02220916748047,7504300
2023-05-23,95.29433985494197,95.31299992984479,93.39069183966456,93.63330841064453,6766300
2023-05-24,94.0625657514131,94.07189222887288,92.4855224879997,92.95210266113281,6134800
2023-05-25,92.10293764666446,92.28957401660054,91.19777795041027,91.86032104492188,8177000
2023-05-26,92.03759713715026,92.95209735686291,91.75765332091433,91.94428253173828,7276500
2023-05-30,92.28023296874731,92.34555391308939,90.80583780279855,91.2164306640625,6505400
2023-05-31,91.47771679207511,91.52437766185375,90.49790260176617,91.11378479003906,10377100
2023-06-01,91.0671138465097,91.66434301192491,90.06863257096062,91.00179290771484,6752200
2023-06-02,91.7390012070677,92.99877350526306,91.62702650994756,92.8494644165039,6221400
2023-06-05,93.35335773676452,94.12788249833508,92.84945031789144,93.2507095336914,6536500
2023-06-06,93.07341468893759,93.62398301750576,91.01113109502532,91.65501403808594,8657100
2023-06-07,91.96295662028602,92.2522340545889,91.06711640670243,91.37506103515625,6285600
2023-06-08,91.12310199900664,92.5508360762793,90.44189186778254,92.52284240722656,6877800
2023-06-09,92.1962424036046,92.34554435259406,91.11377301577595,91.41238403320312,5550800
2023-06-12,91.41237951910676,91.92562051720637,91.00178672062707,91.87895965576172,6705800
2023-06-13,91.92563323820605,92.82146637021845,91.92563323820605,92.62550354003906,5137900
2023-06-14,92.90544839265672,94.58513998297934,92.56018359647021,93.93193054199219,9279500
2023-06-15,94.56647064260959,95.17302632088028,93.93192841115882,94.60379791259766,6448200
2023-06-16,95.19169993848224,95.65828016564153,94.69712603680529,95.0610580444336,11709200
2023-06-20,95.05172805905565,95.63961660461837,94.15589484319601,94.50115966796875,5506400
2023-06-21,93.87594028055743,95.61161929514589,93.65198376496677,95.0610580444336,5508800
2023-06-22,94.64111586866339,94.84641227366951,92.98009167462926,94.10921478271484,6125500
2023-06-23,92.98943563141489,93.06409017236163,91.00179941553934,91.7669906616211,18770100
2023-06-26,91.76698587673643,92.16824511409166,90.96447452147447,91.66434478759766,6069000
2023-06-27,91.81364504059012,92.43886075807148,91.19776291992964,92.12158966064453,5034100
2023-06-28,92.0469527217761,92.0469527217761,90.79652104776581,92.01895904541016,6581900
2023-06-29,92.01894572071926,92.22424214360811,91.43105724381375,92.08426666259766,5113500
2023-06-30,92.75613623974596,92.81212358012367,91.95361780357405,92.43885803222656,6229900
2023-07-03,92.13091680159248,92.91476801286065,91.68299673840504,92.52284240722656,3287000
2023-07-05,92.5228425225689,92.69081165654259,91.72032411796653,91.87895965576172,6365400
2023-07-06,91.31906907279708,91.51503188477926,89.49940930478523,89.77001953125,7153300
2023-07-07,89.5740561993325,90.19927901806354,89.1634705039928,89.63005065917969,7889500
2023-07-10,89.86334999786237,92.8774541241046,89.79802905418232,92.50418853759766,9294600
2023-07-11,92.79346824772303,93.53066578463836,92.51351729263418,93.40001678466797,5268000
2023-07-12,94.64112844500184,95.02372763598167,94.02524626759038,94.37984466552734,6971900
2023-07-13,94.72511626953744,95.36899211839687,94.52915343558466,94.80909729003906,4511700
2023-07-14,94.96773000021862,95.25701456308241,94.23986603327201,94.81842803955078,3939800
2023-07-17,94.0905690467106,95.00506229269898,93.35337144342247,94.18388366699219,5244500
2023-07-18,94.00657847126134,94.64112783997815,93.18539986681269,94.0252456665039,5989000
2023-07-19,93.89461170020373,95.16371054472089,93.89461170020373,95.02373504638672,5556200
2023-07-20,94.97706040948746,95.630276933898,93.96924551087595,94.13721466064453,5466100
2023-07-21,94.99573503184114,96.62876579139032,94.81843227115208,95.94755554199219,20370300
2023-07-24,96.00354716761629,96.4981282000264,95.48097957949926,95.91023254394531,4746600
2023-07-25,95.5836012656577,96.83403253849553,95.49028666789253,96.04084777832031,5627500
2023-07-26,95.37831764006638,95.80757054277615,94.5291454315064,94.93040466308594,6568300
2023-07-27,95.21036542915031,95.58363105599335,93.81995826659593,94.04391479492188,5373400
2023-07-28,94.7157729914159,95.02371760734621,94.07189008891582,94.48248291015625,5320700
2023-07-31,94.53848133510321,95.0237287479046,94.11856198738393,94.7811050415039,6377400
2023-08-01,94.68777646768761,94.9117329455032,93.68929523476004,94.49181365966797,7784300
2023-08-02,93.78260882719403,97.47792270873775,92.6534857344541,95.30365753173828,14463100
2023-08-03,95.15437233699613,96.02221184128997,94.66912491553656,95.49031066894531,5547500
2023-08-04,96.07818887252128,96.25549161741245,93.80127533814463,93.9505844116211,5199200
2023-08-07,94.64112437469099,95.05171722160594,94.19321137755533,94.93973541259766,5222700
2023-08-08,94.45449328735084,94.64112251257721,93.21338829319457,93.96924591064453,4058400
2023-08-09,94.24920136455603,94.7904361107628,92.82146707705625,93.24138641357422,4494300
2023-08-10,94.32024100394264,96.03703245183368,94.18890247149982,95.37095642089844,6844200
2023-08-11,95.12704051545367,95.12704051545367,93.94498654642919,94.74240112304688,3180600
2023-08-14,94.26395064670173,94.95816959354278,94.00126643683078,94.76116180419922,3239300
2023-08-15,93.93560224769537,94.42343722067922,93.60725591438698,93.8511734008789,3203700
2023-08-16,93.44777388477458,93.89807537998475,92.77231448454609,92.85675048828125,3679500
2023-08-17,92.8755045872357,92.96931679675033,90.46449429990396,90.59583282470703,5291100
2023-08-18,90.07046889742415,91.45890662453179,89.86407776456468,91.21499633789062,4126000
2023-08-21,91.2994278254837,91.53396190920694,90.21119339886226,90.49263000488281,3753200
2023-08-22,90.5207856175473,90.75531973409208,89.68584473524095,90.12677001953125,3639800
2023-08-23,90.45511922110923,90.58645775794827,88.19421398773999,89.29183197021484,9704500
2023-08-24,88.88842545728497,89.71398292707978,87.91276272530227,88.9634780883789,7824500
2023-08-25,89.62955860252899,90.02357419951147,88.66327919008533,89.57327270507812,5360400
2023-08-28,90.00481734241909,91.18686416912706,89.90162175569505,91.0367660522461,5098900
2023-08-29,91.33695517534932,93.0912727181964,91.31818844028741,93.01622009277344,5512300
2023-08-30,92.89426344826592,93.55096322461893,92.87550386947308,93.10065460205078,4212200
2023-08-31,92.87552389447383,93.1851106919015,91.26192778869668,91.41203308105469,5624500
2023-09-01,92.31262630442981,92.6409726240197,91.03676018481231,91.93737030029297,4747100
2023-09-05,91.48706178378964,91.75912220821021,90.61459461492814,90.84912872314453,5414300
2023-09-06,90.45512362295923,90.57708595411162,89.47008454873115,90.01419830322266,5428400
2023-09-07,89.58266194708241,89.89224874292113,89.14173659981168,89.21678924560547,6404100
2023-09-08,89.35750005605138,89.92038051468558,88.88843181428733,89.3856430053711,4754700
2023-09-11,89.73274341296235,90.27686421437181,89.32934449569841,89.75150299072266,5577500
2023-09-12,89.59202830518119,90.53954809552101,89.3105845156029,90.28624725341797,5007600
2023-09-13,90.24872049840141,91.2806762835573,90.09862239345964,90.93356323242188,5830200
2023-09-14,90.78347317841417,91.73099312287404,90.29564530886482,91.14935302734375,6039700
2023-09-15,91.23376672542324,91.44015788273879,90.10800588586388,90.27687072753906,8767600
2023-09-18,90.34253649210692,90.97108615056388,90.14552155327107,90.77407836914062,4477500
2023-09-19,89.3199669005337,89.56388437165528,88.43811638314912,89.39501953125,6803000
2023-09-20,89.54511691836409,90.64274195091716,89.16986808261244,89.27306365966797,4572100
2023-09-21,89.27306578361053,89.4231638899997,87.2748306143695,87.34049987792969,6108800
2023-09-22,87.65009416905812,88.50379466890182,87.59380826898878,87.88462829589844,5118900
2023-09-25,87.14349136450896,87.6876122051594,86.54308462910603,87.00276947021484,4818800
2023-09-26,86.30856323242188,86.7682481412143,85.53929154208163,86.30856323242188,6086600
2023-09-27,86.74009649309036,86.99339734620212,84.78877093265363,85.52989959716797,4731500
2023-09-28,85.52990920225623,85.73630039243983,84.62929895570296,85.44548034667969,4736300
2023-09-29,86.88081719703348,87.30297573651936,85.2203116725744,85.62371063232422,7700200
2023-10-02,85.41733275312242,86.06464208294231,85.17341525457718,85.49237823486328,6430500
2023-10-03,84.90134638174614,85.43608385719101,83.69114953575767,83.94445037841797,6666600
2023-10-04,84.32907746008291,85.77380832420458,84.2540248329412,85.5111312866211,6166100
2023-10-05,85.50175160614542,87.29359558001154,85.50175160614542,86.6556625366211,7548600
2023-10-06,86.30855769929997,87.56565716936174,86.00835430664242,87.10597229003906,6979300
2023-10-09,86.73072050208809,87.04969064843345,85.77382437787958,86.94649505615234,4120700
2023-10-10,87.20915907829037,88.15667884846481,87.12473023766145,87.4155502319336,4974800
2023-10-11,87.51874900256945,87.83771195535778,86.16783024390595,86.26164245605469,4499200
2023-10-12,86.15846574500796,86.54310520369448,85.15465982460587,85.76445007324219,5485200
2023-10-13,85.63310051799341,86.36484585941196,85.41733312624878,85.82073211669922,4780100
2023-10-16,86.46803830912775,88.05349126289889,86.16783491951443,87.85648345947266,4595900
2023-10-17,87.01215569197952,88.36307446964499,86.8995767413697,88.35369110107422,6086700
2023-10-18,88.12853507031997,88.6820321067671,87.71575276692708,87.95028686523438,4110700
2023-10-19,88.5319472602446,89.74214424758411,88.34431565905996,88.57884979248047,5610800
2023-10-20,88.76647421952462,89.20739234249248,88.31616557048932,88.36307525634766,4699000
2023-10-23,88.11915047943683,89.15109906618548,87.51874376869533,88.37244415283203,4481000
2023-10-24,88.44749415175446,89.10419389282744,88.24110300905758,88.76646423339844,3600200
2023-10-25,88.48503310123256,89.46069590587099,88.1566867625113,88.18482971191406,5497300
2023-10-26,88.00658597720424,88.63514289471179,86.87144162978574,86.9371109008789,6201700
2023-10-27,86.90895580131365,87.93152820243812,86.09277455403519,86.32730865478516,8293600
2023-10-30,87.35927007617752,87.9127671542007,86.9840140592159,87.38741302490234,7852700
2023-10-31,87.40617387525447,87.54689577833695,86.30855591455509,86.53370666503906,9308300
2023-11-01,86.14907728904218,86.17722023910962,84.94826370340817,85.69876861572266,14292500
2023-11-02,94.7423828709116,95.61484991563701,93.56971249667916,93.82301330566406,23396300
2023-11-03,94.39529718538125,97.35042143378405,94.28271822873779,96.29971313476562,15995700
2023-11-06,96.50611040613082,97.65063099594397,95.66178607150313,97.59434509277344,7532000
2023-11-07,97.78196914150077,97.93206725749248,96.93764487213059,97.2659912109375,6239500
2023-11-08,97.32228726627451,98.33547649525478,97.23785840923323,97.84764862060547,7453000
2023-11-09,98.38532995567418,98.53625288961156,96.24405370627626,96.4327163696289,7607000
2023-11-10,96.7817072612616,98.43246739991723,96.19687113233917,98.41360473632812,7338500
2023-11-13,98.02686729713804,98.31929260468036,97.12130816976021,97.64012145996094,7120800
2023-11-14,98.55511312919128,99.81912046485671,98.3287179552784,99.6115951538086,8323000
2023-11-15,99.668191008745,100.49828500175028,99.668191008745,100.01720428466797,7980200
2023-11-16,100.25302573272567,101.55477268997949,100.177560680792,101.13028717041016,8037200
2023-11-17,101.10200558501256,101.40385864380339,99.49841255957583,99.58330535888672,6341800
2023-11-20,99.24371423520343,99.48897208078026,97.9702719393237,98.38532257080078,9799500
2023-11-21,98.52680242333798,98.743762652801,97.31939035522285,97.80990600585938,6149000
2023-11-22,98.25326017913166,98.74376866287957,97.42315893422035,97.57408905029297,4828700
2023-11-24,97.57409114480149,97.72501406736974,96.65909708751627,96.9515151977539,3206400
2023-11-27,96.48929062109491,97.24391952043084,96.281765334836,96.5553207397461,7853600
2023-11-28,96.17801947666709,96.26291947074571,95.16869766014204,95.44225311279297,6848100
2023-11-29,95.75352765119133,95.92332041876256,93.8858072079078,94.18766021728516,8428500
2023-11-30,94.38575784363694,94.44236023501225,92.83876015193276,93.66886138916016,11442600
2023-12-01,92.91422268388264,93.64998898106789,91.9897937484808,93.57452392578125,12506500
2023-12-04,92.810470784834,93.2726817077136,91.28233562358079,92.06526947021484,11477400
2023-12-05,91.85773098551125,91.95206590040904,89.47120445216648,90.12207794189453,16027300
2023-12-06,90.50882103303066,91.65963787155815,90.05604512076161,91.51814270019531,12115000
2023-12-07,91.73509497266897,92.15957325322844,90.81066617038788,90.97103118896484,7858300
2023-12-08,90.63145767092033,91.36722395945058,90.3767649115099,91.13140106201172,7125200
2023-12-11,91.70681458627327,93.39530748905436,91.70681458627327,92.55577850341797,7639100
2023-12-12,92.8576313670098,93.00855428713938,91.9049047952911,92.58407592773438,6313800
2023-12-13,92.91423175629112,93.04629201756558,91.32950142425312,92.54634857177734,7741900
2023-12-14,93.12174240021062,93.18777252043866,91.64077496360194,92.29164123535156,9764800
2023-12-15,92.29164259591036,92.66896065852295,91.08423055294487,91.26345825195312,12466000
2023-12-18,91.72567473181871,91.80113978832306,90.48053008647253,91.08423614501953,6146400
2023-12-19,91.4426852796022,92.48973947721164,91.4426852796022,92.17845153808594,5992900
2023-12-20,90.89556658039439,91.38607497798718,89.28253903109402,89.3391342163086,10057400
2023-12-21,89.68815022774166,90.02773571576743,89.11274188396148,89.9239730834961,7097200
2023-12-22,89.50893267506488,90.39562901591665,88.99011945504667,89.87681579589844,6361000
2023-12-26,89.9334020403546,90.26355980029923,89.5749538855555,90.24468994140625,3709500
2023-12-27,90.26357141919476,90.34846420491321,89.414607578293,89.8862533569336,4959300
2023-12-28,90.0843364625807,90.52768461026282,89.71645336061952,90.48995208740234,4518300
2023-12-29,90.44278955295437,90.88613772474594,89.94284619216582,90.56542205810547,6135700
2024-01-02,90.03717392680257,90.5088196932012,88.31095589130844,88.35811614990234,8859700
2024-01-03,88.63166822084634,88.89578868860595,87.78270443394548,87.94306945800781,7161700
2024-01-04,87.82044094155735,89.2165155874342,87.7261132268986,88.24492645263672,7118600
2024-01-05,88.03739765785228,88.27322053348347,87.23560132005485,87.7166748046875,7191000
2024-01-08,87.74497623674124,89.20708100831244,87.67894611654569,88.8486328125,7536900
2024-01-09,88.30153560604569,88.4147331995832,87.59406683911128,87.81101989746094,6348500
2024-01-10,87.73555068279191,88.37698923637542,87.61291817313665,88.19776153564453,5847700
2024-01-11,88.03740830120512,88.32982639938213,86.6885010016478,87.66952514648438,6483600
2024-01-12,87.94308398779815,88.10344184161151,86.56587184109472,86.76396942138672,5641200
2024-01-16,87.40540516141336,87.471435287093,86.52814366495858,87.44313049316406,7493400
2024-01-17,86.46211673112221,86.7450999101628,86.216858885225,86.56587219238281,6672900
2024-01-18,86.7450894843154,88.13172920486186,86.61302924395319,88.04682922363281,7549500
2024-01-19,87.89590734126364,88.89579408613356,87.38652903819495,88.53734588623047,9565900
2024-01-22,88.48075077741684,88.59394115815186,87.54688695589236,87.79214477539062,9421000
2024-01-23,87.75441096207818,88.33925430868784,86.56586160459423,86.75452423095703,10227100
2024-01-24,87.30163735460799,87.57518557574721,86.77338918360458,86.820556640625,7661400
2024-01-25,86.99035506113798,87.3959707489335,86.51870924727082,87.35823822021484,11991500
2024-01-26,87.6506583485722,88.18833430094351,87.16958478895965,87.53746795654297,9229400
2024-01-29,87.7449851428906,88.60338398930375,87.00921881553309,88.48075866699219,12728100
2024-01-30,87.72612396111539,89.31085423021821,87.33937092792486,88.74488067626953,17625200
2024-01-31,92.70669837716004,92.7821634332582,87.74498248823537,87.7544174194336,26751800
2024-02-01,87.82045674430614,88.29210259921298,86.66021197141228,88.07514953613281,15001500
2024-02-02,87.4336916719759,88.30151812708033,86.47153030922456,87.7166748046875,11366600
2024-02-05,87.51859395299157,87.60349393974114,86.68849993148982,87.26390838623047,7335800
2024-02-06,87.25445781695163,90.27298753300322,87.11296266222428,90.24468994140625,11531500
2024-02-07,90.78239003670083,91.17857801518079,89.07503438440408,89.9051284790039,9078000
2024-02-08,90.24673945998674,91.75560040718199,89.1364500633975,91.66069793701172,9888100
2024-02-09,91.40448955797193,92.98926250937173,91.37602170998936,92.33448028564453,9385600
2024-02-12,91.97386896337342,92.18264283694964,90.51245908838261,90.59786987304688,9224400
2024-02-13,90.00950464156807,90.68327023901072,88.62401390372287,89.07952117919922,8138500
2024-02-14,89.27880169313308,89.64889818007184,88.97513259513096,89.2693099975586,5510600
2024-02-15,89.23134540843127,89.4306275639699,88.25391078077138,88.46268463134766,8878000
2024-02-16,88.34880601102188,89.37369187382801,88.01666908512414,88.46268463134766,5737500
2024-02-20,88.59554208377125,89.3167588875841,88.32034083968422,88.69043731689453,8844500
2024-02-21,89.07003195671547,90.88255493311472,88.98462117267339,90.17082977294922,8284600
2024-02-22,90.04746414699389,91.17673701944217,89.33573900688799,90.89204406738281,8124700
2024-02-23,90.98694530154508,91.98336345938287,90.702259570765,90.74021911621094,6845200
2024-02-26,90.49348339299667,90.6927655714954,89.44012956375853,89.46859741210938,7043800
2024-02-27,89.50656183444511,89.8292143601049,88.82330447661799,89.32625579833984,5356100
2024-02-28,88.98462283458706,89.17442055820156,88.03565593664308,88.25392150878906,5622400
2024-02-29,89.67737284818317,90.24675154524242,89.18391324140994,90.05696105957031,11221100
2024-03-01,89.62991493894506,89.74379356590237,88.16851237989289,88.40575408935547,7995400
2024-03-04,88.3108489746014,88.55758237228137,87.34290601453714,87.74147033691406,7321000
2024-03-05,87.39985423583165,87.46628163241743,86.42241944033678,86.56476593017578,7137300
2024-03-06,86.6881235057385,87.33342127720718,86.46986517658979,86.97281646728516,4826900
2024-03-07,86.94435369681922,87.07720848928851,85.70120208150921,86.30854034423828,8792400
2024-03-08,85.9953776046558,86.85893366380637,85.97639421344144,86.41291809082031,7673300
2024-03-11,86.60272278184178,88.21596364303333,86.51731199457896,87.37138366699219,6702300
2024-03-12,87.30495160082282,87.9882089021926,86.5552669084889,87.68453979492188,9444900
2024-03-13,87.7699485137246,88.13056057740464,86.23262673502305,86.93486022949219,8254500
2024-03-14,86.45088864243536,87.02975906746947,85.79610636300396,86.98231506347656,8544800
2024-03-15,86.92535606979374,87.32392038193777,85.50190589210047,85.52088928222656,18136300
2024-03-18,86.11874509750008,86.76404287102795,85.90997122370536,86.365478515625,7413900
2024-03-19,86.35599127821644,87.210062969636,86.22313648622263,86.91587829589844,5676500
2024-03-20,87.10566778377039,87.90279646029389,86.84944268057178,87.87432861328125,5804400
2024-03-21,87.90280693340691,88.41524996081628,86.96333166984473,86.98231506347656,6287300
2024-03-22,87.05822241896297,87.09618196422166,85.46395771831293,86.0807876586914,6495000
2024-03-25,86.02384763984921,86.46986322418174,85.8530333147866,86.0428237915039,6903000
2024-03-26,86.33699631764347,86.35597246663322,85.62527126984155,85.7486343383789,6216100
2024-03-27,86.02386196249844,87.14364333767215,85.97641071539736,86.83048248291016,5863700
2024-03-28,87.10567004493235,87.53270224129199,86.64067830488966,86.72608184814453,6784300
2024-04-01,87.13414139725052,87.37138312477953,86.37496497314054,86.85894012451172,4990200
2024-04-02,86.46036438084595,86.58372745650978,84.67630943104234,84.74273681640625,8276800
2024-04-03,85.0274344061559,85.25518443926751,84.12591873005864,84.1733627319336,6316400
2024-04-04,84.58141809790772,84.78070028024032,83.13899158005337,83.14848327636719,8057600
2024-04-05,83.4141962069088,83.44266405695201,82.39880186178898,82.41777801513672,7161400
2024-04-08,82.53164362638586,82.9017400986084,81.95277330008041,82.74041748046875,6322900
2024-04-09,82.74042224350032,83.12949488847224,81.90532677909567,82.68347930908203,6240700
2024-04-10,81.91482581789435,82.43676052993483,81.23156846396617,81.56370544433594,7413900
2024-04-11,81.61114584355656,81.9053232385047,80.90891242978894,81.51625061035156,6841600
2024-04-12,81.0607413287777,81.14615210455688,79.98841146428416,80.58625793457031,8594800
2024-04-15,81.04176713914812,81.96226610458538,80.58625988407115,80.82350158691406,9676900
2024-04-16,80.49137416255468,81.7914614541795,80.11178594514189,81.06075286865234,8866800
2024-04-17,81.61115787236088,82.00972225459225,80.98483620881734,81.81044006347656,6870100
2024-04-18,82.02870322485616,83.15796894115222,81.65860670371096,82.70246887207031,11403300
2024-04-19,82.70245321719011,83.58499257902746,82.6739853732666,83.13897705078125,11900000
2024-04-22,83.58500588151875,84.08795717765632,82.88276516611647,83.67990112304688,8669000
2024-04-23,84.23978366801546,84.27774321063092,82.86378463840701,83.3857192993164,5670500
2024-04-24,82.61706108925733,84.40112360484478,82.51267414462005,84.22081756591797,7183900
2024-04-25,84.97998611812314,85.15080044435219,83.20541546452365,83.35724639892578,7284600
2024-04-26,82.93970227545846,84.6952894605253,82.91123442900455,83.74632263183594,7185300
2024-04-29,83.73683957799247,84.08795994725845,83.37623475229128,83.82225036621094,8522800
2024-04-30,83.13898708796083,84.44855874683583,82.73093104902952,83.97407531738281,14538400
2024-05-01,71.95066196109013,73.06095137137386,68.96141511490605,70.6410903930664,66610700
2024-05-02,71.07761125737531,71.31485294565758,69.60670989400856,71.1060791015625,23883400
2024-05-03,71.4287397800709,71.65649706294016,69.26509627311616,69.37897491455078,22153800
2024-05-06,69.56876015878979,70.40385565285271,68.98988977860262,69.1796875,18632200
2024-05-07,69.13223154422955,69.13223154422955,68.13582072501745,68.80009460449219,21901300
2024-05-08,68.60082009969577,70.66956829251151,68.56286055376741,69.74906921386719,24482600
2024-05-09,69.81549688269345,71.89373678014238,69.34101341679502,71.81781768798828,18591500
2024-05-10,71.4666918418028,72.41565870090008,71.22945012702849,72.22586822509766,15761900
2024-05-13,72.33025690736791,72.91861174060432,71.93169255452207,72.29229736328125,10953600
2024-05-14,72.33974108670266,72.81422447841908,71.66596829922841,71.77035522460938,10961100
2024-05-15,72.02658971768804,72.1499528092312,71.47618717380087,71.8367919921875,8826500
2024-05-16,71.89416549175233,72.23838603460862,71.19616069791266,71.98021697998047,10758500
2024-05-17,71.97065707536635,74.58099511414936,71.63600022295115,74.43756866455078,14436500
2024-05-20,74.27501415488281,74.88696013246395,73.34753148090067,74.14115142822266,11183800
2024-05-21,74.16026518131281,74.7913385199329,74.10289753051856,74.3132553100586,8916600
2024-05-22,74.29414306242037,77.46861593220397,74.0455449949175,77.18177032470703,22072200
2024-05-23,76.58894232919153,77.16264082366665,74.23677339536299,74.87740325927734,15841300
2024-05-24,75.05906521879395,75.74750621984322,74.68616089238742,75.41284942626953,10746200
2024-05-28,75.33636183160745,75.34592553950682,74.01685464538996,74.08378601074219,8833300
2024-05-29,73.7204362289061,74.88696053461305,73.46227448180986,73.51007843017578,9268100
2024-05-30,73.72044574401782,75.42242117891512,73.68219820340555,75.30768585205078,9294200
2024-05-31,75.61365266044304,76.80886085008721,75.16425321394132,76.70368194580078,12669700
2024-06-03,76.18735358908593,78.5204023848899,76.12998592852422,78.4821548461914,12443400
2024-06-04,78.37696975692597,79.77297198194425,78.3100383932255,79.16102600097656,12370000
2024-06-05,78.84549012255751,78.88373765863707,77.41124034694592,77.60247802734375,11275300
2024-06-06,77.59291463935145,79.29488987956246,77.37299312973052,77.89888763427734,9237800
2024-06-07,78.0423154560993,79.00803840707921,77.07658521014764,77.86064147949219,10852600
2024-06-10,77.91800683031917,78.26222735739768,77.29649714004015,78.02318572998047,8698600
2024-06-11,77.37299583060557,77.42080707631393,76.25428271276022,76.38814544677734,9024300
2024-06-12,76.48375961042422,76.66543358769647,75.70926704621607,75.90049743652344,8873400
2024-06-13,76.01523245170276,77.3538669350037,75.70925948080293,76.72279357910156,13947300
2024-06-14,76.49332535751113,76.87579344329308,75.64233769650657,76.1586685180664,7192400
2024-06-17,76.0917383878148,78.16661812109209,75.79532178665227,77.76502990722656,9845900
2024-06-18,77.45905492647483,78.1283685992615,76.1012928695803,76.68455505371094,9664500
2024-06-20,76.3212163956352,77.23913544030792,76.17778994912995,76.22560119628906,10183900
2024-06-21,76.4933161885987,76.73235780168807,75.69013987020455,76.40726470947266,25648400
2024-06-24,76.49331492633132,76.56024628509303,75.6996950331776,76.23515319824219,7396600
2024-06-25,76.49331927553855,77.21044414374673,75.41285376696128,75.80487823486328,15821600
2024-06-26,75.5371613197127,75.80488680023257,74.94433540215279,75.68058776855469,10708100
2024-06-27,75.58496540406983,75.95786975873361,75.23118116978584,75.76663208007812,10289600
2024-06-28,75.26943623624476,75.4224190995036,74.2080907221764,74.43756866455078,13207500
2024-07-01,74.57141099887602,74.79133246740813,73.41445060000426,73.74910736083984,6767600
2024-07-02,73.73956945771826,73.82562094854397,72.93638573515119,73.4622802734375,8854100
2024-07-03,73.47183792866566,73.66307562535293,72.73559285759328,72.91726684570312,4906700
2024-07-05,72.89813549436857,72.92681932358059,72.1140792176954,72.71646881103516,9663100
2024-07-08,72.9937575628002,73.09893647646196,71.20573062049532,71.30134582519531,8871200
2024-07-09,71.35870180718594,71.36826551458206,69.54199133037439,69.56111145019531,11816900
2024-07-10,69.79060571321138,69.96271601180636,69.17865960597877,69.33164978027344,11132500
2024-07-11,69.16908690808793,70.27824364267457,68.920488849623,70.0870132446289,12316100
2024-07-12,70.56509919843745,71.76986388255281,70.16350367542664,71.5499496459961,10559300
2024-07-15,71.60730713468583,71.61687084208194,69.34118994991246,69.56111145019531,9064400
2024-07-16,69.04478191723253,72.20013427734375,68.41371582219315,72.20013427734375,14968700
2024-07-17,71.9228557209639,72.79296356868332,71.28222582391065,71.80811309814453,11567800
2024-07-18,71.19616531644242,71.81767507552681,70.57465555735804,70.93800354003906,10701000
2024-07-19,71.3873975545853,75.90049750677356,70.93799811247808,75.79531860351562,32965900
2024-07-22,74.89653259497412,75.03039533728193,72.67822634319457,73.1945571899414,18851500
2024-07-23,73.75869082621045,73.75869082621045,72.69734531825583,72.91726684570312,9592100
2024-07-24,73.02244860720631,73.13718393472772,70.77545117694537,71.40652465820312,10478200
2024-07-25,71.76985248339187,72.44872979771856,70.04875722445654,70.10612487792969,18973600
2024-07-26,70.60333678217123,71.73161363863471,70.47903775293203,70.80413818359375,12387100
2024-07-29,71.12923961389798,72.27663672597998,70.48860968123508,71.90373229980469,10864700
2024-07-30,71.95152516554802,72.7164612414426,71.56905712760071,72.61128234863281,16163600
2024-07-31,76.06303699275448,77.67895318348012,74.38974585974579,74.53316497802734,18901100
2024-08-01,74.47581466661813,74.7148563126902,70.5937806687987,71.81767272949219,17307200
2024-08-02,71.8176718797493,73.30928939919923,71.635997896493,72.55391693115234,15185700
2024-08-05,70.61289570387497,71.71248865558832,69.53243016765389,70.6224594116211,12372900
2024-08-06,70.6798381382144,72.65910284330735,70.60334305420773,72.0662841796875,10525500
2024-08-07,71.99933268850553,73.46226611027294,71.86546997638112,71.9897689819336,7297000
2024-08-08,71.77942526565555,72.81208692855823,71.52126349741593,72.42961883544922,8988300
2024-08-09,72.33400408909853,72.53479819787003,71.4734526979548,71.79854583740234,4683600
2024-08-12,73.17542775374677,74.99214572848392,72.94594981540305,73.65351104736328,13123000
2024-08-13,87.0302828256757,91.80155952737427,86.33228527599002,91.69638061523438,157215500
2024-08-14,91.20872850473187,91.65812795970928,87.42230976392361,89.78404235839844,45737800
2024-08-15,89.99439566111847,90.79757203787187,88.90436640982651,90.72107696533203,21109800
2024-08-16,89.80723874784296,92.01009497758831,89.74952436230642,91.20205688476562,16336300
2024-08-19,90.7595664869461,91.27901799503762,88.62404606670177,88.78758239746094,14479000
2024-08-20,88.77794105166744,90.24971632623772,88.62402626629651,89.47054290771484,11536200
2024-08-21,88.97034063875371,89.8264715793332,88.71061857301942,89.24930572509766,6769200
2024-08-22,89.14349305269212,89.2974078646429,88.27774058312443,88.91262817382812,10010300
2024-08-23,89.31664880590682,90.826903126558,89.29741312281139,90.44212341308594,11483700
2024-08-26,90.61526989521721,92.27943896301774,90.59603421297555,91.99085235595703,13882800
2024-08-27,91.76960883796244,94.96326783652677,91.62531553466233,94.84783172607422,17456300
2024-08-28,94.48229545239639,94.95364672871828,90.78842063192921,91.67341613769531,14866300
2024-08-29,91.83693994204559,92.18324091627022,90.69222242507739,91.25015258789062,8781300
2024-08-30,91.3752067804775,92.27943795627806,90.84614112538783,90.97119140625,7117200
2024-09-03,90.54792423824013,91.20204744987977,89.49940720113062,89.63407897949219,11234000
2024-09-04,89.81685333168245,90.40364066959101,88.47012817354701,88.8164291381836,7193500
2024-09-05,88.66251672382532,89.48016894715344,87.72942839615625,88.07572937011719,8370100
2024-09-06,88.01800725407674,88.65289476357685,86.74823957413776,87.68132781982422,9257000
2024-09-09,87.7486723796107,88.84528969617035,86.9694988491767,88.70099639892578,10089700
2024-09-10,88.61442697504205,89.96114487784979,87.6717171040145,89.78799438476562,7327000
2024-09-11,90.49983253176497,94.60733650272206,90.09581719148622,94.46304321289062,19302900
2024-09-12,94.71315806677578,95.53081031727885,93.63577640763887,95.501953125,14653500
2024-09-13,95.3576568699088,95.72320086494683,94.7516338336442,94.8189697265625,9899900
2024-09-16,94.77086473942776,94.84782213861708,92.32752969719004,92.64496612548828,9263400
2024-09-17,92.81812766596782,92.86622788095899,91.5772169776322,92.77003479003906,6281700
2024-09-18,91.91390292293309,93.88588695459754,91.70227372150146,92.46221160888672,8793800
2024-09-19,94.24180584962785,94.94402198485902,92.66421574911763,93.2125244140625,8752600
2024-09-20,93.16441892936734,93.36642660090925,91.69264350880373,92.39486694335938,19541000
2024-09-23,92.39487392191266,92.39487392191266,90.7595620673906,91.84656524658203,8382800
2024-09-24,91.83693186186466,92.17361129633234,90.60564287920499,90.85574340820312,8606800
2024-09-25,90.67299273841135,92.30829729442554,90.63451403439117,91.98123931884766,8632900
2024-09-26,94.751644190467,95.376910315374,93.30872575101827,93.7608413696289,9876800
2024-09-27,93.9339791124954,94.41495186029202,93.49148506520989,93.65501403808594,6319900
2024-09-30,93.68387435888664,93.97246095283161,92.74117185158204,93.78006744384766,6436400
2024-10-01,93.7800654561597,94.40533150374652,92.68344816491096,93.72235107421875,7171600
2024-10-02,93.14518731615598,93.308716294679,92.22172048918473,92.82774353027344,6346000
2024-10-03,92.00046509017946,92.72192419994502,91.68302132050783,91.92350769042969,5556400
2024-10-04,92.51030004207873,93.04899453050854,91.5291188287213,92.90470123291016,6818900
2024-10-07,92.52955004107058,92.84698651285335,91.73113342799753,92.433349609375,7478900
2024-10-08,92.39486725713866,93.19327643621241,91.6541651199079,92.54877471923828,6595200
2024-10-09,92.80851171354702,92.80851171354702,91.82732312342706,92.23133850097656,3344800
2024-10-10,91.78884643000418,91.84656815596259,90.19202056702834,90.30744934082031,5459500
2024-10-11,90.55754798748384,92.30828848854415,90.43249771564442,91.91389465332031,4834800
2024-10-14,91.77922724878141,91.8946560162731,90.74993847823362,91.15396118164062,4124700
2024-10-15,91.0673868174761,92.3179190142451,90.97119372673905,91.42330932617188,6264100
2024-10-16,91.81770240286532,92.19286059082688,90.50945583082313,91.82732391357422,7537100
2024-10-17,91.70227586478097,92.5295496684058,91.17320284883631,91.6445541381836,5577300
2024-10-18,92.03894743077467,93.16442192515377,91.42330288654702,93.15480041503906,6178300
2024-10-21,93.26061294598293,93.50109932009744,92.24095306823715,92.7796401977539,3994300
2024-10-22,92.68345872659756,93.49149686115926,92.28906483995519,93.13557434082031,6670900
2024-10-23,90.29782257132163,94.00131110806512,90.124672095728,93.93397521972656,18858800
2024-10-24,93.97246203070397,95.63662370289713,93.16442396182694,93.45301055908203,9828600
2024-10-25,93.52034675893864,94.23218440501617,92.76040890014067,93.60691833496094,9665600
2024-10-28,93.9339789681807,95.36727569947536,93.83778588658149,94.2898941040039,6790900
2024-10-29,94.020563167338,94.31877130112659,92.68345933806273,93.68388366699219,7664200
2024-10-30,93.6646392137517,94.41495555542986,93.11633055336672,93.61653900146484,9187200
2024-10-31,93.6165418804355,95.23261071954173,91.72150794742295,93.9820785522461,12011500
2024-11-01,93.88588424529595,96.00216885947953,93.66464087859272,95.10755920410156,8860200
2024-11-04,94.83819506183009,95.04982422764705,93.02011881230973,93.33756256103516,7049100
2024-11-05,93.17405081273003,93.76083821213686,92.49107032174521,93.39529418945312,6348300
2024-11-06,93.27985218348499,94.4919055148132,91.17318928316287,92.42372131347656,9708800
2024-11-07,92.40448988363842,93.01052029484035,92.11591061364628,92.46221160888672,6195200
2024-11-08,92.45258750082499,93.92436301971792,92.37563009536417,93.8377914428711,6118700
2024-11-11,94.27065283462703,97.55089029784662,94.22255262714813,96.49274444580078,10313300
2024-11-12,96.31960415687085,96.71400535052408,94.67467816622926,95.04022216796875,8438400
2024-11-13,93.64539579811238,96.13683853500748,92.56802150242753,96.00216674804688,8816300
2024-11-14,95.64624359074018,96.21378792623582,95.36727850854233,95.453857421875,6441500
2024-11-15,95.9184383715875,97.00248394250738,94.84407382289143,95.26026916503906,8119900
2024-11-18,95.27964517666496,97.37997685528502,94.7860163532778,97.17671966552734,7041500
2024-11-19,96.58629975392027,97.07992856194879,95.04734195869862,95.1925277709961,9176200
2024-11-20,94.85376805196933,95.5796897462446,93.99234156551925,95.10542297363281,7527700
2024-11-21,96.30559141762481,97.10894636453368,95.32801500493396,96.84761047363281,6760600
2024-11-22,96.78955078125,99.26736091822386,96.56693156529218,99.20928955078125,6563300
2024-11-25,99.62549034764832,100.00296902552466,98.51240897607012,98.57048034667969,8839600
2024-11-26,98.71565645602195,98.81244452567805,97.24445859766261,97.44771575927734,6558300
2024-11-27,97.51546551368688,98.7543704945314,97.48642983201961,98.25106811523438,4857800
2024-11-29,98.11557538907478,99.20929471139094,98.01877992569312,99.17057800292969,3419300
2024-12-02,98.72533481286413,98.92859196899117,96.66372018547031,98.25106811523438,6103200
2024-12-03,97.84455758274518,98.84149620196271,96.6830858767917,98.30915069580078,7101500
2024-12-04,97.65098168056048,98.71566531119656,97.14767924252675,97.46707916259766,6151100
2024-12-05,97.75745292176276,98.04782454759048,96.0055642967852,96.04428100585938,7194800
2024-12-06,95.75390953736354,97.38965542226344,95.27964277322572,96.89602661132812,6297000
2024-12-09,96.85730678257353,97.34125455452293,95.35706573574763,96.1217041015625,7271600
2024-12-10,95.95715462451274,96.06362371510461,94.79568303463655,95.00862121582031,8192500
2024-12-11,95.33770257391683,96.19912894042719,94.83440018512394,95.26026916503906,8007300
2024-12-12,95.06669457835861,95.79261618340477,94.29237524586013,94.67953491210938,6375900
2024-12-13,94.21494787151924,94.9311958845259,93.82779556492386,94.2923812866211,5910900
2024-12-16,93.83746630271598,93.88586403177275,90.11107008350086,90.13043212890625,12395900
2024-12-17,90.02396097297175,90.92410406785491,89.09478219510147,89.13349151611328,8536100
2024-12-18,88.82376911041719,89.28836221173682,86.76215429986773,87.01380920410156,10886600
2024-12-19,87.34288149099888,88.63986520645446,85.82328596205227,85.910400390625,14628400
2024-12-20,85.03929811753876,86.29756520499787,84.27465979632365,85.14576721191406,26477500
2024-12-23,84.6908533474055,85.05865096639563,83.52938174099505,84.63278198242188,11203700
2024-12-24,84.59406363417948,87.03315691403894,84.37144443197323,87.02348327636719,5422000
2024-12-26,86.50083074254954,89.09479119531295,86.50083074254954,88.910888671875,7538700
2024-12-27,87.98170313704759,90.20785837434232,87.96234109159559,89.28836059570312,8200400
2024-12-30,88.35918677466955,88.38822246002744,86.95573377856232,87.67198181152344,8404500
2024-12-31,87.81717025890678,88.82377517566353,87.68165808240691,88.32047271728516,4220700
2025-01-02,88.61083936373414,89.68520400053161,88.47533457931436,89.21092987060547,8640900
2025-01-03,89.43355894531707,90.13044499022064,88.85282303605001,89.60778045654297,4964900
2025-01-06,89.08510363965571,91.4661257084716,88.9883155655328,90.14010620117188,8768100
2025-01-07,89.80134940545062,90.64342120602655,88.91088725726327,89.85942077636719,6638300
2025-01-08,89.98524496168201,90.02396166744902,89.05606617664371,89.62712097167969,6243700
2025-01-10,89.23028922826052,89.81102505605668,88.97863432858139,89.28836059570312,6550300
2025-01-13,89.30772345485309,90.5853453470688,88.44629696458038,90.50791931152344,6912100
2025-01-14,90.99186306281712,91.84360849159212,89.5496933711245,90.08203887939453,6406200
2025-01-15,91.07896309101433,91.43708707662509,89.96588181334629,90.09171295166016,4554700
2025-01-16,89.8884617800635,91.72745740508275,89.8884617800635,91.39837646484375,6548200
2025-01-17,92.51144696152825,92.78245650038556,92.0468539060185,92.07588958740234,8361900
2025-01-21,92.34692029046809,95.41514748879467,92.34692029046809,94.83441162109375,8803100
2025-01-22,94.83440398885227,95.37642310382398,94.33109419541573,94.5924301147461,7678900
2025-01-23,94.85375908662155,94.88279477013499,93.9052182465944,94.84407806396484,7901800
2025-01-24,94.6505061418543,95.83133988714671,94.48596567163013,95.63775634765625,6957100
2025-01-27,95.35706327676641,97.10895918747765,94.95054893108141,96.80890655517578,9654900
2025-01-28,95.76357860909962,97.44771463189221,95.42480929253797,97.18638610839844,14736500
2025-01-29,99.40286315631816,106.54593654734154,99.38350849581786,105.0940933227539,40769300
2025-01-30,105.50061798095703,106.79759451067886,104.56175808897113,105.50061798095703,15023000
2025-01-31,105.50061375956481,105.84905674438966,104.04877045094695,104.22299194335938,19136900
2025-02-03,102.32590901312574,104.95858584070369,102.13232549082953,104.68757629394531,8894100
2025-02-04,105.18120151433016,107.50415217579715,104.65853706166584,107.04924011230469,11123700
2025-02-05,106.64272734615952,108.81081121601164,106.33300107903779,108.64627075195312,12826000
2025-02-06,108.45269144457083,108.7043389524619,107.48479596495648,108.11392211914062,11967300
2025-02-07,107.85259360280791,109.00439158672461,106.52657413715977,108.59786987304688,11502400
2025-02-10,108.9656748601324,108.9656748601324,107.4363982301721,107.8719482421875,8348400
2025-02-11,107.32025303728942,108.48173209670477,107.05892449498363,107.46543884277344,4683100
2025-02-12,107.01052739731539,109.55609736640051,106.85566795248572,109.4109115600586,7269400
2025-02-13,109.48833486465769,109.7593444064275,107.94937727467025,109.37218475341797,10046300
2025-02-14,109.79064760569094,110.4231958122498,109.02185916073924,109.52790069580078,9115000
2025-02-18,108.79804148033638,110.31615126974785,108.62287439505533,109.99501037597656,7574100
2025-02-19,109.42085232527941,110.2966802966652,109.32353150664893,109.4695053100586,8268900
2025-02-20,109.15809437110319,110.45238400075392,108.95373402292715,110.29667663574219,6343800
2025-02-21,110.28695121883587,111.6007005654815,108.63259386512195,108.74937438964844,9664700
2025-02-24,109.3235210977904,110.85137168020157,108.88560715379197,110.15070343017578,13120500
2025-02-25,110.04366561979579,112.14566311993096,109.64467105695996,111.51311492919922,11001800
2025-02-26,111.53258282060641,111.70774989885297,109.24568466121893,109.96581268310547,7466800
2025-02-27,109.96581992536134,112.59331884756865,109.77119312539655,111.41580963134766,9013700
2025-02-28,111.97050153970578,112.97284364252414,111.20171307624891,112.70036315917969,11466000
2025-03-03,112.92418487695082,114.30605435721428,111.03627387534222,112.31110382080078,9225500
2025-03-04,111.90237445851494,112.17485492491103,108.99266172873396,109.0510482788086,12482400
2025-03-05,108.57420611007043,109.4986944559028,107.25072321160286,108.69098663330078,11926800
2025-03-06,107.05608877387725,107.46480943914726,102.09303197186004,102.63799285888672,16321700
2025-03-07,101.91787735198331,103.99068162846233,100.66251450582183,103.62088775634766,11637400
2025-03-10,102.891025944423,103.15377285376404,97.12025326043381,98.41453552246094,15823300
2025-03-11,99.1541219735835,100.2343176411549,96.34172278130423,96.9061508178711,10663500
2025-03-12,97.60683218610441,97.60683218610441,94.366244748281,96.0400619506836,9461200
2025-03-13,96.05951768663911,96.21522505927489,93.35416519565007,93.46121215820312,9274300
2025-03-14,93.9283062114927,95.61185667469758,93.5779795214249,95.47561645507812,8240900
2025-03-17,95.08636211098987,96.77963883289121,94.39542739932057,96.4195785522461,10131700
2025-03-18,96.56556336434798,96.7018036089788,95.05717968153121,95.64106750488281,7423400
2025-03-19,95.63133165569326,96.85750125264968,95.31992432903375,96.5266342163086,4982700
2025-03-20,96.19575775359189,97.01320660939712,96.02059067195763,96.61421203613281,5952800
2025-03-21,95.3101965171022,95.37831663659908,93.70449950092006,94.46355438232422,11366000
2025-03-24,95.3977744857198,95.56320799776687,93.0622159099552,93.1498031616211,8265000
2025-03-25,93.60717736645984,94.36623217700254,92.22530054711399,93.30549621582031,6984800
2025-03-26,93.4222817254938,95.74810668698854,93.4222817254938,95.33938598632812,9561600
2025-03-27,95.27126663766836,97.2370238980286,94.92093248441034,96.19575500488281,9141000
2025-03-28,95.36858186867777,95.84542269915106,94.45381962592258,95.1058349609375,8066200
2025-03-31,94.02563149550258,96.16655569821864,92.0404072263939,95.4561538696289,11302900
2025-04-01,95.22261354104607,96.24442280393427,94.5219451807269,95.59241485595703,5868400
2025-04-02,94.79442511893036,97.07158967381712,94.79442511893036,96.74072265625,6043300
2025-04-03,90.84342951233845,90.88235635121937,85.29648490117455,85.89010620117188,20490100
2025-04-04,82.38678143251107,83.13610274590562,79.1170008522625,79.89551544189453,19700100
2025-04-07,76.51868176396529,81.03409126521728,74.10527707771108,77.85189819335938,26099400
2025-04-08,80.83947227626035,81.2384668567108,76.57708311244001,77.55023193359375,20534600
2025-04-09,77.09284901084261,86.73674974393772,75.83748616973969,86.29883575439453,26668100
2025-04-10,83.79784111995463,84.25522222945993,79.47705820833025,82.32838439941406,16209300
2025-04-11,82.16295198674095,83.51562820017787,79.8760538332384,83.13610076904297,10059700
2025-04-14,84.00219610482505,84.44011005323159,81.16060366181462,83.1944808959961,8880500
2025-04-15,83.20421741195368,83.74917833143202,81.21899308802243,81.4622802734375,7088600
2025-04-16,81.06329817664464,81.27738467647488,77.74485719803786,78.59149932861328,13080800
2025-04-17,79.06833543367912,80.33343177043227,79.01967502667489,79.3116226196289,9787500
2025-04-21,78.20224165389273,78.64988923093699,76.03211646619519,78.5136489868164,10595600
2025-04-22,79.71061611316517,81.24818546536652,79.42840209025506,79.5549087524414,10408600
2025-04-23,81.74449810172625,83.4377749121062,80.43074872428429,80.5864486694336,9114400
2025-04-24,80.17772365119018,81.88073393677116,79.38947555200123,81.6082534790039,6798100
2025-04-25,81.38442613119558,81.73476027017159,80.24584389179138,81.5595932006836,5799400
2025-04-28,82.06564056270963,82.77603503309696,81.03409778003156,81.64718627929688,7091400
2025-04-29,81.39416894800095,82.78577209583139,80.96598107958036,82.5716781616211,16356900
2025-04-30,74.31937086368184,78.1243785208783,73.4727287993859,77.90055847167969,41297000
2025-05-01,78.54283366488143,80.48913113869696,78.1146458447906,79.80792999267578,18326700
2025-05-02,80.37235153808864,82.55221007939767,79.84685774773037,82.41596984863281,13512900
2025-05-05,81.74449545655843,81.82234913888183,79.39920339218236,79.46733093261719,13361900
2025-05-06,78.82504741874298,81.13141259012421,78.4455200066156,80.5572509765625,10709500
2025-05-07,80.74215650712475,80.99517727206201,79.93444122740634,80.4891357421875,8224800
2025-05-08,81.10221605250103,81.35523681507921,79.49652649936695,79.98310089111328,8759800
2025-05-09,80.19719681224802,80.45021015660262,78.0465314134806,78.14385223388672,8210700
2025-05-12,81.40390203186908,84.21630158830328,81.3941684645892,83.36965942382812,17241500
2025-05-13,83.56428243574898,84.80017803117421,82.81495377099334,84.54715728759766,11533700
2025-05-14,84.38173448420558,85.27702962937414,83.43777892753457,84.21630096435547,12741500
2025-05-15,84.21629338475162,85.42299575113609,83.51562509958138,84.91696166992188,13721900
2025-05-16,84.88756114184326,85.17176189995267,82.59435837635486,83.85855865478516,13109500
2025-05-19,82.76095923904205,83.4371613230168,82.4277629799725,82.91776275634766,9568100
2025-05-20,82.82955180746983,84.42695572665731,82.76095214373066,83.8781509399414,9310600
2025-05-21,82.72175779971985,83.79975570765208,80.85975733503552,81.32035827636719,10875400
2025-05-22,81.55556580963625,82.79036736736636,81.0655660222453,82.29056549072266,8440400
2025-05-23,80.92836850109359,83.13336759397305,80.91856641162023,82.71196746826172,7088200
2025-05-27,83.72136659023161,85.34816204729343,83.51556757030953,85.26976776123047,10922300
2025-05-28,85.6813602767943,85.84795840454171,82.84916219787556,84.27996063232422,12328500
2025-05-29,83.20197097742067,83.98596620377235,82.02596692268732,82.36897277832031,10308700
2025-05-30,82.26116333472864,82.58455749880706,81.52616368370869,82.27095794677734,7394100
2025-06-02,81.61435763367645,83.5939608220853,81.52616126703394,83.48616027832031,8258900
2025-06-03,83.36855997953293,85.74015705513928,82.7119620868061,84.86795806884766,8287700
2025-06-04,84.89736040223951,86.76916317740698,84.29956006396743,86.34776306152344,8740900
2025-06-05,86.41636982804671,86.64177303836286,85.12277058325125,85.25016784667969,8476100
2025-06-06,86.63196297321628,88.09216023041276,86.47515945407402,87.84716033935547,8772900
2025-06-09,87.29836401658511,89.31716075038469,87.29836401658511,88.85655975341797,8097300
2025-06-10,88.10196593719203,90.05216305658185,87.73936339188892,89.60136413574219,6911100
2025-06-11,90.26776494159006,93.99176646129963,90.1599643860277,93.48216247558594,14835500
2025-06-12,92.78635603285899,93.1685552523761,92.0905572620252,92.43355560302734,7183300
2025-06-13,91.62996557937298,92.71776576888738,91.29676929340474,91.39476776123047,7119900
2025-06-16,92.10035895602644,92.54135575302394,91.0811585494157,91.61035919189453,5871000
2025-06-17,91.29676230473487,91.34575779649526,88.97416066335823,89.7581558227539,6183000
2025-06-18,90.04235537664238,90.72835954326197,89.40536165472847,90.43435668945312,7319300
2025-06-20,91.21835985078886,91.92396072263148,90.55195985813785,91.25756072998047,9197000
2025-06-23,91.33595665891808,91.34575874809359,88.9251586211762,90.49315643310547,7533000
2025-06-24,91.05176299478339,91.96315541071817,88.5037581493284,89.66996002197266,11373900
2025-06-25,89.92475736873712,90.15995515825382,88.80755852252908,89.2779541015625,6929600
2025-06-26,90.25795290471679,90.3559513598449,88.6115534374348,90.0031509399414,6571600
2025-06-27,89.93455748784648,90.86556156789993,88.52336318752661,90.26776123046875,21491600
2025-06-30,90.57155618992493,92.27676078219079,89.25836038797635,89.79735565185547,10083300
2025-07-01,89.7091646972337,93.94276268979445,89.7091646972337,93.02156066894531,9828400
2025-07-02,93.37435419075827,93.39395836840339,91.48295479537002,92.29635620117188,7942300
2025-07-03,92.31595743724856,92.75696173429225,91.8847627063124,92.55116271972656,3557300
2025-07-07,92.27677013998357,93.05096327976084,91.11056817013538,91.76716613769531,5311200
2025-07-08,92.17875618587087,93.83495783421634,91.90435750546403,93.0411605834961,6985700
2025-07-09,95.59895735917237,95.93215361126305,92.76675930918925,93.34495544433594,8322400
2025-07-10,92.98235181403552,93.8251519998156,91.67895813413176,93.24695587158203,6913600
2025-07-11,92.48256113358126,93.4135577245049,92.25715794507376,93.0411605834961,6339800
2025-07-14,91.80635378325218,92.08075244793267,90.4245508945075,91.55155181884766,6048300
2025-07-15,91.74756237528344,92.41396238152147,90.30696181203334,90.63036346435547,8567900
2025-07-16,90.80676094781676,91.414355877346,89.7287554725814,90.65975952148438,7136900
2025-07-17,88.91536614981352,91.42416270931014,88.75856262644322,91.32616424560547,8589000
2025-07-18,92.15915561563884,92.57075361897024,91.38495509881855,91.92395782470703,5172800
2025-07-21,92.41396137338853,93.38415884296782,90.75775972665764,90.8067626953125,7217300
2025-07-22,91.09095604319306,95.21676076729612,90.99295758262696,95.00115966796875,9992400
2025-07-23,95.40295607225596,96.2163575049129,93.62915925376588,94.00155639648438,11275300
2025-07-24,93.58996049813678,93.66836225947905,91.55155956405866,91.82595825195312,7897600
2025-07-25,91.53195893041665,92.59036023266376,90.46375553922192,92.53155517578125,7224100
2025-07-28,93.03135607191017,93.82515330196037,91.59075556048346,91.79655456542969,10333600
2025-07-29,91.38496219321458,92.50216113287475,89.94436159291502,91.10076141357422,20923600
2025-07-30,95.8733678386438,96.9121650781514,88.26856843855506,90.90476989746094,44794700
2025-07-31,89.76796401662843,91.20856465945222,86.66136700458746,87.37677001953125,16565400
2025-08-01,86.62216275680069,86.72996330934076,83.7801624637328,85.12276458740234,16221300
2025-08-04,85.3383565067268,88.3077537346259,85.20115717768083,87.9843521118164,12500400
2025-08-05,87.85696267104532,88.74875838901805,87.52375893034984,88.39595794677734,6994400
2025-08-06,88.40575996879835,88.55276139908754,87.04356116993829,87.21015930175781,7869100
2025-08-07,87.93536162198184,89.5327581734116,87.70015635013212,89.19955444335938,9891800
2025-08-08,88.95455957332632,90.36576137675387,88.9349628713025,90.2775650024414,8035300
2025-08-11,90.19916186006365,90.59116318577134,88.68015952674762,89.90515899658203,9504400
2025-08-12,91.57116314809059,92.95295866795755,91.21836270114511,91.5025634765625,9669300
2025-08-13,91.31635666940186,92.79615805587943,90.88515448284608,92.29635620117188,6493400
2025-08-14,91.73776376061285,91.73776376061285,90.23836555898906,91.19876098632812,9803500
2025-08-15,91.29740726470942,91.47497139898843,89.14691165005752,89.37379455566406,8059700
2025-08-18,89.08771480245056,92.31346185043145,88.68326777975037,91.28753662109375,7376200
2025-08-19,91.28754369021217,91.71172427436163,89.50204304644052,89.69933319091797,6815800
2025-08-20,89.72892582748786,90.08405410793218,88.23936040263176,88.29855346679688,5814000
2025-08-21,87.82504452566592,87.9828826582246,86.91749784186273,87.36140441894531,5669200
2025-08-22,87.92368718288598,88.63394370763831,87.11478559105942,87.183837890625,7625500
2025-08-25,87.02601443510476,87.12465951027971,84.54998315968832,84.64862823486328,11013500
2025-08-26,84.72754459632662,86.01981234991341,84.41187585017808,85.45752716064453,9315200
2025-08-27,85.45752858102892,87.11479140738821,85.3292907378841,86.47359466552734,7677900
2025-08-28,87.0260101301057,87.26275980404144,86.41439865245727,86.8287124633789,7905600
2025-08-29,86.80899090251607,87.37127611072555,86.21711292431719,86.99642181396484,6315200
2025-09-02,86.65114216310876,88.77204489121453,86.00007872455994,88.56488800048828,10466200
2025-09-03,88.19004046279579,88.26895952988069,85.12213134663286,86.06913757324219,10201000
2025-09-04,85.9902204431315,86.58209840732762,85.22077833706287,85.83238983154297,6799200
2025-09-05,85.68441958168108,86.16778571405884,83.90877813968986,84.27377319335938,9047200
2025-09-08,84.3428240453286,84.3428240453286,82.54745662985361,83.03082275390625,9213700
2025-09-09,83.0604107264979,83.53391758424173,82.14299730460488,82.67568969726562,8635800
2025-09-10,82.73488439533595,82.86312223223867,81.64976605948091,81.7582778930664,8108000
2025-09-11,82.16272895264773,82.79406639776164,81.01842512954374,81.24531555175781,12046600
2025-09-12,81.25518980796356,81.42288718594175,80.10101911413696,80.79154968261719,9996200
2025-09-15,80.96911142880505,82.73488604325152,80.8704663579815,81.56098937988281,9685900
2025-09-16,81.90625086424127,83.58324717224303,81.87665809561747,83.22811889648438,10244300
2025-09-17,83.33663029406995,83.7114845715616,81.83719813183049,82.09368133544922,6632200
2025-09-18,82.01476064687631,82.46853398206717,81.51166101445624,82.29096984863281,7163700
2025-09-19,82.99135443233978,84.0666059304366,82.25150517694561,83.41553497314453,15315900
2025-09-22,83.09001459234112,84.24417772965835,82.5573221767786,84.13566589355469,7881700
2025-09-23,83.99755815363584,85.0136166481958,83.70161542510122,84.5302505493164,8765500
2025-09-24,84.42173841117116,84.4907907107607,82.99135859662168,83.12946319580078,9664000
2025-09-25,83.39581673139483,83.5240545715205,81.76814671284097,82.69542694091797,8670500
2025-09-26,82.71514875331583,83.47473156901442,81.77800933388816,82.2613754272461,6955500
2025-09-29,82.51786177184987,84.67821665388466,82.41921670174347,84.48092651367188,11222800
2025-09-30,84.076480076882,84.09620608059149,83.04068801792747,83.45500183105469,7574200
2025-10-01,83.3168988562936,83.98769588758313,82.82366596640829,83.2577133178711,8155200
2025-10-02,83.10973883576426,86.07900282908422,82.89271516815374,85.54631042480469,9461500
2025-10-03,85.32928527526823,85.72387307078574,84.79659288024004,85.2503662109375,7634500
2025-10-06,85.12213012209115,85.12213012209115,80.9493767051771,80.99870300292969,14996700
2025-10-07,81.04803201427801,81.34396723229273,79.69657118765396,80.18980407714844,10070100
2025-10-08,80.03197021825069,80.03197021825069,78.8482142306383,78.95672607421875,12397700
2025-10-09,79.03563571582657,79.37103044604436,78.35497196479666,78.70023345947266,9075700
2025-10-10,78.58186522178374,80.11088261790607,77.3487830348449,77.39810180664062,11129800
2025-10-13,77.78282373883134,79.35130821219471,77.44742899268338,78.94685363769531,8052000
2025-10-14,78.17741035508602,80.3772322797323,77.960386686827,80.05169677734375,7510300
2025-10-15,80.59424445741716,82.1923215964216,80.46600662617956,81.7385482788086,11094300
2025-10-16,82.07394650491517,83.74107601280974,81.91611590020726,83.19851684570312,11552100
2025-10-17,83.1097419260789,84.77687150186188,82.88285148528503,84.20471954345703,8527600
2025-10-20,84.53025205735553,85.17144877039257,83.28730311192636,83.38594818115234,7679700
2025-10-21,83.00122962931775,85.33915622330547,82.51786350733495,84.73741149902344,8262500
2025-10-22,84.59930240885322,84.836052074767,83.75094128601465,84.34281921386719,5286300
2025-10-23,84.32308990155343,84.73740368217626,83.82985706001124,84.28363037109375,4565500
2025-10-24,84.93470197017517,85.66468453848756,84.6979522908024,84.92483520507812,5844600
2025-10-27,85.11226294676158,86.2565668191018,84.94456557702989,86.03954315185547,7164600
2025-10-28,85.7238791166294,86.35521662352923,84.15539458851437,84.27377319335938,11545600
2025-10-29,83.00122998473887,83.74107931846983,82.15286881330312,83.03082275390625,13881700
2025-10-30,81.11708101213355,84.88537983326273,80.15034127662018,82.02462768554688,18337500
2025-10-31,81.64976875574688,81.65963552079947,79.13428554916858,79.7754898071289,13598000
2025-11-03,79.83467267386351,80.81127164956882,79.50913717324964,79.86426544189453,9525100
2025-11-04,80.08129229877851,80.1010183028728,76.93446405310549,78.52267456054688,17774600
2025-11-05,78.52267146722747,81.98516832496419,77.97025306070951,81.7582778930664,17996200
2025-11-06,81.45247739165195,82.71515235855712,80.75208760613852,81.10721588134766,10382800
2025-11-07,81.22558521988259,84.78672713464128,80.65344081194915,84.41187286376953,15009900
2025-11-10,84.89524093821349,84.98402677024731,82.89271664862875,83.45500183105469,10507600
2025-11-11,83.82986068366519,85.86197767029644,83.75094161933445,85.2503662109375,9575800
2025-11-12,86.44398988659859,87.85463619257717,85.95075701774084,86.0790023803711,11975800
2025-11-13,85.58577219952764,86.10859785275555,85.02348701241543,85.27010345458984,10507700
2025-11-14,85.06144651711034,85.94574315235283,83.46176213638888,84.23676300048828,13434600
2025-11-17,84.64413610799328,86.29349549413118,82.91527993272395,83.15374755859375,8547200
2025-11-18,83.0742633211061,83.30278533393748,81.8123966953536,82.79605865478516,7189400
2025-11-19,82.72650708944415,83.84926379611564,82.49797749720574,83.14381408691406,6195100
2025-11-20,83.49156802941232,84.68388345586507,82.01111747825459,82.09060668945312,8966300
2025-11-21,81.99123995734622,86.02523017957422,81.99123995734622,84.80310821533203,10227700
2025-11-24,84.71368760911533,85.04156733010795,82.29925784621435,82.80598449707031,10805800
2025-11-25,82.29926114554821,85.46881577893068,82.28932309890513,85.35952758789062,9265300
2025-11-26,84.95214715105023,86.73067839287938,84.95214715105023,86.14445495605469,7602600
2025-11-28,86.47234489554943,86.72074299421779,85.84638441588817,86.55183410644531,3677600
2025-12-01,85.6576018809487,85.94574459329246,84.22682636600283,84.36593627929688,8752100
2025-12-02,84.48515910738848,85.44894493170885,83.68035170298039,84.65406799316406,9001900
2025-12-03,84.48516010620251,86.9393345339273,84.4255469882848,86.55183410644531,9303900
2025-12-04,86.74061830248135,87.30696565910132,84.20695468678194,84.45535278320312,10555100
2025-12-05,84.36593147364465,85.95567774385795,84.25663570689484,84.5745849609375,9402900
2025-12-08,84.58451416416607,84.95214606324724,82.60726750699064,82.87554168701172,10277600
2025-12-09,82.78611405016716,82.79605209617957,81.49444096684292,81.75277709960938,10322900
2025-12-10,81.68323032232381,83.46176162859415,81.44477026878447,83.3127212524414,10539600
2025-12-11,83.68034916694035,84.45534998925456,83.20342150216571,84.19701385498047,6894000
2025-12-12,84.56464816639756,85.37939361572293,84.31625007110924,84.80310821533203,9071500
2025-12-15,85.44894474487046,86.99894643308453,84.11753459330366,84.85279083251953,11718600
2025-12-16,85.09125276459844,85.98548744317017,84.17714957339552,84.53484344482422,7481400
2025-12-17,84.02811055266235,85.28003912286246,83.95855938656838,84.66400909423828,7947000
2025-12-18,87.12812003174703,89.99960146295369,86.7406196019654,88.84703063964844,16466100
2025-12-19,88.64831179392624,88.68805639808667,87.68452598943303,87.7640151977539,16986700
2025-12-22,87.5951054981904,88.05215707100892,85.488686980389,85.61785125732422,7161600
2025-12-23,85.4688102491564,85.5880440596337,82.8457270627199,83.3226547241211,9511300
2025-12-24,83.3027809216699,84.07778934031118,82.93515659514989,84.02810668945312,3462700
2025-12-26,84.03804724345197,84.6143326563658,83.8790688203688,84.53484344482422,5046200
2025-12-29,84.57458446795528,86.23388189092755,84.4354821439042,85.02169799804688,5352400
2025-12-30,84.69381256398398,85.20054680161462,84.50503516604965,84.70375061035156,4540500
2025-12-31,84.56464477957543,84.63419594025031,83.58099048417144,83.67041015625,5293400
2026-01-02,83.6803515253803,84.41560776464337,82.48803612009364,83.43195343017578,11334900
2026-01-05,82.96496551259732,86.69093701765408,82.86560778856415,86.00535583496094,9894300
2026-01-06,86.0053527781608,90.05921145090244,85.80663733715723,88.88677215576172,11351100
2026-01-07,88.44959368575935,88.80728756256204,85.91593756900026,86.13452911376953,9547000
2026-01-08,85.30984099393568,88.71786310625346,85.06144290289359,87.61497497558594,8140100
2026-01-09,87.78388310423856,88.52907737096471,86.23388145521076,88.31048583984375,7593200
2026-01-12,87.83356615397635,89.65184199238551,87.03868923364753,89.3835678100586,7289500
2026-01-13,89.11530057367983,90.01946567312018,88.89670904312052,89.97972106933594,5561900
2026-01-14,89.68165185959819,90.93357282162648,89.57235608950721,90.56594848632812,8373200
2026-01-15,91.48005087293984,93.56659337193469,91.05280584281878,92.68229675292969,10001700
2026-01-16,92.76178167587683,93.06979287620173,91.62908701218939,92.39414978027344,8958200
2026-01-20,91.17204078204982,93.20890065453803,90.19831689424689,93.05986785888672,13555200
2026-01-21,93.21883425316595,95.90153057400305,93.12941458004181,95.8121109008789,17118100
2026-01-22,95.85185614531702,97.1733358029321,94.25217183988993,95.21595764160156,14150800
2026-01-23,96.4778192906681,97.2627581862956,95.14640913033092,96.99449157714844,11759800
2026-01-26,96.58711183857947,97.34224415028605,95.17621251498915,95.71275329589844,14106700
2026-01-27,95.15634163706676,96.03070780816817,94.62973887338532,95.1066665649414,16403600
2026-01-28,101.64450383122121,104.14835330140387,94.49063412404108,94.55025482177734,25961600
2026-01-29,96.14000092140837,96.27910324832698,92.01659102358603,93.27845001220703,16602900
2026-01-30,92.1258873386672,92.61274548577148,90.41690722008751,91.3608169555664,10748000
2026-02-02,91.26145649202486,92.01658880603338,90.03934213776269,91.10248565673828,8675100
2026-02-03,91.03293309132417,93.79511858884793,90.70504579918439,92.44383239746094,8361300
2026-02-04,93.1194804187886,96.48775802946301,92.92075739159772,96.3486557006836,9077100
2026-02-05,96.23936090628612,96.82557678629692,94.7489722995365,95.45442199707031,6776700
2026-02-06,95.68294945919932,98.9419312606539,95.38486871227016,98.81275939941406,8067100
2026-02-09,98.39545449080771,99.3393718222947,97.6303916756524,98.34577941894531,7150600
2026-02-10,98.34578100017347,99.03135461476163,96.82557823097963,96.90506744384766,8543500
2026-02-11,97.11371621656811,98.6835939820308,96.70634728633257,98.48487854003906,6949100
2026-02-12,99.35923653070085,100.551544336866,95.82205013597051,96.13999938964844,9537300
2026-02-13,95.86000061035156,96.91999816894531,93.5999984741211,93.79000091552734,8949000
2026-02-17,94.9000015258789,95.51000213623047,93.62000274658203,95.38999938964844,8660000
2026-02-18,95.04000091552734,96.66000366210938,94.26000213623047,95.76000213623047,6068100
2026-02-19,95.37999725341797,95.94000244140625,94.76000213623047,95.80000305175781,5676700
2026-02-20,95.20999908447266,97.77999877929688,94.9000015258789,97.48999786376953,8788300
2026-02-23,96.13999938964844,97.18000030517578,93.55000305175781,94.77999877929688,7696700
2026-02-24,94.81999969482422,96.73999786376953,94.01000213623047,96.51000213623047,6537300
2026-02-25,97.2699966430664,98.19999694824219,95.9000015258789,97.93000030517578,6294100
2026-02-26,98.37000274658203,99.80000305175781,97.83999633789062,98.08000183105469,6246100
2026-02-27,96.4000015258789,98.43000030517578,96.11000061035156,98.0199966430664,7286900
2026-03-02,95.70999908447266,97.11000061035156,95.5,96.76000213623047,7250600
2026-03-03,94.91999816894531,97.08999633789062,94.4000015258789,96.68000030517578,7197200
2026-03-04,97.3499984741211,98.18000030517578,95.8499984741211,97.1500015258789,6233400
2026-03-05,97.12000274658203,98.93000030517578,96.94000244140625,98.69000244140625,9608100
2026-03-06,97.06999969482422,99.22000122070312,95.55999755859375,98.98999786376953,10826700
2026-03-09,98.25,100.37999725341797,96.81999969482422,99.7699966430664,9376800
2026-03-10,99.37000274658203,101.13999938964844,98.26000213623047,100.7699966430664,8005800
2026-03-11,101.0,101.69000244140625,99.66000366210938,101.44000244140625,8815800
2026-03-12,101.0199966430664,102.44000244140625,99.88999938964844,100.18000030517578,12248300
2026-03-13,100.63999938964844,101.22000122070312,98.86000061035156,99.1500015258789,9400400
2026-03-16,99.2300033569336,99.9000015258789,97.37999725341797,97.81999969482422,6871000
2026-03-17,98.44999694824219,98.77999877929688,97.43000030517578,97.56999969482422,5382700
2026-03-18,96.19000244140625,96.93000030517578,92.55999755859375,92.66000366210938,7598400
2026-03-19,92.1500015258789,96.26000213623047,91.58999633789062,95.83000183105469,10524500
2026-03-20,94.97000122070312,96.3499984741211,92.22000122070312,92.55000305175781,13961900
2026-03-23,93.80999755859375,95.0199966430664,93.58999633789062,93.83000183105469,7438300
2026-03-24,93.30999755859375,93.58999633789062,91.79000091552734,91.9800033569336,6262800
2026-03-25,92.33000183105469,93.52999877929688,91.87000274658203,92.69999694824219,7007500
2026-03-26,92.30999755859375,92.76000213623047,90.7300033569336,91.22000122070312,6134000
2026-03-27,90.75,90.94999694824219,85.5999984741211,86.80999755859375,12433600
2026-03-30,86.4000015258789,87.86000061035156,86.22000122070312,86.72000122070312,7422100
2026-03-31,88.0,90.0999984741211,87.45999908447266,89.58999633789062,9564200
2026-04-01,90.25,91.02999877929688,89.4800033569336,90.43000030517578,8044500
2026-04-02,89.80000305175781,91.22000122070312,88.16000366210938,90.37000274658203,7340000
2026-04-06,90.0,94.81999969482422,89.81999969482422,94.77999877929688,7236700
2026-04-07,94.54000091552734,95.3499984741211,93.83999633789062,95.20999908447266,6205600
2026-04-08,97.5,98.12999725341797,96.0,97.20999908447266,8232300
2026-04-09,97.0,97.91000366210938,96.18000030517578,96.91999816894531,5320500
2026-04-10,97.0,97.27999877929688,96.05999755859375,96.5999984741211,5356400
2026-04-13,96.5999984741211,97.66999816894531,95.44999694824219,97.4800033569336,5249200
2026-04-14,97.87999725341797,99.0,97.55999755859375,98.47000122070312,4995500
2026-04-15,98.48999786376953,99.18000030517578,97.80000305175781,98.33999633789062,5211600
2026-04-16,98.3499984741211,99.1500015258789,97.7699966430664,98.36000061035156,5645500
2026-04-17,99.06999969482422,101.43000030517578,98.91000366210938,100.0,8133400
2026-04-20,99.0,99.7300033569336,98.30000305175781,98.94999694824219,6581800
2026-04-21,99.0,99.16000366210938,96.8499984741211,97.80000305175781,4564200
2026-04-22,98.08000183105469,99.66000366210938,97.56999969482422,99.5199966430664,5730100
2026-04-23,99.97000122070312,100.80999755859375,99.19999694824219,99.54000091552734,4515300
2026-04-24,99.38999938964844,99.51000213623047,98.0,98.66999816894531,6092500
2026-04-27,98.73999786376953,99.5,97.83999633789062,97.88999938964844,5311600
2026-04-28,98.4800033569336,98.68000030517578,96.44999694824219,97.27999877929688,10383500
2026-04-29,102.0,107.2699966430664,100.08000183105469,105.5,25449200
2026-04-30,105.55000305175781,105.94999694824219,103.83000183105469,105.33000183105469,9485900
2026-05-01,105.69999694824219,107.5199966430664,105.43000030517578,105.9000015258789,6362300
2026-05-04,105.80000305175781,106.68000030517578,104.69000244140625,104.97000122070312,5487700
2026-05-05,104.76000213623047,106.06999969482422,104.3499984741211,104.94000244140625,6458500
2026-05-06,104.75,107.55000305175781,104.4000015258789,106.44000244140625,8665700
2026-05-07,105.94999694824219,106.0999984741211,102.94000244140625,104.26000213623047,9179300
2026-05-08,104.41999816894531,105.43000030517578,104.25,104.93000030517578,4538300
2026-05-11,104.94999694824219,108.04000091552734,104.94999694824219,105.73999786376953,6499500
2026-05-12,105.56999969482422,107.16000366210938,104.33999633789062,106.58000183105469,6366000
2026-05-13,106.7699966430664,108.05000305175781,105.47000122070312,105.94999694824219,8638900
2026-05-14,108.12999725341797,108.87999725341797,106.3499984741211,106.4000015258789,9937700
