Date,Open,High,Low,Close,Volume
2020-01-02,295.67269108630387,296.9064177570936,294.74967601076855,296.88812255859375,59151200
2020-01-03,293.4977411082979,295.7641429457349,293.4429112798059,294.64007568359375,77709700
2020-01-06,292.8854545477704,295.8464049037738,292.76664728278183,295.76416015625,55653900
2020-01-07,295.19755772617054,295.67278681667864,294.4847419794395,294.93255615234375,40496400
2020-01-08,295.12444534201336,297.7198263343244,294.87771109631456,296.50439453125,68296000
2020-01-09,298.0670453650865,298.58795656529105,297.4821567426061,298.51483154296875,48473300
2020-01-10,299.09981058166176,299.25515249526273,297.1898301592266,297.6558837890625,53029300
2020-01-13,298.2772800531271,299.7120310890485,297.8477611357546,299.7029113769531,47086800
2020-01-14,299.264269511989,300.31521183370324,298.68852837435486,299.2460021972656,62832800
2020-01-15,299.15459569341715,300.68073912701385,299.07235094750735,299.9222412109375,72056600
2020-01-16,301.30219453828755,302.4171142578125,301.0737276112458,302.4171142578125,54050300
2020-01-17,303.1299620038811,303.5686007011989,302.3531687920046,303.3584289550781,95846000
2020-01-21,302.3987408156773,303.56849006392315,302.32564368910903,302.7642822265625,77742400
2020-01-22,303.62343982713384,304.2723060684874,302.64562244176034,302.80096435546875,48914900
2020-01-23,302.1521113343028,303.5594755373367,301.03719151691797,303.1482238769531,51963000
2020-01-24,303.80620806071624,303.88845281451574,299.1637441044687,300.4523010253906,87578400
2020-01-27,295.2066505448216,297.116630487524,294.86852399411237,295.63616943359375,84062500
2020-01-28,297.0618896159072,299.61158879951597,295.7276503255423,298.7342834472656,63834000
2020-01-29,300.0959346812447,300.32440164803546,298.28646626420965,298.4875183105469,53888900
2020-01-30,296.42218956000465,299.66643745775275,295.6728390501093,299.45623779296875,75491800
2020-01-31,298.8347496867189,298.9901194730198,293.1048090217675,294.0186767578125,113845600
2020-02-03,295.49912122993766,298.0670871911225,295.3803139687608,296.2027893066406,69083000
2020-02-04,299.8125346860519,301.5854399692841,299.492675464825,300.7172546386719,62573200
2020-02-05,303.65082382168174,304.4002020615823,302.1886577494263,304.19000244140625,65951100
2020-02-06,305.14955406449695,305.40543589404376,304.1351464583818,305.2135314941406,50359700
2020-02-07,304.15344652404104,305.222656086769,303.03852684411055,303.58685302734375,64139400
2020-02-10,302.7004442781708,305.9172489243438,302.6638817568983,305.853271484375,42070000
2020-02-11,307.2057455520756,307.99165832638704,305.8532114209266,306.3832702636719,54864500
2020-02-12,307.81806277084456,308.5674410211826,307.4525212476893,308.3572692871094,43992700
2020-02-13,306.9315460120865,308.99689562686603,306.6573968990736,308.0281982421875,54501900
2020-02-14,308.4395753009911,308.6406273620144,307.24241053868207,308.5218200683594,64582200
2020-02-18,307.52566305583684,308.58575305311757,306.3376181795073,307.7267150878906,57226200
2020-02-19,308.6953514933789,309.8742206443196,308.41205476200304,309.1979675292969,48814700
2020-02-20,308.6496697818951,309.4721730276708,304.9393691304808,307.927734375,74163400
2020-02-21,306.5751794829659,306.8858911350751,303.93408860649663,304.756591796875,113788200
2020-02-24,295.307216805096,304.82970245486194,293.5708458942109,294.64923095703125,161088400
2020-02-25,296.0383078861717,296.6505836333486,284.8434284508616,285.7207336425781,218913200
2020-02-26,287.1188970838777,290.71038982346295,283.938655892988,284.66973876953125,194773800
2020-02-27,279.14996516623097,284.72456262234533,271.8847351074219,271.8847351074219,284353500
2020-02-28,263.83356488451,272.2320096468705,260.9457401669116,270.7424011230469,384975800
2020-03-02,272.5244028949452,282.53126257074877,269.0973999770701,282.46728515625,238703600
2020-03-03,282.8420313278847,286.8082134931983,271.93959720140725,274.3796081542969,300139100
2020-03-04,279.753168952443,286.1319753809504,277.20347032348707,285.9126281738281,176613400
2020-03-05,278.711411972993,281.9008016738092,274.16948788672306,276.408447265625,186366800
2020-03-06,267.9003132173233,273.0453928793516,265.231835125878,271.8390808105469,228667200
2020-03-09,251.58783337178144,259.71213276596006,249.89719998967348,250.61001586914062,309417300
2020-03-10,260.12327944250404,263.6690622000133,249.94278128953638,263.57769775390625,276444100
2020-03-11,256.5226437962952,257.6558306839711,247.54845736466214,250.72869873046875,255316300
2020-03-12,233.95009968243195,243.69193139870373,226.34671474938688,226.73968505859375,392220700
2020-03-13,240.42938324174193,248.09674450743702,227.11434179246803,246.12278747558594,329566100
2020-03-16,220.40660915986865,234.7726107780124,216.91564173418007,219.19117736816406,297240000
2020-03-17,223.93411978479276,234.10548499816915,216.65060754197967,231.02574157714844,262070500
2020-03-18,215.90127325057983,226.9773468065231,208.38014496942634,219.32827758789062,327597100
2020-03-19,218.6428280834812,226.07257629627384,212.21833983048688,219.79429626464844,289322000
2020-03-20,222.94358151812597,224.72691180558704,210.04662777098238,210.32240295410156,347158800
2020-03-23,209.761700043424,211.13136077030381,200.63362552870024,204.9448699951172,326025200
2020-03-24,215.48854656490403,224.38680975426712,214.91862144024043,223.51351928710938,235494500
2020-03-25,225.0946467428511,235.6475485646317,220.38813506232896,226.85958862304688,299430300
2020-03-26,229.3690894539827,241.57659857512195,228.93704492773614,240.1058349609375,257632800
2020-03-27,232.8162514936,239.74732482858482,230.77553465466747,232.95413208007812,224341200
2020-03-30,235.05000243161496,241.23649258023633,233.0552504528324,240.5194854736328,171369500
2020-03-31,239.51752951061562,242.06381801054945,235.52802532472109,236.93446350097656,194881100
2020-04-01,227.95348423990177,236.85174851191033,224.20297754937033,226.27127075195312,189554600
2020-04-02,225.38879163266066,232.27390045217555,224.83724120524906,231.4925537109375,177660400
2020-04-03,230.50898872250409,232.8622586960982,225.4163970895069,228.14654541015625,135561200
2020-04-06,237.01721102821946,245.43746603844804,228.12814793015815,243.47027587890625,188061200
2020-04-07,252.0651906394755,252.81897536266575,243.49788162912452,243.71849060058594,201427200
2020-04-08,246.3199470598107,253.71065665190883,243.8288104236189,251.89974975585938,153774500
2020-04-09,255.16303317810022,258.49071084159345,253.22344715493466,255.7329864501953,189999200
2020-04-13,254.75858925351815,255.09870410198187,249.4913256390023,253.39810180664062,114839100
2020-04-14,258.2884549436128,261.8918654699185,253.26020343605688,260.87152099609375,134143400
2020-04-15,255.1538636035753,261.0094273258755,253.21424949877317,255.32852172851562,121775000
2020-04-16,256.60628411021946,257.4152211975013,253.49006970924398,256.5603332519531,131798300
2020-04-17,262.3331407891114,264.09806873944035,259.59379105102954,263.49139404296875,146684800
2020-04-20,259.786828884741,263.6292797051415,258.6286036617239,258.8492126464844,100109300
2020-04-21,254.3816726761035,255.58587661831038,250.05202565489662,250.9896697998047,126385700
2020-04-22,255.87090205979615,258.3068866614787,254.5471919266126,256.5603332519531,92951600
2020-04-23,257.8380038199027,261.0093977789953,256.23853280732754,256.5418701171875,104709700
2020-04-24,258.05870563521063,260.78885432168994,256.00878675884167,260.1177978515625,85063200
2020-04-27,262.09409597915175,264.9897006956838,261.6344752923047,263.86822509765625,77896600
2020-04-28,267.51764391278255,267.86696016171067,262.35151131258954,262.6548767089844,105270000
2020-04-29,267.9863822215948,271.06584580976937,266.9568365802622,269.53070068359375,118745600
2020-04-30,268.15201173993984,269.6320055930464,265.2839818753493,267.0213623046875,122901700
2020-05-01,262.2687486221893,267.1866954796315,258.78481603360234,259.9522705078125,125180000
2020-05-04,258.06784244223917,260.9726488665371,256.58787713450204,260.6693115234375,80873200
2020-05-05,263.4913676039255,265.8905741855777,260.79796898937275,263.07769775390625,79569900
2020-05-06,264.7783363053678,265.1644020355753,260.86235843797067,261.2944030761719,73632600
2020-05-07,264.5117413329673,266.3778004537861,263.9418160920804,264.4473876953125,75250400
2020-05-08,267.5820467346835,269.29185077977314,266.4513694136883,268.8230285644531,76452400
2020-05-11,266.8925176860717,270.25694423577727,266.4696745397316,268.8780822753906,79514200
2020-05-12,270.0639771433086,270.4776190002841,263.3810732615767,263.51898193359375,95870800
2020-05-13,262.95820745768185,263.9969547866996,256.4315875392969,258.8583984375,144721100
2020-05-14,256.4224143490226,262.08491700872327,250.94371509495167,261.95623779296875,121977900
2020-05-15,259.56619361268525,263.2063817576998,258.61937607827673,263.1604309082031,111146300
2020-05-18,269.383676574657,272.78488091937567,269.0619645324173,271.17620849609375,119703800
2020-05-19,270.57869857253786,272.28847402813193,268.3725249301823,268.3908996582031,95189300
2020-05-20,271.93000339041674,273.81443707877554,271.70019303559144,272.9503479003906,85861700
2020-05-21,272.8215803245692,273.6305170000298,269.9719272371105,271.0658264160156,78293900
2020-05-22,270.781013781808,271.7554076657255,269.5400319702441,271.58074951171875,63958200
2020-05-26,277.54654029417327,277.7855520274972,271.59904750423533,274.92669677734375,88951400
2020-05-27,277.72120027669484,279.0541114942936,272.8951830483843,279.017333984375,104817400
2020-05-28,280.04694364391133,282.06008496206584,277.8315680546583,278.50262451171875,90405200
2020-05-29,278.03375713092686,280.3318607230198,275.28523421175083,279.7435607910156,119090800
2020-06-01,279.100077323199,281.48090925059915,278.58530436878937,280.87420654296875,55758300
2020-06-02,281.79348222342395,283.24589956300736,280.46059882527766,283.1999206542969,74267200
2020-06-03,285.185540897638,287.9248913094752,284.90977960414443,286.9688720703125,92567600
2020-06-04,285.98509450264515,287.7224737038752,284.1190361307757,286.21490478515625,75794400
2020-06-05,291.61095127500704,295.32466622909004,291.54659764607965,293.550537109375,150524700
2020-06-08,294.35958753719166,297.2919708964928,293.81723828352887,297.09893798828125,73641200
2020-06-09,294.43303648292283,297.17238620785696,293.5689472426089,294.88348388671875,77479200
2020-06-10,295.46252162487986,296.35418671938277,292.5209385360209,293.2379455566406,95000800
2020-06-11,286.3069041815128,286.9411829598361,275.7816075129834,276.3331298828125,209243600
2020-06-12,283.34699827287557,284.1191577863785,274.4855245724636,279.6424560546875,194678900
2020-06-15,273.95230329940716,283.38372874328377,272.7756754665918,282.2530517578125,135782700
2020-06-16,290.0023281440216,290.149410155266,282.82305403498947,287.6858215332031,137627500
2020-06-17,288.7061588750805,289.0003228615567,285.75537372521586,286.49078369140625,83398900
2020-06-18,284.97405743157583,287.0791002022098,284.5144366960276,286.6011047363281,80828700
2020-06-19,290.0689696801593,290.26285198086515,283.01504638164135,284.96319580078125,135549600
2020-06-22,284.3630116638021,287.1882662143913,283.21814537378975,286.791259765625,74649400
2020-06-23,289.44104590695906,290.37357419189783,287.7052629584042,288.11151123046875,68471200
2020-06-24,286.07110475847367,286.68971915216207,278.9248757908203,280.76220703125,132813500
2020-06-25,280.1897990735888,284.03991677797876,278.1677990684482,283.77215576171875,89468000
2020-06-26,282.67346196626374,282.8858280526824,276.4505185694108,277.03216552734375,127961000
2020-06-29,278.2878986725835,281.24239974862263,275.9981370930579,281.1039123535156,79773300
2020-06-30,280.66986274061657,286.40349236880866,280.51291980961736,284.7046203613281,113394800
2020-07-01,285.82177788168684,287.9638090940719,285.3601346812486,286.6988830566406,72396500
2020-07-02,290.1335885242947,291.4816073233506,287.61303399713563,288.2778015136719,69344200
2020-07-06,292.10010781436097,293.3096107192115,291.3522480999561,292.7279357910156,61713800
2020-07-07,291.1861264698139,293.1619451017001,289.3303114252415,289.7088623046875,82910000
2020-07-08,290.4751769616239,292.03553353353783,288.71172439183437,291.92474365234375,54638600
2020-07-09,292.53415581966215,292.7742193790963,286.8467063436829,290.26287841796875,83354200
2020-07-10,290.19824424631554,293.49438457109676,288.7671611130503,293.22662353515625,57550400
2020-07-13,295.57172419762725,297.95379107027304,290.03200496438967,290.6875305175781,102997500
2020-07-14,289.2656052802528,295.2300554521404,288.06534428299244,294.4544982910156,93657000
2020-07-15,297.6768282673625,298.25850331831754,294.77769489481517,297.1597900390625,87196500
2020-07-16,295.2578352089557,296.6335232521369,294.61152330631586,296.1811218261719,54622500
2020-07-17,297.1875241733961,297.82459424337384,295.21167713283364,297.039794921875,62774900
2020-07-20,296.77205639224417,300.18822867354294,296.024196371045,299.44036865234375,56308800
2020-07-21,301.40689690868754,301.8500564070887,299.0894387179133,300.0773620605469,57292200
2020-07-22,299.7173083426101,302.09940368262994,299.6065184526506,301.78546142578125,57792900
2020-07-23,301.42543801668506,302.12714499020143,296.81824597309316,298.1846923828125,75738000
2020-07-24,296.32888854271727,297.28908645899844,294.75928982435465,296.2642517089844,73766600
2020-07-27,296.95669073754914,298.60013985296814,296.16264956413676,298.4247131347656,48293000
2020-07-28,297.69530442770673,298.81250154862204,296.2365239348657,296.531982421875,57495000
2020-07-29,297.4091253277657,300.7422051686178,297.37218596811334,300.1789855957031,48454200
2020-07-30,297.20588142385384,299.5233392645487,295.11927335566173,299.10784912109375,61861700
2020-07-31,300.8990939222795,301.5731032762325,296.6796674453573,301.4715270996094,84986800
2020-08-03,303.1334674949773,304.3337288211006,302.58873177456934,303.5674133300781,53077900
2020-08-04,302.70874832852365,304.739990234375,302.70874832852365,304.739990234375,41917900
2020-08-05,306.04177121558547,306.89120717639355,305.77401024648213,306.6326599121094,42697700
2020-08-06,306.0510592360944,308.8024353334043,305.7279032834886,308.6824035644531,43679400
2020-08-07,307.71300494507875,309.19026937092656,306.80817379233406,308.904052734375,57308300
2020-08-10,309.3564462990686,310.0119719811735,307.41753855083357,309.82733154296875,44282100
2020-08-11,311.0091339906926,311.6462040748988,306.5404296941491,307.2698059082031,69601100
2020-08-12,309.70722946844614,312.32935977820927,309.679532000178,311.5538024902344,53774400
2020-08-13,310.7874764150394,312.30167990291056,310.06731402303166,310.9906005859375,41816100
2020-08-14,310.60277998885937,311.53530826567635,309.8733758463055,310.9997863769531,47260400
2020-08-17,312.0154599206983,312.38476890654016,311.0090809592796,311.9877624511719,35481000
2020-08-18,312.38477080822076,313.0864776091208,310.7874749185557,312.6617736816406,38733900
2020-08-19,313.04028437426666,313.557322573065,310.79670488557355,311.35992431640625,68054200
2020-08-20,309.63345783177203,312.80956678157935,309.50421232732066,312.3294677734375,42207800
2020-08-21,311.99705293699736,313.6589577204171,311.65541319099066,313.4373779296875,55106600
2020-08-24,315.8749399292509,316.6874369871929,313.40977944931797,316.61358642578125,48588700
2020-08-25,317.176608343536,317.8044363974734,316.01325834394123,317.7213439941406,38463400
2020-08-26,318.3123656667442,321.1745322009073,317.76762983680743,320.90679931640625,50790200
2020-08-27,321.7746114341692,323.05796511433385,319.94649388256835,321.6083984375,58034100
2020-08-28,322.6332589850596,323.8150646592131,321.4422114288014,323.685791015625,48588900
2020-08-31,323.47343998768525,324.350545281418,322.2823924798507,322.5132141113281,66099200
2020-09-01,323.3441436011947,325.652359753579,322.4485546070109,325.5508117675781,54908700
2020-09-02,327.46205589368293,331.2290526523332,326.31716140186785,330.2596130371094,69540000
2020-09-03,328.5700392045548,329.0409244463154,316.3087927397801,318.8940124511719,148011100
2020-09-04,319.5772427676945,321.1468133146193,309.1810250931994,316.29034423828125,139156300
2020-09-08,310.8798493187982,316.3549607309717,307.3436737413122,307.6483459472656,114465300
2020-09-09,311.6553602505374,316.188700542301,310.7874686489755,313.7235412597656,91462300
2020-09-10,315.59777775539925,316.2533032385388,307.31589725964466,308.276123046875,90569500
2020-09-11,310.05803747140686,311.1198111682426,305.60779037787313,308.43304443359375,84680200
2020-09-14,311.6000162516437,314.2683283126777,308.58087891635495,312.49560546875,65605700
2020-09-15,314.9515989909545,315.7825515027897,312.5048945263648,314.0744934082031,52920900
2020-09-16,315.3115540992047,316.7426367786588,312.55090854525963,312.8279113769531,82096000
2020-09-17,307.97144597054444,311.7938656460169,307.4451658975791,310.0765380859375,91523300
2020-09-18,310.8821027224487,310.9933360912378,304.0224381842765,306.5067443847656,105877900
2020-09-21,301.9182014330189,303.2437795741085,298.2380798999571,303.095458984375,99450800
2020-09-22,304.5786503731086,306.7385071760695,302.066507400489,306.18231201171875,63612100
2020-09-23,306.7384904056228,307.01660211722344,298.58105607201094,299.0816345214844,93112200
2020-09-24,297.76532620085055,302.93787621508653,296.4489985751981,299.87884521484375,76681300
2020-09-25,299.0260243217955,305.51490229744024,298.1546867340451,304.72698974609375,71069400
2020-09-28,308.8890949296322,310.50203534951567,307.8972169129009,309.78826904296875,64584600
2020-09-29,309.58431274931326,310.32588735238784,307.4058984550522,308.10113525390625,51304000
2020-09-30,308.7686396406758,313.5889606137836,308.573981210121,310.4372253417969,104081100
2020-10-01,313.03270872151455,314.0060289873834,310.5484025217798,312.43017578125,88698700
2020-10-02,307.4801391377748,312.4024144710618,307.0073689601297,309.4638671875,89431100
2020-10-05,311.5217523825799,315.1369786568774,311.47541457094957,314.95159912109375,45713100
2020-10-06,315.0906571878008,317.1856469045774,309.9644445702148,310.4742736816406,90128900
2020-10-07,313.4313231405762,316.6850408176242,313.40351479672364,315.8785705566406,56999600
2020-10-08,317.81595262377294,318.7429351145588,316.8982207211978,318.67803955078125,45242500
2020-10-09,320.3280798824177,321.9873865273389,319.7070174310904,321.5238952636719,59528600
2020-10-12,324.06378442537806,328.17030980233085,323.5724848688719,326.6964111328125,80388500
2020-10-13,326.55746024664927,326.73358922053734,323.600383208339,324.564453125,73255500
2020-10-14,325.1391526992879,326.2329853972063,321.7927590329618,322.5250549316406,57727900
2020-10-15,318.61313237555913,322.60842450210197,318.07549499777156,322.12640380859375,60357700
2020-10-16,323.4797769752981,325.13908342610574,321.75560325500436,321.9317321777344,89501900
2020-10-19,323.19253487312227,323.8228763629493,316.13820962093524,317.0373840332031,68425600
2020-10-20,318.38148870232345,321.5517821676292,317.621384344044,318.3073425292969,60051900
2020-10-21,318.26087876428136,320.43004263717467,317.39879185718223,317.7047119140625,63575000
2020-10-22,317.91790278181213,320.0314217004003,315.77657552045014,319.4474182128906,55399300
2020-10-23,320.67102412804957,320.7266408105194,318.0754846485953,320.531982421875,49143900
2020-10-26,317.1485658849641,317.9365067637999,311.1139000222835,314.608642578125,91473000
2020-10-27,314.9516395955158,315.28533977636755,313.3108621718636,313.5240783691406,65994100
2020-10-28,307.85092353477626,313.55186080057024,302.31683634561693,302.8081359863281,127094300
2020-10-29,303.0398684553781,309.0559761451705,301.35275342695843,305.8857116699219,90597700
2020-10-30,304.3098400497384,305.6168888814722,299.0445857878949,302.6968994140625,120287300
2020-11-02,306.08966064453125,308.0919181320214,303.34577182679664,306.08966064453125,86068300
2020-11-03,309.3248216610703,313.55185999385526,306.173086523715,311.49395751953125,93294200
2020-11-04,315.97126216053266,322.5343145343358,314.7940044922087,318.4555969238281,126959700
2020-11-05,323.7394296519222,326.4740399373296,323.38717169903396,324.6664123535156,82039700
2020-11-06,324.3790079432216,325.8436562639265,322.26548878904805,324.59222412109375,74973000
2020-11-09,337.39377544488605,337.77384161254093,328.20737673340466,328.6708679199219,172304200
2020-11-10,327.6790159718678,329.2456185696468,324.9166263863297,328.1888732910156,85552000
2020-11-11,330.37658868596975,331.4518918826983,329.13443541283425,330.62689208984375,58649000
2020-11-12,329.61650016441143,330.67327403455096,325.611956349888,327.4195556640625,67546200
2020-11-13,329.3290771800801,332.6940283304285,328.80996922022456,331.95245361328125,62892200
2020-11-16,334.62217047881086,336.2907277500925,333.33365115779196,336.0960693359375,74541100
2020-11-17,333.68588866910596,335.49351584362677,332.17490268135197,334.2884216308594,66111000
2020-11-18,334.55722235747817,335.10413858036725,330.22820208953993,330.2652893066406,70591300
2020-11-19,329.6349468775226,332.02654902065063,328.2908110827179,331.65576171875,59940900
2020-11-20,331.39626921670055,331.6002065139429,329.31055843142065,329.38470458984375,70417300
2020-11-23,331.1922808117231,332.61984167212626,328.9582497650771,331.359130859375,63230600
2020-11-24,333.90841208983915,337.2455552842376,333.05560389471066,336.6986389160156,62415900
2020-11-25,336.615126222549,336.6429345632087,335.0856109077494,336.179443359375,45330900
2020-11-27,337.2733243638305,337.5884950330975,336.1053173094643,337.1157531738281,28514100
2020-11-30,336.3369656288919,336.6057984090239,332.9442354046228,335.6231994628906,83872700
2020-12-01,338.87700326166663,340.83292278060395,338.28372087591083,339.29412841796875,74231400
2020-12-02,338.18174747696014,340.16547522877676,337.6070228786699,340.0079040527344,45927000
2020-12-03,339.90594329021474,341.30569594652076,338.81211070717654,339.91522216796875,62882000
2020-12-04,340.4993087607931,342.8445739746094,340.4066048284182,342.8445739746094,50749900
2020-12-07,342.07505805149833,342.63125318672655,340.8699921662204,342.13995361328125,48944300
2020-12-08,340.8699342834266,343.7064978732305,340.8235964838844,343.14105224609375,42458900
2020-12-09,343.7993068138485,343.95687801184386,339.2292894437654,340.0635681152344,74098300
2020-12-10,338.6915597157027,340.9997368715385,337.8201939843313,339.9522705078125,57735400
2020-12-11,338.255910570185,339.9615549854479,336.7356739717107,339.5536804199219,57698600
2020-12-14,341.7228478589244,342.7981226816186,337.8573183246596,338.033447265625,69216200
2020-12-15,340.57342135002625,342.603515625,339.20150512752514,342.603515625,63865300
2020-12-16,342.81660278153345,344.05875567536714,341.9359582761919,343.14105224609375,58420500
2020-12-17,344.7818226124563,345.26384325744056,343.9567947299327,345.0599060058594,64119500
2020-12-18,345.3485696719916,345.5161309651634,341.67136919379556,343.68218994140625,136542300
2020-12-21,339.7629543638441,352.3212438699424,337.0260063626711,342.4533386230469,96386700
2020-12-22,342.7791666961401,342.8908742196503,340.7497375927771,341.87615966796875,47949000
2020-12-23,342.84433524058835,344.0917832562604,341.8575475802829,342.1833801269531,46201400
2020-12-24,342.65820709257804,343.54260584136324,342.07174248059044,343.5146789550781,26457900
2020-12-28,346.06540553732583,346.8567051409463,345.4416956497775,346.4657287597656,39000400
2020-12-29,347.9924491984202,348.1693289377811,345.2182555477863,345.80474853515625,53680500
2020-12-30,346.6238977069387,347.33141650655006,345.9070888877533,346.2980651855469,49455300
2020-12-31,346.1025893642061,348.7836834268124,345.5905871051007,348.05755615234375,78520700
2021-01-04,349.3888321963932,349.51917659122995,339.62334376927595,343.31915283203125,110210800
2021-01-05,342.67681712955124,346.7729211198693,342.63025338281886,345.6837158203125,66426200
2021-01-06,344.17558324644114,350.9434912559952,343.62633562425066,347.7503662109375,107997700
2021-01-07,350.12425147477427,353.66178899148537,349.9473717579539,352.91705322265625,68766800
2021-01-08,354.3041791798379,355.14201412513074,351.0552285052697,354.92791748046875,71677200
2021-01-11,351.7534496860149,354.29488155566315,351.63242370939287,352.5354309082031,51034700
2021-01-12,352.7215992262628,353.6245779387695,350.3663089172504,352.60986328125,52547700
2021-01-13,352.5353542542608,354.55546486987174,351.75337320210355,353.55938720703125,45303600
2021-01-14,354.3041217359534,354.80683398556437,351.9861054675014,352.32122802734375,49989100
2021-01-15,350.7014344796534,351.5020240301078,347.8900242126763,349.75189208984375,107160000
2021-01-19,352.2095511727949,353.0380960342888,350.72936958492306,352.4981384277344,51233300
2021-01-20,354.7882275407677,358.21408610198193,354.39725118743416,357.3762512207031,61836100
2021-01-21,357.9347293006691,358.3629793057075,356.7803804745633,357.7019958496094,47840100
2021-01-22,355.8494507545385,357.5996108721701,355.46776448123836,356.4359436035156,52860500
2021-01-25,357.1713708385632,358.1953752542542,352.3211854580391,357.8416442871094,70402000
2021-01-26,358.79128116207573,359.2008944003585,357.0504391042999,357.2831726074219,42665300
2021-01-27,353.95965704196203,354.0527561056327,346.3166983590229,348.5509338378906,123351100
2021-01-28,350.36634054269865,355.55165024335554,349.9288287937746,351.54864501953125,94198100
2021-01-29,349.6867328043069,350.65491209093165,342.83504399028214,344.5107421875,126765100
2021-02-01,347.90855597827994,351.2785315475708,344.7992407179441,350.2452087402344,75817600
2021-02-02,353.42907659511883,356.75251769171075,350.32907897038325,355.1978454589844,64450700
2021-02-03,356.02635940269215,357.19934519602856,354.20173693182824,355.47711181640625,52427100
2021-02-04,356.5105285695319,359.56399139751954,355.58891286655813,359.5174560546875,47142600
2021-02-05,361.3885805309923,361.6399224767463,359.47085881489795,360.9324035644531,48669800
2021-02-08,362.3846241257551,363.58553679527535,361.52818085884974,363.53900146484375,38365200
2021-02-09,362.7011247326708,363.89274733764177,362.2915399745202,363.29693603515625,35551100
2021-02-10,365.0377849264699,365.18673775500156,360.7368749883138,363.138671875,59154400
2021-02-11,364.21861361632875,364.6375452854998,361.2954955929545,363.7252197265625,42913300
2021-02-12,362.9245980037026,365.7639351240039,362.8501073798465,365.52191162109375,50593300
2021-02-16,366.75070644597713,366.94622301748575,364.4885439172145,365.2053527832031,50972400
2021-02-17,363.45527392535223,365.54055704666837,362.440530839151,365.2892150878906,52290600
2021-02-18,362.68256763974955,364.479263411607,360.9603340863235,363.7345275878906,59712800
2021-02-19,364.99121492183093,365.2798021216173,362.64524360763886,363.09210205078125,83241000
2021-02-22,360.3273348443789,362.71052376422216,360.02942912693527,360.2994079589844,67414200
2021-02-23,358.0930589330605,362.0867735591579,353.941101443955,360.7369079589844,107284100
2021-02-24,359.6476922516517,365.1402251600415,358.66090455980543,364.71197509765625,72433900
2021-02-25,363.4459121163381,364.81438610383606,354.4810139951626,355.9239501953125,146670500
2021-02-26,357.8045035066823,358.949534192139,352.1071917346127,354.0900573730469,152701600
2021-03-01,358.9588307931296,363.92072482785227,354.2855524299561,362.6732482910156,105348800
2021-03-02,362.89666276485025,363.1293962418053,359.34048841861335,359.84320068359375,79595300
2021-03-03,359.1450818527897,360.11323288180216,354.9744867706238,355.076904296875,119940200
2021-03-04,354.8906420427798,357.47863729094,346.19572234702065,350.6828308105469,183433000
2021-03-05,354.18311275175654,358.1861456706564,346.9032310579424,357.1341857910156,152039600
2021-03-08,358.0930884659382,360.90449901744677,355.07687129081967,355.35614013671875,123149200
2021-03-09,359.2009391846774,362.9805294738198,358.6982268004986,360.4297790527344,113633600
2021-03-10,362.77566580218155,364.3675549570112,361.3606563767608,362.6732482910156,109899400
2021-03-11,365.14023058798864,368.3240087626398,364.6840536373491,366.3504333496094,86245000
2021-03-12,364.9913223888349,366.98350649683164,364.1814143051709,366.8438720703125,64653600
2021-03-15,367.0951358060423,369.2921544845288,364.9539992961072,369.031494140625,73427200
2021-03-16,369.645957368341,370.353447865086,367.7933794539433,368.5660705566406,73722500
2021-03-17,367.2813854421712,370.62343505257456,366.1363264084717,369.8228454589844,97959300
2021-03-18,367.2347260717766,369.3200084110956,363.76233323903455,364.4419250488281,115349100
2021-03-19,364.1412876855865,365.7197211971754,361.59150389696646,363.7677001953125,113624500
2021-03-22,364.28136920712717,368.05466830965446,364.2253325103038,366.67236328125,73778600
2021-03-23,366.0373101003052,367.4849724644324,363.00186510857276,363.7864074707031,90686600
2021-03-24,365.1873129811931,366.8217830520808,361.89035449260405,361.9370422363281,97588600
2021-03-25,360.4987874842971,364.7670683556702,358.5560867809132,363.97320556640625,116128600
2021-03-26,365.12202161175344,370.24025947344177,364.5242872244289,369.8386535644531,114409100
2021-03-29,368.3629541421015,370.55782027785045,366.8779243318469,369.65185546875,108107600
2021-03-30,368.38164060411987,369.3436420929392,367.0740414129529,368.6711730957031,76262200
2021-03-31,369.2408018270159,371.7251997987825,369.21278347970974,370.1654357910156,112734200
2021-04-01,372.0988084552015,374.2189680327331,371.89333106228867,374.16290283203125,99682900
2021-04-05,376.82474984617124,380.0750207457854,376.7500437520767,379.5332946777344,91684800
2021-04-06,378.972983873967,380.35526059128404,378.6367351434698,379.3092041015625,62021000
2021-04-07,379.1410247193097,380.0936770263506,378.68338221439245,379.74810791015625,55836300
2021-04-08,380.99961272494903,381.6066958698037,380.06562988582067,381.5506591796875,57863100
2021-04-09,381.4293215703808,384.4927845941178,381.3078992229351,384.32464599609375,61104600
2021-04-12,383.7269586097735,384.7356478067026,383.11987530124844,384.4648132324219,56704900
2021-04-13,384.36200222963515,386.2299681294225,383.979065799831,385.60418701171875,56551000
2021-04-14,385.5761956165632,386.6316009841835,383.7455968876172,384.2873229980469,61659900
2021-04-15,386.4260781596265,388.68632933197097,386.379390415515,388.41546630859375,60229800
2021-04-16,389.70436564966764,390.32079778500326,388.28472190043465,389.7137145996094,82037300
2021-04-19,388.7797715143714,389.2280651111477,386.4728323712962,387.799072265625,78498500
2021-04-20,386.5848990980943,387.68699217501296,383.4840687603821,384.95977783203125,81851800
2021-04-21,384.34333492736897,388.80777231208793,384.2032146818028,388.602294921875,66793000
2021-04-22,388.43414245658613,389.2653723743387,383.9883749549103,385.0531005859375,97582800
2021-04-23,385.6135482901479,390.63838128168265,385.53884219304297,389.2280578613281,73209200
2021-04-26,389.88185775138544,390.61036333622997,389.293443913069,390.0406188964844,52182400
2021-04-27,390.33944884314224,390.535605765326,388.8170522247635,389.9565124511719,51303100
2021-04-28,390.22741885643023,391.34820981136744,389.37749094113417,389.844482421875,51238900
2021-04-29,392.5717631714263,392.94535069156444,388.94790436999523,392.32891845703125,78544300
2021-04-30,390.0593595294179,390.9092875553303,388.8545133714871,389.7511291503906,85527000
2021-05-03,391.74051678751226,392.1234532710356,390.09672594707484,390.59173583984375,68128300
2021-05-04,388.6023411344011,389.0973510192944,384.4928213443372,388.1820373535156,101591200
2021-05-05,389.8258637827846,390.05935955355847,387.74307124643747,388.303466796875,60162200
2021-05-06,388.3781117451592,391.5349786293804,386.3700541332892,391.40423583984375,74321400
2021-05-07,392.17007461027134,394.9066375343284,391.48825686517847,394.2528381347656,67733800
2021-05-10,394.60777566622943,394.83192244153906,390.22739358037734,390.34881591796875,81852400
2021-05-11,385.8284656691079,387.85519325173584,382.9891487599373,386.86517333984375,116888000
2021-05-12,384.0818451111226,385.35204832878026,377.3291376588085,378.64605712890625,134811000
2021-05-13,380.19641151101195,385.1278398956935,380.1496952660477,383.1944885253906,106394000
2021-05-14,385.93109523135814,389.9285412046908,385.9030768823611,389.07861328125,82201600
2021-05-17,387.96716817788194,388.9011510722619,386.0711555395105,388.08856201171875,65129200
2021-05-18,388.3501253478743,388.59297005214694,384.5861749461466,384.7449645996094,59810200
2021-05-19,380.0562791493096,383.9136040250539,378.57122147090604,383.73614501953125,106467100
2021-05-20,384.6142002311314,389.1253542262279,384.4928063797059,387.8644714355469,78022200
2021-05-21,389.3495165134627,390.59172995398563,387.08929345333263,387.54693603515625,76578700
2021-05-24,389.78844536691764,392.5717248506236,389.54560067622776,391.4976501464844,51376700
2021-05-25,392.58101863752853,392.93593669892675,390.0499329669356,390.6289978027344,57451400
2021-05-26,391.21742785148024,391.90856610321015,390.1807204738854,391.40423583984375,43088600
2021-05-27,392.4316202322079,392.9452994425397,391.3294987126263,391.6097106933594,56707700
2021-05-28,393.178808495256,393.44032258439506,392.07671544123446,392.3102111816406,58520200
2021-06-01,394.67317493272026,394.81326667212426,391.5256570082224,391.9646301269531,54216600
2021-06-02,392.61842198763014,393.42166217448545,391.60973290730567,392.5810546875,49097100
2021-06-03,390.26480554943856,392.2635143648258,388.7984453863478,391.1240539550781,58138800
2021-06-04,392.973358609629,395.0001143194918,391.18944760771376,394.70123291015625,55938800
2021-06-07,394.69185530536356,394.86931434784225,393.38428486307185,394.3182678222656,51555000
2021-06-08,395.17747595077844,395.27087993776814,392.57168428200526,394.40228271484375,47134300
2021-06-09,395.242896577049,395.3176311744139,393.5897570222941,393.81390380859375,48436300
2021-06-10,395.0374479909109,396.5972121670287,393.7205285195885,395.64453125,51020100
2021-06-11,396.195554371816,396.4103521952226,394.90665341979326,396.29827880859375,45570800
2021-06-14,396.4104469975744,397.288393406657,395.16826199483984,397.1856689453125,42358500
2021-06-15,397.33503853707737,397.3723773329353,395.5791460332352,396.45709228515625,51508500
2021-06-16,396.59721625461583,396.8213630595682,392.19816419002484,394.2435607910156,80386100
2021-06-17,393.8326399762295,395.0934942745737,391.6377741374557,394.1128234863281,90949700
2021-06-18,390.82940868218697,391.52280806426444,388.5899013988071,388.7960510253906,118676300
2021-06-21,390.5576558078238,394.5494491775668,389.74243684552914,394.3620300292969,72822000
2021-06-22,394.352679752593,397.3043454678535,393.6311417670724,396.4703674316406,57700300
2021-06-23,396.5454031031455,397.35124264550416,395.90822366088724,395.9925537109375,49445400
2021-06-24,398.13837392933584,398.7567942864678,397.88535518708557,398.33514404296875,45110300
2021-06-25,399.08471063989845,400.1997887962621,398.75674142988316,399.75,58129500
2021-06-28,400.27483854601434,400.7245988255164,399.07543014042216,400.5559387207031,53159600
2021-06-29,400.9400223650543,401.577201657203,400.23724351738144,400.7713623046875,35970500
2021-06-30,400.3122456149289,401.78340305544015,400.2841356012442,401.1087341308594,64827900
2021-07-01,401.86778124712555,403.48886848690523,401.8021816752853,403.3295593261719,53441000
2021-07-02,404.49143596219454,406.7684327334074,403.41381877275404,406.412353515625,57697700
2021-07-06,406.4686076794865,406.68413685470637,402.9359824093808,405.672119140625,68710400
2021-07-07,406.35618496076756,407.38693319644403,404.3415575796705,407.1058044433594,63549500
2021-07-08,401.78341990828244,404.5476952865336,400.60274209170535,403.7886962890625,97595200
2021-07-09,405.2973236629894,408.3989192878367,403.5919064673389,408.09906005859375,76238600
2021-07-12,408.01462234463963,409.8137486491912,407.5835926889374,409.56072998046875,52889600
2021-07-13,408.7736200183757,410.27288716862984,407.9021811746662,408.16455078125,52911300
2021-07-14,409.86071097096965,410.3479893837978,407.5274938195921,408.77374267578125,64130400
2021-07-15,407.43375298751454,408.10842192602513,405.4753457373174,407.3775329589844,55126400
2021-07-16,408.5581106961786,408.604951176433,403.78858880291534,404.18212890625,75874700
2021-07-19,399.35641435707515,404.24775614946304,395.40211100310523,398.2132263183594,147987000
2021-07-20,398.8785282705121,405.19418699140346,398.08203985333273,403.9197998046875,99608200
2021-07-21,405.11927714998365,407.3307031828911,403.8730283565818,407.19012451171875,64724400
2021-07-22,407.36814723384765,408.28645534613815,406.3842681533673,408.0428161621094,47878500
2021-07-23,409.9731072389194,412.5780733348413,409.28908738037114,412.2407531738281,63766600
2021-07-26,411.6503882088871,413.26209560038063,411.6035477215418,413.2527160644531,43719200
2021-07-27,412.21265274876606,412.2407627628377,408.5394488652319,411.36932373046875,67397100
2021-07-28,411.99717221467273,412.57813163816985,409.7763950523972,411.20068359375,52472400
2021-07-29,412.1283678734607,413.9836861978173,412.1189883356927,412.9060974121094,47435300
2021-07-30,410.33855849930256,412.3531856804309,410.207359374989,410.9007873535156,68951200
2021-08-02,412.61558301486065,413.16843236981356,409.68264755521176,410.0387268066406,58783300
2021-08-03,410.8352061543172,413.49639234731455,408.642539261414,413.37457275390625,58053900
2021-08-04,412.0908364864167,413.34646478534535,411.1069573898092,411.3412170410156,46732200
2021-08-05,412.5030587680175,414.0304359841878,412.18446913337823,413.94610595703125,38969700
2021-08-06,414.26478830639564,415.0518973321597,413.98365955681214,414.6302185058594,46930000
2021-08-09,414.60208735027624,414.920677039973,413.5244986888596,414.2928771972656,41222600
2021-08-10,414.74262797604996,415.52038600343246,414.05860812109773,414.8082275390625,43339300
2021-08-11,415.87653984943745,415.93275988606405,414.75208192459974,415.83905029296875,44034300
2021-08-12,415.68905723891174,417.22581426197354,414.78950819398324,417.0852355957031,38909400
2021-08-13,417.53503004424323,417.86299927638066,417.0477802625369,417.8442687988281,39470300
2021-08-16,416.54171828206023,418.95926500085824,414.98623095911614,418.8280944824219,73740000
2021-08-17,416.27000163869883,416.9446705471954,413.0934557834653,416.0826110839844,92673900
2021-08-18,415.07056886412056,416.6354357523996,411.2849538867955,411.528564453125,89351900
2021-08-19,408.8018367196642,413.36523891211175,408.6612866430519,412.1658020019531,92812200
2021-08-20,412.51249736786883,415.7733732693985,412.0252190130029,415.4454040527344,72008700
2021-08-23,417.132066923601,420.00878201499984,415.52035954108516,419.099853515625,54973000
2021-08-24,419.7652282714844,420.299347194437,419.2498684240996,419.7652282714844,38744700
2021-08-25,419.9525966891945,421.16135587884156,419.57775837696613,420.64599609375,40529700
2021-08-26,420.36482888327043,420.59908850889707,418.06910170981706,418.1628112792969,57829600
2021-08-27,418.9685851458226,422.2763293985503,418.91236513215574,421.9015197753906,77235100
2021-08-30,422.5762498396636,424.5440363918998,422.3326106810009,423.7569274902344,48357400
2021-08-31,423.6632692588089,424.0005894306205,422.52946055313254,423.129150390625,59300200
2021-09-01,424.0662234902461,424.5815833267058,423.11980527098797,423.35406494140625,48721400
2021-09-02,424.77834425136786,425.4623641266029,423.45711639620544,424.6565246582031,42501000
2021-09-03,423.52271669627993,425.068824666954,423.11976836523195,424.5534362792969,47170500
2021-09-07,424.20669853552585,424.30040810634716,422.3607315153163,423.035400390625,51671500
2021-09-08,422.5012890564802,423.23217791852863,420.59907351191805,422.52001953125,56181900
2021-09-09,422.32328581858627,424.0755433312676,420.46793919543404,420.7115783691406,57970400
2021-09-10,422.64189201792766,423.06354222411983,417.27265062322766,417.39447021484375,89948200
2021-09-13,420.3930027876443,420.6553724465294,416.1481905625877,418.4626770019531,83738600
2021-09-14,419.9056608987367,420.11181049925545,415.314178264794,416.2043762207031,78197100
2021-09-15,416.6261831081275,420.17756813659844,415.5204841966858,419.6809387207031,78792200
2021-09-16,419.15611403582216,420.1306135920383,416.0638694935535,419.01556396484375,77786700
2021-09-17,418.2428600689456,418.665861109797,414.5766789216659,414.93389892578125,118425000
2021-09-20,408.8048589294982,410.3841202455259,403.145796182089,408.0152282714844,166445500
2021-09-21,410.3559338587685,411.65319451439296,407.103401321114,407.62982177734375,92526100
2021-09-22,409.9046690416803,413.64604074631075,407.74258725869817,411.60614013671875,102350100
2021-09-23,413.4768249344985,418.21463714747955,413.2418148065021,416.6071472167969,76396000
2021-09-24,414.97149473457984,418.0078359804858,414.7552750846295,417.29339599609375,62094800
2021-09-27,416.25940022123115,417.4250414535586,415.40395978249387,416.099609375,61371100
2021-09-28,413.32642918282806,413.65544911085703,406.98115550934745,407.7143859863281,130436300
2021-09-29,409.0961944642292,410.83527498638745,407.83654373845025,408.40057373046875,82329200
2021-09-30,409.8764511666684,410.58148154628566,403.07056708218,403.40899658203125,140506000
2021-10-01,405.1386734490561,409.8858665977476,401.61352150069314,408.20318603515625,129240100
2021-10-04,407.0375892196289,407.9400201839394,400.79570572105376,402.93902587890625,128570000
2021-10-05,404.4430001166101,409.37821255340737,403.6439886722877,407.13153076171875,90682500
2021-10-06,403.53117578451554,409.0304184562949,401.90492407695274,408.8236083984375,113032200
2021-10-07,412.1043841974191,415.1970969045478,411.92577420062315,412.3581848144531,72437500
2021-10-08,413.1290299205683,413.51444998736724,410.9763290353788,411.60614013671875,74557400
2021-10-11,410.9480605801646,413.86219152845484,408.56034995556803,408.62615966796875,65233300
2021-10-12,409.5475229098595,409.9517335045939,406.8307916592311,407.62042236328125,71181200
2021-10-13,408.64503280690064,409.90468374251765,405.6651202312037,409.08685302734375,72974000
2021-10-14,412.7530051375808,416.11836647826146,412.2829848477017,415.96795654296875,70236800
2021-10-15,418.0830843417794,419.5025549212031,417.46265406245044,419.13592529296875,66260200
2021-10-18,417.34977745930763,420.71510979062344,416.6917376412568,420.376708984375,62213200
2021-10-19,422.0030022074686,423.68565408047556,421.39195292020696,423.619873046875,46996800
2021-10-20,424.0805016742407,425.5845723051379,423.96770139728164,425.28375244140625,49571600
2021-10-21,424.682063831623,426.6185448638883,424.24965325713134,426.3929443359375,41305400
2021-10-22,425.96055094238534,427.40822132656245,424.0052506620859,425.9511413574219,58845100
2021-10-25,427.04157156190274,428.5644324904607,425.264910041171,428.23541259765625,45214500
2021-10-26,429.78654991386077,430.99918156529145,428.2448696453988,428.6208801269531,56075100
2021-10-27,429.0815570599391,429.74897787469854,426.64682658288626,426.7220458984375,72438000
2021-10-28,428.1508248045862,430.91454608380144,428.1414439075538,430.83935546875,51437900
2021-10-29,428.5362208085048,432.00497224630874,428.2448105739149,431.71356201171875,70162400
2021-11-01,432.70065934906575,433.07669852419264,430.7265971184563,432.4562683105469,48433600
2021-11-02,432.62545072020157,434.51494135185385,432.4938312768331,434.2047119140625,48908400
2021-11-03,433.6407005054024,437.25986241274643,433.19888029300824,436.85565185546875,52509800
2021-11-04,437.4572570913363,438.9989373652711,437.10944667746986,438.9143371582031,52847100
2021-11-05,441.14225579847414,442.43010684262913,438.9237737315892,440.4372253417969,66390600
2021-11-08,441.53695977451133,442.0351800078798,440.1268992625907,440.8131103515625,50405200
2021-11-09,441.1798210293701,441.41483115793073,437.946079365355,439.35614013671875,51149100
2021-11-10,437.6640963262321,439.3561866436364,434.336373208753,435.8216247558594,69429700
2021-11-11,437.31630732955944,437.3915266474943,435.9438559987734,435.962646484375,34848500
2021-11-12,437.23166509516153,439.8073670755041,436.2822149398842,439.25274658203125,53466700
2021-11-15,440.54063749790726,440.7004283336517,438.27513622509247,439.4031677246094,46980500
2021-11-16,439.1398906471806,442.2796223088453,439.0647000337654,441.1421813964844,48857500
2021-11-17,440.87903881691875,441.0576488248933,439.4501874408848,440.07061767578125,47858300
2021-11-18,441.1045462451543,441.82839571024846,438.3784348342673,441.565185546875,50625600
2021-11-19,441.45234473958817,442.70261449783385,440.408913698174,440.7755432128906,57315600
2021-11-22,442.65567024625074,445.1467717517106,439.32791895320247,439.53472900390625,72762000
2021-11-23,439.2057132997234,440.9729939884895,436.6018115031317,440.1175537109375,73206500
2021-11-24,438.115291443818,441.4148429167893,437.2974607646824,441.2926330566406,61858800
2021-11-26,434.6183409737067,436.08480192497507,430.32234880945094,431.4504089355469,112669600
2021-11-29,436.24463852719293,438.58533038960036,434.0449470141302,436.74285888671875,86268800
2021-11-30,434.29867461961885,436.20695552725533,428.0003923221103,428.24481201171875,148559600
2021-12-01,433.9603470803366,436.80866888995706,423.290880760792,423.48828125,131939200
2021-12-02,423.7044637690375,431.54439807571686,423.3096341374703,429.9745178222656,127637800
2021-12-03,431.6383868949673,432.70060850783227,422.0029722635854,426.233154296875,137331600
2021-12-06,428.78067779267633,433.1612699645703,426.36476682296546,431.28118896484375,98977500
2021-12-07,436.5642266881175,440.7662090115453,431.1495840464495,440.2021789550781,95484700
2021-12-08,440.5970473857132,441.81908870916527,438.83914733929845,441.36785888671875,72238800
2021-12-09,440.07993978691974,441.471210008513,438.1904779520681,438.38787841796875,61272600
2021-12-10,441.0952068137605,442.665058357532,438.53829554873346,442.5146484375,77159800
2021-12-13,441.99766876550603,442.3454791791736,438.3126971846737,438.5947265625,87724700
2021-12-14,435.323378332146,437.8144800719802,432.65366659136504,435.5771789550781,97264100
2021-12-15,435.63360291576834,442.6274781927471,433.11427244709614,442.3830871582031,116899300
2021-12-16,444.23497726904446,444.5169779638093,436.930843709259,438.48193359375,116568600
2021-12-17,435.4000562992087,438.4093235060489,432.10779763878344,433.81524658203125,135511600
2021-12-20,428.73056845563246,429.5984279577143,425.5798060591172,429.2022399902344,107134800
2021-12-21,432.62657449075914,436.9659586009306,430.4568968299471,436.824462890625,69806300
2021-12-22,436.569793417211,441.30536576361067,436.3716706238864,441.1921691894531,58890200
2021-12-23,442.19206541682075,445.4371678906433,442.08831149730497,443.937255859375,56439700
2021-12-27,445.3145747017814,450.26712634622396,445.26741905868244,450.219970703125,56808600
2021-12-28,450.65389822973356,451.6821388256294,449.0879451201847,449.85205078125,47274600
2021-12-29,449.9558186671151,451.44628815269533,448.955877247608,450.427490234375,54503000
2021-12-30,450.8519578886304,451.8613419081985,448.72002207295793,449.1822509765625,55329000
2021-12-31,448.6916965613621,449.8425474311,447.77665266265734,448.0502014160156,65237400
2022-01-03,449.31432242601716,450.7765215542985,447.0031490248722,450.6444396972656,72668200
2022-01-04,452.06889544831097,452.78584543871375,448.635112640116,450.4934997558594,71178700
2022-01-05,450.1255372262037,450.89908537464567,441.7486470053759,441.8429870605469,104538900
2022-01-06,441.3808228754029,444.1448112867114,439.0601780901141,441.427978515625,86858900
2022-01-07,441.43740286255314,442.6165817047028,438.32435344615055,439.6827697753906,85111600
2022-01-10,436.48485885738484,439.35260112059655,430.73046025596256,439.1356506347656,119362000
2022-01-11,438.87156663562837,443.22980760686403,435.87171338487093,443.1354675292969,74303100
2022-01-12,444.8712086177971,446.3900061138433,442.37135493830107,444.33349609375,67605400
2022-01-13,445.4371934481838,446.0881025089078,437.18294108680465,438.211181640625,91173100
2022-01-14,435.0604113490844,438.739443721602,433.8434906759854,438.3904113769531,95890900
2022-01-18,433.6925435130348,433.9000801446297,429.51354052849086,430.6266784667969,109709100
2022-01-19,432.17374552013666,433.56987477528105,425.8816348637501,426.15521240234375,109357600
2022-01-20,428.04190842212745,432.74918102362534,419.31598522013365,421.4385070800781,122379700
2022-01-21,420.31596407281415,422.6743219055185,413.1371366485651,413.1654357910156,202271200
2022-01-24,407.5525063368311,415.4294267475225,396.9210402768621,414.9200134277344,251783900
2022-01-25,408.5240700807599,414.80673718955825,402.94891014022426,409.85418701171875,167997300
2022-01-26,415.7502159505603,418.8821222815148,404.56215063672164,408.8260803222656,186391100
2022-01-27,413.4296307091558,416.57095113119124,405.11877880380894,406.8073425292969,149878300
2022-01-28,408.1657129140467,416.95767810367454,403.5810789597359,416.9105224609375,164457400
2022-01-31,416.2406973417306,424.76852696731544,414.89172362734763,424.41949462890625,152251400
2022-02-01,425.1458850994215,427.9287589149775,421.61779092107525,427.28729248046875,123155400
2022-02-02,429.692858513143,432.1644132687847,427.3816559914496,431.43804931640625,117361000
2022-02-03,425.4006065808514,427.3061493870198,420.45746888036115,421.29705810546875,118024400
2022-02-04,421.0612140470099,427.12690349554987,418.68397092224063,423.278076171875,118454400
2022-02-07,424.04216920738406,425.43829858096694,420.58952998140325,421.9196472167969,84472900
2022-02-08,421.4196169061176,426.31556924155666,419.9951598038307,425.3910827636719,81012000
2022-02-09,429.4286550758493,431.93795122288446,429.23056108197864,431.6172180175781,92589900
2022-02-10,425.7684883309894,431.7775795121979,421.86306271080866,423.8629455566406,140103700
2022-02-11,423.947877125735,426.0232149227556,414.0710725267029,415.50494384765625,153214600
2022-02-14,414.99548562999905,416.5802950386649,410.67495835599806,414.1464538574219,123006300
2022-02-15,418.58969014890727,420.99520380296383,418.0708341137334,420.8254089355469,88482700
2022-02-16,418.7783192186944,422.6743310487677,416.90107555558865,421.29705810546875,84863600
2022-02-17,418.10851257856154,421.2687175900961,411.6937912802445,412.2975158691406,102259100
2022-02-18,412.55230132343786,413.8069639993618,407.3544994602663,409.6279602050781,132642900
2022-02-22,407.4204966635997,410.8259516984403,401.7321096953835,405.23193359375,124391800
2022-02-23,408.14680557704895,408.71281716213616,397.47759803405336,398.0436096191406,132578000
2022-02-24,387.73284685817333,404.4677720037459,387.3744006844994,404.0338134765625,213942900
2022-02-25,405.2696289017005,413.0333532377554,403.6187784215898,412.9484558105469,121804500
2022-02-28,407.5525830665725,413.3730235849013,406.29794921127944,411.8919677734375,145615000
2022-03-01,410.39202759579075,412.4013531876371,402.9112942533806,405.61871337890625,137785900
2022-03-02,407.8732332677147,414.806810499793,407.11857033694304,413.08050537109375,117726500
2022-03-03,415.51437058927706,416.1180952528959,409.22225892771945,411.0240478515625,105501700
2022-03-04,407.28832308466133,408.81653407408726,403.63759043469,407.6845397949219,113978200
2022-03-07,407.09966398019566,407.807171236879,395.600310398485,395.6663513183594,137896600
2022-03-08,395.84562657872834,403.0055972451965,391.60058263341585,392.66656494140625,164772700
2022-03-09,401.05292680024445,405.1753318232111,398.8643637492097,403.1943054199219,116990800
2022-03-10,398.5812801406087,402.2697547820951,396.61913933731984,401.37359619140625,93972700
2022-03-11,403.86407311815816,404.4772404206204,395.7607587468195,396.2701721191406,95636300
2022-03-14,397.04370305998077,400.4963135753872,392.2326473482891,393.37408447265625,95729200
2022-03-15,395.9871173439881,402.65655987964084,394.7136272071247,402.0245361328125,106219100
2022-03-16,405.5337196502568,410.99565467110665,400.7320786409721,410.9390563964844,144954800
2022-03-17,409.02416595069127,416.08038330078125,408.64683443641115,416.08038330078125,102676900
2022-03-18,414.4678791360529,420.9593028336933,413.7297868077792,420.6375732421875,106345500
2022-03-21,420.46731741839125,422.47341335215924,417.00395167542,420.5146484375,88349800
2022-03-22,421.9055997031732,426.37201295183075,421.9055997031732,425.4352111816406,74650400
2022-03-23,422.8991638853642,424.39426355842147,419.87107662912183,419.95623779296875,79426100
2022-03-24,421.98127067470915,426.2962761766024,420.86467470667094,426.28680419921875,64736900
2022-03-25,426.92085470819296,428.64307980820996,424.33751705816746,428.36865234375,77101300
2022-03-28,427.7725201247763,431.4156799316406,425.8799725760659,431.4156799316406,68529800
2022-03-29,435.3047356240144,437.2446136728148,432.6173222842391,436.7525329589844,86581500
2022-03-30,435.60766008577025,436.42147053755207,431.94558524771077,434.0557861328125,79666900
2022-03-31,433.2893025074121,434.11255605182595,426.9208697553412,427.3750915527344,121699900
2022-04-01,428.9553048993876,429.09724017093697,425.0093599604166,428.5862731933594,89048800
2022-04-04,428.7850647544049,432.3619786728985,427.96181114365424,432.25787353515625,59601000
2022-04-05,430.76271011439627,433.23247058270414,425.65283796639494,426.7978210449219,74214500
2022-04-06,422.8802358321869,424.8106132427769,419.6439673154081,422.53009033203125,106898000
2022-04-07,421.6500972677455,426.47609894481815,419.70077574327007,424.65924072265625,78097200
2022-04-08,423.90221584948597,426.4193072695884,421.9812814601947,423.5237121582031,79272700
2022-04-11,420.24958914576314,421.09178658035466,415.7832051098399,416.28472900390625,89770500
2022-04-12,419.2749398176844,421.80150331220403,413.19040683522564,414.7423095703125,84363600
2022-04-13,414.4962904899716,420.2496221966037,414.3164961668285,419.49261474609375,74070400
2022-04-14,419.71968183285964,420.8363067294956,414.16505991706254,414.2691650390625,97869500
2022-04-18,413.341833148195,416.1238802748247,412.2062931005156,414.43951416015625,66002500
2022-04-19,414.3353418054255,421.84875644836103,414.16501948930335,421.1296081542969,77821000
2022-04-20,422.9086378808468,423.52370998577396,419.6534541721469,420.8173522949219,65224400
2022-04-21,424.441679554067,425.83270326471836,413.61630443070874,414.52471923828125,85417300
2022-04-22,413.43644206750025,414.54356611501663,402.5826816695929,403.15045166015625,132471800
2022-04-25,400.9078312682018,405.6581153210633,396.33731266857023,405.48779296875,119647700
2022-04-26,402.95176302506155,403.15050131692556,393.71615029439,393.7445373535156,103996300
2022-04-27,394.82323647876274,400.19809313911514,392.7130645715548,394.85162353515625,122030000
2022-04-28,399.6019576141651,406.55707558525125,395.1639313315665,404.82537841796875,105449100
2022-04-29,400.8320856724879,402.9895886209459,389.1172122790781,389.8647766113281,145491100
2022-05-02,389.93102468617633,393.5741843394114,383.2597775315031,392.2115478515625,158312500
2022-05-03,392.7131004763314,396.4224776148035,391.1517255979903,394.0094909667969,100028200
2022-05-04,394.67186907445193,406.57600980928174,391.4829309462933,406.00823974609375,144247900
2022-05-05,401.7404848718178,402.16631958492377,387.44230322988835,391.5775146484375,172929100
2022-05-06,389.01316841951103,392.5143641838962,383.9316826887412,389.2402648925781,151770800
2022-05-09,383.33553324176137,384.5751496453727,375.1975725508125,376.7778625488281,155586100
2022-05-10,382.7582487909865,384.26282054447404,373.60779806565324,377.64837646484375,132497200
2022-05-11,376.68313878017256,382.3323933257538,370.90139206919764,371.6489562988281,142361000
2022-05-12,368.45055253884505,374.5350849474075,364.4572767318207,371.260986328125,125090800
2022-05-13,375.39624432033366,381.5186365245012,374.35533743902573,380.1370849609375,104174400
2022-05-16,378.4905892750784,382.26621234005705,376.2384531036934,378.59466552734375,78622400
2022-05-17,384.6886388298432,386.61904522716617,380.9508462343475,386.3824768066406,83029700
2022-05-18,381.82146421765935,382.1053347959958,369.56720740842707,370.80682373046875,117674500
2022-05-19,367.7408392133795,372.9642879303813,366.31195684652164,368.53570556640625,98510700
2022-05-20,372.12216171567013,375.69907542713753,360.09503013105126,368.6966552734375,131432200
2022-05-23,371.72468584727085,376.3614500919125,369.4063326029317,375.594970703125,76414900
2022-05-24,371.46925335188774,373.92009911254564,366.17011411463403,372.7278137207031,91448800
2022-05-25,371.2326397707966,377.9890479746067,370.83522098115014,376.0207824707031,91472900
2022-05-26,377.25096753960395,385.1712741839689,377.04278616008014,383.5342102050781,82168300
2022-05-27,385.99452816985354,393.0631942254229,385.7958187685275,392.94964599609375,84768700
2022-05-31,391.3314665518741,394.0851264101224,388.0005936135915,390.7447814941406,95937000
2022-06-01,392.8644517588874,393.87694263717856,385.06713709140746,387.584228515625,86585800
2022-06-02,387.42343703743313,395.0125426179488,385.17130074310455,394.9652404785156,79609600
2022-06-03,390.2432399078514,391.7951425251517,387.50852412899536,388.4831848144531,71874300
2022-06-06,392.49542593941146,394.22709420031765,388.49267756993027,389.66607666015625,57508900
2022-06-07,386.17432268656637,393.8580609068562,385.71062891259504,393.4038391113281,59272400
2022-06-08,391.69104143143073,393.479512475004,388.3317815558461,389.12664794921875,64350000
2022-06-09,387.34768809546443,389.61873928900354,379.87213134765625,379.87213134765625,86289800
2022-06-10,373.6645695586442,374.5162101273659,368.8101807755536,368.85748291015625,132893900
2022-06-13,359.4421255713329,361.29681422052283,353.2440145637145,354.8526916503906,170004900
2022-06-14,356.60323107069917,357.6346658846879,350.679548775885,353.7833251953125,104011800
2022-06-15,357.0858572117837,363.2744957746672,352.12739188091416,358.8270263671875,125666800
2022-06-16,350.6038334285706,351.0107241373277,344.51927236083463,346.9512023925781,134473300
2022-06-17,347.36664594017265,351.04454035549736,344.1924419666906,347.6992492675781,111113900
2022-06-21,353.4299145965904,357.8395764065463,353.3538694431423,356.4520568847656,76811900
2022-06-22,352.2229356289405,359.9208687301767,351.80477429485757,355.8058166503906,90059400
2022-06-23,357.9441431467789,360.02540799730696,354.3802877819863,359.29364013671875,79292100
2022-06-24,362.4677899153683,370.72643183907684,362.43928023680013,370.7169189453125,98050300
2022-06-27,371.63881476677494,371.93342448126845,368.20802402579585,369.3009338378906,66009600
2022-06-28,370.8595757781449,373.6441279914071,361.6410576968473,361.7550964355469,86548900
2022-06-29,362.3062541919747,363.2946090766125,359.6357412197438,361.4604187011719,65676000
2022-06-30,357.5639599441416,361.7645700473963,354.06663699104956,358.5238342285156,112508300
2022-07-01,357.8681111996678,362.7529830546203,355.2451042734922,362.3157958984375,74839700
2022-07-05,357.221845993929,363.0190563072348,354.38975859425415,363.0000305175781,81438000
2022-07-06,363.1426176733525,366.7159861827103,360.75723003789744,364.2260437011719,70426200
2022-07-07,366.0032575639266,370.479452613556,364.2450827898699,369.68115234375,64525900
2022-07-08,368.04645446042775,371.2491967887842,366.516386504775,369.3769836425781,72397800
2022-07-11,366.6969600116307,367.66631821985214,364.4636048722329,365.1573791503906,58366900
2022-07-12,364.60614303529803,366.99155941529256,360.17745545859367,361.9261169433594,62219200
2022-07-13,356.48059143871535,362.9620635927919,356.0624300737601,360.0254211425781,84224600
2022-07-14,355.064490796516,360.234458871572,352.6220841639683,359.15106201171875,89704800
2022-07-15,363.5607769406915,366.1267645686113,361.6505700647993,366.0127258300781,79060400
2022-07-18,369.10138727564373,369.77613578928634,361.76459566817937,362.9905700683594,63203600
2022-07-19,366.91550902545094,373.3684709198661,366.25978635540963,372.7982482910156,78506000
2022-07-20,372.98828349436786,376.59016077722407,371.6197609648057,375.1741027832031,71843800
2022-07-21,374.59442084284586,379.0421048535145,372.1900078667484,378.9945983886719,64903900
2022-07-22,379.1181409721045,380.3155764832449,373.2543990144218,375.4782409667969,72197300
2022-07-25,376.1054757940071,376.78973707432243,373.6915500269605,375.9344177246094,53631500
2022-07-26,374.29030390175836,374.4993845551237,370.59341339787153,371.48675537109375,52946400
2022-07-27,374.78449853291994,382.8815960228277,374.4898888264092,381.1329345703125,82342100
2022-07-28,381.9407652653173,386.6070143182949,378.38639383024014,385.91326904296875,73966600
2022-07-29,387.3482404042619,392.52772101696127,386.5784500823875,391.5393371582031,87003700
2022-08-01,388.84030221771746,392.88885045045953,388.1275312754867,390.3798828125,69997500
2022-08-02,388.81185464934134,392.49926155328086,386.6260350117583,387.8044738769531,63435400
2022-08-03,389.9332658563709,395.04621476373677,389.6481690410905,393.8772888183594,67820600
2022-08-04,393.8011998743411,394.48546115765066,391.96700956030446,393.61114501953125,45656600
2022-08-05,389.32504829644654,393.5921616324373,389.2680289335886,392.9459228515625,56814900
2022-08-08,394.63754145835884,396.88989316531894,391.387292955347,392.4897155761719,53886100
2022-08-09,391.75793150673337,392.26162182953084,389.85720892972773,390.9311218261719,44931800
2022-08-10,397.9923437821938,399.28485036063125,396.03460162898654,399.14227294921875,68665700
2022-08-11,401.993357133819,403.85608634972215,398.40099222133176,399.14227294921875,59489700
2022-08-12,401.0810138483799,406.0038788583054,400.130652464098,405.89935302734375,61694500
2022-08-15,403.6848952730363,408.0945849306537,403.6278759242499,407.5718688964844,54048300
2022-08-16,406.49811757493705,410.29956341351703,405.69030453369277,408.3703308105469,59289000
2022-08-17,404.76839107782297,408.1801847177208,403.4664007169476,405.4716491699219,63563400
2022-08-18,405.67127686044,407.3344094071018,404.3787992026303,406.6501770019531,49023200
2022-08-19,403.884538856435,404.1506388492187,400.31117123671885,401.1855163574219,68016900
2022-08-22,396.34825991608824,396.51934703159236,391.9290846530813,392.8319396972656,77695600
2022-08-23,392.4041568162922,394.7990857432436,391.33024395653683,391.8814697265625,49105200
2022-08-24,391.6533959625738,394.50447996842576,390.9691636437866,393.135986328125,49177800
2022-08-25,394.62800448902925,398.73357213624024,393.53509482903235,398.6860656738281,50942300
2022-08-26,398.5720522592657,399.1137361754967,385.13392912672487,385.1909484863281,103087000
2022-08-29,382.2353030427063,385.6946028813485,381.284941800932,382.6439514160156,65370800
2022-08-30,383.80344189629403,384.04103223682625,376.3430994030369,378.4433898925781,85652400
2022-08-31,380.07796715106764,381.3229380663818,375.4307157273297,375.5637512207031,76029700
2022-09-01,373.38750446992157,377.0843952355188,370.6789686786316,376.7422790527344,78740100
2022-09-02,380.41065862148133,381.6271200488621,370.9545511254495,372.7697448730469,99632100
2022-09-06,373.61557203339373,374.5564205138696,369.1393780774377,371.36322021484375,76637400
2022-09-07,371.0495973756983,378.8045499413538,370.8310328137159,378.0347595214844,70964200
2022-09-08,375.7633824847431,380.9618311489722,374.5564050265275,380.50567626953125,80821700
2022-09-09,382.74861193931946,387.28185521979657,382.48251185807794,386.4170227050781,76706900
2022-09-12,388.4886832810648,391.29226066106133,388.1845607104956,390.5699768066406,69256300
2022-09-13,381.883702988719,383.09068051072757,372.4656471755256,373.5870666503906,122947100
2022-09-14,374.8891131558297,376.5332490404531,371.70539623609636,375.0126647949219,85023700
2022-09-15,373.4539971854713,376.30508130578556,369.4814936051546,370.7549743652344,87633800
2022-09-16,366.5715037074268,368.5849896074333,364.63431709955245,367.9265441894531,103084800
2022-09-19,364.77747715242447,370.77978515625,364.70111961719556,370.77978515625,73278500
2022-09-20,367.44941174370973,368.4609306805626,363.7659614872204,366.5237731933594,77274900
2022-09-21,368.45141571810717,371.50507678031033,360.120697050022,360.1302490234375,106746600
2022-09-22,359.35712358524444,360.99846065379404,356.3607464393432,357.1050720214844,89472600
2022-09-23,353.6317031293157,353.66988190419056,346.67512846528666,351.12200927734375,122346900
2022-09-26,349.65230865281546,353.27850469382014,346.42688767980343,347.6483459472656,92581200
2022-09-27,351.18873199675016,353.4598882434016,344.3657404059386,346.7609558105469,108294100
2022-09-28,347.71516751010176,355.27293178744674,346.01657657366974,353.5838928222656,110802200
2022-09-29,350.0340115514208,350.32027945929735,343.249200037984,346.1978759765625,112952300
2022-09-30,345.2532144843065,349.1752604718102,340.7109309251175,340.8445129394531,153711200
2022-10-03,344.5661446001822,351.69450844335853,342.78167292655894,349.8432312011719,89756500
2022-10-04,355.3683901017397,360.7122815791371,349.8050362444443,360.68365478515625,103602800
2022-10-05,356.31307797444373,362.1054452964354,353.98466868106397,359.8438415527344,88065700
2022-10-06,358.44114174816866,361.3993701215644,355.6355993235401,356.1318359375,82333500
2022-10-07,352.09522785371945,356.21766045831674,344.43247955302377,346.1978759765625,107789500
2022-10-10,347.3144037026543,347.5529700367685,341.31209570408595,343.5545959472656,76042800
2022-10-11,341.8560084056642,346.42694756944854,339.4417182439327,341.3788757324219,92482800
2022-10-12,341.7891897787711,343.36372158176107,340.0046893387279,340.2528076171875,76991800
2022-10-13,333.23887022961685,350.7019370839695,332.1891729123842,349.23236083984375,147254500
2022-10-14,351.6944243183575,353.3262387618921,340.6344942548241,341.27386474609375,123737000
2022-10-17,347.36209613161253,351.1505302643893,340.9398806417008,350.0435791015625,93168200
2022-10-18,357.97352458781444,358.27889645424324,350.71155095897484,354.1564636230469,97162900
2022-10-19,352.11433970586495,354.8435535760599,348.8316647816131,351.6467590332031,79746900
2022-10-20,351.19826004641624,355.62606505287266,347.9346598802896,348.6980895996094,88283100
2022-10-21,348.42143026591856,357.65871372933674,346.91370352218587,357.17205810546875,131038400
2022-10-24,358.6987583066402,362.67802786353946,356.0458731062238,361.5424499511719,85436900
2022-10-25,361.46614520779,367.63069061993605,361.351638036336,367.3157958984375,78846300
2022-10-26,364.16670060269513,369.85411334727513,363.90905946867207,364.54840087890625,104087300
2022-10-27,365.55042194011406,367.39214701251325,361.9814498519805,362.60174560546875,81971800
2022-10-28,362.49677973202483,371.70543468470186,362.3154669828309,371.2283020019531,100302000
2022-10-31,368.7662444084812,370.63659603718315,367.6402184672529,368.5467529296875,96631300
2022-11-01,372.2970465066368,372.53561281137877,365.7603239323339,366.9340515136719,85407600
2022-11-02,366.3424479641309,370.85613338006743,357.62047814363854,357.7254333496094,126990400
2022-11-03,354.48088497780066,357.08603938395083,351.9234613034175,354.04193115234375,87100100
2022-11-04,359.75799240640606,361.5424637304622,353.0781357834755,359.1377258300781,103505200
2022-11-07,360.43554599672575,363.1647599563083,358.3552545876023,362.5731201171875,68286900
2022-11-08,363.68001733717375,367.5066303285375,360.4450732662479,364.5293273925781,84641100
2022-11-09,362.5539523085774,363.7086341105511,356.5229895570527,357.01922607421875,78495500
2022-11-10,370.30264142200895,376.9729757332263,368.0028876550996,376.63897705078125,141455800
2022-11-11,377.4977734770305,381.08582000984256,375.60831786460767,380.28424072265625,93839900
2022-11-14,378.51889318368023,381.8778966959395,376.7725713035823,377.04931640625,71903500
2022-11-15,382.8034549674046,383.91040602408316,376.4480456423607,380.2651062011719,93194500
2022-11-16,378.63338733958733,379.5876526465697,376.73440869768956,377.3642272949219,68508500
2022-11-17,372.6023818822728,376.88705243365007,372.2970391508522,376.2095031738281,74496300
2022-11-18,379.54944898801807,379.61625454437336,375.0644198124641,377.91766357421875,92922500
2022-11-21,376.59127932303574,377.7173054097724,374.70182350827446,376.5435485839844,51243200
2022-11-22,378.4902804799536,381.772955700867,377.0779572405803,381.6107177734375,60429000
2022-11-23,381.2766761134872,384.5020973782574,381.0476617682043,384.01544189453125,68261600
2022-11-25,383.45243275471506,384.4830556409012,383.17571677097555,383.9295654296875,30545400
2022-11-28,380.83771815093434,382.47905555883773,377.03973194191514,377.80316162109375,67881600
2022-11-29,377.9367417321205,379.1295732981502,375.312512286855,377.1542663574219,52310000
2022-11-30,377.4023849238339,389.0348815917969,375.4843314190897,389.0348815917969,144566700
2022-12-01,390.07510165837334,391.2488587184026,386.2389647957889,388.7486877441406,76398200
2022-12-02,383.853229920111,389.2066444558519,383.7482747120534,388.30010986328125,85342700
2022-12-05,385.4754615098056,386.4106228219642,379.9598094992948,381.3148498535156,77289800
2022-12-06,381.15263615766594,381.6965452135378,373.72845373229296,375.8182678222656,77972200
2022-12-07,374.9689850432598,377.54551283524984,374.0433465972937,375.1789245605469,65927900
2022-12-08,377.06843441190426,379.18687558828674,375.2839336975472,378.11810302734375,60737900
2022-12-09,376.877540928146,379.43496494979524,375.1693978824169,375.29345703125,81447700
2022-12-12,376.0854626556509,380.7041320800781,375.41749445562255,380.7041320800781,75405800
2022-12-13,391.45868674150205,391.7163278716569,380.8186351718438,383.58599853515625,123782500
2022-12-14,383.2424937114521,386.9545999060633,378.1848989989114,381.1335754394531,108111300
2022-12-15,376.2668278226688,377.1733915827472,370.15001236187896,371.8104248046875,117705900
2022-12-16,369.2518270710606,370.59392768374823,365.2830417409986,367.4208068847656,119858000
2022-12-19,367.61249023125134,367.94802264552084,362.63710828294205,364.3051452636719,79878100
2022-12-20,363.54785469861747,366.42379682476735,362.22491663969316,364.8036804199219,74427200
2022-12-21,367.40158229485894,371.3895586231339,366.864742140629,370.25836181640625,78167400
2022-12-22,367.20980089104194,370.23912957543627,359.2722031883447,364.9761657714844,100120900
2022-12-23,363.9504836726347,367.2194748542559,362.3974795479765,367.07568359375,59857300
2022-12-27,366.96058546509136,367.3056844290648,363.9504190865602,365.6280517578125,51638200
2022-12-28,365.5608804006867,367.53572031281834,360.8539489537457,361.0840148925781,70911500
2022-12-29,363.9312055480632,368.45602105881045,363.40393208638665,367.5836486816406,66970900
2022-12-30,364.89952091921486,366.75926975895635,362.7808893302895,366.615478515625,84022200
2023-01-03,368.47529963421397,370.4501109547936,362.2057373925887,365.0721130371094,74850700
2023-01-04,367.3345015753635,369.92286124255634,364.2860098824275,367.8905334472656,85934100
2023-01-05,365.9348510599075,366.0498840558089,363.09726322382664,363.6916198730469,76970500
2023-01-06,366.78793769129146,373.1533682142364,363.7202846517454,372.03173828125,104189600
2023-01-09,374.2271061896771,377.4194177778674,371.6387762794701,371.8208923339844,73978100
2023-01-10,371.2361537559992,374.4955486092587,370.29666890331214,374.4284362792969,65358100
2023-01-11,376.01025589251583,379.24089274048094,375.1953998041472,379.1641845703125,68881100
2023-01-12,380.2666910421618,382.0114071401958,376.1924394420377,380.544677734375,90157700
2023-01-13,377.34267143731284,382.5960681415917,377.07425141625265,382.0208740234375,63903900
2023-01-17,382.00176656830166,383.6793992551705,380.64047460135316,381.32110595703125,62677300
2023-01-18,382.50979578083036,383.5738800387548,375.0994430292772,375.3007507324219,99632300
2023-01-19,373.25892360264237,374.9077982389386,371.24578754272824,372.5687255859375,86958900
2023-01-20,373.9683274907241,379.6626949440639,372.31945292080763,379.5093078613281,91806400
2023-01-23,380.314551818449,385.99932319331543,379.35590453409674,384.0628662109375,84178800
2023-01-24,382.38518297842836,384.5613014945895,381.1964698645628,383.6506042480469,59524900
2023-01-25,379.57639153162364,384.12996598342204,377.2852105542449,383.79443359375,84800300
2023-01-26,386.45950819175505,388.1754951278568,383.4876955763573,388.01251220703125,72287400
2023-01-27,386.967595605409,391.28150871155356,386.7566920166625,388.904052734375,68346200
2023-01-30,386.1431078861568,388.3767724039486,383.7273273025726,384.0245056152344,74202000
2023-01-31,384.5421304079371,389.71881909207235,384.19700222601404,389.6708984375,86811800
2023-02-01,388.45345165426824,396.5636286134995,385.7117345077939,393.8122863769531,101459200
2023-02-02,397.70442814895335,401.01177323006914,395.80632510726565,399.5450439453125,101654500
2023-02-03,394.56960600643197,399.72713273402843,394.09028239614366,395.2981872558594,94736800
2023-02-06,392.84412145755863,394.2820925400618,391.22400503082395,392.8824462890625,60295300
2023-02-07,391.9620943439746,399.26698166926644,390.7158646278332,398.020751953125,90990700
2023-02-08,396.0459739638543,397.38807436741587,392.9782908223468,393.66851806640625,76227500
2023-02-09,397.27301170174235,397.42639877292254,389.02863947326034,390.2557067871094,78694900
2023-02-10,389.0765695741987,391.54989593055205,388.26174279369724,391.16644287109375,70769700
2023-02-13,391.8183051444725,395.8925559564968,391.358143932513,395.7583312988281,64913500
2023-02-14,394.2341337099117,397.8865778364983,391.6170451224685,395.5762634277344,88389300
2023-02-15,393.38091503799455,396.9374882356896,392.5373007553342,396.8608093261719,61555700
2023-02-16,391.8854343728946,395.83505653186137,391.2623194847148,391.3965148925781,76431500
2023-02-17,389.26831273199565,390.6583629922171,387.34142233465536,390.418701171875,89257800
2023-02-21,386.39237880681736,387.44689668905306,382.3277236123021,382.5865478515625,82655900
2023-02-22,382.9987206737072,384.54215788611697,380.6021026620575,382.05926513671875,83742300
2023-02-23,384.95439045031753,385.567938737912,379.86397585252666,384.09161376953125,96242400
2023-02-24,379.06829329418446,380.82260481900255,377.36190242771124,379.98858642578125,108194400
2023-02-27,383.3342657519672,384.69555770016393,380.3432910551879,381.28277587890625,80444700
2023-02-28,380.803515853838,382.76873131447655,379.7681602824562,379.8736267089844,96438600
2023-03-01,379.05871889408525,380.285786224129,377.11266611466596,378.4164123535156,99706800
2023-03-02,376.4416013971857,382.20308082772186,376.1060690029621,381.3594665527344,85127800
2023-03-03,383.1808362617319,387.7248435531671,382.52896323446737,387.4755859375,90120000
2023-03-06,388.29999047452014,390.6007668853453,387.3030185691224,387.7439880371094,72795900
2023-03-07,387.69614979307676,387.9358116155142,381.1869265041094,381.8004455566406,108310600
2023-03-08,381.9155020986243,383.18089426793244,380.18991944950625,382.423583984375,74746600
2023-03-09,383.20961635596575,384.87768235160564,374.38048397400695,375.3678894042969,111945300
2023-03-10,374.8215147441384,376.9017923479486,368.42735335856526,369.95159912109375,189253000
2023-03-13,366.02106965683873,374.2462786691214,364.9090354410611,369.42425537109375,157790000
2023-03-14,374.3517676052174,377.1797888194533,371.0444227448801,375.5309143066406,149752400
2023-03-15,369.9324213189262,373.38352820078774,367.84254796683757,373.1822204589844,172996900
2023-03-16,370.82389491517466,380.0748339949691,370.3158130995553,379.7297058105469,143254200
2023-03-17,378.3979930571189,379.533507168689,373.9040108000652,375.28973388671875,140553400
2023-03-20,376.06916402579844,379.31215983644114,375.3666994576997,378.8983459472656,93055800
2023-03-21,382.2664102459138,384.35462710121084,380.66897882785537,383.87347412109375,91524200
2023-03-22,383.70026302343734,387.31851343521214,377.29130185553555,377.32977294921875,111746600
2023-03-23,380.1974645439356,384.2391613901428,375.636143615093,378.349853515625,119351300
2023-03-24,377.06996076940004,380.9191845780308,374.7219318967555,380.83258056640625,107682400
2023-03-27,383.11324113581304,383.88310351821207,380.6497402466303,381.544677734375,74010400
2023-03-28,380.8518079845922,381.54466943004763,378.8502245684134,380.688232421875,62871700
2023-03-29,384.855070038873,386.4621341412586,383.65218741851754,386.2215576171875,77497900
2023-03-30,388.85819419263817,389.10840312839423,386.6160343292529,388.48291015625,69840000
2023-03-31,389.4067778104378,394.2568086260701,389.3009088717674,393.95849609375,112062600
2023-04-03,393.43880732243116,395.8638078292274,393.0442583450311,395.45965576171875,67391100
2023-04-04,396.10441021722386,396.3931196515644,391.8895050342017,393.265625,66601500
2023-04-05,392.53427444783404,393.2945044696635,390.58079429091845,392.2359619140625,65200200
2023-04-06,391.4372584629222,394.0451292498577,390.38834829314027,393.76605224609375,63743300
2023-04-10,391.2832175790923,394.2471364215444,390.6673570273508,394.1701354980469,63681000
2023-04-11,394.7956544202573,395.6809594619992,393.5061679518089,394.2760009765625,59297900
2023-04-12,396.3449920254895,396.6337014636882,392.08198323006627,392.6689758300781,86420400
2023-04-13,393.75634279356007,398.2406920585318,392.6111963601302,397.8846435546875,85814800
2023-04-14,397.24953269593004,399.44358917464797,394.6031912280039,396.9127197265625,78161500
2023-04-17,396.8261475266993,398.3562106467558,395.59439693756417,398.33697509765625,66436400
2023-04-18,399.9150951800139,400.0498321097644,397.2206502574761,398.59674072265625,63560000
2023-04-19,396.68174813685937,399.43392897608123,396.62401213094887,398.5293884277344,55227300
2023-04-20,395.70985629299514,398.10601828904817,394.8052862710272,396.3546142578125,75840400
2023-04-21,396.6528736469394,397.1243941432459,394.7090262895011,396.6625061035156,73457400
2023-04-24,396.46043453439125,397.4997414469219,395.12284448225694,397.0763244628906,64332100
2023-04-25,395.1035702020275,395.6617241074058,390.7154573508528,390.773193359375,97766700
2023-04-26,391.3890687387205,392.46684668077467,388.55988695720504,389.1180114746094,80447000
2023-04-27,391.6584546477537,397.13397691591854,391.40824574603863,396.8645324707031,92968400
2023-04-28,395.9792514788031,400.2615245465103,395.92151547329547,400.25189208984375,89433100
2023-05-01,399.8091863132883,401.87813788092586,399.61671340908117,399.8476867675781,62122300
2023-05-02,399.13555335563507,399.1836862644444,392.44754587942407,395.35369873046875,103998500
2023-05-03,395.8541741351487,398.26957154429016,392.3994991884123,392.64007568359375,91531800
2023-05-04,391.5911783811914,391.9183589011733,388.5214198537967,389.8590393066406,94901900
2023-05-05,393.4965450134205,398.125234465571,393.2367329689119,397.0763244628906,87891800
2023-05-08,397.4035003706773,397.6633124121759,395.7772009206819,397.1821594238281,50046800
2023-05-09,395.63290265005054,396.55670826234115,395.2094856262401,395.4404296875,49220100
2023-05-10,398.2791682813285,398.9142936957152,393.45800635276555,397.2879943847656,96142900
2023-05-11,396.42191528238436,396.8838033054011,394.5165390857067,396.5951232910156,70157100
2023-05-12,397.8365368137777,398.0482452964263,393.65050007841785,396.07550048828125,70481500
2023-05-15,396.6817257085728,397.8461075849292,394.766746430572,397.44195556640625,54289400
2023-05-16,396.33527856748293,397.25911334021237,394.7763477684629,394.7859802246094,57705500
2023-05-17,396.80683197926186,400.1845056184392,395.16129716185526,399.5782775878906,87287000
2023-05-18,399.26078008428595,403.8509988046538,399.03946848460396,403.4275817871094,97177200
2023-05-19,404.3321376214222,404.86139419112027,401.6184275681808,402.8405456542969,103793300
2023-05-22,402.8597188396797,404.5437540090399,401.6183361205805,403.0040588378906,60745400
2023-05-23,401.35854756315524,402.9367433972177,398.08671324851565,398.48126220703125,86383500
2023-05-24,396.8742437459542,397.25916026310097,394.42997834283796,395.5943603515625,89213700
2023-05-25,399.1068066582074,400.47329418750155,396.864646455889,399.02020263671875,90961600
2023-05-26,399.67452677861917,404.90947362025605,399.59755522238083,404.187744140625,93830000
2023-05-30,406.1220384996148,406.651295102881,402.95604323669613,404.3417663574219,72216000
2023-05-31,402.51333285149997,403.41790279671176,400.5309849376734,402.09954833984375,110811800
2023-06-01,402.3304796935779,406.9784337458306,401.0794937409788,405.9198913574219,88865000
2023-06-02,408.4989090066005,412.5790771690053,407.96965243794403,411.7900085449219,91426200
2023-06-05,412.13636840253633,413.4258547804784,410.298360615152,411.0008544921875,65460200
2023-06-06,410.5870301564644,412.4250083982246,409.93263989089155,411.895751953125,64022200
2023-06-07,412.2903604628489,413.4258744271593,410.0481711705742,410.4715881347656,85373300
2023-06-08,410.5389484373123,413.4066306619177,409.76911544531237,412.954345703125,61952800
2023-06-09,413.75304850629004,415.7065283650919,412.70413856902655,413.6953125,85742800
2023-06-12,414.6768867959098,417.5253041431819,413.9551573440261,417.44830322265625,76104300
2023-06-13,418.91110536993926,420.84532069292777,418.2471118006702,420.2005920410156,95899700
2023-06-14,420.53738266663987,422.51009835206776,417.24628300428765,420.7009582519531,100612100
2023-06-15,419.8829487810575,427.1676119841462,419.7867416783568,425.9166259765625,110303100
2023-06-16,427.9043831698667,428.4742491472454,423.99257880127806,424.4658508300781,114165800
2023-06-20,422.52447850076925,423.41307214231983,420.1870344889163,422.263671875,76160400
2023-06-21,421.2784425280354,422.0801103736596,419.51086470582334,420.1000671386719,76982300
2023-06-22,419.14386433493524,421.7227488220665,418.80580025695025,421.61651611328125,70637200
2023-06-23,418.1586317913709,420.21596194306784,417.71433502111864,418.4290771484375,92074500
2023-06-26,417.8592755318311,419.781368562751,416.47807329831915,416.71954345703125,72823600
2023-06-27,417.59844581995696,421.9062646558956,417.1444807996532,421.2881164550781,72813700
2023-06-28,420.2063349514927,422.514803688603,419.58818670737986,421.5006408691406,75636000
2023-06-29,421.08528892018165,423.3261389375307,420.67963558379535,423.16192626953125,67882300
2023-06-30,426.3783313417032,429.14073568910436,426.05957423925753,428.1555480957031,104964000
2023-07-03,427.8078209721531,428.92821645735074,427.5277073626863,428.64813232421875,32793400
2023-07-05,426.8322751907773,428.7447292814146,426.8226069528998,428.0106506347656,58418400
2023-07-06,424.42725571135543,425.0840474287703,422.1477622241082,424.6590576171875,80658300
2023-07-07,423.6642315383372,427.53742235269715,423.3454744191098,423.5869445800781,86134200
2023-07-10,423.2295437531058,424.83290904656155,422.659677750378,424.6590576171875,62443500
2023-07-11,425.422125413234,427.85613393293494,424.4465765671181,427.363525390625,64463800
2023-07-12,431.1594635773627,432.2122699147005,429.7299496500487,430.80206298828125,91924500
2023-07-13,432.61791761555475,435.0133121303779,432.1832890285731,434.2212829589844,72425200
2023-07-14,435.1098740968055,435.9598242076378,433.18775178790105,433.9508056640625,69815800
2023-07-17,433.80590268905246,436.51035622999115,433.75759097947645,435.4575500488281,52680200
2023-07-18,435.12919667930265,439.3404218148386,434.69453863237396,438.69329833984375,80668200
2023-07-19,439.48533409064345,440.8568680135883,438.61601798371265,439.6688537597656,65891700
2023-07-20,438.6739532656,439.57221504319733,436.037088927524,436.7518310546875,70591600
2023-07-21,438.4710971405942,438.6739532656,436.7421922937348,436.7518310546875,71275600
2023-07-24,437.9012445599851,439.5142779903244,436.867745334165,438.70294189453125,54023400
2023-07-25,438.43253737447066,441.1562982796933,438.38422565839835,439.9006652832031,55191200
2023-07-26,438.9637681345287,441.3977766942308,437.91096179208995,439.9682922363281,71052900
2023-07-27,443.35849914141073,443.7641819600167,436.1433699333953,437.0513000488281,92194400
2023-07-28,440.3256151682766,442.16078225681895,437.05126606431355,441.33013916015625,80011800
2023-07-31,441.8034013690048,442.52781174126136,440.4897885662861,442.1704406738281,62040400
2023-08-01,440.70229523457317,441.6488687577706,439.94890960634154,440.9051513671875,55291500
2023-08-02,437.7853934206833,438.0461705780349,434.01846487725106,434.7718505859375,93933400
2023-08-03,432.7531252299224,435.4092967139093,432.10597229878186,433.52581787109375,64276100
2023-08-04,435.3416597654818,437.44727217935485,431.0434797536367,431.5650634765625,100128900
2023-08-07,433.40030045755196,435.4866062095408,432.704865206889,435.3320617675781,58357500
2023-08-08,432.7917203880473,435.3223520518387,430.0775985479417,433.4388732910156,71361300
2023-08-09,433.7093468244431,433.87355948928627,429.77820586959297,430.541259765625,78789600
2023-08-10,432.8980072622996,436.28825743462227,429.527093565885,430.69580078125,93005500
2023-08-11,428.82196893936987,431.4588333292262,428.22312774254544,430.44464111328125,68690900
2023-08-14,429.5270825673996,432.8207092285156,429.2179937241371,432.8207092285156,47867400
2023-08-15,431.0434905199487,431.40089107368914,427.2089436634091,427.7788391113281,75707500
2023-08-16,427.3634700312785,429.0247856402229,424.53344729188865,424.63970947265625,80107200
2023-08-17,426.10788651233355,426.3686636613096,420.8824689600864,421.404052734375,95711300
2023-08-18,418.5836616313642,422.6403718520157,418.23595877170976,421.60687255859375,98852000
2023-08-21,422.6210410735604,425.09369303000517,420.4671462190992,424.3499755859375,68719000
2023-08-22,426.12717844156236,426.12717844156236,422.64036376815267,423.2005615234375,64994200
2023-08-23,424.263004912033,428.53220964419495,424.1181287339091,427.9140319824219,68441000
2023-08-24,429.5173761658402,430.0292916211122,421.95451579727023,421.9835205078125,88517300
2023-08-25,423.7124409886771,426.2430431246683,420.15800790417546,424.95843505859375,102325100
2023-08-28,427.15104351635455,428.271468592545,424.9585050816311,427.6533203125,61595400
2023-08-29,427.5470082557006,434.1150135078099,427.3634885979469,433.83489990234375,83081900
2023-08-30,434.17297483140425,436.25928035352985,433.4678714194492,435.6217956542969,69053900
2023-08-31,436.2399775018421,437.3797095627112,434.8008248059368,434.9843444824219,66084600
2023-09-01,437.7081084262502,438.19104870854676,434.337165211912,435.795654296875,58944100
2023-09-05,435.35138309753785,435.6701107330132,433.8446116862524,433.9122009277344,55166200
2023-09-06,433.1008518755981,433.2071140684911,428.6674634922226,430.9952392578125,70758500
2023-09-07,427.9912839614794,430.3480346831722,427.6435811384425,429.67193603515625,70355400
2023-09-08,429.72025057240546,431.85483833340237,429.3628794853081,430.319091796875,61659700
2023-09-11,432.94631377147886,433.4582293140434,431.2367157088773,433.149169921875,60180100
2023-09-12,431.70036845391746,433.2264469118444,430.1935969975154,430.7731018066406,67565400
2023-09-13,430.99521597971284,432.4343685526933,429.8940980148542,431.27532958984375,60199300
2023-09-14,433.747962382289,435.6893621396805,432.4440178145085,434.9939270019531,83430800
2023-09-15,433.40728505412073,433.7368392986662,429.31689007252186,429.7530517578125,111848900
2023-09-18,429.4428320631367,431.3038771522312,428.96789063501143,430.0050354003906,55752200
2023-09-19,429.08420380682946,429.6754845917088,426.42836539622306,429.11328125,66514600
2023-09-20,430.3733738455972,430.7901603921495,424.96473276036625,425.1683044433594,82562600
2023-09-21,422.31861839300336,422.58031539562137,417.9859016455791,418.1409912109375,104095800
2023-09-22,419.16842775985725,420.7677463582612,416.78395900410345,417.2007751464844,100829700
2023-09-25,415.98909152895567,418.99385884123024,415.552900361533,418.9551086425781,70874500
2023-09-26,415.91154478605614,416.6191352673673,411.96653779928545,412.8001403808594,96168400
2023-09-27,413.97300260416256,414.5352059296986,409.32043434886083,412.9649353027344,104705800
2023-09-28,412.4124571151363,417.035947852058,411.8211763569914,415.35906982421875,92258300
2023-09-29,418.4123608156291,418.5868254716406,412.8292551807975,414.3510437011719,115111300
2023-10-02,413.51743802249865,415.436637965525,411.4237734247356,414.1862487792969,83798600
2023-10-03,412.00533549021924,414.2443872113326,407.27520783651096,408.64190673828125,103760600
2023-10-04,409.1071941153402,412.3639860114544,407.64356048210016,411.6176452636719,87453000
2023-10-05,411.3268709869175,412.3058609268304,408.23487076244464,411.46258544921875,70142700
2023-10-06,409.01029452111743,417.8889725902115,407.6823752264937,416.3478088378906,113273300
2023-10-09,414.44794019758774,419.5851817448939,413.89546879833836,419.0133056640625,80374400
2023-10-10,419.643378299873,423.7919280682824,419.2459668319729,421.1942443847656,78607300
2023-10-11,422.2604472219357,423.1715503152822,419.8759785243393,422.9195556640625,62451700
2023-10-12,423.5301811699864,423.9081879098467,417.9858555363506,420.3412170410156,81154200
2023-10-13,421.8436377363804,423.0455744454242,416.6773479708049,418.2475891113281,95143100
2023-10-16,420.49634324027045,423.7143850912576,420.25402134631616,422.6481628417969,75433200
2023-10-17,419.5173488593283,424.6836681484373,419.1684195342952,422.6287536621094,75324700
2023-10-18,420.8549059158796,421.81449099292604,415.9115341735624,416.99713134765625,93559800
2023-10-19,417.71448112410957,419.52704410810907,412.6547989345063,413.3332824707031,121323000
2023-10-20,412.8971069121286,413.4399055549237,408.14757441721036,408.25421142578125,123919900
2023-10-23,406.7227000782813,411.4140774521023,404.96829212836195,407.5466003417969,92035100
2023-10-24,409.66935030950145,411.7727171708306,407.8180076603951,410.6192626953125,78564200
2023-10-25,408.9327472697519,408.9618247136512,404.21229195450024,404.72601318359375,94223200
2023-10-26,403.65979204119725,404.5127401955018,398.95874174042217,399.8795471191406,115156800
2023-10-27,401.4692254760225,401.86663693380547,396.6421626745101,398.0670166015625,107367700
2023-10-30,400.8585195147872,403.882691656562,399.55967786827136,402.826171875,86562700
2023-10-31,403.3980385118803,405.67586990534585,401.4885410773971,405.35601806640625,79665200
2023-11-01,406.32538079437717,410.49330571448974,405.7922548569512,409.6791076660156,98068100
2023-11-02,413.4786898388463,417.6854240377106,413.4593147358308,417.53033447265625,94938900
2023-11-03,419.8372157670484,422.8904655764815,419.71120365505175,421.339599609375,100167800
2023-11-06,422.0956239774314,422.75473237061436,420.3605910898025,422.3088684082031,67831700
2023-11-07,422.3088352612911,424.15047542960275,421.1650832134276,423.5107421875,64256100
2023-11-08,424.11175832141294,424.6351818841711,421.5140747704494,423.82098388671875,61746000
2023-11-09,424.9647121167065,425.0034918992464,420.0891971681386,420.51568603515625,83174400
2023-11-10,422.59001262842264,427.38796843360757,420.5060206531149,427.0777893066406,89462200
2023-11-13,425.740146607046,427.7756266322396,424.95502612182986,426.670654296875,52236100
2023-11-14,432.612438681597,436.23756475568536,432.3894918898645,434.94842529296875,97176900
2023-11-15,436.28595764463023,437.51697163110293,435.01619345817966,435.8691711425781,77327600
2023-11-16,435.42335386000235,436.72219562577186,434.3571316402488,436.40234375,66665800
2023-11-17,436.41203399072475,437.55581582516845,435.4912285306581,436.9451599121094,83133200
2023-11-20,436.69311009341754,441.1518386514175,436.6834077524104,440.3085632324219,69936200
2023-11-21,439.2617361737396,440.18257120218567,438.0792041489343,439.3489685058594,49244600
2023-11-22,441.0064463302394,442.3634429416601,439.94992648347943,441.0451965332031,59394900
2023-11-24,441.09367216063396,441.51045868866237,440.7641179584505,441.31658935546875,29737400
2023-11-27,440.68658238826873,441.5007803874619,440.13408138085987,440.5218200683594,50506000
2023-11-28,440.13404650216097,442.2567884526749,439.5718727783306,440.95794677734375,62115000
2023-11-29,443.10979527762873,444.2438747206066,440.2504147680835,440.6477966308594,63146000
2023-11-30,441.4911150141487,442.73180192610516,439.41682540648986,442.3828430175781,79752700
2023-12-01,441.77216442546705,445.53300475365734,441.18091323402564,444.9999084472656,89183400
2023-12-04,441.60745097820734,445.01933279334,440.3861390964009,442.6639709472656,72430900
2023-12-05,441.2778185094744,443.5362452759612,440.89978220152403,442.57666015625,69793500
2023-12-06,444.718815610949,444.7478930540511,440.35702166378525,440.793212890625,69124700
2023-12-07,442.87711919802166,444.8059917006337,442.27616572968856,444.1565856933594,66995400
2023-12-08,443.4102939900714,446.59925845337557,443.167972091833,446.066162109375,83194400
2023-12-11,445.57182828523526,447.97567223110514,445.3585838256798,447.8011779785156,65002200
2023-12-12,447.45223299144266,449.94330918636626,446.45386796122364,449.84637451171875,68327600
2023-12-13,450.2243768877482,456.3018289230582,449.8657452173365,456.0498046875,93278000
2023-12-14,457.98836917003774,459.1806035101216,454.83818462019093,457.513427734375,119026000
2023-12-15,456.9158501916579,458.09346468799856,454.911024624647,456.7601318359375,141553700
2023-12-18,458.36593103885957,460.31236579340026,457.30512766166345,459.32940673828125,70375300
2023-12-19,459.8744590867912,462.2004631426164,459.7966147557437,462.1225891113281,55761800
2023-12-20,461.2660708823462,463.1541148518432,455.2905320048418,455.71875,102921000
2023-12-21,458.7065232314146,460.31235562864003,456.2832215195996,460.03985595703125,86667500
2023-12-22,461.16881437336167,462.64812393044707,459.06669078214355,460.9644470214844,67160400
2023-12-26,461.3732181207506,463.81597380070593,461.2953440901739,462.910888671875,55387000
2023-12-27,462.7064835048319,463.8938099220547,462.1712258143802,463.7478332519531,68000300
2023-12-28,464.10794836189996,464.75998742977106,463.5045582870676,463.92303466796875,77158100
2023-12-29,463.72837604213146,464.2539217843669,460.62380998189565,462.5799865722656,122283100
2024-01-02,459.5143439023402,460.9839117212058,457.8890577311239,459.9912109375,123623700
2024-01-03,457.83068032303305,458.570335093064,455.6312290704376,456.234619140625,103585900
2024-01-04,455.7577162648923,458.3464782249613,454.5411944622418,454.7650451660156,84232200
2024-01-05,454.96940287212124,457.84040614563645,453.93779478135224,455.3879089355469,86118900
2024-01-08,455.884242835596,462.0349842457667,455.7577198150965,461.8890075683594,74879100
2024-01-09,459.23211686361327,462.2101599071882,458.72605447786003,461.18829345703125,65931400
2024-01-10,461.4607624691406,464.6626560070687,461.17852110920177,463.7964782714844,67310600
2024-01-11,464.7988820904805,465.3146861106975,459.6116465550996,463.59210205078125,77940700
2024-01-12,465.04220480544996,465.7818595429952,462.502121615046,463.91326904296875,58026400
2024-01-16,462.53135296380003,463.845172812728,460.3902626095814,462.2101745605469,85014900
2024-01-17,459.18345575970955,460.1274778564824,457.28566988777015,459.640869140625,68843900
2024-01-18,461.31483318114266,464.283134653539,459.7674209319049,463.7283935546875,91856200
2024-01-19,464.8572992191645,469.79151871434675,463.7770421286305,469.50927734375,110834500
2024-01-22,471.04701358634367,472.2245984500442,469.84994536440996,470.50201416015625,75844900
2024-01-23,471.04699545665005,472.1175109095896,469.9569966462272,471.87420654296875,49945300
2024-01-24,474.745184157241,475.6794645582401,471.8936642634199,472.3900146484375,81765000
2024-01-25,474.52136032734217,475.23181977158964,472.39004139507995,474.9593200683594,72525000
2024-01-26,474.53106799985125,476.02008943226616,473.5092016110277,474.35589599609375,76641600
2024-01-29,474.66734997690736,478.2585246858996,474.12235058965683,478.1125183105469,61322800
2024-01-30,477.4215584200377,478.4531665594372,476.9835986796224,477.74273681640625,58618400
2024-01-31,475.533524505223,475.98119623389044,469.92778226707486,469.947265625,126011100
2024-02-01,471.65035080339914,476.1271567596163,470.8425637335658,476.09796142578125,91891600
2024-02-02,476.5358520934283,482.7644369660315,476.19522009331433,481.1099853515625,99228200
2024-02-05,480.47743909484853,481.13921979443177,477.10037355108614,479.35821533203125,75757100
2024-02-06,480.30226806860526,481.08085985334736,478.8716372206463,480.7499694824219,55918600
2024-02-07,482.9980918458816,485.17808940845316,482.0929770540646,484.7596130371094,70556500
2024-02-08,484.7595848352,485.3532331832338,483.94208579679537,484.97369384765625,52343600
2024-02-09,485.47980263839474,488.2145413726089,485.1391705814137,487.776611328125,63979400
2024-02-12,487.7474136957695,490.01499733828587,486.84229887428285,487.5625,56502300
2024-02-13,481.2851887040555,483.7766228154562,477.57723287028176,480.84722900390625,113099200
2024-02-14,483.4847151074999,485.70364975049426,481.1587110987094,485.217041015625,68387800
2024-02-15,485.91772783399097,488.74979405458623,485.4408311080291,488.56488037109375,61683000
2024-02-16,488.2632457352468,489.40189361100556,485.3922421472117,486.13189697265625,75532900
2024-02-20,484.3897857981468,485.06130820828355,481.20737545898015,483.45550537109375,71736700
2024-02-21,482.15136438471933,484.0491204434422,480.3411646253707,483.8934020996094,59293400
2024-02-22,490.51131764803023,494.87131264849836,489.54781221335594,493.9078369140625,76402500
2024-02-23,495.63045683227716,496.46743931170954,493.5185915264853,494.2485046386719,61321800
2024-02-26,494.6863927584272,495.12435246871587,492.3117399253592,492.4382629394531,50386700
2024-02-27,493.1292673855463,493.57693907250416,491.23148157958644,493.35308837890625,48854500
2024-02-28,491.7959045901359,493.28492593001334,491.435818926933,492.7010192871094,56506600
2024-02-29,494.46257806109645,496.0878345083775,491.815425510208,494.4722900390625,83924800
2024-03-01,495.3482154895911,499.54275051356746,494.9394511031337,499.1145324707031,76844800
2024-03-04,498.31658685191803,500.42845220247364,498.28736181458015,498.5793151855469,49799300
2024-03-05,496.57441726330285,497.02211863397577,491.3871817921508,493.59637451171875,72855600
2024-03-06,496.8761267293977,498.3554361707815,494.8031986362925,496.0975646972656,68382400
2024-03-07,499.39680772832526,502.0731556685532,496.15597704493354,501.0220642089844,58652100
2024-03-08,501.6546234977977,504.34065341716547,497.44057585035506,498.0147705078125,86532500
2024-03-11,496.8080468189585,498.17054528765857,494.88106560592894,497.58660888671875,62557200
2024-03-12,499.6984700657358,503.5232071984046,497.17781094345105,502.9393005371094,73114400
2024-03-13,503.2604525888654,503.43562459877114,500.7106276661075,502.1509704589844,55104100
2024-03-14,503.12418400270946,503.27993205507374,498.1121499011311,501.1583251953125,110171800
2024-03-15,498.08804798108406,499.54266772632866,496.0477073102581,497.7170715332031,107646300
2024-03-18,501.78800868482955,503.23282668542583,500.26507469946,500.6750793457031,88893300
2024-03-19,499.9819809876235,503.7404859733711,498.9764238973626,503.4573974609375,60755300
2024-03-20,503.5159556369905,508.2507017437704,502.8423468084039,508.114013671875,69594600
2024-03-21,510.9550035818572,511.65786879307296,509.51012578372485,509.79327392578125,60256100
2024-03-22,509.70524142108957,510.1933619854548,508.59231223392965,508.82666015625,79070800
2024-03-25,507.45018520809214,508.57288646937474,507.26469698888116,507.4209289550781,48512100
2024-03-26,508.84619067556724,509.1879108526766,506.0834709315648,506.48370361328125,65463700
2024-03-27,509.31483823022427,510.7792000886694,507.1475516955064,510.7401123046875,82999800
2024-03-28,510.77908306207775,512.1457847324742,510.3593065757045,510.64239501953125,96294900
2024-04-01,511.38451632490194,511.9214371433278,508.5924208160107,509.754150390625,62477500
2024-04-02,505.9272809933223,506.6496900205949,504.20908677438206,506.5130615234375,74230300
2024-04-03,505.41951660317136,508.57281589215825,505.3707164648958,507.0693664550781,59155800
2024-04-04,511.08186037390533,511.4235209921689,500.5774945359362,500.880126953125,96858100
2024-04-05,502.2369920133279,508.0748944248841,501.7976716238406,506.1126403808594,74546500
2024-04-08,506.815618601476,507.8211160052217,505.5855452146359,506.3957824707031,48401800
2024-04-09,508.13352480372953,508.3775850942212,502.12961782362083,506.9815673828125,68049200
2024-04-10,501.2802817017724,503.8966008078219,499.9233518012494,501.90509033203125,82652800
2024-04-11,503.42807581801776,507.13778061540546,499.9136311857634,505.6929626464844,70099000
2024-04-12,502.149249389809,503.5648112388257,496.98492439940395,498.712890625,92561100
2024-04-15,502.8911540643935,503.05709839116423,491.61554988176164,492.46490478515625,92101400
2024-04-16,492.94324564322153,494.4661795680653,490.27809637848605,491.5667419433594,73484000
2024-04-17,494.0268584590965,494.1928325755386,487.26151394107353,488.65753173828125,75910300
2024-04-18,490.0536135988177,492.15252641432477,486.7148552774961,487.65203857421875,74548100
2024-04-19,487.5739720999012,488.5697275309103,482.12652879623903,483.3956604003906,102212600
2024-04-22,486.00217973304706,490.44409539983275,483.65920663681294,487.8472900390625,67961000
2024-04-23,489.85833417865257,494.0659315908711,487.6617913619136,493.6363830566406,64633600
2024-04-24,494.52480168874854,495.3155547761666,491.1763011044947,493.4021301269531,55928100
2024-04-25,487.32011244956163,492.2891769636512,485.67026231159537,491.5277099609375,69122400
2024-04-26,494.3197628446228,497.7658932650639,493.6852119906925,496.18438720703125,64306100
2024-04-29,497.97090591945084,498.61522873285696,495.1983842873063,497.9416198730469,46415400
2024-04-30,496.4772431240589,497.45348436502843,490.0535888671875,490.0535888671875,77483600
2024-05-01,489.4678380773352,496.1160385437577,487.9937042701267,488.4623107910156,80242800
2024-05-02,492.1720003799534,493.8706803453591,487.6812848525579,493.0310974121094,62550200
2024-05-03,499.01547889074567,500.372438730604,496.47724569258963,499.14239501953125,72756700
2024-05-06,501.54395898532556,504.3359947534281,501.1046384911043,504.2969665527344,47264700
2024-05-07,505.2634898060954,506.24950314044344,504.17987616707836,504.8534851074219,52561300
2024-05-08,503.01805278679507,505.439111907815,502.90090860900597,504.9021911621094,42047200
2024-05-09,505.0876793386549,507.8504586322259,504.4336144152066,507.8113708496094,43643700
2024-05-10,509.4125016902763,510.2227987029079,507.2452744718461,508.465576171875,52233200
2024-05-13,510.14463540524883,510.25200764448437,507.3916278750611,508.5338134765625,36716400
2024-05-14,508.7290945781237,511.3845019246286,508.19217377481715,510.8670654296875,57535900
2024-05-15,513.3369504006804,517.4859756907869,512.7023697575905,517.193115234375,59504900
2024-05-16,517.2906967075278,518.8917465910545,515.9825072697596,516.1289672851562,50244800
2024-05-17,516.2461019816988,516.9392546781255,514.7915121402848,516.8709106445312,59187600
2024-05-20,516.9880819887991,518.930792527948,516.5975616577482,517.4664306640625,37764200
2024-05-21,516.7049349793422,518.8917055815594,516.4999028909981,518.7354736328125,33437000
2024-05-22,518.0424072439434,518.7550442398426,515.064823969773,517.2418823242188,48390000
2024-05-23,520.2974940619036,520.4048662857896,512.2532170997966,513.4638061523438,57211200
2024-05-24,515.3089561408403,517.6715030328614,514.3620306627067,516.8612060546875,41291100
2024-05-28,517.6714434796838,517.9057318355667,514.5864879004678,517.2223510742188,36269600
2024-05-29,513.1905202395113,514.7817983278129,512.8878878194378,513.6005249023438,45190300
2024-05-30,512.058043918065,512.7218807717095,508.94383216366884,510.1933898925781,46377600
2024-05-31,511.15017117084983,514.9672481577884,506.0443890267406,514.84033203125,90785800
2024-06-03,516.4511159966606,516.7342044816085,510.18360486685094,515.2600708007812,46835700
2024-06-04,513.9519213593795,516.5780123549347,512.4875596797398,515.8360595703125,34632700
2024-06-05,518.1596136281009,521.9864628385163,516.1680432425981,521.9669189453125,47610400
2024-06-06,522.2694966184689,522.6990451286446,520.0241537818829,521.9570922851562,30808500
2024-06-07,520.9808506310355,524.1341502130953,519.8874652579173,521.3225708007812,43224500
2024-06-10,520.5122296802525,523.2554648254413,519.9167369014993,522.9332885742188,35686100
2024-06-11,521.3811694677967,524.2513211148034,519.4091430834137,524.1927490234375,36383400
2024-06-12,528.7615900630306,531.1924214122917,527.4631724257194,528.4979858398438,63251300
2024-06-13,530.2453924252503,530.4211086780596,526.7699763935087,529.56201171875,44760900
2024-06-14,528.0293950539849,529.9135335983043,527.0238379218912,529.88427734375,40089900
2024-06-17,529.2008719569648,535.4976399183048,528.7420075865693,534.1015625,55839500
2024-06-18,534.16013957423,535.585473259027,533.7403629842298,535.4585571289062,41376400
2024-06-20,536.3859370269113,537.0497738552268,532.2271402161125,534.00390625,70328200
2024-06-21,533.180367297688,534.4046057790133,531.8288032321234,533.2880859375,64338600
2024-06-24,533.1117619254674,535.6777608035513,531.4369822915095,531.5545043945312,45528700
2024-06-25,532.7786650161994,533.9637491221667,531.2606215926918,533.6013793945312,37936200
2024-06-26,532.4849577215607,534.9823921713983,531.8385861304241,534.2674560546875,38550600
2024-06-27,534.1301676504884,535.687424775897,533.3858213403433,535.1095581054688,35041500
2024-06-28,535.8833169111514,538.9390704785369,531.7601208771133,533.00390625,76144500
2024-07-01,534.3848928648134,534.6297405125247,531.339002473828,534.1008911132812,40297800
2024-07-02,532.4948105764632,537.6953735351562,532.4458529900177,537.6953735351562,40434800
2024-07-03,537.381917105902,540.457218430894,537.3427629954197,540.0948486328125,32789900
2024-07-05,540.3983822148235,543.6107523683424,539.7617544001083,543.209228515625,41488400
2024-07-08,543.9927968223914,544.786100933334,542.7685583933277,543.8361206054688,36110500
2024-07-09,544.795863484972,545.6968861634513,544.0711239537649,544.3649291992188,27289700
2024-07-10,545.5892370725392,550.0944108163902,545.2954317896393,549.7516479492188,38701200
2024-07-11,549.8690906630567,550.7407626908513,544.3747234457534,545.0112915039062,53054200
2024-07-12,546.1376269625789,552.0531251206323,545.667538567234,548.448974609375,53084400
2024-07-15,550.4469707289841,553.1990561394715,548.0964091939553,549.957275390625,40584300
2024-07-16,551.2695891404957,553.5123721227574,550.5154392403327,553.2185668945312,36475300
2024-07-17,547.2834441243654,548.9582235359038,545.1385763631698,545.4617919921875,57119000
2024-07-18,546.9995524787638,547.988746727991,539.0860582622142,541.2700805664062,56270400
2024-07-19,541.0350233261719,542.6608454522978,536.6179614633988,537.6757202148438,65509100
2024-07-22,541.6030366708314,543.826272604696,539.6638622867013,543.2190551757812,43346700
2024-07-23,543.1113522241114,545.2660239376293,541.8773700301276,542.3670654296875,34439600
2024-07-24,537.5484404624247,537.8520492308112,529.1550538158566,530.07568359375,74515300
2024-07-25,530.193193121847,536.1773164246895,526.3736048145187,527.3137817382812,61158300
2024-07-26,531.1039639898098,535.9127455404142,530.3302071573028,533.2194213867188,53763800
2024-07-29,534.767000996549,535.7757424689108,531.5349634304656,533.532958984375,39515800
2024-07-30,535.0019870020752,536.059745722708,527.4215123549488,530.8297729492188,46853600
2024-07-31,537.6658891932146,542.0927543010554,536.2947780748914,539.4581909179688,65663400
2024-08-01,541.1818806021787,543.4344670666311,528.3126735436618,531.8189086914062,76428700
2024-08-02,524.7084754222695,525.922910112736,517.7058092355505,521.917236328125,82789100
2024-08-05,501.0955002341847,512.7894282399624,499.75370979338373,506.7171936035156,146267400
2024-08-06,508.51915740785046,518.8321690939679,507.19700401195456,511.3888244628906,84826300
2024-08-07,517.5785536304185,520.6343074860769,507.3733196862517,507.9707336425781,70698300
2024-08-08,513.1126009988247,520.3405097902447,511.08531467340157,519.7137451171875,63276600
2024-08-09,518.8909769209239,523.4941251002426,517.6667385635127,522.0054321289062,45619600
2024-08-12,523.2002926739822,524.6889257907327,520.0074696393324,522.2796630859375,42542100
2024-08-13,525.4725645280489,531.1040615199245,525.2277168327499,530.8689575195312,52333100
2024-08-14,531.6622256176499,533.728785456597,528.9885080949739,532.543701171875,42446900
2024-08-15,538.1751988274788,541.9556326474029,537.5679813653051,541.671630859375,60846800
2024-08-16,540.0555939415091,543.5814362683599,539.8989177341498,542.8860473632812,44430700
2024-08-19,543.2973511166235,548.0767822265625,542.4452860411917,548.0767822265625,39121800
2024-08-20,547.6264067744836,549.2815796690877,545.843908289735,547.1856689453125,33732300
2024-08-21,548.2334599233565,550.5252003042482,543.2972933603506,549.06591796875,41514600
2024-08-22,550.9660777475402,551.5732952522009,543.5422788578662,544.7567138671875,56121500
2024-08-23,547.9985298599797,551.4851585059275,545.8046443878154,550.544921875,50639400
2024-08-26,551.5733022984582,552.2882384520825,547.5284135216066,549.2325439453125,35788600
2024-08-27,547.9592873998898,550.476328645617,546.8134170306081,549.9866333007812,32693900
2024-08-28,549.6438836929623,550.0748179978751,543.6009999526875,546.7938232421875,41066000
2024-08-29,548.7624007293272,552.0629426061665,545.6969030561269,546.8427734375,38715200
2024-08-30,549.212926690368,552.5722295246512,545.657733766081,552.0629272460938,62700100
2024-09-03,548.9190687874888,549.2520879225416,538.18498513228,540.7020263671875,60600100
2024-09-04,538.8607938634791,543.0035975400444,538.1360542845994,539.5953369140625,47224900
2024-09-05,539.5364855369387,542.3864857940848,535.8245570186228,538.2828369140625,44264300
2024-09-06,538.60608979078,540.231851947678,528.3224880929642,529.2235107421875,68493800
2024-09-09,533.4251264283236,536.4220593419303,531.495695817922,535.1488037109375,40445800
2024-09-10,537.0586665381934,537.8324234437913,532.1813200114981,537.4797973632812,36394600
2024-09-11,537.3916279053534,543.914342923255,528.8317637255883,542.9937133789062,75248600
2024-09-12,543.5715745845557,547.8711135710835,541.3483388424467,547.5675048828125,51819600
2024-09-13,548.1748423305235,551.4264269369157,547.9201911599521,550.4274291992188,39310500
2024-09-16,550.1629297590999,551.5046902542234,548.360884321784,551.2402954101562,36656100
2024-09-17,553.4537083801224,554.9032473896473,549.2325364902464,551.465576171875,49321000
2024-09-18,552.1217580784818,556.969754476821,549.2717571625421,549.8300170898438,59044900
2024-09-19,559.2418737919741,561.0733295553275,556.3722663136862,559.2124633789062,75315500
2024-09-20,557.843155111916,559.2872468563713,555.2201175162944,558.2459106445312,77503100
2024-09-23,559.3167220049795,560.2892833331648,558.0985019985221,559.640869140625,44116900
2024-09-24,560.4366164965969,561.3011287948526,557.6073144224192,561.2421875,46805700
2024-09-25,561.0848814915315,561.8216774615664,558.8941007007465,560.0042114257812,38428600
2024-09-26,564.2679463720303,564.5921534543987,559.8668367278948,562.2245483398438,48336000
2024-09-27,563.295359810012,564.1107043094071,560.3776161208616,561.4091186523438,42100900
2024-09-30,560.3775886747461,564.2678934162012,558.078818569817,563.6588134765625,63557400
2024-10-01,563.3051897855821,563.9535439565005,556.035444442894,558.6093139648438,72668800
2024-10-02,557.7154356390834,559.8668828892402,555.3183896615599,558.8451538085938,38097800
2024-10-03,557.3714411111998,559.7684865712154,555.5343678239607,557.8233642578125,40846500
2024-10-04,562.273664576873,563.2658929623027,558.09848649286,562.892578125,42939100
2024-10-07,561.2420924631317,561.8905065573382,556.6543259021896,557.8037109375,49964700
2024-10-08,560.3775771285751,563.6784689445017,559.5032914013763,563.0791625976562,37398700
2024-10-09,563.0693372819003,567.5392812736217,562.4700908869163,566.9793090820312,37912200
2024-10-10,565.6334738441669,567.4116060358193,564.3759797176003,565.9871215820312,44138100
2024-10-11,565.9084606662699,570.1131388058892,565.7709110163313,569.3763427734375,42268000
2024-10-14,570.9874382986001,574.9661849382893,570.5060744728205,574.0328979492188,36217200
2024-10-15,574.2981309420833,574.6026708937048,568.3545951743074,569.5728149414062,54203600
2024-10-16,569.5728070987392,572.5690988319416,568.7672362789522,572.0484008789062,30725400
2024-10-17,575.5949797580469,575.8013042765577,571.9109988172407,572.09765625,34393700
2024-10-18,573.787292295603,575.0840605235142,572.3235337539761,574.2981567382812,37416800
2024-10-21,573.5711395635755,574.5535342943244,570.378356688641,573.3550415039062,36439000
2024-10-22,570.8204209471064,574.2096946097226,570.1622332957213,573.0504760742188,34183800
2024-10-23,571.0267810694698,571.4688706983893,564.3071746074978,567.8143310546875,49314600
2024-10-24,569.7693820750295,569.8479904569926,566.4194418066055,569.0424194335938,34979900
2024-10-25,571.2723100723214,574.1703862188206,567.9027036914881,568.8457641601562,47268200
2024-10-28,572.3235609618828,572.4512770786239,570.299830137409,570.6043701171875,30174700
2024-10-29,569.6415908764491,572.6477165136779,568.2466070737139,571.52783203125,42899700
2024-10-30,571.0562623128328,573.0505525749719,569.0914726763393,569.798828125,41435800
2024-10-31,565.4271839715354,565.4959588071013,558.4325373559277,558.6290283203125,60182500
2024-11-01,561.2617325907157,565.4172428761593,560.5740443264921,560.9866333007812,45667500
2024-11-04,561.1241962515347,562.4209644478059,557.892139281839,559.7783203125,38217000
2024-11-05,560.6920242782184,566.5863933486033,560.4759261934032,566.547119140625,39478300
2024-11-06,578.8270097230293,581.508928254242,575.0840880526238,580.6345825195312,68182000
2024-11-07,582.6386570968723,586.1458133207747,582.5600487330294,585.1240844726562,47233200
2024-11-08,585.6742957423695,589.0832369047557,585.6742957423695,587.6587524414062,46444900
2024-11-11,589.2501914582232,589.6038391769904,586.4896646144927,588.2186889648438,37586800
2024-11-12,588.1401110548398,588.7393574916656,583.9059918696842,586.3914794921875,43006100
2024-11-13,586.8531544283672,588.6803942959151,584.4856094336134,586.6763305664062,47388600
2024-11-14,586.804069200042,587.2854330583992,582.2163022724781,582.9039306640625,38904100
2024-11-15,579.3377611991996,579.8093514182389,573.580942771995,575.4376831054688,75988800
2024-11-18,575.8993966406199,579.1118465214918,575.0349444617987,577.7954711914062,37001700
2024-11-19,574.4160398519082,580.6345552744816,573.7480186357969,579.9075927734375,49412000
2024-11-20,579.9861823753545,580.3889378159292,574.3374129030207,580.1040649414062,50032600
2024-11-21,582.9531779300596,584.6428684357575,577.1079160795289,583.2183837890625,46750300
2024-11-22,583.2084735757152,585.654687007179,582.7075025920674,585.0259399414062,38226400
2024-11-25,588.9653319760873,590.281707390563,584.7213793724078,587.0103759765625,42441400
2024-11-26,588.2579123147351,590.7433995936517,587.540783398016,590.0753784179688,45621300
2024-11-27,589.8886614517024,590.2717497615803,586.7646539336328,588.287353515625,34000200
2024-11-29,589.1027595534448,592.7277982726248,588.827720226239,591.94189453125,30177400
2024-12-02,592.354515594293,593.6807844427898,591.8633182342458,593.0029296875,31746000
2024-12-03,592.7672106157903,593.5236138358292,591.73570807165,593.2780151367188,26906600
2024-12-04,594.9677449089698,597.2075737883222,594.2997236656325,596.9619750976562,42787600
2024-12-05,596.9620702121586,597.7676412411694,595.626027512611,595.9796752929688,28762200
2024-12-06,596.7458327264936,598.3471408675985,596.3332437457798,597.1093139648438,31241500
2024-12-09,596.9914414878755,597.1584317989794,593.445010988573,594.034423828125,34742700
2024-12-10,594.7122615181331,595.1346840344664,591.5293123546073,592.1875,37234500
2024-12-11,595.115147903942,597.7184581352288,594.8400485801485,596.7655639648438,28677700
2024-12-12,595.9010621562538,596.4708079758578,593.690673828125,593.690673828125,31543800
2024-12-13,595.7242008087076,596.4413297893211,592.1973772710232,593.57275390625,35904700
2024-12-16,595.3312295236393,597.0799209921157,594.5551592425911,596.1072998046875,43695200
2024-12-17,593.5530906608857,594.5158183353977,592.2759894688432,593.6513061523438,55773500
2024-12-18,593.3467116570313,595.7339235020439,575.5752257128447,575.9583740234375,108248700
2024-12-19,580.948961299734,582.5601031255708,575.5359564813775,575.7815551757812,85919500
2024-12-20,573.4513839180992,587.231466902458,572.6036351958548,582.697265625,125716700
2024-12-23,582.4409930028329,586.7879087972127,579.2571372355378,586.1866455078125,57635800
2024-12-24,587.5369625170155,592.7414929129372,586.9553724289615,592.7020263671875,33160100
2024-12-26,590.9277996479015,593.8651696252028,589.5281209545966,592.7415161132812,41219100
2024-12-27,588.9958679237085,589.2324867459512,582.3128451341881,586.5020751953125,64969300
2024-12-30,579.4839049805771,583.278830614674,576.0536238226567,579.8091430664062,56578800
2024-12-31,581.4749602926895,582.194563069081,576.0634704063194,577.6997680664062,57052700
2025-01-02,580.9624149327,582.6775253068124,572.1995172748154,576.2803344726562,50204000
2025-01-03,579.129057366777,584.1265095290074,578.0447499447286,583.48583984375,37888500
2025-01-06,587.7440676720806,591.1250155334773,585.1122021784661,586.8470458984375,47679400
2025-01-07,588.8776099950986,589.2029082453815,578.3897946667151,580.2133178710938,60393100
2025-01-08,580.282291853868,582.1354148697908,576.8323377526707,581.0609741210938,47304700
2025-01-10,577.5026413332764,577.5716476388544,570.2774344732991,572.189697265625,73105000
2025-01-13,567.5372676970464,573.4317423327336,567.1232298261107,573.076904296875,47910100
2025-01-14,576.0043111010004,576.6351742776535,570.0802375478183,573.8653564453125,48420600
2025-01-15,581.8889752343268,585.4473419377294,580.7751281246863,584.303955078125,56900200
2025-01-16,585.6740294157521,585.8514484014332,582.4803673486446,583.1802368164062,43319700
2025-01-17,588.4242094250709,590.7898562052613,587.0934767089387,589.0353393554688,58070600
2025-01-21,592.0810894520482,594.4369296257112,590.1096871636119,594.4270629882812,42532900
2025-01-22,597.2560928487167,599.1289493146973,596.7041025475482,597.7686767578125,48196000
2025-01-23,597.1377185948221,601.03125,596.8617535693179,601.03125,41152100
2025-01-24,601.0905113090206,602.0466728607889,598.1235407504724,599.2767944335938,34604700
2025-01-27,586.3049484329972,591.1151752666312,586.1373960687419,590.7997436523438,70361100
2025-01-28,592.0318399526346,596.7139205737208,588.7100317776161,595.8760986328125,44433300
2025-01-29,595.0874355672163,595.491606706695,590.651780644399,593.2047729492188,37177400
2025-01-30,595.3240968992558,597.9263022497843,592.130374590218,596.3886108398438,39281300
2025-01-31,598.8134974486875,601.2383441338676,592.4557124803268,593.2147216796875,66566900
2025-02-03,584.1954832564219,591.7065212004032,582.0466619706364,589.2225952148438,65857200
2025-02-04,589.281761222817,593.6878166788046,588.7396375989994,593.17529296875,33457800
2025-02-05,592.0515554519985,595.7282015036632,590.021013481686,595.580322265625,30653100
2025-02-06,597.3250313642651,597.778475552574,594.013089933138,597.6503295898438,35771500
2025-02-07,598.2122352633725,599.4344951653416,591.4700123634921,592.1797485351562,50788500
2025-02-10,595.3930719758379,596.8420237335293,594.1214790365186,596.2012939453125,26048700
2025-02-11,593.9341794878935,597.1968476878733,593.8159001701387,596.6547241210938,30056700
2025-02-12,590.6321148502618,595.9055917033094,589.9519786805068,594.7326049804688,45076100
2025-02-13,595.8366046698266,601.2185545419917,594.5749384975967,601.0115356445312,40921300
2025-02-14,601.2186143347305,602.2535886001177,600.3610590723445,600.9820556640625,26910400
2025-02-18,602.1450746766837,602.746337890625,599.6808220007749,602.746337890625,26749000
2025-02-19,601.3564866468005,604.4614087185656,600.8439028716558,604.1657104492188,31011100
2025-02-20,602.7956084451664,602.9336210334332,598.3402805357981,601.6522216796875,36554000
2025-02-21,601.4353474393176,601.5733600301725,590.8982004361474,591.3615112304688,76519800
2025-02-24,593.4118748152965,594.4074426853949,587.960918125522,588.670654296875,50737200
2025-02-25,588.611404696781,589.3408138460895,581.1299072733029,585.7429809570312,58266500
2025-02-26,587.4089575799121,591.0067913230648,583.3971461439291,586.038818359375,43321600
2025-02-27,588.3157098294636,589.4690234968429,576.290203877955,576.6844482421875,74196700
2025-02-28,577.1871598716435,586.2161558854355,574.1117771132394,585.6838989257812,88744100
2025-03-03,587.6553155599406,588.798762606637,571.6081318173137,575.4227905273438,74249200
2025-03-04,571.4208567458912,577.0196322682823,564.0675042327628,568.611572265625,109648200
2025-03-05,568.4440493526719,576.5169448984452,564.8856823224501,574.7229614257812,71230500
2025-03-06,567.2512863712917,571.8742272350298,561.9679425734266,564.5209350585938,80094900
2025-03-07,562.7368791286215,569.1340707451673,557.5422141835529,567.68505859375,81158800
2025-03-10,559.4741670846696,561.3962362827218,547.6457527585567,552.5643920898438,99326600
2025-03-11,551.4012280579012,555.9551623983707,544.1267490127518,547.970947265625,88102100
2025-03-12,554.1316472627199,555.0582088315019,545.7729200294035,550.8788452148438,69588200
2025-03-13,550.5043158830474,551.1154458832376,541.8202897344504,543.535400390625,74079400
2025-03-14,548.1583018697701,555.7679467233177,543.604366956188,554.7625122070312,62660300
2025-03-17,554.742702735982,561.5637976935186,554.3089918436672,559.0404052734375,49008700
2025-03-18,556.7240271713574,556.9409127203818,551.0661118946721,552.9981079101562,66041400
2025-03-19,554.7821880592443,562.7860764826731,553.5993346617712,559.0206909179688,66556000
2025-03-20,555.2750258330774,562.4114922780789,554.5554231088431,557.4041137695312,62958200
2025-03-21,552.9412687324211,558.4876717065504,551.7054359658114,557.5879516601562,83763000
2025-03-24,564.3307537296456,568.6314886589248,563.7375780431137,567.5736083984375,58766800
2025-03-25,568.7797678649376,569.8771730865459,567.1880294433175,568.93798828125,38355700
2025-03-26,568.6710483477373,569.7981425644431,560.7617168790538,562.1458740234375,51848300
2025-03-27,560.7517355574175,564.4296055114135,558.5371327368356,560.6528930664062,42164200
2025-03-28,559.120558969836,559.8521624781242,548.7790863172526,549.3623657226562,71662700
2025-03-31,543.5984015371023,554.3550955683165,540.6719276036363,553.050048828125,95328200
2025-04-01,551.1320571376683,556.559825628618,547.4047657676659,554.6121215820312,54609600
2025-04-02,548.7592465118332,560.9890444564371,548.52197624234,558.1219482421875,76014500
2025-04-03,538.9319060881811,541.7594774009829,530.6172485351562,530.6172485351562,125986000
2025-04-04,517.7349036725598,519.9099817661254,499.3358369172059,499.5533447265625,217965100
2025-04-07,483.64569927250346,517.2405628900261,476.33944038650816,498.6635437011719,256611400
2025-04-08,515.9454474877983,519.0300819148135,483.6160734043612,490.8531188964844,165816600
2025-04-09,487.84755542038147,542.4021606445312,487.46196103833506,542.4021606445312,241867300
2025-04-10,526.1385259148457,527.4534689848499,503.5475251856576,518.6345825195312,162331200
2025-04-11,517.0824330937988,530.3503195313269,514.1757514102393,527.8885498046875,97866300
2025-04-14,537.8839447885014,538.111379094838,527.8094317224818,533.0098266601562,68034000
2025-04-15,533.5536182929557,537.0732685211545,530.726046664157,531.5169677734375,56892900
2025-04-16,525.6541223320015,531.7937621429162,514.3931980244283,519.7023315429688,83484800
2025-04-17,521.6599483491107,525.1499093262158,517.9721816819745,520.44384765625,79868100
2025-04-21,515.2533065114334,515.7872249375157,502.6972625032136,508.05584716796875,69368100
2025-04-22,514.2448892796023,523.3010457814191,513.3056442523776,521.2742919921875,75948100
2025-04-23,534.3049739114415,539.2483058984949,527.8292210770832,529.3517456054688,90590700
2025-04-24,530.6369834977514,541.2256220112762,529.3814182452572,540.4940185546875,64150400
2025-04-25,540.454522631326,544.804618673288,537.5280483044934,544.3992919921875,61119600
2025-04-28,545.1407910444296,547.2762839575454,538.8429907853031,544.6068725585938,47613800
2025-04-29,542.6888783318544,549.1547955800734,542.3329728897722,548.03759765625,47775100
2025-04-30,541.3640295279456,550.2126052496137,535.382610300473,548.2550048828125,93101500
2025-05-01,554.0189320097116,557.6770094036193,551.5373699314374,552.1404418945312,63186100
2025-05-02,558.3294653880318,561.9381212948161,556.0061238656243,560.3364868164062,60717300
2025-05-05,556.194064255589,560.2278400664005,555.3339293144951,557.1234130859375,38659200
2025-05-06,551.6066618961361,556.9652171268149,550.64768441023,552.466796875,48264700
2025-05-07,553.8014947566288,557.4298834610689,549.738030089525,554.7901611328125,55588000
2025-05-08,558.8337754612519,563.8463212534109,555.333918196641,558.6558227539062,65130800
2025-05-09,560.0596697605964,561.068128702691,556.381860066797,557.9439697265625,37603400
2025-05-12,574.8798371188,576.3925257137258,570.5000520977247,576.3826293945312,78993600
2025-05-13,576.7977862928067,582.403567726764,576.2342995973956,580.18896484375,67947200
2025-05-14,581.1479585868793,582.3046813078995,578.9036666864055,580.9304809570312,66283500
2025-05-15,578.9234551699535,584.2721134769878,578.4686469334371,583.7679443359375,71268100
2025-05-16,584.5489982766968,587.7621640177526,582.6013544692614,587.465576171875,76052100
2025-05-19,581.4346564328234,588.7903364922698,581.4346564328234,588.108154296875,68168500
2025-05-20,586.3681289429425,587.317209981726,582.917632829089,586.1307983398438,60614500
2025-05-21,581.7708648204313,585.8639582409971,575.2258980125081,576.2540893554688,95197700
2025-05-22,576.0563267018498,579.971467292194,574.8204937262445,576.4815063476562,70860400
2025-05-23,569.4519785383726,575.215919785119,569.0762805285291,572.5465087890625,76029000
2025-05-27,579.4276923460704,584.6082943415249,571.8742669840636,584.4501342773438,72588500
2025-05-28,584.8555180607121,586.051826179252,580.3373051792158,581.0689086914062,68445500
2025-05-29,586.3385054465637,586.4769332279744,579.4277368161022,583.3626098632812,69973300
2025-05-30,582.2553357440712,584.4304140423015,576.6298211275496,582.7101440429688,90601200
2025-06-02,581.0985213264464,586.0714814983527,578.4291102147669,585.992431640625,61630500
2025-06-03,585.6266685650614,590.3129375391912,585.1421713516531,589.3341674804688,63606200
2025-06-04,590.1943197189499,591.1730898063917,588.7409487228937,589.1759643554688,57314200
2025-06-05,590.8566609128592,592.2111289512687,584.3512195951713,586.3285522460938,92278700
2025-06-06,591.8749474768216,594.0203968199735,590.0953601848463,592.3495483398438,66588700
2025-06-09,592.9229477814916,594.4356362447949,591.7069074945726,592.8834228515625,53016400
2025-06-10,593.4173023897237,596.6304681071312,592.3001649023746,596.2449340820312,66247000
2025-06-11,597.3423151819753,598.2024500657004,592.4780937113569,594.5443725585938,73658200
2025-06-12,593.2097458920864,596.9073486328125,592.725309003214,596.9073486328125,64129000
2025-06-13,591.7168252456129,595.0288334634262,588.731033484191,590.2338256835938,89506000
2025-06-16,593.5952983788304,597.5993850121447,593.4172853343232,595.8494262695312,79984100
2025-06-17,593.4074922933922,594.9300168530282,589.9965810836336,590.7578735351562,82209400
2025-06-18,591.6574895866379,594.4059506456396,589.7097855095001,590.6688232421875,76605000
2025-06-20,593.3471074282096,594.4180406328666,587.8735160730708,589.2816162109375,94051400
2025-06-23,590.0351674928282,595.4889076465048,586.9116980815279,595.1022338867188,87426000
2025-06-24,599.2471080685161,602.7374608387837,598.3348024442159,601.676513671875,67735300
2025-06-25,602.7969444947229,603.4910690166892,600.4468830082857,602.0136108398438,62114800
2025-06-26,603.8678512919777,607.1599344481853,603.2530708764845,606.7236328125,78548400
2025-06-27,607.7252035075089,611.2056913389495,605.692457719191,609.7380981445312,86258400
2025-06-30,612.1873634601734,614.0118537505704,609.867018033134,612.6533813476562,92502500
2025-07-01,611.1758893553448,613.625146088841,610.3429883405835,612.455078125,70030100
2025-07-02,612.0484833566157,615.2711481262035,611.4237773441516,615.2315063476562,66510400
2025-07-03,617.214676143094,621.0124795190609,617.194824993195,620.0803833007812,51065800
2025-07-07,618.1169852960921,618.7813935886118,612.6731706581298,615.4595336914062,74814500
2025-07-08,616.1238907210633,616.8775081543645,614.3093261623386,615.1224365234375,59024600
2025-07-09,617.5319680301938,619.4655183729625,615.6875662931247,618.8110961914062,66113300
2025-07-10,618.9499658515675,621.5974919629854,617.7699723301522,620.5563354492188,57529000
2025-07-11,617.5022136064131,619.6043777491163,616.3024294765994,618.3748168945312,63670200
2025-07-14,617.9186632768227,619.9018415613931,616.5701165685465,619.5548095703125,51898500
2025-07-15,622.2420420602726,622.5791484786782,616.8279435196437,616.9072875976562,74317300
2025-07-16,618.4937831556223,619.4754466932056,612.8516386863737,618.9697265625,88987500
2025-07-17,619.1482908768893,623.1146474859103,618.9301097920578,622.7576293945312,68885700
2025-07-18,624.0069566966004,624.1755098834977,621.190877778705,622.3014526367188,65621600
2025-07-21,623.4815063476562,626.2281670376054,623.0551302914085,623.4815063476562,63375000
2025-07-22,623.8087114591411,624.4334174667899,620.9232136557434,623.5707397460938,60046300
2025-07-23,626.2381323551606,628.8757934570312,624.4334327911965,628.8757934570312,70511000
2025-07-24,629.2624021105368,630.7994135925716,628.6575473006669,629.0839233398438,71307100
2025-07-25,629.748350781943,632.2173979677802,629.5004535059064,631.7413940429688,56865400
2025-07-28,632.1182610848412,632.6735486135409,630.1945756243812,631.5828247070312,54917100
2025-07-29,632.9809077241022,633.2982235137306,629.0046860832861,629.9169311523438,60556300
2025-07-30,630.5713386132512,632.3165451544952,626.2281734095909,629.1236572265625,80418900
2025-07-31,634.0816044685715,634.4682782312485,625.4646925404661,626.763671875,103385200
2025-08-01,621.0322789916852,621.0719812920488,614.0812292944926,616.4907836914062,140103600
2025-08-04,620.4075271113948,625.9108344398344,620.3183179857707,625.8612670898438,73218000
2025-08-05,626.476110377079,627.2892207726588,621.7660617410078,622.688232421875,68051400
2025-08-06,623.7590952688204,628.1121858315174,622.8468502662965,627.457763671875,64357500
2025-08-07,630.8886206499576,631.6223868787783,623.8185857342208,626.9321899414062,74205800
2025-08-08,628.727047311219,632.2868791777582,628.4097315038053,631.82080078125,64051600
2025-08-11,632.0984361099556,633.5758942477272,629.3219380955197,630.5713500976562,58742300
2025-08-12,632.9214074238032,637.4430514601922,631.4340237207567,637.284423828125,64730800
2025-08-13,639.4856719739724,640.7549350171026,637.2744477443421,639.4658813476562,60092800
2025-08-14,637.3835851461316,640.1897994624859,636.9374184340268,639.5254516601562,59327500
2025-08-15,640.5566774831647,640.6558727131268,637.11589211782,638.0281372070312,68592500
2025-08-18,637.4529805837014,638.5834067295413,636.7787072305159,637.8892822265625,43804900
2025-08-19,637.7108075589789,638.6924711313014,633.1098193903536,634.4286499023438,69750700
2025-08-20,634.0221697813646,634.2799321395609,627.626407225106,632.7429809570312,88890300
2025-08-21,630.9283690027011,632.604096553562,628.4791123479844,630.2044677734375,54805800
2025-08-22,632.3958390332336,641.0623176031913,631.8901189367884,639.88232421875,84083200
2025-08-25,638.6230864860744,639.8625729858918,636.9472983174492,637.0662841796875,51274300
2025-08-26,636.798516612414,640.0806740325912,636.1738106528877,639.7335815429688,51581600
2025-08-27,639.148612992103,641.9250504526357,638.9998504138363,641.1912841796875,48341100
2025-08-28,641.7961126896905,644.0172625669782,639.9121297324674,643.4619750976562,61519500
2025-08-29,642.0242015644989,642.3911452321481,637.7306640961879,639.6245727539062,74522200
2025-09-02,632.13804448044,635.1028861742022,629.5797276837342,634.884765625,81983500
2025-09-03,637.2645539172183,638.7916398746721,635.0731807265284,638.3255615234375,70820900
2025-09-04,638.999797688006,643.6900550422279,638.09747828346,643.6602783203125,65219200
2025-09-05,646.0004708304714,646.7243720544352,637.9190556866993,641.796142578125,85178900
2025-09-08,643.1644862104067,644.3742563254497,641.7861629025881,643.3727416992188,63133100
2025-09-09,643.5115612591451,645.3856792185645,641.7762803015634,644.8601684570312,66133900
2025-09-10,648.122479271532,649.0446498954948,645.1576374702139,646.724365234375,78034500
2025-09-11,648.6778210448584,652.7929404681626,648.092817304151,652.0988159179688,69934400
2025-09-12,652.0689585463732,653.5662677492645,651.3748946038203,651.8805541992188,72780100
2025-09-15,654.0918582328915,655.4800466805781,653.7943936028013,655.3511352539062,63772400
2025-09-16,655.9064595692537,656.213910313041,653.6655188822047,654.4488525390625,61169000
2025-09-17,654.4587170331596,656.1542956225366,648.7967216101163,653.6356811523438,101952200
2025-09-18,656.3229972048737,659.2977648370164,654.7166275252608,656.6898803710938,90459200
2025-09-19,658.5800832029405,660.7874850308027,656.6311583459587,659.9423217773438,97945600
2025-09-22,658.4508309420254,663.5119788762895,658.4209716621773,663.0645751953125,69452200
2025-09-23,662.9452156846509,663.5617612775759,658.2320617574377,659.4551391601562,81708900
2025-09-24,660.7477220570149,660.8471316064555,655.9350982101993,657.3569946289062,68082200
2025-09-25,654.2149171420698,655.6765652531099,650.7048739536411,654.3242797851562,89622100
2025-09-26,655.7760789419195,658.619871988132,654.1553026157394,658.072998046875,69179200
2025-09-29,660.5985670660314,661.5134019828115,658.112721358766,659.9224243164062,73499000
2025-09-30,659.1766647693167,662.8756347075731,657.8641309647478,662.4082641601562,86288000
2025-10-01,659.4152702620313,665.5801794564833,659.3059076216911,664.6654052734375,72545400
2025-10-02,666.6540464714482,666.7733621981591,663.004842335434,665.4309692382812,56896000
2025-10-03,666.1966948783695,668.8714672806448,664.377038831869,665.421142578125,70494400
2025-10-06,667.8174482099862,668.7024238148077,665.669704301124,667.8074951171875,54623300
2025-10-07,668.7322238208072,669.1796881705657,663.8898014056139,665.3316040039062,72020100
2025-10-08,666.4552183740389,669.398481470165,665.6299006256374,669.2990112304688,60702200
2025-10-09,669.7166839203261,670.1243359074817,665.4211353124821,667.3600463867188,66501900
2025-10-10,668.324542434099,670.1342452495495,649.14378031214,649.32275390625,159422600
2025-10-13,656.9095884512618,661.3642043859337,656.0345659370097,659.2860107421875,79560500
2025-10-14,653.4492417720955,662.0602448848334,649.4718888267987,658.4805908203125,88779600
2025-10-15,663.0446129876665,666.4352795829697,655.1992699391986,661.4039306640625,81702600
2025-10-16,663.0445999065358,664.9239136533134,653.3895542222015,656.8995971679688,110563300
2025-10-17,655.7660892614911,661.9906565438909,654.4138037793879,660.62841796875,96500900
2025-10-20,663.5418206897375,668.4041493887289,663.4921159142255,667.499267578125,60493400
2025-10-21,667.638493864759,669.1797060532549,666.1867381348511,667.4893188476562,56249000
2025-10-22,668.1953369980629,668.1953369980629,659.5445816579371,664.0191040039062,80564000
2025-10-23,664.3372592841532,668.9012985038863,664.019063764971,667.9566650390625,65604500
2025-10-24,672.6300829996666,674.628651928334,671.8246714345047,673.4155883789062,74356500
2025-10-27,678.8645527756448,681.658640907831,678.2580209918731,681.3603515625,63339800
2025-10-28,683.1600908523567,685.0095454543999,680.9526890414517,683.1700439453125,61738100
2025-10-29,684.8206562449755,685.795149064121,679.0038013689816,683.4982299804688,85657100
2025-10-30,680.0279821977349,682.0564104652303,675.9810180664062,675.9810180664062,76335800
2025-10-31,681.1614116072222,681.2012239761448,675.3942622450203,678.1983032226562,87164100
2025-11-03,681.7878948104295,681.9171636388411,676.0903560257897,679.4711303710938,57315000
2025-11-04,672.2820616639051,676.1103005794487,670.7607556049009,671.4169921875,78427000
2025-11-05,671.1583975728993,677.0051112074705,670.3529860359731,673.7437133789062,74402400
2025-11-06,672.6399897028363,673.5448715272548,664.9338680034818,666.514892578125,85035300
2025-11-07,664.1284090392404,667.2805048704689,657.4663915648358,667.1710815429688,100592400
2025-11-10,673.4056154266486,678.3176487268574,671.2081667723378,677.5818481445312,75842900
2025-11-11,676.1002762110339,679.6997756663966,674.8871520395073,679.1329956054688,58953400
2025-11-12,680.9129156193362,681.0819968300743,677.0946904605516,679.5109252929688,62312500
2025-11-13,676.6472315164618,677.0051787486752,666.7237544337754,668.235107421875,103457800
2025-11-14,661.612768198211,671.8345335183507,659.5147291242073,668.1256713867188,96846700
2025-11-17,665.9083353081996,669.8956413839408,658.4209391867944,661.901123046875,90456100
2025-11-18,658.3512953245886,661.354216097308,652.146634691611,656.3427734375,114467500
2025-11-19,657.0388554539629,663.5617119214406,655.0203196831769,658.8783569335938,94703000
2025-11-20,669.1001291109939,671.7351497651099,648.1991802397498,648.8355712890625,165293500
2025-11-21,651.3412595795126,660.7874729698119,647.1650267848305,655.2987670898438,123956200
2025-11-24,658.9380055466532,666.2662734630499,657.8442577670318,664.9437866210938,80437900
2025-11-25,664.8444060411854,672.3815071629971,660.717877921785,671.1982421875,81077100
2025-11-26,673.7934667684052,677.8404309302599,672.8885849296569,675.8318481445312,71879600
2025-11-28,677.0051081523229,679.7991961322198,676.6471609574353,679.5208129882812,49212000
2025-12-01,674.9667014318244,679.1230277654502,674.8970904760725,676.41845703125,61201200
2025-12-02,678.0591325179204,679.9483994968172,675.4838303983408,677.67138671875,62953800
2025-12-03,676.7167950740063,681.0321891246488,675.8417725523884,680.0180053710938,57238500
2025-12-04,681.4199577792665,681.4895687361658,677.4824173401821,680.51513671875,61970300
2025-12-05,681.5890143183475,684.4925257185774,680.7040993957534,681.8078002929688,79241000
2025-12-08,682.7027235077143,682.7524282821314,677.7111260885928,679.7594604492188,55231500
2025-12-09,679.2822138612034,681.5095218770947,678.7253868572307,679.1727905273438,58310100
2025-12-10,678.6955405173951,685.0692222502689,677.4526176554032,683.6771850585938,85671300
2025-12-11,681.2609148661827,685.3476304583654,678.3076987410943,685.26806640625,86173700
2025-12-12,684.2737672143002,684.9797692517327,675.3247225627367,677.9000854492188,113160300
2025-12-15,681.8574988128718,681.8774049984522,675.4042533093998,676.8758544921875,90811000
2025-12-16,675.3843754405706,677.2239376857725,671.1584377196804,675.0264282226562,122030600
2025-12-17,676.0406154817738,676.5874893555698,667.3998140691156,667.5986938476562,110625200
2025-12-18,673.7635606688432,676.8857972779194,671.0788959983324,672.6399536132812,108650100
2025-12-19,674.747283458469,679.2350273728672,674.6275542880097,678.7363891601562,103599500
2025-12-22,682.0772531068674,683.4933686131409,678.7364013691785,682.96484375,69556700
2025-12-23,682.0572680421344,686.325640311278,682.0074163952171,686.0863037109375,64840000
2025-12-24,686.0763204450832,688.9484813838191,685.9267046355759,688.4996948242188,39445600
2025-12-26,688.758988861415,689.7761694005526,687.392725060237,688.4298706054688,41613300
2025-12-29,685.6674092439482,687.322922191004,684.2014421207446,685.9765625,62559500
2025-12-30,685.5777200962995,686.6846823672308,684.7100944386586,685.138916015625,47160700
2025-12-31,685.2685588951464,685.4879304984822,679.8533550408816,680.062744140625,74144800
2026-01-02,683.842447277036,684.999261161205,677.9684744567207,681.309326171875,89377200
2026-01-05,684.6701449336617,687.5522884526621,684.5106074856512,685.846923828125,71927200
2026-01-06,686.0563439630641,690.4344019511112,685.9067890249802,689.92578125,69273800
2026-01-07,690.3047811958188,692.0699799720542,687.4426026835383,687.701904296875,75588300
2026-01-08,686.9439569075789,688.7390423054183,685.6175622141362,687.632080078125,64019200
2026-01-09,688.7489932725086,693.4162394407576,687.3029303433501,692.1796264648438,80125500
2026-01-12,688.7988836287034,694.1941832506386,688.7490319805348,693.2666625976562,63976000
2026-01-13,693.595779418591,694.194181802135,689.467040360938,691.8804931640625,78309700
2026-01-14,689.1180078469732,689.8360176539858,684.1714948792828,688.479736328125,94676700
2026-01-15,692.678285342935,693.5558934557131,689.3673203481677,690.3546142578125,77862000
2026-01-16,691.7707369284135,692.359156800422,688.22043529661,689.7761840820312,79289200
2026-01-20,679.6338820353151,682.9049778344743,674.7272992054969,675.7345581054688,111623300
2026-01-21,677.7989248999835,686.8641332264262,676.2830453044572,683.5332641601562,127844500
2026-01-22,687.9711412752974,689.2476843606095,685.0491285530771,687.103515625,77112200
2026-01-23,686.2757685331861,689.0781127396581,685.2884137823622,687.352783203125,63059600
2026-01-26,688.609372319757,692.2394730275811,688.0409174669724,690.84326171875,60473800
2026-01-27,692.2893344912051,694.6329705879123,691.6810104865692,693.5957641601562,55506100
2026-01-28,695.1515053497095,695.9393926651097,692.0499903412962,693.5259399414062,61172200
2026-01-29,694.4933553961189,695.1615135683285,682.9648421722587,692.1497192382812,97486200
2026-01-30,689.9058246991844,692.3192774332931,685.2485609149509,690.0853271484375,101835100
2026-02-02,687.7019133171445,695.0318708971434,687.5423149981101,693.5159912109375,79286500
2026-02-03,694.3138377504575,695.0617950648859,682.1670182684101,687.6520385742188,107904600
2026-02-04,688.4697490630058,689.5667896413613,679.9031787408285,684.3211059570312,105204600
2026-02-05,679.0854402743204,681.8279505601881,673.9494421186707,675.7744750976562,113610800
2026-02-06,679.6039887472712,690.4244132010324,678.995603890688,688.739013671875,89127600
2026-02-09,687.5423060693106,693.9747512796714,686.4652913399738,692.0599975585938,73885200
2026-02-10,693.0572335194393,694.64286887948,689.7761552680904,690.2349243164062,65185700
2026-02-11,694.4933668556342,695.2413241987686,687.3029816841566,690.075439453125,76353900
2026-02-12,692.3491972008484,693.4561594586687,678.5169776231163,679.41455078125,118829000
2026-02-13,679.833354327075,684.410879804094,675.6747287653898,679.8931884765625,96267500
2026-02-17,678.287593220413,683.074507822494,673.9394826742099,680.9901733398438,81354700
2026-02-18,682.157061237011,687.2730943282486,680.9702998190471,684.4208374023438,73570300
2026-02-19,681.9775120282383,684.311104689823,679.6937101433548,682.61572265625,58649400
2026-02-20,680.4616860592505,688.1805961724377,679.8732661615737,687.5523071289062,100034000
2026-02-23,685.9566804858357,688.1207533479937,678.5169762252317,680.531494140625,90558100
2026-02-24,680.0427976196477,686.4751816677359,678.1479481229125,685.4779052734375,73798700
2026-02-25,688.3002642742074,691.7907319065998,688.2204651135966,691.26220703125,56369500
2026-02-26,691.391808867856,691.4117130049051,682.486077089091,687.422607421875,71671000
2026-02-27,681.2295779636313,684.9892686841309,679.7835149777827,684.1216430664062,83308900
2026-03-02,676.8515442239554,686.744509644098,676.1734035367807,684.5106201171875,87477200
2026-03-03,673.221445388408,680.7508704958498,667.8361281509542,678.4771118164062,105003100
2026-03-04,679.7735096903759,685.2186606854194,677.7689744100875,683.2639770507812,79182200
2026-03-05,680.2223290726917,683.6629449535216,673.7699188745959,679.4544067382812,106606500
2026-03-06,671.5758690877306,674.2685275228549,667.9358467743081,670.5487060546875,100687000
2026-03-09,664.5750801817165,678.0681991431876,660.5859743093405,676.4227294921875,102667700
2026-03-10,675.87413967305,681.4987932365287,672.9222404542279,675.3356323242188,81505300
2026-03-11,675.7345715953234,678.2277626375325,671.5061293267642,674.4879760742188,68441700
2026-03-12,669.3319958917509,669.8207124533001,664.0564256954588,664.2459106445312,108882200
2026-03-13,667.4472371497842,670.5088831921612,659.5587462493693,660.4862060546875,97200200
2026-03-16,666.5596317087426,670.239584206393,665.3030536555561,667.2078857421875,82023100
2026-03-17,670.5586914524959,672.60309589337,667.8760155087483,668.9630126953125,87128000
2026-03-18,666.5396583763402,667.8959397089973,659.3892034355257,659.6285400390625,82062600
2026-03-19,655.1806813207687,661.1743225351036,653.3855958813168,658.0029907226562,111272500
2026-03-20,656.510009765625,656.6900024414062,644.719970703125,648.5700073242188,163617500
2026-03-23,658.0700073242188,662.6199951171875,653.9400024414062,655.3800048828125,134802700
2026-03-24,651.3200073242188,657.030029296875,649.8800048828125,653.1799926757812,96457500
2026-03-25,658.6699829101562,660.8900146484375,654.239990234375,656.8200073242188,90653800
2026-03-26,652.0599975585938,654.8499755859375,644.8200073242188,645.0900268554688,96494400
2026-03-27,642.5,642.6599731445312,633.1099853515625,634.0900268554688,103649400
2026-03-30,640.1099853515625,640.3699951171875,629.280029296875,631.969970703125,99275900
2026-03-31,638.9400024414062,651.5399780273438,637.97998046875,650.3400268554688,152534100
2026-04-01,653.9000244140625,658.52001953125,653.0,655.239990234375,97841500
2026-04-02,646.4199829101562,658.2000122070312,645.1099853515625,655.8300170898438,68358700
2026-04-06,655.8599853515625,659.719970703125,655.52001953125,658.9299926757812,39105800
2026-04-07,656.6500244140625,659.6099853515625,651.0599975585938,659.219970703125,69980400
2026-04-08,676.3900146484375,677.0800170898438,671.4600219726562,676.010009765625,93606100
2026-04-09,674.8400268554688,681.1599731445312,673.77001953125,679.9099731445312,57134400
2026-04-10,681.3200073242188,682.030029296875,678.4500122070312,679.4600219726562,42253500
2026-04-13,677.4099731445312,686.2999877929688,676.5800170898438,686.0999755859375,54185800
2026-04-14,687.6900024414062,694.5800170898438,687.6599731445312,694.4600219726562,63480500
2026-04-15,695.260009765625,700.280029296875,694.2000122070312,699.9400024414062,58240400
2026-04-16,701.0599975585938,702.780029296875,698.530029296875,701.6599731445312,49972400
2026-04-17,706.1400146484375,712.3900146484375,705.760009765625,710.1400146484375,70661900
2026-04-20,708.780029296875,709.9099731445312,706.1400146484375,708.719970703125,43546800
2026-04-21,710.280029296875,711.280029296875,702.6400146484375,704.0800170898438,58941400
2026-04-22,709.1500244140625,711.4500122070312,708.219970703125,711.2100219726562,42518500
2026-04-23,709.5,712.3599853515625,702.280029296875,708.4500122070312,56174000
2026-04-24,710.75,714.469970703125,709.010009765625,713.9400024414062,45182000
2026-04-27,713.1699829101562,715.6300048828125,712.2999877929688,715.1699829101562,33135900
2026-04-28,711.8200073242188,712.8800048828125,709.25,711.6900024414062,43117400
2026-04-29,711.0,712.2000122070312,708.3699951171875,711.5800170898438,41859200
2026-04-30,714.6300048828125,719.7899780273438,710.4500122070312,718.6599731445312,67240900
2026-05-01,721.25,724.8699951171875,720.469970703125,720.6500244140625,43049800
2026-05-04,720.0700073242188,722.1199951171875,714.989990234375,718.010009765625,51950600
2026-05-05,721.77001953125,725.0399780273438,721.489990234375,723.77001953125,36933200
2026-05-06,728.1599731445312,734.5900268554688,727.8200073242188,733.8300170898438,53288900
2026-05-07,735.0499877929688,736.1300048828125,729.75,731.5800170898438,51724600
2026-05-08,734.9299926757812,738.0800170898438,734.5700073242188,737.6199951171875,47172700
