Date,Open,High,Low,Close,Volume
2020-01-02,264.52860994788256,266.07629861724047,260.75836884276544,263.1968688964844,2543400
2020-01-03,258.49084176592567,262.6390191883564,255.87236672527396,260.533447265625,2711400
2020-01-06,259.14763641844723,262.44097425983097,258.4457793348915,262.34197998046875,3079100
2020-01-07,261.5772610196286,262.28809789606845,258.7698041032808,260.7584228515625,2492900
2020-01-08,262.2970005520804,267.5879358659511,260.9832736927368,266.2561950683594,3379200
2020-01-09,264.80756174887637,267.4260365596713,264.2946586759801,264.74456787109375,2838200
2020-01-10,266.40924704163865,266.40924704163865,262.93593365011895,265.56341552734375,2477900
2020-01-13,264.8795788292352,264.9515796900855,256.4662700007859,257.213134765625,6994900
2020-01-14,256.9881109204234,259.3636169433594,255.77335072833935,259.3636169433594,6056300
2020-01-15,260.0655379383317,269.62163365700377,260.04755145369035,266.7152099609375,6081300
2020-01-16,268.14589541909567,270.8363437704072,266.28326465575094,270.61138916015625,3710300
2020-01-17,269.954545257416,270.5754221922951,266.2382906200405,268.5688171386719,4632200
2020-01-21,267.1470995996111,272.2310680988166,266.35525500909756,270.42242431640625,4962800
2020-01-22,271.7361195219768,271.86210726485893,267.5609768909752,270.47637939453125,3117600
2020-01-23,269.95451129398776,270.4673868823916,266.9311073662238,269.4595947265625,3169600
2020-01-24,268.45185594974447,269.8825641119066,262.35108743737294,263.4758605957031,3678500
2020-01-27,259.1476566755766,259.2196300532438,252.01210452494053,255.62936401367188,4399400
2020-01-28,255.4674730520112,259.480655864049,254.91856948890728,257.2311096191406,4341000
2020-01-29,255.5485066073417,257.5191117248339,252.750083677192,254.55870056152344,3963800
2020-01-30,253.60483963069572,253.60483963069572,248.2779295538636,252.8310089111328,4211800
2020-01-31,250.30244842013315,250.8513243579638,244.01270033707482,245.15548706054688,5532600
2020-02-03,247.5670500453908,249.11473884969013,243.68883479315625,246.5682373046875,5646800
2020-02-04,249.50166551736385,255.09853752730896,249.1417436196107,252.70501708984375,4290200
2020-02-05,256.9881078576651,267.24603082138026,256.84413363673707,266.103271484375,5761000
2020-02-06,267.24613398955626,267.4890751347531,260.94740355882595,263.16094970703125,3044000
2020-02-07,263.5297842223771,263.99770731844876,259.96651140140534,260.2454528808594,3425900
2020-02-10,257.5549976645268,260.3084394204813,256.8531405004654,258.27484130859375,3147400
2020-02-11,258.1128561847108,262.35999918749445,257.25801791052686,261.65814208984375,2992200
2020-02-12,265.4463748712471,274.44455707027237,264.55556362083087,273.07684326171875,6701900
2020-02-13,270.071546922449,275.25448298508417,270.071546922449,271.9251708984375,3565500
2020-02-14,271.93414927655544,273.5178386709043,267.52504398759663,268.8477783203125,2485600
2020-02-18,269.6486021551292,272.95992740123967,269.04571172192504,271.87115478515625,3241700
2020-02-19,272.97786112110276,275.9832508140337,272.4019917140905,274.7235107421875,3021100
2020-02-20,272.82487255250544,273.6886902828436,268.0468403993001,271.862060546875,2885500
2020-02-21,270.3683904216421,272.20402733879246,268.6947141988738,271.2322082519531,2987100
2020-02-24,258.1488772814223,260.0384736847425,249.82555826392593,249.9605255126953,8790600
2020-02-25,252.08414350680414,253.73082671489493,235.76145044065916,237.00320434570312,8171200
2020-02-26,238.19992567009749,242.7979844692234,232.7920083504882,236.65223693847656,6806600
2020-02-27,232.53106884200847,235.88737369492497,226.81721685810754,228.48187255859375,7604300
2020-02-28,221.53529124030612,231.34332021133469,220.72546015808203,229.41770935058594,9961000
2020-03-02,231.5592346335004,245.8663399017892,225.24252014576456,245.74935913085938,8866300
2020-03-03,247.7649699397761,252.2640613588377,233.25990359836553,235.21249389648438,9188100
2020-03-04,260.94726697291094,266.20220174361566,253.93767580224548,260.4253845214844,14533000
2020-03-05,253.38887000537227,260.4254565691848,251.89516814802198,254.61260986328125,5908400
2020-03-06,247.8279341146051,256.4211867112329,244.6605565605348,255.43138122558594,5361900
2020-03-09,237.96596197412305,253.24488800925116,233.26890891458035,246.0463409423828,8070700
2020-03-10,251.69716392494902,255.45839764842196,245.20047501155307,251.94911193847656,7366000
2020-03-11,247.2340211127488,256.6640968893594,245.88429401095743,249.9514617919922,7744600
2020-03-12,233.95275570399374,244.95754329069214,224.9545727923017,225.32350158691406,10496600
2020-03-13,235.86085949136918,246.91331748117108,218.94330654354016,245.84693908691406,9308400
2020-03-16,220.4344333594762,222.02496875937177,202.38722141982726,203.3722686767578,10303500
2020-03-17,208.59573185509623,224.8083851653989,206.30931770930295,220.7055206298828,9642200
2020-03-18,204.0139091111548,209.16508811152042,180.91492785401067,196.16061401367188,12917500
2020-03-19,196.0882940432272,204.34825774109183,188.8224234623445,198.63677978515625,8065200
2020-03-20,201.69134627182433,210.2405063779104,183.87007802356376,186.69869995117188,9364100
2020-03-23,182.58680460056664,185.93959757939194,169.64559652287,176.09812927246094,10654500
2020-03-24,182.67715189739212,199.0615274088111,179.8394842057304,198.63677978515625,8894400
2020-03-25,197.9951341682816,223.67874110871165,195.20265505135924,211.91236877441406,10014000
2020-03-26,211.4966728321198,233.12259198019296,209.933247876786,230.800048828125,7517600
2020-03-27,219.5488134462728,227.37499896265376,215.30135011039607,219.10598754882812,4879500
2020-03-30,219.27763400575947,229.6251787077845,219.27763400575947,227.0857391357422,5329000
2020-03-31,220.03676550248176,230.02282995527628,219.60298568813965,225.3686981201172,5450000
2020-04-01,215.70799630188392,222.8654260989579,212.7709190015759,214.46990966796875,4548800
2020-04-02,212.64438979046503,218.69928458085545,204.26693812745395,217.28948974609375,4636800
2020-04-03,215.37358141829466,216.2953617142434,205.38751789530016,207.39376831054688,4650300
2020-04-06,216.89184471352445,225.28736046854777,212.4817061250069,224.4288330078125,6365900
2020-04-07,234.79447221036725,241.03010763780856,222.8021559844333,224.15773010253906,4984100
2020-04-08,223.84139690576123,243.244178679109,222.54907597837027,242.04222106933594,6390200
2020-04-09,239.48477598875658,244.3648376062668,236.4121466428596,238.69854736328125,4923300
2020-04-13,236.8277996931153,239.4485704327407,233.32137739381122,238.13819885253906,2964900
2020-04-14,243.099580549709,246.77771093391652,241.2921487240606,244.4551544189453,4778900
2020-04-15,249.7238746197648,255.74262756118264,244.61788382625707,254.5587615966797,7841800
2020-04-16,256.1492306657413,271.1147633990302,253.0494918232252,269.6959228515625,7738900
2020-04-17,272.0094606533943,274.7296545451299,259.4568601865906,262.5837097167969,5857500
2020-04-20,257.8301752040545,261.1829815698052,254.1882006656881,254.97445678710938,4072600
2020-04-21,248.47671944396268,253.04047410597045,246.94039124805866,247.78988647460938,3977500
2020-04-22,252.66093840808796,256.4927134760839,250.06727757983768,250.34742736816406,3663300
2020-04-23,252.19100984935187,260.68593557884265,251.7210874111101,257.8572998046875,4420500
2020-04-24,259.628574756976,263.7946922371443,256.65534142462786,263.2434387207031,3265000
2020-04-27,264.9785595088243,268.2771173789254,262.6469843736168,265.6744384765625,3706200
2020-04-28,269.3073866173915,269.5333156330101,258.1193773512815,260.5955505371094,3862900
2020-04-29,263.88505784441816,264.56284480805965,258.5531392462829,259.9538879394531,4258400
2020-04-30,259.0501808169926,266.5962147852328,258.0289773442922,264.309814453125,7631700
2020-05-01,260.62269479245884,261.1739483658599,252.6790226891824,257.11627197265625,3526100
2020-05-04,257.0981117964511,260.2159424919062,254.94726367369884,259.8544616699219,2894200
2020-05-05,262.041460179115,267.4999120526414,259.6285541194905,264.8249206542969,2501300
2020-05-06,266.68660228844465,269.01817747880904,260.6678503021993,260.966064453125,2579200
2020-05-07,263.0355680868879,264.1471486587829,257.12525791944444,257.5590515136719,3162300
2020-05-08,261.6167603371347,262.07766436533643,258.1555398702037,259.36651611328125,3200000
2020-05-11,258.0651630689311,262.1680418176928,257.7940592750768,260.893798828125,3490700
2020-05-12,263.6772802008174,264.92441303786455,259.9991760253906,259.9991760253906,4214300
2020-05-13,257.09817110299525,258.824272073802,249.0279933683936,251.23306274414062,5474100
2020-05-14,249.36236134606483,264.2917680403056,249.1003035504055,262.62890625,5704600
2020-05-15,264.25558961548785,271.1147905057773,262.72830742263415,262.9451904296875,12182800
2020-05-18,269.7412162842017,270.86181552599203,263.9031898838114,265.1141662597656,4015100
2020-05-19,262.74633716724463,266.26180505860674,261.06543892578213,261.21905517578125,3059400
2020-05-20,264.6984184295878,264.6984184295878,259.0953956174035,260.26116943359375,3200600
2020-05-21,258.4988364815638,262.1950302410901,257.49569775244487,259.2850646972656,3604900
2020-05-22,259.63758361606216,262.29451073804347,257.3692753161016,262.0234069824219,2922800
2020-05-26,267.95182638728767,268.4307948220116,264.3369619503597,266.4968566894531,4567800
2020-05-27,268.783245099511,274.5489304472324,262.8006215623542,274.5218200683594,5618900
2020-05-28,276.4919434358123,279.84472234287983,274.0880553732574,274.70257568359375,4387700
2020-05-29,275.380345757087,278.67890370273733,271.88296918456115,275.4978332519531,6251500
2020-06-01,274.74765447766873,276.5189572181862,271.62080568104983,276.4737548828125,2894000
2020-06-02,276.1575380979457,278.43492019195975,272.67825337293556,276.8172607421875,2756800
2020-06-03,278.2089972024912,280.260422749457,273.59099375127676,275.94970703125,4360000
2020-06-04,273.98856450036976,275.1543656678443,265.95454494338003,269.3796081542969,4374300
2020-06-05,274.7296463611177,284.01984514147614,271.566640564197,281.8238220214844,5554300
2020-06-08,278.92294965846133,285.429689014979,278.2812913719907,279.68206787109375,4635500
2020-06-09,280.0615850499883,282.54680406920755,277.73902829301335,279.4380187988281,3061500
2020-06-10,279.1940442069098,280.4321308071837,273.6994350700352,276.3111877441406,3296100
2020-06-11,274.1512680602902,274.1512680602902,253.7634376384304,256.4113464355469,6638900
2020-06-12,262.6650174646473,265.78284831151757,251.86562914509918,257.694580078125,5416800
2020-06-15,251.25108754768272,259.3664663537517,247.3560741791609,258.7157897949219,4494600
2020-06-16,266.99388785853523,268.9188075719128,259.76415902961037,264.788818359375,4245400
2020-06-17,266.68659712901785,266.68659712901785,263.18922062152086,264.42730712890625,2538000
2020-06-18,262.46627315140614,263.6862954619702,259.0050524538431,263.4151916503906,2926600
2020-06-19,267.2271518613532,269.124050216373,264.0323800578482,264.3318786621094,5172800
2020-06-22,263.015813919665,265.92922877296445,259.8119577662591,265.6297302246094,2174100
2020-06-23,266.84590727428395,271.6289927236529,264.17753683515826,270.1042175292969,4023400
2020-06-24,266.8277828798577,269.6504593880694,259.1857357135165,262.4621887207031,3399900
2020-06-25,261.6453331158095,269.36000406385205,259.6304414779298,268.85174560546875,3112500
2020-06-26,267.8715174622752,269.1784478857842,259.41260175858173,260.3746643066406,5043200
2020-06-29,261.7996217841992,265.2757493405331,260.1386831060762,262.98858642578125,2356700
2020-06-30,261.90849120021545,269.0604478732073,261.08256445772497,267.69903564453125,2932900
2020-07-01,268.49769043065896,272.64546607038164,267.9622049786205,270.22216796875,2303800
2020-07-02,272.73631144545226,275.07792882082174,269.7230450508456,270.7032775878906,1971700
2020-07-06,275.00530300999407,275.4500221944041,271.6743685058857,274.8328552246094,2395000
2020-07-07,272.8814917154045,275.5135500231253,268.60666473950596,269.2419738769531,2075700
2020-07-08,269.87737118901623,273.0721428793631,268.3616529294699,270.7940368652344,1987400
2020-07-09,267.83519496062127,270.96642674406326,260.93736685375575,264.25921630859375,3061700
2020-07-10,267.0546358347294,267.0546358347294,260.57432749726115,264.32275390625,2391600
2020-07-13,265.1032862667931,276.38484999008415,264.81284498382047,272.0192565917969,4263300
2020-07-14,270.2948126355733,281.12257248742185,269.29643801388437,280.0152893066406,4234900
2020-07-15,273.299015300416,281.9848336470485,271.0663065689395,275.9764709472656,5116900
2020-07-16,276.829613763304,282.1300428601709,275.15053288497637,278.7718811035156,3844500
2020-07-17,280.532642482474,282.2389504960106,277.95503826768714,278.20916748046875,3016500
2020-07-20,278.4451106444134,280.08787917152125,274.44255539998954,275.4227600097656,2375500
2020-07-21,276.8476611170558,278.63564994612835,275.1050416077983,276.9202575683594,2340200
2020-07-22,276.6934168834221,278.5540302740731,273.9252230093849,278.37249755859375,1935800
2020-07-23,279.7248897698913,279.9971611813023,273.43514318622454,274.97808837890625,2367700
2020-07-24,275.3048168869489,276.1670558619102,271.5836449689243,272.99951171875,2415700
2020-07-27,270.85750472375156,274.21566609640115,269.89544226092835,271.0118103027344,2060500
2020-07-28,270.36740192617714,273.55308766065605,269.75020734093704,272.2189025878906,2257400
2020-07-29,273.6075299730957,281.13160887485583,272.28242990300805,278.3452453613281,2672700
2020-07-30,273.80724056464925,278.145606738863,271.2750335789378,277.0292663574219,2205300
2020-07-31,275.40468891678654,275.67696035145786,270.5126664557846,274.8056640625,3913500
2020-08-03,275.54075673394374,276.7388061472873,271.55637133238815,275.55889892578125,2628500
2020-08-04,274.0160275427915,280.3238886634533,272.34603158013255,276.3667297363281,3594900
2020-08-05,278.4814181376835,284.04506096160446,276.83864947424905,283.600341796875,2982200
2020-08-06,283.1738164891317,287.02206718318496,281.72163753163676,285.0434875488281,3305300
2020-08-07,284.38996751016344,289.52703356105764,284.38996751016344,287.7390441894531,2600800
2020-08-10,287.7118453054335,290.8612473698518,286.42302926867654,289.6178283691406,2563600
2020-08-11,293.0848163185168,294.5823641259277,285.5879646392104,286.3957214355469,3018200
2020-08-12,288.619486497484,293.42074294340426,288.2927607512117,292.4949645996094,2915800
2020-08-13,291.0518822161707,292.131938528768,288.474277443472,291.81427001953125,2159500
2020-08-14,290.9248008458938,294.00157888248884,289.28203187719066,293.7928466796875,1787200
2020-08-17,291.75070652975995,293.88356393056597,289.84472351171325,290.8975524902344,2772500
2020-08-18,292.23174553441004,292.8579975096723,286.54102347207106,287.5393981933594,2520000
2020-08-19,287.5031544065144,289.97185080473275,286.0600601157272,286.2597351074219,2066700
2020-08-20,285.7423023111769,286.15073711595915,283.1828680146962,284.3808898925781,2245600
2020-08-21,282.5202844481556,286.15071731317846,281.44022845497096,285.1160583496094,2488500
2020-08-24,287.5393638675331,287.62104528525003,278.1728401972524,280.30572509765625,2922200
2020-08-25,283.3553319257625,283.50052488442844,279.3618331122476,283.37347412109375,1879300
2020-08-26,282.2480348786536,282.59290276116315,275.5589385414959,280.28759765625,3178900
2020-08-27,281.7307331400517,285.6878925585113,277.2652875239261,282.87432861328125,2321000
2020-08-28,283.4823852813011,286.6408722723242,280.42374961053304,285.3248291015625,2883500
2020-08-31,285.796832254083,290.03534811776785,283.6639469007244,283.6730041503906,4341600
2020-09-01,281.5037948454675,285.6424864951769,281.3585741930908,283.9270935058594,2487100
2020-09-02,283.6820111133966,291.5963555673333,283.6820111133966,290.6524353027344,2846500
2020-09-03,292.24989073292653,293.90174458893915,284.7439795974976,287.01300048828125,3872500
2020-09-04,287.23989287768313,288.4651419589242,278.2999453302831,283.1737976074219,2901000
2020-09-08,282.2933985264449,282.6836634342164,275.75860791675524,278.8626403808594,2594500
2020-09-09,281.0680644237572,286.1869873056032,279.92449707411123,283.1918640136719,2195600
2020-09-10,283.8363174666328,285.38831970644986,275.6587588621751,276.45745849609375,2421200
2020-09-11,278.0250329627681,279.2917926393075,270.9347442908781,274.7532958984375,3085900
2020-09-14,276.14756796049886,283.53858693297946,276.14756796049886,281.21466064453125,1795500
2020-09-15,282.5635111774699,283.84851553555666,278.9181182111441,279.9935302734375,1468300
2020-09-16,281.6703593335572,284.56843956922944,279.05479477929185,279.3464050292969,3438200
2020-09-17,277.5055664708911,280.13025411110067,275.32743061247277,277.9430236816406,2394100
2020-09-18,277.97030099260905,282.8733583636319,276.84021040337774,280.71343994140625,3795400
2020-09-21,273.83275365643294,273.8874323152529,265.80377944478056,272.6662292480469,4124700
2020-09-22,271.9827068792072,273.9694388993299,266.9520757922211,268.17327880859375,3163600
2020-09-23,268.8477144305287,269.85020299591787,265.95872844828983,266.24127197265625,3709900
2020-09-24,266.28684465777263,268.78392993724293,263.96291776899534,266.7151794433594,2869100
2020-09-25,265.4301635489976,276.38455891296695,265.40282421545237,275.6828308105469,2455800
2020-09-28,279.2280392229943,282.52711585814154,275.9836134526933,276.3481750488281,2575700
2020-09-29,276.7490941423477,278.4168489543904,274.02414436798756,277.1865234375,1797800
2020-09-30,277.06806357045946,286.63721945697915,277.04072423755497,284.1310119628906,3497300
2020-10-01,285.1699158408021,287.22957129163456,281.74323834287935,285.31573486328125,2731200
2020-10-02,284.4317450163879,289.25278420946205,281.0232842407649,284.3223876953125,2338000
2020-10-05,287.13846402977424,290.1914858493472,285.36132403881953,289.9454040527344,1638600
2020-10-06,290.6745537105855,291.9048516756091,285.698571928457,286.573486328125,2434400
2020-10-07,287.82194163867644,295.95115049512907,287.82194163867644,294.5203552246094,2596600
2020-10-08,294.7573238846628,296.5071245605356,292.5336321857241,293.8277587890625,2056700
2020-10-09,295.87819614834285,299.0770359998851,295.20380763961197,298.7762756347656,2028900
2020-10-12,299.94290829967605,303.98929644044784,299.8426733497871,300.7175598144531,2424200
2020-10-13,299.3778830072382,304.11690476112807,298.6579101435051,302.0390319824219,2713500
2020-10-14,293.51791103945317,301.264370464729,291.8136944158347,293.3174133300781,4455400
2020-10-15,290.58332233331987,297.9834638209027,288.28670751846005,295.7962341308594,3172200
2020-10-16,296.6073294618184,302.8865308951163,295.9420631830749,300.6537170410156,3293300
2020-10-19,299.41438740811145,301.45579876253356,293.50884023149115,295.47735595703125,2482100
2020-10-20,297.6645249659135,299.4872212454791,294.6206255164955,294.7391052246094,1988600
2020-10-21,294.73910365934756,297.5460436776311,293.6181354409981,294.174072265625,2139000
2020-10-22,293.74575393863273,298.97688362553686,293.6819528907096,296.85345458984375,2100600
2020-10-23,299.9793739091887,305.8940147693312,299.0406863848749,301.2917175292969,2349500
2020-10-26,297.39110858563834,298.69432964954757,290.30082172047776,294.42010498046875,2408500
2020-10-27,294.42008719969044,294.8210825508509,291.1118894586838,292.0961608886719,2427700
2020-10-28,285.5527252349942,289.6355752686716,280.18489868715164,280.69525146484375,3301400
2020-10-29,279.41023577553165,282.0440453712783,274.73501515203634,276.7582092285156,3279200
2020-10-30,276.3481277337674,279.9388419061789,273.0399292814879,278.08880615234375,3556800
2020-11-02,284.92389848287706,284.92389848287706,280.11195355938054,284.4317626953125,4519000
2020-11-03,289.32568968675577,297.50048346157536,287.0928756608173,292.8617248535156,4043900
2020-11-04,314.62472809315693,328.48632550231935,310.8973175414659,323.1275939941406,10344900
2020-11-05,326.3265026437783,328.97852961703137,318.6802768182357,322.9818420410156,4786500
2020-11-06,319.2998861773749,320.7945103138894,314.0232010466649,316.656982421875,2994900
2020-11-09,333.8360451932411,335.33066998629164,318.04238894826864,318.9719543457031,4635300
2020-11-10,318.50698328128806,324.3487269257092,317.30402513532675,322.33465576171875,3733200
2020-11-11,324.58572265245334,325.1780933185605,318.4341233561364,320.5211181640625,2048200
2020-11-12,320.24776914980487,328.55926073109606,318.74405010131915,322.9909362792969,2907300
2020-11-13,325.22373056405297,326.208002271305,321.51456423916835,324.1392517089844,2442100
2020-11-16,327.1284011828055,327.702527105293,319.89229527470286,325.1872253417969,2790100
2020-11-17,321.1498882684905,322.0338690000191,316.6933838481149,320.8855895996094,2557600
2020-11-18,322.0977143793196,322.66274568484215,312.67437947242524,313.968505859375,2722500
2020-11-19,311.9453991431914,312.6562496631155,304.691047074884,307.1243591308594,3935600
2020-11-20,305.3016526175182,307.7258422115798,302.30330919694984,305.02825927734375,3702000
2020-11-23,305.80284439454977,306.44992157148255,302.19391369928724,305.3562927246094,2535700
2020-11-24,306.376990014392,309.8583463453019,304.7821308787912,306.2220764160156,3759700
2020-11-25,308.78296323368687,308.78296323368687,299.9611204915376,303.6520690917969,3145100
2020-11-27,303.96196909995984,308.8559045655897,302.4217883913169,307.98101806640625,1558600
2020-11-30,305.4018285285787,307.98095905821265,301.0091521102109,306.5227966308594,5265700
2020-12-01,314.2055160037326,322.708410476725,309.7945939534877,310.9429016113281,3817700
2020-12-02,311.4714852427233,320.63964652615306,311.22543122455073,316.7481994628906,2864300
2020-12-03,317.0581007810226,321.4963630108511,315.7730962077379,317.7689514160156,4169200
2020-12-04,316.461007731573,321.46401957722804,316.2323509340791,320.0189208984375,3255100
2020-12-07,318.9486724534045,320.0187981365378,315.74747851649465,318.1620788574219,2999400
2020-12-08,315.3176027856218,320.02792542463567,314.70479052204706,318.1620788574219,2471200
2020-12-09,319.10419137750995,319.5797873153878,312.4456807740329,315.00665283203125,2600400
2020-12-10,315.6926181924628,315.9669950924028,310.2963251667968,310.65301513671875,2896900
2020-12-11,309.26292920549895,309.948899671162,305.78732876548014,308.2934265136719,3071700
2020-12-14,311.0006027789179,313.92742020343746,307.18659609045704,307.4335632324219,2479000
2020-12-15,310.186635491929,311.8969836335012,308.26591307750886,310.67138671875,2616500
2020-12-16,308.0738448360362,312.4915095179563,305.72327431819616,310.36956787109375,2365600
2020-12-17,310.79948072065173,313.3512985400153,308.5129126167582,312.5007019042969,2525700
2020-12-18,313.27802682306094,313.3603399027643,305.48541491026907,309.4914855957031,8742700
2020-12-21,303.72021239565845,308.18359688329315,301.27814588111477,307.3878479003906,2892700
2020-12-22,306.5464292083584,308.21105726742354,305.00070714097,306.40924072265625,2069700
2020-12-23,307.7627952131141,312.48227334455737,307.3420746564925,308.7688903808594,2348100
2020-12-24,307.7171067570441,312.26280401395724,307.7171067570441,311.69573974609375,1360600
2020-12-28,313.9091252048756,318.0981325003826,313.77193673716266,316.41522216796875,2308200
2020-12-29,318.2810254483635,321.29931115012124,315.54629978215536,317.6956787109375,2275700
2020-12-30,317.44873755498145,319.2139889376226,315.06157440255345,315.53717041015625,1866000
2020-12-31,315.5829422336033,321.1164250208143,314.6774424247804,320.7414245605469,1969000
2021-01-04,321.44567372638716,322.0218652962535,311.32074603000297,319.6621398925781,4203800
2021-01-05,318.9213160289223,321.36335468079005,315.0707438704916,315.3634033203125,3160500
2021-01-06,308.3299713004543,328.79933312023354,306.500716845242,328.5981140136719,6561400
2021-01-07,327.93035204296353,335.1650545134179,327.3632878041096,333.86627197265625,3366700
2021-01-08,335.66815404057456,336.11631239880495,328.1316354812148,332.3663635253906,2947800
2021-01-11,331.66203870007297,333.1894780734034,328.5248747849714,329.9516906738281,2695100
2021-01-12,327.38160412020363,329.33889146661363,324.9029726633556,326.8602600097656,2372500
2021-01-13,325.6438140373956,326.34806679877414,321.24446027686616,324.72918701171875,1974500
2021-01-14,326.38463609495125,328.17729712023737,320.503591444025,320.60418701171875,2919900
2021-01-15,319.31456108030056,322.9090383484807,316.2231174772429,321.3084411621094,3777000
2021-01-19,325.7992881894054,326.4852584653764,321.54627806082584,322.12249755859375,3361300
2021-01-20,321.83897631130304,322.02188497710245,316.30546581706653,320.88775634765625,3036800
2021-01-21,320.86024662283,330.07970100531065,320.796216043683,324.6925354003906,3749800
2021-01-22,323.14689252277685,324.34505176875683,317.86950430126353,317.8786315917969,2585100
2021-01-25,317.5127673722519,320.476177924991,315.1804796143774,318.1164245605469,2506300
2021-01-26,320.58591961984354,321.5005466224624,313.32377898607365,313.8176574707031,2467500
2021-01-27,308.2659635007297,309.1439978092669,300.9215081012168,304.56170654296875,4770900
2021-01-28,307.89999931726106,316.9913646196196,305.9518396409712,309.28106689453125,2769900
2021-01-29,307.79941809440044,310.07683035476776,302.4031244662375,305.10125732421875,3899200
2021-02-01,306.4274466628192,309.2810781013282,304.33294326368116,305.4853820800781,3020200
2021-02-02,308.32076843719966,315.2170638584447,308.32076843719966,309.8024597167969,2663700
2021-02-03,309.1439000070448,311.1194975103998,306.0341740509521,309.0433044433594,2537100
2021-02-04,303.94889851572964,306.66534224384486,300.3544205467484,301.20501708984375,5962200
2021-02-05,303.7568392742125,305.00990203924954,295.86362963937984,296.8056945800781,7227900
2021-02-08,299.0922130916259,299.10134038221094,296.16539524404027,296.650146484375,4758200
2021-02-09,296.24767224681705,302.7781222599893,294.2446369343533,301.4884948730469,4096900
2021-02-10,304.2597695394097,307.0951183407176,301.6164845600942,304.93658447265625,4122700
2021-02-11,306.4000194061996,307.90914824770084,303.1988251735975,304.6347961425781,2776700
2021-02-12,303.36342058213745,304.021953016891,299.8878497895024,300.21710205078125,2760800
2021-02-16,299.4122578161956,301.68054264651175,294.9489018528489,296.90618896484375,4339000
2021-02-17,295.8452299595326,300.54642595234077,294.7293839469665,298.9549560546875,2620000
2021-02-18,298.07692749252396,301.44274808330397,297.4367053532149,300.3726501464844,2383500
2021-02-19,300.68363590002366,300.7751041853994,296.43975308596566,296.86962890625,2313800
2021-02-22,294.0525729621945,300.95799547029907,293.00075752159717,299.66839599609375,2688300
2021-02-23,301.81775676115615,305.4305445995345,298.7537786209884,301.3787536621094,3225700
2021-02-24,300.4457922594954,305.1195504010057,298.2049730211868,303.84820556640625,3360500
2021-02-25,302.7415560949229,305.11959202735375,299.4123002070791,300.79339599609375,2780100
2021-02-26,302.32998230849756,309.06165240282894,301.6897600740282,303.857421875,5430000
2021-03-01,305.81470637799805,309.9762764659718,305.192766643599,306.0799560546875,4198900
2021-03-02,306.4000225617036,308.8420887542345,305.3848000639069,306.0707702636719,2568900
2021-03-03,304.8634976378106,309.29028924857727,304.3695912111284,304.451904296875,3039700
2021-03-04,305.64098685270716,311.7415347086916,304.26904603857963,305.31170654296875,4991600
2021-03-05,306.42757466597186,318.555541258015,306.4184194613197,317.4671325683594,4563100
2021-03-08,317.38473857852324,323.7779726662141,316.0951111006427,320.27496337890625,3419900
2021-03-09,322.79020212969283,330.4090334430092,321.3450757089905,321.9304504394531,4277600
2021-03-10,323.6956720593364,324.21701619197614,318.74753622500185,319.7536315917969,3012300
2021-03-11,320.81454929319335,325.5797477592303,320.0005179317117,322.95477294921875,2520500
2021-03-12,324.16642327957885,327.51666656589833,323.08330782969784,326.7823486328125,2088700
2021-03-15,327.60846742221594,328.5446912958716,322.67944746805813,324.818115234375,2343400
2021-03-16,324.49683892896905,326.17654039711346,323.009883659479,325.4789733886719,2904200
2021-03-17,326.00219057632603,328.6640266750096,322.9364585879804,323.2577209472656,2633100
2021-03-18,323.8910698052432,334.40076673140675,323.40459639011215,332.3171691894531,3311600
2021-03-19,332.1978177005113,340.0364614854325,329.52679418650973,335.5572204589844,8572900
2021-03-22,335.02491043374124,338.3108958603913,330.53648106494,336.7321472167969,3505200
2021-03-23,338.55865852821626,341.0277478678665,337.0625157672356,338.2373962402344,3100100
2021-03-24,335.98862386344535,343.10216551561564,335.49299080683033,340.16497802734375,3407800
2021-03-25,340.1649346718669,341.5509087242372,333.54705493115176,340.61468505859375,3021500
2021-03-26,341.1562799216905,346.09445923709393,339.8804463428629,345.5621032714844,2959800
2021-03-29,345.4519289542066,349.2519504811111,344.1944428390231,347.9302062988281,2740400
2021-03-30,346.5442147513426,348.6828823950028,341.26642558634103,342.88189697265625,3066000
2021-03-31,342.18431407787307,346.0394062003004,341.26643766885365,341.5142822265625,3356500
2021-04-01,341.6335757011632,342.0833261319479,335.7224499907265,336.92486572265625,2977700
2021-04-05,339.2653800217029,342.0281962126399,337.44800316157654,339.7793884277344,2709400
2021-04-06,338.49446310621283,339.421527248734,332.93213427381653,334.4466247558594,2698600
2021-04-07,334.28140324090145,335.83261657407013,330.94031975058,335.6123352050781,2158900
2021-04-08,333.2900121226052,336.77795847462323,333.2900121226052,334.9238586425781,2426700
2021-04-09,338.09975059436454,345.6813900063494,336.8606119508559,345.3968505859375,2483200
2021-04-12,343.7263433072045,348.6369593373997,343.31328774795304,345.3785095214844,3057300
2021-04-13,345.35103485963054,348.15973472282866,343.58869964577684,343.7447509765625,2652300
2021-04-14,344.5157598778684,346.96650244171695,343.8181647788287,344.7819519042969,2805600
2021-04-15,348.7930357231166,360.13797470276063,348.7930357231166,357.9809875488281,4488300
2021-04-16,361.56985772113103,361.56985772113103,353.80460376931035,358.8988342285156,4532400
2021-04-19,357.97187582514454,361.0834909604673,356.5675257404392,357.82501220703125,2965400
2021-04-20,357.8433274447347,365.20471507892927,357.43948754548745,363.965576171875,3348100
2021-04-21,366.1041406687373,368.5090001903072,362.9650192968079,366.0582580566406,2473300
2021-04-22,365.71866041564334,366.01238757461175,360.8998095085623,363.9747009277344,2718600
2021-04-23,363.1302466754651,368.977114697241,362.1022296181899,367.4350891113281,2263200
2021-04-26,366.97611693152555,367.15051566737645,362.7538803990784,363.3504943847656,1642300
2021-04-27,362.24906693972855,363.78190468714655,360.0828642877591,362.1022033691406,1758500
2021-04-28,362.7263886848251,364.38774272633833,361.0007765726454,362.1848449707031,1886500
2021-04-29,364.1674770044665,369.1331918985189,363.75442140256155,368.5732727050781,1996500
2021-04-30,368.0684420990156,368.8578023697827,365.63607520362683,366.0491027832031,2328100
2021-05-03,368.06848125086134,373.3646186401291,367.6370781698383,372.5660705566406,2568500
2021-05-04,372.18049293607345,378.59643932198725,370.36308777442844,377.5592346191406,3237200
2021-05-05,376.78830096620504,378.85352307868726,373.39214673224274,378.6240539550781,2767600
2021-05-06,379.08301741679514,382.6168477577002,378.67914949147064,380.8912353515625,3058700
2021-05-07,380.9187680002747,384.60862164476276,380.065149532063,383.35113525390625,1851000
2021-05-10,384.8380289065381,390.9969997309259,383.8742698891742,386.32501220703125,2489300
2021-05-11,386.4259484354497,387.61001678571404,376.88919958798965,377.88970947265625,3024000
2021-05-12,375.6776472120857,377.10953218419286,371.44622235642845,372.0795593261719,2888100
2021-05-13,372.91487204590237,379.2482144421712,371.11584190689086,375.00762939453125,2637500
2021-05-14,377.2380577581561,378.7066657759505,374.95255421263977,376.1457824707031,2072900
2021-05-17,375.69604874584263,378.6332649127847,375.0168290619271,375.0718994140625,1583900
2021-05-18,376.0448245967492,379.0462706602406,372.90567464950385,376.67816162109375,2694800
2021-05-19,375.86111256742214,376.99011036667684,371.05145028921277,375.87030029296875,2783100
2021-05-20,375.8979195970251,379.84477689804703,374.7872970002684,375.0810241699219,2105800
2021-05-21,377.0268610721158,384.2505427478932,375.83360512872093,377.8254089355469,4295400
2021-05-24,378.5046014185199,379.9089508740713,376.25582155133867,377.20123291015625,1883600
2021-05-25,378.02741031435573,379.8723228763669,375.3105039461801,379.12884521484375,2285600
2021-05-26,378.2568055807064,381.1939927533395,377.2563238365697,379.275634765625,1903900
2021-05-27,380.84530400042416,381.01967475319685,376.6781371284978,378.8076171875,2041800
2021-05-28,378.8075867307703,381.35009417565357,376.3476567859423,378.0916442871094,2367900
2021-06-01,379.75304871780634,379.75304871780634,372.80471699457735,373.3187255859375,2199600
2021-06-02,375.53993202815104,375.53993202815104,371.3268550579327,372.5201110839844,2232900
2021-06-03,370.363127245422,376.10904247066054,369.75732546031105,374.45684814453125,2281200
2021-06-04,377.2105355237652,377.24725842859607,371.4187367897734,372.32745361328125,2990900
2021-06-07,373.5390093360215,373.76847845901835,365.9481808313778,367.38006591796875,3353800
2021-06-08,367.811395877271,369.6746836651723,366.0031784270328,368.74761962890625,3051300
2021-06-09,370.2070329739359,372.4558410965932,367.6369905577803,368.1601867675781,1925700
2021-06-10,368.9037394407449,369.7665455728603,365.74624210861344,368.5182189941406,4033600
2021-06-11,370.22549560231965,370.2346553196817,362.359287195445,365.2138977050781,3094300
2021-06-14,364.6722824495395,366.66408656218005,362.6805063482638,366.3795471191406,2674900
2021-06-15,367.11374360720157,368.52728074639526,363.9103647506494,367.407470703125,2845800
2021-06-16,368.1602335887474,370.04186902437164,364.0940478158877,364.62640380859375,3330800
2021-06-17,363.4790315018051,365.3790422528371,362.20316994072584,364.7181701660156,3532000
2021-06-18,356.77713017760334,361.73339620859247,356.7494941560683,358.7025146484375,5521400
2021-06-21,358.702501829984,367.7582887868018,358.5643217272465,366.71728515625,3839300
2021-06-22,369.05718304526965,369.094040441307,366.48694897927135,367.2884216308594,3964600
2021-06-23,366.4869448303646,367.5739990325351,364.1377708253172,364.4049377441406,2942100
2021-06-24,366.9475844165648,370.48513551730696,365.5841418418587,367.4542541503906,3309100
2021-06-25,368.58740903403816,377.68924693817786,367.59245603532463,373.055419921875,16928900
2021-06-28,373.05541135418036,373.0922406392434,366.5883013529441,369.84027099609375,3193300
2021-06-29,370.31012142790047,371.44325453813656,366.17377089464617,366.74493408203125,2458800
2021-06-30,366.22904955259156,369.78501558419646,365.5473141528542,368.900634765625,2875600
2021-07-01,370.36533608226915,373.29486636528526,370.16266258454107,373.0000915527344,2678100
2021-07-02,373.1843651459243,377.587882453131,372.0696748374066,377.1180419921875,1982400
2021-07-06,376.4824391803242,378.77631337263375,373.75555378213716,377.94720458984375,2615300
2021-07-07,378.0300882069186,379.7159416857572,375.12819359785925,379.2369079589844,2270400
2021-07-08,376.4271371335692,378.4722871149709,373.1751673281019,377.66162109375,2032300
2021-07-09,380.03842170064473,380.70171437838513,378.29729599280176,379.6514892578125,2078900
2021-07-12,378.6472783103537,383.60354384639703,377.9932071233682,383.27191162109375,2802600
2021-07-13,383.5852255661976,386.6345222308972,382.9679835065502,385.5751037597656,2948900
2021-07-14,387.6293753530668,389.25076353159096,380.7938038634355,382.0743103027344,3538700
2021-07-15,379.46720070983633,388.5137658749012,375.1281769985019,386.966064453125,3546500
2021-07-16,388.17293804001247,389.02971098467276,384.7459587172132,386.6437072753906,2625400
2021-07-19,384.3774583683148,386.4871019421351,374.76894966984383,376.84173583984375,3611300
2021-07-20,378.6288549068995,384.82879737226267,378.2695585571798,380.4436950683594,3186700
2021-07-21,384.2116195749252,384.3682424464585,378.47229519704496,381.98223876953125,1863700
2021-07-22,383.2534418357547,383.99964240401493,381.14382695213214,383.02313232421875,1421900
2021-07-23,384.98540873606123,386.31199389179835,383.2258405348549,384.8011779785156,1611700
2021-07-26,383.9996948968188,384.77355970164666,378.53675928375065,380.9688415527344,2232600
2021-07-27,379.550101062366,382.5533462953934,377.2101483926467,382.40594482421875,2630600
2021-07-28,381.8439583258526,381.8439583258526,374.7596353242244,376.9429931640625,2446600
2021-07-29,378.88680007135054,380.08439834131667,376.25207263184296,379.623779296875,1597300
2021-07-30,378.4078685513492,381.1807768300473,377.9380280027022,379.75286865234375,1864200
2021-08-02,380.9964823728696,383.6404314618047,380.2963323568044,382.8389587402344,1806500
2021-08-03,383.0692939937151,388.8915264526644,382.3875585745477,388.67041015625,2496500
2021-08-04,388.80855746526316,390.29176553464436,386.65286352633683,388.3387451171875,1995400
2021-08-05,388.81781027310217,388.9928477882456,375.7638801242982,378.803955078125,3598600
2021-08-06,379.55937057022487,383.94444540941083,379.55937057022487,382.4244079589844,1944000
2021-08-09,382.26782307719736,383.4470069126208,378.03012150447057,378.5091552734375,1509800
2021-08-10,378.1775411494985,381.070214774034,376.3903366096289,379.3475036621094,1441800
2021-08-11,380.4989986399772,381.3281073667198,375.4137740838593,375.6256408691406,1542600
2021-08-12,374.9439354130281,376.53768756910097,372.4565811069654,373.98583984375,1939900
2021-08-13,375.01762438926977,377.7537028970831,373.94901284518386,377.4036560058594,1537800
2021-08-16,377.5602112946445,384.5432116841402,375.247894717617,384.3497314453125,2377500
2021-08-17,384.2484871421042,389.2231681656901,383.8155040316573,388.55987548828125,2258000
2021-08-18,388.1636994533588,388.38478761250974,384.23921594468595,384.45111083984375,3037000
2021-08-19,382.6639302059168,394.61239085290924,379.91863023316813,394.1886291503906,3204500
2021-08-20,394.61233357480086,397.38524105270216,393.2857485026405,395.8652038574219,2401900
2021-08-23,396.6482370036536,396.6482370036536,391.4340264714632,391.8577880859375,2375900
2021-08-24,392.0052921432544,392.3922245804937,388.50459801986824,390.0614929199219,1619300
2021-08-25,388.62433868784024,390.25492017408106,386.4133726397629,386.6805114746094,1939000
2021-08-26,386.70815781987307,388.2005873532783,383.8154844258523,384.0181579589844,1385400
2021-08-27,385.08675086174895,387.2424446626987,383.3455973413919,385.7776794433594,1621600
2021-08-30,385.7776410482838,387.44507961016615,384.97616847161635,385.3538513183594,1284200
2021-08-31,384.1563091375688,387.6017308273723,381.59526820121,383.4837951660156,4249100
2021-09-01,383.7325286311361,386.80023915466296,378.8499497998685,384.4787292480469,2034400
2021-09-02,386.14617683835525,390.9734556292613,385.29862539104215,390.3377990722656,3137400
2021-09-03,388.69800380757863,390.6049735152504,387.48196270871915,389.55474853515625,1604800
2021-09-07,387.1963813062269,389.0020283134474,384.6906124259205,388.0623474121094,1920300
2021-09-08,388.01626526788726,389.5639384793964,381.5768201498173,382.673095703125,2262500
2021-09-09,382.62707805625104,387.12272505792276,381.328128795312,381.8992919921875,3508500
2021-09-10,384.1735028006288,384.5802726537161,372.18310230597245,373.4034118652344,4215800
2021-09-13,377.1659809048185,385.3290537447194,375.75154030763935,383.2120056152344,3068200
2021-09-14,386.0501629491139,386.0501629491139,380.29994741269286,381.381591796875,2879800
2021-09-15,381.36308426689436,389.59090558705117,378.5711896790472,385.9854431152344,3180600
2021-09-16,387.9731438967826,391.4214061095502,383.6188608313116,385.35687255859375,2262700
2021-09-17,383.6279849622369,389.2857466989381,383.6279849622369,388.4259948730469,4534200
2021-09-20,385.4308133228634,387.63103261130215,377.8501329227336,381.529541015625,2799800
2021-09-21,383.66500711227656,387.15025524535287,381.07646943908367,381.1966552734375,2382200
2021-09-22,374.3556115385362,380.8823801649338,374.3556115385362,377.8316345214844,3629400
2021-09-23,378.8484934822555,383.5170925208065,376.7314735905786,377.2121887207031,2681600
2021-09-24,376.20457298791814,377.08283252135135,374.62373404037993,376.333984375,1950400
2021-09-27,377.0272898820085,381.02101449115275,374.3740605545077,374.66064453125,2608600
2021-09-28,372.1922856797037,373.48654032543305,367.03371816029147,368.51287841796875,3115400
2021-09-29,367.0152726602028,371.4989661425339,365.9058953116911,370.167724609375,2056300
2021-09-30,371.16615985130403,373.0151033810525,360.969237413247,361.22808837890625,3779900
2021-10-01,362.023136665381,363.95527920386274,354.1836062047612,362.7904357910156,3146600
2021-10-04,362.0417094791624,365.3050944146879,355.69984528773233,357.7799072265625,3074800
2021-10-05,359.93378860689074,366.10002692220564,359.8413357994197,363.7148742675781,3269400
2021-10-06,361.2373105317033,364.96293028980756,356.6981511776375,364.47296142578125,2809200
2021-10-07,366.7934200848032,377.34164612421046,366.7471795697796,374.13372802734375,2813700
2021-10-08,375.7145853176249,378.21989598070957,372.2293368095656,377.6097412109375,2012200
2021-10-11,377.1844326061782,380.16123244299706,373.6806771586563,374.4017639160156,2164200
2021-10-12,374.51272366089376,377.5357642309996,371.924214138839,372.7839660644531,2415700
2021-10-13,372.87645597789344,374.6976665697449,368.04145826129263,373.0705871582031,3021800
2021-10-14,393.5106176980839,400.75847226541845,386.2442556411087,388.61090087890625,6038800
2021-10-15,390.1733092073258,397.97585340239107,389.6648610058973,395.7386474609375,3312000
2021-10-18,395.6739133997051,395.6739133997051,391.82810749142493,392.5491943359375,2232800
2021-10-19,394.5922704361612,395.5075166667021,391.4213390581082,392.32733154296875,1616800
2021-10-20,394.7494806947506,402.63522446162256,394.6015618129545,402.22845458984375,2764000
2021-10-21,402.60747889737894,409.0787816580716,402.21918831817527,408.8753967285156,2465100
2021-10-22,407.5441662589508,415.35596466290724,407.19286244253965,415.23577880859375,2736200
2021-10-25,416.0122916271751,418.45291061345466,412.7211744215357,415.5408020019531,3553500
2021-10-26,416.4652387990623,423.1399254684493,413.78427656505835,420.30181884765625,3103900
2021-10-27,420.30185229138175,425.663777186042,419.2294616699219,419.2294616699219,3520400
2021-10-28,418.78575975461575,423.31566630369343,418.34200309766214,421.0414733886719,1672600
2021-10-29,420.0892315029381,426.54205478477104,418.8411889378984,425.6915283203125,2497800
2021-11-01,426.9395567430904,430.58197774959245,417.10316363387034,419.8118591308594,2203100
2021-11-02,421.79955745242165,421.9659556231231,416.36365817502843,417.8982849121094,2600000
2021-11-03,416.40059061334796,422.96431766629576,413.2758714900381,422.7886657714844,2438200
2021-11-04,423.0383021956641,423.87957492091726,418.0091733362729,422.2617492675781,2517300
2021-11-05,423.25081478548293,426.66211720273753,420.2462821240215,421.3833923339844,2905000
2021-11-08,422.3449159348848,429.1305350546673,419.9967498386894,427.6791076660156,2279900
2021-11-09,427.6791265785424,429.38940499899013,425.52511976369675,429.2784729003906,2657800
2021-11-10,430.23998162037617,430.8038959249046,422.141598926446,425.16461181640625,2818200
2021-11-11,425.25697375911375,426.0427803314134,421.041385145817,422.8441162109375,2246800
2021-11-12,425.876467920357,426.18153122328823,422.55758908652535,424.3233337402344,2609500
2021-11-15,423.4081005894063,423.6022317752898,416.4745618242959,416.75189208984375,2849600
2021-11-16,418.77650697450855,423.73169091101295,415.4299232902726,415.6610412597656,3383800
2021-11-17,416.3728370103722,419.6731796527429,414.8382105493935,415.0415954589844,2281500
2021-11-18,414.83820829953135,418.6100405329149,413.34054040286384,415.5223083496094,2073800
2021-11-19,414.28350703519004,415.50381644904525,406.30531175786797,406.7675476074219,3536100
2021-11-22,409.3746491722489,410.23440125906455,404.35477357970757,404.4934387207031,2598700
2021-11-23,403.07897794506687,413.7196296905751,403.0697241985766,413.3591003417969,2857000
2021-11-24,412.9060565173726,416.91826033791205,411.9815848109081,416.1601867675781,2248800
2021-11-26,411.3159690228386,414.32972763772847,405.11274348442186,406.6843566894531,2480600
2021-11-29,410.05872258894243,418.85968425251394,407.2760533530644,417.86126708984375,4079700
2021-11-30,413.2943502199847,417.26034204142763,407.9231714545574,410.6688537597656,7435400
2021-12-01,418.68400465602076,421.4851527979237,410.5948772249733,410.7797546386719,4325500
2021-12-02,409.679656295335,414.06167163830827,406.04648903632034,412.3328857421875,4738700
2021-12-03,415.30081211478034,421.4871623868393,412.889368742488,416.7384338378906,3038300
2021-12-06,419.3632140832814,428.2949178404609,418.7788927825829,426.7460021972656,4721500
2021-12-07,429.19457157091944,431.9770323266466,426.85731472578425,431.031005859375,3105200
2021-12-08,432.29241294468505,436.0765757597683,428.9534540798049,434.8615417480469,3228300
2021-12-09,434.55543771756965,440.0739961146581,433.4702655865445,438.99810791015625,2977400
2021-12-10,437.77380950785613,443.7839347094189,436.8556065496402,443.55206298828125,2572300
2021-12-13,442.4298492063338,445.43492640587846,439.6381325162615,443.4686584472656,2724800
2021-12-14,444.9619112981428,448.0133516115053,442.5782627915569,444.69293212890625,3018000
2021-12-15,445.7502367372304,459.47703236486717,445.32360066275226,458.531005859375,4188600
2021-12-16,458.1878484827395,460.92391806966,454.57062664515524,457.1212158203125,4080800
2021-12-17,455.78563505850707,457.3716297677193,451.11109305252637,451.79742431640625,5707200
2021-12-20,447.0486967115044,449.8404414061342,440.7974439104139,448.65325927734375,3145600
2021-12-21,451.7046956208279,453.5411300179387,447.2342299203288,451.88092041015625,2536000
2021-12-22,451.8252340829817,459.52339227458947,450.66587546719626,458.2991027832031,1687500
2021-12-23,459.1060770133605,462.02765547887765,457.0748781658379,459.4585266113281,1706500
2021-12-27,462.5191780411311,464.02170234737366,460.6271250727209,463.27972412109375,1349400
2021-12-28,465.59843590586553,468.67769928704536,464.1144511663502,466.47027587890625,1495500
2021-12-29,468.1768754994235,470.4399459895203,465.5984628334484,468.9188537597656,1573900
2021-12-30,471.0984074719257,472.30415740718087,467.1287647298489,467.8522033691406,1309800
2021-12-31,467.5833065065998,470.115327883968,465.63557815924645,465.72833251953125,1695400
2022-01-03,463.74348513683725,466.4331916896997,457.2974393715728,465.858154296875,3033600
2022-01-04,466.71148264276826,467.22158918502777,455.2848356933039,455.3033752441406,3908100
2022-01-05,458.89271260721455,460.96101871587734,454.18109130859375,454.18109130859375,3921100
2022-01-06,445.19373382784397,449.03354336834366,429.5377496594866,435.59423828125,6555200
2022-01-07,433.7764041028803,434.03609933477014,422.5166981599138,425.3455505371094,5494200
2022-01-10,422.9340206023186,432.0790277247227,421.487143322525,431.2814025878906,5831800
2022-01-11,433.3218983987541,436.33623087520937,427.26540997055474,434.9913635253906,3332800
2022-01-12,434.9636076081077,440.85315609933156,432.5243121118554,439.3691711425781,3502300
2022-01-13,441.38183938396145,441.99395594768555,432.19043903925154,433.5352783203125,3005300
2022-01-14,435.8169142663625,438.85907073325427,431.35567540547675,434.70391845703125,3665400
2022-01-18,431.43917332820894,431.93999596726064,425.11370471003374,427.562255859375,3938800
2022-01-19,434.06390098084205,441.01076931298144,428.0445196166105,428.98126220703125,4030900
2022-01-20,430.70638914092507,437.4306694467916,428.4989656979785,429.42645263671875,3228600
2022-01-21,429.8902192412342,436.65160731382736,427.636432651922,427.72918701171875,4273200
2022-01-24,424.85396137343787,430.48381405103265,415.6347386656214,428.7493896484375,4780700
2022-01-25,421.14400610426065,426.1709695217541,414.8370778625959,423.713134765625,3428900
2022-01-26,425.2064645851604,430.24271265346584,420.5690291694848,425.1878967285156,4435900
2022-01-27,424.86324876035036,434.6946169974098,423.87085914392287,428.1280212402344,3508100
2022-01-28,427.9424643888744,432.46860514181304,422.08074019065367,432.2645568847656,3364400
2022-01-31,431.2814676799886,438.86830476992947,430.7249698026958,438.30255126953125,3500500
2022-02-01,440.556257308768,440.556257308768,429.1945433044893,434.4441223144531,3148600
2022-02-02,435.0470537179995,447.03019831568116,435.0470537179995,444.9897155761719,3026800
2022-02-03,462.4913338264511,463.9103876414538,448.5048439252,453.3277587890625,4370900
2022-02-04,446.81683669650715,454.1254383672727,445.36995932362674,448.1338806152344,3066400
2022-02-07,449.7477090696987,451.92730910552814,446.3994663966468,448.6254577636719,2937200
2022-02-08,446.44585710172566,459.72747725857465,446.44585710172566,457.63134765625,3534700
2022-02-09,460.960990436008,464.606007168874,460.30248266068827,461.9812316894531,2818100
2022-02-10,456.54623217470885,458.3826667867001,449.8961656475454,451.426513671875,2626100
2022-02-11,449.534409868166,454.8674603257924,441.89192574811887,443.4593811035156,2493800
2022-02-14,440.65829416064423,443.09758927341005,435.29742092946833,439.9997863769531,2549500
2022-02-15,441.42811009735755,446.2788766932321,440.7417788602792,443.55206298828125,3001000
2022-02-16,441.02002764986094,446.7982813143181,437.2173256411605,445.2400817871094,2651800
2022-02-17,443.49652336129157,444.5353043946182,434.88944412202176,436.2342834472656,2403100
2022-02-18,436.1508272317965,440.48220462613983,432.9788087615143,433.88775634765625,2992300
2022-02-22,430.1962766920633,433.31264768655774,424.62209914780163,428.9720153808594,3029800
2022-02-23,433.31267925464175,433.8042462613386,425.5681566886634,426.2915954589844,2840300
2022-02-24,416.92394580514065,423.4812856844021,413.41804607938866,422.8320617675781,3933000
2022-02-25,423.5369159547897,441.27974608412313,423.1473872809721,441.2519226074219,3314400
2022-02-28,432.0697810831825,442.6987731070883,431.8471649784426,441.3631896972656,3918300
2022-03-01,436.74432099708736,442.37414498234125,433.8134589893494,441.71563720703125,2917600
2022-03-02,443.51496070870894,451.8438032178183,443.2367259619925,450.18359375,3675900
2022-03-03,450.7586942548067,455.74857897921214,447.25279443167784,451.305908203125,3139400
2022-03-04,445.83373519060905,463.42816498494915,442.86576542283717,462.49139404296875,4170100
2022-03-07,463.7434908745,463.7434908745,447.9947517347257,451.5655822753906,4123300
2022-03-08,444.0807988087916,449.3582025135224,437.32869405595045,439.1280212402344,3849500
2022-03-09,447.58662761199867,452.3539239905979,439.2485292174724,450.3598327636719,3115500
2022-03-10,444.57228751777194,457.9095537943621,443.18105715464486,455.8041687011719,2834800
2022-03-11,453.7948487854779,459.34833232640153,448.846038468435,449.180908203125,2615000
2022-03-14,456.1855878767482,461.0134923308303,451.4228064503004,453.8786315917969,2704100
2022-03-15,455.8135253468861,465.06003056071063,453.31119984482666,463.1716613769531,3043000
2022-03-16,464.957634376394,470.23205988319705,455.82278190994134,463.4971923828125,3497100
2022-03-17,461.39479479724093,471.7389638803882,460.63199820230113,471.64593505859375,2357200
2022-03-18,473.246009594549,475.05066114862916,466.5669535974646,470.8088073730469,5065600
2022-03-21,469.7762858941021,477.2088275547651,469.17161262213966,472.24139404296875,2617700
2022-03-22,473.73903399635515,476.1390474081092,469.61811484519893,470.06463623046875,2752500
2022-03-23,467.2274405748743,471.6832581266467,466.35302055289606,468.1204833984375,2753200
2022-03-24,469.76699931732776,479.7949241001908,468.7065215736163,477.63677978515625,2789200
2022-03-25,478.3157684821563,480.49253531606604,473.7111109011836,477.2367248535156,2551100
2022-03-28,478.4366912056905,481.05995095479943,473.3111063495003,477.39483642578125,2643000
2022-03-29,481.0227717858604,483.33909632678035,471.9065128142759,475.09722900390625,3478400
2022-03-30,479.17160278620656,484.83673841225027,476.72508904958636,484.4832458496094,3041200
2022-03-31,481.02275598604996,485.4786018570805,474.11117013621276,474.3902282714844,3979700
2022-04-01,475.05067941460663,478.86466314298804,471.2553468757269,476.82745361328125,2344100
2022-04-04,476.4739137412221,476.7250376467757,469.329713995832,474.4366760253906,2657500
2022-04-05,474.4181425631087,488.12043662972684,472.55767925893963,481.6367492675781,3268600
2022-04-06,482.0645744363411,496.2971628045162,481.85995074488716,494.650634765625,3955600
2022-04-07,493.02267297717543,500.7250167059955,491.5250139555123,499.48779296875,2867000
2022-04-08,501.39498098883973,510.66936553643274,500.557749589993,507.8694152832031,3986700
2022-04-11,505.67402046064063,509.40425933359927,499.19964300004375,499.9438171386719,3574000
2022-04-12,498.0553169344452,503.0041562666593,493.74839650692707,496.4739685058594,3575700
2022-04-13,496.11111736209506,500.7250864785754,491.7390175428054,499.53436279296875,3012000
2022-04-14,500.9296230090279,514.6877253628795,496.80870460417765,497.5063781738281,4211300
2022-04-18,500.37160680543417,503.25530209190083,493.37624691460934,496.818115234375,2087100
2022-04-19,498.50189076563714,504.63208601411895,497.8972174360425,500.18560791015625,2207600
2022-04-20,504.3159008936696,510.1019156572411,501.39495930393474,507.9158935546875,2986300
2022-04-21,507.44148371962393,509.76706338836647,498.63221518731393,499.9438171386719,2539900
2022-04-22,494.93905058032897,496.13902897196266,483.887894010451,484.5948791503906,3453300
2022-04-25,484.09254367785076,489.5436871860527,476.0274232761392,487.6925354003906,3030400
2022-04-26,487.6646350424421,489.5437211591751,477.683267526076,477.9344482421875,2895300
2022-04-27,478.9855122887698,484.5576470805096,474.2506653968251,477.9622802734375,3353700
2022-04-28,480.70651237214037,489.5623357719762,477.3669557957764,487.8320617675781,2582700
2022-04-29,482.6506491500733,483.62743776408735,471.5902100459515,473.06927490234375,2873200
2022-05-02,475.17164948350006,477.68328641342026,458.920500648912,466.18560791015625,3184300
2022-05-03,466.1669573574819,470.2506592416046,462.77161775993494,464.7622985839844,2763400
2022-05-04,464.65071653965936,474.2041855167506,458.68792816203984,472.2041931152344,4002600
2022-05-05,471.8227770892901,475.04139896865274,455.0972305509819,460.2041931152344,3359700
2022-05-06,451.1716287936813,466.57626152474717,451.16231739356596,464.7622985839844,3260300
2022-05-09,456.185610807555,460.12050103907507,450.63212653495293,452.4833068847656,3862700
2022-05-10,459.3576424612006,461.7204385625254,447.553001742845,453.9623107910156,4275500
2022-05-11,450.59489787150335,465.5995097172859,450.59489787150335,452.2320861816406,3936300
2022-05-12,452.18557447678563,452.92046537010316,438.52978176321886,445.3948669433594,3997600
2022-05-13,447.4228159546952,453.0228001016247,442.61350597606025,451.534423828125,2453400
2022-05-16,451.54380144776394,460.98564812194263,450.3717003473761,455.0879821777344,2338800
2022-05-17,459.5344950621229,460.20426307305394,454.38100309991535,458.16705322265625,2289000
2022-05-18,454.1948984679466,455.07860147117776,435.6832665761735,438.4925842285156,3240500
2022-05-19,431.925145434005,447.9809236242715,431.00419684138615,445.1623229980469,3813800
2022-05-20,447.7949172991199,453.46002465467274,439.3577094000513,451.8414306640625,3068200
2022-05-23,452.3622712234029,461.1529416154426,452.3622712234029,457.748291015625,2279800
2022-05-24,456.5484412266077,463.32981013594514,454.5670430886623,462.8460998535156,2658100
2022-05-25,463.7390736082673,467.26465952322104,456.98561110906917,463.3390808105469,3161600
2022-05-26,466.73441377449814,471.8693105937416,464.56698654510615,467.19024658203125,2705800
2022-05-27,456.74371877441024,471.729736328125,455.24605951444084,471.729736328125,3349100
2022-05-31,468.483264552825,468.9390689824041,461.07862848030396,462.1204833984375,4003100
2022-06-01,463.55300118405677,466.39950750741036,453.74835252116395,458.185546875,1765900
2022-06-02,459.53445710131,461.534449566881,449.27400264610293,457.9158630371094,2093500
2022-06-03,454.259998007154,457.3669966237228,451.0693103391659,451.7297668457031,1756900
2022-06-06,455.28325280198396,459.1902369428026,452.362340291027,455.9809265136719,1781500
2022-06-07,455.3483556943707,462.8925201367393,453.134400005028,462.4181213378906,2341900
2022-06-08,459.53437792538966,463.16227523132846,454.4646047082968,459.09716796875,3268100
2022-06-09,458.49254393665336,461.82276048939707,453.59020536024235,455.2832336425781,3148800
2022-06-10,450.9762692267567,455.9623253747068,447.37627746970185,450.8181457519531,2599900
2022-06-13,441.98096052653506,447.75769102128453,434.660042113707,436.9298095703125,3764600
2022-06-14,434.8832862081564,436.4460685304011,425.506563886272,429.5344543457031,3814200
2022-06-15,431.8135724833606,436.29726776433824,424.6507769386661,431.9344787597656,2550700
2022-06-16,423.2710996106317,427.3880540095639,420.73184525878423,425.7823486328125,3135600
2022-06-17,420.79725559845605,430.79555845320874,419.8170404421762,422.02020263671875,5277400
2022-06-21,427.388026486847,452.8832450757205,426.7252147343153,448.4022216796875,5726800
2022-06-22,444.10798226914306,462.96568562417764,443.00640116053114,457.14031982421875,5061000
2022-06-23,462.06001218717626,470.116514787498,459.2686817679147,466.5970458984375,4687700
2022-06-24,466.25169831119763,466.55044081812474,454.2275830590911,462.7042236328125,15861100
2022-06-27,460.08087128598277,477.8743387350959,459.8474840714152,472.0583190917969,3907100
2022-06-28,478.05181877814596,484.14786451298767,471.51694686604077,474.6536865234375,4978200
2022-06-29,475.03648145127875,484.2319460981551,472.38520533551974,481.4406433105469,3823400
2022-06-30,479.42407942237736,482.01002839583333,475.8485992738923,479.498779296875,3568900
2022-07-01,478.27583510955697,483.13964595880685,468.93100041314557,483.0182800292969,2426600
2022-07-05,473.90683068746694,477.04354166998877,459.5394978220195,471.6662902832031,3029600
2022-07-06,472.03971796443307,483.0275506675313,470.7887372655261,481.0484313964844,2506700
2022-07-07,481.01115774095643,482.92492193629994,478.19182131955546,480.198974609375,2385400
2022-07-08,478.26640732305856,493.2591995203009,477.052805218337,484.16644287109375,3092100
2022-07-11,480.64700214097616,486.8177470693374,477.79968921908346,482.59814453125,1743600
2022-07-12,479.14409159568817,484.6427096535759,476.68885282224943,480.236328125,2706500
2022-07-13,474.3081922379563,477.8463220249088,467.88537130479165,467.9320373535156,3467700
2022-07-14,462.106767367043,472.2731299241525,459.5675128795005,469.04302978515625,3765500
2022-07-15,491.1028697708619,496.63880946274463,481.197926839331,494.54766845703125,5742500
2022-07-18,495.71447834254946,496.797370022837,484.2785040305038,484.8572998046875,3212000
2022-07-19,486.4629679693539,498.36571513770366,485.99619357059504,498.0016174316406,2953500
2022-07-20,498.0016750025643,498.5617815541067,481.45915876893855,484.95062255859375,4327500
2022-07-21,484.8760326219133,487.75132253956326,477.17425331096825,487.7420349121094,2667600
2022-07-22,491.0467641626304,492.5404197409837,483.9518146964905,486.7617492675781,1850300
2022-07-25,491.1308807660385,497.47900337524464,489.38509149367343,494.2862243652344,2337200
2022-07-26,498.3283652830832,501.91321794192413,495.74247371165865,496.2652587890625,2637800
2022-07-27,498.0856905040553,502.11862883985106,492.9511712354132,499.0845947265625,2268100
2022-07-28,501.7732502344299,508.1680951655742,496.4053434058955,505.5074462890625,2344500
2022-07-29,504.1258097267485,507.7106060147437,501.02642017775304,506.3009948730469,2945700
2022-08-01,506.23563306413047,507.5239352389143,495.71451762983224,499.803466796875,2335000
2022-08-02,501.82925935225467,504.61127415032814,496.38665266516443,499.878173828125,2114200
2022-08-03,501.55858261344616,507.4959410253696,500.09290373559446,504.72332763671875,1802900
2022-08-04,503.45360964299016,504.5178691567701,497.35756442397485,498.2817687988281,2368000
2022-08-05,494.78094429164554,499.9154635248607,492.5030825708287,499.50469970703125,2373400
2022-08-08,504.03245850443363,505.33010540013487,497.97373409441775,500.9424133300781,1656400
2022-08-09,504.1165091426632,509.4750718083411,500.7370659915705,501.55859375,2147200
2022-08-10,504.35910452004975,505.96478117193664,498.3377031168755,501.98785400390625,2291400
2022-08-11,502.4733028246739,502.8374005359292,494.47278267834156,497.4508056640625,3006200
2022-08-12,500.01815090850096,508.22408283406025,498.93525917254624,507.5705871582031,1981000
2022-08-15,505.675450072016,510.847347785999,502.7721264764946,508.4481201171875,1447300
2022-08-16,508.98029890079596,511.06209505234256,506.34768373794543,509.8298034667969,1773000
2022-08-17,509.0081612576312,511.3886994077593,505.5820529632954,508.78411865234375,1471700
2022-08-18,508.79358466910963,511.70625319148525,505.8155608747131,508.9895935058594,1486400
2022-08-19,509.2511426838126,516.3741283946381,508.616335997913,511.8837585449219,2258000
2022-08-22,505.414163700786,513.0039224838293,505.3767852698189,508.3828430175781,1672900
2022-08-23,507.1877678389854,507.1877678389854,497.77763583203216,500.19549560546875,2039600
2022-08-24,501.01705996859107,503.9857388887759,499.46739373200694,500.81170654296875,1761200
2022-08-25,499.458043835287,506.00223123533044,495.94789058943775,505.5821228027344,1965800
2022-08-26,506.2263547455471,507.0945485893164,493.11928863870577,494.08087158203125,1906700
2022-08-29,491.04684673018306,497.4883585759752,488.1248333690516,494.56634521484375,1594000
2022-08-30,495.1637487592115,495.79861228349455,487.1165601454529,488.0968322753906,2013400
2022-08-31,486.21098618654344,492.07364414670445,484.6612629726524,484.82000732421875,2891300
2022-09-01,484.8199992761165,489.4223888296748,480.8617607866883,489.1796569824219,2085300
2022-09-02,494.42620761752835,494.58489499036773,479.6668004814585,482.0379943847656,1944200
2022-09-06,485.3800871380913,492.4003933077229,482.57009574904555,483.27960205078125,2711900
2022-09-07,482.64485232306936,488.7129210660093,480.47901171884115,487.01385498046875,2504400
2022-09-08,486.3323118632827,493.37125007138695,484.33450353809104,492.4563903808594,1557500
2022-09-09,494.30119701247526,494.30119701247526,489.3846875297003,491.03289794921875,2495500
2022-09-12,491.65103975183825,501.03456931540546,489.30984432444853,497.5040283203125,2792000
2022-09-13,490.7146300180234,491.8946018232863,479.4487971934052,481.3124084472656,3172500
2022-09-14,481.3497711316288,482.64211555673063,473.95159943121246,477.3884582519531,2648100
2022-09-15,483.50367948496165,494.441737917305,481.4809117381835,489.69378662109375,3058100
2022-09-16,485.58275440674043,489.6095997314643,484.2342233461989,487.9239501953125,3981700
2022-09-19,485.64828677722363,490.71460902233815,480.38522636218363,490.2931823730469,2130800
2022-09-20,490.93932068447094,491.341999450074,482.1083381487094,489.5907897949219,2421700
2022-09-21,491.6791928479713,494.46987968456983,479.4956019225659,479.5517883300781,2427700
2022-09-22,478.56842020946993,487.87698657910755,473.9609352102633,484.5899963378906,2285600
2022-09-23,480.9377456267447,481.967848791049,474.21383896048843,480.98455810546875,2536900
2022-09-26,475.159697761708,480.01064808231587,467.30263177799895,476.06805419921875,2867400
2022-09-27,477.95034887826375,483.9625225974439,471.59165423716,476.077392578125,2583400
2022-09-28,474.3075804553144,483.47571180276077,468.988361533869,481.293701171875,3027300
2022-09-29,482.0709208271608,482.0709208271608,470.5522213532566,476.5082092285156,2392000
2022-09-30,478.6340402955896,483.73782962137494,472.77167729298753,472.958984375,3116000
2022-10-03,474.86941259768776,484.9178352315363,473.29613588347655,482.7639465332031,2562400
2022-10-04,485.4234243346498,491.26709598111916,484.00001641958943,489.937255859375,3189800
2022-10-05,487.90519992148705,495.7247709533419,487.0904683637479,493.5896301269531,2281800
2022-10-06,494.7696036192799,495.00372319777017,483.91579481090787,486.15399169921875,2187300
2022-10-07,481.50892952924914,481.50892952924914,469.23171533435124,472.7809753417969,3273700
2022-10-10,473.4833913942398,474.1482829250015,463.5754358716233,467.1715087890625,2459100
2022-10-11,465.4016233111074,474.63528565927606,463.7253191468699,468.06121826171875,2844500
2022-10-12,470.2337998934278,475.96504186522736,466.56279279998193,468.2016296386719,2254300
2022-10-13,462.1051399090586,480.8533930105895,456.7578292650555,477.5195617675781,3999700
2022-10-14,486.96863445064787,496.2491076999459,479.4112489762603,480.5350341796875,5628900
2022-10-17,484.85227512826884,491.0049445353873,482.54857504759013,488.72930908203125,3282300
2022-10-18,498.20649379626127,498.20649379626127,485.4048504580587,489.03839111328125,2345500
2022-10-19,488.5982464999445,490.5461376369283,481.91177679758687,487.2684631347656,2500500
2022-10-20,489.8248967572728,495.79025814421493,486.76265200030775,487.7927551269531,2390800
2022-10-21,485.1519689469994,502.4487536950386,485.1051564613869,499.8265686035156,2896000
2022-10-24,503.89082543951145,511.7665818504584,503.6379580381802,507.1965637207031,2627100
2022-10-25,503.6286613881215,509.3692781336357,499.9858041182541,505.904296875,2411900
2022-10-26,506.9905642258425,512.852926807594,505.89490075396543,508.6668395996094,2863500
2022-10-27,511.80411825351706,511.80411825351706,505.47351605444607,507.3839111328125,2212100
2022-10-28,510.35250645322037,517.8724539711827,509.15384405773847,516.2242431640625,2761900
2022-10-31,519.7454306917053,522.6484904143123,515.1847861698151,519.8859252929688,2770400
2022-11-01,519.7454039627186,520.3915762107256,509.6501414732875,512.5438842773438,3338900
2022-11-02,509.8281308424738,519.3521563949006,508.57328191746825,508.910400390625,2696200
2022-11-03,507.3276783215975,513.0682941176584,503.9470058215097,509.0788879394531,2245300
2022-11-04,512.3004287219544,512.9653488738793,493.655171423007,503.9844970703125,3513100
2022-11-07,503.98450350431557,512.2068102966987,501.4560006988304,510.3994140625,2540300
2022-11-08,512.3004417327669,519.5581485457163,507.5712377572391,517.9193115234375,2797000
2022-11-09,518.6029934041529,519.380229258796,505.17386909610525,506.31634521484375,2672600
2022-11-10,514.0610087375935,516.6550718302586,500.0325825750913,509.6033630371094,3426400
2022-11-11,511.57934928958736,511.57934928958736,477.2761189505507,488.91656494140625,7034300
2022-11-14,488.8416375598768,495.37823733474215,480.797264389933,481.1156921386719,5238400
2022-11-15,480.23539756122483,483.8221251768408,468.9601916999147,471.05792236328125,5103800
2022-11-16,473.75496503162935,481.471536168263,473.3616316172361,479.0273132324219,3430800
2022-11-17,479.6266091425317,493.50522175011366,479.6266091425317,482.5765380859375,4246300
2022-11-18,488.9540124964672,499.1429002869804,486.463005535779,496.3334655761719,3566000
2022-11-21,495.40627485681017,498.15952267949746,482.6420741410886,484.33709716796875,3349600
2022-11-22,486.91255811192053,491.3327085109676,486.8844363253855,489.86248779296875,2567400
2022-11-23,491.6510264877427,496.745469886625,489.77807019636083,496.0618591308594,2238300
2022-11-25,500.07943539130866,506.49428918055935,498.69346573362577,503.469482421875,1419200
2022-11-28,501.7931190668368,505.3049122409492,497.9160856846746,498.4592590332031,2699900
2022-11-29,497.8974001168972,499.11481047126773,490.38688304314076,494.4605407714844,3751000
2022-11-30,496.07122792987246,513.2650119282738,493.97352580880204,512.96533203125,9688900
2022-12-01,517.2730103808926,517.8723700605668,501.7649359073553,502.8044128417969,2997800
2022-12-02,500.5218582416957,505.95135801112343,500.1554921393436,503.64990234375,2346200
2022-12-05,499.2631353184446,507.614104608475,498.6901363820298,502.5978698730469,2424800
2022-12-06,502.0153751765183,507.81129790604393,501.8462963741702,506.6182861328125,3097700
2022-12-07,508.046165590527,512.8086954404052,506.90951335888184,509.9906005859375,2849100
2022-12-08,511.82244455797627,517.8625551520489,510.8079715506243,514.6968994140625,2272300
2022-12-09,514.7061912455229,515.2322332843661,506.19554773556473,506.50555419921875,2852400
2022-12-12,508.994795680525,512.9683477853722,506.5806785904638,512.7616577148438,2714100
2022-12-13,517.1768741743318,517.5807943083128,502.6542683294822,505.5850830078125,3369700
2022-12-14,509.07015427079523,510.5261588019128,499.3383449735779,505.71661376953125,2654600
2022-12-15,501.6115960078842,501.6867612747965,493.60818644357227,495.6842041015625,2963800
2022-12-16,493.3075864154647,493.9275421307691,484.4493234055731,491.94549560546875,7109100
2022-12-19,492.7908970605658,495.242683488585,489.3434432773801,491.8515319824219,1808100
2022-12-20,495.03591766481685,495.03591766481685,488.1879679325696,488.66705322265625,2086100
2022-12-21,491.87968993588686,495.87199110796234,486.68497406682206,495.5525817871094,2182000
2022-12-22,494.55691808181416,496.93353929845597,490.0010202936063,495.1299743652344,1851600
2022-12-23,492.3211220415266,499.0939636230469,491.1939300269266,499.0939636230469,1292300
2022-12-27,501.5552197768249,503.3494392923338,497.7225939714557,499.73284912109375,1596700
2022-12-28,502.626124529145,505.5193852841132,495.73115900724343,496.40753173828125,1694200
2022-12-29,500.2494181029959,501.32030796674326,496.7925617717547,497.750732421875,1379700
2022-12-30,497.863544439058,498.33322702815144,493.0164453467058,498.0326232910156,1849600
2023-01-03,493.28869931129253,493.75838176585097,481.10510662621886,487.1922302246094,3525600
2023-01-04,487.19236628864815,487.19236628864815,470.2462105686242,473.90972900390625,5070400
2023-01-05,470.6312825125423,471.64578413066266,458.87981682227644,460.25128173828125,5497100
2023-01-06,461.7824663998559,462.98485252995573,457.97804937375975,460.28887939453125,4841300
2023-01-09,462.55275901621314,469.6731336557041,458.91742077060206,460.3452453613281,3702800
2023-01-10,459.20862934167724,460.73039619861856,453.41273413088805,456.53143310546875,3164000
2023-01-11,455.86448997420626,465.54934170395,455.59206607284597,463.48272705078125,4274200
2023-01-12,460.2887788936355,468.4894443969518,455.7986160339709,465.614990234375,3726800
2023-01-13,456.6347856610456,478.6065505855483,456.5314692533395,459.885009765625,5390100
2023-01-17,461.41611334629897,463.05059932197815,454.446012223094,455.66717529296875,4495600
2023-01-18,458.45708833339086,459.8191790845649,445.96354498548965,447.3631896972656,4398200
2023-01-19,448.8943144697703,456.89772201958226,448.44343765038434,454.99078369140625,4549600
2023-01-20,456.08985606989825,457.46132084917866,449.95580418664906,457.20770263671875,3525900
2023-01-23,457.17017880340234,460.3828199100791,452.20095829501395,456.3529357910156,3418700
2023-01-24,469.9268060476582,469.9268060476582,450.8952594642824,461.7919006347656,3036300
2023-01-25,459.61254190137885,465.3238689332974,456.2778073581399,462.6372985839844,3037300
2023-01-26,462.63733777389865,466.34784159447804,460.8337440668993,462.6185607910156,3005000
2023-01-27,463.45449718026896,463.45449718026896,455.0941545631163,456.5783386230469,3177100
2023-01-30,458.2316439659463,465.2205219448703,455.40414610784796,456.3341369628906,3606900
2023-01-31,467.80381462694265,474.8490527990352,463.2291112272742,468.9216613769531,5567000
2023-02-01,469.6355793480227,473.79695973806156,465.61509798539487,466.86444091796875,3451200
2023-02-02,464.29062774704784,464.9857487838632,435.7621127568909,442.2812805175781,11169900
2023-02-03,446.41449153006135,449.74922620358694,441.26676040726574,443.39910888671875,5440100
2023-02-06,443.38032490779995,449.9277007676371,442.450362637095,446.4238586425781,4174200
2023-02-07,442.4785581116452,449.0916679752836,440.5904250300595,447.9644470214844,3394600
2023-02-08,446.63990373572864,455.62963418994343,446.30171740909714,453.91998291015625,3466400
2023-02-09,456.1838592741191,460.0070819534592,453.1496998061584,456.2778015136719,3664600
2023-02-10,459.47161415945146,465.60566655785544,459.11465086717465,464.2811584472656,3418100
2023-02-13,464.0463046561747,469.5603725559331,461.94213625389204,465.314453125,2589000
2023-02-14,464.31875924026224,467.7568387681251,459.4340495065765,462.947265625,2072600
2023-02-15,459.96008394010573,462.0078928375631,458.7765034889295,461.46307373046875,2242500
2023-02-16,461.3691362520512,464.04633236450644,457.7243952896514,457.799560546875,2611500
2023-02-17,457.82768480864524,469.1752005653281,457.79950500739164,468.8182373046875,3891500
2023-02-21,466.5826310690436,470.99762959682164,460.75855630133236,461.5194396972656,2877300
2023-02-22,462.92848018297593,463.9430104734528,459.03952384853693,459.2461853027344,2982800
2023-02-23,457.1513685475711,463.41691696458037,456.4092621801737,461.8763732910156,2511800
2023-02-24,459.894343676496,462.6467051504633,453.7227368822428,454.9626770019531,2940400
2023-02-27,459.13346912251416,461.17190400090897,452.7363950916339,454.0139465332031,3006200
2023-02-28,453.4033582413699,454.05149377631705,445.1839137466976,447.0814208984375,3902100
2023-03-01,444.8926367641828,449.4016058922521,443.380272898635,446.405029296875,2996900
2023-03-02,446.39564178933364,451.2991283257213,444.55449438245313,448.73468017578125,2188800
2023-03-03,448.9601092745227,450.04977611186456,445.4656703365454,449.5425109863281,2863300
2023-03-06,452.18212107448534,454.981439067488,449.95583063283635,451.6278991699219,3812700
2023-03-07,453.69455980787603,454.4836230404956,443.90636299278685,445.1463317871094,2589200
2023-03-08,443.145510774177,446.5648136901438,438.4580878358193,442.06524658203125,3036600
2023-03-09,445.2120208174151,445.2120208174151,435.6304870478348,436.72015380859375,2780400
2023-03-10,436.2582549222619,441.99936008881286,431.37502001313806,433.9580383300781,3787500
2023-03-13,432.37428540088325,443.42285668646946,432.37428540088325,437.1161193847656,2971600
2023-03-14,438.0305657521588,442.923237086554,432.75137953896586,437.9645690917969,3258200
2023-03-15,434.5802612241857,442.01826356613964,432.93051725305156,438.7658996582031,3770200
2023-03-16,438.08711901151463,446.2698704557549,436.5693684632462,444.97833251953125,2940500
2023-03-17,444.38449003595036,444.96896617124065,439.5860663991584,442.6027526855469,5290000
2023-03-20,443.07405612314267,452.331482668463,443.07405612314267,449.63531494140625,3119400
2023-03-21,450.98343157835245,453.8681243130245,448.4663810941679,452.595458984375,3163300
2023-03-22,454.33948437736603,457.91233761760043,447.61795172871956,448.27783203125,2632200
2023-03-23,450.059620173587,453.1328669543934,439.93491417984353,442.9892883300781,3284900
2023-03-24,442.1125634906907,449.55997376685565,440.8021815445224,448.720947265625,2533200
2023-03-27,457.7331857915804,458.4308112984475,451.1719271325163,454.29229736328125,2271800
2023-03-28,454.3866044760192,456.0740648592352,443.7245476559331,445.5062561035156,2369500
2023-03-29,447.89132182780736,448.6172275682005,438.3134052574539,439.85943603515625,3733200
2023-03-30,439.84056390528315,443.460569752505,434.6650622967694,443.130615234375,3324600
2023-03-31,444.50703948844654,448.7303947370205,443.16840610232424,445.5157470703125,3996700
2023-04-03,457.4033342240948,467.7071573221331,455.7912778922502,465.8782958984375,4729100
2023-04-04,464.78472892720646,467.6788581394743,463.6629007148844,464.99212646484375,2624700
2023-04-05,468.89497779049344,482.42285588514756,467.6788727015157,480.0566711425781,4964800
2023-04-06,481.7252751438101,484.77964928689727,478.09583238545116,483.43157958984375,3472600
2023-04-10,481.54612965017145,485.8637614778314,478.9819549732201,485.665771484375,2714500
2023-04-11,486.57074141484117,492.30238136008734,485.70340609516074,491.1239929199219,3065300
2023-04-12,494.90436616595673,496.52585888737315,490.2473718650703,491.3315124511719,3422400
2023-04-13,493.8955458361175,500.06091074256466,490.68092761192855,496.0826416015625,4224400
2023-04-14,492.09503996193274,497.03483537148236,479.3684441008483,482.469970703125,4872000
2023-04-17,479.57582596809783,480.39597973817223,473.94784149809635,476.3988952636719,3660900
2023-04-18,474.8151724048131,477.94495046941734,469.60198270959813,475.5787658691406,3232000
2023-04-19,471.96819369715945,473.2125789564697,455.9232649655931,458.3460388183594,5809100
2023-04-20,457.6578281296343,461.59835249733084,455.5744452491826,459.5338134765625,3283000
2023-04-21,461.96598749983133,462.61646022381973,454.5185782720244,456.1023254394531,3165300
2023-04-24,455.7158265936644,462.13568477410166,454.99935718687254,460.92901611328125,2322400
2023-04-25,464.45475241615407,469.9413362048509,462.47505397217316,463.7383117675781,2937300
2023-04-26,458.03492619446627,459.7601031988191,450.95515834856724,455.2822265625,2930000
2023-04-27,454.5752204352335,462.8522212222148,454.5752204352335,462.3714294433594,2473200
2023-04-28,460.69337887322587,465.66145481749356,460.15602677094233,463.8985900878906,2398900
2023-05-01,466.2554252060646,470.78045522072745,463.63468980399256,467.3018493652344,2105600
2023-05-02,466.8775433427655,468.253893113282,461.24012216465417,465.1241149902344,2152300
2023-05-03,466.07622828325043,467.06609191563246,460.07116490328787,461.400390625,1749700
2023-05-04,459.1472713894609,461.63604164433985,454.339469453058,459.3641052246094,2555700
2023-05-05,465.75567621230806,472.15669033398336,463.84197451851844,465.96307373046875,2329400
2023-05-08,463.8514337495285,466.0290934131813,460.3445483950714,464.398193359375,1738500
2023-05-09,464.60562073851145,470.78980173112717,462.21112707837136,462.28656005859375,2038600
2023-05-10,461.36266431219667,465.19950421062316,459.7035128509385,461.9942932128906,2018700
2023-05-11,460.04289943710194,462.0414418561664,457.83695947817694,460.7593688964844,2384200
2023-05-12,460.759332798528,464.66214049109266,459.80718569886545,463.08782958984375,1536500
2023-05-15,463.2481160918117,463.61578714061307,455.98925964922904,458.96820068359375,2169700
2023-05-16,459.68462248696414,461.18352916359305,451.5678965413841,452.2372131347656,2178900
2023-05-17,452.50117743301854,457.59180992528997,450.1821169540643,457.0356140136719,2682000
2023-05-18,454.4337523139,454.9051077374262,446.7412571188943,451.77532958984375,3040100
2023-05-19,452.10520402703946,457.0261552405692,450.43661637418256,451.3887634277344,2317900
2023-05-22,452.91598180138755,454.57516202561396,450.5309246136874,453.0856628417969,2242800
2023-05-23,448.90002019863516,455.69698575565235,445.4685678591875,451.9732666015625,2874200
2023-05-24,453.07623284017586,455.5932833849865,451.454797850228,453.28363037109375,1904700
2023-05-25,450.2670111449708,454.16981930554067,447.1277677415471,450.3330078125,2684100
2023-05-26,450.672341103359,460.41056017479883,450.61578075459516,453.9341125488281,3135200
2023-05-30,449.3713962253631,458.0349111449375,448.7586399333242,452.35980224609375,3180800
2023-05-31,450.7288978413826,459.4772532008707,449.77675069606687,459.326416015625,4944100
2023-06-01,459.84494427468553,470.205327551048,458.2611681452092,465.3503723144531,3376600
2023-06-02,463.8137671433834,472.31700918408075,462.26770744366365,470.9595031738281,3064500
2023-06-05,472.0153222670472,474.0892688234924,468.9232319073506,469.64910888671875,2688800
2023-06-06,471.26118630503186,471.26118630503186,455.96100638345655,459.6375732421875,3816600
2023-06-07,461.8811605151081,462.3430795934947,454.0095197082693,454.5091552734375,4381700
2023-06-08,456.6397137941198,463.64404837237,454.7919798492458,462.1451416015625,2725900
2023-06-09,461.9188972676807,469.6774182070312,459.3170347885519,465.3409423828125,3174100
2023-06-12,464.0965398801802,466.1233912227887,460.7216476961392,464.36993408203125,2207700
2023-06-13,462.7485044544243,466.32138689474004,460.665121377709,463.1632995605469,3016600
2023-06-14,428.594061266047,434.24088987500687,420.14735160001965,433.5149841308594,14672400
2023-06-15,437.310784287074,446.78606581667157,436.2884898977575,441.0024719238281,6798100
2023-06-16,441.23913762023795,443.49197540174936,433.4676893402824,433.9977722167969,7699100
2023-06-20,432.3507275255426,445.3567368830158,432.3507275255426,444.3155212402344,4597700
2023-06-21,443.89900071097327,453.76235475904133,442.23300954802266,451.2823181152344,4886500
2023-06-22,452.6359520694509,457.36885556815866,452.46557447646154,453.45947265625,3179000
2023-06-23,452.7779215207944,456.51692674164144,451.0930090749429,451.51898193359375,4862600
2023-06-26,452.59803414871897,455.5986782894874,447.73259629765573,453.4688720703125,2968300
2023-06-27,452.58866707160655,457.36888839343675,452.24788297381934,456.7820129394531,3693200
2023-06-28,456.2139640207479,456.36542037862597,448.66026955024756,449.10516357421875,3670100
2023-06-29,449.7014964531035,454.0841692308153,447.8083352627207,450.9888610839844,2979300
2023-06-30,452.46558213624564,456.34656884835726,449.7394250528628,454.9645690917969,3970400
2023-07-03,452.5601775924286,454.5574487349306,450.856315229134,452.3519287109375,1915700
2023-07-05,450.60078005098336,451.79348089907785,445.4513790681403,446.0477294921875,5053100
2023-07-06,444.2776326943438,447.16469211436214,441.7218533910809,444.2870788574219,3913600
2023-07-07,440.15998687740137,443.5771290386301,436.203286831553,436.92266845703125,4131600
2023-07-10,435.4270885906764,438.3614943129963,434.6319643301665,438.31414794921875,4339200
2023-07-11,437.6704793132616,441.5703868694401,436.5062036314727,438.1627197265625,3086800
2023-07-12,438.2668142257176,439.9895978366309,427.1444922664257,427.5704650878906,7287600
2023-07-13,427.85444965713987,430.5995277380898,423.29192403535444,423.83148193359375,7276800
2023-07-14,437.8409070364015,459.0916560735076,435.5312477340333,454.5196838378906,11379300
2023-07-17,455.4093880467676,458.71297405269115,452.7494988165805,458.2207336425781,4582000
2023-07-18,463.1902857154701,477.4742128044274,461.4580558776855,473.2903137207031,8816400
2023-07-19,480.4275603909324,487.16718123868947,475.63786452118484,476.7926940917969,4956500
2023-07-20,479.5945403006134,481.5066227531891,473.79199647918796,477.3038024902344,2963100
2023-07-21,478.07054681739197,483.14423413437964,477.5688602272423,479.47149658203125,2887300
2023-07-24,478.3356320966994,482.5479279399106,477.61625037850627,481.5066833496094,2279000
2023-07-25,482.7561005591037,485.1225520324326,480.18140020062793,483.63641357421875,2730600
2023-07-26,484.2139104348515,488.30311719793826,479.5661956251298,480.8630065917969,3697200
2023-07-27,481.4024813592477,483.22937490339245,476.25308081226694,478.24090576171875,3028300
2023-07-28,478.22198470070214,480.3707411859354,470.715607352242,476.04486083984375,2930000
2023-07-31,476.13009599624706,480.7494144720237,472.4005656967397,479.320068359375,2441600
2023-08-01,480.3896714012426,482.79399429828965,475.64729318444336,477.777099609375,2161200
2023-08-02,482.4626551784854,483.20098687087295,476.1205537763608,477.8338623046875,3220500
2023-08-03,476.0259803125494,478.96983241263564,474.2748002466142,477.8907165527344,2442900
2023-08-04,482.7561428059696,483.60805963345143,474.94685226057896,475.87451171875,2411200
2023-08-07,478.7237006357751,486.1638108645494,477.6919311680045,483.45660400390625,2430900
2023-08-08,476.1300430984036,481.0238775241819,473.30922250326614,478.8372497558594,2422600
2023-08-09,477.07664895576164,478.714243884361,474.12332194134467,475.28759765625,1916900
2023-08-10,477.52148659500045,484.6870793348059,475.92176316998666,476.5843811035156,2179700
2023-08-11,478.6195699953474,483.39034447322365,477.31328410007836,480.8724365234375,2029600
2023-08-14,481.9515012807024,486.0691326217642,481.0995845277734,483.63641357421875,2127200
2023-08-15,484.2517197127629,486.21117749272247,479.22537873596167,479.6229553222656,1817500
2023-08-16,480.86294591717393,483.22939742267187,475.9691114933714,476.6601257324219,1454100
2023-08-17,469.01184982123164,474.4546892429545,465.54736074022657,467.5730285644531,3009500
2023-08-18,468.34914074242715,474.18008061315146,467.1375187489875,471.8136291503906,2364400
2023-08-21,470.9333357519955,473.52695741924595,469.7122386578992,471.09423828125,1533500
2023-08-22,468.9550048833077,470.25181576994436,465.083464549867,466.0395202636719,2079400
2023-08-23,466.6642583818276,467.61083902763255,461.8650875746329,463.29443359375,2011400
2023-08-24,465.17816314529153,468.9550399170959,461.1835912925868,462.02606201171875,2311100
2023-08-25,463.7487979545802,464.9130736490953,458.7602995143652,462.99151611328125,1923500
2023-08-28,464.28835649153126,466.72107581402463,463.00102061047124,465.0361633300781,1344500
2023-08-29,465.2160210385175,466.6074958327444,461.902988565344,466.50335693359375,2113700
2023-08-30,467.60131565529,470.1760159013038,464.09898496015205,465.2727355957031,2283400
2023-08-31,466.0584406080469,467.44046917266263,450.8469113328508,451.12139892578125,4927700
2023-09-01,453.4121937797044,454.9740462897839,448.07346431269457,450.79962158203125,3165900
2023-09-05,452.46553800520996,458.7129758973959,452.0301190068842,455.12542724609375,3443300
2023-09-06,456.3370425645503,457.3498907496725,450.93207537279613,451.462158203125,2596100
2023-09-07,454.26402890307884,461.08886701184326,453.0334856651762,458.9117431640625,2928000
2023-09-08,456.3080505945958,458.9497878594009,454.9396657811912,456.85919189453125,1858400
2023-09-11,458.0090264495307,459.7765065538119,454.22695890408164,455.538330078125,2059200
2023-09-12,453.6377813946292,459.58645312897204,448.63937522808277,456.0324401855469,2195200
2023-09-13,457.48638276359037,459.96659117830137,455.61435828192026,455.9754638671875,2197800
2023-09-14,458.6266421853605,461.1353280215274,454.9681142161406,459.54840087890625,2334300
2023-09-15,461.5820477866145,465.4591480484763,460.0616458798057,462.49432373046875,5334300
2023-09-18,464.11920775700816,464.43278263332525,459.54843271253935,461.8860778808594,1997500
2023-09-19,459.70043693617856,461.57246108790787,452.83951902474354,456.7546081542969,3230700
2023-09-20,458.7407095267081,470.48597819561644,455.3102646969685,467.6542053222656,3724800
2023-09-21,469.6117678465341,480.0171879583964,468.5569579311785,476.21612548828125,4703900
2023-09-22,474.1824913764175,484.0937537251945,473.26073266805844,480.92938232421875,4558500
2023-09-25,482.9820241374317,485.5287290962169,481.43308650211054,484.90155029296875,2758500
2023-09-26,483.62818530058905,484.08432323655126,479.2949764082664,480.311767578125,2420200
2023-09-27,481.0530018277251,481.1765120053118,476.13060360434105,478.6773376464844,2593700
2023-09-28,480.80586734080254,488.57906167418645,479.89362052165313,484.73046875,2922000
2023-09-29,484.4929479828333,484.52145479237225,478.74382339415604,479.11444091796875,3006200
2023-10-02,480.3877407503915,489.23473967159197,478.11662117326415,488.9781494140625,3550400
2023-10-03,487.7713098255243,488.4174834589267,483.076995547929,484.1318054199219,3143200
2023-10-04,484.15077417172074,486.3649090899794,481.4140048134247,485.2245788574219,2801700
2023-10-05,486.1748621888658,492.4371377622522,485.8042736995848,490.5555725097656,2790700
2023-10-06,490.76468623686685,499.79220953835005,490.3180312400489,498.7088928222656,3647200
2023-10-09,495.23096142799244,500.66645304834384,494.37569915224765,500.3243713378906,2341600
2023-10-10,500.31484589624023,501.87329542349676,497.06495373543754,498.167236328125,2455700
2023-10-11,495.0123401668502,499.4501222790597,494.3566545827933,498.0627136230469,2819300
2023-10-12,498.3857966870661,502.2914325809943,496.27623478781067,499.402587890625,2377300
2023-10-13,506.7290860681661,517.3815833752607,505.54125417396034,512.5732421875,5245400
2023-10-16,516.1652563296537,519.5862472541705,509.45638358276403,511.27142333984375,3827600
2023-10-17,513.0863746993623,515.4525265988615,507.98345342223394,509.96002197265625,2586000
2023-10-18,516.0322189814967,516.9254709800862,508.7722337584959,509.3993835449219,2551400
2023-10-19,510.1215471530544,511.5659693139367,502.92803015386744,505.1896667480469,2351200
2023-10-20,504.5910385924033,507.85044267269865,500.57143362450853,500.8185119628906,2811100
2023-10-23,500.818506450476,501.5312056496829,494.41366759393173,495.6300354003906,2357700
2023-10-24,496.8558829248661,504.27745531772575,496.10519394260785,498.88946533203125,1978200
2023-10-25,501.0466703107042,505.8834907855913,494.21425684256286,503.8404541015625,2380100
2023-10-26,499.55471608722536,504.08744427237434,496.53287796391993,502.0823974609375,2675800
2023-10-27,499.8302147560676,501.49317962624195,495.33547683827214,498.56634521484375,2585600
2023-10-30,498.8894702693291,505.3702890144956,496.9319253345425,503.63128662109375,2555400
2023-10-31,508.39204797019585,509.9884870674208,505.18014590566816,508.9241943359375,2464200
2023-11-01,503.6217681422209,509.1808569670594,500.5999303500843,505.16119384765625,2747400
2023-11-02,505.54137077675955,510.14068245177833,500.742540417242,509.4659729003906,2350900
2023-11-03,507.98346051552346,509.32330941721943,502.5004097484257,504.4960021972656,2739500
2023-11-06,505.1897390519265,509.3614192323315,503.6883030645207,506.9287414550781,2684900
2023-11-07,508.73405218027386,512.8107277182188,505.08506565633996,511.08123779296875,2604800
2023-11-08,513.143305544007,514.4737002767373,507.57476433337695,510.0359191894531,1769200
2023-11-09,510.8627203066517,514.0080968575874,507.89789652448417,512.193115234375,1819600
2023-11-10,515.6901977397335,515.6901977397335,509.361453518097,514.2933349609375,2480800
2023-11-13,514.2362713629797,517.0870682667761,511.15736198720595,515.5856323242188,1507900
2023-11-14,512.221693559922,515.6806162598438,509.8270056910759,513.58056640625,2454000
2023-11-15,513.1909263124674,513.5805676887287,505.2562317425334,511.6324768066406,2473700
2023-11-16,511.6325659336853,517.7617917288791,510.7393137929946,512.9724731445312,2360300
2023-11-17,513.400077953896,513.6376443833636,502.0634148996522,509.61798095703125,2676900
2023-11-20,507.0712046234901,509.66546910890037,505.351226235535,508.4870910644531,2518400
2023-11-21,511.0243548474054,514.730355920822,507.62238772905476,512.7538452148438,2115700
2023-11-22,515.9656227756833,517.3245534594761,513.3904404299556,516.7163696289062,2234500
2023-11-24,517.8281987871027,520.3559376278591,515.8136404626835,519.8902587890625,1135000
2023-11-27,519.8903153617312,523.4918593050043,514.5973867161626,516.554931640625,2675800
2023-11-28,518.4934877177409,518.6740405239245,513.2100126521118,513.6471557617188,2859300
2023-11-29,503.6408336824447,514.9109712483362,502.3579981549871,508.3731384277344,4550000
2023-11-30,509.14276727249694,526.3901105137091,507.45132472300145,525.4683227539062,7121200
2023-12-01,524.8295126878751,528.9105521848285,519.8140545872614,521.7210693359375,3462200
2023-12-04,522.7699126959798,526.2120600228965,517.7925744121642,522.7890014648438,2709200
2023-12-05,523.5708398494612,526.8414211315819,519.9951874423738,524.6769409179688,2645600
2023-12-06,522.1023955307121,526.2215535823254,521.6637612714685,523.9808349609375,2239700
2023-12-07,525.7163020188883,525.8688957993679,519.2038881275012,522.779541015625,2511700
2023-12-08,524.6388706858156,526.0786763278204,519.2229550491703,524.2098388671875,2039900
2023-12-11,524.2002343181153,524.4290667811151,513.9976935612427,518.4028930664062,3655300
2023-12-12,520.4243193470669,522.0357491564009,517.4208060013368,520.3480224609375,2706100
2023-12-13,518.708026032298,523.8760198493126,513.5495766008871,523.485107421875,2876600
2023-12-14,518.9941700216684,519.5853400721528,504.7869418375479,509.4018859863281,5386800
2023-12-15,505.3588343654869,508.69610968676847,498.6461643846245,506.4267578125,9030100
2023-12-18,504.5103126805289,506.76057629414635,500.81069912035565,502.0693359375,3260300
2023-12-19,500.20047049885073,503.0895676461853,497.52111704385936,499.6759948730469,3645600
2023-12-20,499.4948473183849,500.4293241804136,491.88587659850737,491.9430847167969,3847800
2023-12-21,494.7559347187233,496.60574144132255,492.4865824034477,495.7094421386719,2491600
2023-12-22,495.70947508422915,498.6939581628192,493.9359651326486,496.1194763183594,1759500
2023-12-26,495.7094591480314,497.23504779330716,493.8882273228517,495.8525085449219,1390800
2023-12-27,495.5853981884773,498.83683233690357,495.2135163898333,498.4840393066406,1851800
2023-12-28,499.13252685556927,503.32798299810077,498.6271981596946,500.49609375,2001000
2023-12-29,501.52577167239673,503.6807075706834,499.5615488814528,501.99298095703125,2080100
2024-01-02,502.3458669089263,514.5697806285111,502.18372874787866,514.2647094726562,3415700
2024-01-03,517.792522182164,521.3681741355186,514.3980389223445,516.8295288085938,2891400
2024-01-04,519.6614329128582,523.4754617782737,517.7544184801504,520.0618896484375,2994400
2024-01-05,521.5685495512829,521.5685495512829,508.915487687606,512.3958129882812,2815400
2024-01-08,514.3219422960392,515.1324003503162,503.45193407675515,511.5758361816406,2648900
2024-01-09,512.9869896268463,514.5221225986703,507.5806188753282,513.3397827148438,2677000
2024-01-10,513.0823139551112,516.0382218440949,511.22302106390515,512.6437377929688,2180000
2024-01-11,511.20398818711794,515.0465932062278,509.6783994435593,514.5889282226562,2814100
2024-01-12,494.7367931675565,503.909528913097,489.2732148573091,497.26361083984375,6327300
2024-01-16,499.36141948201583,500.11466943436176,492.53427338685253,495.013427734375,3736700
2024-01-17,497.044368190841,505.98821411126215,495.8238507772175,500.5341796875,3791300
2024-01-18,481.74053301265144,492.8107685716323,474.33176221695857,492.3340148925781,7367000
2024-01-19,491.05625813376855,493.4876901025103,478.4890389384295,480.14813232421875,6143400
2024-01-22,480.5105398475247,489.6928211162409,473.4164421925113,489.1397705078125,5922900
2024-01-23,488.672543563557,493.9931311624293,488.27208674997786,491.5521545410156,2672900
2024-01-24,493.82151283274067,497.4734043250195,489.10163949544506,489.36859130859375,2918800
2024-01-25,464.920695317403,472.4724871453751,456.7300697914877,470.4605712890625,14671000
2024-01-26,470.3461554176646,480.2721714987416,467.12329556959054,479.8049621582031,6212200
2024-01-29,479.7191038765823,482.9610523820027,477.8502374819334,481.0826416015625,4554100
2024-01-30,481.0825846915582,482.52236093760064,476.00991883599147,480.19580078125,4931200
2024-01-31,481.05403597890495,491.0563194657473,481.05403597890495,487.9478759765625,5358100
2024-02-01,485.17319896846624,486.4985883350374,479.6142631552217,483.5617980957031,4242600
2024-02-02,484.6201624454064,489.06348156452884,481.89314510026975,486.50811767578125,3804500
2024-02-05,486.25063221364746,490.2935234321398,476.8013702584285,479.5760803222656,3646300
2024-02-06,480.51052746484623,487.1850793479248,479.08981073275817,486.9276428222656,2745400
2024-02-07,490.1123133942604,496.77732033825924,488.85367673139615,495.2421875,4109100
2024-02-08,496.4245409915408,497.8833769881836,493.23031461775315,495.90966796875,3343000
2024-02-09,494.8607451242959,496.1956786254647,492.28626377059425,494.12652587890625,2715400
2024-02-12,494.1265702632589,494.8607895745989,488.9681209053607,493.5735778808594,3194000
2024-02-13,497.73083760526305,502.43162186561636,490.3030362863428,492.82025146484375,3436000
2024-02-14,491.3042424480867,494.42223033409016,490.3793099881746,492.9061279296875,1918500
2024-02-15,493.28753814424095,497.49248012209375,491.8190995190603,496.6629333496094,2292100
2024-02-16,498.01691890236685,499.4376356610511,494.7654841739165,497.3017883300781,2135500
2024-02-20,499.83813580216236,500.9441787808167,495.26125371780097,496.8345642089844,2600200
2024-02-21,499.32315300948574,499.34224177873307,493.47814858696836,497.7021789550781,2095900
2024-02-22,499.8286120065639,502.2504999546187,494.47944923214334,502.02166748046875,3186800
2024-02-23,502.2599635923735,505.835615919799,499.7903541113464,502.7271728515625,2502000
2024-02-26,503.757037095667,508.0382760146943,499.9334631059425,500.8965148925781,2308900
2024-02-27,500.3625429684874,501.1539703906475,488.2434431951185,489.54974365234375,3780600
2024-02-28,472.4057203867071,475.37111450740235,461.86947499295917,475.1136779785156,9558600
2024-02-29,475.3234254249879,478.42232438713677,468.7442303712497,470.6512451171875,6833200
2024-03-01,466.6655749373834,467.23765606213954,455.06137781133367,466.77044677734375,7315000
2024-03-04,460.7729142733048,464.3962599123803,457.7789161192069,459.46661376953125,5239800
2024-03-05,459.9624359769688,460.44870495042653,448.73963556507437,451.1520080566406,5296200
2024-03-06,452.38207471939035,457.492860659294,446.4226531856942,450.62762451171875,5577500
2024-03-07,451.9624995450537,458.81821995676887,451.5811024115983,456.520263671875,5102000
2024-03-08,457.8891755579453,463.55620489713084,454.4813098734749,456.20440673828125,4673600
2024-03-11,456.6160459387663,469.35725863616614,455.6587795950792,468.246826171875,4410100
2024-03-12,467.2703664603942,471.24301544615815,466.5236999744276,468.438232421875,4153800
2024-03-13,472.4300034361964,474.80403412365524,464.58999093889344,467.1459045410156,3669000
2024-03-14,467.83514655952234,468.75411394772124,464.4559979833594,468.1031799316406,3378500
2024-03-15,466.6194155660761,470.2282985821728,466.6194155660761,469.84539794921875,5713500
2024-03-18,471.07072327804235,471.07072327804235,465.5951592082035,466.23651123046875,2970500
2024-03-19,468.7445705080249,472.35345369991836,466.9449053106848,472.23858642578125,2511700
2024-03-20,471.42491273993164,473.46389453278505,468.5243971621473,473.1097106933594,3548200
2024-03-21,471.243036765763,474.9955333864439,470.28577049873144,470.6782531738281,3693400
2024-03-22,474.038221558285,474.64127470925735,468.840244025675,469.12744140625,2847300
2024-03-25,469.6347830307053,470.47718192402783,463.3838361865286,465.1164855957031,2786100
2024-03-26,467.2703930019823,472.25774213110583,464.4943266381887,471.2717590332031,3113300
2024-03-27,472.60235020075896,474.5455994822641,470.31446988490404,472.0279846191406,2653100
2024-03-28,473.84679954078666,474.6796165143127,468.39037016372566,473.55963134765625,3820000
2024-04-01,473.3394651310619,474.5934816379824,467.8160491365605,468.7733154296875,2928700
2024-04-02,439.95958177000057,443.8652152820178,430.3869191083968,438.5619812011719,11867000
2024-04-03,442.25699792097583,443.0706800585415,436.0826190568302,440.09356689453125,4460400
2024-04-04,441.12745275872396,441.98898656529593,432.60778873649303,435.919921875,5182000
2024-04-05,431.43034332451316,438.18864094388476,430.77940926344843,436.2645263671875,5747400
2024-04-08,436.48471091424625,437.66215896642393,434.20641247253343,436.513427734375,4532300
2024-04-09,434.8669319018303,440.11276172224154,433.1247002313878,440.074462890625,3521200
2024-04-10,436.02521901378003,439.1363344985915,430.55923660330785,430.81768798828125,4493500
2024-04-11,431.1431698717854,431.5069065155142,422.6139238905005,422.8436584472656,5844100
2024-04-12,421.522573152081,423.3413729951114,417.7318073763464,420.4313049316406,6045700
2024-04-15,423.11166681869645,429.19031312360005,423.1020848082483,426.5865478515625,5376800
2024-04-16,456.39580281508853,459.24846665266915,445.7031555529191,448.8525695800781,11816500
2024-04-17,458.14764691839883,467.1459440972546,454.3089997917552,458.5209655761719,8759800
2024-04-18,465.3558379733482,480.54764839898115,465.20267187063524,472.10455322265625,8880400
2024-04-19,475.76129917079487,485.6211292992177,474.3828335121781,479.7148132324219,6618600
2024-04-22,476.5079973516488,478.0779280392432,469.6731314517298,470.2379150390625,4697700
2024-04-23,470.01771674178366,473.18626561125643,464.24540257029514,465.4036865234375,3646700
2024-04-24,463.1062634084126,467.96916308509,460.16744902141266,466.475830078125,3724400
2024-04-25,468.06489441189933,475.8857724780501,466.6960106944248,472.7554931640625,4329700
2024-04-26,470.9749457679202,475.9814582489192,470.4005802352704,474.1817932128906,2727000
2024-04-29,474.5263664226816,476.09629683646773,466.92567131292975,468.1318359375,2192100
2024-04-30,468.06492502793884,468.7828747577854,461.96714332992724,463.02972412109375,3367500
2024-05-01,458.7794015106979,468.285047723551,456.6829862269218,463.422119140625,2729200
2024-05-02,463.5848580913653,472.5927362266055,463.25939110026525,471.90350341796875,3561400
2024-05-03,469.88368272113513,471.7312287279325,465.0207831775097,471.40576171875,2487600
2024-05-06,471.4345262566231,473.7223775629857,470.9750279076762,473.2533264160156,2029500
2024-05-07,474.80406107487596,480.2126095569305,473.8850936525609,479.5520935058594,3752100
2024-05-08,482.6249292339561,485.3339798176805,478.7096846356803,481.7059326171875,3078900
2024-05-09,480.6817149078163,486.262564594548,480.6817149078163,485.36273193359375,2342900
2024-05-10,487.24850893472757,491.63280460844453,485.3339764831177,490.89569091796875,2784600
2024-05-13,490.1681796486398,492.67621259053175,485.6307468976887,489.8714294433594,2454500
2024-05-14,492.59011152653255,494.11213223223433,485.6211847820687,491.9200134277344,2949700
2024-05-15,492.8294301885146,500.25782609415364,492.8294301885146,495.43316650390625,2981200
2024-05-16,497.7784243710664,505.58969086105674,497.3093732810195,498.9941711425781,3655800
2024-05-17,500.59278907363597,503.3784080084076,497.78800611825477,502.2105712890625,2657200
2024-05-20,502.2106250655095,502.2106250655095,494.4663149687409,495.1268310546875,2476200
2024-05-21,496.17030399148297,502.2967736055721,493.8728413693861,501.1767883300781,2521900
2024-05-22,500.47795152595376,503.7901138090546,498.40070010767005,499.07073974609375,2299100
2024-05-23,496.17024435074035,497.99859716065345,493.2122659623637,494.7439270019531,3055400
2024-05-24,494.05464627169573,495.04065850622055,485.8317330891483,486.4539794921875,2527800
2024-05-28,484.9989351758856,484.9989351758856,480.4519205309863,482.1558532714844,2912800
2024-05-29,471.3004677552479,472.79380078634637,453.045393134351,464.006103515625,7521600
2024-05-30,461.708672512019,465.26012217975716,457.57327523092204,461.0672912597656,5169700
2024-05-31,461.79479633760195,477.111055713054,461.79479633760195,474.2009582519531,6694800
2024-06-03,473.01394637051,477.3694958425568,471.9992465478339,476.1824951171875,2795100
2024-06-04,477.2546409231814,486.54968767372986,473.45429288818167,483.88848876953125,3178400
2024-06-05,486.96134342295676,487.34424407268926,477.48438436475664,481.6197814941406,2464400
2024-06-06,482.1271211838686,483.13226823318706,476.02934009576614,480.4710693359375,2419600
2024-06-07,480.5859555456659,481.3708916671651,469.46252641296593,469.7209777832031,3416300
2024-06-10,470.01767615116,474.2200885408304,465.41322834101135,473.84674072265625,3332800
2024-06-11,469.8836862686316,476.5079814148807,469.3380667213383,475.0146484375,4599700
2024-06-12,478.63311554839856,478.63311554839856,466.59071921511753,471.999267578125,4048200
2024-06-13,469.32849390182685,480.54765547304214,463.68062889333913,476.0484924316406,4951700
2024-06-14,475.5985747952302,476.5750050599828,470.7165403252565,475.8761901855469,3188400
2024-06-17,472.3288832919303,474.0496672054145,469.80061738313896,470.31011962890625,2407200
2024-06-18,471.73289713009706,472.64616977287113,460.5142243018901,462.44647216796875,3692700
2024-06-20,461.47549964718996,467.1281080609112,459.62011592576664,465.7822265625,5258100
2024-06-21,465.7053410317818,469.41604986149804,462.0042255244408,463.9268798828125,6368600
2024-06-24,469.95435589027846,471.90587808321317,465.76298378173686,471.03106689453125,5139800
2024-06-25,471.66562503314856,471.66562503314856,462.01389104428523,465.7630615234375,2916100
2024-06-26,465.76306414788,468.5893686797925,462.85024368181263,465.32086181640625,3153100
2024-06-27,466.29179273573106,470.0698313017411,463.4078108505397,467.6280517578125,2991900
2024-06-28,477.17399899394445,489.7000917988397,470.4831695960087,489.5655212402344,22734200
2024-07-01,487.1525418832403,489.22901208447104,473.8285614303974,475.5204772949219,4523100
2024-07-02,475.14555546053697,479.19273445314,474.3092055535315,478.97161865234375,3312000
2024-07-03,477.89495672189474,478.8178225880521,467.7048828808752,470.944580078125,2239200
2024-07-05,470.089003128738,470.73310526437507,465.7630307073079,469.1372985839844,3499000
2024-07-08,470.27166982013745,474.78029687419263,467.36847214804675,470.4158630371094,3450600
2024-07-09,469.44488926426715,476.24147947309774,467.29152576736135,473.0787048339844,3056800
2024-07-10,471.95399795720607,482.1056112733189,471.16570257875924,481.5576477050781,3189800
2024-07-11,478.45259714314926,489.05603582710313,478.45259714314926,484.8550109863281,3535100
2024-07-12,487.3160067838115,494.67015414198585,483.96095483994714,491.7477111816406,3570600
2024-07-15,503.9661768059211,510.3013490576872,493.9299181948836,495.439208984375,5128000
2024-07-16,513.252636159816,528.6530586233936,506.74443197855396,527.6436767578125,11062000
2024-07-17,532.575263770918,551.4268759029618,529.9796686204769,551.1096801757812,10330800
2024-07-18,542.6691673839925,559.01172866925,539.7082633810271,542.515380859375,6834800
2024-07-19,545.1879790082407,547.8604972883162,539.8237557993328,543.4672241210938,4290400
2024-07-22,541.2752123072157,542.4288165629908,535.5361176799905,536.9300537109375,3377300
2024-07-23,537.1800255210613,537.2281388227071,531.4313074210002,533.2482299804688,2785600
2024-07-24,538.3432370757034,539.429541515926,531.6331919323604,538.1029052734375,3156200
2024-07-25,540.2659308597562,547.8508171738757,536.9782079941334,538.03564453125,3102900
2024-07-26,538.3432444581764,556.7334389137371,538.3432444581764,547.6873168945312,3201900
2024-07-29,543.8324551467899,549.2542961983755,540.035200806273,544.8322143554688,2965000
2024-07-30,544.9763791227084,557.0217776757457,544.1015385674684,554.0416870117188,4139100
2024-07-31,543.572895693834,558.4350364601089,540.5735592954935,553.8782958984375,4713200
2024-08-01,554.8780571096335,564.7797152765523,545.1686174378988,550.619384765625,3680800
2024-08-02,559.8096991357418,568.66348532255,553.0034859565749,567.0196533203125,5094000
2024-08-05,559.6078664935304,564.126116726699,544.8418926323691,547.9181518554688,4587400
2024-08-06,546.2358200955352,555.1857751383039,540.7754879341619,546.370361328125,3216500
2024-08-07,544.6975832497116,549.542709823195,535.4881110456715,544.1881103515625,4320700
2024-08-08,542.5441200598814,550.3116587313301,542.5441200598814,544.341796875,2860800
2024-08-09,542.7076246673929,544.0438835285322,536.0648796754654,537.1511840820312,2976700
2024-08-12,540.5734754724512,546.9951336205588,539.3525712489067,543.4285888671875,2532400
2024-08-13,547.9468910657636,553.464899903744,546.9951865088324,552.0325317382812,2369400
2024-08-14,552.9938301327544,558.6464385684457,551.1000437777296,557.2525024414062,2344400
2024-08-15,557.2524404602058,560.7805530163438,551.3306915872934,557.1947631835938,2751800
2024-08-16,558.454168210026,559.1559769492957,551.8979098104558,555.3394775390625,2728900
2024-08-19,555.7240318962038,560.7421316051751,554.7530820577484,556.39697265625,1847900
2024-08-20,557.4255324424619,561.2324091339046,553.2437827499614,558.1946411132812,1677500
2024-08-21,559.0213843888979,560.8286842024837,555.0991530195461,555.7144165039062,2844300
2024-08-22,556.848764964013,560.4056872390878,548.5525067669865,556.3392333984375,2282000
2024-08-23,558.5311881696784,562.5783974202948,556.0798151717007,561.9054565429688,2376400
2024-08-26,565.308476905563,569.1922765424484,563.0878133078894,564.424072265625,1800000
2024-08-27,566.6735682384124,569.4326315354846,561.2036722979946,564.6355590820312,1581900
2024-08-28,566.2313342680067,569.9132338131678,561.2900984582791,565.7794799804688,1657000
2024-08-29,567.8367874562591,569.6921420550584,561.7708147012019,568.6923828125,1953200
2024-08-30,567.1830280076076,570.3169639571017,563.9049281880485,567.3753051757812,2944700
2024-09-03,569.6055941929485,577.4307527728462,568.9326534382313,575.52734375,3175500
2024-09-04,576.7963563573069,584.4292971534256,574.7583472588252,580.814697265625,2935000
2024-09-05,580.8243131998078,582.5643131743448,566.8658227616878,572.4607543945312,2144800
2024-09-06,572.826047187947,577.3827288331312,569.3556699978096,573.7969970703125,2926400
2024-09-09,575.181281869315,576.2963955744194,553.0227022404582,571.1244506835938,3411400
2024-09-10,572.1915538141066,581.410648320551,568.2885679338722,575.8638305664062,2863500
2024-09-11,566.3563534794292,568.5289624651745,556.5796130435757,566.9427490234375,3563600
2024-09-12,565.7699141179023,567.6733231607648,560.6556464729262,565.6641235351562,3395800
2024-09-13,568.2212470382373,574.565982521476,564.5201024440559,571.3359375,2241900
2024-09-16,574.0180249200463,577.6743538305442,567.0333444246239,568.3646850585938,2548600
2024-09-17,565.3450325766133,566.0299575482868,556.0642756573102,557.5789184570312,3416000
2024-09-18,556.5176239143686,563.9075350349754,552.1280866615132,560.1740112304688,2988300
2024-09-19,563.1357357016333,564.2066375381677,554.3180923784247,556.7202758789062,2945700
2024-09-20,551.5395885110225,558.4278177520179,549.5618914677397,554.7232055664062,5398700
2024-09-23,556.1606735272775,558.9969998567591,551.8290181036236,553.1892700195312,2386100
2024-09-24,550.6906631638882,556.951790980428,546.0406281339822,554.9065551757812,3188500
2024-09-25,557.49204651057,560.6177820595661,552.8709817801491,555.987060546875,2658800
2024-09-26,554.7232191938424,556.2667732941255,550.7774229088774,554.5399169921875,2751900
2024-09-27,557.308732069468,566.0203271425139,556.2572027158136,561.3316650390625,2986200
2024-09-30,562.9235081289563,565.7405210226354,558.3313549224547,564.0618896484375,3009700
2024-10-01,564.3705928572019,567.9401280415799,560.2897781821201,562.7305297851562,2648400
2024-10-02,582.9513977605893,583.2022385474241,563.6470205495298,571.4227905273438,3667000
2024-10-03,569.7826799583781,572.3102834130681,563.7627371080387,571.8472290039062,2645800
2024-10-04,571.249187246312,575.1081316168771,567.6893087091529,570.3519897460938,2462600
2024-10-07,568.0268735491755,571.5481834112156,562.7594528104266,562.9813232421875,2591100
2024-10-08,567.3226990070166,568.4321690563628,559.122442295831,561.0712280273438,2231400
2024-10-09,561.6307096146805,571.8955152574226,560.1353805226494,570.3712158203125,2207700
2024-10-10,574.1915272630954,577.8286005839376,571.8568827854035,576.6226806640625,2143200
2024-10-11,575.4554022871919,580.308052926664,575.1756500279562,576.9603881835938,1909700
2024-10-14,577.9829812615534,587.1672869898434,576.3140067939261,584.0512084960938,2447100
2024-10-15,532.5535909117477,549.610116497135,523.851653261841,536.6729736328125,11939400
2024-10-16,537.3676376670213,555.8616112939627,535.5442723971328,551.1923217773438,5103900
2024-10-17,540.8116963292714,549.3881541895533,539.0172427080478,546.0695190429688,5588700
2024-10-18,546.8606343741782,550.8160877112821,543.1849921908951,549.5233154296875,3687000
2024-10-21,549.5522633939685,558.8523331449838,548.6454091421838,551.3176879882812,3018000
2024-10-22,547.8253364714055,552.8323188716724,545.5485735500841,549.7644653320312,2593800
2024-10-23,551.9543783987483,553.8935070605778,540.2521267288015,544.728515625,2911900
2024-10-24,545.0662200577036,551.5396202530287,540.5512623384923,541.0336303710938,2590200
2024-10-25,546.1948600641709,551.3465757618773,543.7347952559682,544.6513061523438,2513700
2024-10-28,546.2818269827571,548.2884945959937,542.9631323805204,545.3074340820312,1826500
2024-10-29,542.9726769753325,547.6612794096072,540.8888144160055,542.3070068359375,2600300
2024-10-30,541.458068363579,550.1985739804252,541.1686593463611,543.1077880859375,2323600
2024-10-31,541.1011660328685,548.4042250728639,541.1011660328685,544.593505859375,2490000
2024-11-01,545.191634931169,550.2179309777472,544.0146852073021,547.5455932617188,2548300
2024-11-04,546.7544839356493,548.5392809068492,535.8336650957058,538.100830078125,2656600
2024-11-05,538.5928614582286,548.6839626913584,534.8496809347594,547.0343017578125,2608100
2024-11-06,582.604083057415,584.1476370754228,570.0142313866171,575.6483154296875,6591300
2024-11-07,577.5778618051969,586.2122617326844,575.1274532931407,584.0994873046875,5254300
2024-11-08,587.5242055771034,597.9433422738298,583.8582206686195,594.0940551757812,3875800
2024-11-11,595.1457102101048,608.4879677763275,592.2707566566786,603.2012329101562,3003200
2024-11-12,597.7311494461629,602.4583205329171,592.1356924032639,592.9942626953125,2809400
2024-11-13,591.3831498158378,591.3928065967908,581.7936719153876,584.5045776367188,3409400
2024-11-14,582.1988963977138,584.6300501020254,568.2198803635546,572.2332153320312,3079200
2024-11-15,571.0465762539318,577.8093857412648,569.1460743992566,571.3456420898438,3423900
2024-11-18,568.6540736655714,573.1883453076999,564.6793654727662,568.856689453125,2577100
2024-11-19,562.1709103532897,566.1456766807163,556.4307784974782,556.6526489257812,3198300
2024-11-20,562.161342171383,581.388523804804,561.0422154242401,579.323974609375,3928600
2024-11-21,578.8416017691196,582.7005457809138,575.6868961969778,576.4201049804688,2722900
2024-11-22,577.4523298803861,580.0571286407694,567.9110775003649,570.0335083007812,3197900
2024-11-25,576.5069317441016,588.3346040406981,574.0275532597597,584.4660034179688,5146200
2024-11-26,586.7909687094367,587.0128391293512,577.7610545970267,585.39208984375,2693600
2024-11-27,589.4826603529242,595.6762489227921,585.3053370281901,586.9260864257812,2269800
2024-11-29,587.3312917861116,594.0651894132648,585.2281742762173,588.6819458007812,2010800
2024-12-02,592.3478915529721,592.3478915529721,579.5844533836707,587.0611572265625,3364900
2024-12-03,589.3090191661387,594.0362495774543,583.4916911413518,583.88720703125,2329900
2024-12-04,589.4730279600515,600.8665581203329,585.5657999318562,589.2510986328125,4147600
2024-12-05,584.2827125823236,587.514554559562,553.6523452423168,558.5531616210938,5943700
2024-12-06,561.5824848881103,561.5824848881103,524.9514855320151,530.2382202148438,13003600
2024-12-09,534.5768877274066,545.2103003837328,527.4492100771212,542.9248046875,7684700
2024-12-10,544.2612106837603,549.8297195119304,539.4481105557431,547.3505249023438,5360600
2024-12-11,538.1213226731015,540.484309759727,515.8569801775415,516.6898803710938,10363000
2024-12-12,514.7529721752238,517.1449814513529,497.960260814667,499.480712890625,9403800
2024-12-13,499.3644680428972,510.87918891650395,494.5997488234635,504.0516662597656,8202900
2024-12-16,501.6500110683613,505.2332372548677,480.42187404395673,482.7655029296875,8880000
2024-12-17,471.62845620914123,479.95701391343334,460.801345970726,470.1951599121094,14132700
2024-12-18,473.0133069924551,490.55170271835874,470.66001401541695,483.94696044921875,10147600
2024-12-19,484.353750200077,487.752941550745,470.89246184954123,473.8074645996094,7418100
2024-12-20,473.8462390056262,486.77487043561433,473.30391700362765,484.3440856933594,10956900
2024-12-23,484.9541706805335,492.72101916113115,483.29812332966145,490.3580322265625,4286000
2024-12-24,488.4792264282395,490.1255798339844,484.7894867719434,490.1255798339844,1824400
2024-12-26,489.6897750378188,496.0523786238601,488.7988302543698,495.01617431640625,3387000
2024-12-27,493.3408360324671,496.9821364462745,491.7719443910266,493.892822265625,3471800
2024-12-30,490.8615791897206,493.64101602851326,484.85729222490636,491.77191162109375,5408600
2024-12-31,493.2730206423877,494.87093457898817,487.4527091951398,489.8931579589844,4214000
2025-01-02,491.96561798775014,495.94587681334474,487.4042914977609,488.5857849121094,4234900
2025-01-03,490.36770508892573,499.99393430228037,489.428320736608,496.80780029296875,3019500
2025-01-06,496.8077987811029,503.87737162038894,493.728178583452,497.4566345214844,4444800
2025-01-07,502.4731549570934,503.1026622010019,495.08401074982714,498.01837158203125,3914500
2025-01-08,498.26045270066476,508.1094328537697,493.42796525041877,507.9642028808594,4141700
2025-01-10,510.0172733419665,518.5491942139171,502.1051067382686,504.25506591796875,5467500
2025-01-13,518.1521344774897,530.1220520173557,516.3121409804821,524.0596313476562,6472500
2025-01-14,522.6166435053588,527.3619456429129,519.6144556792417,526.5775146484375,3978300
2025-01-15,520.1471146329208,529.0470466207265,517.4645862678351,526.2676391601562,4103900
2025-01-16,513.6101260617587,522.8006354484922,493.90247261178985,494.4738464355469,9059900
2025-01-17,489.6607341839008,505.3494133257226,486.9297368536609,493.6700744628906,7495700
2025-01-21,497.8246171239474,508.4290053428288,496.63345951191377,508.4193115234375,5682100
2025-01-22,505.1944425710378,507.88672379495455,499.71311924756657,503.315673828125,3756100
2025-01-23,511.20840950019345,514.7044499778901,502.92829185509163,513.0484619140625,4580800
2025-01-24,511.4409435114486,517.7551678837746,507.954596043384,515.7020874023438,3671200
2025-01-27,522.9361997175708,534.4896373600476,522.9361997175708,526.364501953125,4263000
2025-01-28,525.870599410662,529.25043260615,520.8638003406406,525.3572998046875,3162700
2025-01-29,524.6309679821225,526.3257314751347,517.1546682593905,521.1155395507812,2737600
2025-01-30,522.4423560140633,529.8412242915863,518.1134736808896,528.349853515625,2924700
2025-01-31,526.0933316270866,531.8264580322981,524.3210766292264,525.3670043945312,4120500
2025-02-03,524.8924513947243,536.4265012099979,523.9918127685804,530.8773803710938,4083600
2025-02-04,527.9914114654227,531.4874518514548,524.417879635403,528.2335205078125,2869900
2025-02-05,513.978188127614,523.633528954395,505.43657270997664,522.7716064453125,4621600
2025-02-06,520.9121966674306,522.0839667183153,508.6905357341578,513.3099365234375,3926800
2025-02-07,512.4964791414103,515.5857931662815,508.80673936575664,510.3949890136719,3349100
2025-02-10,511.0148128699449,517.2999555776202,506.86024203995606,516.534912109375,3143100
2025-02-11,518.1134326617888,530.2576028697337,511.5958751245723,517.0675048828125,2631900
2025-02-12,522.810279782491,525.2313703790732,508.92293722134366,510.7532958984375,3859200
2025-02-13,514.1428090266004,517.4645381435149,510.4627041309814,514.4139404296875,2835100
2025-02-14,512.3027896788551,516.3702338572054,506.40498675394815,506.986083984375,3705300
2025-02-18,494.8128048821058,499.713089793643,481.312801603567,484.9250793457031,8759300
2025-02-19,485.5061307307567,495.70376323004285,482.42651055816975,494.90966796875,4380300
2025-02-20,489.24432542742136,492.38204950934653,484.4505540317426,486.561767578125,4144300
2025-02-21,425.67618038194956,454.8745596048507,424.6593340491745,451.6980895996094,19864900
2025-02-24,451.9498633242899,453.22820638405375,442.5754066613516,446.9527282714844,6919300
2025-02-25,446.2263328605057,455.9010305006164,435.8640833546735,455.53302001953125,9101000
2025-02-26,449.98387643804074,458.1187346436733,443.73748065261196,448.95733642578125,5108400
2025-02-27,451.4559604367645,460.3946085207388,450.3422350545616,453.7705078125,4216800
2025-02-28,452.2597010220523,461.32424958022887,449.8192524612341,459.96844482421875,6146300
2025-03-03,459.3971273820728,462.20558676859315,450.5262472410497,452.30816650390625,5700200
2025-03-04,454.92293059036706,464.08432928351016,451.73676703757684,459.6295166015625,5864100
2025-03-05,456.201273274366,463.9584275721246,456.1431694634711,460.956298828125,3637100
2025-03-06,460.9757000061759,472.71314377343833,457.1019546279727,472.3257751464844,4964000
2025-03-07,468.55855706194194,484.1407243019219,468.1130846058439,477.90399169921875,5434100
2025-03-10,478.7792404234433,484.1964905299992,464.6088149400775,467.04998779296875,5108900
2025-03-11,469.26746417729026,473.42034897834867,464.05447612764226,472.71038818359375,4101000
2025-03-12,469.88994430955603,474.22762091034997,465.68841278774426,467.91558837890625,3680800
2025-03-13,466.30112324272045,470.7846800115913,461.9731523641078,468.3143310546875,2876600
2025-03-14,467.80858630323115,476.02685712405514,465.12426974056973,475.248779296875,3915900
2025-03-17,474.1400328700285,486.8807412257381,472.622818292087,485.3343505859375,5152300
2025-03-18,488.46609215468897,492.0938078396457,484.1673269796837,489.9833068847656,3617600
2025-03-19,491.189314815613,492.46338576510004,486.3458803495074,489.3997802734375,3317600
2025-03-20,491.39355114257984,500.2829014752684,489.7012800288283,497.2776184082031,4965400
2025-03-21,497.6471579851085,504.766413952648,491.2378924370581,502.67535400390625,10244900
2025-03-24,500.9539819990374,504.0370283394562,497.1025633646783,502.33502197265625,3840900
2025-03-25,504.0662373676699,504.7664629268749,497.50132594376555,499.3492126464844,3015100
2025-03-26,501.07064782629396,508.60810401543176,498.78506097798896,503.9883728027344,3253800
2025-03-27,502.1307604100737,506.78943297628746,498.8823929257676,501.5763854980469,2822200
2025-03-28,502.69485766651485,506.69212684606305,500.9247639651137,501.8876037597656,2379100
2025-03-31,504.94152469650305,513.6363483168985,504.36773863958643,509.3861999511719,5238700
2025-04-01,511.3215792924124,513.6849294573781,506.662966336937,508.7734375,2962500
2025-04-02,508.60811357161367,510.601880470722,502.62675351302096,508.85125732421875,2378900
2025-04-03,515.4549881062595,533.4573599234474,514.7741737692002,525.618408203125,6457900
2025-04-04,525.8129836823948,536.6085428779879,510.4463099281988,510.6505126953125,9919000
2025-04-07,499.32006374830064,514.686737953296,489.7790750232666,510.3101501464844,7356700
2025-04-08,566.203978052891,568.9661172056265,532.4459373812787,537.9118041992188,11762300
2025-04-09,544.7782397073023,573.235797098449,539.2540201719338,562.6347045898438,12691900
2025-04-10,564.3268772965687,585.3734133794608,564.0934688072782,578.0985717773438,8646000
2025-04-11,572.7688860349585,589.7305974060856,570.4444767629383,583.029541015625,6121500
2025-04-14,578.6821480848512,579.2948751081956,563.4029728552765,570.9598999023438,4839300
2025-04-15,575.9978213283852,576.6008130929112,566.0483978524392,567.5850830078125,3871300
2025-04-16,569.2675887429056,578.4973157133078,566.9723260596868,568.9952392578125,4192100
2025-04-17,468.73255156103386,476.3575362993059,434.83830554159124,441.6560363769531,29120200
2025-04-21,437.42537591503486,441.06279720342945,413.1596158835179,413.66534423828125,13029900
2025-04-22,412.9942803710208,419.6661309171119,405.68049705444884,415.464599609375,10156900
2025-04-23,415.3576292152384,426.8145619925678,412.1286729609589,416.22320556640625,8345700
2025-04-24,415.8439467214948,418.1100336673088,412.0314392325066,412.614990234375,7629100
2025-04-25,411.94389674609124,411.94389674609124,400.72037206038084,407.1588439941406,9263800
2025-04-28,408.23836259387787,412.4885106610223,404.1535356581477,408.48150634765625,6614300
2025-04-29,409.6388862184649,410.1835258700657,397.880457467707,398.00689697265625,9909100
2025-04-30,397.8124014267359,401.9264048826062,390.00262437522554,400.15631103515625,9192800
2025-05-01,400.0395888250527,400.6911975071644,388.89385704387576,389.6913757324219,9316800
2025-05-02,388.9911216234702,390.9751831020287,382.32897637329097,388.9522399902344,11392900
2025-05-05,388.174145016033,398.46400555509035,386.6861063928245,393.7080993652344,8157200
2025-05-06,391.7531766966863,393.62053365401033,382.63044862748205,383.6905517578125,7858600
2025-05-07,384.5075295929857,384.6728507207159,375.12218684240764,380.3351745605469,8517200
2025-05-08,379.30425856174224,380.1990406414182,374.8012314611975,374.9762878417969,7218300
2025-05-09,375.093040182794,375.94888131237803,368.1585751870771,370.20098876953125,8381100
2025-05-12,370.55105608949566,376.5907382206924,366.50514073429673,368.3627624511719,11004800
2025-05-13,326.53233753697964,332.6206668430802,300.6229536589226,302.8404235839844,59478300
2025-05-14,312.63427793646315,314.08340533844375,298.68752487595447,299.5628662109375,40029600
2025-05-15,267.36086263183637,269.06286888863497,242.05447171577902,266.8259582519531,121849200
2025-05-16,271.6304959582822,286.4136190151132,261.75886506665245,283.9043884277344,71094300
2025-05-19,296.4116567161838,307.6157391316195,289.0979037799326,307.2267150878906,62524700
2025-05-20,312.1187772635859,315.73675739521883,304.0074757692634,312.7606506347656,41487000
2025-05-21,292.745097551392,301.4593619121112,291.84060985506756,294.6708068847656,45506900
2025-05-22,285.83008662809686,297.2870191665947,284.4781931047579,288.5338439941406,27159600
2025-05-23,287.9794833738524,291.4807595523835,283.6418068841188,287.4640197753906,16873600
2025-05-27,291.2861941580045,291.72386475269826,281.2005967919857,286.90960693359375,20144600
2025-05-28,285.93705706974725,295.4488396176992,285.23680186520824,289.934326171875,16114200
2025-05-29,288.6602535918736,295.05981383416736,286.909630430989,289.9927062988281,16221100
2025-05-30,289.7981790115771,297.2578424516742,287.7265894764023,293.630126953125,16309300
2025-06-02,294.8069416255086,304.9508921779451,292.71591122386513,296.3630676269531,19074400
2025-06-03,294.78749117605224,297.3356329508348,291.78223795979574,292.95904541015625,12805700
2025-06-04,295.2154613134276,299.2030252561166,291.9670639624418,292.1421203613281,11255600
2025-06-05,292.1420609739083,294.1261221332067,286.04399719326267,287.7265625,13529000
2025-06-06,289.0784903204682,296.0421311804983,289.00066769597913,294.9042053222656,12589000
2025-06-09,296.67433099226844,298.96959409125054,292.8812938571313,294.87506103515625,12170300
2025-06-10,295.4682626957328,296.75206877375786,292.3463053665362,295.45855712890625,11384100
2025-06-11,294.379011506953,303.03492358922733,293.94137053912294,302.04290771484375,14711400
2025-06-12,302.8598781373188,310.0569278920826,300.04915155142874,309.7651672363281,15957200
2025-06-13,307.23648641218796,308.7148196476491,303.35592103037914,304.9314880371094,13762400
2025-06-16,306.5770037166454,306.84145235194234,298.535487483939,301.3465881347656,14240100
2025-06-17,301.1408945446279,303.58959256534746,299.2504769552191,302.53173828125,11593900
2025-06-18,301.23882042329126,305.39183261833136,299.9459305777348,300.8960266113281,12205600
2025-06-20,303.1488203528119,303.2369698961645,295.4011360905991,295.8125305175781,16177900
2025-06-23,295.7047619519275,296.2630722650332,289.45567992719884,294.5097961425781,12274700
2025-06-24,295.2640077891988,299.54432698000994,293.1874868398255,299.3484191894531,8781400
2025-06-25,298.13388258962783,298.13388258962783,293.64785113086737,295.8222961425781,8722100
2025-06-26,296.36101114396786,300.41603924801507,295.1072790379664,296.40997314453125,6532700
2025-06-27,296.73321942907944,304.07931302882895,295.99861006910453,302.76678466796875,15304400
2025-06-30,302.6590609288233,305.9697052775834,300.0536427720555,305.568115234375,10074100
2025-07-01,305.5681239117944,319.8489173410143,304.6963730853915,319.4473571777344,17865500
2025-07-02,314.1581238377501,315.8036714791403,300.14178000159325,301.24859619140625,18177200
2025-07-03,303.48182876149616,305.84237719728054,301.90488161281826,302.2182922363281,6161100
2025-07-07,301.67957396169544,302.2770418869625,295.0191277918008,297.47760009765625,9031200
2025-07-08,297.9869785624067,301.973436333282,297.5657797737485,301.3857727050781,9613800
2025-07-09,296.9682837260765,297.3698737616238,292.6193939403098,296.69403076171875,12816700
2025-07-10,296.84096983872723,298.6725911963836,290.513542451005,293.36383056640625,11355600
2025-07-11,293.86335752867694,297.8792284825695,291.8848201796152,297.8596496582031,9808200
2025-07-14,295.45011013332083,297.8008541546737,292.86427078590026,294.4118347167969,10681400
2025-07-15,293.5597107695234,294.5098068154151,285.05783825265127,285.723876953125,16019000
2025-07-16,286.5465898391946,289.91600022973967,284.78353947054313,286.4878234863281,9714000
2025-07-17,286.3311302394295,286.9873944300734,278.0055573634717,282.1585693359375,14792700
2025-07-18,281.98228386238213,282.15858294610433,275.04755432264164,276.84979248046875,14979700
2025-07-21,278.79897880536623,280.62079580199986,275.4295679060006,276.35028076171875,10319200
2025-07-22,276.83023247480276,281.2182804995016,276.2131557484957,279.2789306640625,14600300
2025-07-23,281.60024634406705,286.63478335697874,279.10258655041713,286.5074462890625,13111100
2025-07-24,277.2905770342848,283.2751808042554,272.51071359129213,272.8633117675781,22585200
2025-07-25,275.23365307335445,280.268190470294,274.1954075206833,275.29241943359375,16486600
2025-07-28,277.6823439927793,279.1515627440638,273.9505307558231,276.3306579589844,15779400
2025-07-29,260.2476245145736,267.3096608817093,255.20328293243062,255.71263122558594,41706000
2025-07-30,259.3660834098628,261.15854710716854,252.8231694468964,260.5806579589844,22371800
2025-07-31,256.0358576914587,256.0358576914587,242.66597254848682,244.43882751464844,29606900
2025-08-01,245.46727106317894,246.3292175001933,229.78581520843133,232.89076232910156,39989200
2025-08-04,233.35113336893357,237.27883963739322,232.08759681305582,236.03489685058594,17427900
2025-08-05,236.2112021569378,246.8973235760359,235.12397967151503,245.84927368164062,23795900
2025-08-06,245.49665852325765,247.9649502159644,240.27603275469244,240.73638916015625,12946400
2025-08-07,241.36325849220185,243.64544678217413,234.58526433901793,239.649169921875,11369900
2025-08-08,239.76670238365446,245.92763480795531,239.3553229206979,245.7415313720703,10185700
2025-08-11,248.66036556695397,253.09740489473214,246.9658708321959,247.19114685058594,11779500
2025-08-12,248.80729167303463,257.4854773237936,248.4644680008039,256.2023620605469,12171800
2025-08-13,258.9645198498962,266.6044456478773,257.4953010509511,266.23223876953125,19480300
2025-08-14,266.5162905672543,268.23037913039553,261.5209407764048,265.9187927246094,25011100
2025-08-15,295.5186339691615,303.93235593882815,288.6622801977547,297.7714538574219,68198500
2025-08-18,306.753305997043,309.90723039472243,301.1115258126942,302.1595458984375,39600500
2025-08-19,302.5611111613304,304.12828381950413,293.0699555648354,297.9967346191406,22348600
2025-08-20,300.1123922663625,300.8959934863947,289.63198376115565,293.68701171875,16679000
2025-08-21,296.08675451372926,300.27892399357637,291.6888728948681,297.125,13359000
2025-08-22,299.81859150218236,304.30459312196416,298.32976397579193,301.11151123046875,14930000
2025-08-25,302.15954893891285,302.53175584228103,296.5177686977937,298.6040344238281,8917100
2025-08-26,298.0653070995863,302.6198793117593,288.16278693014766,294.2649230957031,16303200
2025-08-27,294.37264750333406,299.6912116693244,294.33345997103703,297.64410400390625,9982800
2025-08-28,298.00656296000614,298.2220495914892,293.25608260094697,296.0867919921875,11235000
2025-08-29,296.09653559896867,303.63853702350445,294.7350751216137,303.5111999511719,12065400
2025-09-02,301.9832300399858,306.46926151928125,300.9939464818443,302.4631652832031,10957100
2025-09-03,301.78730330794957,303.23694319521405,297.4678266073487,301.5620422363281,9654600
2025-09-04,299.81857263731615,305.5093440855689,297.85961434486893,304.0107421875,7725700
2025-09-05,304.0695346041431,311.4156288303906,301.87551069379737,308.91796875,14126700
2025-09-08,313.14926503762416,315.04945694571137,307.3605397784098,313.6781921386719,18438600
2025-09-09,325.6768431833187,344.49263077630627,320.4464276947933,340.7804260253906,46408900
2025-09-10,338.46882205007205,341.4170639383929,334.3941850863436,339.6637878417969,17804300
2025-09-11,341.8382226532766,353.57239360723975,338.74306495862527,346.3536071777344,18943500
2025-09-12,348.5966026584569,354.87506722142484,345.22719219266236,345.27618408203125,14016200
2025-09-15,346.2224520475393,346.6659803729041,337.6176415765004,342.9007873535156,11035900
2025-09-16,342.5163594805096,344.03428212907227,333.46802085787266,334.9070739746094,12695800
2025-09-17,332.8470807812118,338.08092594557957,332.8470807812118,336.7108459472656,8467700
2025-09-18,338.6032969601525,339.98321298133885,329.3282459435908,330.0182189941406,11255600
2025-09-19,331.67411162387157,336.07014046105763,329.05225619579915,331.86138916015625,13656800
2025-09-22,329.6633721170834,337.5683734645221,327.83006153061575,336.4052734375,8903700
2025-09-23,336.1095853053592,347.6418030501478,335.08449193073244,342.7036437988281,12504100
2025-09-24,345.1776609440596,349.41598098040356,342.8514909580368,346.7645568847656,9016300
2025-09-25,343.89628316094525,345.167791190768,338.67230455766355,340.60418701171875,8104900
2025-09-26,342.94017723266074,344.9509291272339,336.4052561352322,339.1453857421875,6774700
2025-09-29,339.04684203467684,340.59430311194376,336.5531270830069,340.2296142578125,6878900
2025-09-30,338.82014160227453,344.31026718865274,337.4204931639848,340.347900390625,7429700
2025-10-01,338.96800901131803,343.69918865313474,336.73057466965435,343.3049011230469,8825500
2025-10-02,342.3094082444923,349.98766763338205,339.7072549149169,348.6471862792969,8564200
2025-10-03,352.126535812741,362.72236579171084,351.4956998686579,355.03424072265625,13494800
2025-10-06,355.85232340493496,357.320945094395,351.9885284550572,353.6247253417969,7181700
2025-10-07,354.25556153974156,359.4894063067969,352.9249164118652,358.4446105957031,7236200
2025-10-08,361.6676980177549,369.25728116771097,360.55389900193904,364.6148376464844,9438300
2025-10-09,367.1775268328722,370.8244756450051,360.8298831118089,362.41680908203125,8759800
2025-10-10,364.10226091064186,364.10226091064186,347.4545037086911,349.41595458984375,13141900
2025-10-13,349.6525318498204,354.0091562179849,348.2529134436983,353.5163269042969,5659400
2025-10-14,349.85953628823887,357.13367157615096,348.33174739200996,354.7680969238281,5974800
2025-10-15,354.235842452557,358.9965600371419,350.74660274614405,355.9705810546875,6579600
2025-10-16,356.6507087880658,356.80841777567787,349.3174063036312,351.55487060546875,5872100
2025-10-17,345.96617606622607,353.25020771577965,345.7986008654478,351.4858703613281,8608400
2025-10-20,353.3980539778645,360.32723295053415,352.38282679114036,359.25286865234375,5996500
2025-10-21,359.9034141970049,365.7286303529974,356.3156022696786,360.1300964355469,6885300
2025-10-22,358.74027236737913,358.7797071311973,352.865755914749,356.3056945800781,7833000
2025-10-23,350.4804571986446,357.0843815763727,348.5683072675696,355.2806396484375,5756700
2025-10-24,356.1874399937535,360.1793753327506,354.86666109223046,357.3012390136719,5462100
2025-10-27,358.28687923459734,360.96787166617924,356.2169902849351,360.7313232421875,7766400
2025-10-28,375.2205199441119,375.535937924803,353.4867591906658,362.5646667480469,18858700
2025-10-29,359.0556989607047,360.89887565474453,348.80485595476836,350.1650695800781,11874900
2025-10-30,342.53608025852225,349.4554231728605,338.672315228671,339.8058166503906,11441900
2025-10-31,339.4509600624588,341.3138390671766,332.2852032036984,336.6615295410156,8390800
2025-11-03,334.2664040083706,335.8138952211129,321.9161030209008,329.00299072265625,11181400
2025-11-04,322.93132925525197,331.67411615203054,322.5075032799426,326.0854187011719,9646600
2025-11-05,321.62038312291526,325.47431178630677,319.57022650848404,323.03973388671875,9697100
2025-11-06,324.20282690349836,327.6033308887378,316.83995625453247,316.9483642578125,7922100
2025-11-07,315.0756292067795,319.89548408130514,309.6545069494294,319.56036376953125,9402900
2025-11-10,315.4008850525274,319.59980030430273,312.62135066774687,316.96807861328125,9283800
2025-11-11,318.6633991779628,323.15799978770735,315.2924637606103,322.75390625,7157800
2025-11-12,323.739564851245,338.2484600032916,322.38918736197735,334.1973876953125,10403300
2025-11-13,333.49759672689856,334.16783736255434,326.5388493463283,327.7511901855469,7788700
2025-11-14,322.26107760332604,323.50298693219406,315.89370166045217,317.2440490722656,8676500
2025-11-17,316.00214834013826,323.1777416351322,314.84891456062456,315.92327880859375,6485400
2025-11-18,312.4636258692001,312.9465889320589,304.34177898084386,309.0827941894531,9182100
2025-11-19,309.4277797928265,310.48244165508765,300.16259548640306,304.6571960449219,8181100
2025-11-20,306.35254092716593,310.2360381398207,305.55415988354065,307.07208251953125,7337600
2025-11-21,307.43678886596666,319.1956891781539,306.973528103697,315.3811950683594,8406300
2025-11-24,319.87581624897524,321.1768929502889,313.0649110321548,314.4743957519531,10773800
2025-11-25,316.5146756519514,323.2960114363287,316.2978295630354,321.6006774902344,6149100
2025-11-26,321.90625616034407,330.38292659967567,321.2163131505786,324.98150634765625,5504200
2025-11-28,326.91342495466466,327.29781619516183,324.17329504989186,325.0406494140625,2464500
2025-12-01,322.4680705252425,325.3264744434064,318.39729570279246,318.57470703125,6154600
2025-12-02,318.7324168369967,323.9859940225137,318.1705842155217,319.8856506347656,7978100
2025-12-03,321.3247027812761,336.5137053781646,320.3489103953346,334.83807373046875,9770000
2025-12-04,334.53252129967103,336.36586192887205,324.00569471881727,328.707275390625,8061600
2025-12-05,330.19564689914716,330.89545611646776,323.7987319027036,326.164306640625,5906000
2025-12-08,326.1643021326461,326.5612103323999,320.33955998612566,321.12347412109375,4782800
2025-12-09,320.66702959313227,323.8423254573514,319.99228262872805,321.1036376953125,4628400
2025-12-10,320.2602121946151,326.1940916288756,317.1345182714553,325.83685302734375,5910500
2025-12-11,327.8214023139655,336.6329036496296,326.22383696767264,334.1323547363281,7513200
2025-12-12,334.89642556702444,342.31873354487146,334.7674235801795,339.20294189453125,7979000
2025-12-15,338.35949127350534,342.29886671519796,334.4002810193819,338.4686584472656,6447200
2025-12-16,337.7939053635172,338.3594851881083,328.4763282693324,331.62188720703125,6334000
2025-12-17,331.0364226425074,332.93169199085276,327.9305937934756,329.07171630859375,4685600
2025-12-18,326.39252647422813,327.6328835933034,322.0661753783285,325.608642578125,6354900
2025-12-19,325.5292426546717,332.01879957848786,323.55460381206,324.8941955566406,10553000
2025-12-22,320.409036028938,327.2558010793172,319.1686789443709,322.651611328125,7872400
2025-12-23,321.5005561377824,325.27122955986954,321.26241726797,322.29437255859375,4463300
2025-12-24,322.6913030880782,326.45204387040064,321.6295501827735,325.05291748046875,2842700
2025-12-26,324.67588437182803,329.3297066015354,323.7431334164823,329.2701416015625,4359300
2025-12-29,328.3374043807456,331.67146953910793,325.7475231575945,326.4024353027344,4346800
2025-12-30,327.1863787199748,333.55683603301947,326.96807465204813,329.5976257324219,4432500
2025-12-31,329.7563887116683,330.7585766695686,327.3352091985709,327.56341552734375,4285200
2026-01-02,328.34732981065946,337.6351396453709,324.9735645103421,333.8049011230469,6863600
2026-01-05,332.8622369855367,344.26358953637697,331.27457387202924,339.38153076171875,7956600
2026-01-06,345.662711327742,349.8898275937949,342.4576177850687,346.2779235839844,9441900
2026-01-07,346.2878643521878,347.4091217233587,335.43225668934457,339.06402587890625,7461400
2026-01-08,338.3793412906715,345.2161737147571,338.1709394997304,344.1742858886719,5059300
2026-01-09,344.57120987581374,346.36724457311226,339.8380179808238,341.3264465332031,4129100
2026-01-12,338.78619283823343,340.00668485359506,331.36388499223295,337.8832092285156,7146400
2026-01-13,338.86555257809704,339.2029260683279,330.28228768342836,331.35394287109375,5605900
2026-01-14,332.782847847861,337.4862723400109,331.5226559199649,332.3760070800781,5740900
2026-01-15,332.6141801527573,336.83139439550655,325.5292456895034,336.34515380859375,6943500
2026-01-16,332.2767735847801,333.6064630655481,327.8809552197778,328.4664001464844,8039100
2026-01-20,324.87433425330187,337.26800331941564,323.9812831738787,335.8192443847656,7596500
2026-01-21,336.8115280003352,345.3947932518869,336.0772462723701,345.0673522949219,8933300
2026-01-22,344.5017331063574,352.21181217559,344.0948923460704,351.7355041503906,7491400
2026-01-23,351.5469517834556,355.1092535612803,350.26689484175847,353.5116882324219,9082200
2026-01-26,351.21951505665726,352.05303136197875,344.5910239544544,348.9273376464844,10399500
2026-01-27,291.702213399879,297.189551826661,278.23688987744464,280.5191650390625,65836900
2026-01-28,281.5313004420569,292.6647472242202,281.5313004420569,291.7518310546875,23396900
2026-01-29,292.05942772986015,293.3196499104892,286.9888624950166,290.0351867675781,13456400
2026-01-30,289.846652494331,290.690101376754,282.503744536245,284.7165222167969,12022200
2026-02-02,283.813546924047,288.1597631644659,280.1024080713407,283.3868713378906,8664200
2026-02-03,282.5037398579998,285.867572502765,276.4507912682167,281.98773193359375,10809100
2026-02-04,279.83448944092856,282.3052710508733,271.9358737623288,273.7914733886719,12944100
2026-02-05,272.17404228482235,274.75399105843275,264.2357570011935,266.4783020019531,13035300
2026-02-06,264.99982219373493,275.66689369311825,264.354842531599,274.5158386230469,9572800
2026-02-09,272.0351201393386,278.01860173294193,271.21153632782267,273.57318115234375,10371600
2026-02-10,275.3791211558089,277.33392522870173,270.546694561348,271.1123046875,7284700
2026-02-11,270.3383030122331,277.53237392426894,267.7186543791748,276.7583923339844,6333100
2026-02-12,276.01418403452675,284.1013061426968,273.68230666683036,282.17626953125,12336900
2026-02-13,283.42654580952046,291.1961288714354,282.3151907629167,290.92822265625,10281900
2026-02-17,291.73198959854005,291.9602262062647,286.11564902207004,286.85986328125,6091700
2026-02-18,287.76284771983296,287.89184970361094,284.08147631938635,285.97674560546875,6632000
2026-02-19,288.64600598150304,288.64600598150304,284.6768631241196,287.6933898925781,4931800
2026-02-20,286.6713275933028,288.5566643334604,283.3471645007809,287.7628479003906,6974100
2026-02-23,286.3240116656432,289.5191726640262,279.4971118432662,280.16192626953125,7247500
2026-02-24,280.0230266545793,280.2214656182002,269.70323151732475,271.836669921875,9684500
2026-02-25,275.15090127919626,282.5434113343664,274.7341279746084,282.0075988769531,11380600
2026-02-26,284.7661470745293,292.98227105493606,283.02964718498066,284.4486083984375,10210000
2026-02-27,282.5037339526243,291.8609802744715,281.6602851018,291.0075988769531,9723300
2026-03-02,285.9370523533373,293.0318890868292,285.2821401542549,292.6548156738281,8141400
2026-03-03,286.7606388027243,291.4739959442926,282.16635110169267,286.97894287109375,7051100
2026-03-04,286.78047821184975,292.06934726969536,285.46072137240793,289.70770263671875,7796000
2026-03-05,287.81245235313276,289.1421418264066,284.52798914087526,286.5423278808594,5397900
2026-03-06,285.12337070169843,289.08258097242623,280.866456550322,284.27001953125,6816900
2026-03-09,282.0,285.20001220703125,278.6600036621094,285.1700134277344,10348800
2026-03-10,287.3800048828125,287.5799865722656,278.8999938964844,282.3399963378906,6075600
2026-03-11,282.3800048828125,286.2200012207031,280.6000061035156,285.25,6878800
2026-03-12,284.7799987792969,287.55999755859375,276.2900085449219,277.04998779296875,10512300
2026-03-13,278.05999755859375,282.8800048828125,277.80999755859375,282.0899963378906,4737600
2026-03-16,283.9800109863281,287.3999938964844,281.0400085449219,285.489990234375,4854000
2026-03-17,287.79998779296875,288.989990234375,284.8399963378906,287.57000732421875,5752000
2026-03-18,285.20001220703125,288.3999938964844,283.07000732421875,284.3299865722656,4544100
2026-03-19,284.0,287.54998779296875,280.07000732421875,280.44000244140625,5542100
2026-03-20,278.989990234375,283.1000061035156,275.0,275.5899963378906,38893000
2026-03-23,279.1400146484375,280.75,269.0899963378906,269.5400085449219,10424200
2026-03-24,268.8699951171875,273.3800048828125,267.5899963378906,272.2799987792969,5911700
2026-03-25,275.0,276.0799865722656,267.1099853515625,270.54998779296875,8121200
2026-03-26,269.989990234375,274.6400146484375,267.17999267578125,268.04998779296875,6218800
2026-03-27,267.5,267.6700134277344,255.97000122070312,259.0199890136719,10735300
2026-03-30,260.17999267578125,262.3299865722656,256.6700134277344,261.7900085449219,7774700
2026-03-31,263.0,271.8800048828125,262.6099853515625,270.5899963378906,9170800
2026-04-01,274.2099914550781,275.29998779296875,270.760009765625,273.9800109863281,5473400
2026-04-02,272.2900085449219,279.0400085449219,271.5299987792969,277.260009765625,6407000
2026-04-06,277.8800048828125,283.29998779296875,277.25,281.3599853515625,7097000
2026-04-07,308.8500061035156,312.42999267578125,300.75,307.7300109863281,22099800
2026-04-08,312.0,312.9700012207031,304.8299865722656,305.9800109863281,9645000
2026-04-09,305.82000732421875,307.8900146484375,304.1400146484375,306.9100036621094,5742000
2026-04-10,307.95001220703125,310.3699951171875,304.20001220703125,304.3299865722656,5212900
2026-04-13,303.25,313.32000732421875,302.9200134277344,313.0,7972200
2026-04-14,312.510009765625,319.6199951171875,312.510009765625,314.19000244140625,5864500
2026-04-15,316.0,317.760009765625,311.1499938964844,314.04998779296875,5041200
2026-04-16,315.0,318.6099853515625,313.1099853515625,316.3999938964844,5205600
2026-04-17,320.04998779296875,325.2699890136719,317.1400146484375,324.6300048828125,9414700
2026-04-20,324.19000244140625,325.3999938964844,320.1199951171875,323.4800109863281,9050600
2026-04-21,353.010009765625,357.67999267578125,345.2300109863281,346.010009765625,26097300
2026-04-22,350.8800048828125,358.55999755859375,349.1000061035156,353.5199890136719,11807300
2026-04-23,354.67999267578125,356.8500061035156,350.5,354.55999755859375,7255800
2026-04-24,356.489990234375,358.2799987792969,351.3900146484375,354.9200134277344,8554600
2026-04-27,353.9100036621094,356.489990234375,348.95001220703125,354.69000244140625,7256100
2026-04-28,356.8399963378906,369.6300048828125,355.7200012207031,366.7699890136719,10604100
2026-04-29,366.0,370.8399963378906,365.010009765625,370.739990234375,9046600
2026-04-30,368.510009765625,371.989990234375,363.0,370.4800109863281,6879900
2026-05-01,371.9599914550781,372.8999938964844,367.0199890136719,368.7799987792969,4945400
2026-05-04,368.54998779296875,370.8299865722656,364.6499938964844,370.75,4916900
2026-05-05,370.4800109863281,371.79998779296875,361.80999755859375,363.8699951171875,6489000
2026-05-06,363.1000061035156,368.54998779296875,358.25,367.2799987792969,6695500
2026-05-07,366.6400146484375,369.80999755859375,364.7200012207031,369.739990234375,5235400
2026-05-08,371.989990234375,379.9800109863281,371.989990234375,379.9800109863281,6449200
