Date,Open,High,Low,Close,Volume
2020-01-02,180.78142646368454,182.82836901549436,180.51360329580422,182.80923461914062,8733000
2020-01-03,180.21709088663084,182.6562083581425,179.74839303205798,181.3553466796875,4899700
2020-01-06,179.82492469405804,180.9823149398052,179.02145512914066,180.9631805419922,10109500
2020-01-07,181.34579781846904,181.83363013889192,180.39885666992203,180.4849395751953,4392300
2020-01-08,181.25012204064214,184.1292283570191,180.59012402972996,183.57444763183594,5712000
2020-01-09,184.60750501862162,185.48749759163042,184.1483816316756,184.8466339111328,6748000
2020-01-10,185.08576136961665,186.1092400273639,184.71272088400028,185.34402465820312,6586400
2020-01-13,185.98489858555578,187.0944602022365,185.83185258423362,186.83619689941406,11290500
2020-01-14,188.18486987447739,188.38572996162426,186.65443919448578,187.52487182617188,6236500
2020-01-15,188.43358489969484,191.4466033886629,187.78316125704004,191.11183166503906,10831100
2020-01-16,192.2596054249457,192.73786314988337,191.09265540847636,192.21177673339844,9983700
2020-01-17,192.98657842801185,195.84656527038433,191.28398186092627,195.79873657226562,12518900
2020-01-21,195.25355970566298,199.3283114417627,194.9379077648334,198.27613830566406,14861700
2020-01-22,198.48657858089715,200.99265977766044,198.2761439476894,198.859619140625,8065000
2020-01-23,198.85957809908396,199.3378358767107,196.37264641258648,197.5395965576172,8520800
2020-01-24,198.40049018299482,198.94571115267578,195.33008287515173,196.08572387695312,7812900
2020-01-27,191.30307288055732,194.48827079545055,190.44221489070128,192.91958618164062,7198900
2020-01-28,193.5891712532421,194.97611580769865,193.00569621505812,194.0291748046875,7215700
2020-01-29,195.4161510542917,196.9657017434678,193.70397986007833,195.95179748535156,7041700
2020-01-30,195.1291757110221,199.43349576347111,194.47875213104794,199.15611267089844,8571900
2020-01-31,192.72834035454272,195.11005494229875,189.63878434803857,190.3179168701172,16699600
2020-02-03,191.24570182774616,193.46481008707477,191.15961893992153,192.07786560058594,10885900
2020-02-04,194.65092438758703,196.00917478667247,193.43614549023712,194.70831298828125,10205900
2020-02-05,196.56390386353357,196.6595612363667,191.25524076714407,193.99087524414062,8672400
2020-02-06,194.22046621916206,195.73176239075752,193.67524540362786,194.2108917236328,7001200
2020-02-07,193.19703470733037,194.9665945694457,192.3457363282406,193.9239959716797,5691100
2020-02-10,193.18744204676,197.16655013969833,193.08222475503865,197.0326385498047,6239500
2020-02-11,198.4769857824061,198.6395916819762,194.7848350052455,195.07179260253906,10231900
2020-02-12,196.0857010054147,199.09871935348747,196.0857010054147,198.4196014404297,7355800
2020-02-13,197.92149380797957,199.6936164496146,197.37549785543607,198.6686553955078,9495300
2020-02-14,199.52113399006197,201.90631203822247,199.2529229585104,201.4369354248047,6548800
2020-02-18,201.1591766987306,202.59602796086438,200.54612074487645,202.30865478515625,7651500
2020-02-19,203.57312912639424,205.1536599648754,202.80680538612077,204.32986450195312,5927500
2020-02-20,203.1995523048432,204.69387558870875,199.51162745405432,202.5481719970703,8531900
2020-02-21,201.06336491870533,201.36990017967244,198.6877751118332,200.01925659179688,9231500
2020-02-24,189.55903748294944,195.19150031289922,185.84237674575428,190.421142578125,13316800
2020-02-25,190.42115904225264,191.47485613093608,179.81720114255333,180.46856689453125,18539000
2020-02-26,182.00115005344773,185.36337656358154,179.1561835385629,179.32861328125,14214700
2020-02-27,174.45291905719827,178.49526229854797,172.4221736887812,172.43174743652344,17536600
2020-02-28,166.47360597302745,174.6540885809812,165.6977085127724,174.1080780029297,22659000
2020-03-02,178.47609897608135,184.33844768438516,175.39165697319285,184.2330780029297,17434500
2020-03-03,185.06643964437862,185.87107284325688,176.7327052470666,177.91091918945312,15226400
2020-03-04,182.34603649814062,186.30217233909562,178.3324289353215,186.11058044433594,10789100
2020-03-05,183.18895614266145,183.8403216775023,177.82470576079126,179.08914184570312,10106900
2020-03-06,175.81311657757968,178.15998536655127,172.4029918708124,176.59860229492188,15183200
2020-03-09,164.00220144447576,172.01025267051293,161.22428037080374,163.92556762695312,20486400
2020-03-10,171.91448506878385,174.92229347417785,164.64402034917975,174.9127197265625,16119400
2020-03-11,170.1710606082666,171.20559516139772,163.03470301880648,165.66893005371094,14598200
2020-03-12,151.82730450081846,164.75896766019417,150.38087929082513,153.34078979492188,27467700
2020-03-13,161.617043047021,168.8970958250125,155.38111337161234,168.42771911621094,19948900
2020-03-16,144.77711990979242,158.35057189015174,141.75015000803174,145.61048889160156,23692000
2020-03-17,149.19305844930926,156.8083673377261,142.96670287999618,151.2429656982422,22298000
2020-03-18,142.20996322504388,144.33648961415003,133.91453855427102,142.22911071777344,22787500
2020-03-19,140.73480962835595,150.62992846358978,135.51425223286785,145.84042358398438,19362800
2020-03-20,148.3022234965524,151.59739029572074,139.53742154237634,140.64859008789062,18692100
2020-03-23,135.38011328678667,137.31507687344578,128.2916390436338,130.02545166015625,30344100
2020-03-24,138.7423526829362,148.71410382928167,137.53540289927162,148.0244140625,24488300
2020-03-25,152.61277971462155,161.09976772976233,147.114423239491,154.96920776367188,20619600
2020-03-26,155.25659501798373,162.39295450719516,154.97879554425455,161.77032470703125,17062900
2020-03-27,154.2986954973366,160.0652636347231,151.49203795473727,154.75848388671875,14950700
2020-03-30,154.260365574668,158.8870290076512,153.9251090054543,158.59967041015625,15714500
2020-03-31,159.42342610191076,161.10934089585876,153.78139086932399,154.33697509765625,20613100
2020-04-01,149.73911472702233,151.41544173888585,145.04539032395755,146.66424560546875,12595200
2020-04-02,146.10862384499944,151.6836141270084,144.9208214610986,150.76402282714844,14051100
2020-04-03,149.01107998125696,151.0801496875171,144.259899118448,145.457275390625,11994700
2020-04-06,153.28330737903332,163.5424179177404,151.58781867940874,162.30673217773438,16479100
2020-04-07,170.27644127476762,171.27266629387805,161.0231306373753,161.49249267578125,15379000
2020-04-08,163.81065187692732,168.59058333685132,160.86031491456325,167.57521057128906,11146500
2020-04-09,168.84922463370603,169.7304918585637,165.57320474899254,166.37783813476562,12231800
2020-04-13,165.00804333325675,165.0655296788218,159.15526684638007,161.87571716308594,14043700
2020-04-14,165.80304394460842,168.04452828137,163.6381934248822,167.2686309814453,9980500
2020-04-15,161.5978596235003,162.23007764999662,158.0057316771433,158.9732208251953,12118700
2020-04-16,160.07480192587394,160.92733304604496,153.0725494754121,155.58224487304688,20308200
2020-04-17,162.50788127997387,163.79147959003268,158.00574998872713,162.4025115966797,15375800
2020-04-20,160.28556044102552,160.38134176183223,156.32942501987048,157.30648803710938,10505200
2020-04-21,155.17990466987575,155.72591505403253,152.44988198189972,153.77178955078125,10562100
2020-04-22,157.72796422876016,160.63997650634258,156.0612114164208,159.5767059326172,14502500
2020-04-23,160.81238520601573,163.23587297366885,159.21269268143405,159.3755340576172,11411300
2020-04-24,161.34883004928534,161.6457769898711,157.1053214587377,160.27598571777344,8391400
2020-04-27,161.54999534386357,165.09424068303045,161.45421401516742,164.52906799316406,9903300
2020-04-28,167.63268686559078,167.6422606143611,163.2071886095905,164.04055786132812,8614400
2020-04-29,169.40477696094146,174.57743588122972,168.6863512988788,174.1367950439453,12862800
2020-04-30,174.1271726898687,174.17507064391714,170.18062683185636,171.1959991455078,11331600
2020-05-01,167.10580623226966,172.07731415712192,166.93339108908538,168.1786651611328,10109600
2020-05-04,165.66894273290558,169.4909722397855,164.49072882516916,168.73422241210938,9386200
2020-05-05,171.55047093316318,173.47586112203032,170.7554114217197,170.92784118652344,13513000
2020-05-06,172.15393864190466,172.91067386772636,170.39140461951973,171.25350952148438,8540500
2020-05-07,174.09848390837445,177.19249963984666,174.06017430462074,175.02764892578125,9262200
2020-05-08,177.24041036210787,177.93010021056782,175.88976652417307,177.29788208007812,6470100
2020-05-11,176.12926816529577,176.8476939804473,173.79198717471047,175.8323211669922,8683100
2020-05-12,175.83225441985306,176.24415933137817,171.81864805084024,171.91444396972656,8219700
2020-05-13,171.27157569036783,173.75668915716227,167.95168324340264,169.91867065429688,13377100
2020-05-14,168.81529621805623,173.7183668940853,166.7811504938169,173.57443237304688,9695100
2020-05-15,172.69163866644203,176.68318142853659,171.62658794484656,176.05950927734375,10785900
2020-05-18,180.3869344329739,185.02134519685478,179.8783979699389,183.63006591796875,11802200
2020-05-19,183.39975090625865,186.6236876905586,181.56709318427755,181.69183349609375,7446800
2020-05-20,185.18442307948118,187.0938428679609,184.61831877144343,186.0095977783203,9545600
2020-05-21,185.66418115645968,185.77931704883895,182.32510850952676,182.9008026123047,11338100
2020-05-22,183.26541834433266,183.62043043824224,181.5670907345745,183.13108825683594,5807600
2020-05-26,187.8710781966034,188.32204670891684,184.9541748556449,185.3955535888672,9662200
2020-05-27,186.44137150236668,186.44137150236668,180.88584526686984,185.01171875,7650300
2020-05-28,185.70257265632907,190.260220949793,184.90619647007972,186.39341735839844,8352200
2020-05-29,186.62368614319269,188.77298219519926,185.45308909997001,187.33372497558594,10211900
2020-06-01,186.82517387804452,187.94779266399846,185.68336089789437,186.47975158691406,6011300
2020-06-02,188.00541114808124,189.52143079777468,187.0267119532899,188.4084014892578,8462100
2020-06-03,189.9819194932411,190.11624955775267,187.6503302361732,188.89767456054688,8879400
2020-06-04,188.04374539416617,188.50431823663615,185.2995610981945,185.7985076904297,7829800
2020-06-05,188.25481886367723,191.68025766396474,187.56397430968445,191.5267333984375,8561200
2020-06-08,191.4979566847681,191.86257316899096,189.14717301321843,191.51715087890625,7628100
2020-06-09,190.32737436089096,193.50333293383738,190.2122384689765,191.01821899414062,6892300
2020-06-10,191.80501192438385,193.9926817913328,190.89348525330212,192.3615264892578,8405300
2020-06-11,187.23781974067387,188.40841710338725,181.10658289736023,181.2313232421875,11974600
2020-06-12,186.34545732112298,187.1034597674229,180.24300543230402,184.4744110107422,11706300
2020-06-15,179.42742124468148,184.68550414213715,178.66941879478082,183.99465942382812,6752700
2020-06-16,188.88814630580146,190.34659793900207,184.033053568875,185.06932067871094,11057200
2020-06-17,185.81772758924257,187.45847281474627,185.24201877696,185.72177124023438,5968900
2020-06-18,184.8006679859616,186.38384537215126,184.33050526745765,186.0576171875,5803200
2020-06-19,188.91688867913962,189.11839111760023,183.620418386684,184.41680908203125,11483300
2020-06-22,184.21534805694466,188.40837971737923,183.5436829250482,187.06507873535156,6674500
2020-06-23,188.30280618509312,192.04486883382046,187.8902261724121,189.95315551757812,9866800
2020-06-24,189.04162017266432,189.48298413595657,182.96795366221357,183.65879821777344,9453100
2020-06-25,183.36136164675125,186.37420594432825,182.2099442461951,186.12472534179688,9936600
2020-06-26,185.28040484703357,186.26869373770182,181.4231909912811,181.60549926757812,11836000
2020-06-29,182.21959244022744,183.69722365263627,179.71528388187897,183.63006591796875,8020400
2020-06-30,183.73560345009014,185.90407931094762,182.45946014230125,185.34756469726562,9040100
2020-07-01,186.0000642284277,187.4393218377035,184.8582508491939,185.93289184570312,6394100
2020-07-02,188.06293043771677,189.90517779530302,187.10342569058557,187.7462921142578,6299300
2020-07-06,190.6823993651376,191.11417362993177,187.75590657349318,189.75167846679688,7292200
2020-07-07,188.8401388216889,190.84550035555398,185.96162439918652,186.33583068847656,7660100
2020-07-08,187.18019829779857,187.60238275269344,185.29956244623443,187.1706085205078,8368000
2020-07-09,187.10343404112592,187.57359665892085,182.2579319236795,184.42642211914062,8548200
2020-07-10,183.8890615364606,185.0116948683841,181.76856444478096,184.75262451171875,7674200
2020-07-13,185.76970845514842,187.28572766174068,181.0585367907287,181.36558532714844,8564100
2020-07-14,181.82613299447715,185.63536766436528,179.60007515657972,185.50103759765625,8003900
2020-07-15,187.32409922914331,189.76124937576242,186.6236648947943,188.5906524658203,7681100
2020-07-16,187.4200955688874,187.78471211926743,184.72388911804484,185.66419982910156,5064000
2020-07-17,186.940322839877,187.65036166600876,185.29956318199902,187.18978881835938,6395000
2020-07-20,186.85398846429229,191.40203229499792,185.8273111993412,190.4329376220703,6985300
2020-07-21,191.9009595221936,192.0640735808817,187.75589176889122,188.52349853515625,7218700
2020-07-22,188.52350275177704,190.9414589952848,188.30282074283738,190.80712890625,6823400
2020-07-23,190.40416798051697,192.81252017679793,188.47555362681805,189.43505859375,6106700
2020-07-24,187.7463221360206,189.4830236634962,186.17273468473456,187.24737548828125,7160300
2020-07-27,187.25694764592322,189.79962933799337,186.3358166580923,188.9360809326172,5604700
2020-07-28,189.68453703363855,191.29649833157987,188.74422627650614,188.77301025390625,6897300
2020-07-29,185.2707807163246,190.83591155653565,185.23240696581567,190.53846740722656,9471300
2020-07-30,187.29532715577784,188.6002542215062,184.34005072336714,186.2014923095703,10499400
2020-07-31,186.54689485213305,186.80596521062893,181.7685657291072,182.68968200683594,14180800
2020-08-03,184.03305340564904,185.51068459523117,182.50744404011192,182.96800231933594,11405200
2020-08-04,183.39017454019262,185.1268760507239,182.38269147625576,184.50318908691406,8204000
2020-08-05,185.72175453616902,190.1546622130399,185.2803905085481,188.15890502929688,8876800
2020-08-06,188.04376778530755,190.86471455759258,186.9019546021557,190.72079467773438,7480300
2020-08-07,189.58858853419528,189.96279489677957,187.39132853663818,188.4084014892578,5654000
2020-08-10,188.40838853588264,190.27942022016768,187.42009962980174,188.8209686279297,5525400
2020-08-11,189.80925441527813,194.6739363392524,188.3891767111006,189.7612762451172,11549600
2020-08-12,190.94146733591177,192.12165421547564,190.21224891228118,190.69200134277344,5432500
2020-08-13,189.43314307010434,192.13342540338067,189.33704166470733,189.86557006835938,7014800
2020-08-14,189.31781381247757,190.3364388304746,188.12623852763815,188.96226501464844,5014400
2020-08-17,189.59651589786904,192.63313868192077,189.02955569347804,191.64334106445312,6256200
2020-08-18,192.17184342239133,192.28716803322217,189.1352357134543,191.23971557617188,6519900
2020-08-19,191.15324087840858,194.9201841778697,191.1340176653203,193.14242553710938,9467600
2020-08-20,192.09500096406364,196.4577471993899,191.80672604090694,196.17906188964844,8849200
2020-08-21,196.515399917356,197.13041085135907,195.40068801728256,196.15985107421875,9998300
2020-08-24,197.00543810219713,198.3892160615103,196.67871682375207,198.3507843017578,6159600
2020-08-25,199.10031968782374,200.07087920722356,197.51473473472888,199.97479248046875,5828300
2020-08-26,199.97480846287212,202.56938490083,199.20604127232528,202.0504608154297,7035200
2020-08-27,202.96338486029768,203.8954980549332,200.88771779606492,202.7904052734375,8619600
2020-08-28,203.72252334001874,207.72010090204063,202.9729793800164,207.2876739501953,7349800
2020-08-31,207.12430075759247,207.52791489064475,203.29970273512527,203.71292114257812,9326900
2020-09-01,203.9243175233198,205.538715285037,202.8768651699295,205.01980590820312,5642900
2020-09-02,205.7693518566184,208.86362892686932,205.42340738096883,208.027587890625,9863800
2020-09-03,206.5381290382213,206.5381290382213,199.00424251482175,200.80123901367188,11310200
2020-09-04,200.34957367922908,202.28108853333262,192.33519541720065,196.6691131591797,13243600
2020-09-08,192.94059997080385,194.35320540563126,191.4319078057721,192.30636596679688,14186900
2020-09-09,196.37122981586694,198.2354708606388,194.06492819945473,196.09254455566406,7532600
2020-09-10,196.86130765925046,198.91775145980222,192.6234911742442,193.67092895507812,7243000
2020-09-11,193.70936622656396,194.50696086492118,191.14361740012058,192.84449768066406,7439000
2020-09-14,195.41030656042795,198.35082804088748,195.20849945393763,196.97665405273438,11730500
2020-09-15,198.67750524332823,200.08050641164573,196.7748178840058,197.37060546875,6328600
2020-09-16,198.66792737577427,199.63848706428433,196.94780897509872,197.12078857421875,6135000
2020-09-17,194.9297546196253,197.55315802741347,194.11293689126433,197.25526428222656,7474900
2020-09-18,197.44750598711727,197.68774483562808,193.8439232594549,194.6991729736328,9084100
2020-09-21,192.1046186162607,193.39229547445714,187.0980339810701,189.74066162109375,9656000
2020-09-22,190.35562631677013,192.87333910033112,189.11600046758096,192.72918701171875,7543100
2020-09-23,192.95987861919838,193.23854927877076,186.97312960966673,187.74188232421875,6310600
2020-09-24,187.53046858229192,189.9520806592805,185.58934894041326,187.8860321044922,9865300
2020-09-25,187.40555045925464,190.40372700297894,185.95449823319453,189.54847717285156,5496100
2020-09-28,192.796474742222,193.84391254470816,192.02770753687793,192.4985809326172,5565300
2020-09-29,192.74844270979338,194.47816542358328,191.5856801829352,191.6529541015625,5513500
2020-09-30,193.00786147083573,194.63186347291662,191.1243827911437,192.16221618652344,9157600
2020-10-01,194.31480496968496,197.18805233610226,193.7670533334685,195.41029357910156,7234600
2020-10-02,192.19106917784546,194.91057456627377,191.61449010510597,193.5940704345703,6019700
2020-10-05,194.79528487365923,195.69857067579508,193.20009531447604,195.59286499023438,6090500
2020-10-06,196.14062041612615,197.09197160452416,191.91242223816855,192.62351989746094,5841100
2020-10-07,194.1130012538931,194.87214960904984,192.18148607455763,194.5646514892578,6713400
2020-10-08,196.03494261265385,196.32323222557034,194.3340470931635,195.0547637939453,3955600
2020-10-09,196.03487132485557,198.99461525932188,195.72735860609953,198.57179260253906,5562900
2020-10-12,198.86009534633442,199.84987814831143,197.6973329627906,198.34117126464844,6622700
2020-10-13,195.4390916487382,197.1976415896871,195.10275143190114,196.34239196777344,5621700
2020-10-14,196.71719862848116,196.96704176934458,193.276976322816,194.30519104003906,5320000
2020-10-15,193.16165376725235,196.7075817980249,189.88480675808484,191.7586669921875,8885500
2020-10-16,192.18142486042154,194.737554404004,191.62406911637385,192.4408721923828,6385900
2020-10-19,193.007900113595,193.21931147700045,188.82773821164236,189.27938842773438,7449600
2020-10-20,189.83674329168406,191.864359783837,189.029544270177,189.9808807373047,7427000
2020-10-21,190.1058086044936,192.5946795721937,190.1058086044936,190.682373046875,6067200
2020-10-22,191.55684826886107,191.97006672070287,188.11662613505925,190.2595672607422,4908200
2020-10-23,191.9508303984123,192.0757592855798,188.36647106282456,190.2787628173828,5877200
2020-10-26,188.34731616981094,188.75091580204096,183.2734712746046,185.53172302246094,12608700
2020-10-27,185.46440204589487,186.13706792900206,181.8319916140995,182.63919067382812,8690400
2020-10-28,176.79652397687343,177.4884128562923,172.33769267784723,173.80795288085938,17809500
2020-10-29,175.8548429963254,179.69866470116312,172.337742617275,177.65182495117188,16820900
2020-10-30,175.52810851127757,177.02719651769576,172.23202402171674,174.61520385742188,10252900
2020-11-02,177.30590143109205,179.62180780193478,176.71011368837586,177.5269317626953,8057100
2020-11-03,179.53529081696658,182.1298673440595,177.93049713293868,180.986328125,6467900
2020-11-04,185.35869650390197,189.19291403511934,184.05179650298462,186.3965301513672,8102700
2020-11-05,190.61513743811,193.14245514660794,189.5869079939773,189.92324829101562,7132100
2020-11-06,189.64455980683604,191.88357305328805,187.79951247942472,190.7208251953125,6180500
2020-11-09,206.30753700408295,209.1519570502235,203.99163074833496,204.37600708007812,17916900
2020-11-10,203.6648801341324,205.70210079306065,202.32915277819103,204.98138427734375,7943600
2020-11-11,203.8859279092562,205.91354461304704,203.40545015634856,204.39523315429688,5337200
2020-11-12,203.4809160873955,204.54918430324065,199.35221252540995,200.4300994873047,7302500
2020-11-13,202.01811855937277,203.33660663131454,199.5062448823527,202.56668090820312,6377500
2020-11-16,206.5028902541194,207.0033294141059,203.86589983450506,204.70318603515625,12083200
2020-11-17,202.64364033475618,204.11611623682384,201.6234951670606,202.7880096435547,7268800
2020-11-18,201.83520739385725,203.2114369695202,199.86227782728648,200.01626586914062,6977900
2020-11-19,199.44845740725557,200.88242886991205,197.8027413669319,199.76605224609375,5657200
2020-11-20,199.34256232758054,200.28571327043036,196.14737693022326,196.21475219726562,9653500
2020-11-23,197.0039406271576,201.1422775032411,197.0039406271576,200.3338623046875,6101900
2020-11-24,202.92274722678985,205.7810862807433,201.52725065555094,201.79672241210938,10110800
2020-11-25,201.7871094094504,203.9813878810927,201.0171837894632,202.96124267578125,6772900
2020-11-27,204.02949617937279,204.05836710308003,200.95942735422616,203.0670928955078,3512900
2020-11-30,201.6619693569088,202.6243726012457,198.83251615404907,202.4415283203125,7725500
2020-12-01,204.15459461024136,205.63668907022415,203.10556396620996,203.25955200195312,8047900
2020-12-02,203.06707072185444,203.45202611932223,200.64181059950752,202.27789306640625,9728900
2020-12-03,201.8929810892786,203.17297935454854,199.8045675043993,200.22802734375,9203300
2020-12-04,201.8544910881021,204.72244906117805,200.67072435226052,204.68394470214844,5720100
2020-12-07,204.00061739669937,206.4354964362672,203.8370106069582,204.65504455566406,10624500
2020-12-08,202.05655418626253,205.11700407854164,201.9988123423699,204.77053833007812,8646200
2020-12-09,205.21323587336096,205.47308885634436,201.09415123877775,201.70046997070312,6251100
2020-12-10,200.67069194395822,201.43099871834605,199.45806916234827,199.80453491210938,10492000
2020-12-11,197.63916428681725,199.1116403250007,196.81149676923414,198.486083984375,9227600
2020-12-14,200.03551665804966,203.35580485504215,199.18859711883476,199.45806884765625,11967700
2020-12-15,200.6996080175864,201.56577992940657,198.40909780369168,200.52638244628906,9796100
2020-12-16,200.6418395150004,201.26741048242357,199.3522225940124,200.4397430419922,7504400
2020-12-17,201.14227863916858,203.817758491235,200.99792402615023,203.2403106689453,6517200
2020-12-18,203.08635749010972,204.0102564754482,201.97958483492957,203.36544799804688,13298200
2020-12-21,200.43971702231656,201.91219273209552,197.0905433389971,201.15188598632812,7576700
2020-12-22,200.55528259271574,200.56490134192984,197.87018305065038,198.1011505126953,7396200
2020-12-23,199.53508321538197,199.53508321538197,197.39854665820678,197.58140563964844,6523100
2020-12-24,198.8709978879597,200.969044513164,198.83250822116943,200.85354614257812,3367900
2020-12-28,201.96032342161428,205.43459966470948,201.09415170469865,204.63580322265625,5816200
2020-12-29,206.54139164561286,207.14771047916935,205.51161297180172,206.31040954589844,6093400
2020-12-30,207.87908800294835,212.10403739856696,207.54224101408587,210.15036010742188,8875100
2020-12-31,210.1888596395372,211.55548514956257,208.071575469737,210.50645446777344,5922200
2021-01-04,211.96934194508503,211.96934194508503,206.18530298614024,209.5729522705078,10318300
2021-01-05,208.17748906869133,210.24666530867663,205.60787360522448,206.44515991210938,6869700
2021-01-06,205.76181840140498,208.04270941148087,204.0968648857639,204.6261749267578,7206200
2021-01-07,204.222014194842,207.12847679742833,204.222014194842,205.771484375,10967900
2021-01-08,206.11794774121557,207.9946315555202,204.75133658707804,207.34982299804688,6513000
2021-01-11,205.91584132592905,206.78199852618852,204.4914736971276,204.8860626220703,7353100
2021-01-12,204.35669694764977,204.78977546119066,199.66979794857488,201.00753784179688,9331600
2021-01-13,201.53685255870144,203.0670700837218,200.78617925642325,201.47911071777344,6688500
2021-01-14,202.6532602391491,203.2691977342911,194.145604313295,194.27072143554688,12887500
2021-01-15,193.96275641413476,195.61809128025044,192.89448815385208,194.01087951660156,8755000
2021-01-19,195.41603312091326,196.49392033896854,192.54807480995223,194.0782928466797,9772000
2021-01-20,195.39675159243467,199.40035306549782,194.62682597298254,198.26470947265625,12675700
2021-01-21,198.30323512775638,199.38112229968613,197.05210769741717,197.4274444580078,6513500
2021-01-22,196.3206487555459,197.61026561568937,194.21298324010226,194.42471313476562,7316200
2021-01-25,192.8078601258625,194.05898726546658,188.3904328119395,193.42379760742188,19282400
2021-01-26,194.17448401449525,195.8394522924275,193.41419187092782,194.4150848388672,9605300
2021-01-27,190.20938552827946,192.19193395481216,186.66774847216448,187.6397705078125,13772400
2021-01-28,192.48067017352466,194.4054768752599,190.71947027922374,190.76759338378906,11041300
2021-01-29,190.38264174467824,195.41600725906906,185.56099146143336,185.9844512939453,21503000
2021-02-01,187.8033735280863,191.72036188599876,187.6878898349163,190.90231323242188,12970700
2021-02-02,193.29871388516779,196.6671255258894,192.48066518409166,194.99253845214844,11305100
2021-02-03,195.43523629328806,195.85868139054222,193.42380232706643,193.78952026367188,13458600
2021-02-04,195.5988502973032,201.79671516053583,195.4641144238657,201.3828887939453,14534800
2021-02-05,202.08545934875306,202.22982866805378,200.81509451254652,200.92095947265625,10284000
2021-02-08,202.10466191445622,202.7302180891964,198.1684365473098,199.11158752441406,8637100
2021-02-09,198.02408781177365,199.82379187858635,196.04153946260243,198.75552368164062,7619400
2021-02-10,200.15103436274856,200.15103436274856,198.1973566542015,198.67855834960938,8467600
2021-02-11,199.84486142842118,203.95105929841486,199.70991637282256,203.0546417236328,8411100
2021-02-12,201.80153855152957,203.50764088427735,200.1821834455557,202.3798828125,6911000
2021-02-16,203.05465365884552,203.4305731006739,199.86415524344667,200.394287109375,9652700
2021-02-17,197.84958704156566,200.7605614845191,197.65681049144266,200.0183563232422,8373200
2021-02-18,198.44716090419223,202.12924057235892,197.56037724218402,201.79188537597656,7328600
2021-02-19,201.78228229235182,201.9654251553439,196.40373292595,197.33871459960938,15011500
2021-02-22,196.20133812952588,203.04500152209542,195.77722087828607,200.79913330078125,8337700
2021-02-23,199.9123372908934,206.18731948150133,199.09303323377776,204.45230102539062,10571700
2021-02-24,204.69327829286257,212.56831928006147,203.66190088486576,211.50802612304688,12039000
2021-02-25,211.37303517662772,212.49115958897212,204.90529244648653,206.03305053710938,11404300
2021-02-26,206.3222411808584,207.44036569350575,203.13174314369135,204.72216796875,11730000
2021-03-01,207.20902408517196,209.9368554767253,207.03551490603954,208.80909729003906,6982000
2021-03-02,209.1271885868238,210.06215554343575,207.06444871732833,207.9801483154297,6155200
2021-03-03,207.38254127277872,209.34890040950094,205.17522246892918,207.0933837890625,6484600
2021-03-04,208.17294179851598,209.18503710317114,201.13648718985206,203.86431884765625,10658900
2021-03-05,206.01379286856294,208.29823977097715,202.06182224425592,207.63314819335938,7582000
2021-03-08,209.14648731425984,217.9661587650869,208.01872894013627,212.31771850585938,14750400
2021-03-09,214.0430568622062,216.8769176055168,212.2405734090818,212.40443420410156,9228600
2021-03-10,212.7514455310755,216.09617084648085,211.47909384212124,215.1129913330078,7822900
2021-03-11,216.4239033623832,219.99032115208175,215.72989598939327,217.98541259765625,10053400
2021-03-12,217.14680888293287,218.36131433327023,215.35395909934496,216.26002502441406,8172400
2021-03-15,216.13471439038165,218.89146160017847,213.73461922739813,215.20938110351562,9306100
2021-03-16,215.6335042368851,217.4359877553839,214.27440530736618,216.58775329589844,8949300
2021-03-17,216.92512496160384,218.07216528511495,213.75389410155455,214.96841430664062,8675600
2021-03-18,213.43579392289107,214.48645326542706,211.65259256013601,212.693603515625,9321800
2021-03-19,211.20920202078887,212.22129727281072,199.41110678643108,199.4303741455078,32209700
2021-03-22,199.09302846821532,204.6257906190507,198.78457421321946,200.4906768798828,11371600
2021-03-23,201.50275513532108,202.37990530236925,200.0087112183735,200.63523864746094,8820700
2021-03-24,201.21356383977326,203.5172778266765,200.42316098429652,200.55812072753906,10101600
2021-03-25,200.1725740502558,201.28106490026858,198.35080852747885,200.4617462158203,8390800
2021-03-26,200.73166697894555,205.9849057422148,200.2015203790759,205.821044921875,7399900
2021-03-29,204.78005916768734,207.51752504889862,203.4980734883801,206.76568603515625,7792300
2021-03-30,205.31974340678912,206.41858565927788,203.77751666548977,204.24981689453125,5498000
2021-03-31,204.87638616889055,206.3800636925232,203.91248881190486,204.0859832763672,13180000
2021-04-01,206.06201654244776,209.87905730229704,204.6354522902618,209.03082275390625,6138400
2021-04-05,210.7079928047979,212.54902579430976,209.46455683218952,211.13209533691406,10440500
2021-04-06,209.7633665738384,211.47910292536977,207.56568147844075,210.7561798095703,7828100
2021-04-07,211.2092120945739,213.05989349984267,210.7465454202338,211.3538055419922,5614300
2021-04-08,212.0285062529282,214.77561964833092,210.23565655136053,212.73214721679688,11042000
2021-04-09,213.02132205212467,214.5635637510494,211.58510965384986,214.4864501953125,5724900
2021-04-12,212.28877551238043,213.89848245730838,211.305596014481,213.474365234375,6315200
2021-04-13,213.02132157182783,213.61893324255797,212.26948278997156,213.0406036376953,4764000
2021-04-14,213.02131185032172,215.04550214473159,212.1248943851357,213.96592712402344,4972600
2021-04-15,215.8070185120085,219.41200058757497,215.77810276259268,218.11073303222656,8698100
2021-04-16,218.96857970886904,219.57583980267998,217.6094807883911,218.23602294921875,6829400
2021-04-19,217.5998477905504,219.36378187645926,216.9540382685905,217.63839721679688,6541600
2021-04-20,216.664870854693,217.24321521645214,213.81174259671488,215.21902465820312,5799100
2021-04-21,215.24794462208976,219.6433147922565,214.82382737621253,219.2384796142578,9490600
2021-04-22,219.09388481574717,222.5928224219515,218.69868334670113,219.35414123535156,7303000
2021-04-23,220.35659427993485,223.45071153287654,219.48909246736085,221.6964111328125,5345200
2021-04-26,222.43862296393863,224.53991238585039,221.23375112809705,222.02413940429688,5650000
2021-04-27,222.68925601416518,222.81456740569308,220.7229114287731,221.6096954345703,6642100
2021-04-28,222.61209193168122,227.74003293703058,222.3422018480214,225.02183532714844,10111400
2021-04-29,226.73760397094085,228.92565540608925,224.73269541338271,228.3087615966797,7411400
2021-04-30,226.8243528199351,227.41231613920854,223.90373004315077,225.1278839111328,10260200
2021-05-03,225.60023412263303,227.22922340474278,223.03626300058937,224.21221923828125,8174400
2021-05-04,223.23868356963604,224.0001561800742,221.91813389455075,223.6531524658203,5884500
2021-05-05,225.40742001278397,225.40742001278397,220.40478999506405,220.9349365234375,6523200
2021-05-06,221.3397610672392,223.21935802507596,220.4047794278192,222.96875,6124100
2021-05-07,223.95191150338883,224.8001458958503,222.38076879105157,223.73985290527344,4528700
2021-05-10,223.2386678203281,223.6242209387832,217.03116554100336,217.81192016601562,9627400
2021-05-11,215.66242740772103,218.24566559357848,214.02378992586793,217.339599609375,7633300
2021-05-12,215.55636484465091,216.87689948163137,212.35621864583817,212.6646728515625,7721300
2021-05-13,213.82303825839222,217.0953961075382,213.22455853761235,215.9756622314453,6650100
2021-05-14,217.9835380159298,219.6148787887585,217.11476123110066,219.06466674804688,4777200
2021-05-17,218.3310139183982,219.27701621402522,217.5008720851603,218.58200073242188,5534200
2021-05-18,220.46433453230276,221.22691321165692,217.60704694472085,217.74220275878906,6900000
2021-05-19,215.02966167824147,217.04714460883943,214.0933219428368,216.79615783691406,9311900
2021-05-20,217.61670308900315,219.70174953381317,217.42364650617404,218.58200073242188,7478600
2021-05-21,219.00671127300427,221.35237723248457,218.68816131629615,218.90052795410156,5603900
2021-05-24,220.03956243684382,222.12460857431074,219.73067489570298,221.36203002929688,4040100
2021-05-25,221.92188524001187,222.2018297582086,220.49324909071942,221.0724334716797,4689100
2021-05-26,220.13609667380464,221.39098636312005,218.52405162471695,219.1901092529297,4295600
2021-05-27,219.85615811757268,220.49325801656542,218.5143951523268,218.98739624023438,5969600
2021-05-28,219.69210026260012,221.46824449763295,219.26736691742403,219.41217041015625,5779700
2021-06-01,221.47786452382863,222.09565434516585,218.4275208369199,218.765380859375,5091500
2021-06-02,221.26549805901368,225.02050481154868,220.84076479478514,221.6902313232422,9081100
2021-06-03,221.05312969729857,222.39489264646502,219.86581788469238,220.1940155029297,6382400
2021-06-04,221.3909859145229,222.69412869252963,220.79249145294992,222.153564453125,5085700
2021-06-07,224.7695063886804,226.53598767605132,222.09562845569556,223.2926025390625,5421300
2021-06-08,224.093789580946,224.76950955661184,222.17285714685337,223.9972686767578,4170600
2021-06-09,224.43168465151422,226.700139828948,224.06486686215763,224.24827575683594,4659000
2021-06-10,225.010850576409,226.13058446939726,224.07451083374235,225.8313446044922,4452500
2021-06-11,226.25607829180458,227.26964360305413,225.59968306807468,226.80630493164062,5378300
2021-06-14,226.5553432004376,227.05730207536277,223.5339717359939,225.9568634033203,5805800
2021-06-15,226.30437579240066,226.6518835238547,224.54752705858502,224.89503479003906,7093800
2021-06-16,225.51282530545498,226.05338961605386,220.0878573935942,221.63233947753906,8905400
2021-06-17,221.2558336630435,225.24250209163327,221.2558336630435,224.0937957763672,6876700
2021-06-18,222.45280524810417,224.1227657937957,221.265493450935,222.41419982910156,8840000
2021-06-21,223.41807829208764,226.85453464876412,222.404513085271,226.18849182128906,7298400
2021-06-22,226.16917480355724,227.89705060020898,225.1459619567867,227.7425994873047,8858400
2021-06-23,227.27929394306406,227.7329849474316,225.82170001730572,226.5360107421875,6814700
2021-06-24,228.77550616917142,229.9821280371523,227.24068668812478,228.04188537597656,4611500
2021-06-25,228.19632495215944,230.2041455358955,228.119114113294,229.08441162109375,7825200
2021-06-28,229.7407774897105,230.09793280857625,223.81385213860048,225.96646118164062,9301700
2021-06-29,226.4298470658493,228.31217429005858,226.02440914438455,227.76194763183594,11897700
2021-06-30,226.9510682071004,228.1962953497477,225.70584106445312,225.70584106445312,7797100
2021-07-01,226.0726554447931,228.05151812463865,225.92786672181873,226.98968505859375,5329600
2021-07-02,227.64611722953867,230.49374198420162,227.63646955682037,230.3489532470703,4383700
2021-07-06,231.18874268218173,232.26022345664367,228.97821796998264,231.2852783203125,8048700
2021-07-07,231.92235875182473,232.67528958031906,230.03038400867953,231.67138671875,4366100
2021-07-08,228.74657083154403,228.84310648214782,226.41055243380055,228.39906311035156,6388000
2021-07-09,230.47440303307317,231.14046059896876,229.18090804585913,230.19447326660156,5615900
2021-07-12,229.3353656357871,230.23308517739466,229.03612578858457,229.61529541015625,7010700
2021-07-13,229.9821092985113,234.06531324286857,229.9821092985113,233.93983459472656,8079200
2021-07-14,234.77965879194005,238.24507327694965,234.39354568420165,237.4535369873047,8693400
2021-07-15,236.7971437163071,240.16603752642615,236.7971437163071,239.92471313476562,10135100
2021-07-16,241.31472939346747,241.76842040069326,238.9304433697136,239.50961303710938,8674500
2021-07-19,235.5229359128445,235.96696450235925,230.6095605774191,232.06716918945312,11474600
2021-07-20,232.28921451493056,235.73533402647755,231.19842351055757,234.27772521972656,7072300
2021-07-21,234.84719091872745,238.331915017342,233.8915559481329,235.20436096191406,11241400
2021-07-22,235.3202016934283,236.83572569886482,234.712059611085,235.66770935058594,10293600
2021-07-23,238.19682079586116,241.33403786840046,238.19682079586116,240.37840270996094,6766000
2021-07-26,240.5617862105487,241.67187239656263,239.10417762089364,241.56568908691406,4879000
2021-07-27,240.5424986248383,243.9017299716209,239.6061588238387,242.22210693359375,7038300
2021-07-28,241.37265086539685,242.77232934119158,237.3763196713767,238.37057495117188,9036500
2021-07-29,239.4999677229502,241.6911972124828,238.52502253254067,239.31655883789062,7495300
2021-07-30,238.6311963889851,239.83781823836472,237.4631799579066,237.8396453857422,5804700
2021-08-02,237.69482705572315,239.22964632198017,230.0979268221564,231.45899963378906,9989500
2021-08-03,232.27952689682326,233.01314764614756,225.90855792316034,228.86236572265625,9839000
2021-08-04,228.77550489493987,229.30642145974852,226.89317773722806,228.4569549560547,8171800
2021-08-05,228.39903815795876,231.9127204086949,228.22527695170965,231.87411499023438,5337500
2021-08-06,231.67141644422168,234.1811960140762,231.5362753738001,233.0228271484375,4509700
2021-08-09,233.36065724690755,233.77572807806231,229.78905964751416,231.67138671875,5226900
2021-08-10,232.16370904117213,232.9649077772319,227.38548910231745,229.8083953857422,7185700
2021-08-11,229.8180037476625,230.08828583777878,226.4394628919395,226.90280151367188,7375700
2021-08-12,226.08117856970185,226.29383467040358,223.30700318693104,224.05128479003906,9867000
2021-08-13,224.2543060743296,225.48190920722686,223.67433214163884,224.88259887695312,5445400
2021-08-16,224.45733995150158,227.61815565477932,222.51443726761914,227.50216674804688,7575900
2021-08-17,227.15416913736345,227.80179840285422,225.43359831278175,226.69985961914062,6850500
2021-08-18,226.11022109548117,226.52587255717572,223.74202104423887,223.8966827392578,4996500
2021-08-19,221.39313847991303,224.66995749108744,221.2578131866538,223.83868408203125,5761300
2021-08-20,224.12864868614096,224.40897483721508,222.6110732883631,223.63568115234375,5522200
2021-08-23,224.93093506291223,226.81582824164096,224.25430863328523,226.32286071777344,6342000
2021-08-24,227.1928040568294,228.3044183018125,226.13919900453698,226.41952514648438,5081800
2021-08-25,227.1541728153834,227.1541728153834,224.33166316138679,224.8246307373047,5277100
2021-08-26,224.37997867023574,224.86328538188533,222.46607347257108,222.82373046875,5889100
2021-08-27,223.30702211038803,225.2692460473155,222.5433892978797,224.9212646484375,6369000
2021-08-30,224.92125644787282,225.86853337442292,222.24373341383196,223.50999450683594,6448000
2021-08-31,223.20070929511814,224.09965269982825,221.0258290909288,221.45114135742188,9405100
2021-09-01,221.45110731485735,223.0750105379961,221.13212316402337,222.43704223632812,8177600
2021-09-02,222.73673833579997,222.8527419835937,214.54953568479266,216.69540405273438,19708800
2021-09-03,216.5214188023447,219.71124622564233,215.89312594216764,217.5943603515625,11532000
2021-09-07,219.16991614360015,220.38784365402776,218.31929167637182,218.71560668945312,9662600
2021-09-08,219.788536288614,222.5337145134615,219.45987655798424,221.44143676757812,10652600
2021-09-09,221.65412625756,222.3210918931355,219.51791880813622,219.8948974609375,5853000
2021-09-10,222.17610422927223,222.35974839271148,217.31403982471932,217.40103149414062,6715400
2021-09-13,218.00034788717556,219.6145907097337,215.95113192669373,217.13040161132812,6808100
2021-09-14,217.48803098745842,218.2709855391171,214.85884116623973,215.58380126953125,6575700
2021-09-15,215.09079809682464,217.33333330871764,213.96952311620385,216.3377227783203,6535800
2021-09-16,216.38605311957753,217.68131139689493,215.31311177061198,216.84036254882812,5928500
2021-09-17,215.02316885452987,216.23143572239007,211.97834224726276,214.34654235839844,13787400
2021-09-20,209.71644577835266,213.13825065977534,209.08813823065282,212.70327758789062,8822600
2021-09-21,213.37989715685586,214.75248634486255,211.66898739638063,212.8192596435547,7033600
2021-09-22,214.00820684292083,216.61807489536042,213.71823461429454,215.31314086914062,6005900
2021-09-23,217.488012049304,221.06447863091145,216.86938007167106,220.6875,7952700
2021-09-24,221.28683660096877,224.20601370032222,220.98718875538313,223.8580322265625,6461200
2021-09-27,223.98369478240863,225.5399432003646,221.13218773690858,221.93447875976562,6881100
2021-09-28,221.2288000690434,221.2288000690434,216.52139761742083,218.02931213378906,6951400
2021-09-29,219.227926857865,221.37380983267963,218.54162483916198,219.11192321777344,6432700
2021-09-30,219.9818854915787,221.15147947863906,215.1971519776901,215.31314086914062,7128500
2021-10-01,216.68572523428702,223.8289977074397,216.00909880064032,222.76573181152344,7925400
2021-10-04,222.3211081277344,222.64009235714423,213.43792757786474,217.22705078125,10283400
2021-10-05,217.9519556775468,219.78852973752456,216.4440413384027,216.79202270507812,5814000
2021-10-06,214.6268231762939,219.0539141187537,213.8632051144126,218.9475860595703,5420900
2021-10-07,221.2674313322827,223.44231103405627,220.86145555787328,222.85267639160156,6561900
2021-10-08,223.28768538812105,224.95992236532248,222.49505535597336,222.58206176757812,3735200
2021-10-11,222.33076048812333,222.6304230553851,217.36236780736502,217.5943603515625,5620200
2021-10-12,218.0292982114115,218.66726654278324,215.47743963527333,216.56971740722656,5448200
2021-10-13,215.68049677217,218.31934776404248,211.33073558256885,215.03286743164062,9076000
2021-10-14,216.63737951249422,218.11629675961836,215.6127717203009,217.6619873046875,5590500
2021-10-15,219.6339088256654,223.37469814948255,219.16026292639822,223.27804565429688,6355100
2021-10-18,222.4950770947142,224.98894156847658,220.52319214418273,222.9493865966797,5580200
2021-10-19,224.20593614749004,225.83951486899173,222.97833321338888,225.72352600097656,4409700
2021-10-20,225.66556408729124,225.99420909359304,223.58733648999544,223.69366455078125,5401800
2021-10-21,222.99768867454378,223.12335312520304,218.74459599106945,222.5530548095703,5982200
2021-10-22,222.60137562348532,225.0469208996316,221.07413955284994,223.50999450683594,3788000
2021-10-25,225.65592748850335,227.01885611688118,224.53465224461723,226.0715789794922,4938700
2021-10-26,227.66644966874398,229.04871448065367,223.60667639662734,224.080322265625,7814500
2021-10-27,217.24635947268996,217.24635947268996,208.4598472945951,208.57583618164062,22958100
2021-10-28,211.93001973738652,212.64531907044025,202.03189172700016,202.8341827392578,23199400
2021-10-29,202.22520943909845,206.53629723201317,201.5775654383222,204.69973754882812,14329800
2021-11-01,206.36230988814256,208.063544243269,204.39041019874418,205.36669921875,13210300
2021-11-02,206.04335295276357,206.22701189170135,200.8816400079723,202.15756225585938,14688700
2021-11-03,202.6891485709135,203.1337824365921,199.8279666661368,201.15223693847656,11486700
2021-11-04,202.17687288476282,205.27003297707924,200.92993327374495,201.80955505371094,11368200
2021-11-05,204.8737251398726,210.36409740283432,204.3034267237228,209.43614196777344,14273600
2021-11-08,211.07937056744768,214.21120339899184,210.8667144323172,213.12860107421875,13500100
2021-11-09,212.35530784780443,213.05127070079763,205.81133076449208,206.26564025878906,11535000
2021-11-10,206.78364239148678,210.07590702261143,206.57061193914564,208.72994995117188,10063600
2021-11-11,209.61117816606856,209.91135349345348,203.50111203670525,203.75286865234375,13546900
2021-11-12,204.79863175229664,206.8127288163263,204.73084260708322,205.36993408203125,7660500
2021-11-15,206.85145614604306,209.54337080162725,205.09880827049886,205.5732879638672,9596900
2021-11-16,205.43775924036038,208.81716987924125,204.9536016336148,208.362060546875,8719600
2021-11-17,199.42446758965497,200.74137655619955,193.1401128126187,198.5626678466797,38379600
2021-11-18,199.9570383255781,201.28362508661112,194.89275524502537,196.88748168945312,18292200
2021-11-19,195.63833200620107,197.05207823323795,193.51773482861446,194.4957275390625,18032600
2021-11-22,193.66302293319987,195.30915567306883,188.4341272241299,189.38307189941406,21185800
2021-11-23,190.72902363171696,192.61723509396052,188.2210911055751,192.20086669921875,14742700
2021-11-24,191.89098599500642,197.48784563600844,191.37778021575056,196.81002807617188,12026800
2021-11-26,187.1947199806384,192.87872603598046,186.44911306616382,191.38751220703125,10987600
2021-11-29,194.63135832456018,194.87343712844645,189.17006109989865,190.07058715820312,14633500
2021-11-30,189.08287411074164,191.39714636879464,186.4587339606629,187.63040161132812,16023000
2021-12-01,189.8188008409679,190.5740854089704,184.07669960278028,184.13479614257812,13204900
2021-12-02,185.91646210931432,193.1207273801003,185.77122078341657,192.0071563720703,13976300
2021-12-03,191.98783609501666,192.18149615700898,187.89185264606647,190.09962463378906,10660500
2021-12-06,192.47198654355623,197.74930060874402,191.47462322450653,196.25808715820312,10722100
2021-12-07,199.47289738193697,201.35143091550657,199.36638213698257,200.7994842529297,11897200
2021-12-08,201.080318457276,202.84264426702507,199.19210695564635,202.36817932128906,11749200
2021-12-09,201.91306387186592,205.4764562609344,200.6058326085748,204.69212341308594,10176800
2021-12-10,205.18598544856454,207.46153208400028,204.1789441393548,206.63845825195312,8882700
2021-12-13,205.71851512022414,206.56095920238945,203.3267759309222,204.33383178710938,8844300
2021-12-14,204.05301848607644,206.60936952855295,201.8452614391792,203.3267822265625,9832300
2021-12-15,202.76513164824445,205.75723588156686,201.27393322177986,205.5829315185547,10892500
2021-12-16,208.4685458492429,209.41750526030378,204.90515346789624,207.57769775390625,8548400
2021-12-17,206.05744352298836,206.4544562355717,201.20617571507015,205.16659545898438,11578400
2021-12-20,202.46498476714265,203.12344666644762,200.30564640129674,202.12608337402344,9434400
2021-12-21,203.9368128580358,209.3109638026621,203.6947341197672,208.55567932128906,6993700
2021-12-22,207.07417962635165,212.00289969129116,207.07417962635165,211.053955078125,6003400
2021-12-23,211.51874923579442,211.596216215524,209.75640869140625,209.75640869140625,4798200
2021-12-27,210.78282471130635,211.20888572104562,208.07155424081265,210.7344207763672,4818400
2021-12-28,209.1657270611142,212.76786020209707,208.74935868489126,211.14109802246094,4279800
2021-12-29,210.86028098268744,212.00290043034494,210.44391260133682,211.25729370117188,3223100
2021-12-30,211.06366482247404,212.2062696635957,210.26963926821608,210.96682739257812,3812800
2021-12-31,209.94040480289763,211.07333175263688,208.6622364911341,209.8435821533203,4723300
2022-01-03,210.62791571370207,215.02405999666456,210.134065530651,214.4140167236328,7694500
2022-01-04,214.96597597430136,219.6041993151297,214.7819937209032,215.41140747070312,10629300
2022-01-05,215.5856787302764,218.13235223584343,212.95186040957924,213.02932739257812,9594600
2022-01-06,210.8990049365181,214.87878008282811,210.6569261922786,212.78721618652344,7877500
2022-01-07,210.42456428135995,213.22299449245133,208.8074797431475,210.08566284179688,10702100
2022-01-10,207.20004629746737,207.41307678641658,199.95705399913876,205.2537384033203,11978600
2022-01-11,204.72121315338535,208.13936488352653,202.12613531505477,207.58743286132812,8803100
2022-01-12,207.68420600113927,210.68598854045447,207.03543669625552,208.875244140625,6923300
2022-01-13,209.9791175753636,213.4940910436895,207.85850532177272,208.18772888183594,8867700
2022-01-14,207.3840218211858,211.334748795066,206.93860519526686,207.86817932128906,8838100
2022-01-18,209.03985592467177,210.03721923557075,207.53896465501415,208.875244140625,9099300
2022-01-19,206.25112159353282,211.3154055594216,205.38932172342695,207.8778839111328,9399800
2022-01-20,207.91662147175077,212.6420039337093,207.1613368684464,207.558349609375,8532700
2022-01-21,208.63316135314162,208.76872486534668,199.29860512259424,199.4051055908203,16200200
2022-01-24,195.77392243182473,196.29682081354338,189.45082657264126,195.4543914794922,16054000
2022-01-25,193.2950453479212,198.87254948620821,190.74838681633602,195.59963989257812,12125500
2022-01-26,197.80739799152312,204.1789128180265,197.2167252177424,199.34701538085938,10817600
2022-01-27,202.86201024762983,204.27575677245147,199.32766609854917,199.61814880371094,12009800
2022-01-28,213.64901894880376,220.89201094187274,209.25287539233338,220.77581787109375,26425300
2022-01-31,218.40344887298758,219.2071520874435,215.01434640917586,219.00379943847656,12380600
2022-02-01,219.71067410612054,227.1763894786793,219.24588702942376,224.9976806640625,12247200
2022-02-02,223.97128565067456,228.3771223120284,222.72215089713177,227.9607391357422,10590500
2022-02-03,225.65611626773176,226.09186982865407,223.2450214255527,224.20364379882812,9968000
2022-02-04,221.26001867880493,222.92552197079766,217.82249683398328,221.15350341796875,10848100
2022-02-07,220.77582920796567,222.63499231246865,218.84887695848454,219.9624481201172,5984500
2022-02-08,219.09095074703518,221.2599817073938,217.62880038834467,220.7177276611328,7542000
2022-02-09,222.8383726192517,225.76267376580296,222.8286800114437,223.55491638183594,7772800
2022-02-10,221.16411190357329,223.0262997392285,218.09925461600702,218.79757690429688,6794600
2022-02-11,220.40759974476552,222.20190295615848,216.8092997454677,217.9246826171875,7535200
2022-02-14,216.56683632465032,220.4173026707661,216.10129304332077,218.55511474609375,8280800
2022-02-15,220.4269912899203,222.38615920628374,218.13804939612547,220.96043395996094,9461700
2022-02-16,220.6500962793416,222.95844048390373,218.80731018620122,221.93035888671875,9561300
2022-02-17,221.52293888727453,221.92059746263413,217.4203070567774,217.84706115722656,8131200
2022-02-18,217.83741877903168,218.9430933903504,215.16051144684056,215.98492431640625,8121200
2022-02-22,214.36517311842425,217.5852014421062,213.2982877946833,214.65614318847656,9928800
2022-02-23,216.13039025069122,217.52703490487244,208.93380469034187,209.44784545898438,8669900
2022-02-24,197.24662020198306,211.30033844388922,195.38443227499693,210.7572021484375,13463400
2022-02-25,210.747498625173,214.03542680311025,207.79903803938726,212.6678924560547,8463600
2022-02-28,209.4963193077486,212.06652286099614,206.8194272221387,209.61270141601562,8409400
2022-03-01,208.02210009845575,208.6719249256773,201.0388918006597,202.67800903320312,9317800
2022-03-02,200.67031494446496,204.20071535754502,199.98170105803976,202.20274353027344,8865700
2022-03-03,204.2104302508888,205.13182318713058,200.34056215944952,200.99038696289062,8610000
2022-03-04,198.82755983164975,200.156305129853,190.9326514625038,194.25936889648438,10912300
2022-03-07,193.8228971752081,194.15265636479248,184.32767651459645,184.95809936523438,13412400
2022-03-08,184.28887281579117,190.50587394092267,181.04944237469093,185.9376983642578,11070900
2022-03-09,190.58347793765878,194.46303982951954,189.36142126949017,193.7453155517578,8457600
2022-03-10,190.97142640860454,193.91990170628938,190.3895010099183,192.00921630859375,7061600
2022-03-11,194.7054904489261,194.7927770297859,190.54466730173263,190.78713989257812,5432100
2022-03-14,192.44569264293128,198.27472986862193,192.19352641264638,194.29818725585938,7994700
2022-03-15,196.00516804513367,200.19510211848564,195.33594123069372,199.9332275390625,8277700
2022-03-16,203.6770016691259,207.23649796999237,200.7673302167098,205.49069213867188,9232300
2022-03-17,203.609068466028,207.11037312510385,202.43550946247578,207.02308654785156,6668500
2022-03-18,205.32577410080265,212.65814242057144,203.9582252222906,212.51266479492188,14620800
2022-03-21,209.82611498513043,211.4943278908298,208.09001743758262,210.50503540039062,6101500
2022-03-22,211.28091683942068,212.95883785245044,210.64078563673948,211.89195251464844,6259900
2022-03-23,208.81742186894272,210.74749443929315,207.75053642853234,208.21607971191406,6008000
2022-03-24,208.51673823358365,211.10634377362265,207.5565414291119,210.76687622070312,5487000
2022-03-25,211.8434710960831,212.338109899644,209.1956743016155,211.85316467285156,5051400
2022-03-28,211.92107089645054,214.32639515456816,210.96087398887758,214.1227264404297,4316800
2022-03-29,218.07016432962084,221.920630584239,217.04208282474409,221.25140380859375,8032500
2022-03-30,219.04006263157783,219.35043468912323,216.02370264432184,217.20697021484375,7084000
2022-03-31,217.1682013386914,219.11767605894073,213.8026798728424,215.09263610839844,10759500
2022-04-01,216.36314854321415,219.8062623647661,215.53873579743663,219.5443878173828,6559600
2022-04-04,218.9624645136126,222.33769396365489,218.1865639865423,220.8828582763672,8521200
2022-04-05,220.00027131907137,222.09523842165152,218.52603356547553,219.2825469970703,4658000
2022-04-06,216.07217068989678,216.15945726943139,212.0374232876384,212.41567993164062,7430000
2022-04-07,211.73675129022467,212.09560596927116,207.24615441739263,209.64178466796875,6995100
2022-04-08,208.34216264531264,212.80366458042005,206.6642563311788,210.4468231201172,5438600
2022-04-11,208.76892656497267,210.7572050159385,206.9843316272495,208.2839813232422,6942700
2022-04-12,209.9812830447709,210.456534694441,204.35591545829658,205.0348358154297,7446600
2022-04-13,204.09404112301166,207.4110794989846,200.93220357087102,206.84854125976562,8052900
2022-04-14,207.81842885432403,209.44783769086692,206.1308141598872,206.3829803466797,8191600
2022-04-18,205.29666003878802,209.33140688514328,205.1511824262741,206.75149536132812,4744400
2022-04-19,206.68363159058447,209.99094630993582,206.0435004322513,209.20533752441406,5028800
2022-04-20,212.07622125950888,214.17118790587705,210.84445640733617,211.23240661621094,7178300
2022-04-21,212.90064744457734,217.17786788278752,208.86591441832672,209.9327850341797,8850300
2022-04-22,209.729122893011,210.03948015119843,201.68872251965365,201.902099609375,6201100
2022-04-25,200.13691256669435,204.19104779294963,199.14762010312757,203.62850952148438,6839400
2022-04-26,200.74791320681229,202.28034183273948,195.0449676513672,195.0449676513672,8155300
2022-04-27,210.82506047733966,215.12168242011225,206.63514186430922,207.66322326660156,15955800
2022-04-28,213.76385599077815,218.1574586836658,212.66788981133138,214.0160369873047,10799100
2022-04-29,212.0374266644504,214.53974557975897,205.95622473705708,206.71273803710938,7965000
2022-05-02,205.39371349393028,205.75256823993098,200.72854259850342,205.1609344482422,8803700
2022-05-03,207.17831508838,207.17831508838,200.05932220558438,202.28036499023438,6616900
2022-05-04,203.0465958948489,208.3324965192354,199.14763167603564,208.06092834472656,7191100
2022-05-05,205.8786623413775,208.11910704766154,196.95567262485736,199.06033325195312,7749600
2022-05-06,197.61517152181327,199.5258568181442,194.1914595500707,196.7131805419922,8825300
2022-05-09,194.02660452395224,194.70552493871185,186.29657577456658,187.18887329101562,10314100
2022-05-10,190.78716579390812,191.79584539704894,185.21998902452705,187.75140380859375,11016500
2022-05-11,187.66410257167558,192.34867507315525,185.6370203476837,190.79684448242188,9427300
2022-05-12,189.03314153668464,190.5199069590497,184.58255736046053,188.4889678955078,9308600
2022-05-13,191.43331392828085,194.87327659857664,190.94744257313295,193.6002960205078,6684500
2022-05-16,191.74431445724346,194.2902760879918,190.34500232114308,192.220458984375,5161300
2022-05-17,197.11805153223824,199.01294720572005,194.49433386228824,198.2355499267578,7265600
2022-05-18,197.0888858888936,199.65428634083923,193.5031525103246,194.33885192871094,8748200
2022-05-19,190.80169500876275,194.75668029328978,187.84758874351303,191.79286193847656,9012400
2022-05-20,194.027920779053,195.96169466455592,188.53757882381527,193.406005859375,6966600
2022-05-23,195.20371108092618,202.08365233086727,195.0968187728823,201.6949462890625,12187400
2022-05-24,198.14808071404627,198.8865999145672,193.40597103802082,196.9042510986328,7458500
2022-05-25,194.9218835263305,199.15868270206857,194.80527913586653,198.08004760742188,5457200
2022-05-26,199.31415449783645,203.8133281402359,198.8865853187379,202.65695190429688,9212300
2022-05-27,204.06595469498765,207.20467927499237,203.7161267509773,206.8645782470703,4897200
2022-05-31,204.43526940683594,208.29308978074457,203.20115181218617,206.1746826171875,9586400
2022-06-01,206.058075517932,208.0598634282668,202.91935024573576,203.9979705810547,5246100
2022-06-02,205.90261630798523,209.16767326423914,205.11550687857397,208.97332763671875,5337200
2022-06-03,206.93260854418904,208.15701385683764,205.30008789748038,206.64108276367188,4352500
2022-06-06,209.36198166877418,211.4317985615399,206.0969252930227,206.92291259765625,3965100
2022-06-07,205.15434717277546,208.89556310232078,204.76565596112212,208.4388427734375,4493300
2022-06-08,207.71974985819284,209.47861690220773,206.81603610937415,207.46710205078125,3646300
2022-06-09,206.58279296037483,207.67115495105895,200.19845063955012,200.28590393066406,5138600
2022-06-10,195.9519350617734,197.67192401666705,193.5517290937525,193.87240600585938,5162500
2022-06-13,187.53666876385654,190.35471726016303,185.68063625479766,186.82728576660156,7119200
2022-06-14,187.27431466017276,188.84853359646615,186.33172275130974,188.0517120361328,6441200
2022-06-15,190.4421592654139,193.2116323142229,186.79812358414895,190.61708068847656,6490000
2022-06-16,186.00130632019906,186.4482997369679,182.2309392394594,183.70799255371094,9887200
2022-06-17,181.64791414269794,185.90415328072476,180.65674694619932,184.64088439941406,15089300
2022-06-21,190.1797870618055,191.170954027065,188.2557256707574,188.89707946777344,6241600
2022-06-22,185.8458145163652,190.84057202320355,185.6320299095356,188.34320068359375,5138500
2022-06-23,190.59763993282374,191.88034759812933,187.98364932233622,191.08351135253906,4752800
2022-06-24,192.142736858028,199.82922745143796,191.92895221446662,199.70289611816406,7754800
2022-06-27,199.9360873101684,201.2382191439852,196.8848154164983,197.80796813964844,6121200
2022-06-28,198.23553526527127,200.9466912087176,191.91920693574056,192.5216827392578,4354200
2022-06-29,191.7442638130723,194.97044165019892,191.7442638130723,193.86265563964844,4324600
2022-06-30,189.84942355160095,193.23109983874699,187.40064188830098,191.32647705078125,7045200
2022-07-01,191.22927762962718,194.15423323090954,189.20806545795264,193.55174255371094,4131800
2022-07-05,190.68511185851358,194.90248746264487,188.6541726843217,194.87332153320312,4110200
2022-07-06,194.34857290259927,196.78764215458392,193.05615311348268,195.43692016601562,4111200
2022-07-07,196.81676489219433,197.68161532387757,194.38740808099226,197.06942749023438,4650700
2022-07-08,196.60302465905505,198.3327257821792,194.79558232698355,197.8177032470703,3621800
2022-07-11,196.2920485828658,200.8981148628025,196.2920485828658,199.2655792236328,5353600
2022-07-12,197.50672060533927,202.23910321276716,197.03056130382174,199.03236389160156,6779500
2022-07-13,194.76643218161058,199.76120517477628,193.86271835615563,198.38131713867188,7597300
2022-07-14,194.34857917859682,200.25677776494055,192.38565437715943,200.09158325195312,5605500
2022-07-15,203.45380768886662,205.72769736018324,201.3256883501685,204.10487365722656,7245700
2022-07-18,205.52361345580522,206.89377443747253,200.80094259605642,201.35484313964844,4648900
2022-07-19,202.3362905552915,208.05985515469416,202.02532573657405,207.62257385253906,4927100
2022-07-20,206.0094915291085,208.0793086180836,205.24182117444985,207.3407745361328,4460300
2022-07-21,207.1269786925765,210.77101431227433,206.71884848248462,210.08108520507812,4801300
2022-07-22,211.77189041065546,211.9079486301815,206.12606740503008,207.6614227294922,5071500
2022-07-25,208.5166157667109,208.7304004139945,205.64024994810924,208.2153778076172,4357200
2022-07-26,207.80721233544466,209.0704661657774,205.76654643970573,206.4856414794922,6141000
2022-07-27,204.81426144013085,210.72246023189228,195.5146744858471,204.52273559570312,17432200
2022-07-28,204.68790945895344,206.70913632803357,202.04476777074242,205.3778533935547,7477100
2022-07-29,206.00948647639376,208.10845461421584,203.90080624790727,206.1163787841797,6059700
2022-08-01,202.5597979367343,207.94326173071934,201.69494737703022,205.3875732421875,8028400
2022-08-02,201.92816340696783,202.9387694278545,198.16750856524382,200.43167114257812,9939400
2022-08-03,202.11279897869895,204.38667366959857,201.0341638313308,202.5889434814453,9520100
2022-08-04,204.58098612327024,208.8080727306872,202.65693976024127,207.4379119873047,6789700
2022-08-05,204.7559444565685,209.84786755085048,204.55187193191387,209.77012634277344,5553700
2022-08-08,209.14819271897068,210.50864149668715,206.05805782048213,207.29217529296875,4063400
2022-08-09,206.00945644354383,207.4184804206767,203.82303532562884,204.31861877441406,4596800
2022-08-10,208.7595126937725,208.76922478407135,205.33897380099333,206.10665893554688,5746400
2022-08-11,207.63015290085247,207.83458689908488,205.00180278203885,205.4788055419922,6639600
2022-08-12,207.34782045821422,207.5619837146036,204.5247809569083,205.72213745117188,6443700
2022-08-15,204.78761804415876,210.98859385863335,204.78761804415876,210.6770782470703,5290600
2022-08-16,208.85670723184631,211.83550473888343,206.50092609978506,211.3779754638672,6564400
2022-08-17,209.29477323890694,210.44345370170325,207.10447910036024,208.8275146484375,4902500
2022-08-18,208.19473144303007,210.26821442182055,206.7929409702636,209.53811645507812,4516400
2022-08-19,208.42841545037348,209.5186905749454,206.7540558782754,207.1726531982422,4178800
2022-08-22,204.36901910745408,205.64425447455704,202.67518652793524,203.07431030273438,5139500
2022-08-23,202.48048583157262,203.74599183879596,201.04949274820257,201.3123321533203,3525500
2022-08-24,201.1468742495073,202.8212335442573,200.22207155179848,201.18580627441406,4230800
2022-08-25,201.88667232670943,204.33980544939374,201.02029007260978,204.252197265625,4495000
2022-08-26,204.20349302793113,204.68048075435073,197.32109725192046,197.5060577392578,5060200
2022-08-29,195.90962514118698,198.54771905146683,195.2963380831551,196.96096801757812,4476200
2022-08-30,198.50877053137216,198.98577322299158,194.89722752900659,196.0361785888672,3918200
2022-08-31,195.66623744044898,197.77865225124597,193.3688621181373,193.43701171875,6559000
2022-09-01,193.44674826738807,195.11136322571073,191.44141500097905,194.8193359375,5608300
2022-09-02,197.0680880860198,197.10702011693968,191.62642696454847,192.51226806640625,4508100
2022-09-06,192.6485277467331,194.7317402000408,191.18833168542724,193.368896484375,4547800
2022-09-07,193.4370691799593,195.8025799516878,191.98660223858016,195.1016845703125,4098300
2022-09-08,192.16179374858822,195.77335183875655,191.73348205227458,195.38397216796875,4377600
2022-09-09,196.70788937573442,200.92297567643925,196.00699406550058,199.75482177734375,4885600
2022-09-12,201.02034127315144,201.69203389422066,199.51146891267308,201.1468963623047,3812300
2022-09-13,196.68841598486463,198.0707331654277,193.5927925549075,194.37156677246094,5217900
2022-09-14,194.69280946126014,195.54946257613213,192.80428683286473,194.11846923828125,4632800
2022-09-15,192.83347690972244,194.99456814121402,189.36794750538652,190.18565368652344,6099300
2022-09-16,185.17230735807897,188.67678339852282,183.22537952536138,188.1705780029297,9398200
2022-09-19,186.50595364219748,188.8422760223329,185.64931547130737,188.00509643554688,8133600
2022-09-20,186.02899000510828,187.9077685332385,185.24047162993202,186.97325134277344,5292500
2022-09-21,187.42100113346987,187.96613853402766,182.03774702214156,182.05722045898438,6705900
2022-09-22,181.4050155781857,182.2421951811282,179.75985910290137,180.85986328125,6604700
2022-09-23,178.601427505142,179.68197305602956,177.39432689076466,179.07843017578125,10755800
2022-09-26,178.1828352746088,179.60409918052554,175.1261590588624,175.7978515625,9914600
2022-09-27,177.66689645349524,179.94481333783165,172.32258898618628,173.1500244140625,9799600
2022-09-28,172.5562134601384,175.32086235155552,170.19070320479133,174.42526245117188,9751000
2022-09-29,174.0845496990977,177.40406513785166,173.98719736828394,175.2819061279297,9105200
2022-09-30,175.2819499599532,178.0660579832022,172.88723650345324,172.93589782714844,9472300
2022-10-03,174.58102774108136,178.4943571251608,173.42260322074358,176.82972717285156,8842300
2022-10-04,180.1395327534846,181.26875466236652,178.21207801514004,180.72360229492188,7081400
2022-10-05,178.4748713714565,183.8094643431754,177.52088088977914,182.68997192382812,6119900
2022-10-06,181.69704583325696,183.0599043168944,180.33420220350106,180.66517639160156,5163000
2022-10-07,178.5819831918102,179.71120509388362,177.10231362543414,178.951904296875,5610300
2022-10-10,179.24393937848325,179.87668506624868,176.09963981799768,177.34567260742188,4743800
2022-10-11,175.58369382000063,176.81999723721253,173.46154946741288,174.38633728027344,6294500
2022-10-12,174.33764351942366,175.79783934625112,173.49073469310534,173.5102081298828,4884300
2022-10-13,170.35619182411193,180.4510082663902,169.96681218435214,179.75985717773438,8426400
2022-10-14,181.83332982008346,182.1643188613808,177.23859351189066,177.77398681640625,6449400
2022-10-17,181.06432660678138,183.56613652900808,177.99792056547807,180.334228515625,13952100
2022-10-18,184.46165968482762,185.14308136989757,180.8111704570828,182.20321655273438,5209200
2022-10-19,180.56785478397435,182.66079658239985,179.85721532165107,181.46343994140625,4927000
2022-10-20,181.5121105468251,185.91215729132108,181.4828929601961,182.25193786621094,5706700
2022-10-21,180.8696211876406,185.88295504058092,180.13952315931635,185.31834411621094,7582500
2022-10-24,186.3307596410637,188.0051190157332,184.08206003484256,185.6493377685547,7299200
2022-10-25,185.80510087057596,190.04940523441672,185.65908718702585,189.2219696044922,11907200
2022-10-26,191.36355111350073,200.8937569490963,191.2856722125769,197.93443298339844,15450000
2022-10-27,197.9247262748459,200.84511855024897,196.24062270123423,198.8689727783203,7946700
2022-10-28,199.56011258878547,205.90710179215947,197.9149561132618,203.78494262695312,8455600
2022-10-31,203.37610261840865,204.05752446613025,200.72827927821993,201.66281127929688,8674100
2022-11-01,203.3663732752352,204.39824276637012,199.88137027902712,201.43890380859375,5919500
2022-11-02,200.29992798167908,201.5070285726999,195.25739207769342,195.61756896972656,6985600
2022-11-03,193.01846522934716,193.57334690963532,189.02725638123528,189.58213806152344,8236200
2022-11-04,191.77241838643067,196.10433045027148,190.15646449397866,191.75294494628906,9680100
2022-11-07,193.05739632291997,195.12113534281835,191.937903760066,194.7901611328125,7821300
2022-11-08,196.30874144875864,198.70345441985546,194.43969246886718,196.42555236816406,6943700
2022-11-09,195.81092743973292,196.42558534840688,188.6204660492679,189.20584106445312,7320200
2022-11-10,198.142703962063,200.74766071182032,195.14749720665853,200.5623016357422,8048900
2022-11-11,200.98180437785823,201.40132235770182,197.22558508877893,200.00616455078125,9601000
2022-11-14,198.54271129487486,204.07458750863103,198.25978228609787,201.82086181640625,5796100
2022-11-15,204.87464904785156,208.52353312169342,202.45505112810517,204.87464904785156,7316100
2022-11-16,203.49898487754214,205.7527108058034,203.14775389605438,205.02098083496094,6125300
2022-11-17,202.8940477514316,206.1331639608501,202.26963891063522,205.85023498535156,5385600
2022-11-18,207.97711732960607,208.95275704962322,204.63068023574598,205.66485595703125,8028500
2022-11-21,205.1770796059404,205.42098958766715,200.87450395538082,201.29403686523438,10450900
2022-11-22,202.48427079879443,205.35265409720805,200.347632213095,205.20631408691406,5273100
2022-11-23,204.88436708814692,207.6454296310704,204.80631411423485,206.5722198486328,3807300
2022-11-25,206.55271351839207,208.7869221631866,206.240501629171,208.58203125,1993500
2022-11-28,207.0892872073177,209.2454575971337,205.5185066201623,206.1136474609375,10229400
2022-11-29,204.25019851803785,205.03069845002773,202.29891891389929,203.96725463867188,8986900
2022-11-30,203.1477350554652,211.71385192871094,202.94284413231446,211.71385192871094,13918100
2022-12-01,211.71385192871094,213.32365176043245,210.05526712604086,211.71385192871094,11261500
2022-12-02,210.4747953032584,213.15780507726765,209.02110135343787,212.3577880859375,5132800
2022-12-05,210.39671248422346,211.62602813406656,207.86005798989441,208.47470092773438,9006300
2022-12-06,206.83563705188345,206.96247498941355,202.58184693967277,203.9867706298828,5986000
2022-12-07,203.71356931206702,203.92821123384581,200.13297345269208,202.7476806640625,7923800
2022-12-08,204.40631819935828,205.17708208770463,202.68919726658248,204.00631713867188,4896500
2022-12-09,202.84526372209638,205.3916840616487,202.46476481559228,203.6160125732422,4928400
2022-12-12,204.88435062150822,209.5869414339533,204.36726273709664,209.36253356933594,5941700
2022-12-13,214.19197043200288,214.62125435658086,207.44054432049506,207.85031127929688,14585000
2022-12-14,207.66495270787001,211.0113903229953,206.47467087307578,208.12350463867188,7001700
2022-12-15,204.49410953493467,206.6600310977897,201.78183206200484,202.84527587890625,10831800
2022-12-16,202.43551803924936,203.3233389894586,200.2988643836693,201.85012817382812,12472900
2022-12-19,201.596472198623,202.41600612098122,198.98174959151612,199.83056640625,4893600
2022-12-20,198.91344861147064,201.49888814514162,198.59148568871657,200.35739135742188,5024900
2022-12-21,201.53790494415344,202.89404356510875,200.57201625798842,201.7720489501953,4086900
2022-12-22,200.73790642729432,201.61597636934835,197.2060948059031,200.06471252441406,5690300
2022-12-23,199.15734861592625,201.21594910132202,198.56220776790903,200.81593322753906,3246000
2022-12-27,200.90375800622166,201.8403788213058,199.61592113344912,201.26473999023438,2904900
2022-12-28,201.64524837731346,203.45018815601836,199.8110554795149,199.99642944335938,3139200
2022-12-29,200.9330071608853,203.4501595477566,200.4939722428792,202.99160766601562,3675500
2022-12-30,201.28425403520814,202.97210679863468,200.68911313428904,202.6989288330078,4159400
2023-01-03,204.18189501763013,207.15759936849938,201.13790362242318,202.3379364013672,4202800
2023-01-04,204.5136026195477,208.00639476203517,204.5136026195477,207.43077087402344,6606200
2023-01-05,208.5918199847036,208.94305095494195,205.33318619182103,205.96734619140625,5246000
2023-01-06,208.78693755157505,212.8260861218091,207.8991016741333,212.44558715820312,6829700
2023-01-09,213.73345431835259,216.79696321354257,213.03099235245435,213.27490234375,6294500
2023-01-10,213.6553434172085,216.97251244478068,212.8650627544882,215.7041778564453,10857000
2023-01-11,215.89930976595315,216.76762853203834,214.34804616481458,216.68959045410156,5408200
2023-01-12,216.68961506179605,218.35795085638014,215.23590633653288,218.17257690429688,4264400
2023-01-13,216.50425602014826,218.30918092155775,214.77736921091213,217.62623596191406,4283200
2023-01-17,216.9627808247831,218.933562477894,216.95301489917054,217.5676727294922,6101100
2023-01-18,218.62138891782485,219.50922479298097,214.09442041169459,214.1139373779297,6558000
2023-01-19,212.78704593256867,216.12373225581098,212.20165609884256,215.040771484375,4853100
2023-01-20,215.75300278130013,218.96285144084888,215.04078983624825,218.8457794189453,5211000
2023-01-23,219.1287302280024,220.6897451552227,217.7140404456904,218.7189483642578,5501500
2023-01-24,216.61156288957272,224.39716469630486,211.35286471239044,218.43600463867188,5274900
2023-01-25,216.22128934160028,219.48968865106406,215.78225440570804,219.42138671875,4729600
2023-01-26,220.49460706972658,221.5482998988106,218.22136442277903,219.2360382080078,7043400
2023-01-27,222.44585991292521,227.16795266449316,221.71413011058007,225.80206298828125,11382600
2023-01-30,224.5922989470556,224.80694091310212,222.37759223580284,223.51910400390625,5677400
2023-01-31,223.23616125927853,225.17769000329707,222.88493030274964,224.60206604003906,11294200
2023-02-01,223.78252539784992,226.99238909596338,222.25077845301982,225.27525329589844,5792700
2023-02-02,228.2606889444276,228.592402895951,222.80685127282092,223.96786499023438,7190000
2023-02-03,223.11907831782946,225.23621499296902,222.09465350415996,224.5240020751953,5243600
2023-02-06,223.12883595404256,224.650831773828,222.48491006503085,223.85081481933594,3402400
2023-02-07,222.46539839817044,226.4752786984359,222.3970964642116,225.6850128173828,4042600
2023-02-08,224.72885886845242,226.21183547284653,224.38739388451438,224.59226989746094,4978600
2023-02-09,227.1925817044301,227.26100250298967,223.9862163203512,224.20127868652344,5238400
2023-02-10,223.82001661433577,224.74868680346995,221.08287164932966,222.09951782226562,4509700
2023-02-13,221.78671978158377,224.67049152186675,221.19041322515315,223.7418212890625,4946700
2023-02-14,223.5365187418332,226.22478319043773,222.070192678958,224.2403564453125,4829400
2023-02-15,222.48075485831225,223.9275405990529,221.70849638711437,223.78089904785156,4407300
2023-02-16,220.99488669522722,223.23347116201126,220.60385747824697,220.76026916503906,3865900
2023-02-17,219.14732120203186,219.72408748410362,216.76210988832116,218.54124450683594,4520200
2023-02-21,215.21755612042847,217.44637042400618,215.05137429876794,215.66722106933594,7276100
2023-02-22,215.46194790203228,216.7718622269107,214.5234926906892,215.08070373535156,4621800
2023-02-23,216.58612637596653,217.1042270433108,214.01516331316188,216.16578674316406,5533800
2023-02-24,213.57525999162598,215.29575866716573,212.57816907692623,214.62124633789062,4414400
2023-02-27,215.77473361050176,216.46880107986132,214.41593891188558,215.4032745361328,4255300
2023-02-28,215.06115309656147,216.79142200484006,214.57237774861474,215.00250244140625,5385400
2023-03-01,214.53330439652535,215.32511815521534,211.5713117597259,213.45799255371094,4792700
2023-03-02,212.99852514142972,214.67014343073134,212.2164815845415,214.1422576904297,5539300
2023-03-03,215.2566729056085,218.99092394322165,214.96340469635373,218.7465362548828,6055400
2023-03-06,218.9029069775356,222.31456407041688,218.66830437105506,221.65960693359375,5737600
2023-03-07,221.65962170687715,222.27548342241278,218.07201242002665,218.1599884033203,4386800
2023-03-08,216.97717860460025,217.9253891422468,216.21467527005115,217.20201110839844,4194900
2023-03-09,216.42971771979066,219.33304447473517,214.72878905835157,215.0709228515625,5066700
2023-03-10,214.1129477163016,214.20092370724726,210.64263943866862,211.28782653808594,6638900
2023-03-13,209.8116851097134,212.95939916087755,207.72949760755677,209.6552734375,6810800
2023-03-14,213.10607935658797,214.93409462190812,211.19007318087776,213.7512664794922,7985600
2023-03-15,209.59665843252702,212.04053529056338,208.87326551270166,211.5126495361328,8372200
2023-03-16,210.33957556158717,212.69547625268603,204.07347219629517,212.56838989257812,13674600
2023-03-17,210.04633345784313,213.75125930475147,210.04633345784313,212.509765625,18801200
2023-03-20,212.1285081751159,215.5988162460214,211.97209647859142,213.252685546875,9817400
2023-03-21,216.37107018031287,217.51480271899624,213.77078171651644,216.96737670898438,8971400
2023-03-22,217.50507782613704,219.85119404742733,214.98299468431625,215.1002960205078,6700600
2023-03-23,215.49130454627365,220.19332159075842,215.3153376427188,217.59303283691406,6427700
2023-03-24,215.7161155722604,216.36130262729768,213.3504446200307,216.0778045654297,4791500
2023-03-27,217.59300899049396,219.0495649184512,216.4199511215722,216.8305206298828,7210900
2023-03-28,217.8178807135855,218.31642626157546,213.7414806708611,215.38377380371094,6418400
2023-03-29,217.29977346292793,218.53149708927646,215.96053356189037,218.287109375,4483000
2023-03-30,218.8931714281177,219.20599484117264,216.2440171364247,217.36819458007812,5383900
2023-03-31,218.58033003403685,220.7700339308965,218.27727680466018,220.39857482910156,9509000
2023-04-03,220.17376020536088,224.01554256563756,219.08867823205662,223.859130859375,6421500
2023-04-04,223.8591393817905,224.8855707333833,221.73785587716097,222.54922485351562,5254700
2023-04-05,221.68898018605583,223.3410435062956,221.46414766749274,223.0477752685547,4813600
2023-04-06,221.08288411024654,221.64008028863637,219.63609824150768,220.9167022705078,4285200
2023-04-10,220.49635260712213,221.3956975390841,219.2841991805062,221.34681701660156,4952200
2023-04-11,221.90401136170317,223.99596928626082,221.12196780977956,223.3214569091797,4513300
2023-04-12,224.76824949155187,226.39098740816638,222.22662634764436,222.6958465576172,4373000
2023-04-13,224.30879344582016,227.61290471680735,223.66360639454376,227.46627807617188,7615500
2023-04-14,227.75954243167863,229.71464382711906,227.02637940838846,228.76641845703125,9781300
2023-04-17,228.76641110351977,228.79573643020956,225.75555326137433,228.238525390625,4865000
2023-04-18,228.5024921272881,229.06947336294323,226.48873993086113,228.35586547851562,4796200
2023-04-19,228.74684346400022,228.8054941141877,226.64511561234352,227.3489532470703,3833900
2023-04-20,227.24144659994369,229.40182533487,226.302991346979,229.33340454101562,4925700
2023-04-21,229.7244619997482,230.281673173757,228.1408343115009,228.79579162597656,6771500
2023-04-24,228.971699227095,229.8710440927042,226.31276009562433,227.53469848632812,9124100
2023-04-25,227.7888895385708,229.74399112094162,224.2794708618718,224.43588256835938,6076500
2023-04-26,226.02923982016713,227.5444461589706,221.63026233629503,223.0281524658203,8400400
2023-04-27,223.53650233017765,224.47495750466368,221.52275040494024,223.86886596679688,7128200
2023-04-28,223.51697742402325,228.32654033505773,222.9402260500597,227.50538635253906,11627900
2023-05-01,227.64224786079956,229.32363641413008,226.31277818877635,227.2903289794922,4571100
2023-05-02,226.74288876909327,227.15345828561559,221.13175712704805,221.88446044921875,5244000
2023-05-03,221.88447216804127,223.53653537507495,220.84827072643796,220.90692138671875,4093300
2023-05-04,219.79248287353133,220.98509585064645,218.4630134031197,220.53543090820312,5648700
2023-05-05,223.213929050751,227.1241319522251,222.187497805866,226.5767059326172,6237500
2023-05-08,226.0585908304683,228.20919930593192,226.0585908304683,227.01658630371094,2938400
2023-05-09,225.89242979460934,228.83485219131117,225.63827196867442,228.0234832763672,4352100
2023-05-10,229.040132957752,229.53867844700505,223.76135020577874,226.07815551757812,5245000
2023-05-11,226.00956790366058,226.76375352837505,223.5805201776193,226.26422119140625,3818000
2023-05-12,227.23392149156012,227.94892059432212,225.09871336854007,226.6266632080078,3432700
2023-05-15,226.44053754145588,228.04684551082306,225.8136860154911,228.02725219726562,2843200
2023-05-16,227.78241215866967,228.31132706338198,224.91261164997067,225.7353515625,4289700
2023-05-17,227.9489332736212,229.0851065311539,225.81372503183357,227.87057495117188,4990100
2023-05-18,227.6256960927166,229.33974505409344,226.38179703566271,228.80105590820312,6621900
2023-05-19,229.19282568107005,229.5258373109947,227.1751476411119,228.51699829101562,5399400
2023-05-22,228.51701270642582,229.0655060009774,226.43076540470796,226.52871704101562,3987800
2023-05-23,224.55999241548741,224.7754740377313,219.0652409389082,219.96633911132812,8537200
2023-05-24,217.97804403654536,218.51674809312726,215.5098095061373,217.6842041015625,6730800
2023-05-25,217.88011323402415,220.07410135356088,215.96038670658572,218.791015625,6827600
2023-05-26,219.22200182663465,221.56290269973758,218.75185185845422,220.38754272460938,5067300
2023-05-30,220.38752545308847,220.83808206762106,215.23558908777653,217.08676147460938,6916000
2023-05-31,215.4412471832214,216.97898603719378,211.69971637280776,216.4892578125,20460600
2023-06-01,218.15436819605284,222.05261629370864,217.86052822178564,221.846923828125,7003600
2023-06-02,224.10946758473418,225.53948083068565,222.74802347616787,224.08987426757812,5897100
2023-06-05,223.22795381013376,223.63932378227707,220.68136071173635,222.1113739013672,4858900
2023-06-06,222.03300313954838,224.54040946467472,221.5138923743615,223.5315704345703,6020100
2023-06-07,222.33662166880768,222.87532572358901,216.47947608442468,220.6421661376953,8517200
2023-06-08,220.46587350274072,220.51484931980477,217.84093709570413,218.46778869628906,6248200
2023-06-09,219.04570452396933,220.55406132616827,218.18377781109922,218.96734619140625,6385000
2023-06-12,219.79982838774905,221.7979129957743,219.0358535424465,221.52366638183594,8621100
2023-06-13,220.9850028516728,222.48357031875548,218.0564370562226,218.81060791015625,6868700
2023-06-14,219.14360190089616,220.83805745510261,218.00742877811214,218.84976196289062,9160700
2023-06-15,217.45892803964105,222.4443578480517,216.82227237167587,221.52366638183594,12534000
2023-06-16,221.79794292039244,225.07912849135252,221.43554876279157,224.20741271972656,13628900
2023-06-20,222.33664619809085,224.85385681118038,221.53348461956807,221.81753540039062,12312300
2023-06-21,221.4747065272514,223.93315199083915,220.35812667710243,222.5814971923828,7032100
2023-06-22,221.70977879786096,224.22697428647336,220.8674455915836,223.6980743408203,6275500
2023-06-23,222.55210832369022,225.25540289792764,221.73915763087547,224.83424377441406,5424400
2023-06-26,224.72649367826693,225.37293853192114,221.55304935195323,221.6510009765625,5165400
2023-06-27,222.80678580338557,223.9135765569037,221.86651582570866,222.66966247558594,4628500
2023-06-28,222.82637515347645,223.37486845491048,221.3767835789263,223.2769317626953,5324500
2023-06-29,224.08986276384385,229.87845469723143,223.90377856904112,229.5062713623047,7118900
2023-06-30,231.41619958085062,233.3849018347938,231.10276631607047,232.60133361816406,6879400
2023-07-03,232.13117909779947,233.50241215231696,230.5738469261719,233.0812530517578,3087400
2023-07-05,229.59439914350716,235.0695573294283,229.18302921161904,234.53085327148438,7601200
2023-07-06,233.37514131641106,234.67782046069203,231.82759800843792,233.9726104736328,6441800
2023-07-07,231.86677597200435,233.54165347291556,231.27911093043696,231.592529296875,5729500
2023-07-10,232.14098055553552,234.1880560066582,231.6414631189769,233.26736450195312,4858900
2023-07-11,233.90401658787826,235.755188871731,233.22818917633631,235.6082763671875,3856500
2023-07-12,236.58774694557042,238.9384368295639,236.27431365686633,237.23419189453125,6116000
2023-07-13,238.78170417006945,239.25185407159253,238.15485258002616,238.3115692138672,5819600
2023-07-14,239.7023966002379,239.71220073071478,236.98931272525314,238.16465759277344,4941200
2023-07-17,238.1157039908249,240.32927061358654,238.00796316277373,238.97763061523438,4328100
2023-07-18,238.1058965727966,238.1842399459966,232.79722884656974,235.82376098632812,7674000
2023-07-19,236.29391286689085,237.60638116909803,235.18712208836877,236.46041870117188,4835500
2023-07-20,236.2057438845998,236.64649634060933,234.15868329324556,234.69737243652344,4695000
2023-07-21,234.81493056919953,235.41239969277038,233.82566983859437,234.33499145507812,5427400
2023-07-24,234.75612088167253,236.32325722065107,233.296740298135,235.7943572998047,6010000
2023-07-25,235.08916275539983,235.8531376604539,233.6591496320325,233.78648376464844,4997500
2023-07-26,226.66583545841954,233.94320547517404,223.00266254149543,232.22915649414062,7551400
2023-07-27,232.5425554192097,233.75708683332013,228.1741878928411,229.623779296875,8160100
2023-07-28,229.76091327032614,231.03420974101678,228.90879087666326,230.90687561035156,6794800
2023-07-31,231.15175098025512,233.52203409093613,231.15175098025512,232.84620666503906,4799600
2023-08-01,232.26831561790567,235.7845608933651,232.13119230465244,234.8540802001953,4627300
2023-08-02,233.72769781813284,233.8843994919396,231.92548658882072,232.67967224121094,4868200
2023-08-03,231.15176187699217,234.13910755133122,230.41716941340002,233.8550567626953,5033800
2023-08-04,233.11067011295614,236.94034899454618,232.95395347054085,234.08033752441406,5169700
2023-08-07,234.3055742443236,237.2047569803044,234.29578506009346,236.54852294921875,5649800
2023-08-08,235.48095149543346,236.4016430809763,232.5131992243539,234.37416076660156,5080600
2023-08-09,235.5592911141672,236.99909338229938,234.5700454174542,234.83448791503906,4055000
2023-08-10,236.11999846408528,239.38772368721604,235.59991154906146,235.66860961914062,4778000
2023-08-11,235.51162745313297,236.21816353336646,233.96117410892205,235.55087280273438,3607100
2023-08-14,236.218122523656,238.7793116264991,235.7667187277647,238.3573455810547,4351100
2023-08-15,237.48399543883426,238.1316559084004,234.8737533489208,235.3447723388672,3770100
2023-08-16,232.1064720947171,236.56157450067002,231.60601538148714,234.81484985351562,3218600
2023-08-17,235.51160560236764,235.88450376940062,232.0672537608659,232.9307861328125,4177600
2023-08-18,231.17427633674893,234.57938294532667,230.89951398563244,233.71583557128906,4344800
2023-08-21,234.90321430238708,236.03170146590165,233.3135007224813,234.98171997070312,3573600
2023-08-22,235.51160611736805,236.91485558324018,234.20647750332333,236.07095336914062,3848400
2023-08-23,236.80691704697162,238.00408721816802,236.2181320673988,237.76858520507812,4947700
2023-08-24,237.7195088813454,239.0050072353791,234.8835574445049,234.9915008544922,4570700
2023-08-25,236.8658369826906,238.8578717420131,235.71771953323577,238.03358459472656,3541500
2023-08-28,238.4653019365207,240.6437854283983,238.06298100076387,239.2699737548828,3741500
2023-08-29,238.946154087277,241.23258109568286,238.84801826049952,240.75173950195312,3975600
2023-08-30,241.81154063731637,243.58768827730322,241.44846503476703,241.62509155273438,4573300
2023-08-31,240.99707491958247,243.38163786186576,240.85969373997864,241.08538818359375,5532600
2023-09-01,242.84187938623106,244.21569094833757,242.1549736051778,243.46990966796875,4112900
2023-09-05,243.70545719091098,244.03909504447452,240.61435832851961,240.75173950195312,4459600
2023-09-06,240.83023034183333,242.04704564120541,239.64286776742114,241.556396484375,4520300
2023-09-07,240.9087529165903,242.77321385406967,240.5260471463319,242.51808166503906,4007900
2023-09-08,243.1559171305801,243.499377550321,241.83117331177576,242.66526794433594,3309100
2023-09-11,242.70453155614035,243.71526769563792,241.66435766294288,242.59658813476562,2995800
2023-09-12,242.321811348924,243.12646819116168,241.40919611831782,242.67507934570312,3499600
2023-09-13,242.5278844976806,245.38346632847555,241.99798996981102,243.19517517089844,5657000
2023-09-14,240.41812620301175,240.94802079082507,234.28501073864922,236.98358154296875,12000000
2023-09-15,237.37606418295508,239.53493252539502,235.54104106530562,236.5615997314453,13077900
2023-09-18,236.4340413720808,240.64380496393656,236.2672224391418,240.08447265625,4771600
2023-09-19,240.41809214013227,240.5358431488684,236.94430262159787,239.00502014160156,4709000
2023-09-20,239.07374017408924,239.9569027675878,237.1503886719787,237.3368377685547,5756600
2023-09-21,236.2672177162275,236.27702530970123,231.85137495817415,232.1850128173828,6881500
2023-09-22,232.32242149477065,233.34296535357817,230.4873980784733,230.68365478515625,5935500
2023-09-25,230.9780154772254,231.0663287370392,227.86730143635364,228.99578857421875,5921600
2023-09-26,227.5925072386746,228.31867337017206,225.30609537923186,225.3551483154297,6193200
2023-09-27,225.95374336093968,226.36588685412957,223.65750891027145,225.2079620361328,6006700
2023-09-28,226.35608494234916,228.19110803572022,225.3747866081958,227.32757568359375,4203900
2023-09-29,228.4854958250768,228.671944900474,225.35515180784793,225.7084197998047,6045200
2023-10-02,224.9528355741076,227.04299084450517,224.49162415905374,226.9448699951172,5175200
2023-10-03,226.1598427214669,227.41590347156964,223.520147638174,224.5308837890625,5585700
2023-10-04,225.18830298200274,227.36678614748817,224.59953305589062,226.89576721191406,5430900
2023-10-05,226.10093230479035,229.81023847434076,225.91448324242614,229.11351013183594,6126200
2023-10-06,228.8093250967212,232.1653635193892,228.39718160342065,230.64434814453125,6401300
2023-10-09,228.44624392005306,230.77191606581323,227.36680981634558,230.05557250976562,5372200
2023-10-10,230.50696705133038,233.76488462808058,229.89856689056876,232.17518615722656,4644000
2023-10-11,233.10743809368202,234.04947617328725,230.49718075405562,231.27239990234375,4760900
2023-10-12,232.28316930971573,233.2840829763829,230.49719889255692,232.3518524169922,4472800
2023-10-13,231.9691132767512,234.1868421278644,231.81210194921456,233.2251739501953,4966800
2023-10-16,234.53031056309615,236.20833736505534,233.872842451634,235.58030700683594,6227300
2023-10-17,235.1485173979948,236.963910276487,233.83356629072654,236.68914794921875,4527600
2023-10-18,235.47233821633745,236.32606291524203,232.55788117192563,233.02890014648438,9528300
2023-10-19,233.02891819191402,233.4704994505972,229.044849323941,229.43736267089844,5927400
2023-10-20,229.7513851319411,231.36071381057783,228.28924521493224,229.01541137695312,5748300
2023-10-23,227.03320852720697,230.07523969196478,226.95470285490197,227.2000274658203,5071700
2023-10-24,228.53456282085787,232.10648807038177,228.53456282085787,230.2616424560547,6844100
2023-10-25,227.90652366848465,234.02000771039184,226.9644707390729,232.42050170898438,10365300
2023-10-26,230.1831613560376,231.20370505265873,226.05188871047446,226.95468139648438,6414500
2023-10-27,226.84676087015654,227.06264772701203,223.7654843363589,224.9822998046875,5540900
2023-10-30,227.84765341752956,229.0154007838442,225.72804550758482,228.72100830078125,5170300
2023-10-31,229.20186179922072,231.3116472531688,228.63270696188684,230.7032470703125,4828400
2023-11-01,231.72377857035383,234.56953763388069,231.2723747667604,234.11814880371094,4996200
2023-11-02,235.42327301547252,238.7008056640625,234.72654465112726,238.7008056640625,6286700
2023-11-03,240.53584369800313,240.73211534424382,237.72932985379867,239.04428100585938,5029800
2023-11-06,239.43679709947028,240.2022086136356,238.0727929936193,238.93634033203125,5254100
2023-11-07,238.85781656040655,240.4867752894986,238.828378810049,240.1923828125,4219700
2023-11-08,239.44502653812467,240.6840893798054,238.76648676578674,239.85804748535156,5117500
2023-11-09,240.27104694749312,240.41854905641935,236.96686465983606,237.625732421875,4866600
2023-11-10,239.9268901194707,241.19546846126346,237.95028654693473,241.17579650878906,4094400
2023-11-13,240.92994265621425,241.59863896798004,240.0547283626956,240.6054229736328,4088500
2023-11-14,242.08051016713813,243.81126684453713,241.50031511682462,242.8377227783203,14092000
2023-11-15,242.70987445689266,244.11612643090163,241.26429358392323,243.98828125,13258900
2023-11-16,244.4602849971338,245.30599881265877,243.16222135313146,244.4406280517578,7051600
2023-11-17,245.30601134401115,246.08289587980323,244.52914181352165,245.4141845703125,7238200
2023-11-20,245.46334746361134,246.7614111237752,241.51996910316186,245.81736755371094,8604200
2023-11-21,245.87636081031445,249.1313708409966,245.87636081031445,248.03981018066406,7213700
2023-11-22,248.79702575098054,250.31143582713202,248.46267761804216,249.50506591796875,5701400
2023-11-24,249.9672662299883,250.46878844345724,249.28872646715834,250.075439453125,1640900
2023-11-27,250.07543641665575,250.74413269316153,248.32500792191766,249.9180908203125,5478900
2023-11-28,249.63290802361155,249.92791225181642,247.43011475277197,248.73802185058594,5234900
2023-11-29,249.70174408263267,251.8160361420876,249.30839509753974,250.006591796875,4955100
2023-11-30,250.0262842725324,252.50441009159232,248.96422391923394,252.41590881347656,6874700
2023-12-01,251.5406886682694,252.64209290097372,249.682086844378,252.1897430419922,3939400
2023-12-04,251.65871568848374,253.11414009039947,250.12463348593246,250.213134765625,5247500
2023-12-05,249.96728907940013,250.58682805084229,247.95134155774056,250.38031005859375,4199100
2023-12-06,251.55052224334267,252.56339514949877,249.3182284457674,250.0655975341797,3874000
2023-12-07,250.6556322774611,251.8848816234477,249.28872429083196,251.5701904296875,3589300
2023-12-08,250.76380398607964,251.78653535432528,249.65257134711138,251.49151611328125,3732300
2023-12-11,250.76382192828225,253.35013595221992,250.76382192828225,252.25856018066406,6479300
2023-12-12,253.02559673655853,255.40540773816522,252.1405539712225,255.24806213378906,5946600
2023-12-13,254.84485737827492,258.11955446612217,254.39250754410347,258.0212097167969,4859900
2023-12-14,258.81778506234036,258.8767859175413,252.1405748497591,254.431884765625,8168700
2023-12-15,250.28192607055794,254.07780209996224,250.22292522639276,253.7434539794922,13374000
2023-12-18,254.4023850569271,255.27758441861963,253.66484435422313,254.07785034179688,6041100
2023-12-19,254.31380375091626,256.015074774407,252.92725391184132,255.67088317871094,8731200
2023-12-20,256.1724431393309,256.4871343411259,252.80924469268203,252.8387451171875,7240900
2023-12-21,253.23216360004648,255.6709457676174,252.76997020367466,255.2284393310547,6246700
2023-12-22,255.68075114598867,256.8706416233525,253.93032258856724,254.13682556152344,5111500
2023-12-26,254.23512122433158,255.4250114719419,254.23512122433158,254.8546600341797,2085100
2023-12-27,254.9432159909851,255.4545667004373,254.01882931614813,254.62852478027344,4034700
2023-12-28,254.24507095053048,256.6346959209185,254.24507095053048,256.07415771484375,3020500
2023-12-29,256.241279304345,257.1164785438654,255.35623658676815,256.0249328613281,4074900
2024-01-02,255.29721619449094,255.7692530014974,253.38947204136022,254.56951904296875,5471000
2024-01-03,254.25478287394589,254.55963054624522,252.5928558807787,253.69427490234375,4148300
2024-01-04,253.78280040512135,256.70346226277667,253.71395608270933,255.2971954345703,3843000
2024-01-05,256.4478043566916,257.11650068884524,254.45152882852878,255.37591552734375,3748400
2024-01-08,256.6051323737145,258.25721614363215,255.63158836833526,258.1785583496094,4659000
2024-01-09,257.6475520283998,259.2406351438247,256.80185309477247,258.9554443359375,7055800
2024-01-10,260.5681704779341,260.9615194507578,258.4932073795891,260.16497802734375,4355800
2024-01-11,261.0500664247955,261.7679501835766,258.04090274046007,259.6438293457031,5599000
2024-01-12,260.7255071275684,261.1385130311582,259.3290838097412,259.7814636230469,4656100
2024-01-16,259.1422818943294,261.2467457012652,257.99173524225165,260.8337097167969,6196400
2024-01-17,260.0273747796466,262.66284647060667,259.99787435066605,262.2006530761719,5118700
2024-01-18,263.42985651363574,264.31489928910435,261.99411912184866,263.685546875,6694300
2024-01-19,263.7248430985359,266.6455050693166,262.6136104616532,266.399658203125,7226500
2024-01-22,267.71737290675026,267.8255611249434,265.86859981560696,266.6946716308594,5984300
2024-01-23,267.038822833184,267.3535139876631,265.42608318502874,266.753662109375,5883000
2024-01-24,268.04193673137235,268.32709749730475,266.57666895652,267.13720703125,5021700
2024-01-25,267.4322589303194,268.2484574004039,266.3013392279014,268.0812683105469,6894900
2024-01-26,261.5220557051272,266.37014853563545,261.18770757998203,263.48883056640625,8586500
2024-01-29,262.5349954712694,270.5004412366373,262.27930508535064,269.1138610839844,6574500
2024-01-30,270.0283678237029,274.01110517261696,269.63501882902864,272.54583740234375,6549000
2024-01-31,272.5163510114067,275.3386684570524,268.64180169260345,268.7204895019531,6139300
2024-02-01,268.8483377281884,272.58519842824285,268.8188072913933,272.447509765625,7065000
2024-02-02,272.99819733502784,273.87342664033366,271.10026660789333,272.5753479003906,4848700
2024-02-05,272.79166439738873,273.38170285170713,270.55938575705676,271.00189208984375,4899100
2024-02-06,270.23486196905975,272.2803246915351,269.4776644287743,272.1623229980469,4400000
2024-02-07,274.73881374783946,274.89615935437877,272.45734746892833,274.7486572265625,4785900
2024-02-08,275.4087567077099,275.52697844708683,271.2117045604323,271.7043151855469,5833400
2024-02-09,270.93580654926257,273.08358136338717,270.0392517268757,272.34466552734375,4618300
2024-02-12,272.3447082717138,272.5811818216245,270.18707128650186,271.00482177734375,3676200
2024-02-13,269.7043029387208,273.8914930300068,268.72894357405136,271.7338562011719,5493800
2024-02-14,272.38405946225447,273.53678129704485,270.6500608275474,273.45794677734375,4218400
2024-02-15,273.54665029836144,276.96536894169213,273.4579840015479,276.82745361328125,4834800
2024-02-16,276.807731582462,276.96537057769405,273.76340177429296,274.4432067871094,6630700
2024-02-20,270.5122030741698,272.7486444649348,269.30037012504454,271.0836181640625,6157200
2024-02-21,270.57130434492547,272.8767183566813,269.4875550060919,272.6698303222656,4770100
2024-02-22,275.05402037944435,279.86190417378094,274.8569941987386,279.5564880371094,5100200
2024-02-23,280.51222606857,281.72405916208083,279.310254809935,279.4087829589844,5107700
2024-02-26,278.8570413624807,281.1329001290754,278.48265246294255,279.95062255859375,3856900
2024-02-27,279.97029802120545,279.97029802120545,277.37916167308583,278.9850769042969,4145200
2024-02-28,277.93086232609033,281.9013019278962,277.911138662626,281.40869140625,4358800
2024-02-29,281.2806392084779,281.43827820096067,278.0096977642289,278.4629211425781,6633700
2024-03-01,279.01466751242407,280.6993874161044,277.9407499010226,278.9752502441406,3955700
2024-03-04,278.63039730826455,278.8175917363102,274.0195694382826,276.38409423828125,5920300
2024-03-05,276.127960464957,276.8373209972948,273.5762409286975,275.2511291503906,6227900
2024-03-06,275.86191511057086,277.83235736136066,275.18211012872337,276.2855529785156,4535200
2024-03-07,276.7289494240888,277.01467200513804,272.0787039228808,274.1476745605469,5668500
2024-03-08,274.87666786067797,277.50722124476,274.7091670559927,275.90130615234375,3928800
2024-03-11,275.3200238448975,276.62049273022274,273.8815795193771,276.4136047363281,4614000
2024-03-12,277.1525562159495,280.27572045597077,276.1476414780989,279.7239990234375,7988700
2024-03-13,280.45307786050313,281.87179883156864,279.62549563847585,280.9259948730469,5783800
2024-03-14,284.6895176814504,284.7683522169831,280.34468845710944,282.1772155761719,5484500
2024-03-15,279.3594369555743,281.40871372542904,278.46291219364576,278.85699462890625,9845000
2024-03-18,279.67475690920253,281.9998947393958,279.06392453287924,280.8373107910156,4095600
2024-03-19,282.4234665623457,283.8027700032167,281.0343012897885,283.103271484375,6595200
2024-03-20,283.38904410525356,285.586068167378,282.4826273601136,285.0047912597656,6105000
2024-03-21,285.68459185070685,286.6599512149617,283.6451767558422,286.07867431640625,5057600
2024-03-22,285.71417336000616,286.19692216955417,278.7092644382012,279.07379150390625,8744100
2024-03-25,278.82749355266407,279.31024237497326,275.9013850489302,277.0540771484375,8519200
2024-03-26,279.9309552657014,279.9309552657014,274.29548777435775,276.453125,8752400
2024-03-27,276.1082256535571,277.0934467977268,272.886563336085,274.8963928222656,5190700
2024-03-28,274.3742894065812,275.66492699452834,273.024540941825,274.95556640625,5844400
2024-04-01,276.21660529553327,276.73880140317823,272.6993884099726,274.1673583984375,5084000
2024-04-02,273.89148197452806,275.2018128856218,272.88656721714557,274.3249816894531,6912300
2024-04-03,276.3348187255204,276.3348187255204,272.4727388712544,272.8668212890625,4536600
2024-04-04,274.2461727775742,274.95553328039085,269.51712280317435,269.95062255859375,4018600
2024-04-05,272.0195814959189,273.8520785105364,270.96538758756225,273.0442199707031,4392100
2024-04-08,272.167335776849,273.871779147034,271.083586526054,273.655029296875,5542400
2024-04-09,273.5269870961849,273.891514156894,269.28068581080447,272.63043212890625,7313900
2024-04-10,271.3496332727811,272.7289369249278,270.0688276863441,270.42352294921875,5276000
2024-04-11,269.95060952133406,272.39396892782634,268.15749971656714,271.60577392578125,8102300
2024-04-12,271.4776780317279,272.90626073730317,270.0097081277627,271.8816223144531,9038400
2024-04-15,273.78314092679597,273.80283452735245,266.34470263051026,267.27081298828125,10267500
2024-04-16,266.54175593598535,270.07869648999673,266.1772288970704,267.33978271484375,8237100
2024-04-17,269.26091306256444,269.95057985524267,267.4875271193372,268.6599426269531,5940900
2024-04-18,268.54174399424033,269.11315904881087,265.8717729510428,267.3594665527344,8231800
2024-04-19,267.4580563671052,267.98022250977385,264.325059511093,265.79302978515625,7905400
2024-04-22,266.9456873786569,269.7141564541925,265.37915926365054,268.3052673339844,6463700
2024-04-23,269.96046189737683,270.8274613359711,268.6796563388848,270.0589599609375,6438000
2024-04-24,278.39397432596604,278.8176122452037,270.4333698316527,270.9555358886719,8807200
2024-04-25,268.93586873268544,272.13783806804304,266.4925090005092,271.093505859375,8064600
2024-04-26,270.9456999903768,272.6796689093154,269.78311608878676,270.4629211425781,6840600
2024-04-29,268.29542673444985,270.4136461616657,267.08359391427786,267.822509765625,4128600
2024-04-30,266.5318967701639,268.0589776421362,264.61070335497806,264.6402587890625,6376400
2024-05-01,264.18707466396404,266.90629496089207,262.7683536452683,263.3693542480469,6119900
2024-05-02,265.36933461971523,265.48755635234596,262.70922536926423,263.655029296875,5061700
2024-05-03,265.02450613102246,265.467867703221,262.561453100065,264.52203369140625,3862000
2024-05-06,265.66487173338965,268.74861868142955,265.58606727226476,268.6402587890625,3958700
2024-05-07,269.6747406679106,273.77326435545194,268.79787939201685,272.3742370605469,6377100
2024-05-08,273.69438469109906,274.43330044897624,270.8569734367602,273.0934143066406,9029700
2024-05-09,272.709217606693,274.6698282505494,272.31513513787695,274.42352294921875,8948800
2024-05-10,275.4185877280501,276.876725998399,275.1131715466326,276.59100341796875,8986400
2024-05-13,277.30031002848926,277.9801149625163,274.9752027680657,275.26092529296875,10528400
2024-05-14,275.31026434623226,275.852124077647,270.21665659133834,273.6353759765625,18526100
2024-05-15,273.05403420506093,277.56636388448015,272.975229742783,277.3397521972656,21288400
2024-05-16,278.0898864382011,278.72160932835493,275.64203554436835,276.2145080566406,10341500
2024-05-17,276.4218211041876,277.2706951020043,274.49710225679047,276.47119140625,6177800
2024-05-20,275.60257954683095,276.63896427202883,274.5760447839983,274.931396484375,5460900
2024-05-21,274.39836811972134,274.8227900209365,271.3187941316,272.37493896484375,6578200
2024-05-22,271.96036441471836,274.4773157902539,271.55567256318625,272.00970458984375,4202500
2024-05-23,271.6741712667016,273.8456816370257,269.49281093256707,270.6772766113281,6115900
2024-05-24,271.44718146478687,271.67418247499495,269.8086835945281,270.93389892578125,4339700
2024-05-28,270.6772244635418,270.9042254206514,266.72904645793267,267.4693298339844,6212100
2024-05-29,265.51497070829936,267.62726039861616,264.7845674168328,265.37677001953125,5469700
2024-05-30,265.21886469138127,268.1207778818387,264.8339028842642,267.78515625,4901900
2024-05-31,267.9233706831208,269.22627669715774,265.52485969514976,268.9301452636719,8910000
2024-06-03,269.55198796371155,269.591478179259,264.5871551664789,266.8771057128906,4838800
2024-06-04,266.1368535476167,269.45330910982153,265.8209920305842,268.8907165527344,4188500
2024-06-05,269.98626076978695,271.36811694241584,268.4958140466986,270.9436950683594,5368700
2024-06-06,271.2398358611346,273.55939662570955,270.5291625656523,273.4508361816406,4862400
2024-06-07,274.1121688399706,276.69822107438785,273.2731748400029,275.05975341796875,4515600
2024-06-10,274.5366206431096,274.95116253859305,269.83827834621053,271.4767761230469,5213800
2024-06-11,270.98319063293866,271.299021962775,268.69324028894096,271.11151123046875,6244600
2024-06-12,273.1842586714171,274.0035223646435,266.40326868817,266.8178405761719,7536600
2024-06-13,266.81788131357195,268.3379081831795,265.8308367956515,267.6766052246094,7361200
2024-06-14,266.60073037999655,268.0319268580065,265.7814665614855,267.1534729003906,8537300
2024-06-17,265.5149908859168,268.3083137816134,265.5149908859168,267.6568908691406,9258200
2024-06-18,267.7851533541184,270.35147500719154,267.7851533541184,270.0751037597656,6707500
2024-06-20,269.65072676181586,274.43789927517577,269.56189635916115,273.23370361328125,10164400
2024-06-21,273.5791065173378,273.9443081216676,271.0226350426203,271.65435791015625,14594700
2024-06-24,271.75314397481617,276.7574676479203,271.7037736683153,272.7204284667969,24149600
2024-06-25,273.26326189179235,274.3292566435725,269.98626708984375,269.98626708984375,18325800
2024-06-26,269.37435670950583,270.90426385484994,268.22938131077234,270.055419921875,12172000
2024-06-27,265.0313387192031,267.0843781058789,263.04736955735603,263.1361999511719,10529100
2024-06-28,263.7382805010175,265.1201366615802,257.86535416586975,259.0695495605469,13957300
2024-07-01,260.37248240315444,262.32681127482743,257.9147210648929,259.82958984375,7955800
2024-07-02,259.8296015055484,264.7549743652344,259.0004876860793,264.7549743652344,8697800
2024-07-03,265.5841073924301,266.2552905154645,264.6760130736922,265.505126953125,5017800
2024-07-05,265.51496429230957,267.0448711826576,264.7648008507418,266.8573303222656,7986400
2024-07-08,266.74876612296725,267.92335144370156,262.52421702625963,262.9486389160156,8561100
2024-07-09,263.5409163643153,264.08377886224855,260.5008321559083,262.0011291503906,6431300
2024-07-10,255.7629747914554,260.0665046225865,255.16089208446755,259.59271240234375,9635500
2024-07-11,258.73401768773215,260.2145846556575,257.38177134324764,259.1485595703125,8803600
2024-07-12,260.9153239824876,263.9356775629029,260.24414099177443,262.29718017578125,6627800
2024-07-15,262.22815464183657,265.751881004632,261.8135826521019,264.9721374511719,6845200
2024-07-16,265.041226325586,266.7093342426497,263.9061309693307,265.76177978515625,7869900
2024-07-17,264.96223391944886,269.3743241380767,264.76481296614764,269.16705322265625,5324700
2024-07-18,268.76239000838206,270.07514610895043,265.08070270446586,265.6630554199219,5550800
2024-07-19,266.8178647104187,267.43970753756673,260.88571788774743,262.02081298828125,6839900
2024-07-22,263.76793709293264,264.9227623968229,261.5865468572101,264.24169921875,5313600
2024-07-23,264.0640199408571,264.23183076348005,260.4415532889436,261.3595275878906,8109200
2024-07-24,252.75249935154562,253.86786448702082,249.85058603131748,250.87710571289062,13065900
2024-07-25,252.08129993237114,254.87463773764222,249.4261477577695,250.4526824951172,8573300
2024-07-26,252.278684107085,257.8160190637147,252.278684107085,256.0985412597656,7062200
2024-07-29,256.9474605666599,259.306481525253,255.2299824590675,258.21087646484375,6068100
2024-07-30,259.81975738339406,260.87587219821154,257.62851719618044,259.6914367675781,5941800
2024-07-31,261.1127538203112,262.90915187172476,260.82650248837655,262.2281188964844,7642500
2024-08-01,262.8795529933477,263.5408860735961,260.75741330596077,262.4847412109375,7269700
2024-08-02,260.4119700557737,264.48846917494626,259.4742957357257,263.1263427734375,7017900
2024-08-05,258.0627780096206,259.51373452513144,251.21267220151626,253.11767578125,9631300
2024-08-06,253.17691556701294,257.1152135033933,252.45637729537378,254.91412353515625,21586800
2024-08-07,256.29598959646995,258.6352803433375,252.98938435366935,253.1966552734375,12908600
2024-08-08,254.78578763252847,257.0757379762813,254.578516733113,256.4637451171875,8223700
2024-08-09,256.32532354668984,258.64950543959316,256.16707610935555,256.9088439941406,7228100
2024-08-12,257.64070459211496,258.7286368284504,256.39452492298415,257.03741455078125,26769400
2024-08-13,257.2747802734375,258.80775517589905,256.4242040630365,257.2747802734375,12005700
2024-08-14,258.00665639202714,258.62974626961955,255.90003068497225,258.2737121582031,8552300
2024-08-15,259.95499544814714,264.4550715617028,259.95499544814714,263.87152099609375,7397800
2024-08-16,263.92100901911385,265.4935532508348,262.4770427115619,264.4451904296875,5111100
2024-08-19,264.4847200467011,265.3649354078448,262.31875581989334,263.5451354980469,6555900
2024-08-20,264.0693681697936,265.09796142578125,262.86275786448476,265.09796142578125,6803600
2024-08-21,265.612229148485,266.31442759491796,264.45508820546564,265.2561950683594,6639700
2024-08-22,265.98807780945026,266.54192875328965,263.64409610380636,264.9990539550781,4425200
2024-08-23,265.75072685807237,266.2551085093339,262.3979214395611,264.5045471191406,3697400
2024-08-26,264.7815011893839,267.40240870041964,264.73206206342,265.26611328125,4612200
2024-08-27,265.5727009049103,267.97605204868364,264.94964116812605,267.7485656738281,6594100
2024-08-28,268.1836991521918,268.9947059178316,264.73201572388655,266.2353210449219,5455100
2024-08-29,268.00571521191523,272.9607045732427,267.48153373672125,271.3090515136719,5565100
2024-08-30,271.9815594850406,273.9497072934235,271.2496914924987,273.3365173339844,6296100
2024-09-03,273.3365318957945,278.9937498417721,273.3365318957945,275.48272705078125,7278300
2024-09-04,275.6507938601499,278.55852602537817,275.6409241470769,277.4112548828125,6107500
2024-09-05,277.91567949861,278.4101913838389,274.36508778458017,275.5617980957031,6447400
2024-09-06,274.7211446665305,277.2036041949525,274.3848801785654,276.3035888671875,7187700
2024-09-09,278.993744442489,283.82018583647124,278.5585715179422,282.47509765625,10933900
2024-09-10,282.79161989262445,283.2564623714086,280.45753778306425,282.2080993652344,5314400
2024-09-11,281.89156353762405,282.0399412594647,275.2453221366819,280.84320068359375,6281800
2024-09-12,280.8827740850073,282.86082178983133,278.38054494570946,282.23773193359375,4160800
2024-09-13,283.34543818316337,285.5707418853645,282.4157533329681,284.1960144042969,4987600
2024-09-16,284.8882753569778,287.7069990438227,284.5816804131303,287.2916259765625,4458900
2024-09-17,287.7070428583821,289.85323797476497,286.89603602674515,288.35980224609375,5135700
2024-09-18,288.6367041357905,288.81472117717624,284.9674342639328,285.3135986328125,5890000
2024-09-19,287.8949571013072,288.2806909014838,279.7651796146909,282.1091613769531,10382100
2024-09-20,282.3662853246312,283.84982097432277,280.1409818500938,281.644287109375,27810900
2024-09-23,281.77287493572635,285.7092005303872,281.4959494786846,285.4619445800781,6505600
2024-09-24,277.1046581508087,277.91566484364466,269.7166497677676,269.785888671875,13690200
2024-09-25,271.1804479861817,271.2397870017281,265.2858743752154,266.6705017089844,11671300
2024-09-26,267.5309449744562,270.2408605996803,267.03643306137957,268.7078857421875,9552500
2024-09-27,270.1617715452645,274.92887397649326,269.78593763488186,272.14971923828125,6509600
2024-09-30,271.98156802739135,272.6639969217782,270.20133710971203,271.93212890625,5969900
2024-10-01,273.92991921879843,275.99697530964835,271.3485514423519,274.5530090332031,5781600
2024-10-02,273.53432173308806,274.5925844511293,272.34748109083097,273.9595947265625,4741600
2024-10-03,273.6332192090877,274.6420125868415,272.81231257927755,273.82110595703125,3036700
2024-10-04,274.3058044259312,275.3838369325352,272.0805004909171,274.8794250488281,4259300
2024-10-07,274.5530605083755,274.5728301220624,270.2409002979349,270.7848815917969,4339300
2024-10-08,271.6946996346184,273.069457103011,271.00240113517776,271.94195556640625,4370900
2024-10-09,271.98157197985284,274.44423182770663,271.4079513993001,273.890380859375,4115800
2024-10-10,273.7420096312916,274.62225531211783,272.3277128231666,274.4244384765625,4063900
2024-10-11,273.0101439514207,275.7398291727192,272.34748471111936,274.7903747558594,4746300
2024-10-14,276.0167684176271,278.2816415315378,274.93873602101263,277.5992126464844,3996600
2024-10-15,277.9156789803071,279.5376924484856,275.76948412206804,276.2244567871094,5807000
2024-10-16,275.5618292271988,284.4432745550265,275.2948036447478,284.3641357421875,9442700
2024-10-17,285.4026364792854,287.7367184153602,284.4531517957774,287.2026672363281,8815800
2024-10-18,286.73778569662414,287.84548749373874,284.9179553926671,287.4300842285156,5350900
2024-10-21,286.421292443109,287.2520687955795,283.18716536881584,283.70147705078125,6313100
2024-10-22,281.92121867826637,283.3849847501523,280.41791338634266,281.6640930175781,5736500
2024-10-23,282.90038942182616,282.92015903300995,280.4179299093962,280.6454162597656,5249300
2024-10-24,279.2904516329402,280.5069316173495,278.6376922883882,280.111328125,4679900
2024-10-25,280.88276854747363,281.96080090343605,277.6981105981872,278.6376953125,4464600
2024-10-28,278.9443441313886,281.5158126298632,278.43993222079894,281.07073974609375,4306200
2024-10-29,281.14979251198,282.56411952375953,278.2618598386176,278.7860412597656,7534800
2024-10-30,289.1312541480207,292.5334989062318,285.1652585018386,286.9751892089844,9606800
2024-10-31,288.88398294550905,293.08733445672664,286.4410927422733,286.6685791015625,7950200
2024-11-01,285.3234635620057,289.4576059436179,284.0377447078547,287.54876708984375,5470700
2024-11-04,288.3498811912445,289.9323253317725,287.56857410887204,288.6466064453125,4281600
2024-11-05,288.50815661723516,291.54446726773324,288.3795786795911,290.0708312988281,3753700
2024-11-06,302.95780741285546,305.60838421333796,299.49622377289853,304.02593994140625,10320500
2024-11-07,304.1248033771723,304.2533812939965,301.0786235049947,302.4434509277344,6237300
2024-11-08,303.5215595849181,307.7347808806575,302.3347188302057,304.49078369140625,6240600
2024-11-11,306.6863870435086,309.0105990139976,305.905049789044,307.5072937011719,4674100
2024-11-12,306.22901681287175,307.7252614664828,305.30745300158225,307.0316467285156,4616400
2024-11-13,306.6749275411851,308.12166942881066,305.03994167859054,306.6650390625,4046400
2024-11-14,306.4866653698808,308.4585853451614,305.0300349463306,305.44622802734375,4415800
2024-11-15,304.7624499860359,307.89371044147214,303.8706423808781,306.82354736328125,5106300
2024-11-18,306.6650322851682,309.56837423494426,305.8921282450232,309.3206481933594,4585600
2024-11-19,307.18027956782373,309.39000665885465,305.70384209444103,309.0134582519531,4885500
2024-11-20,309.0233369379995,309.4494486817772,303.4346535600061,304.5940246582031,6349900
2024-11-21,304.5048502927646,308.09194891872653,303.8607686071072,307.0812072753906,5757100
2024-11-22,305.1687684105703,308.755836784716,305.0993978588059,307.1010437011719,5919200
2024-11-25,309.0233586013876,310.8070042436528,307.04155026997876,310.3412780761719,14189300
2024-11-26,311.34209080672355,311.6393499507424,308.7062821831103,308.9837341308594,7071500
2024-11-27,307.9432484179726,313.49231728446864,306.6748924119157,311.8375244140625,5204300
2024-11-29,311.4312882684027,313.3734520256155,310.8466584214865,312.2140808105469,3853300
2024-12-02,314.01753195585525,314.5328214885692,310.8565451686143,313.7698059082031,5597500
2024-12-03,314.21572789921237,314.4337280328339,309.9250957783882,310.1629333496094,5009900
2024-12-04,309.578305227165,310.0043867779849,305.9912066012031,307.0812072753906,5981800
2024-12-05,307.16048418139343,308.2603732901632,306.02092019880024,306.2686462402344,5200100
2024-12-06,306.06054203666247,309.71698055509125,305.9911714926289,308.18109130859375,4302700
2024-12-09,308.9936487336409,310.16293869229577,304.84178788450754,305.4957580566406,5785300
2024-12-10,304.5642771952526,310.1331837766131,303.8508552559972,309.53863525390625,4539500
2024-12-11,310.1926738657285,312.67982296183976,308.3793021598012,310.93585205078125,4321800
2024-12-12,311.9564559995197,312.67979668525186,310.57908469710617,311.371826171875,3218500
2024-12-13,312.9572486574793,314.06708672221254,311.4808111306398,311.8771667480469,4682200
2024-12-16,311.8771596786045,314.6715166139761,311.242996753127,313.0167236328125,6562500
2024-12-17,312.94736216870484,315.93988187514907,312.27355459082924,315.40478515625,8843900
2024-12-18,315.6029654992168,318.69458154734065,306.74428015517265,306.9622802734375,10479200
2024-12-19,308.9936238947946,313.98778921505397,308.3991056042829,312.0158996582031,8317100
2024-12-20,310.7178021941834,317.08930822370513,309.43952745320854,314.82012939453125,24387000
2024-12-23,312.7788680571313,315.07777278954,310.49980075999747,314.3345947265625,7984600
2024-12-24,315.27594530426467,318.61528701279235,314.3940262113942,317.7333679199219,2684100
2024-12-26,316.8614434985661,318.5261856333765,316.55426559797564,317.9910888671875,2856000
2024-12-27,316.3659421146555,318.5756691509963,314.6715045655296,315.7615051269531,3489200
2024-12-30,311.81771162915373,314.22560146350486,310.38091875120523,312.4419860839844,3478500
2024-12-31,313.24463378700017,314.770634736431,312.32310013000483,313.1653747558594,3963800
2025-01-02,314.88948264049577,316.77219425665254,309.568332817572,311.54022216796875,5369500
2025-01-03,311.322222429839,313.0464160137732,309.1719776084834,312.04559326171875,4271300
2025-01-06,312.1447399431988,312.5212883754562,309.2314791925708,310.1926574707031,6567300
2025-01-07,310.0440178128232,312.3230852897886,308.48829102063627,308.8351135253906,4958600
2025-01-08,308.1712000954382,311.1835572709654,307.3883773257462,309.75665283203125,5161600
2025-01-10,308.3694400096623,309.0135217770346,303.20680667056973,304.9111633300781,6660100
2025-01-13,302.2257770711499,304.1283264160156,301.07632458529287,304.1283264160156,9568400
2025-01-14,305.94166066613013,307.33883916631174,304.72283765788785,306.278564453125,5107600
2025-01-15,310.8267805839625,314.30486353710495,310.2817954429253,313.40313720703125,5222000
2025-01-16,312.87796273017324,316.2767564612195,312.87796273017324,314.36431884765625,4606700
2025-01-17,314.61208698340585,317.6739773665077,313.8292641895394,316.7127990722656,5805800
2025-01-21,317.396500831055,321.62765059801967,317.08932296862866,320.6863098144531,5653000
2025-01-22,321.8159289099539,322.77710714206955,319.447683723604,320.616943359375,5026500
2025-01-23,320.815104502031,325.5218987336218,320.626830313568,325.224609375,5297100
2025-01-24,325.03636968275924,328.07845269289544,324.82828827763444,327.1965637207031,4327500
2025-01-27,326.9983872773065,332.4384416797574,325.0661119837602,331.4971008300781,6636500
2025-01-28,331.6258962729518,334.75712669159793,329.86208814295765,331.4376220703125,5999600
2025-01-29,331.45746796599275,334.04371351474384,331.45746796599275,332.8249206542969,5087300
2025-01-30,336.42190826253784,341.3070589090581,335.9165374232435,339.9296875,8081300
2025-01-31,343.31857591186593,348.0550967303691,338.60186229076385,338.6910400390625,8624100
2025-02-03,336.90739977567614,342.8528244775998,336.1543029699678,342.6744689941406,8004500
2025-02-04,341.4655738991025,342.8627523702409,339.42431378268606,342.01055908203125,5532600
2025-02-05,342.8528532939754,346.30121079731924,342.10967514377165,346.2615661621094,4939100
2025-02-06,346.5984337818044,347.46051550765304,343.44736601146326,344.3193664550781,4294500
2025-02-07,344.83462395690464,347.55961020943766,344.0518012571608,344.85443115234375,4261200
2025-02-10,345.5282920100313,348.6991671718126,344.53738785197555,348.0352783203125,6067000
2025-02-11,345.71261834277146,349.504248490428,343.67785901944006,348.1146545410156,5154800
2025-02-12,346.5662585673462,349.2164074329278,344.90865088222534,348.8789367675781,6760100
2025-02-13,350.49682566406943,353.43482867534993,348.12459564923915,352.9881896972656,4279200
2025-02-14,351.79712168254787,352.7896932169901,350.596118607319,351.1817321777344,5720300
2025-02-18,351.06262171904,354.0899527247787,349.7821959826771,354.0800476074219,5822000
2025-02-19,353.3752962027272,354.49690684959194,351.54896826896316,352.5911865234375,4152300
2025-02-20,352.5911617384743,353.4844699717451,346.46698265690856,347.8863525390625,5697000
2025-02-21,347.8863494826955,350.6953435817881,344.8987300875696,345.94091796875,6924100
2025-02-24,346.1692733773193,348.19409758782973,344.7796489348489,347.2610778808594,5055900
2025-02-25,348.7598650855966,349.97080360353914,343.4297606412601,349.4745178222656,6191900
2025-02-26,347.4000047347809,349.21639714583705,346.39749788518003,348.02532958984375,5960600
2025-02-27,349.28591060328654,357.63344069207915,349.06754365801817,353.0973815917969,7298100
2025-02-28,352.0750524548494,361.29605080435203,351.0824808867056,360.015625,15857300
2025-03-03,360.3034597833793,363.81717142634926,356.86917082446587,359.1322326660156,9099600
2025-03-04,357.43493339733703,357.59374848338234,347.7970719377436,349.6134948730469,8955800
2025-03-05,348.2238562418129,351.47948964577205,346.3479118029868,350.06011962890625,8244200
2025-03-06,343.3900407238917,346.2784275336947,337.8614402796064,341.6034240722656,8611100
2025-03-07,338.3378360507605,343.81685001477626,336.62070677393535,342.7547912597656,6358700
2025-03-10,337.41476025635785,342.44710506283326,335.13185790834467,338.9433288574219,8204300
2025-03-11,335.89611111863024,337.0871786950584,327.1316881716332,329.6726989746094,9776100
2025-03-12,333.47424630087136,333.662837308143,326.66519009566895,330.36749267578125,6295400
2025-03-13,328.5312520376789,333.7025716918127,325.26571340391433,326.109375,7915300
2025-03-14,324.7793056180254,330.29800062574157,323.95548461728515,329.335205078125,7810600
2025-03-17,327.5783764672847,333.61319796124707,327.31039306247374,332.0647888183594,6149400
2025-03-18,332.79929864348503,333.30548949840875,329.8314893326802,332.28314208984375,7778300
2025-03-19,334.29804381683005,338.49663184920973,332.015141655727,337.3452453613281,5614900
2025-03-20,336.4817415891937,339.69766358563754,335.1516994018881,336.97802734375,5432700
2025-03-21,334.8638537841396,336.90854872216164,333.02759038693904,333.16656494140625,17279700
2025-03-24,336.1343574479224,342.65555995835115,335.14178587400806,341.3155822753906,5675100
2025-03-25,342.00044568976176,342.96324129038476,338.13935816971735,342.05999755859375,3931200
2025-03-26,343.4198125365693,344.79950149712596,340.4520333673521,341.6232604980469,6187100
2025-03-27,341.44462297103365,348.2338089324125,340.7696815675302,347.2610778808594,7254800
2025-03-28,346.5960305247208,349.0079719025993,339.0723218953758,340.3031311035156,5687600
2025-03-31,336.8291431228227,349.24619193619026,332.0052299024805,347.8565979003906,9950800
2025-04-01,347.83674375043194,347.8466791580807,340.02521123181765,343.7771301269531,7473300
2025-04-02,340.88874739233717,345.61339727308604,340.501629980197,343.75726318359375,5682500
2025-04-03,331.4195976476345,342.179068418752,328.5411465307668,336.86883544921875,8792900
2025-04-04,327.548569076171,332.16402012770556,309.80138721423106,310.80389404296875,13201700
2025-04-07,299.8260810630953,319.78667944095287,296.778879280273,309.99993896484375,12163400
2025-04-08,319.8462363061084,323.8562337207618,301.6722542325901,305.9800109863281,9569300
2025-04-09,303.36959980790294,331.54869191479946,303.36959980790294,329.9605712890625,11361800
2025-04-10,325.5832807256775,327.707398198318,310.94285163126773,322.1986083984375,8709800
2025-04-11,322.01994237069283,334.4767320151453,320.1439981157205,330.9233093261719,6804500
2025-04-14,333.9109984216604,337.0872092038152,330.66530036126704,332.69012451171875,5011800
2025-04-15,334.21870397872834,336.86888342808714,332.51147964770786,333.3154602050781,4386200
2025-04-16,332.51146424051313,334.7149742599511,326.4170604757067,328.86871337890625,5850600
2025-04-17,328.610675317875,331.8365329043558,326.0002072551973,327.1614990234375,5655900
2025-04-21,326.55601758292966,326.70489724705635,314.29775372186907,317.7221374511719,6362300
2025-04-22,321.45420402020414,330.08958852422495,319.99515293739404,328.9382019042969,5435500
2025-04-23,334.7348143715311,338.7150359152207,330.72484718434157,331.8861389160156,8906000
2025-04-24,330.8042146303982,334.26827932908634,328.7892957803454,333.2161560058594,8055200
2025-04-25,332.27324834486654,333.8712739361726,329.7024917691491,332.6802062988281,4452800
2025-04-28,334.27821953702613,336.81920008518114,332.53128405109055,335.0028076171875,5422900
2025-04-29,335.9854769850612,339.7274609052591,333.96062249755994,338.9830322265625,5519500
2025-04-30,331.95560318233197,343.9458531517072,330.76450530796507,342.9334411621094,9526700
2025-05-01,343.01285133188384,343.1518258838107,337.5934193334326,339.9061279296875,5849900
2025-05-02,344.6406707739598,347.4893460773067,343.5488360869076,345.0178527832031,6113700
2025-05-05,344.4223389642861,348.4422417551538,343.54887112555906,346.0501708984375,3865300
2025-05-06,343.8267653261146,347.05262273661964,343.1915353103797,345.11712646484375,3438500
2025-05-07,346.1096780367608,348.5414599239066,344.63072597288647,347.2511291503906,5454000
2025-05-08,349.38517160328274,352.69042140438404,348.34298363388575,348.66058349609375,4156400
2025-05-09,349.21642550515,351.17179261651313,348.06506919478625,349.9211730957031,3086600
2025-05-12,356.4721421949445,359.2017138134001,348.5216348059256,353.2065734863281,7985400
2025-05-13,353.46507058705555,356.7957135338314,352.53050139384237,354.0815124511719,5406200
2025-05-14,354.60843571646035,356.3383686851556,353.15685277328083,354.3996276855469,6207600
2025-05-15,354.8271984768698,361.62765979141955,354.6183904264411,360.2059020996094,5826100
2025-05-16,360.8521422236704,364.0734051456595,358.80405155830886,363.00958251953125,5838100
2025-05-19,360.9217005235553,367.01627342168587,360.22576479180896,365.77349853515625,5081500
2025-05-20,365.65420417005475,366.1214887501993,362.58206823126,364.7196350097656,5281400
2025-05-21,361.6176895057481,363.87455791983723,356.01027429871647,356.22900390625,6125500
2025-05-22,355.69213173413715,357.9191746673327,354.4990556821056,355.9009094238281,4936600
2025-05-23,351.7052986849405,353.9422935175656,350.1841434124028,351.49652099609375,5345900
2025-05-27,353.3557058501838,357.91917164775055,352.4310886053113,357.22320556640625,6316000
2025-05-28,357.2629964880913,358.8239291058765,355.9705226776412,357.6507568359375,3299000
2025-05-29,358.2671591242516,360.9416131728053,356.64657577796976,360.3052978515625,4590400
2025-05-30,359.2613920730208,364.9185061271794,359.2613920730208,363.0791931152344,8726900
2025-06-02,360.673186316356,363.34764060177986,357.879430482929,363.2084655761719,3845700
2025-06-03,362.47269995679756,364.759424071339,359.4105158276682,363.74530029296875,5221300
2025-06-04,364.590403043131,367.5233641421073,364.19272111645273,365.8729553222656,4202300
2025-06-05,367.8613656369081,368.8555855440349,363.81488333301803,364.6500244140625,6881900
2025-06-06,366.8771110066502,368.85559898474776,365.4255280436987,368.0801086425781,5008500
2025-06-09,367.6526239175377,367.6526239175377,359.95734045158093,364.54071044921875,4999900
2025-06-10,364.8787468414267,369.29308615148983,364.5605891535765,368.557373046875,4109300
2025-06-11,367.8613865449288,373.33954825373667,367.2449750220648,371.1522521972656,5562700
2025-06-12,370.07848489023866,372.0072739266105,367.4139524946883,369.2532653808594,4874000
2025-06-13,359.42046478823045,360.9117947171911,343.0058836609573,350.8105163574219,14181700
2025-06-16,354.4294650172824,358.137916403319,352.2819462555537,353.4253234863281,7234700
2025-06-17,351.44677443191466,357.5214736546947,351.2777740439734,355.7716369628906,5559600
2025-06-18,355.78162171567277,356.4079851502761,336.0861265714273,338.41259765625,15008600
2025-06-20,336.99087607586944,338.0347949237182,332.98417074968575,336.6130676269531,19332100
2025-06-23,335.5492476029829,342.30993141821295,333.690061070854,341.76312255859375,7553300
2025-06-24,349.4881847257173,352.5106218590836,345.90901719070337,349.5975646972656,10172000
2025-06-25,348.42440848490133,349.2595496376034,343.264404296875,343.264404296875,6836300
2025-06-26,341.79297311297563,344.904886774484,340.0530879972866,344.02996826171875,8829500
2025-06-27,344.58668785023735,349.9753733140441,343.66207058124957,346.5950012207031,6601900
2025-06-30,347.33073684929604,353.5545329474738,347.04240457552913,352.9977722167969,7080100
2025-07-01,351.7748874939299,354.9364994508519,349.3887658347658,353.41534423828125,6653400
2025-07-02,352.5503853237964,354.30019172926967,347.9769676803324,352.1725769042969,5131400
2025-07-03,352.5404582199922,356.92497196219716,351.56611171910697,356.7857666015625,3702800
2025-07-07,356.8454335264291,357.58114657143045,352.44101614142653,354.57861328125,5138000
2025-07-08,354.6183647363144,356.20912272568273,351.20819758727356,352.50067138671875,6966800
2025-07-09,353.01771486982267,355.6921691894531,351.7053371426281,355.6921691894531,7297100
2025-07-10,354.767488787687,355.55293103791666,351.4070508681062,353.822998046875,6121300
2025-07-11,350.47252066482696,351.7649945975195,342.39945868738437,345.9189758300781,7580200
2025-07-14,345.382081112289,349.9355951083556,343.015832789593,348.4740905761719,5598900
2025-07-15,346.10786928409664,348.1857854896148,344.7557446176338,345.01422119140625,4891700
2025-07-16,345.2826639034013,348.64313227631465,343.8012555074003,347.8775634765625,5544200
2025-07-17,347.97702069360685,349.3390973200174,346.46581712656524,347.7881164550781,4747100
2025-07-18,347.4798818290788,347.4798818290788,345.15341072472773,347.032470703125,4927600
2025-07-21,347.04245200721493,351.6059184454977,346.3862631261223,348.9115905761719,5216300
2025-07-22,349.07064634589125,352.4311147839002,348.1758544185435,349.82623291015625,4614200
2025-07-23,350.95964746352973,353.72357775115313,349.17998523156797,353.2364196777344,4385600
2025-07-24,352.7691347853894,355.11547933584245,351.8146617746286,351.9240417480469,5887200
2025-07-25,351.9538507970478,355.5827474277071,350.96958278789594,354.9762878417969,3915400
2025-07-28,354.32008797586263,356.24887698280617,352.6796312315113,353.41534423828125,3921000
2025-07-29,354.23065199777454,356.2489173824306,348.78231547952714,349.2595520019531,7402300
2025-07-30,349.66718668152214,354.5587320980825,345.2230220609473,348.8817443847656,12129700
2025-07-31,346.9131676575012,350.78069791357024,343.09536660475925,343.4731750488281,8641700
2025-08-01,342.111094619033,344.1691372200112,336.14577485354397,337.3885498046875,8658700
2025-08-04,339.7249824907629,342.3894847802844,338.0347963724263,340.17236328125,7335300
2025-08-05,340.17236435347024,340.4805701238393,333.6105063349677,335.4796447753906,7295600
2025-08-06,336.34459648145895,339.4565097752272,333.49119008351096,337.7762756347656,5944100
2025-08-07,339.4565124616352,340.1723520439536,326.80011183390815,330.1705017089844,8797100
2025-08-08,331.751286289915,335.42991202689075,330.8067955971987,334.8333740234375,6073900
2025-08-11,334.78371569509886,335.90715882250316,332.57654605394436,333.95849609375,5715800
2025-08-12,333.84894997860204,337.2850261197865,333.46050732909305,335.3827209472656,5682800
2025-08-13,335.62175495109443,342.0955555803865,335.42254892774906,341.1692810058594,5693400
2025-08-14,341.55773293031257,344.6850608988738,340.29286279189733,344.0974426269531,6224000
2025-08-15,344.8543977666452,346.9558785686944,341.4780469796213,343.0815734863281,4946600
2025-08-18,342.45409285637004,344.3364894908787,339.5757572803942,341.3585205078125,3999600
2025-08-19,341.17927471045255,344.9440378209097,340.51199223443484,341.0697326660156,4457200
2025-08-20,342.01586914906005,346.039593838693,341.4680981636876,342.5437316894531,5834400
2025-08-21,341.50792422632094,343.13132863657773,338.35068820536213,342.3046875,6073600
2025-08-22,343.82854031012994,349.7844479666891,343.82854031012994,348.6291198730469,4973200
2025-08-25,348.20082587581777,349.3063676468326,346.0993451607829,347.4140319824219,8019800
2025-08-26,347.28454198788506,351.97554893901935,346.04954976671655,349.7644958496094,5876200
2025-08-27,349.29640058585716,352.00543842090394,348.4299121185624,348.9378662109375,5531100
2025-08-28,349.1868671034665,349.62509605771004,347.1949283640224,348.4498291015625,4987100
2025-08-29,349.0474346520695,351.20870166850244,347.5933278083949,350.36212158203125,3671900
2025-09-02,347.90205015208494,348.7585995956409,344.6850582193853,348.65899658203125,4940300
2025-09-03,347.9319176719724,349.47568835059127,345.8603148655181,349.45574951171875,4176400
2025-09-04,349.3163554918516,351.20869125607726,347.7427068329104,349.5752868652344,4324000
2025-09-05,349.9637226051439,351.19871489948525,338.8287923269697,341.83660888671875,5448300
2025-09-08,340.9601353694522,342.99192130469794,339.625540120141,340.9202880859375,4711600
2025-09-09,340.3127677727729,344.9241107011969,339.91438611386513,342.6034851074219,4646200
2025-09-10,341.2290645499819,341.2290645499819,335.0839503188202,336.7571716308594,6557900
2025-09-11,337.3647058719823,342.14534655170456,336.5081564334102,342.1054992675781,5157600
2025-09-12,339.8446834033817,341.8067443574847,337.80295827006614,338.0618896484375,3518300
2025-09-15,339.2370898085397,341.3286314243895,337.02606713399587,337.6833801269531,4367500
2025-09-16,334.88472202680003,339.16740843668805,332.1258978898668,338.6594543457031,5527700
2025-09-17,338.5698181836777,344.8045959472656,338.15149768935095,344.8045959472656,5763500
2025-09-18,343.34054286819156,343.8783444611386,336.8169250488281,336.8169250488281,7526600
2025-09-19,339.07779550115055,341.30875723821197,336.8866506561266,340.23309326171875,13674300
2025-09-22,337.6435732483086,343.4699695296953,337.2949779029044,342.97198486328125,5621800
2025-09-23,343.2010826702708,343.8683955239399,336.26914434314534,337.3348388671875,10142700
2025-09-24,337.76307872075415,338.5299641513985,336.5579643598641,337.31488037109375,5207400
2025-09-25,336.986245742455,338.82879517404456,333.16172697127865,333.58001708984375,5398700
2025-09-26,335.870772959751,338.13161256415685,334.8748035560274,336.01019287109375,9619200
2025-09-29,336.02014683051596,339.2670166635244,334.19750588460323,338.7889404296875,7217800
2025-09-30,338.4503185350138,344.21695930197603,337.1456010921614,340.0040283203125,8164400
2025-10-01,338.9383303898218,347.9518409378596,338.9383303898218,346.4280090332031,8381000
2025-10-02,344.8245038053001,345.78062585482786,342.17522173126287,344.55560302734375,5198000
2025-10-03,344.7149548323991,351.7365573470426,344.6054127876714,348.429931640625,5199700
2025-10-06,348.59923040877214,349.70474176137265,342.96204042656746,347.8721618652344,4735600
2025-10-07,348.649038694597,353.0113894416703,348.649038694597,350.9995422363281,5044600
2025-10-08,352.3540458932983,353.56912975217324,349.6848552507119,349.94378662109375,3927500
2025-10-09,350.053372578839,351.4477236851982,344.1870981171116,345.6412353515625,4434800
2025-10-10,346.22883102731305,348.9876551929239,341.8664803982835,342.2648620605469,6296200
2025-10-13,342.334610813895,346.258732766631,339.35667196952477,341.9162902832031,4030700
2025-10-14,339.62554105235273,348.59923442929517,338.84868619182816,346.9757995605469,5731000
2025-10-15,346.97582147163655,348.66895120043125,342.61347067376323,344.2966613769531,3778200
2025-10-16,343.60940702088106,344.2966282664885,332.8230729219237,334.048095703125,6241500
2025-10-17,336.4085739408942,342.06570324361587,335.64168844347057,340.5119934082031,6267100
2025-10-20,340.52192718186024,343.56959107313133,337.57386630815864,343.0218200683594,4665000
2025-10-21,341.73700528252846,348.2406840511567,341.61749382129113,345.8105163574219,4121800
2025-10-22,346.4180937374913,346.76668911620203,343.11146794187306,343.9679870605469,5074400
2025-10-23,344.8046050728569,345.75075772943865,343.07159771571963,344.5655517578125,7217200
2025-10-24,346.7965606090745,347.6729881581522,343.9281638460587,345.9798583984375,3576700
2025-10-27,347.59332744074374,348.11122059688944,343.6194191827997,346.4180908203125,5400300
2025-10-28,347.17499127440243,348.47973911832344,345.1033883485486,345.50177001953125,7445400
2025-10-29,344.605395498532,349.5653338093142,337.6336100404692,339.9044189453125,8361700
2025-10-30,340.84064122785446,348.31041155130293,340.41238169067435,343.6393127441406,6411800
2025-10-31,340.7011723929481,341.6174775430599,336.80695909004464,339.3665771484375,7301600
2025-11-03,339.6255334575112,339.83467850136,333.47045043910737,335.54205322265625,5538000
2025-11-04,335.1237952294841,338.94831408470225,332.9027725216237,338.9283752441406,5920200
2025-11-05,338.75906718983583,340.73106709286975,335.00424320677166,338.66943359375,4984600
2025-11-06,337.225272127104,337.2850278589407,332.36493664056536,335.6018371582031,8507900
2025-11-07,335.37277903778016,336.9264888333082,333.50035174712497,334.6656188964844,5318400
2025-11-10,335.2930990082746,337.31491571415205,332.9725036343658,333.5003662109375,5295800
2025-11-11,334.14772643061497,337.72325285148054,331.85700901827914,337.553955078125,4453300
2025-11-12,337.5539392647252,343.5515814566134,336.70568232861064,338.1826477050781,6389600
2025-11-13,338.3423280213681,340.7573310621838,334.90940445750977,335.3883972167969,4961700
2025-11-14,335.19879671610136,335.38837770243606,328.35289786675315,329.3408508300781,6422300
2025-11-17,330.47852149051675,332.6739759173699,324.2613310180461,325.07965087890625,6494800
2025-11-18,323.83221811811876,324.33118917839323,317.3455943345509,320.51904296875,9170400
2025-11-19,320.85834726361674,323.90208907652226,319.21174881651825,323.4530029296875,7066700
2025-11-20,323.4530151026438,327.7242064226939,322.4750512555066,323.1037292480469,6510300
2025-11-21,324.71042849279974,330.39868059498417,323.6226751809159,327.3050842285156,8930000
2025-11-24,328.5624708767812,330.0494254219168,325.3291479858861,328.6223449707031,9337100
2025-11-25,328.22316412466176,335.36843350968144,328.22316412466176,333.8415832519531,5854300
2025-11-26,333.841586342223,335.01915077050296,332.3746101630006,333.1031188964844,4309900
2025-11-28,332.74383871779224,334.3305630576491,331.3167887740865,333.75177001953125,4586200
2025-12-01,332.25485376399234,332.6140983109483,329.4606279939679,329.7101135253906,7082300
2025-12-02,330.7679320657214,332.1151295810464,326.53663671382,328.9416809082031,8201900
2025-12-03,328.93170166015625,331.66608389546013,328.67225740707886,328.93170166015625,6296700
2025-12-04,330.5982707162828,331.69601316055844,323.61267574060867,326.4268798828125,6277500
2025-12-05,326.15742105214764,333.4224387208775,325.7283132347316,330.558349609375,5266600
2025-12-08,329.2011721972187,330.6581592570448,324.0417977110623,326.16741943359375,6059400
2025-12-09,325.9378840225944,327.5545759522349,324.4010749776002,325.828125,4325400
2025-12-10,325.9678233516992,328.0834557386547,324.63055413261685,325.0596923828125,5467500
2025-12-11,331.91557675720895,346.60528693573457,329.38079508046536,344.91876220703125,12953600
2025-12-12,347.28386033910544,349.1200701989689,345.25803903865176,347.11419677734375,6942300
2025-12-15,347.11421561078276,347.7329653453619,343.12244688455576,346.1761779785156,7004600
2025-12-16,345.28799394865695,346.904655405941,343.0126869986315,344.3998107910156,7269300
2025-12-17,344.8389016551313,347.07431280569114,342.9727546862657,343.7012634277344,7263500
2025-12-18,344.4597058800123,346.81483473957803,343.56153357971857,345.2979736328125,6805000
2025-12-19,345.3378535964944,349.18992596210575,345.3378535964944,348.5312805175781,18623900
2025-12-22,349.27975255876925,352.71267599172904,348.8705926226271,351.3654479980469,5043500
2025-12-23,351.2756364751809,355.6466279609035,351.2756364751809,352.6528015136719,3703200
2025-12-24,352.6527918079347,355.2574061270487,352.28355809570263,354.4091796875,2023600
2025-12-26,354.3692705227613,355.9959211320052,352.982116288697,354.26947021484375,2017000
2025-12-29,354.75844298281737,355.8162592189493,353.0719183232759,353.8802490234375,3989900
2025-12-30,353.27152636221,354.1397311728781,351.9342875158643,352.8923034667969,3366500
2025-12-31,352.9222335935573,354.46906219163503,349.9683333708139,349.98828125,3503200
2026-01-02,349.1500062568855,349.32962853016494,342.7731719172512,345.7669982910156,5403800
2026-01-05,343.7910798703184,356.80425438171716,343.34199370889576,353.0719299316406,7592200
2026-01-06,352.95216786632784,357.8820044617432,351.2756323845481,356.8241882324219,6775400
2026-01-07,356.41501956274413,357.54269902318487,353.78046822093927,355.14764404296875,6333900
2026-01-08,354.2694768864638,355.6167049317765,348.7807948501946,351.50518798828125,6357600
2026-01-09,351.4352976810692,353.97007917190984,348.44147134622284,349.0502014160156,4902900
2026-01-12,342.0745948107181,345.7969298399835,336.62583942441455,342.4937438964844,13281300
2026-01-13,336.3065196930893,336.8254386707351,323.16360758569283,327.2052917480469,20383500
2026-01-14,327.98368499941245,329.22112357393314,323.27339662748295,328.4926452636719,9388400
2026-01-15,328.65226616102615,331.00742540917696,325.6983660025441,327.0755310058594,8587700
2026-01-16,326.1075285720045,328.57244685544373,324.7303635575226,327.6243896484375,8341600
2026-01-20,321.5668970946223,327.644360890433,320.89826248076747,325.1495056152344,8279900
2026-01-21,325.75825361952474,327.9936647784267,322.3353193026403,324.6106262207031,8974600
2026-01-22,325.7881853155845,327.7142368080782,323.33325615728353,325.6883850097656,6938700
2026-01-23,325.1894097523205,327.1254199321477,323.9519712494617,325.5087585449219,5667900
2026-01-26,327.32501347087873,331.3167819278407,324.3611241733934,327.8139953613281,7540200
2026-01-27,327.80404260907557,328.25309829578197,324.24138188731973,324.5906677246094,6365800
2026-01-28,326.05764337353963,327.71423096530964,324.21144434052763,326.30712890625,8106000
2026-01-29,329.3209038427684,332.6739747908746,322.844269146056,331.1171875,10214200
2026-01-30,331.53632717586584,332.3147207991864,320.9381868988181,321.1676940917969,11199100
2026-02-02,324.16154631106275,334.00127208429024,323.4430267202089,333.15301513671875,8502400
2026-02-03,330.96751673112385,335.0990119599509,328.19323869876354,328.25311279296875,9081200
2026-02-04,326.4368440875912,330.62821332543064,323.7524077058803,329.2710266113281,8472300
2026-02-05,332.3147289199413,336.89527963696725,328.1433381303329,328.45269775390625,8339000
2026-02-06,331.09724465448534,334.4403569413341,326.4268827108616,330.89764404296875,7798800
2026-02-09,330.07936733351744,332.1351258012084,322.9540455040185,324.9100036621094,8513400
2026-02-10,324.7099914550781,329.8800048828125,324.54998779296875,328.1700134277344,5801800
2026-02-11,326.9200134277344,331.0400085449219,326.4200134277344,329.239990234375,8264300
2026-02-12,328.8900146484375,332.239990234375,324.0,324.17999267578125,9392600
2026-02-13,323.8299865722656,326.4800109863281,312.82000732421875,314.0799865722656,11653900
2026-02-17,314.4100036621094,321.3800048828125,314.4100036621094,319.5,8591700
2026-02-18,319.5,322.2799987792969,316.7200012207031,320.29998779296875,7091900
2026-02-19,317.489990234375,320.20001220703125,315.7300109863281,318.92999267578125,5967600
2026-02-20,318.1099853515625,322.3500061035156,317.82000732421875,320.95001220703125,6831100
2026-02-23,319.0400085449219,320.5199890136719,304.7099914550781,306.5199890136719,13048000
2026-02-24,305.5,309.2699890136719,303.0799865722656,307.2200012207031,9120200
2026-02-25,308.54998779296875,313.94000244140625,308.25,312.989990234375,7624200
2026-02-26,314.4800109863281,319.4200134277344,313.94000244140625,316.70001220703125,8725500
2026-02-27,314.4599914550781,320.2300109863281,311.95001220703125,320.1400146484375,12412900
2026-03-02,315.5,322.6000061035156,314.6000061035156,320.510009765625,6674900
2026-03-03,315.80999755859375,322.0400085449219,314.3500061035156,320.8299865722656,5474300
2026-03-04,321.44000244140625,325.7699890136719,319.79998779296875,320.4700012207031,5257900
2026-03-05,319.3299865722656,322.79998779296875,314.7699890136719,319.79998779296875,8267200
2026-03-06,316.04998779296875,317.69000244140625,312.29998779296875,317.3599853515625,6439700
2026-03-09,313.4599914550781,316.3999938964844,310.1499938964844,315.9700012207031,8381500
2026-03-10,315.42999267578125,317.1300048828125,311.45001220703125,314.42999267578125,5271300
2026-03-11,313.25,315.0799865722656,308.3900146484375,308.9599914550781,6376700
2026-03-12,308.1400146484375,310.95001220703125,306.0199890136719,306.5,7514900
2026-03-13,307.5899963378906,310.3500061035156,306.4200134277344,307.1400146484375,4814100
2026-03-16,307.8500061035156,311.1300048828125,307.3800048828125,310.1099853515625,6401200
2026-03-17,311.32000732421875,312.69000244140625,307.3800048828125,308.4599914550781,6872200
2026-03-18,307.4100036621094,307.94000244140625,298.5,299.0199890136719,7191700
2026-03-19,298.0400085449219,302.4700012207031,297.0299987792969,299.7099914550781,6826400
2026-03-20,299.8500061035156,302.9200134277344,299.010009765625,301.6199951171875,14398100
2026-03-23,305.20001220703125,307.8500061035156,302.8500061035156,304.44000244140625,7824500
2026-03-24,302.0,306.0400085449219,300.6199951171875,303.760009765625,5375900
2026-03-25,305.4800109863281,308.489990234375,302.1700134277344,304.9100036621094,6280900
2026-03-26,304.1600036621094,307.8699951171875,303.0,305.5299987792969,7652700
2026-03-27,304.32000732421875,304.5899963378906,294.32000732421875,295.5199890136719,9974400
2026-03-30,298.7300109863281,300.67999267578125,295.8900146484375,299.5400085449219,9330300
2026-03-31,301.6000061035156,303.3399963378906,296.5899963378906,302.239990234375,10246900
2026-04-01,305.04998779296875,305.04998779296875,293.8900146484375,298.510009765625,7707600
2026-04-02,297.79998779296875,302.4700012207031,295.8500061035156,300.79998779296875,4376000
2026-04-06,300.739990234375,304.4200134277344,299.4599914550781,303.3299865722656,5501000
2026-04-07,302.44000244140625,304.9800109863281,301.1199951171875,302.54998779296875,4413900
2026-04-08,307.7300109863281,311.0799865722656,307.70001220703125,308.9599914550781,6879300
2026-04-09,308.0,309.5799865722656,303.5899963378906,308.2900085449219,4811500
2026-04-10,308.7099914550781,309.0,303.510009765625,304.3599853515625,5190000
2026-04-13,303.92999267578125,309.75,302.3399963378906,309.3900146484375,6787200
2026-04-14,308.4700012207031,312.1199951171875,307.489990234375,311.3699951171875,5571000
2026-04-15,313.0,316.7300109863281,311.5199890136719,315.9100036621094,4831400
2026-04-16,316.3500061035156,318.0,314.57000732421875,315.1000061035156,5695800
2026-04-17,316.6000061035156,319.44000244140625,315.17999267578125,317.0199890136719,8082300
2026-04-20,316.3999938964844,317.54998779296875,312.3500061035156,313.94000244140625,5506800
2026-04-21,314.010009765625,316.8900146484375,308.82000732421875,309.94000244140625,6806900
2026-04-22,311.010009765625,311.3599853515625,308.05999755859375,311.2900085449219,5666600
2026-04-23,310.5,312.20001220703125,305.010009765625,308.8800048828125,7275000
2026-04-24,307.1000061035156,309.9800109863281,304.5,309.4200134277344,5616900
2026-04-27,307.510009765625,310.82000732421875,306.05999755859375,309.6499938964844,6261500
2026-04-28,312.20001220703125,313.9599914550781,308.739990234375,309.29998779296875,8839900
2026-04-29,336.3999938964844,341.9800109863281,333.7900085449219,334.8599853515625,16658600
2026-04-30,332.1199951171875,332.5,328.0799865722656,329.8399963378906,11241100
2026-05-01,332.8800048828125,335.8500061035156,327.92999267578125,328.0299987792969,6726100
2026-05-04,328.0,329.7900085449219,325.3999938964844,326.8500061035156,6712400
2026-05-05,325.1099853515625,325.5799865722656,319.6499938964844,322.0299987792969,5893200
2026-05-06,323.75,324.5799865722656,318.0,318.79998779296875,7808400
2026-05-07,319.5400085449219,323.69000244140625,319.5400085449219,321.2799987792969,7186100
2026-05-08,320.989990234375,321.07000732421875,316.1600036621094,318.7900085449219,5949600
