Date,Open,High,Low,Close,Volume
2020-01-02,36.26554831369584,36.57981391896878,36.21673052509633,36.28995895385742,20294700
2020-01-03,36.08552808891765,36.244188501264176,35.87805338566233,35.96958541870117,16197600
2020-01-06,35.82008972809228,36.0306197445688,35.62787031310848,35.89636993408203,19336500
2020-01-07,35.777359937245215,35.856688383993664,35.45394261906975,35.56378173828125,20540700
2020-01-08,35.484460009246796,35.615658020709134,35.295292407474726,35.44174575805664,17627400
2020-01-09,35.438693198418335,35.810928353014305,35.41733432743983,35.80787658691406,16691100
2020-01-10,35.77126485780144,35.80177553449507,35.38682264967078,35.50886535644531,18164400
2020-01-13,35.5088613496526,35.5607308908681,35.20070285147465,35.35630798339844,18337800
2020-01-14,35.23122273860274,35.45700457308488,35.12748362904126,35.44784927368164,19757400
2020-01-15,34.97492917215173,35.35326793091352,34.94136672211142,35.17325210571289,22362600
2020-01-16,35.24036119095974,35.37155916556249,35.17323632100277,35.362403869628906,16108200
2020-01-17,35.40818764781676,35.48446435275136,34.97797935019344,35.07561492919922,30135000
2020-01-21,34.962723403540174,35.29834439116209,34.941364529839,35.2678337097168,22061100
2020-01-22,35.154935682006055,35.554633209897354,35.1427321102407,35.42343521118164,14778300
2020-01-23,35.45699950731293,35.48751018418401,35.100019699508906,35.33495330810547,12915300
2020-01-24,35.392932563496245,35.40208437146527,34.82847446771566,34.895599365234375,13150200
2020-01-27,34.53556880011905,35.4631068361793,34.379963617751294,35.350215911865234,21055200
2020-01-28,35.38682530084024,35.667528435864234,35.37767349383576,35.57599639892578,15810600
2020-01-29,35.563794158888655,35.73465817442291,35.359371185302734,35.359371185302734,11326500
2020-01-30,35.27393440864677,35.61260713554763,35.188502412429685,35.56989288330078,13744500
2020-01-31,35.33190308947656,35.47225639929824,34.75219322009069,34.93220901489258,23327400
2020-02-03,35.05730881341104,35.2068139526912,34.813219858991545,34.865089416503906,13041300
2020-02-04,35.16104853957977,35.466158864976386,35.05425765607042,35.17020034790039,15696600
2020-02-05,35.27088872233576,35.6827899432036,35.04205509871185,35.64007568359375,17048700
2020-02-06,35.64617143154499,35.76821764558084,35.411237794404435,35.48751449584961,16058700
2020-02-07,35.4264844415727,35.62480381666558,35.31969359403074,35.53022003173828,11068800
2020-02-10,35.31665406528714,35.691941061099044,35.10307578792294,35.164100646972656,18434700
2020-02-11,35.219005931124755,35.24036479876745,34.91694747711683,35.20985412597656,17390400
2020-02-12,35.240377085027475,35.52108026098018,35.21291816828689,35.34716796875,14206800
2020-02-13,35.34715325564288,35.862789876050506,35.26477304798766,35.832279205322266,15999600
2020-02-14,35.90246053111672,36.17706361367973,35.74685537660604,35.96958541870117,24391800
2020-02-18,36.1465563816632,36.59812004112389,35.807880145344114,36.500484466552734,34539600
2020-02-19,36.46081262631412,36.59506239270204,35.90550994873047,35.90550994873047,21563400
2020-02-20,35.762104569120105,36.03670411276527,35.65531721559468,35.9085578918457,15068700
2020-02-21,35.832286741536564,36.23198080220671,35.79262076621387,36.18011474609375,18726300
2020-02-24,35.838394657629884,36.14350847957897,35.37767914142436,35.490570068359375,19848000
2020-02-25,35.499723813435175,35.71940563755382,34.79796757142781,34.90170669555664,23292900
2020-02-26,34.99628696793444,35.13968857199163,34.67591781909101,34.71558380126953,20019900
2020-02-27,34.34335290979177,34.80407195409171,33.669055569956576,33.68431091308594,28476900
2020-02-28,32.857456216068975,33.11069697679305,31.844486189725043,32.85440444946289,52369200
2020-03-02,32.829987225968594,35.514964880991855,32.73539994882373,35.35630798339844,51222600
2020-03-03,35.41733430411764,35.85974611183507,34.2762182040024,34.450130462646484,33340800
2020-03-04,34.855935529429665,35.64922371104798,34.62099839718408,35.627864837646484,24625200
2020-03-05,34.90474435572803,35.77431259534226,34.75524274051695,35.36851501464844,25638300
2020-03-06,34.743045422826675,35.975693724928,34.48064587817025,35.768218994140625,29411100
2020-03-09,34.72777955130808,36.80558867972194,34.395210394497546,35.74685287475586,59243400
2020-03-10,36.0336643760294,36.82084898985336,35.06340870077178,36.54930114746094,37797300
2020-03-11,35.8536437517466,36.31741444558982,34.41656914414026,34.913902282714844,31620000
2020-03-12,32.347910084512904,34.01686977971656,31.420372332671377,31.746841430664062,56323200
2020-03-13,33.025266146886,34.96272229078855,31.694978829523176,34.81321716308594,42962100
2020-03-16,32.097725640045006,33.968060436703375,31.121369869386637,32.573699951171875,36753900
2020-03-17,34.40741487849971,36.39064026695649,33.702607081230106,36.38758850097656,52806000
2020-03-18,35.087819340055326,39.07867809170366,34.935265926549626,37.40056610107422,77355900
2020-03-19,38.14220476034603,38.92061502671947,36.049070678823945,36.60683059692383,57100500
2020-03-20,36.622151091947536,37.63041095947652,34.28997869815139,34.92742156982422,55423500
2020-03-23,34.98871564779442,36.02149074030936,34.38804895437445,35.02242660522461,39366000
2020-03-24,35.50968861649216,35.96938080097255,34.11222395481102,35.252262115478516,42705000
2020-03-25,34.62096795123308,34.9366242105512,33.11317736224148,33.52690124511719,53287500
2020-03-26,33.52688063367734,33.977380475225466,32.745405396478425,33.65559387207031,58250700
2020-03-27,33.74447453192516,34.40949420569321,33.28171704775971,33.58205032348633,36160500
2020-03-30,34.28078271824638,35.48823940807848,33.998837537399595,35.301300048828125,29212500
2020-03-31,35.03161795424108,35.607765977846974,34.51982657358075,34.820159912109375,26258400
2020-04-01,34.369663658348415,35.40550410594759,34.262403744115,34.979522705078125,28269600
2020-04-02,34.68530413610234,36.50262287720492,34.427877653009986,36.36164855957031,29515500
2020-04-03,35.92035504658938,36.74780256654227,35.86519070953457,36.616024017333984,28625100
2020-04-06,36.48730291483507,38.733664802403304,36.45052669801703,38.635597229003906,47768700
2020-04-07,37.99510529658831,38.76432329899757,37.277982860195934,37.38524627685547,41369700
2020-04-08,37.90622757410688,37.94300380073766,36.95619726491384,37.33927536010742,27876600
2020-04-09,36.229894303367104,37.65494373579661,36.058277702139826,37.3270263671875,32828700
2020-04-13,37.164583290241595,38.5130142930643,37.133937609337444,38.39962387084961,24194100
2020-04-14,38.95126751903174,39.77564638550359,38.62641549500776,39.53354263305664,34098900
2020-04-15,39.533540096096246,39.80322425031304,38.95739205263084,39.45998764038086,22435200
2020-04-16,39.53354053714673,40.734870438898895,39.303694371233085,40.55405807495117,31882200
2020-04-17,40.29356131868564,40.75018832473707,39.75725132535723,40.48969650268555,30915300
2020-04-20,40.57244686163333,40.875841981937995,39.76645263246602,39.79403305053711,24401700
2020-04-21,39.86145369585057,40.15565650313549,39.27611335145176,39.597896575927734,27900600
2020-04-22,39.83999810041259,40.569378044970954,39.50289205096747,40.327274322509766,19448100
2020-04-23,39.794016043459614,40.17402872937935,39.144319311100936,39.389488220214844,28839900
2020-04-24,39.64079269812604,39.8062786640039,39.39868552007199,39.668373107910156,17343600
2020-04-27,39.83999532249098,39.93500115002437,39.27917019534677,39.31901168823242,17923800
2020-04-28,39.312880178313925,39.913546783517766,39.135133113956684,39.227073669433594,20732100
2020-04-29,38.48237141082312,38.54059750734087,37.55685634864618,37.87864303588867,44612100
2020-04-30,37.71927708271333,37.82960222295793,37.094095442705665,37.250389099121094,40497900
2020-05-01,37.2289382119046,37.906218951738175,37.01441494825378,37.67024230957031,31143900
2020-05-04,37.9521897514623,38.123809775564574,37.29942762030679,37.90928649902344,17807700
2020-05-05,37.93993838849705,38.38737312503097,37.77444887645264,38.22494888305664,19337400
2020-05-06,38.37204107961598,38.45785108512964,37.648791832179626,37.78669738769531,17309100
2020-05-07,38.00216803666066,38.162231502283085,37.398862735779126,37.5189094543457,27345600
2020-05-08,37.78363507397026,37.8636650649712,37.43580984656485,37.84211730957031,20830800
2020-05-11,37.872883819320286,38.26380441317501,37.86365108333026,38.066802978515625,25341900
2020-05-12,38.31612913817881,38.67934447902095,38.10066223144531,38.10066223144531,19100100
2020-05-13,38.01448471998469,38.857883495057536,37.88828048937161,38.079124450683594,29175300
2020-05-14,38.430022990297545,38.516206937448544,37.337298182726734,37.98985290527344,22233000
2020-05-15,38.00523975994849,38.76552963256836,37.888271816268485,38.76552963256836,31770000
2020-05-18,39.24571816965171,39.57199554569163,38.81478432399112,39.29496765136719,38633700
2020-05-19,40.55391267518093,40.6277851414188,38.41771229926994,38.46080780029297,74746200
2020-05-20,38.9348390343818,38.96561952645173,38.36231060955638,38.614715576171875,32246400
2020-05-21,38.44234115336869,38.82710079719141,38.24534320122229,38.473121643066406,22448100
2020-05-22,38.50698082744045,38.58393205156722,38.09759467892408,38.26996612548828,22359600
2020-05-26,38.2730421851745,38.633178820381744,38.05449649691506,38.12529373168945,23730600
2020-05-27,38.15914747044167,38.31920739132188,37.25418788300279,37.70051193237305,31073700
2020-05-28,38.08219997397383,38.46080558849783,37.90982502499666,38.07296371459961,24424800
2020-05-29,38.24226994854308,38.386939679972315,37.53122926192491,38.18686294555664,29311200
2020-06-01,37.99601837738392,38.2945940698578,37.663583440501604,38.15607833862305,20550300
2020-06-02,38.042174482056375,38.21454586880181,37.80208463253951,38.149906158447266,19187700
2020-06-03,38.137607240184046,38.165312498466676,37.7559228345009,38.0052490234375,20262900
2020-06-04,37.79900463206552,38.134514659827786,37.49735031197108,37.58661651611328,24015000
2020-06-05,37.72821499774805,37.762074234817156,36.9094428474234,37.417327880859375,39337200
2020-06-08,36.80787232598083,37.3188362121582,36.77093432876288,37.3188362121582,28344300
2020-06-09,37.429646690476595,37.55277217369982,37.109526774778544,37.35269546508789,20746200
2020-06-10,37.417334005908785,37.70667342222597,37.28497578889959,37.29420852661133,28141500
2020-06-11,37.24188281980836,37.73129892536422,36.77708969589754,36.96485137939453,34162800
2020-06-12,37.09413239456395,37.16800838779823,36.03219141133046,36.24150085449219,32359200
2020-06-15,36.44465222413715,36.53083969903969,36.01679712536481,36.346153259277344,32703300
2020-06-16,36.8755886227559,37.00794683608976,36.487746720209685,36.82941436767578,25167600
2020-06-17,36.89405253215203,36.977157725592456,36.44464971494496,36.63856887817383,20166900
2020-06-18,36.48774359900933,36.64780705621947,36.21687321140893,36.318450927734375,20070000
2020-06-19,36.59547527636715,37.02948430962156,36.24457143285469,36.89097213745117,40078800
2020-06-22,37.23572372405125,37.58047011057734,37.06027001626322,37.45426940917969,27338400
2020-06-23,37.783619828425856,37.81440031080627,37.23263933053529,37.26649856567383,19727700
2020-06-24,37.16492073526466,37.28188868147709,36.80786291373222,37.029483795166016,20614800
2020-06-25,36.863283009314586,36.98640851658951,36.43850652602976,36.84789276123047,20569800
2020-06-26,36.814031956603884,37.19571287453501,36.32769102545056,36.4200325012207,26991600
2020-06-29,36.47543691994961,36.838652335113835,36.3892494351002,36.64781188964844,16511400
2020-06-30,36.69705910556744,36.977162249432524,36.48774615209313,36.86943054199219,20509200
2020-07-01,36.76784841570136,36.91251810026639,36.52467977280261,36.84172439575195,19733700
2020-07-02,36.96484774039214,37.20801639255339,36.586242134712954,36.69397735595703,17695800
2020-07-06,36.87559623056941,36.89714398587891,36.389255256023716,36.595489501953125,21695100
2020-07-07,36.460043496122346,39.261110089993664,36.38924626231872,39.07642364501953,93458100
2020-07-08,39.39962128013191,39.43963449967768,38.29150626013247,38.30381774902344,52217100
2020-07-09,38.6639614654038,39.45503201473623,38.46080953215114,39.32267379760742,42771600
2020-07-10,39.627412166694796,40.43695181999807,39.17185170813306,40.22456359863281,44236800
2020-07-13,40.4246268754702,41.132585029372144,39.673569704705606,39.867488861083984,42338400
2020-07-14,39.79362914390189,40.784776512779835,39.71667438920161,40.633949279785156,26455800
2020-07-15,40.71397573689848,41.286500603813856,40.26149407713224,40.63086700439453,31731300
2020-07-16,40.646254042555256,40.85556347276901,40.39692786471485,40.69242477416992,17676600
2020-07-17,41.05256963689932,41.05256963689932,40.467729734993455,40.550838470458984,18189600
2020-07-20,40.618547220870106,40.85863710875711,40.366142321347425,40.46772003173828,18342600
2020-07-21,40.49542626455895,41.24340478755236,40.461567023997894,40.73244094848633,21712500
2020-07-22,40.80631345059055,40.9479079194658,40.381537089166756,40.83401870727539,16164600
2020-07-23,40.938665021164226,40.984835744684034,40.41846852882705,40.52004623413086,16796400
2020-07-24,40.30766417212413,40.75398475611943,40.17222721127543,40.39692687988281,13037400
2020-07-27,40.279967691347345,40.62471415241527,40.279967691347345,40.38770294189453,14045700
2020-07-28,40.47695778989275,40.747831717876046,40.2984288476315,40.55698776245117,14414100
2020-07-29,40.495425783289,40.587770766722116,39.96907170682352,40.227630615234375,14223300
2020-07-30,39.83671430831195,40.144522706603716,39.6212473727274,40.052181243896484,13788300
2020-07-31,39.90751352219515,40.04295049229588,39.28266043479539,39.83055877685547,21631500
2020-08-03,39.98753552840431,40.05217524714148,39.482729267171045,39.79977035522461,14971500
2020-08-04,39.907504772153665,40.541590458213186,39.68895912037277,40.52004623413086,18219600
2020-08-05,40.15375834195327,40.24609980322438,39.65510599684699,39.95676040649414,25483500
2020-08-06,39.74745970806604,40.08605221561435,39.716679211489286,39.815181732177734,14496300
2020-08-07,39.88596523893834,40.15683917552788,39.74129553307853,40.006011962890625,16558500
2020-08-10,40.08912667500678,40.73552760167509,39.907518946578136,40.59393310546875,17683200
2020-08-11,40.81246858260188,40.89865605569398,39.93213190103405,40.076805114746094,25360200
2020-08-12,40.159919859485,40.70166423610569,39.732064705514034,40.597007751464844,19094400
2020-08-13,40.55374470672588,40.785551031381,40.405388800429954,40.75155258178711,19867200
2020-08-14,40.90298224461774,41.09769862438363,40.68353812260038,40.983341217041016,20106300
2020-08-17,41.52422711057958,42.07438142996851,41.369691963676864,41.91057205200195,39465000
2020-08-18,42.086748510770306,42.53799897466562,41.1595233713849,41.635498046875,80232600
2020-08-19,41.4809548657057,41.620036487486736,40.75153770836774,40.924617767333984,38155200
2020-08-20,40.553738171553945,40.81954290296894,40.195208802969056,40.35593032836914,26810700
2020-08-21,40.34974258004847,41.00498009632102,40.210660946900724,40.68354415893555,24864000
2020-08-24,40.87516638022831,40.946254665701666,40.28174296344869,40.5908203125,19813800
2020-08-25,40.4270207653997,40.563014560950826,40.0777655800451,40.37447738647461,21722400
2020-08-26,40.24466323223723,40.451745320382365,40.08703664500497,40.39611053466797,18814800
2020-08-27,40.51355129461315,43.06960292239244,40.457916520016894,42.22891616821289,119018700
2020-08-28,43.57956527296443,43.60120160284052,42.6028885381215,43.36321258544922,64050900
2020-08-31,42.491626945880284,42.927420238444064,41.888929353266946,42.91505813598633,45236400
2020-09-01,43.6413885660064,46.23452995625579,43.28595420644754,45.61637878417969,106798200
2020-09-02,46.747591678963865,46.772315885123064,45.00440780977324,45.64419174194336,51666000
2020-09-03,45.34130152192638,46.23761944623384,43.82992386130684,44.67369842529297,48015000
2020-09-04,44.512983574036255,44.828240220856294,43.301408940432125,44.14518356323242,33982200
2020-09-08,43.706302394828,43.85774969087409,42.732716676912624,42.79144287109375,33966900
2020-09-09,43.298321479233714,44.0771907049402,43.10051364648814,43.236507415771484,33669000
2020-09-10,43.28904971980177,43.43740559071196,42.21655664486282,42.28455352783203,33709200
2020-09-11,42.358727447114106,42.78834148568904,41.89511497169755,42.25054931640625,28879800
2020-09-14,42.07747581642381,43.61048651204049,41.997113289851086,42.44218444824219,45733800
2020-09-15,42.7234401781821,42.98615346819691,42.24437414278753,42.45454406738281,30427800
2020-09-16,42.77905929216927,42.86250966369341,42.04964227798251,42.11454772949219,27860400
2020-09-17,41.85803417526257,42.519454594557374,41.73131463077148,42.247467041015625,37245000
2020-09-18,42.17019266509187,42.507085641995864,41.64785751746025,41.81475830078125,54709200
2020-09-21,42.188742443137926,42.41745730968038,41.81476311131398,42.36491394042969,47275500
2020-09-22,42.364915368714655,42.95834242940102,42.21038020345334,42.7481689453125,33102000
2020-09-23,42.96142558221011,43.03560528305085,41.97856930565005,42.03111267089844,23133300
2020-09-24,41.950746205014745,42.58744227473087,41.74675912104755,42.25054931640625,29453100
2020-09-25,42.19492104096392,42.510177687830044,42.02183743453114,42.426727294921875,22618800
2020-09-28,42.392731864768706,42.66780727131857,42.256738098216104,42.42054748535156,21197100
2020-09-29,42.42055698196416,42.69563245009467,42.15475221040903,42.386558532714844,27702900
2020-09-30,42.46381049819363,43.80828738012439,42.4050878549681,43.242679595947266,34826400
2020-10-01,43.51776081474449,44.624248698383475,43.35086003227062,44.222450256347656,43290900
2020-10-02,43.99373275948885,44.22863040485994,43.31067615670994,43.42503356933594,24585000
2020-10-05,43.669205276024186,43.94737204990593,43.60120840330694,43.82683181762695,14259000
2020-10-06,43.848467260860865,44.179177387591736,43.3477649557873,43.465213775634766,21475500
2020-10-07,43.65993542658777,43.749568641549246,43.34777018502568,43.54557800292969,16949100
2020-10-08,43.73720603683905,43.91647247920866,43.61666932117922,43.69084548950195,14676900
2020-10-09,43.783558977950065,44.302802635306165,43.75265195425812,44.129722595214844,14494800
2020-10-12,44.203909965790864,44.93641863931605,44.203909965790864,44.58407211303711,18402300
2020-10-13,44.71697126383863,45.31039825288424,44.618067355178155,45.19603729248047,23800200
2020-10-14,45.24859039479786,45.28877166381203,44.432631204210594,44.48826599121094,19710900
2020-10-15,44.22554850682894,44.8035185143878,44.148280924133864,44.670616149902344,13692600
2020-10-16,44.93950338105901,45.17130962027556,44.65206237108079,44.72624206542969,16935000
2020-10-19,44.846789476475294,44.930239877430076,44.120460078566545,44.18227767944336,14643300
2020-10-20,44.540808038395326,44.979692888026115,44.389360736982205,44.47590255737305,14523000
2020-10-21,44.4573596467468,45.04151253954412,44.4573596467468,44.63043975830078,13114200
2020-10-22,44.565529398943966,44.67989037322652,44.101916828698926,44.36772155761719,13344000
2020-10-23,44.49752762215425,44.55006744617736,44.15136396538372,44.4604377746582,10540500
2020-10-26,44.14828384975402,44.23482567035739,43.561039571106306,43.9381103515625,16111800
2020-10-27,43.90410819324564,44.41408484095743,43.8793839820686,44.15755081176758,11831100
2020-10-28,43.56720555271543,43.928822675830865,43.23340404304516,43.28285598754883,16849200
2020-10-29,43.27049342656565,43.613565624716735,42.86869505533092,43.245765686035156,15153900
2020-10-30,43.01705761473324,43.29831581116729,42.45763263205016,42.8841552734375,18601800
2020-11-02,43.45285689230617,43.52085377181099,42.97069945214287,43.39413070678711,16575600
2020-11-03,43.78046756816444,44.55624518149511,43.7557398269616,44.129722595214844,15413100
2020-11-04,43.755749120010584,44.62734293639799,43.684664365254655,43.87628936767578,17927400
2020-11-05,44.50680024887131,44.57788853681306,44.17918150161698,44.34299087524414,14202600
2020-11-06,44.61806285959404,45.192944865707055,44.367711702818845,45.05385971069336,16198500
2020-11-09,45.74309185788533,45.80490944233598,44.34607528711325,44.364620208740234,28198500
2020-11-10,44.42953146809305,45.26094041760607,44.36153459227489,44.988956451416016,18199200
2020-11-11,45.40929712153436,46.03981040264724,45.24857915955112,45.73691940307617,18805800
2020-11-12,45.891457486587434,45.96254577848003,45.46493480939765,45.81418991088867,12564300
2020-11-13,46.03362914539214,46.65177675901452,45.59474087337939,46.52814865112305,19738200
2020-11-16,46.52505499463045,47.412098652002975,46.13871010195855,47.115386962890625,34560300
2020-11-17,46.515781823084744,47.36264771703764,46.107800619484024,46.166526794433594,42711600
2020-11-18,46.31799095338754,46.8774160706244,46.06763972442379,46.08000183105469,24936900
2020-11-19,46.194360370965484,47.11849418384824,46.151091228189834,47.016502380371094,18590700
2020-11-20,46.72286993728684,47.21429808437858,46.30253008192834,46.43543243408203,21937200
2020-11-23,46.47560947359089,46.79395753939717,46.16653563896074,46.6486930847168,18557100
2020-11-24,46.899049801317574,46.97322597406041,46.44470792134093,46.78160095214844,17155200
2020-11-25,46.74758651061079,47.09992940046052,46.73522087181589,46.926849365234375,13833300
2020-11-27,47.02576613495699,47.20193762814083,46.701238769333315,46.85577392578125,10999500
2020-11-30,46.855771755285815,47.273023732532934,46.392159233251874,47.22357177734375,32695500
2020-12-01,47.473923495936226,47.49246842147544,46.87431720613896,47.17721176147461,22935300
2020-12-02,46.97940977117991,47.17103479707129,46.215994004268545,46.521976470947266,23547000
2020-12-03,46.447791999773166,46.447791999773166,45.86363925689943,46.1448974609375,25725900
2020-12-04,46.20980637879295,46.20980637879295,45.61329148738492,46.02436065673828,20889300
2020-12-07,45.88528157508389,46.049090969854035,45.483483077754684,45.777103424072266,18479100
2020-12-08,45.54529820696047,46.31489677637678,45.489666961902195,46.19126510620117,20716500
2020-12-09,46.361254180485844,46.361254180485844,45.70910450400825,45.82655334472656,20139600
2020-12-10,45.83276081092724,45.956840841948555,45.46671903939463,45.61251449584961,20652300
2020-12-11,45.57529096309736,45.75831185647985,45.27129274443723,45.6001091003418,16860900
2020-12-14,45.81724859818753,45.82345401944437,45.103777804174605,45.18132781982422,25088100
2020-12-15,45.141009476049774,45.401580404687,44.93627314639902,45.15962219238281,31871400
2020-12-16,45.36434536330069,45.5659789391854,45.00450905711341,45.11307907104492,25650900
2020-12-17,45.30851555866306,45.42639016622615,45.02622568261796,45.3209228515625,30679500
2020-12-18,45.48222663527848,45.65594292952595,45.029326736001714,45.274391174316406,41384100
2020-12-21,45.13480602550221,45.49774513481863,44.9983151331062,45.280601501464844,25553100
2020-12-22,45.02621899631343,45.361240704934154,44.40270913305622,44.73152542114258,37599000
2020-12-23,44.52680145876193,44.73773964830079,44.1421469601823,44.42753601074219,20430600
2020-12-24,44.526784618114725,44.79045814281642,44.41510836882068,44.514373779296875,9054600
2020-12-28,44.68190133329643,45.07276125215153,44.461658561970374,45.047943115234375,19344900
2020-12-29,45.17822097517428,45.24336724237335,44.54230380501256,44.76254653930664,17938200
2020-12-30,44.94247040434578,45.026225844239114,44.65087949509478,44.7253303527832,18751200
2020-12-31,44.73153249523208,44.75324792052481,44.312758843240765,44.71602249145508,17814000
2021-01-04,44.76255242357521,45.56598410784886,44.75635055208277,45.45431137084961,32182200
2021-01-05,45.476029934650356,45.62182539996322,44.82149637120691,45.21235275268555,26498100
2021-01-06,45.00761366787439,45.94133073715977,44.982795533635006,45.494632720947266,21918900
2021-01-07,45.79242627256175,45.835853563982276,45.30230102647396,45.49152374267578,20538000
2021-01-08,45.56287486725283,45.60010029092172,45.23095586456412,45.48532485961914,24478200
2021-01-11,45.289902807972624,45.90721089188098,45.289902807972624,45.690067291259766,26264400
2021-01-12,46.22051266006562,46.50900082881878,46.009570951716135,46.211204528808594,23373300
2021-01-13,46.14296396406821,46.24222940786958,45.733494895890615,45.73970031738281,16069500
2021-01-14,45.85447101019741,45.910305597788444,45.30230570505233,45.590797424316406,23017200
2021-01-15,45.023118849160184,45.25887157412216,44.56711630019707,44.86801528930664,35920500
2021-01-19,44.868023768955524,45.00141193263569,44.25692109465769,44.48026657104492,24123600
2021-01-20,44.5423124199374,45.18443513498103,44.325168803978265,45.13790512084961,23775600
2021-01-21,45.09137663201698,45.20615209076198,44.73463941158377,44.933170318603516,14325900
2021-01-22,45.16582120650663,45.70557929597224,45.01692303527688,45.39227294921875,19219500
2021-01-25,45.09138064795383,45.367461605737574,44.75325611369119,45.351951599121094,19031100
2021-01-26,45.1751192883813,45.85136815833179,45.12549012179211,45.758304595947266,15031500
2021-01-27,45.58768980621306,45.866873364148894,44.52988931612879,44.619850158691406,29910300
2021-01-28,44.81218076049317,45.37055149087482,44.554712593437664,44.59193801879883,22301700
2021-01-29,44.41512132104736,44.59194032565423,43.537242369267965,43.58067321777344,32509200
2021-02-01,43.71095895975452,43.89087712617889,43.17740633172987,43.20222091674805,25945200
2021-02-02,43.35421614774616,44.095604141399456,43.25495072056216,43.66752243041992,27002400
2021-02-03,43.633407696347625,44.06459219639623,43.624103113977895,43.80091857910156,14966700
2021-02-04,43.98394243309673,44.41512696223428,43.81953425004537,44.21349334716797,17346300
2021-02-05,44.501978662389455,44.93316312895596,44.21348693115673,44.78116226196289,20451600
2021-02-08,44.92076060311938,45.15961964088317,44.81218702231313,44.98900604248047,15825300
2021-02-09,44.849410168148886,45.38916823377645,44.849410168148886,45.23716735839844,15906900
2021-02-10,45.2371628848998,45.258874757797955,44.52679484982145,44.70981216430664,18576900
2021-02-11,44.712907751612,44.96417400521617,44.579519625007734,44.67568588256836,12791400
2021-02-12,44.719122002464694,44.858715576481785,44.567121136316224,44.815284729003906,13423500
2021-02-16,45.27128731361834,45.410877337580736,44.957980999821615,45.18442916870117,27891000
2021-02-17,44.871122920299506,45.755207273398,44.82459291224423,45.66214370727539,25571100
2021-02-18,43.11846376426031,43.645814500055096,42.65315658856681,42.702789306640625,96927300
2021-02-19,42.746227355260885,43.24875649166288,42.70589921190148,42.91373825073242,36606000
2021-02-22,42.72761098647544,42.913734582200895,42.26540648293233,42.712100982666016,32106600
2021-02-23,42.532187059928276,42.619041669938014,41.89626619013901,42.0234489440918,31300200
2021-02-24,42.14753104663162,42.237488364534926,41.27275115521641,41.322383880615234,46565700
2021-02-25,41.288263383304916,41.57054617180322,40.78573072353526,40.93152618408203,33324600
2021-02-26,40.7857311681284,40.88809932771726,40.28319850288079,40.30181121826172,42470700
2021-03-01,40.816752533237484,41.12385347219509,40.677158938248745,40.751609802246094,34634400
2021-03-02,40.79503551401649,41.17969001296047,40.32972828223163,40.360748291015625,29230800
2021-03-03,40.17151869560566,40.30490684069948,39.56661797715364,39.57902526855469,41837400
2021-03-04,39.66278150426183,40.19633409548269,39.17265975884523,39.5604133605957,45348000
2021-03-05,39.3432742220535,40.2490704334556,39.31845608817339,40.05364227294922,34073700
2021-03-08,40.11878443816857,40.27698717067242,39.64727185107671,39.66898727416992,40988400
2021-03-09,39.954378694338146,40.28939689219968,39.805480534173405,39.982295989990234,31988700
2021-03-10,39.97298888861456,41.27274410999873,39.85200803172732,41.00286865234375,44929200
2021-03-11,41.36891340438537,41.409237992951184,40.80123805370468,40.98735809326172,35489700
2021-03-12,41.10834070170827,41.72875150990303,40.971853376916044,41.604671478271484,28437600
2021-03-15,41.79699874580357,41.80010145673034,41.20140604831456,41.390628814697266,25071900
2021-03-16,41.2014003415971,41.65429667382519,41.2014003415971,41.37821578979492,19881000
2021-03-17,41.102131380844135,41.30066223548304,40.94082239894124,41.03388595581055,24156300
2021-03-18,40.856334515657224,41.10241857266185,40.47318972037974,40.49810791015625,29815500
2021-03-19,40.53548747062383,41.27374318299513,40.463841438835175,41.03700256347656,57703500
2021-03-22,40.80650001229837,41.25817523693743,40.80338434695236,41.233253479003906,24654000
2021-03-23,41.02765815483779,41.83444428501567,41.00273996428315,41.72230529785156,29154900
2021-03-24,41.874946474040506,41.874946474040506,41.44507376280856,41.46376419067383,23547300
2021-03-25,41.51048133187927,41.906088784726734,41.38899891892017,41.74410629272461,28125900
2021-03-26,41.74099155916628,42.114789334035166,41.560318653915274,42.09298324584961,28653600
2021-03-29,42.052494945114496,42.67860815873247,41.927896861336826,42.57270050048828,30146400
2021-03-30,42.46678978839299,42.859281599650494,42.1988996272466,42.28300476074219,27230100
2021-03-31,42.22382198580539,42.631884998712025,42.040036955531676,42.31104278564453,24546000
2021-04-01,42.345300864639846,42.6412284263037,42.15528808481251,42.24562454223633,25595100
2021-04-05,42.588270746452494,43.65983126455526,42.4262918287782,43.43243408203125,40043100
2021-04-06,43.33275713656573,43.905918281568184,43.14897211815197,43.641143798828125,31044600
2021-04-07,43.70344633597936,43.84362275092332,43.500970876542226,43.54769515991211,20361600
2021-04-08,43.75017026432871,43.95887705245529,43.50408618871012,43.51966094970703,19095600
2021-04-09,43.494734102224484,43.63802616442509,43.20815710749101,43.54146194458008,20676600
2021-04-12,43.63180029591162,43.728364527842906,43.404406644610944,43.54769515991211,18723000
2021-04-13,43.54769885531145,43.610001469925855,43.25800613493466,43.41375732421875,17397900
2021-04-14,43.33586762442933,43.44177883080639,43.117817447368914,43.39816665649414,21924600
2021-04-15,43.42309138485735,43.756396220019035,43.36079234852197,43.65983200073242,21710400
2021-04-16,43.88724294944978,43.90904904671,43.5196727862159,43.80002212524414,26488500
2021-04-19,43.700330316171744,43.787551116655,43.48851142771321,43.51966094970703,19281000
2021-04-20,43.429318340318915,44.16134626295428,43.24242123479545,43.856075286865234,24452100
2021-04-21,43.849850082779476,44.13954634054244,43.77509194309392,43.983795166015625,17335200
2021-04-22,43.946414400951845,44.06166904893751,43.429320970222406,43.507198333740234,19705200
2021-04-23,43.32964599951801,43.71590290491558,43.30783990927217,43.57884216308594,22971000
2021-04-26,43.58196291278659,43.61000033632638,42.874860160563344,42.95896530151367,22846200
2021-04-27,42.98699543303168,43.28291945096995,42.84681902199028,43.10536575317383,16151400
2021-04-28,43.09601651361841,43.17077464188513,42.94649669225123,42.95272445678711,14286600
2021-04-29,42.9558395591718,43.60999010590292,42.9558395591718,43.49473190307617,19596000
2021-04-30,43.51965972851247,43.60688052654825,43.33275903695986,43.58195877075195,19680000
2021-05-03,43.51031975553965,44.463510149849924,43.51031975553965,44.27037811279297,27139500
2021-05-04,44.089705356654974,44.24234086243515,43.64114583457699,43.83427429199219,19084200
2021-05-05,43.83115951033415,43.98379501919074,43.68787099692849,43.796897888183594,18351000
2021-05-06,43.781261122685535,44.20656259555627,43.60926236146297,44.109619140625,16302000
2021-05-07,44.29100044523282,44.31914797604668,43.568609187469434,43.843807220458984,23408400
2021-05-10,43.9219857387922,44.43172623557153,43.87820586139736,44.03769302368164,26307600
2021-05-11,44.053322765397326,44.053322765397326,43.25587639420647,43.640525817871094,26464200
2021-05-12,43.42788217390139,43.4622819251142,42.50222037079667,42.511600494384766,25998300
2021-05-13,42.60228610135351,43.46227618934602,42.45530699231118,43.23086166381836,21475200
2021-05-14,43.40911108197991,43.85630419406043,43.29027592302961,43.63114547729492,16091700
2021-05-17,43.78125701307716,43.90634440670912,43.39660755152505,43.43413162231445,19675800
2021-05-18,44.87891972411474,45.21353355569777,44.1596563812618,44.378562927246094,58183800
2021-05-19,44.00329368963829,44.94459148268454,43.93762208350335,44.381690979003906,34874700
2021-05-20,44.250349121366106,44.67877852486989,44.00017071442334,44.53805160522461,30540900
2021-05-21,44.56931613734923,44.74443918996258,44.281610145020146,44.32851791381836,22927500
2021-05-24,44.33164978027344,44.538044697217245,44.20655880678699,44.33164978027344,18945900
2021-05-25,44.34416015107299,44.60684655681454,44.11587349644845,44.513031005859375,21505200
2021-05-26,44.5286536076251,44.681888491402965,44.33163886226762,44.45985412597656,19294200
2021-05-27,44.82887778427867,44.93207703025291,44.309757232666016,44.309757232666016,56577000
2021-05-28,44.384816253542326,44.54743130874565,44.2941250234286,44.41608810424805,21186300
2021-06-01,44.472375885209225,44.65688266694735,44.178417626293395,44.30038070678711,20767500
2021-06-02,44.21594582981382,44.316017184586016,43.80940460898903,44.20343780517578,23298000
2021-06-03,44.2159446098573,44.35979583631063,44.01580190583501,44.2816162109375,18374400
2021-06-04,44.23783154140327,44.49739361663991,44.172159942128616,44.35979461669922,13635900
2021-06-07,44.359795964459586,44.39732361628064,43.90321907752706,44.06270980834961,16630800
2021-06-08,43.94074673726865,44.06270981629213,43.72184020671819,43.72809600830078,20120700
2021-06-09,43.5748606872945,43.78438351358747,43.477917236639044,43.493553161621094,17085300
2021-06-10,43.493561654389445,43.84068355137223,43.493561654389445,43.74374008178711,16378500
2021-06-11,43.853178049609376,44.047068507800184,43.73747078631006,44.01579666137695,25232400
2021-06-14,44.0720900291402,44.0720900291402,43.790639797528954,43.956382751464844,15140700
2021-06-15,44.04393634761575,44.06582806952809,43.67492286937787,43.78125,19327200
2021-06-16,43.7343575878543,43.79377339540319,42.83371171916702,42.8900032043457,28794900
2021-06-17,42.84308999426241,43.26526713252392,42.752398764993686,43.0682487487793,19341900
2021-06-18,42.355236963287474,42.65232309095943,42.03000331002717,42.27080154418945,44812800
2021-06-21,42.42403059815704,42.764896549118475,42.32708716931937,42.65544509887695,20775000
2021-06-22,42.6022995990184,43.06825669809721,42.6022995990184,42.85247802734375,19107000
2021-06-23,42.6867274543562,42.83996238549825,42.50847647424569,42.51785659790039,19390500
2021-06-24,42.583530649922515,42.91814448125579,42.5616425005243,42.814945220947266,23444100
2021-06-25,42.88373924098628,43.42475152371585,42.818067643525886,43.32155227661133,28640700
2021-06-28,43.1683203718652,43.355955054359754,42.717999281178614,43.18708419799805,15549000
2021-06-29,43.1245434171248,43.30279440920694,42.915016993480705,42.93690872192383,35962500
2021-06-30,43.643658124041245,44.58808369514656,43.37158803185744,44.10023498535156,45511200
2021-07-01,43.90946926687239,44.1721556383771,43.47165626180894,43.568599700927734,26348700
2021-07-02,43.577988217031766,44.119000521772335,43.577988217031766,43.81565856933594,26280600
2021-07-06,43.749977717523805,44.01579556315576,43.62801823528286,43.762489318847656,18279300
2021-07-07,43.70620675730713,44.15339996727906,43.581119349240716,43.69057083129883,25607400
2021-07-08,43.2621325614619,43.98452006808863,43.22460491521722,43.65303421020508,21267000
2021-07-09,43.90947222820159,44.04394332341384,43.759365208813506,43.87507247924805,15185400
2021-07-12,43.9970367715566,44.02830862077587,43.571731748740405,43.79689407348633,19515000
2021-07-13,43.778135872512884,44.15027736793311,43.76249994589445,43.962642669677734,18947700
2021-07-14,44.0032935788306,44.34416321273671,43.728099129728164,44.26598358154297,18812100
2021-07-15,44.406704283135824,44.60684699018504,44.12212614787309,44.30038070678711,17974800
2021-07-16,44.312891511151534,44.44736262456313,44.07834903793754,44.26911163330078,18095400
2021-07-19,44.2221928924993,44.71316948529899,43.70932815384562,44.1659049987793,27383100
2021-07-20,44.08461186735174,44.5536968885548,44.02519247490305,44.36606216430664,19020300
2021-07-21,44.56306949393638,44.57557751908618,44.00329331718218,44.14714813232422,18591900
2021-07-22,44.13462994137239,44.44422767475352,44.031434275745575,44.17841339111328,13013400
2021-07-23,44.256593913795896,44.631863250616966,44.0971067718888,44.54117202758789,15947400
2021-07-26,44.519289764484945,44.9883747080857,44.23783593525721,44.603721618652344,18517200
2021-07-27,44.71943263401538,44.71943263401538,44.39419892610161,44.606849670410156,15395700
2021-07-28,44.556815475938436,44.797613758592334,44.300384845346954,44.425472259521484,14071500
2021-07-29,44.606845516030745,44.672520694767634,44.412958617047046,44.48175811767578,11063100
2021-07-30,44.156520118789544,44.70691249112298,44.156520118789544,44.578697204589844,16332300
2021-08-02,44.66626842101552,44.678776446072135,44.30350706370127,44.47550582885742,19958400
2021-08-03,44.54430333057907,45.00088022352461,44.51928728159149,44.975860595703125,18915300
2021-08-04,44.83825889969986,45.013385547441864,44.638119783304795,44.66939163208008,15301500
2021-08-05,45.10407074425084,45.51373620305978,45.0290154541536,45.49810028076172,27005400
2021-08-06,45.72327131440812,45.80457884167048,45.32923812372576,45.41680145263672,19263600
2021-08-09,45.62945606010779,45.80771063389688,45.469968892858816,45.52626037597656,15811800
2021-08-10,45.96093674584819,46.58012862582133,45.73577443547908,46.49569320678711,38262000
2021-08-11,46.75525825682926,47.40259775334396,46.64580677616854,46.91162109375,41455800
2021-08-12,46.76724271475191,47.14702889607082,46.70760467133571,46.786075592041016,18269100
2021-08-13,46.88650214089725,47.19409975444115,46.81745306079876,46.93358612060547,15981300
2021-08-16,46.980667923639686,47.62411068433396,46.77978872311121,47.31651306152344,47791500
2021-08-17,47.2066512200208,47.86578738779036,46.798617623594716,47.30081558227539,50950200
2021-08-18,47.25372819335476,47.88775257321567,46.77349899704223,46.79861068725586,28211700
2021-08-19,46.55694205166794,47.28827043621609,46.453363029684375,47.115638732910156,22630500
2021-08-20,47.23176994863502,47.620974322581255,47.00264321836191,47.53622817993164,19400400
2021-08-23,47.56133586450955,47.64294618723036,47.20979724418749,47.222354888916016,16166100
2021-08-24,47.23804910214595,47.23804910214595,46.67307361652074,46.73584747314453,18828900
2021-08-25,46.582060128002375,46.855127887340934,46.462787625025086,46.75468826293945,21921300
2021-08-26,46.287013664316,46.53811271001081,46.03591461862119,46.249351501464844,23466900
2021-08-27,46.29956403925837,46.35606266705139,45.88211213346514,45.98883056640625,23088600
2021-08-30,45.95743354160185,46.45335266149795,45.83188226030991,46.35919189453125,16440600
2021-08-31,46.450218691305764,46.591459847376356,46.21481317251829,46.484745025634766,25078500
2021-09-01,46.315262584730434,46.431395663368384,46.0045255098855,46.38431167602539,19056600
2021-09-02,46.49102215946847,46.70131958481422,46.35605622738189,46.629127502441406,20018100
2021-09-03,46.5161330132627,46.97124700745961,46.42196864839181,46.845699310302734,17211900
2021-09-07,46.757820508522165,46.82059436615119,46.158322265756745,46.22423553466797,25345200
2021-09-08,46.12380424219846,46.553810273296484,46.054751549554204,46.283878326416016,19508400
2021-09-09,46.28386248834038,46.3309464659437,45.77538929505435,45.957435607910156,22328700
2021-09-10,46.202261163575194,46.214818808137544,45.64670392780977,45.79108810424805,15775200
2021-09-13,45.988824174474566,46.18656395626083,45.39874064799861,45.53056716918945,19529400
2021-09-14,45.66239416945405,45.787945462193186,45.172750234177116,45.292022705078125,16533900
2021-09-15,45.21984684844169,45.43328015452809,45.13196127816929,45.370506286621094,14850000
2021-09-16,45.33598196293821,45.60905332931921,45.10057635578311,45.52116775512695,18428400
2021-09-17,45.24180097007376,45.87582904446502,45.204138816666934,45.42698669433594,73032600
2021-09-20,45.04092861330743,45.5713777642531,44.45084860842677,44.80238723754883,25054500
2021-09-21,44.7898153978756,45.37989880775284,44.780400759080834,44.890254974365234,17437500
2021-09-22,45.0315020396223,45.07230719119211,44.66113063307623,44.786678314208984,15044400
2021-09-23,44.95304285447977,45.08172996927384,44.71135849586302,44.811798095703125,15585300
2021-09-24,44.727068751281436,45.10057977591982,44.723929339107116,44.93736267089844,13360500
2021-09-27,44.84319048930684,45.056623766989766,44.51989936540209,44.648590087890625,21250800
2021-09-28,44.53244953960938,44.59208757459276,43.939230152901864,44.09930419921875,20580900
2021-09-29,44.14638430358077,44.51675937948903,44.04280888181379,44.08047103881836,21375600
2021-09-30,44.143251610685354,44.48537201106091,43.706966831120916,43.74776840209961,22457700
2021-10-01,43.71009259085146,43.826225638454055,42.66175575184371,43.01643371582031,30014400
2021-10-04,43.028993355352085,43.38681077639135,42.28197158735838,42.60212326049805,29970300
2021-10-05,42.67117231197801,43.22359006359832,42.65547885035263,42.8814697265625,20597400
2021-10-06,42.76219772483467,43.248702224481946,42.72767139048533,43.195343017578125,19376700
2021-10-07,43.55943891981696,44.162080110904235,43.55316368982865,43.70382308959961,21068100
2021-10-08,43.83564376831055,43.970609687102936,43.63162518483341,43.83564376831055,13847400
2021-10-11,43.791705947557595,44.187185500662714,43.76659425313654,43.79484176635742,13048200
2021-10-12,43.73521434887569,44.07105951864118,43.65046820360759,43.74776840209961,15789300
2021-10-13,43.785429810962,43.94550385170064,43.355420304657684,43.43075180053711,17937900
2021-10-14,43.471567165893,43.964347047787875,43.471567165893,43.901573181152344,19783500
2021-10-15,44.13697014960075,44.28762955529289,43.92981211977273,44.11499786376953,20737200
2021-10-18,43.94237083466986,44.5732559888727,43.889011620353415,44.46967697143555,19887000
2021-10-19,45.39560346609387,45.70320109197812,45.09114525124988,45.41443634033203,33444300
2021-10-20,45.47720834327287,45.97940992118809,45.47720834327287,45.82561111450195,17453700
2021-10-21,46.00765335189847,46.11436816943099,45.76596902112806,46.0798454284668,13954500
2021-10-22,46.17086952688652,46.98380451320931,46.17086952688652,46.56007385253906,21195600
2021-10-25,46.69818284530605,47.24432183466376,46.45649848127782,47.09994125366211,19287900
2021-10-26,47.081102568839,47.25373423612556,46.5977374924397,46.688758850097656,17418600
2021-10-27,46.7546860447174,46.77351892239972,46.261906181379445,46.30584716796875,14565600
2021-10-28,46.56008196585069,46.76096118932025,46.36234215374857,46.594608306884766,12598500
2021-10-29,46.42510882862519,47.11249253956016,46.31525459179231,46.8990592956543,22022700
2021-11-01,47.074832199492405,47.3165165770866,46.87709239528099,47.01519775390625,12549600
2021-11-02,47.07168836794389,47.13760162479493,46.85511213314407,46.99321746826172,13638900
2021-11-03,46.95556124246785,47.17213391260019,46.77665072957329,47.13760757446289,14209500
2021-11-04,47.137600825250786,47.66177105246351,47.02774300436039,47.48286056518555,15149100
2021-11-05,47.70886233032127,47.70886233032127,46.96184047209803,47.15330505371094,15081900
2021-11-08,47.15016535378513,47.24118673097551,46.68249363841679,46.851985931396484,15373200
2021-11-09,46.93045161038654,47.040309451839796,46.72643298369081,47.01519775390625,15001800
2021-11-10,46.682489958356456,46.96183648261445,46.44708441355361,46.59146499633789,16803600
2021-11-11,46.695044297067035,46.76409697377962,46.5129979639173,46.61029815673828,13603200
2021-11-12,46.76722551304454,46.84255340249016,46.30896857957429,46.378021240234375,18313800
2021-11-15,46.50043347153665,46.594597831370145,45.951155141852944,46.11123275756836,28896000
2021-11-16,45.54314350037403,46.039062863772486,44.66429487581424,44.93736267089844,73986600
2021-11-17,44.934210093699804,45.4238540421546,44.51361881930946,44.5512809753418,33116100
2021-11-18,44.6140600449945,44.9750132994796,44.212301629983266,44.93421173095703,24394200
2021-11-19,45.078592725946194,45.197865205492135,44.55128300542749,44.692527770996094,28119300
2021-11-22,44.77728398504749,45.624745585097116,44.57012590681215,45.44269561767578,29126400
2021-11-23,45.276328213304396,45.819331345852305,44.96245537659625,45.76597213745117,29907900
2021-11-24,45.7408787073311,46.158330683903095,45.71262759264272,45.9951171875,18089400
2021-11-26,45.96371563594739,46.415693850499856,45.329691089533945,45.480350494384766,21039600
2021-11-29,45.511739006765524,45.59020991902792,44.64230888548644,44.76785659790039,33039600
2021-11-30,44.406910167208025,44.7270619119421,43.945513632266135,44.14011764526367,64818900
2021-12-01,44.10245226149556,44.16836553961488,43.013309874662056,43.04469680786133,36621300
2021-12-02,43.19849226969047,43.452730719091,42.44833456738815,42.52052307128906,39805800
2021-12-03,42.64293231312531,43.27695689531317,42.46402538227136,43.160823822021484,44142600
2021-12-06,43.17650848537629,43.74148386428416,43.032127924012656,43.62848663330078,32589300
2021-12-07,43.81682144632111,43.889013538964164,43.34287091114944,43.48725509643555,37739100
2021-12-08,43.333454026771534,43.47155938224514,42.69001123295396,43.047828674316406,34496400
2021-12-09,43.057272641029876,43.668640701157585,42.76734886593746,43.646583557128906,32351700
2021-12-10,43.596164150452374,44.52896933809743,43.3535066999965,44.44388198852539,38575500
2021-12-13,44.19492569279978,45.301061278549184,44.12244293878085,45.24433517456055,54039300
2021-12-14,45.15924656870116,45.78321926939773,44.796836415128936,45.67607116699219,46721400
2021-12-15,45.76115472582513,46.158230196895445,45.190756123591896,45.9376335144043,33489900
2021-12-16,45.93764604006585,46.1771514871003,45.03004986795628,45.17185974121094,39069600
2021-12-17,44.98592631089834,45.36409316865595,43.611927514409686,43.72537612915039,78581100
2021-12-20,43.5268380656234,44.0405106622378,43.362967451466616,43.8671875,31017900
2021-12-21,43.77264142453707,44.07517343594777,43.49217016597904,43.999542236328125,24620400
2021-12-22,44.08778390394076,44.11614876323196,43.65604658220286,44.056270599365234,17028000
2021-12-23,44.05626816246636,44.16972038042269,43.756888179092,43.95857620239258,17592600
2021-12-27,43.9932327836029,44.39346030527989,43.98378023722475,44.35879135131836,16040700
2021-12-28,44.30838103488499,45.05525495466838,44.30838103488499,44.99538040161133,15783000
2021-12-29,44.957563356053306,45.23173413721998,44.85041524223807,44.97332000732422,13045200
2021-12-30,45.14665481001697,45.28531625104391,44.90084523611158,45.118289947509766,14949000
2021-12-31,45.12773914313285,45.707594021733264,45.039499730047325,45.597293853759766,17947800
2022-01-03,45.37985001238161,45.628807998116926,45.067861812442594,45.58469009399414,20706600
2022-01-04,45.39245811523599,45.73911169747248,44.6739453547762,44.749576568603516,33930000
2022-01-05,45.0174509251299,45.99437793397858,44.98278556379525,45.354644775390625,35418000
2022-01-06,45.26008995891781,45.58153065533792,44.87562266497458,45.22857666015625,21828900
2022-01-07,45.222278876354274,45.80843785590921,45.05210415409205,45.66032028198242,19723500
2022-01-10,45.833648925042006,45.880918881716745,45.10253160628634,45.572086334228516,22731600
2022-01-11,45.44602314504682,45.57523200295468,45.12143038432781,45.44287109375,21668700
2022-01-12,45.279003951665615,45.367243362390894,45.06471133116103,45.203369140625,18946800
2022-01-13,45.200223803971134,45.9092839771406,45.09937978662614,45.84310531616211,24252600
2022-01-14,45.44917546862041,46.20865754473523,45.44917546862041,45.713890075683594,26867400
2022-01-18,45.50905241632687,45.60044387696914,44.79053975651473,44.91344451904297,21123900
2022-01-19,44.919741803394814,45.69183207025474,44.724357903086975,45.36093521118164,22674000
2022-01-20,44.85987119365661,45.52480980850261,44.456495152602585,44.50376510620117,22387200
2022-01-21,44.5037653023562,44.831506533924006,44.13820666515632,44.17917251586914,27508200
2022-01-24,43.82621359179389,44.28631569177283,43.27157159474221,44.18231964111328,28699200
2022-01-25,44.11614473201321,44.235897442337446,43.11400514833824,43.221153259277344,29479500
2022-01-26,43.28103248979022,43.73798262670885,42.594033061743794,42.779964447021484,26185500
2022-01-27,43.14867619476084,43.82937514189969,42.66021274109114,42.808326721191406,27759000
2022-01-28,42.858746234012614,43.35351376260437,42.212716288724216,43.3377571105957,25131900
2022-01-31,43.20223993353124,44.13189665993547,43.07933518489724,44.05941390991211,20193600
2022-02-01,43.870337547136664,44.48170573073461,43.80101044358957,44.40607452392578,20323200
2022-02-02,44.43443120508438,44.63611921111721,44.16656454747615,44.38716125488281,18149700
2022-02-03,44.20122897868861,44.74641843647466,44.04681092607218,44.431278228759766,20741100
2022-02-04,44.399765127519835,44.43443047839393,43.599317219092484,43.90814971923828,22036500
2022-02-07,44.13820773016829,44.141356175325015,43.36611737349332,43.476417541503906,20010300
2022-02-08,43.589862602921514,43.87979001869562,43.3346005392443,43.48586654663086,19458900
2022-02-09,43.64658896950278,43.737976820875616,43.3219961996879,43.391326904296875,21473700
2022-02-10,43.032070873284454,43.17703278585089,42.68856938493259,42.88395690917969,27810600
2022-02-11,43.117145193362916,43.2305937691705,42.2820285051034,42.64759063720703,23733300
2022-02-14,42.6476006489713,42.8461366048583,41.821939918638606,42.212711334228516,29363400
2022-02-15,42.4616820180573,42.754757962737635,42.16230196883744,42.3450813293457,21824400
2022-02-16,42.3324664128198,42.50578957429017,41.818790212013546,42.080352783203125,28490700
2022-02-17,42.228476418858996,43.95228097843959,42.15914570172387,43.7663459777832,53831400
2022-02-18,43.52053189872775,43.99008657125274,43.224303986687175,43.48586654663086,31103400
2022-02-22,43.4165337295562,43.56465128483439,42.83983097743972,43.000553131103516,25380900
2022-02-23,43.129755298401,43.233751342202346,42.4931780445733,42.559356689453125,21030900
2022-02-24,42.20010123674654,42.546754737640214,41.60134134460785,42.39548873901367,31717500
2022-02-25,42.483732657035866,43.10455336700543,42.256831831737216,42.97849655151367,24997800
2022-02-28,42.54360265869385,42.88080000581626,42.15598331206216,42.594024658203125,26286600
2022-03-01,42.81777341905435,43.4543507122144,42.54990677199656,42.8555908203125,24024900
2022-03-02,42.751594121936684,43.120304762448995,42.600328125663275,42.90916061401367,23863800
2022-03-03,43.26527665549834,44.26741636645548,43.03207530815653,43.89555358886719,29885100
2022-03-04,43.429145386036794,45.045801566005345,43.359814679706815,45.00798416137695,35576400
2022-03-07,44.52898342111281,45.263256500603426,44.26111668941921,44.64558410644531,45870000
2022-03-08,44.59199586982753,44.89452784195315,43.67179174976292,43.72221374511719,28305600
2022-03-09,44.11929810198501,44.194929307022235,43.533139132231526,43.94912338256836,22122900
2022-03-10,43.958577236311456,45.064712945371106,43.807311215278204,44.9481086730957,27512700
2022-03-11,44.84411590980104,45.39560593153268,44.711754986636365,44.77163314819336,19162200
2022-03-14,44.75587002274947,45.6477093621135,44.746417475695324,45.395599365234375,22646400
2022-03-15,45.546872389715865,46.05739656457755,45.33257976092691,45.9407958984375,22872600
2022-03-16,45.8178833761153,46.306346713173156,45.285302142687584,45.80527877807617,24615900
2022-03-17,45.69772778229142,45.966630500566325,45.128283537342924,45.87488555908203,19023000
2022-03-18,45.92866545319408,46.052045578971835,45.590163883313245,46.01091766357422,31233300
2022-03-21,46.00774622787544,46.59617220010324,45.43514146710789,45.62812042236328,21350700
2022-03-22,45.74834148110279,45.862228873646444,45.23267854138259,45.49209213256836,20235000
2022-03-23,45.28329505615512,45.46994554593251,44.77079636481754,44.906829833984375,19625400
2022-03-24,45.04602111911152,45.526884556515206,44.88467735245066,45.185218811035156,13440900
2022-03-25,45.38137435913086,45.53322545276524,45.00490905811575,45.38137435913086,14085300
2022-03-28,45.39718566305956,46.20706167060975,45.33391528791842,46.188079833984375,20105700
2022-03-29,46.37788278123212,46.85241771489867,46.267156032489,46.577186584472656,19934400
2022-03-30,46.54555122807613,47.51044237696946,46.51708028848235,47.41237258911133,24991500
2022-03-31,47.070711187675116,47.62433416233172,46.877732215957636,47.11183547973633,27163800
2022-04-01,47.345935675479716,47.85527008250806,47.086525728844734,47.77301788330078,20939700
2022-04-04,47.74138475321568,48.46584060627393,47.47881055293431,47.78251266479492,25332600
2022-04-05,47.73189447148202,48.50697100331278,47.73189447148202,47.918548583984375,18657900
2022-04-06,47.77617597816448,49.168145562109586,47.611671600917155,49.03211212158203,28018500
2022-04-07,49.066923000321175,49.83883167727413,48.85812642784694,49.52247619628906,27088200
2022-04-08,49.63952325320002,50.11405824110524,49.418073350816606,49.79770278930664,23294400
2022-04-11,49.65850488343587,50.06027677622567,48.60187239295813,48.8106689453125,24712800
2022-04-12,48.794853876886656,49.161826363259436,48.260209119234865,48.47533416748047,26761200
2022-04-13,48.54493223295532,49.9179202226155,48.51329704882503,49.73759460449219,29284500
2022-04-14,49.70279126086638,50.07609219684815,49.48766985348494,49.693302154541016,22360500
2022-04-18,49.5889022518314,49.97802076583302,49.101713953897324,49.31367111206055,14671800
2022-04-19,49.56359612029512,49.96853587920285,49.364292293458305,49.873626708984375,15855000
2022-04-20,50.09507531607635,50.72778982630777,50.0760934825238,50.5000114440918,19821600
2022-04-21,50.59176058570695,50.860663279350916,50.32285789206298,50.57594299316406,18168300
2022-04-22,50.69615692899183,50.73095635533766,49.56043644987626,49.62370681762695,21046200
2022-04-25,49.46870292554945,49.81669726923944,48.82966337493855,49.649024963378906,18057600
2022-04-26,49.46868951057599,50.02547668907426,49.09855280569113,49.13018798828125,19601100
2022-04-27,49.202953603534795,49.41491078592328,48.7252543570162,48.79485321044922,17496900
2022-04-28,49.10804496023458,49.6616715511668,48.75056520253014,49.41807556152344,14955900
2022-04-29,49.29153067761151,49.42123564745526,48.31082193685941,48.3994026184082,21088800
2022-05-02,49.0226289313574,49.032121659053225,47.55473535716124,48.07988739013672,20016000
2022-05-03,48.22224808002263,48.80750622475965,48.016615763640374,48.247554779052734,17950500
2022-05-04,48.095700792273256,48.97833612951464,47.93119639735962,48.91506576538086,20022600
2022-05-05,48.781715458418546,48.842043700786306,48.07050132894731,48.4959602355957,23234400
2022-05-06,48.16894131368442,48.88015564559286,47.07671748717998,47.48630142211914,34258200
2022-05-09,47.140215993021414,48.610269763784906,47.051313303509524,48.041934967041016,28207200
2022-05-10,48.08002478999963,48.353080668117656,47.16878237053467,47.36563491821289,24861300
2022-05-11,47.435489802062946,47.864124479339196,46.64490018270899,46.870330810546875,27878700
2022-05-12,46.94653100312287,47.673620273022784,46.52107206596626,46.82587814331055,25244400
2022-05-13,46.89891274284177,47.11164042642001,46.400426139674714,47.00686264038086,19962300
2022-05-16,47.429137503917275,47.540266760444275,46.50201995256254,47.057655334472656,21449100
2022-05-17,43.31742353025735,43.63810465745914,41.47906005924473,41.704490661621094,132940200
2022-05-18,40.650364764277064,40.726568083308315,38.58657089912112,38.87232971191406,104253000
2022-05-19,38.3770333085195,38.6691400841285,37.6562917879177,37.805519104003906,71008500
2022-05-20,37.986490176476174,38.36749591166816,37.23399867162816,37.84678649902344,49356000
2022-05-23,38.075393797123745,39.29779748841941,38.05634659660959,38.92631530761719,43680900
2022-05-24,38.48498046443528,39.54545396042062,38.44370668219862,39.41210174560547,34584900
2022-05-25,39.370819925824385,39.5835512036244,38.926313804020864,39.17079162597656,27121800
2022-05-26,39.783581597429084,40.132837204423375,39.497826349238274,40.005836486816406,28197600
2022-05-27,39.84390320931221,40.83769673994492,39.786750715762516,40.79324722290039,25299900
2022-05-31,40.469395362898375,41.244109881058534,40.45669238482282,40.840877532958984,36912300
2022-06-01,40.79960229138464,40.93295449967084,39.586729438057645,39.831207275390625,28534800
2022-06-02,39.86930405398946,40.49161549418194,39.47559533322494,40.485267639160156,23214300
2022-06-03,40.21856329747208,40.45669327155851,39.71690465974138,39.78993225097656,18302700
2022-06-06,39.948671564924815,40.10107455882081,39.55813866596795,39.64704132080078,19855500
2022-06-07,38.49450339301968,39.20889329268327,38.38019839289955,39.17079162597656,47707800
2022-06-08,38.84693740685534,39.342248207497995,38.71993668716886,38.83106231689453,22522800
2022-06-09,38.73581735072774,39.48195758697155,38.415136127087166,38.424659729003906,19880100
2022-06-10,38.021420580149844,38.9707647362306,37.89124048645403,38.64055633544922,25238100
2022-06-13,38.01824135337971,38.494501260099966,37.81186157599097,37.9134635925293,24897900
2022-06-14,37.82457020537063,38.10080189113953,37.51976408092756,37.92934799194336,21544200
2022-06-15,38.091274715231094,38.230974783977345,37.434033618791275,37.9039421081543,25914000
2022-06-16,37.57691176517759,38.65960815354123,37.53881009612238,38.29765319824219,30706800
2022-06-17,38.10714501934181,38.3801972665266,37.45625549424159,37.557857513427734,36838800
2022-06-21,37.56102818451035,38.98345626099112,37.53562586635746,38.78977584838867,23916600
2022-06-22,38.76756316927058,39.13269388336162,38.288127443597304,38.31987762451172,20235000
2022-06-23,38.65643472616756,39.358125366768306,38.481808727417445,39.25017547607422,18040800
2022-06-24,39.399394673157026,39.78675189583972,39.104112231420615,39.281917572021484,31845900
2022-06-27,39.30096297626759,39.60577263675214,38.98663335070539,39.40891647338867,19889100
2022-06-28,39.580372111002625,39.86930306420024,38.82788060828615,38.8532829284668,15399000
2022-06-29,39.01839291690099,39.16444811093816,38.40878071633369,38.710411071777344,19111500
2022-06-30,38.380200430791895,38.754861995201544,38.06587074770876,38.60245895385742,19166100
2022-07-01,38.71676524870051,39.02791922668532,38.469108004046134,38.93584442138672,17460900
2022-07-05,38.8024928295869,39.53275796162957,38.61198809218976,39.4502067565918,18218100
2022-07-06,39.52322302455487,40.09473712537754,39.46607415797506,39.7296028137207,21300000
2022-07-07,39.748654838476234,39.85660835303476,39.40892283900827,39.78993225097656,17487300
2022-07-08,39.948690362977416,40.19952336074081,39.73596267358615,39.815338134765625,14751000
2022-07-11,39.694679322416626,40.11061467071421,39.56767860350602,39.831207275390625,11532900
2022-07-12,39.723259009542204,40.36462138675324,39.59943039669888,39.71055603027344,13732200
2022-07-13,39.510526532574715,40.15188889067793,39.342248398030065,39.805809020996094,12689100
2022-07-14,39.42162281773184,40.74245280250733,39.41527496202781,40.58369827270508,20905500
2022-07-15,40.89485625266656,41.361588979254684,40.65672627236543,40.98058319091797,21184200
2022-07-18,40.84722090790342,41.37110968880572,40.72339595384884,40.88532257080078,14243700
2022-07-19,41.082181236047035,41.26315869544314,40.831351934953375,41.13615798950195,16995300
2022-07-20,41.437791162553744,41.69179622555968,41.1171099976072,41.47906494140625,18564900
2022-07-21,41.49176183501061,42.088674553931625,41.434609341625,42.08549880981445,18764700
2022-07-22,42.08232827397923,42.35220842014841,41.66639294893971,41.9775505065918,13616400
2022-07-25,42.034701993052664,42.13312826904534,41.73941953149977,41.9172248840332,20535300
2022-07-26,38.45957770926609,38.95488847879964,38.11984571843715,38.72945785522461,95391600
2022-07-27,38.49450481890652,40.25031732761652,38.427828716487475,40.19316482543945,42159600
2022-07-28,40.09156072873325,41.437789319577696,40.09156072873325,41.19648361206055,33262200
2022-07-29,40.742451811608845,41.99342628461426,40.64402189805181,41.92675018310547,30141900
2022-08-01,41.6124203431399,42.61891335087598,41.59336950941706,42.08232879638672,24996300
2022-08-02,42.27600876641921,42.453814138720155,41.720373336735484,42.12678146362305,19695000
2022-08-03,41.96167705733538,42.20933063518545,41.23141203517223,41.43461608886719,32003100
2022-08-04,41.48858908398229,41.529862859759625,39.79310496054554,39.86930465698242,53106000
2022-08-05,39.85025141490545,40.263010949169626,39.726426461485836,40.18998336791992,32007000
2022-08-08,40.21221131960386,40.707522050956925,40.19951197612677,40.51701736450195,18175200
2022-08-09,40.60591480281967,40.94882246753076,40.39000782366131,40.91707229614258,19325100
2022-08-10,41.275867371685266,41.323492647181155,40.7646814208297,41.002811431884766,25251000
2022-08-11,41.35996008348273,41.573617854585514,41.00918340701248,41.39822769165039,23854500
2022-08-12,41.455626601568035,42.361272673328386,41.39822883712834,42.1635627746582,26625000
2022-08-15,41.97542108890987,42.59406743648075,41.88932078641908,42.28474426269531,26516100
2022-08-16,44.2937493363235,44.94109461036867,44.06733687439325,44.44363021850586,91773300
2022-08-17,44.18850365166568,45.51189638890095,44.13429182011248,44.491451263427734,41792100
2022-08-18,44.49464525593955,44.77845911687791,44.16619193059335,44.347957611083984,19197600
2022-08-19,44.300120752933594,44.347953438098635,43.65915109364221,43.69422912597656,22918800
2022-08-22,43.4327399134902,43.598561339298726,42.87149142724643,42.91294860839844,18667200
2022-08-23,42.925710064050776,43.03732332367344,42.479264324360756,42.7311897277832,16955100
2022-08-24,42.84279852714861,43.142556614993026,42.6036314317984,43.04051208496094,15766500
2022-08-25,43.139358411638995,43.36577080780459,43.05963362953307,43.3275032043457,19414500
2022-08-26,43.40404707848347,43.633649114990625,41.93715592403391,41.965858459472656,21331800
2022-08-29,41.720314079518836,42.68973723989789,41.64377884742013,42.3740348815918,17381700
2022-08-30,42.52071650858504,42.61957145302957,42.01049390880689,42.2464714050293,14468100
2022-08-31,42.34213700358114,42.664218442750126,42.07108147406658,42.268795013427734,22460700
2022-09-01,42.26560814187715,43.094719011705934,42.2209613804232,42.884254455566406,21741900
2022-09-02,43.00223986545693,43.2637266647664,42.23371639675007,42.41229248046875,17234400
2022-09-06,42.428240606208874,42.6100099315101,41.685230023718525,42.20183181762695,21899700
2022-09-07,42.43142889155548,43.359398346902765,42.32938436618808,43.28605270385742,17058900
2022-09-08,43.17762749731233,43.64639657189749,43.01180606181552,43.50608444213867,16956000
2022-09-09,43.46463639723625,43.84730157743367,43.4104245539465,43.636837005615234,16140600
2022-09-12,43.71336189493242,44.08646193954587,43.678283863428604,44.0290641784668,14284500
2022-09-13,43.643205052050746,43.99079578539559,42.98948441648814,43.1202278137207,17687400
2022-09-14,43.250971435157695,43.53797118511193,42.76307222517548,43.024559020996094,19934700
2022-09-15,43.066015364011065,43.09790381900704,42.40272601165556,42.562171936035156,20189400
2022-09-16,42.093409701743894,42.906576383949265,41.86380767945278,42.4728889465332,41874300
2022-09-19,42.354898211923086,42.97354087908286,42.24328495717044,42.836421966552734,16853100
2022-09-20,42.565357438615365,42.69291490673017,42.26560304511513,42.58768081665039,13963500
2022-09-21,43.19038429474364,43.83135028422761,42.92889384834031,42.97672653198242,24903600
2022-09-22,42.91294885099989,42.96078153378433,42.36126908777994,42.536659240722656,16744500
2022-09-23,42.37083909356227,42.46969403751545,41.06339049490442,41.47475814819336,27195300
2022-09-26,41.057022449813566,42.138055177437764,40.903955642841964,41.87337875366211,23011200
2022-09-27,42.16675355109257,42.54941870605446,41.55129680787368,41.758575439453125,17171700
2022-09-28,41.90526136042021,42.61957302648094,41.36633985994583,42.44737243652344,16838400
2022-09-29,42.57173537693811,42.76944889947554,41.97541253286803,42.17312240600586,15241500
2022-09-30,42.16994318566825,42.20820714663768,41.359962463378906,41.359962463378906,19602300
2022-10-03,41.53216095090889,42.34532755825532,41.458815309659606,42.26241683959961,17574900
2022-10-04,42.68654896937052,43.11386096325714,42.53029622295748,42.810916900634766,16134300
2022-10-05,42.654653391618346,42.92889852029237,42.256040352419994,42.38678741455078,14553900
2022-10-06,42.43780924891005,42.88425497242948,41.95947506648212,41.991363525390625,14200500
2022-10-07,41.87337280514591,41.981792830473346,40.84016926781372,40.99642562866211,17080500
2022-10-10,41.30574746366554,41.43330493867262,40.90713445984333,41.2387809753418,11411700
2022-10-11,41.299373382907085,42.66740949701583,41.28342915274873,42.307064056396484,21276000
2022-10-12,42.415485580428005,42.97673048209405,41.76495080478323,41.82872772216797,16947600
2022-10-13,41.22602521743909,42.393158017934816,40.935835892682526,42.18269348144531,20545500
2022-10-14,42.23372412585251,42.482456318144855,41.47157601923519,41.59275436401367,16641000
2022-10-17,41.76175859408251,42.358085141965226,41.64376984460516,41.89250564575195,17812500
2022-10-18,42.549416888121506,43.08196288583551,42.517528430687136,42.77582931518555,16842300
2022-10-19,42.83642862307752,42.96398247758718,42.40273748906307,42.654659271240234,11339400
2022-10-20,42.72480966011452,43.17763089246988,42.61957555452061,42.7598876953125,12754800
2022-10-21,42.98948617026465,43.81859699403622,42.73118529128737,43.62407302856445,18134700
2022-10-24,43.83135724125604,44.79759439142971,43.72931270686282,44.456382751464844,18806700
2022-10-25,44.354330547940094,44.78482834401304,44.10878433290014,44.666839599609375,15051300
2022-10-26,44.75932067578384,45.29505623300135,44.587120091299646,45.008052825927734,20754300
2022-10-27,44.96659775656584,45.31418848919075,44.736995768628326,44.8773078918457,16602900
2022-10-28,44.660470862173796,45.569302924329,44.65728128627985,45.44493865966797,13648200
2022-10-31,45.3907208559926,45.62350877407094,45.20895519731497,45.38753128051758,22572000
2022-11-01,45.5916192275514,45.776574457279835,45.12285382713273,45.183441162109375,14814300
2022-11-02,45.01443711140811,45.78296067819121,44.8677494650123,44.88369369506836,15522000
2022-11-03,44.48826789317938,45.18982492714227,44.351145332231184,44.874122619628906,10976400
2022-11-04,45.291875692521515,45.3492734658663,44.25867197950772,44.953853607177734,14669400
2022-11-07,45.04632111675932,45.59162175943091,45.04632111675932,45.42580032348633,11364000
2022-11-08,45.467255163129344,45.942399716236224,45.12603993270384,45.53422164916992,15068400
2022-11-09,45.524661518610834,45.65221901335354,44.3926028941962,44.47551727294922,15932100
2022-11-10,45.4449388610744,45.50233662981839,44.80396913136387,45.3971061706543,20310600
2022-11-11,45.4959611524542,45.639462873193885,44.64133727863648,45.467262268066406,19270800
2022-11-14,45.16750452508486,45.70324015070978,44.09284734730065,44.1311149597168,37525800
2022-11-15,46.43349484044946,47.9195196873989,46.095472788656735,47.01706314086914,76548600
2022-11-16,47.15736231612568,47.89718684227785,46.9150093406306,47.35507583618164,32593200
2022-11-17,46.87993809569834,47.42842833159649,46.78426907234397,47.19563674926758,24791400
2022-11-18,47.72818903135413,47.90995837492598,47.44118922235717,47.906768798828125,18987000
2022-11-21,48.027937346595806,48.5158365574146,47.89400072361434,48.20013427734375,21157200
2022-11-22,48.47119593824725,48.61469399613883,48.190571674885916,48.372337341308594,16898400
2022-11-23,48.496705566850885,48.90807323779581,48.43292865180827,48.60512924194336,16920600
2022-11-25,48.5094644478009,48.81878394920589,48.4265500779768,48.812408447265625,8777400
2022-11-28,48.7008026811214,49.31306992550418,48.7008026811214,48.95272445678711,17674800
2022-11-29,48.79965154859352,49.016498907603015,48.64658475662221,48.780521392822266,13841700
2022-11-30,48.665716581353834,48.71673884326793,48.21608495102336,48.60512924194336,31338000
2022-12-01,48.4871368933723,48.98460482249074,48.066200526749135,48.9080696105957,22732200
2022-12-02,48.305367781342376,48.8666162723985,48.305367781342376,48.86023712158203,20733000
2022-12-05,48.710365152929484,48.79008629969756,47.99604981016687,48.35958480834961,23608200
2022-12-06,48.216086680947356,48.44249546735186,47.58149613518505,47.79833984375,20625600
2022-12-07,47.9928624549966,48.21927123495744,47.457126876224336,47.54960632324219,17550300
2022-12-08,47.74486513266766,47.783273341395436,47.41837154795641,47.62322998046875,13512600
2022-12-09,47.20390370291803,47.28392903871867,46.483697659656514,46.512508392333984,27929400
2022-12-12,46.70135152935377,47.40555679150294,46.59252280414991,47.379947662353516,19432200
2022-12-13,48.01373353073855,48.07775086527096,46.97023559260022,47.210304260253906,23408100
2022-12-14,47.082271899724965,47.54320336050357,46.72056805268859,46.94783401489258,20334600
2022-12-15,46.598943043422736,46.86781885045696,45.974762876341124,46.52852249145508,17514000
2022-12-16,46.2468289372609,46.32365267079861,45.63545532101176,45.69306945800781,40343100
2022-12-19,45.77629104583498,45.9523423760947,45.36657425043572,45.70907211303711,15067500
2022-12-20,45.747495636470504,46.29805363637914,45.53303604935807,46.10919952392578,17009400
2022-12-21,46.195622500689545,46.714171804247144,46.176416563910614,46.47090148925781,13726500
2022-12-22,46.33966484817053,46.40688379481483,45.43060460533188,45.9267463684082,13082400
2022-12-23,45.789105490634384,46.02917419657877,45.54263358495259,46.019569396972656,9547500
2022-12-27,46.10599381614796,46.237233767346986,45.833916440555335,46.03237533569336,10044600
2022-12-28,45.92354475763008,45.9875621042938,45.10411099822939,45.225746154785156,15246300
2022-12-29,45.49782058757063,45.77949909249928,45.37298383915443,45.50101852416992,9171900
2022-12-30,45.31216948299354,45.44980897149164,45.07210077808557,45.38578796386719,11505900
2023-01-03,45.62905438432408,46.00035934641197,45.481813771953334,45.965152740478516,17249700
2023-01-04,45.9075363043317,46.109193126134095,45.475411926785476,46.01636505126953,13338300
2023-01-05,45.92033951506815,46.1347990746429,45.66106488585745,45.85952377319336,13274400
2023-01-06,46.285237604594165,47.22950789563928,46.17000567541017,46.983036041259766,21231900
2023-01-09,46.8358015866165,47.3287416968438,46.349261012475814,46.397274017333984,17756700
2023-01-10,46.39407471020788,46.557323330581305,46.0067653894247,46.36846923828125,11970600
2023-01-11,46.650145567158,46.79098297143489,46.326849966672604,46.77497863769531,14834700
2023-01-12,46.864608815085425,46.86781041471827,46.21802488923505,46.35246276855469,12472800
2023-01-13,46.58292740695839,46.675755482016136,46.04837748071724,46.506107330322266,13699800
2023-01-17,46.50611227588325,46.64055017166103,46.157211136339626,46.224430084228516,15122400
2023-01-18,46.157206082969786,46.17321041818363,44.96646742516671,45.08169937133789,22674300
2023-01-19,45.257757787594166,45.302569200557485,44.42551757391292,44.438323974609375,17342100
2023-01-20,44.6207741390751,45.06249971356066,44.22706157691918,44.985679626464844,29543100
2023-01-23,44.96006882079161,45.77630098959013,44.876845536542604,45.657867431640625,13149900
2023-01-24,46.909418089939415,46.909418089939415,45.132911342774,45.77949523925781,13669200
2023-01-25,45.52982757260737,45.72188325617535,44.93765618686919,45.56183624267578,12491700
2023-01-26,45.78270176374772,46.013169330590095,45.37618650088885,45.520225524902344,15819000
2023-01-27,45.645053413145234,46.24362425495275,45.372976090792456,45.869117736816406,18412800
2023-01-30,45.49141738805681,45.59704820108916,45.21934001924127,45.50101852416992,15897600
2023-01-31,45.55543691868701,46.05478027317868,45.34417894563276,46.05158233642578,14103600
2023-02-01,45.984351954052194,46.608531957437684,45.677064351413634,46.30764389038086,12849300
2023-02-02,46.22442906620795,46.36847175888779,45.75389644134844,45.9715576171875,17806800
2023-02-03,45.88833414824346,46.080389849985835,45.08810633133438,45.36018371582031,17155500
2023-02-06,45.39538867009004,45.485015142156406,44.822423231935964,45.03048324584961,17454000
2023-02-07,44.739208877415635,45.22894747710392,44.39350931850243,45.12651824951172,16341300
2023-02-08,44.91845001274136,45.16491821611747,44.80961761343835,44.88323974609375,11691300
2023-02-09,45.091305817238336,45.43380006858658,44.995276139290446,45.29936218261719,13064400
2023-02-10,45.801906102763056,46.07398346846066,45.507421202181476,46.003562927246094,15002700
2023-02-13,46.32045920986197,46.771789565801505,46.256438199613,46.704566955566406,16015800
2023-02-14,46.646949321126264,47.09507438042,46.27244274022041,46.570125579833984,13831200
2023-02-15,46.4004696822322,46.92542205837982,46.272435018986336,46.91581726074219,14674200
2023-02-16,46.56692818717603,46.73017682059202,46.15081176144084,46.17961883544922,16312200
2023-02-17,46.44849296179108,46.954239517761636,46.27564319762526,46.87421417236328,24770700
2023-02-21,45.734687907499065,47.48238774118357,45.501018745158724,47.159095764160156,54393900
2023-02-22,46.97984233035859,47.2359153621848,45.6962755714877,46.170013427734375,29844000
2023-02-23,46.21162255226977,46.21162255226977,45.040086159496624,45.481815338134766,22021200
2023-02-24,45.08169991665442,45.68987565160966,44.662378270032974,45.603450775146484,20623500
2023-02-27,45.680273203259766,45.801908356510374,45.024084428313564,45.27375793457031,16647300
2023-02-28,45.132917412435546,45.66106784101334,45.11691307600336,45.49462127685547,18054000
2023-03-01,45.152115482463785,45.22253601575999,44.611162411615695,44.86083221435547,14180100
2023-03-02,44.7616005115814,45.04968215393229,44.65276812224929,44.97285842895508,14785500
2023-03-03,45.145727733694386,45.19374075105741,44.73921239159896,45.02729415893555,16888800
2023-03-06,44.97286864539262,45.12651246709332,44.819224823691926,45.02088165283203,16720800
2023-03-07,45.19052688812429,45.350570222933364,44.42550582773983,44.572750091552734,17387400
2023-03-08,44.3518913412426,44.467123285282966,43.942170843135,44.204647064208984,19090800
2023-03-09,44.43831516248367,44.486328166100115,43.826937860997326,43.906959533691406,15415800
2023-03-10,43.8589494344756,44.2622667505082,43.56126659444623,43.84294509887695,20065200
2023-03-13,43.750118845399996,44.33268542827277,43.718110175548624,43.97098159790039,28142100
2023-03-14,44.073410785250715,44.25906326819282,43.85254803285775,44.204647064208984,25542600
2023-03-15,43.81733667154793,44.75200226219818,43.75971886938476,44.69758605957031,33133500
2023-03-16,44.813295744215644,44.88400491738937,44.31512048808669,44.44368362426758,28905600
2023-03-17,44.414749496359704,44.83257504130507,44.22191033238918,44.80364990234375,43081200
2023-03-20,45.02863259406865,45.613586885579736,44.93542405563547,45.2857551574707,33928500
2023-03-21,45.44324296533633,45.44324296533633,44.845429792971174,45.1314811706543,19013400
2023-03-22,45.20218805875831,45.388601446213954,44.82293184083539,44.84221649169922,18548400
2023-03-23,45.06077680206907,45.51395697298677,44.832579355605326,45.205406188964844,22044300
2023-03-24,45.321115775605655,45.79036589562249,45.18934159374119,45.57502365112305,22752300
2023-03-27,45.89320646184255,46.59707967283232,45.88999174030828,46.33674240112305,26775600
2023-03-28,46.169608747660554,46.41387608332388,45.976769598825186,46.15675354003906,21282900
2023-03-29,46.40103603505058,46.59066420256087,46.10534409412691,46.356040954589844,24216900
2023-03-30,46.76420842466465,47.117754230116255,46.609934894514254,46.81884765625,21879000
2023-03-31,47.111327311458254,47.70913681305268,47.07597272901866,47.39094924926758,20868000
2023-04-03,47.48094643814316,47.8730616249085,47.40702621875191,47.789493560791016,19766700
2023-04-04,47.738073433018315,47.82164150482541,47.2527570054397,47.32025146484375,18113700
2023-04-05,47.300954139073255,48.17195611124826,47.29130997421453,48.104461669921875,26540700
2023-04-06,47.824846854672394,48.544793799545815,47.73485670496349,48.467655181884766,17891700
2023-04-10,48.326237071708015,48.570504457935705,48.13660892689596,48.374446868896484,14519100
2023-04-11,48.53193517620212,48.53193517620212,48.08839915674402,48.2330322265625,18370500
2023-04-12,48.14303470055562,48.522290961264105,47.94376240459592,47.9984016418457,11209800
2023-04-13,48.09803643831702,48.21052963582542,47.632004751464116,48.04661560058594,13272600
2023-04-14,47.89876540661834,48.175172625448035,47.61592874431025,47.72199249267578,10464900
2023-04-17,47.77341487618009,48.10446131530361,47.72841980835126,48.056251525878906,16166700
2023-04-18,48.139815995606035,48.31980362363416,48.030537530148166,48.162315368652344,13482300
2023-04-19,48.48051202423791,48.66371440826468,48.13661031162679,48.213748931884766,12433500
2023-04-20,48.27801432601505,48.65727051391997,48.08196046773062,48.522281646728516,13641600
2023-04-21,48.840475994396265,48.949754463197934,48.58978287429813,48.76655578613281,25335000
2023-04-24,48.76013059961108,49.15867152737229,48.76013059961108,49.09760284423828,13579500
2023-04-25,49.26795198320764,49.41579609674708,48.637998863723304,48.71513748168945,17246700
2023-04-26,48.52550917266844,48.6637127975798,48.281241787498814,48.50300979614258,12910200
2023-04-27,48.46122133002543,48.834051817857784,48.46122133002543,48.6540641784668,12861000
2023-04-28,48.62513065774779,48.90796359896541,48.2683738404317,48.522281646728516,14088600
2023-05-01,48.544792182282094,49.02689749208716,48.50943759672724,48.721561431884766,11409600
2023-05-02,48.682991253006506,48.68941701821586,48.03696828559037,48.58978271484375,11329500
2023-05-03,48.71191145494694,48.885469626921164,48.29730067502753,48.409793853759766,12334500
2023-05-04,48.57111512388038,48.71307067886622,48.22913397206474,48.54530334472656,14011200
2023-05-05,48.4904544733425,49.0421420001589,48.33882181524113,48.96471405029297,14556000
2023-05-08,48.80340775343557,49.345418250620135,48.73565690280556,49.27121353149414,14926200
2023-05-09,49.271209272495916,49.41961869791942,49.14861162668073,49.3550910949707,15209700
2023-05-10,49.58415109022603,49.79708440790807,48.79049524159417,49.21635818481445,15827700
2023-05-11,49.21636260998052,49.448653858532616,49.03892185476848,49.40026092529297,11926800
2023-05-12,49.55511531728327,49.70674796901754,49.267977297721686,49.384124755859375,16119300
2023-05-15,49.52285467799859,49.63577151334698,48.83888872202781,49.00020217895508,16113900
2023-05-16,48.667900956596164,48.88728446461204,48.25494202755732,48.32269287109375,15512100
2023-05-17,48.76146047424213,48.764683715802946,47.97748173048603,48.242034912109375,26985900
2023-05-18,48.974386696417916,49.777723294413995,48.37753322758321,48.867923736572266,46768500
2023-05-19,48.845341385900596,48.86469929562639,48.10653234339442,48.36463165283203,27594000
2023-05-22,48.29688228208294,48.41947991930819,47.84198062006672,47.93876647949219,16117800
2023-05-23,47.751648703733125,48.02587901922009,47.45161030055391,47.84843826293945,16302300
2023-05-24,47.91295848944359,47.9226355985479,47.19995750872617,47.62904739379883,20515200
2023-05-25,47.38707266488007,47.56774400905313,46.809577134475916,47.15478515625,21299100
2023-05-26,47.00638292762928,47.36772197892255,46.932181910801944,47.23867416381836,15720900
2023-05-30,47.19995984396603,47.51935984236885,46.974122468205344,47.12253189086914,15742500
2023-05-31,46.916048310212574,47.52580958846935,46.783773558289624,47.38385772705078,30130800
2023-06-01,47.170927777154205,47.716161493318936,47.08381901687498,47.558074951171875,20239200
2023-06-02,47.49677134922295,48.074266941690986,47.458055529576,48.012969970703125,19178100
2023-06-05,48.190414912414845,48.79694922213139,48.190414912414845,48.32914352416992,15553200
2023-06-06,48.296884784100854,48.45496762425649,47.912960875965034,48.32269287109375,15015600
2023-06-07,48.15170078277588,48.50981290052587,48.083949941367614,48.39366912841797,24256500
2023-06-08,48.51949277005566,49.17764695293273,48.325917358831134,49.0937614440918,18873000
2023-06-09,49.090537036202484,49.5938316165715,48.90986567211359,49.39057540893555,15603900
2023-06-12,49.50026660963469,49.78095075107553,49.41638479898259,49.716426849365234,14713500
2023-06-13,49.85193121459706,50.1713274990431,49.706748735757344,50.10357666015625,15738900
2023-06-14,50.300376815718586,50.75850169171863,50.203587269983615,50.6100959777832,21103200
2023-06-15,50.65203981003862,51.04886775458297,50.64558963447764,50.88755798339844,18160500
2023-06-16,51.000470999154,51.023055842283995,50.0971215796788,50.17778015136719,34675800
2023-06-20,49.91000394513772,50.15197229482926,49.64545075055079,49.73578643798828,19994400
2023-06-21,49.751918172488004,50.11648416950618,49.47768786428242,49.832576751708984,19251000
2023-06-22,50.00033421817528,50.35522306176974,49.83902077180112,50.248756408691406,13307400
2023-06-23,50.29070647301207,50.42298493099986,50.0132492044474,50.15520477294922,18975000
2023-06-26,50.21649806377529,50.25844082125703,49.78740814773164,50.022926330566406,14106300
2023-06-27,49.73256103682117,50.281025353930595,49.70352601544944,49.842254638671875,12093600
2023-06-28,49.919679150637265,50.22617137464981,49.89064044127165,50.11325454711914,18889800
2023-06-29,49.848710330503984,49.926138287709634,49.40671266511086,49.774505615234375,21530400
2023-06-30,49.99711252214111,50.82303036518069,49.93581554754101,50.710113525390625,19073100
2023-07-03,50.590744376296136,51.11662015380509,50.43588477595591,51.03919219970703,8647500
2023-07-05,51.02628951685832,51.3360087257986,50.76173630800108,51.01015853881836,17585400
2023-07-06,50.95207605160401,51.03273092795139,50.61009494531883,50.687522888183594,14427000
2023-07-07,50.268112589927085,50.42297216395211,49.50671876126816,49.519622802734375,19774800
2023-07-10,49.864835073789116,50.168100380820114,49.787403434121074,49.968074798583984,12967800
2023-07-11,49.93259094580703,50.17133237194315,49.63900271806792,49.89387512207031,11460900
2023-07-12,50.106800210278024,50.29392173800326,49.948713699502555,50.019691467285156,16509900
2023-07-13,50.14551748829902,50.20036428246895,49.58414919662798,49.726104736328125,11859600
2023-07-14,49.722884840238926,49.90032928997851,49.54866732452082,49.89710235595703,10427400
2023-07-17,49.81321443557655,50.000335972334945,49.62609289881815,49.958396911621094,10135200
2023-07-18,49.90032683471013,50.21972313638179,49.639000573991126,49.868064880371094,13437300
2023-07-19,49.9422672776637,50.07131879072765,49.60351305560502,49.88419723510742,12372900
2023-07-20,49.98420910492181,50.82948486951255,49.974528303246444,50.80690002441406,14987700
2023-07-21,50.94240735911454,51.22631849876685,50.79400161293366,51.09404373168945,16960500
2023-07-24,51.11984319569678,51.45214721658825,50.83270886238891,51.394073486328125,12529800
2023-07-25,51.768320543363735,51.78445151983331,51.06499667757253,51.352134704589844,15553800
2023-07-26,51.37472004940534,51.842522063727834,51.27793049750037,51.53602981567383,15094200
2023-07-27,51.64572260500959,51.82639027884146,51.33922666959166,51.348907470703125,13400400
2023-07-28,51.390851942361934,51.92318156482745,51.390851942361934,51.590877532958984,11020200
2023-07-31,51.60701094827323,51.826394459962174,51.268256724919404,51.57474899291992,13033200
2023-08-01,51.60377846550968,51.76509191707478,51.28438218814039,51.3327751159668,11782500
2023-08-02,51.145645229860634,51.75862959987522,51.145645229860634,51.368255615234375,12660000
2023-08-03,51.303744227849016,51.458603824646566,51.139203829420616,51.38117218017578,13202700
2023-08-04,51.54248299183766,51.70056951437545,50.9617567646288,51.084354400634766,14262000
2023-08-07,51.45859978522263,52.010287286266234,51.33277521890666,51.77799606323242,14268900
2023-08-08,51.939317783830035,52.14257032875248,51.46183121939599,51.82962417602539,11017500
2023-08-09,51.91350173950195,52.2974256431443,51.848977830630844,51.91350173950195,13209600
2023-08-10,52.05920208771548,52.370022318279155,51.813135145535206,51.88759994506836,15169500
2023-08-11,51.981499840315394,52.39592685157548,51.8358049283835,52.191951751708984,14195100
2023-08-14,52.45096503379262,52.703505086970075,51.53793105043473,51.80342102050781,20813700
2023-08-15,51.65447854743534,52.059193947084104,51.45373819745986,51.53792190551758,14559300
2023-08-16,51.764568011403995,52.11748011306016,51.27567622326568,51.5638313293457,26980800
2023-08-17,52.09480878361068,52.17251568695241,50.19103411496753,50.407962799072266,53614200
2023-08-18,50.28492864025705,51.696569448838936,50.28492864025705,51.133209228515625,27954900
2023-08-21,51.0360764616052,51.427841974124796,50.84505501840508,50.99722671508789,15679200
2023-08-22,50.82239249105734,50.93247604166895,50.586040773574574,50.83534240722656,16670700
2023-08-23,50.70583287250227,51.2853814188596,50.67345252606711,51.18825149536133,14210400
2023-08-24,51.19796292015267,51.55411338292337,50.77382447526191,50.796485900878906,14033100
2023-08-25,50.89037794575645,51.16882148825166,50.68316449136641,51.097591400146484,12267000
2023-08-28,51.11054872669567,51.42460735878774,51.11054872669567,51.38899230957031,11871000
2023-08-29,51.47964453169745,51.87788314307152,51.43431797550565,51.819602966308594,12702300
2023-08-30,51.93293486967143,52.22108999304141,51.7775247404489,52.191951751708984,10967700
2023-08-31,52.16604555053283,52.77149766999415,52.11423847517737,52.64846420288086,19582800
2023-09-01,52.732640804743895,52.7617790406357,51.85197986498141,52.311737060546875,12553500
2023-09-05,52.402395385358716,52.70997718945308,51.86169657162001,51.89083480834961,15209400
2023-09-06,51.9329264695844,52.506001923136324,51.774277960259525,52.279361724853516,14594700
2023-09-07,52.450968610342024,52.93014891558024,52.285846969172276,52.92691421508789,19120800
2023-09-08,52.93013737249801,53.053170827738356,52.79739240735901,53.02403259277344,12667200
2023-09-11,53.098503990752434,53.25391409450946,52.98842044444861,53.20858383178711,11912100
2023-09-12,53.260391780285765,53.39961357512098,53.11145847418575,53.266868591308594,11757300
2023-09-13,53.39961073449172,53.69748103611578,53.21830079346138,53.279815673828125,14364300
2023-09-14,53.42227799413633,53.66186812500519,53.23125282948098,53.50321960449219,14923800
2023-09-15,53.490269636500805,53.635968240270785,53.024039291814034,53.305721282958984,63925200
2023-09-18,53.31866703130283,53.4870270496273,52.85567512827598,52.91071319580078,12997800
2023-09-19,52.89776611328125,53.02727639180722,52.564284463983796,52.89776611328125,14019600
2023-09-20,52.968994308657145,53.32837948286263,52.76178083467172,53.06936264038086,10120800
2023-09-21,53.18268395479498,53.2603871539722,52.382968305335375,52.42505645751953,18782400
2023-09-22,52.52542419987848,52.849194296312014,52.42505217229482,52.56427764892578,13215000
2023-09-25,52.57075740576277,52.81034752975686,52.408874189696114,52.79739761352539,10459500
2023-09-26,52.755310505822,52.949574087868484,52.56428903471204,52.61285400390625,14435700
2023-09-27,52.45095878945114,52.52542728695706,51.89731007642846,52.36030197143555,15711000
2023-09-28,52.45096424252913,52.71969631935896,52.318219259495145,52.62580108642578,11617200
2023-09-29,52.78444479485639,52.816821436289445,51.54116027326652,51.78075408935547,18842400
2023-10-02,51.638298195416,51.89083824274836,51.256247866316436,51.83580017089844,12992700
2023-10-03,51.70305263684896,52.046249518546084,51.37604407757513,51.5087890625,11253300
2023-10-04,51.69010134657335,52.143381772920904,51.48288786084526,52.127193450927734,15755700
2023-10-05,51.9491232671397,52.11424490861808,51.479654473040526,51.505558013916016,14269500
2023-10-06,51.36632999905876,51.476413558191794,49.099931462157336,50.641082763671875,42616200
2023-10-09,50.210460789986634,50.45976611514175,49.621197026228266,50.45652770996094,21022500
2023-10-10,50.582798211981654,51.181773469871686,50.398246174339846,51.026363372802734,16014300
2023-10-11,51.24005426569113,51.63829287582784,50.84505406068714,51.23033905029297,12026100
2023-10-12,51.32747943825756,51.58001949283615,51.08141248952795,51.463462829589844,13514100
2023-10-13,51.56382670546028,51.952353822998575,51.44727005230647,51.74837875366211,13809000
2023-10-16,51.978265504478436,52.47687628355326,51.907035393182035,52.195194244384766,14348100
2023-10-17,52.043016364393594,52.35707131084328,51.92969439879446,52.263179779052734,10893000
2023-10-18,52.4121123237869,52.56752244455477,52.036538791581926,52.302032470703125,10559100
2023-10-19,52.26640938890877,52.39267754525841,51.874643888962744,52.05271911621094,11745900
2023-10-20,52.07214847940556,52.1595668949133,51.385751071089835,51.401939392089844,15056700
2023-10-23,51.3922274346315,52.24050804556973,51.1623488321076,52.13042449951172,17097000
2023-10-24,52.25669953443854,52.930143356708726,52.25346112901654,52.85567855834961,17535000
2023-10-25,52.82653568621799,53.205351303276046,52.60313388452896,52.69702911376953,16621800
2023-10-26,52.6808424858512,53.049942898680264,52.32469198962946,52.376495361328125,16220100
2023-10-27,52.28260776852385,52.4412563010271,51.98149902681199,52.18223571777344,13829700
2023-10-30,52.27613182099162,52.85891887976904,52.05920680315072,52.78121566772461,12653700
2023-10-31,52.77473346125368,52.97547384028133,52.434774995931,52.9074821472168,14168400
2023-11-01,53.166493898600315,53.545305782239346,52.768255289483776,53.380184173583984,14899500
2023-11-02,53.22154058838659,53.80756973698663,52.978712038474455,53.590641021728516,15492300
2023-11-03,53.70719123001938,53.84317831404446,53.26038764117309,53.312191009521484,17240100
2023-11-06,53.26038938454914,53.626251380223465,53.12116759597634,53.3834228515625,14529000
2023-11-07,53.67158203078996,53.94354879915995,53.52912183582689,53.632728576660156,15023400
2023-11-08,53.69424372888468,53.836703924566514,52.962523433851246,53.19563674926758,15591900
2023-11-09,53.218303739228936,53.26686870619655,52.85568013182686,53.07260513305664,15080100
2023-11-10,53.27657647213303,53.888505387660764,53.066124591465375,53.80756378173828,14319900
2023-11-13,53.869081870328465,54.351504245119585,53.762236720984184,54.28998565673828,15408900
2023-11-14,54.448637184522184,54.76593053932204,54.150766853157926,54.2802734375,19792500
2023-11-15,54.51662164302933,55.02170540648595,54.234939672112716,54.96990203857422,35769900
2023-11-16,51.39871251938952,51.62535275317292,50.34645296779884,50.52128982543945,97658700
2023-11-17,50.49214947350737,51.00694480766796,50.1878023355977,50.29788589477539,42487800
2023-11-20,50.35939941065257,50.511571111637615,50.18779727795589,50.28169250488281,26663100
2023-11-21,50.33349098926189,50.78353294324346,49.902875759837585,50.4630012512207,29382300
2023-11-22,50.4176752728365,50.52452041433863,49.98382160160517,50.07771682739258,26416500
2023-11-24,50.2331314523768,50.550424794922066,50.087432845349554,50.52776336669922,13975200
2023-11-27,50.49214716962776,50.94866600302721,50.49214716962776,50.75764083862305,23393700
2023-11-28,50.722023358974255,51.45374363216513,50.722023358974255,51.36309051513672,23535000
2023-11-29,51.405182852864755,51.405182852864755,50.38206530291337,50.53424072265625,29896500
2023-11-30,50.51480793853259,50.62165307799292,50.02591250327,50.407962799072266,29925900
2023-12-01,50.30759868786893,50.38206719775493,49.41722979600975,49.97087860107422,39273600
2023-12-04,49.64061927550338,50.16189130453332,49.637380870614614,49.957916259765625,24883200
2023-12-05,50.006482967771824,50.45976333107964,49.77660438111578,50.4209098815918,21883800
2023-12-06,50.36263673534796,50.45329356171425,49.74747308877762,49.87374496459961,26447400
2023-12-07,50.159718636357816,50.22146198699958,49.47077188518109,49.54551696777344,25362600
2023-12-08,49.3960297266607,49.46427394217946,48.82407625805874,49.02555847167969,34069500
2023-12-11,49.116558585307445,49.21729970562743,48.5966008168514,49.14905548095703,31883400
2023-12-12,49.14255069090417,49.29853800898769,48.820828474432986,49.18804931640625,21381900
2023-12-13,49.24978811869614,50.06222152709961,48.95406195638196,50.06222152709961,35348700
2023-12-14,49.8899903659369,50.026478804320014,49.37328307233483,49.45127487182617,30891300
2023-12-15,49.324534327163256,49.87048804300036,49.246538814026096,49.63650894165039,70003500
2023-12-18,49.834743596632066,50.39369531554099,49.76324523144344,50.36119842529297,26316000
2023-12-19,50.31895086886602,50.59517813806027,50.07522048792632,50.543182373046875,24417000
2023-12-20,50.507433777799754,50.74141285494123,49.92248236591569,49.95172882080078,21967800
2023-12-21,50.04597133442328,50.39044653881743,50.01672487820351,50.30595016479492,20087700
2023-12-22,50.51718776123063,51.06964235572292,50.42294751952805,50.90715789794922,19405500
2023-12-26,50.90716193349248,51.0176543487623,50.731675729960955,50.829166412353516,11679900
2023-12-27,50.79665944448903,51.32961881582847,50.74791411295968,51.30686950683594,19896000
2023-12-28,51.27113239915829,51.45311946928731,51.183389297315934,51.206138610839844,16776000
2023-12-29,51.19313038765119,51.371867001897705,51.07289040689371,51.23212814331055,21948300
2024-01-02,51.10213639720601,51.84632553143157,51.08263752097355,51.76508331298828,23539800
2024-01-03,51.92107402243132,52.09330976828974,51.648093456233475,51.768333435058594,18756000
2024-01-04,51.73909571642107,51.84633770135741,51.18014019665435,51.26788330078125,19282500
2024-01-05,51.31987165118176,51.37836828514629,50.5659348704693,50.92665481567383,21709500
2024-01-08,50.92340712911412,51.44011440705916,50.91690626309057,51.42711639404297,20680800
2024-01-09,51.323128097342845,51.781342486175404,51.25813430912099,51.77159118652344,23322300
2024-01-10,51.85284062089664,52.4832871032166,51.85284062089664,52.415042877197266,20121900
2024-01-11,52.43453629379457,52.61002249070608,52.051067007066614,52.356544494628906,14355300
2024-01-12,52.44103787538507,52.49628408168954,52.11931193698134,52.42478942871094,13629000
2024-01-16,52.4637781050917,52.77575271217411,52.39553389223183,52.590518951416016,17032500
2024-01-17,52.44428512055361,52.64252063482265,52.20055469894251,52.343544006347656,14827800
2024-01-18,52.37279908051856,53.09748954673178,52.2168117448705,53.048744201660156,18190500
2024-01-19,53.11048918082451,53.15598781283698,52.463790503203285,52.76926803588867,19175400
2024-01-22,52.90249809982536,52.95449387213592,52.483281488253155,52.77251052856445,13938300
2024-01-23,52.684761567293556,52.92199108986306,52.57101873606722,52.90574264526367,12066600
2024-01-24,52.938246537562435,52.99349274412102,52.09981329680886,52.15830993652344,22932900
2024-01-25,52.450781212928376,52.928494432179235,52.13230573342781,52.91874313354492,16369500
2024-01-26,52.98698619997483,53.41920078763043,52.8602490727204,53.38345718383789,15746400
2024-01-29,53.40945074498647,53.7539222261008,53.139724338879,53.63368225097656,18240300
2024-01-30,53.523202191162504,53.88392217461182,53.172229788225394,53.81242752075195,15270000
2024-01-31,54.53062047666168,54.53062047666168,53.65643990725864,53.701934814453125,26134800
2024-02-01,53.84816935640723,54.70935182905478,53.6791840385335,54.69635009765625,20792700
2024-02-02,54.64435871000079,55.43404659938868,54.56961362458978,55.1058235168457,21670800
2024-02-05,55.24880851110059,55.24880851110059,54.618362098612906,54.810096740722656,19145100
2024-02-06,54.85234148867368,55.229313627663664,54.70610547082472,55.183815002441406,14181300
2024-02-07,55.33330404699262,55.4600411827445,54.985582093869525,55.04407501220703,17082600
2024-02-08,55.04407541885267,55.424294266979054,54.96608362081618,55.040828704833984,14427900
2024-02-09,55.04732493108729,55.15781733874089,54.89458805158793,55.01157760620117,14329800
2024-02-12,54.995333746226336,55.36255460566432,54.93683710452633,55.343055725097656,14795100
2024-02-13,55.44703963619006,55.59327936077622,54.68335156119718,54.96607971191406,18574200
2024-02-14,54.839341345690784,54.88158581714977,54.446124494574434,54.79059600830078,18484500
2024-02-15,55.18056261978433,55.19681478466879,54.58586355109337,55.014827728271484,16948800
2024-02-16,55.339799516666105,55.872758945786444,55.014826885541346,55.362548828125,22373400
2024-02-20,58.00133738681487,58.93401456547892,56.945173504239655,57.149906158447266,71788500
2024-02-21,56.870427025854255,57.05891494821886,56.15548425115219,56.44796371459961,40501500
2024-02-22,56.50645761746287,57.02316861794145,56.32122384387602,57.00366973876953,29512800
2024-02-23,57.224645871267015,57.73160552864627,56.971167902092695,57.05241012573242,74365800
2024-02-26,57.63736945449618,58.33931426361513,56.72094440183731,58.10533142089844,32154800
2024-02-27,58.14432257530075,58.30030987971281,57.73485729585558,58.095577239990234,18012700
2024-02-28,58.05658030971446,58.26131295234842,57.82260120928445,58.12482452392578,14803300
2024-02-29,57.95909008816768,57.99808784488602,57.120656913877156,57.14015579223633,29245100
2024-03-01,57.325393786206,57.37413912618381,56.74044226841013,57.28639602661133,19030900
2024-03-04,57.03291440494678,57.90059404614805,56.93542373118313,57.81285095214844,16033300
2024-03-05,58.36855932536512,58.826773700227825,58.0858348676072,58.534297943115234,19676900
2024-03-06,58.61229081393675,59.09975165770975,58.53429901282924,59.05100631713867,12698700
2024-03-07,59.470216922037345,59.538461135736895,58.83651640164925,58.84626770019531,16195300
2024-03-08,58.495296063215854,58.768272921421016,58.23206678464769,58.61228561401367,12143600
2024-03-11,58.59279069659735,59.18749350848704,58.3685591594806,59.13874816894531,14154000
2024-03-12,59.421474833899005,60.025925210714036,59.12899908505502,59.869937896728516,16613100
2024-03-13,59.72369951520679,59.91868459186177,59.35323196049644,59.74319839477539,15935200
2024-03-14,59.94667452477127,60.10319311106189,59.28146960011174,59.69233322143555,16584700
2024-03-15,59.3597297668457,59.81950473900643,59.14451531490708,59.3597297668457,50946300
2024-03-18,59.369501679138104,59.57493532153409,59.076029845039756,59.535804748535156,16801700
2024-03-19,59.64341206499634,59.74123476597162,59.28145986165476,59.54558563232422,12353600
2024-03-20,59.51624119578414,59.9466663162205,59.418418492133995,59.917320251464844,12007600
2024-03-21,59.94667298148649,60.31840601374327,59.721677752717156,60.11297607421875,14265900
2024-03-22,59.98579525010666,60.19122516117285,59.526020345789796,59.54558563232422,14029400
2024-03-25,59.54559284183461,59.66298457525441,59.04669103574097,59.25212097167969,14186600
2024-03-26,59.14450905762596,59.50646127608353,58.91951385062901,59.19342041015625,13738300
2024-03-27,59.545591181837416,59.721675045361,59.0662546780099,59.39885711669922,14363400
2024-03-28,59.34016100378637,59.4477682234566,58.85103999197418,58.86082077026367,17535100
2024-04-01,58.997779235841634,59.43798517191632,58.62604621286785,58.694522857666016,13837600
2024-04-02,58.59670353341952,58.792348968898736,57.59889613934612,57.872802734375,19510100
2024-04-03,58.08800957649722,58.20539756873548,57.65758071879529,58.13692092895508,14615100
2024-04-04,58.24452913488152,58.50865492068658,57.99996863673206,58.20539855957031,14436100
2024-04-05,58.2543186319789,58.73365892204299,58.19562649192449,58.54779052734375,10335900
2024-04-08,58.30322140969708,58.733650275785976,58.127137552060184,58.479305267333984,11070100
2024-04-09,58.56735120499221,58.665177650207134,58.009753528207725,58.48909378051758,10013500
2024-04-10,58.32279095362404,59.43798631224333,58.09779572615676,59.30103302001953,15097600
2024-04-11,59.428205686774696,59.56515897935165,58.76300078137459,58.78256607055664,10987600
2024-04-12,58.69452101889335,59.39885646526315,58.6456096643837,58.83147430419922,12280600
2024-04-15,59.19342366465165,59.379292038861735,58.60647993862355,58.62604522705078,10557200
2024-04-16,58.72387430622501,58.978219351666084,58.4793137719073,58.53800964355469,14726300
2024-04-17,58.84125953375993,59.11516610772161,58.2738773657568,58.35213851928711,15329700
2024-04-18,58.52821672269702,58.63582020084893,57.93148854567894,57.97061538696289,12061500
2024-04-19,58.156487606171304,58.371698308468645,57.68693189429927,58.234745025634766,14165800
2024-04-22,58.264095874832435,59.08581931836483,57.75540957819837,58.83147430419922,14910000
2024-04-23,58.93908577607269,59.03690849215069,57.285857991491014,57.804325103759766,17963900
2024-04-24,57.69671744064187,58.73365538903347,57.53041807822766,58.567352294921875,18529100
2024-04-25,58.74342955417969,59.212985251992194,58.52821885832623,58.89994812011719,19263000
2024-04-26,58.80213234324736,59.07603893298257,58.694525116794985,58.851043701171875,11045200
2024-04-29,58.870606349681466,59.07603628276706,58.63582661779991,58.92930221557617,9785100
2024-04-30,58.89016650152798,58.987989204455836,57.87279397161181,58.058658599853516,14209200
2024-05-01,58.01953610071651,58.11735881096683,57.44237315416637,57.569541931152344,15464300
2024-05-02,57.65757710001633,58.586907665175765,57.30541314540452,58.410823822021484,17574100
2024-05-03,58.32278728457437,58.67495500339367,57.85323157004766,58.518436431884766,14207400
2024-05-06,58.694524810219285,58.694524810219285,58.097796544243806,58.567352294921875,11119400
2024-05-07,58.860823343802096,59.47711689050651,58.743435340709894,59.30103302001953,14520200
2024-05-08,59.31081681694689,59.526027531410804,58.909737723817464,58.98799514770508,11015700
2024-05-09,59.094008840196274,59.467028544413786,58.84860182985045,59.32959747314453,14550500
2024-05-10,59.30015230060656,59.46703102179301,59.05474528003715,59.368865966796875,12356600
2024-05-13,59.506292821868634,60.22288086682976,59.18235750451461,59.30015182495117,19260500
2024-05-14,59.40813596350938,59.43758360967144,58.3479757663046,58.76026153564453,18780100
2024-05-15,58.73081588745117,58.83879184192338,58.37742914302768,58.73081588745117,22240600
2024-05-16,63.040159715897495,63.236482346234276,61.78367316298008,62.83401870727539,60545600
2024-05-17,63.0597749028413,63.68801616671512,62.46098502263321,63.46224594116211,29330400
2024-05-20,63.23648128947296,63.570238742541925,62.696586575840854,63.000892639160156,15001400
2024-05-21,63.34446326039772,63.992341433605255,63.2659312110583,63.95307540893555,17131700
2024-05-22,63.78619510139574,64.48315013039472,63.54078808459774,64.05123138427734,14879400
2024-05-23,63.972704650435844,64.31627300461943,63.37391088061798,63.648765563964844,16222900
2024-05-24,63.93342601903942,64.48314276656544,63.815635457533595,64.1788330078125,11795000
2024-05-28,64.02178995695509,64.26719699758173,63.550605143691385,63.845096588134766,13349600
2024-05-29,63.56041613635792,64.01196413993206,63.46225482935966,63.727291107177734,11538600
2024-05-30,63.73710384676139,63.97269246056369,63.58003977807519,63.697837829589844,13051900
2024-05-31,63.48188612265301,64.68929195605591,62.98126119420382,64.55186462402344,27632200
2024-06-03,64.30645363102867,64.63038518553294,63.96288532217417,64.61075592041016,11578700
2024-06-04,64.77763298654723,65.41569271752347,64.62057639279038,65.37642669677734,14780800
2024-06-05,65.34697101713554,65.91631701409463,65.062298018656,65.85741424560547,14982700
2024-06-06,65.8279856259225,66.20100914030161,65.5433125451912,65.91633605957031,13256000
2024-06-07,66.16173371326641,66.3286086885019,64.43406620531614,64.6696548461914,20213200
2024-06-10,65.95559802200225,66.09302536433685,65.05249442908111,65.72982025146484,21659500
2024-06-11,65.719987806276,65.72980618269223,65.13101253815901,65.50403594970703,13367500
2024-06-12,65.62183112397861,65.71018153948327,64.6892875079907,65.09175109863281,11704700
2024-06-13,65.08194126690901,65.53348926118453,64.73836546564878,65.4745864868164,11196600
2024-06-14,65.31753425681934,65.8770619706876,65.08194561130323,65.78871154785156,12590100
2024-06-17,65.69054433462263,66.20099509148083,65.189919444031,66.18135833740234,12103000
2024-06-18,66.38750275816165,66.62309888394142,66.06357119136294,66.3580551147461,12093500
2024-06-20,66.11265042957767,66.87831914226467,66.06357351856552,66.76052856445312,13860800
2024-06-21,67.00592944753582,67.29060246654284,66.58382910752229,66.66236114501953,25883000
2024-06-24,66.79978823211522,67.77159785275185,66.65254253463033,67.63417053222656,12470400
2024-06-25,65.93595133601248,66.34823330093289,65.32734676567114,66.18135833740234,20869200
2024-06-26,66.16173670523858,67.33968745211217,65.97522496611279,67.03538513183594,14177500
2024-06-27,67.03537511614073,67.32004812676855,66.42676307729225,66.63290405273438,12899200
2024-06-28,66.62309036993375,66.84886060008606,66.08319201221863,66.46602630615234,18816700
2024-07-01,66.64273617918835,66.98630454247703,66.01449474653802,66.24027252197266,8666000
2024-07-02,66.20100445538002,66.8292458686624,66.02431108981756,66.81942749023438,9436500
2024-07-03,66.56419723644458,66.9961159851361,66.37769299524149,66.98629760742188,6287500
2024-07-05,66.90776925739098,68.86120691493339,66.84886648367535,68.75322723388672,21586100
2024-07-08,68.61580067308694,68.85138930288518,68.07590226185397,68.39984130859375,12077700
2024-07-09,68.61580657958984,68.9593749212093,68.39002881839525,68.61580657958984,9758400
2024-07-10,68.81212241235717,69.14587983214014,68.43910646246081,69.1164321899414,10803400
2024-07-11,68.89065511364032,69.15569138520553,67.98755912779836,68.51763916015625,15624800
2024-07-12,68.61580415171578,68.74341310573685,67.89921235949807,67.96792602539062,12145300
2024-07-15,68.02683626980321,68.68452535685664,68.02683626980321,68.33113861083984,10171100
2024-07-16,68.53728758412566,68.94956967257639,68.30169888918661,68.70416259765625,9836800
2024-07-17,68.89066938341023,69.79376555631634,68.66489159556917,69.72505187988281,13533800
2024-07-18,69.38147829708254,69.88211075313176,69.13607125832506,69.51890563964844,10682700
2024-07-19,69.89190965200126,70.01952608336791,69.35201875289388,69.45018005371094,11665500
2024-07-22,69.55815982714489,69.95081252018088,68.93973689084156,69.08697509765625,12666100
2024-07-23,69.1753421425743,69.40111244012284,68.82195538280098,69.35203552246094,9263600
2024-07-24,69.22440832549658,69.53852900889177,69.04771497301006,69.30294036865234,22490800
2024-07-25,69.3029429016043,69.46981788248851,68.66488313379207,68.73359680175781,18821200
2024-07-26,68.93974587371152,68.94955676262606,67.56546501362992,68.49800872802734,16789300
2024-07-29,68.56671262331729,68.61579701780639,67.85993928234608,68.3409423828125,10315300
2024-07-30,68.27223282206855,68.56671673899805,67.71270514175217,67.9188461303711,12522500
2024-07-31,67.90903978724376,67.97775346229352,67.03539128051287,67.37895965576172,22908800
2024-08-01,67.64399017151146,68.51763850653735,67.26114835521551,68.50782012939453,17275500
2024-08-02,68.32131838073927,68.94955980347304,66.49548940553535,67.20226287841797,23578700
2024-08-05,66.84887617176527,67.3200609836398,65.68074375450178,66.3482437133789,20770500
2024-08-06,66.5936599889558,67.36914724130709,66.43660335603492,66.49549865722656,14815100
2024-08-07,66.62309470335371,66.76052202348787,65.58256393618875,65.68073272705078,18499200
2024-08-08,65.61201942821474,66.67217958686359,65.44514444654634,66.41696166992188,12489800
2024-08-09,66.60346832175028,66.96667343251143,66.09302498022096,66.70162963867188,13805600
2024-08-12,67.08447180820077,67.9483094715836,66.81943547280878,67.43785858154297,17385300
2024-08-13,67.17280254505016,67.3494958798989,65.90650156017206,66.87831115722656,26557900
2024-08-14,66.67217234211735,67.52619140310068,66.60345868129528,67.3985824584961,22928600
2024-08-15,72.75827353212031,73.07239420755822,71.44288805488009,71.83554077148438,49567500
2024-08-16,71.56777931298264,72.46361072973244,71.39058230255827,72.30609893798828,19872100
2024-08-19,72.24702178064283,72.8278370120043,72.19779747761123,72.57188415527344,13709300
2024-08-20,72.60142992804481,73.58585609656066,72.57189834468143,73.3791275024414,14434000
2024-08-21,74.1272927225865,74.40293084521234,73.42834354090243,74.06822204589844,14832000
2024-08-22,74.19619501219033,75.03295566294953,73.97962007681328,74.40292358398438,16511100
2024-08-23,74.42261601525763,74.62934460709239,73.84180818732794,74.52105712890625,12299100
2024-08-26,74.71795167252476,75.02312139763617,74.39308921707169,74.8459243774414,9508200
2024-08-27,75.25936722645889,75.25936722645889,74.58995722352618,74.94435119628906,11557800
2024-08-28,75.09203147233232,75.23969690865184,74.62934994346669,74.89514923095703,9814300
2024-08-29,74.8065396028326,75.27906745043589,74.49152354128886,75.22984313964844,11856800
2024-08-30,75.24953935753999,76.263497117946,75.03296439695313,76.02723693847656,23230000
2024-09-03,76.12567432226308,76.59819465803841,75.60392967583081,75.9681625366211,22666100
2024-09-04,76.12567348411929,76.27333890388903,75.53501931561557,76.03707122802734,18442800
2024-09-05,76.04692095041082,76.24380317841467,75.20031385095827,75.76143646240234,13082900
2024-09-06,75.70236400626858,76.11582114068443,75.11170988416386,75.4464111328125,14548600
2024-09-09,75.65315418587785,76.26350115157926,75.29876014264168,76.1355209350586,22260200
2024-09-10,76.14535750539181,77.67122096807869,76.0764479786587,77.5826187133789,17686300
2024-09-11,77.1593169833219,77.69090799215728,76.36193422535649,77.61215209960938,19518800
2024-09-12,77.759816613209,78.66549434579201,77.39558375793152,78.41938781738281,14877700
2024-09-13,78.57689822380026,79.43335171332633,78.44892552284496,79.3447494506836,12994100
2024-09-16,79.58100463042743,79.75820163399729,78.89190934464206,79.30536651611328,15346400
2024-09-17,78.51783055980731,79.01004362686376,77.04119135863793,77.37589263916016,21065900
2024-09-18,77.41527634531084,78.17328873089436,77.06088230981807,77.79920196533203,15684900
2024-09-19,77.81888023677354,77.85825066844585,76.28317053144538,76.8246078491211,21525700
2024-09-20,77.01165973928431,78.37016509989994,76.89352589944043,77.82872772216797,39534300
2024-09-23,77.83857751797478,79.18724408432415,77.83857751797478,79.0789566040039,12147300
2024-09-24,79.22661466364615,79.6499181808232,78.99034699551825,79.41365051269531,14651100
2024-09-25,79.63022665763047,80.32916828762019,79.42349807782296,80.13228607177734,14163800
2024-09-26,79.77789877391662,79.93540305770183,78.02562136981761,78.67533874511719,17061100
2024-09-27,78.65563992886447,79.03956547303018,78.36030912077956,78.53750610351562,11899100
2024-09-30,78.64580169305545,79.67945211759591,78.61627011131004,79.4924087524414,18997000
2024-10-01,79.42349520538225,80.26025585831458,79.18723505280045,80.00430297851562,16054200
2024-10-02,79.72867494409601,79.72867494409601,78.87222896643507,79.17739868164062,16618300
2024-10-03,79.04942598087798,79.32506411210568,78.60642968948281,79.17739868164062,11640400
2024-10-04,78.80332745105711,79.84681691417651,78.60643768688027,79.6794662475586,11583400
2024-10-07,79.43333664947951,79.67944315042789,77.7499690842616,77.86809539794922,16791600
2024-10-08,78.38001029587309,78.57689251543617,77.83857292621174,78.4686050415039,15270000
2024-10-09,78.57688874189728,79.24629877106968,78.50797921730195,79.14785766601562,12413000
2024-10-10,79.05925053792457,79.06909690099515,78.2224899307117,78.37015533447266,10812700
2024-10-11,78.45877466196889,78.88207827978802,78.13391968456375,78.85254669189453,9570700
2024-10-14,78.80331350481015,79.25614861641142,78.51782903020985,79.0395736694336,9914500
2024-10-15,79.41365416774569,80.54574572026148,79.25614989231954,80.3783950805664,13276200
2024-10-16,80.26027074648428,80.38825096541133,79.3644467668761,79.9551010131836,11123300
2024-10-17,80.0042976818962,80.23071896645425,79.39395836891897,79.63021850585938,9424700
2024-10-18,79.61055111288479,80.4177803128382,79.40382250795994,80.04369354248047,12324100
2024-10-21,79.96493255077318,80.2799485910957,79.46287315474906,79.55146789550781,9750400
2024-10-22,79.84679856373617,80.94935845800589,79.57116046781245,80.74262237548828,12240100
2024-10-23,80.61465444688237,82.04206931808523,80.52605970106954,81.97315979003906,13058200
2024-10-24,81.66799398196508,82.02238800323018,81.29391474199664,81.74674987792969,11645900
2024-10-25,81.90424736639805,82.00269598347658,81.15608894851111,81.2249984741211,8959400
2024-10-28,81.46125793457031,81.78612034276881,81.18561983448973,81.46125793457031,7990200
2024-10-29,81.38250685827246,81.56955022749128,80.3980807223004,80.4276123046875,9682400
2024-10-30,80.32917274410839,80.55559406440662,80.03384940396025,80.12244415283203,9268800
2024-10-31,80.02399638135296,81.15608786750161,79.95508685666087,80.67371368408203,15539000
2024-11-01,81.24468969226982,81.24468969226982,80.27010989792063,80.90998840332031,12181800
2024-11-04,80.91981756202762,81.61876666040926,80.72293535806708,81.16592407226562,11731000
2024-11-05,81.3923515333844,82.4653723942484,81.22500089628042,82.37677764892578,10612500
2024-11-06,83.81403959501655,84.20781154672457,80.78200533061265,82.14051818847656,19974000
2024-11-07,82.41614049141837,83.0757040654229,82.12080970664753,82.54411315917969,12665800
2024-11-08,82.96743559341186,84.08968081537571,82.91821879173922,83.50887298583984,14396500
2024-11-11,83.6270023347151,84.07984499412089,82.8099343001827,82.89852905273438,10433200
2024-11-12,83.1840075085668,84.19796521496734,83.1840075085668,83.66637420654297,12860200
2024-11-13,83.66636712975223,84.45391096685856,83.44979219901926,84.16842651367188,12802600
2024-11-14,83.70574855362908,84.42438289816663,83.02649215364187,83.15447235107422,15740700
2024-11-15,83.21353482752376,83.459641346006,82.63272704898162,82.93789672851562,17370600
2024-11-18,83.49902684653736,83.52855842973572,82.35709640293888,82.77055358886719,25093800
2024-11-19,84.88707175115964,86.91498725337445,84.57205567789738,85.25130462646484,36340900
2024-11-20,85.25128911961954,85.84194321072687,84.57204029460453,85.82225799560547,18183200
2024-11-21,86.08806474002908,87.2595342745244,85.57616644117158,87.013427734375,18729200
2024-11-22,88.01755159838717,89.4941909227353,87.54502370994233,89.03150939941406,23990600
2024-11-25,89.0905739981369,89.53356279831708,87.67299782063854,88.10614776611328,25078600
2024-11-26,88.49005627662181,90.44906199640161,88.44083197031304,89.887939453125,16657000
2024-11-27,90.56720763570553,90.81331417819386,89.88795117505353,90.4490737915039,14358900
2024-11-29,90.82315755455528,91.19723678302222,90.39000765064328,91.05941772460938,11041200
2024-12-02,91.37443210935058,91.54178274712346,90.51797868159927,91.19723510742188,17173000
2024-12-03,91.33505368123866,92.13243643042168,90.82315540646597,92.0536880493164,17775200
2024-12-04,91.99460840553212,93.04794394468587,91.6008440066733,92.97903442382812,17312600
2024-12-05,93.41220044418081,94.11114213688336,92.87076303616965,93.8158187866211,21932300
2024-12-06,94.05206757277212,94.68209965634901,93.84533899946484,94.2095718383789,18803500
2024-12-09,94.17019959505383,94.44583768749938,92.14227682385136,92.36869812011719,20931100
2024-12-10,92.585286294009,93.75674835443931,92.30964065156724,93.07749938964844,13164500
2024-12-11,93.06764482836009,94.19973635074331,93.02826688290783,93.4811019897461,19682100
2024-12-12,94.18989822594769,94.22927617484451,92.6246566772461,92.6246566772461,14298600
2024-12-13,92.54375409559576,93.41196568168894,91.79393055061537,92.98772430419922,11495900
2024-12-16,93.15545611354261,94.42818038809531,92.83974208997098,93.59943389892578,16742000
2024-12-17,93.86581050833863,94.2111215306302,93.05679288730593,94.14205932617188,23560800
2024-12-18,94.06312409443372,94.61562922884323,91.88272314922496,92.29710388183594,24665600
2024-12-19,93.21466184552229,93.30345289024864,92.10965894989063,92.14912414550781,16606500
2024-12-20,91.76433806285507,92.49442528548816,90.40281530523471,91.00464630126953,49350600
2024-12-23,90.27454560347161,90.27454560347161,87.71923694207564,89.13994598388672,26205400
2024-12-24,89.1596985457272,91.43875885009766,89.13996218578434,91.43875885009766,8992400
2024-12-26,91.30063517653834,91.63607802611693,90.93558778680641,91.54728698730469,10994000
2024-12-27,90.89612554909219,91.11318035397815,89.81085905187854,90.43242645263672,11384400
2024-12-30,89.5148782887149,89.8503211375943,88.92290792233683,89.35701751708984,9790200
2024-12-31,89.35700074051168,89.72204806094588,88.85382903444605,89.13994598388672,11267700
2025-01-02,88.77491075724635,89.38660234587539,88.321064864295,88.79463958740234,14820400
2025-01-03,88.94263394578363,90.0772336465277,88.93276576689993,89.56419372558594,10834600
2025-01-06,89.61353491963096,91.23157014598485,89.4556741525644,90.20549774169922,14519900
2025-01-07,90.47187556604898,90.70866670929146,89.23861658871888,89.59379577636719,11238000
2025-01-08,89.8897800245872,90.61986722409655,89.60366304150027,90.57054138183594,13453600
2025-01-10,91.2512990388561,92.32670481536807,90.96518204376973,91.75447082519531,18140900
2025-01-13,90.8862555892626,91.1921014045293,89.87991205642479,90.30415344238281,18617100
2025-01-14,90.62974325570235,90.74813883637343,89.35701899054826,89.5740737915039,13549200
2025-01-15,89.85031858322556,90.50148295684302,89.59379860023543,90.11669921875,17348200
2025-01-16,90.27455841851432,90.49161320595157,88.91304319806547,90.07723999023438,13267700
2025-01-17,90.83692780054147,91.02438558384932,89.83059173309141,90.70867156982422,15868200
2025-01-21,91.24144169707452,92.97786503567298,91.07371274406485,91.83340454101562,23247500
2025-01-22,92.51416084054306,92.74108382570873,91.28090174711608,91.98139953613281,15567100
2025-01-23,91.71501232719919,92.55362701416016,91.08358426686038,92.55362701416016,14198400
2025-01-24,92.28723617290285,93.7375499263953,92.20830579226842,93.49089813232422,14973800
2025-01-27,94.6156321058318,96.15473693108117,93.55009452194427,96.09554290771484,18880600
2025-01-28,95.92782837228918,96.5296518831939,95.43452473626988,95.98702239990234,14641600
2025-01-29,96.12514403183908,96.8552312843824,95.91795741397745,96.19420623779297,11261400
2025-01-30,96.38166198567168,97.6050528340901,96.11527382032563,97.32880401611328,11012200
2025-01-31,97.6741138757043,97.6741138757043,96.39152149069261,96.84536743164062,16391200
2025-02-03,95.47397258438137,98.45353045475264,95.17799494953866,98.20687866210938,20484200
2025-02-04,98.63112129672186,99.59799212089823,98.35487248981431,99.42040252685547,15201200
2025-02-05,99.30201200654595,101.2061641235027,99.19348461693583,101.0877685546875,15926700
2025-02-06,101.15683543424623,101.64027085664551,100.5747407968779,101.47254943847656,13088500
2025-02-07,101.62054039645547,101.72906778934737,99.75585341271716,99.79531860351562,12451100
2025-02-10,100.58459297663953,101.55147126720925,99.8939710028147,101.5416030883789,15274600
2025-02-11,101.24563357665824,101.47254901742393,100.48594181739605,101.09764099121094,11953600
2025-02-12,100.752323802669,102.50848330674889,100.67339342497178,102.22236633300781,15162100
2025-02-13,102.60715627744821,103.83054718698189,102.14344965530131,103.64309692382812,12604400
2025-02-14,103.88974125533792,103.88974125533792,102.21250449764516,102.64661407470703,14109500
2025-02-18,102.33089692086621,102.59727754490628,101.13710314791744,102.39009094238281,18247300
2025-02-19,102.45916225202772,102.80447328693228,101.17657733277994,102.6071548461914,18508000
2025-02-20,97.45706174635248,98.7791193591679,95.38518805239815,95.90808868408203,55450900
2025-02-21,95.23719031953138,95.55290431749636,92.85947091893603,93.51062774658203,35014800
2025-02-24,92.9186686178179,93.37250703739863,90.8862601459529,92.41549682617188,29755900
2025-02-25,93.08638847586333,96.59871525132228,92.97786108091508,96.38166046142578,29331200
2025-02-26,96.39151657580055,97.40772827403791,94.78334961388568,94.91160583496094,19069700
2025-02-27,94.61564111772593,96.7269801273347,94.52684254700301,95.49372100830078,16431500
2025-02-28,96.48031955060155,97.53598895963306,95.86862037325767,97.28933715820312,25451300
2025-03-03,96.66777322087229,98.1575446186118,95.5331734770619,96.28298950195312,18372200
2025-03-04,94.4775025197377,95.75022664284093,93.1949102175426,93.69808197021484,25227700
2025-03-05,93.69809696302983,95.09907752964014,93.48104215156867,94.69457244873047,17639000
2025-03-06,93.53036595369787,94.90174936513357,92.91866677739662,93.37250518798828,19957800
2025-03-07,92.68188452508241,92.69174517767321,89.54447326880891,90.49161529541016,35913200
2025-03-10,88.55786499449049,89.02157158606457,85.45005078746937,86.64384460449219,35148800
2025-03-11,86.12095118778024,88.15335979506483,85.97295858893938,86.2689437866211,28687600
2025-03-12,86.70303700944069,87.9066989836799,83.74321544415035,84.05892944335938,33301600
2025-03-13,83.80241093181691,84.30557514192294,82.74674161765091,83.36830139160156,31507800
2025-03-14,83.82214822614733,84.22666079805101,82.93420022568922,84.20692443847656,35500600
2025-03-17,83.98986916330423,86.81156638896405,83.84188410342557,86.28866577148438,26297800
2025-03-18,86.26893195442517,86.50571556376478,84.35491166695726,84.4437026977539,17850900
2025-03-19,84.79888966643276,85.62764366608762,84.47331499638369,85.1738052368164,24555900
2025-03-20,84.6607666015625,85.91376203744262,84.3746495927963,84.6607666015625,18185500
2025-03-21,84.36892097402541,85.30877630098225,83.8742626591703,85.06144714355469,26797200
2025-03-24,85.54620589030858,86.71359975676114,85.4274851834555,86.55530548095703,17900700
2025-03-25,85.83310231455728,86.37722186501695,83.71596559208042,83.8544692993164,27908600
2025-03-26,84.27987671968185,84.6459190012852,83.66649776029354,84.2996597290039,27228800
2025-03-27,83.87425427237399,85.19004706981201,83.87425427237399,84.71517181396484,16782800
2025-03-28,84.51731045700225,84.9130385738841,83.79510607760145,84.24030303955078,14790600
2025-03-31,83.85447613231756,87.25772006328759,83.46864326673632,86.85210418701172,30269300
2025-04-01,86.60476984666478,88.1579964951405,86.43658784824248,87.88098907470703,22080300
2025-04-02,87.25770945620596,89.18688109748784,87.17856987516109,88.8010482788086,19384100
2025-04-03,85.35823285421775,88.91977101342542,85.35823285421775,86.32776641845703,33012900
2025-04-04,84.72506918417116,86.45637315578495,81.7670147975078,82.3012466430664,36209000
2025-04-07,79.3827596745658,85.33844966862553,78.95735324641868,82.93441009521484,36884900
2025-04-08,84.93282937727842,86.04086669665251,80.16432362357776,80.91620635986328,34351700
2025-04-09,82.43974269732487,89.8299378857518,82.13304946114322,88.64275360107422,46632800
2025-04-10,87.78206296035233,90.88851639988157,87.21815281490623,89.64197540283203,34735300
2025-04-11,89.71122469637749,92.35269806279848,89.04838442202669,91.80857849121094,25508100
2025-04-14,92.27354779269045,94.42037036104327,91.9075055137407,93.71795654296875,27742900
2025-04-15,93.80698959224246,95.00406164338216,92.86714194276728,92.96607208251953,21871200
2025-04-16,92.99575936527187,93.29255736112418,89.64197673241905,90.21578216552734,22229100
2025-04-17,90.84894116689155,92.86714784727597,90.64118559583693,92.22409057617188,21393900
2025-04-21,92.02622089412044,93.07490155525863,90.36416881106632,91.42274475097656,18361200
2025-04-22,91.88772265093642,94.27197926850968,91.88772265093642,93.83667755126953,15407800
2025-04-23,94.00485218120116,95.56797409050047,93.15404692012105,93.94549560546875,18046900
2025-04-24,93.69816847334637,95.19203856017262,92.65939063645622,94.81609344482422,13444500
2025-04-25,94.77652568075975,95.43936593798604,93.3519074759507,94.07410430908203,15317200
2025-04-28,94.08400756172617,94.97439401519597,93.33212482903093,94.20272827148438,12950000
2025-04-29,93.82677741045438,95.152465504322,93.41126627346495,95.01396179199219,12679000
2025-04-30,94.9150419140134,96.73538092890118,93.9158299830766,96.21104431152344,21639900
2025-05-01,95.98349095089259,96.85409436904074,95.55808452099379,96.36933135986328,13171800
2025-05-02,96.90355864875843,98.159994966624,96.80462849762326,97.69501495361328,16031400
2025-05-05,97.88297363930316,98.67442228400198,97.47735026493507,98.26880645751953,12439100
2025-05-06,97.68511161372636,98.4073159984058,97.35864289670725,97.49714660644531,10626000
2025-05-07,97.49714724180463,98.16988278543901,97.2597058396611,97.77415466308594,11301300
2025-05-08,97.69501195934801,98.26881738538681,96.31986252142202,96.38911437988281,14461100
2025-05-09,95.94779508765443,96.39406087556152,95.49161009646589,95.91804504394531,13697800
2025-05-12,96.86016200674526,97.15767756669761,94.82716423418742,95.94779205322266,26783900
2025-05-13,95.69986101897298,96.51306160788778,94.44039467455829,95.08499908447266,19746700
2025-05-14,95.23376791431582,96.52299201608366,95.03542923687564,96.02713775634766,25620100
2025-05-15,93.51812642975528,95.91805948807118,91.12810501007817,95.5511245727539,44026100
2025-05-16,95.34285165447858,98.36756551297235,95.20401307403642,97.4254379272461,33746200
2025-05-19,95.8486370475278,97.46511933066046,95.0155978948358,97.30644989013672,20041600
2025-05-20,97.74279063299858,98.00063697020651,95.71970431687956,96.98909759521484,15609600
2025-05-21,96.32464028532645,96.94942145932961,95.18418160580889,95.63044738769531,15742300
2025-05-22,95.73954057541935,96.15605633423446,95.02550923680177,95.13459777832031,13712200
2025-05-23,94.54948262346555,95.7395373362771,94.21230537282351,95.54119110107422,13668600
2025-05-27,96.49324262305802,96.98909688614438,95.77921127363199,96.77091979980469,17180900
2025-05-28,96.71140824465456,97.42543956529674,96.25522324894102,96.43373107910156,11220100
2025-05-29,96.82050330934511,96.95934190147965,96.04697184855677,96.2948989868164,14338000
2025-05-30,96.15605725475841,98.10972425103016,95.7990415820318,97.9014663696289,29980100
2025-06-02,98.02046741781018,99.08160280779799,97.23702433775428,98.94275665283203,16999200
2025-06-03,98.74441213059643,100.05346700934983,97.75270365983977,99.15101623535156,15598600
2025-06-04,98.96259164685713,99.29976890349008,98.49648744351775,98.52623748779297,11115600
2025-06-05,98.47665173621324,98.76424052741858,96.80066204093632,97.14775848388672,15817100
2025-06-06,97.55437393552927,97.74279341727464,96.16598043596063,96.66183471679688,15599300
2025-06-09,96.59241740159644,97.03868323704928,95.96763615259923,96.64199829101562,13655700
2025-06-10,96.4833191089576,97.27668135477154,95.68003765980711,96.51306915283203,17162500
2025-06-11,96.48332754763092,96.48332754763092,94.55941050337145,95.00568389892578,16389600
2025-06-12,94.10322415217838,94.47015904123403,92.65533057022212,94.0437240600586,17845700
2025-06-13,93.73629046882627,94.52966034926223,93.23052454703085,93.6569595336914,18694700
2025-06-16,93.96437896494467,94.98583749403473,93.31976693639082,93.50819396972656,14881700
2025-06-17,93.17101316275668,94.03380230577373,92.84375509883732,93.4685287475586,14935600
2025-06-18,93.78586675974314,94.6982367076161,93.30984337999402,94.30155181884766,11333700
2025-06-20,94.45032019799214,95.51144804400974,94.41065094804976,95.32302856445312,20604900
2025-06-23,95.12467378753534,97.11800991317212,94.87674667222204,97.05850982666016,20432400
2025-06-24,96.91967337413475,98.28822835688646,96.44364997318813,97.18743133544922,22403700
2025-06-25,97.49486456608004,97.7427917021477,96.34448658911673,96.45357513427734,11154700
2025-06-26,96.09655475415855,96.532901347329,95.1246770991961,95.22384643554688,19361400
2025-06-27,95.52136563746787,96.9494283467725,95.36269620650938,96.46348571777344,31431900
2025-06-30,96.42382600458443,97.32627685405363,95.51144838492445,96.9692611694336,17803000
2025-07-01,96.79074511204333,98.36756551297235,96.6122372848841,97.4254379272461,15635800
2025-07-02,97.31635189741891,97.56427902118644,96.25522411033933,96.80066680908203,12502000
2025-07-03,96.8899176095376,97.66345659657625,96.61224043958624,97.54444885253906,7686200
2025-07-07,97.4155288154629,98.52623748779297,96.81058602808227,98.52623748779297,12930900
2025-07-08,98.00063215210392,98.34772860851015,95.70978797368745,96.28497314453125,16875000
2025-07-09,96.34447851234752,96.4833170916154,95.58085876023907,96.00729370117188,13702600
2025-07-10,95.85854943666388,95.97754961706202,93.95446332280221,94.07347106933594,18894800
2025-07-11,94.22222949031203,94.73791459646478,93.44869804801509,93.6172866821289,14595000
2025-07-14,93.72637336559339,95.04533993316568,93.59744641701211,94.98583984375,13779100
2025-07-15,94.80733319908656,94.98584103570914,94.15280950889414,94.59907531738281,10450800
2025-07-16,94.62881905019655,95.03542314887797,93.82553762204604,94.3610610961914,11181600
2025-07-17,94.29164018207628,94.83707528376482,94.1032131575309,94.30155181884766,11165100
2025-07-18,94.30156353975377,94.68833683982356,93.64703982314863,94.26190185546875,14636300
2025-07-21,94.4701505946565,95.83870555399997,94.31147360834326,94.87674713134766,13450400
2025-07-22,95.04533287231776,95.86845269005129,94.94616354194702,95.05525207519531,9049100
2025-07-23,95.21393095049245,95.49160810750747,94.49989965180521,94.88666534423828,9729700
2025-07-24,94.77758318058393,96.15605742139216,94.55940609508008,95.79904174804688,14991500
2025-07-25,96.03705348061627,96.84034256054335,95.72962624766127,96.66183471679688,12868500
2025-07-28,96.47340118983641,97.31635189741891,96.27506251727654,96.80066680908203,12293100
2025-07-29,96.9692591237833,97.90146756575162,96.53290494820058,97.51470184326172,14034300
2025-07-30,97.79236959687853,98.06012754582123,96.48331476242936,96.78082275390625,13864100
2025-07-31,96.63207903903215,97.81220701367482,96.50315209120133,97.1676025390625,15651300
2025-08-01,97.18742771189194,98.0105475379773,96.86016210882643,97.6733627319336,16750400
2025-08-04,97.38576989505482,99.08159805728421,97.38576989505482,98.76424407958984,19050200
2025-08-05,98.84359560084236,99.63696551736783,98.08990250289307,98.48657989501953,17977000
2025-08-06,98.63533341765135,102.83026399586876,98.63533341765135,102.50299835205078,23738400
2025-08-07,102.60215373748972,103.03850786988416,101.26334886398438,102.26497650146484,12509500
2025-08-08,102.51291078589333,103.85171575311331,102.29473370442399,102.86992645263672,12394700
2025-08-11,103.03851014975592,103.46494508872189,102.25505956113773,103.0682601928711,12856700
2025-08-12,103.38561502438469,103.44511511546551,102.51291423527786,102.7608413696289,17915300
2025-08-13,101.30302681110327,101.95755049978276,100.01380270890515,100.15264129638672,19398500
2025-08-14,100.38072878929617,100.598905855117,99.88487457284332,100.0137939453125,10858400
2025-08-15,100.02870630226971,100.16786915839475,98.9452229818952,99.40247344970703,13604900
2025-08-18,99.40247519689066,100.27721424845278,99.32295139661947,100.0982894897461,11656100
2025-08-19,100.35673868641003,101.8179562944983,100.19769866866407,100.68476867675781,16999000
2025-08-20,100.54560941556878,102.03664660635683,100.3269227475107,101.95712280273438,18655000
2025-08-21,98.81600475488536,98.85575907142372,96.37069717838837,97.37466430664062,51825100
2025-08-22,97.48400764294207,98.45815524195002,96.18183763772561,96.25141906738281,32695200
2025-08-25,96.42039973199041,96.99693590101701,95.49595642089844,95.49595642089844,18956100
2025-08-26,95.70471094515253,95.89357809268274,94.8498489710158,95.47608947753906,22270400
2025-08-27,95.32698038298965,95.74446898126811,95.02876990775793,95.50590515136719,12925700
2025-08-28,95.42638511494103,95.99297897320868,95.12817462793375,95.53572845458984,19241600
2025-08-29,95.52577372071713,96.45021701023853,95.22757085610789,96.40052032470703,15600300
2025-09-02,96.64903691673777,97.26532745361328,95.93333783047552,97.26532745361328,15351300
2025-09-03,97.26532938059763,98.84583282470703,96.9174222022741,98.84583282470703,18995900
2025-09-04,99.31301763506015,100.74440813568879,99.05456907341325,100.32691955566406,15640900
2025-09-05,100.476032944035,100.87364439797074,98.9551761477529,99.90943908691406,13748500
2025-09-08,100.24739801437539,101.74837756265072,99.81996705362708,101.66885375976562,13685700
2025-09-09,101.39052676683805,101.87759678176177,100.94321865286017,101.67879486083984,11819700
2025-09-10,101.34081176010162,101.83782409356716,99.79013570650716,99.81002044677734,17934900
2025-09-11,100.38655922634148,102.16586447164099,99.68080255091103,102.0366439819336,15900800
2025-09-12,101.92730725012149,103.3587054359578,101.74838247689195,102.87162780761719,11641900
2025-09-15,103.030672668012,103.35870267413554,102.79210883801642,103.0704345703125,10756900
2025-09-16,103.22947105540982,103.58732058003429,102.51377200616088,102.80204010009766,14481900
2025-09-17,103.11019070594264,105.4759668819553,103.11019070594264,103.64695739746094,25382000
2025-09-18,103.1598894226062,104.01475133155566,101.5098122478993,102.98096466064453,14869400
2025-09-19,103.18971171730198,103.31893979450804,101.47998785359044,101.71855926513672,34791600
2025-09-22,101.8378279411811,102.58334646954643,101.310996061212,102.20561981201172,12861900
2025-09-23,101.79808154846353,102.06646490268515,100.72453296396257,101.90741729736328,13158700
2025-09-24,102.42431805698872,102.8517490316646,101.86766658626945,102.11617279052734,11391800
2025-09-25,102.6032399012866,102.8915080000616,101.96706464323395,102.43425750732422,13366700
2025-09-26,102.26526867539806,102.87162440999337,101.85772245105134,102.5436019897461,11859300
2025-09-29,102.43426127919751,102.69270227343031,101.47005598526134,102.46408081054688,15477200
2025-09-30,102.3845519192673,103.31893763544589,102.10622619542018,102.4441909790039,13873400
2025-10-01,101.94717473983147,102.24538519486353,99.94919047606005,101.35076141357422,16142800
2025-10-02,100.84380948231546,101.52968899770869,99.27325611564885,101.09231567382812,15605400
2025-10-03,100.85375777578867,102.20563214370705,100.59530919797285,101.46011352539062,11867500
2025-10-06,101.27124184177875,102.45413375662827,100.97303895810563,102.08634185791016,13303600
2025-10-07,101.76825362724571,102.63305791075632,100.34679789713913,102.62311553955078,15538900
2025-10-08,102.40442673735248,102.64299813846051,101.53963005570866,102.28514862060547,13584100
2025-10-09,102.5137700224172,102.83185763994952,99.77026716512864,101.16189575195312,19508000
2025-10-10,101.44023534424973,103.01078878732672,100.91339582221318,101.23148345947266,18519400
2025-10-13,100.76428525668328,101.83782615500704,100.46607481704491,101.50980377197266,10871200
2025-10-14,103.42828257550876,107.27515366447165,102.27521017729275,106.56939697265625,30859500
2025-10-15,106.67873574044658,108.90534905434654,106.65885858234518,108.3785171508789,21416300
2025-10-16,108.54750767858532,108.92524196510313,105.02866647760278,105.83382415771484,16366200
2025-10-17,106.52962944140913,107.55347370900562,105.58530897303353,107.08628845214844,13735600
2025-10-20,107.20556987961658,107.60318130419952,105.97298128883585,106.41035461425781,10581200
2025-10-21,106.68867998694448,106.8377852186507,105.54554998893964,105.58531188964844,10899700
2025-10-22,105.91334590039507,107.12604979088455,105.02866443153405,106.49981689453125,12296500
2025-10-23,106.70855897299913,106.92724563873942,105.14794036653377,106.22148895263672,11408200
2025-10-24,106.43023018025087,106.52963113895748,104.8795539897681,105.53560638427734,10318000
2025-10-27,105.70459330690466,105.72447804978319,103.5276841577603,103.84577178955078,16375900
2025-10-28,103.43820921999968,103.51773301716254,102.43424972009366,102.55352783203125,13323000
2025-10-29,102.29509402278956,103.05054739726272,101.49987116314627,101.8477783203125,11986400
2025-10-30,101.58932877020013,102.75234351833933,101.3507649481388,101.61915588378906,14065100
2025-10-31,101.09232139445147,101.48993284013324,99.58140700142984,100.57543182373047,20237000
2025-11-03,100.21757546714976,101.19172306364686,99.80008689028257,100.98297119140625,14811700
2025-11-04,101.51974979380726,102.00682740470911,100.85375499988925,101.6589126586914,12636400
2025-11-05,101.13207658463627,102.0664622823963,100.24739515821511,100.86369323730469,13356800
2025-11-06,100.7344687283911,101.3209472989443,99.43229867837017,101.07244110107422,14866000
2025-11-07,101.51973929678113,102.35472398355685,101.12213548611386,101.97698974609375,17248700
2025-11-10,101.53963817745549,102.05652775358611,100.99292148594535,101.80802154541016,14507600
2025-11-11,101.88753661283214,103.12012517619459,101.70861185494026,102.8219223022461,13182100
2025-11-12,102.73245613139667,102.98096231825724,102.04658421265025,102.8219223022461,12084400
2025-11-13,102.97102865166431,103.3090010379438,101.41040996961001,101.92730712890625,18088500
2025-11-14,99.60128516379358,101.87760293983706,98.2891726884986,101.86766815185547,23424200
2025-11-17,101.96706978923936,102.70264604652144,101.48993452971649,102.33485412597656,15289400
2025-11-18,102.36467540534484,102.7225173498255,100.77422968681769,100.78417205810547,17604500
2025-11-19,100.97304009963942,101.10226059231125,99.08439147979567,100.00883483886719,22157000
2025-11-20,103.31894429796965,107.26522412623814,102.0664708760847,106.47000122070312,50375900
2025-11-21,107.33479863084554,107.50378102262268,104.09427573817834,104.69068908691406,41420800
2025-11-24,104.73045242289056,105.63501103770798,103.14001427653606,103.43821716308594,42519200
2025-11-25,103.9849305439068,106.77813768714435,103.60720386602709,106.36064910888672,20212900
2025-11-26,106.5594562095306,108.93517489005453,106.52963667874863,108.44810485839844,17783300
2025-11-28,108.64690899341848,110.0385375864264,108.34869853274132,109.84967803955078,9846500
2025-12-01,109.84967689153316,111.09220782502412,109.70057166275286,110.86357879638672,17236800
2025-12-02,110.80394132419111,111.97689084554575,110.12800418334595,111.73832702636719,18711800
2025-12-03,111.82778091121682,114.20349938342612,111.54945520324686,113.72637176513672,24478300
2025-12-04,112.94110466350881,114.20351286910255,112.48385414873441,114.15380859375,25905100
2025-12-05,114.04446113620267,115.57525255371876,113.99475686595049,114.42218780517578,23956400
2025-12-08,113.8854139473842,114.3029025172968,111.62898112864107,112.8814468383789,22700700
2025-12-09,113.26912180541503,115.02854993093351,112.34467844721226,114.37248992919922,24326700
2025-12-10,114.66074728761522,115.53549387465283,112.31484839587966,112.50371551513672,22859600
2025-12-11,112.46395864762513,115.17764952881979,112.17569056253069,114.8297348022461,21586600
2025-12-12,114.80484269959511,116.48816375599088,114.56578498330971,116.23915100097656,19092400
2025-12-15,116.46824291780027,116.98618609049363,115.18333622489253,116.32879638671875,18713700
2025-12-16,116.11963337733977,116.4184441331518,114.49606530028865,114.9642105102539,19642300
2025-12-17,114.74507978071276,115.93038298119593,114.61559587784929,115.2032699584961,16177800
2025-12-18,114.55583062634328,116.02002685042402,114.15740869609598,114.37654113769531,21476700
2025-12-19,114.68532011149536,114.82476665398586,113.08167727358796,113.90840148925781,50043800
2025-12-22,113.559777672495,113.86855105354326,111.77684545433789,112.15534210205078,21473900
2025-12-23,111.54775097908545,111.90632995222431,110.26284425854885,110.4620590209961,20319900
2025-12-24,110.46206278523768,111.26886170266053,110.11344643815782,111.16925811767578,9009600
2025-12-26,111.27882652397903,111.52783929095921,110.92024753158627,111.29874420166016,9003800
2025-12-29,111.14933426558214,112.3346374601106,111.12941658803649,112.08562469482422,12979600
2025-12-30,111.44815465664773,112.24499855980663,111.39834906297531,111.47803497314453,11730600
2025-12-31,111.2887906685423,111.80673388719316,110.88040607752015,110.97005462646484,11487400
2026-01-02,110.98997041428227,112.34460046985909,110.68119701607182,112.3147201538086,14306600
2026-01-05,112.37448169222175,113.28089181581844,111.70712929749008,112.2649154663086,19557600
2026-01-06,111.95613963952309,114.33670104320107,111.54775506101163,113.88847351074219,20120800
2026-01-07,113.73907576559682,114.27694426311413,111.65732504746875,112.2748794555664,23306000
2026-01-08,110.85051976674569,113.02191131075173,109.37636090231058,112.62348937988281,24058300
2026-01-09,111.81669567753553,115.00405607413008,111.81669567753553,114.07772827148438,21902900
2026-01-12,117.03599755512734,118.37070230512944,115.95030556588084,117.50414276123047,49182100
2026-01-13,117.42445728858974,120.03411376670338,117.26509307273483,119.88470458984375,31222100
2026-01-14,119.71538055488978,120.76122961900302,118.55995766585049,119.56597137451172,32764000
2026-01-15,119.50620474356865,120.39268954357787,118.26114096835724,118.72927856445312,34559400
2026-01-16,118.2013712294854,120.12374997782183,116.43836428998766,119.22730255126953,415144600
2026-01-20,120.41261014762198,121.1397307536994,117.14556393792557,118.24121856689453,45334000
2026-01-21,117.61370491177271,120.01418389072646,117.08579909313113,118.8886489868164,34811700
2026-01-22,118.81892625508576,119.04801373249136,117.185403201674,117.36469268798828,24547300
2026-01-23,117.70334822747184,118.14161311182713,116.6774168838822,117.26509094238281,20806900
2026-01-26,117.34477241224526,118.380666421838,116.92643279277506,117.17544555664062,19552200
2026-01-27,117.03599659697956,117.1654804957765,115.02397685022356,116.47821044921875,22968600
2026-01-28,116.1793881831122,116.99614970020349,115.41243225579208,116.10966491699219,16342000
2026-01-29,115.99014202925233,117.19537049018723,115.61164536502085,116.94635772705078,16381100
2026-01-30,116.44832800552413,118.93845554717745,116.13954702285811,118.66951751708984,22215400
2026-02-02,119.02810087602128,123.70953778708709,118.57988094171775,123.5700912475586,31210100
2026-02-03,123.16171594715138,127.663863426049,123.16171594715138,127.20568084716797,32018700
2026-02-04,127.6240212194025,128.89896530076112,126.58811965421592,127.4945297241211,27531800
2026-02-05,128.07225151910504,129.08822789080259,126.0602240531838,126.43872833251953,30517800
2026-02-06,126.7873415914411,131.17992285780286,126.54829146247491,130.66197204589844,26593400
2026-02-09,130.90102979422613,131.2695638265917,127.58417790733635,128.51051330566406,27197300
2026-02-10,128.43082101222566,128.829235341004,125.89088787029975,126.19966125488281,24662000
2026-02-11,126.19965702951212,129.22766054156153,126.12993376438375,128.26148986816406,19232100
2026-02-12,128.86908699895253,133.95890836521818,128.79935613162505,133.1122589111328,33382700
2026-02-13,132.17596397423097,134.118260374443,131.22971856884888,133.36126708984375,24131200
2026-02-17,132.58434284935956,134.15810517758902,127.65389367589613,128.34117126464844,37995900
2026-02-18,127.62401899026196,128.36108700029487,125.27333043232424,126.11997985839844,36485000
2026-02-19,127.9925545127162,129.5862422047388,123.90874690025707,124.37689208984375,42993300
2026-02-20,122.51428087573963,122.99238873015149,120.57198434058695,122.50431823730469,35151000
2026-02-23,123.0322212206814,126.29927501801508,122.47443506957713,125.31317901611328,25662800
2026-02-24,125.40283167911777,127.53437276929525,124.41674324410326,126.24947357177734,20161200
2026-02-25,126.11002246896268,126.89690370051927,124.92471930254288,125.25341796875,17345700
2026-02-26,125.48250990825551,126.8271772553826,123.45056493068441,123.92866516113281,18638300
2026-02-27,125.02432075277177,128.09216731908256,124.65578673870745,127.4447250366211,29205500
2026-03-02,126.9566701232984,128.24157693224024,126.54829313089985,126.59809112548828,17091500
2026-03-03,126.02037403309,127.86306693425331,125.17373217031401,127.40489196777344,16480400
2026-03-04,126.60804989570529,127.66386157962746,125.74148274426365,127.30528259277344,16434100
2026-03-05,124.88487680384983,125.18369515590186,121.16961067594359,122.82305145263672,28604900
2026-03-06,122.01624971636278,123.69957836870472,121.139727556177,123.31111907958984,21553000
2026-03-09,123.20155666231803,124.01831821839308,122.01625348243766,123.84898376464844,19375900
2026-03-10,123.7194978109023,125.60203365402064,122.86289331517725,124.62590789794922,18793600
2026-03-11,124.81515483391257,124.99444432715642,122.56408492895451,123.0023422241211,18176500
2026-03-12,121.81704946755148,124.89484364052527,121.79712419046949,124.8350830078125,21751600
2026-03-13,124.89483557746023,126.18970493059696,124.47649597694509,126.02037048339844,15194100
2026-03-16,126.25943335245626,126.47856579955872,124.33705452005711,125.49246978759766,20463200
2026-03-17,126.14986704476209,126.68773552385488,124.36693475275074,124.58606719970703,19895000
2026-03-18,123.83902464214266,124.1179177107379,121.34889710216198,121.49830627441406,19734900
2026-03-19,121.91664843204333,122.26526477509258,118.79900382312763,120.61181640625,17927700
2026-03-20,120.40022309052897,121.0689526721321,117.79519396918542,118.79328918457031,57545600
2026-03-23,120.25051817287543,120.89927398864255,118.82324167143548,120.49005889892578,22181500
2026-03-24,120.40022673495365,123.87360154016888,120.26049400975914,121.8175277709961,17269600
2026-03-25,122.57606824271039,123.25477327869513,121.54803141207071,122.82559204101562,16597300
2026-03-26,123.37454971153619,123.56419023849065,121.55801673107064,121.94727325439453,16442500
2026-03-27,121.797559430932,124.03329060905865,121.58796034687597,122.65592193603516,16543300
2026-03-30,123.47435432392255,125.02140490538139,122.90544037352153,123.26475524902344,20428900
2026-03-31,123.19489450352893,124.76190370952608,122.60601435829157,124.04327392578125,21330400
2026-04-01,123.5641913010441,124.99146777045921,122.89546171624545,124.50239562988281,17039700
2026-04-02,124.91161944284859,125.66019086466167,123.91352421376449,125.55039978027344,11898400
2026-04-06,125.57035577652285,126.73813295805967,125.13119906277755,126.54849243164062,10850400
2026-04-07,125.94964029245568,126.11931465504222,121.55801973021642,122.25668334960938,16076000
2026-04-08,122.04708342071828,127.05752573613917,121.09889599882592,127.0176010131836,20194300
2026-04-09,126.84791054304318,129.44296405735184,126.57842819971576,128.884033203125,13853100
2026-04-10,128.47481653280053,128.68440799806444,125.97957851006859,126.52852630615234,13894000
2026-04-13,126.04944284595747,126.05942593004949,123.71389613445722,124.33271789550781,14510600
2026-04-14,122.9154308672155,124.96152154925787,122.31657524356561,124.81181335449219,15320800
2026-04-15,124.39260450328428,124.83176883675557,122.94536948050799,124.5223617553711,17001400
2026-04-16,124.09318034812574,125.70011425915739,123.73386546026387,124.58224487304688,18324500
2026-04-17,124.33272180114233,127.32700747439601,123.13501057778576,127.25714111328125,24763700
2026-04-20,127.62643800392097,129.22338882645656,127.0774825892077,127.67633819580078,18933600
2026-04-21,127.5865165719599,129.52282377758172,127.23718476034317,129.3531494140625,17312400
2026-04-22,129.7523727840388,130.2015125669619,128.5945787256014,129.73240661621094,17624500
2026-04-23,130.32129300569852,132.20769225837955,130.24144356493085,131.77850341796875,16376000
2026-04-24,131.68868776733035,131.86833759939617,129.033750786599,129.6725311279297,16016300
2026-04-27,129.37309399779951,129.5627345211589,127.1573290666003,127.34696197509766,17029500
2026-04-28,129.0936285622354,129.52281741453146,126.53850730580689,127.34696197509766,16341800
2026-04-29,126.43870579994015,127.83604066435157,125.6701758126882,127.76616668701172,16538800
2026-04-30,127.77615492489326,132.17774329103938,127.70628094889952,131.67869567871094,19867700
2026-05-01,131.6687172620817,133.11595225949642,130.73050533514794,131.34933471679688,10480900
2026-05-04,130.1616060398744,131.49905002829192,129.43298553731375,130.08175659179688,10340700
2026-05-05,130.26139760263393,131.47907495130153,130.0518061416393,130.54086303710938,10637300
2026-05-06,130.6107426768886,130.9001835931079,129.28327419067853,129.8322296142578,16371500
2026-05-07,129.6525642347807,130.35124307928913,128.42491136668013,129.95199584960938,14935400
2026-05-08,130.32000732421875,131.41000366210938,130.25,130.42999267578125,15181600
